t,vx,vy,speed,yaw,yaw_rate,steering_angle,ax,ay,pos_x,pos_y,sideslip,alpha_f,alpha_r,fy_f,fy_r,f_long,throttle,brake,steer_cmd
0.0,19.611562724006273,-0.011193240044899909,19.611565918259945,-0.00013798372836415073,-0.008279023701849044,-0.057999999999999996,1.0413224126766312,-0.6715944026939945,54.66177618695953,-0.00023165527455769555,-0.0005707469102292122,0.05690241010959701,0.0,-792.1667439429117,-0.0,0.0,0.4444444444444444,0.0,0.1
0.016666666666666666,19.628912437907942,-0.01947097868120397,19.628922095063395,-0.00041136951762585876,-0.01640314735570248,-0.057999999999999996,1.0409828341001648,-0.49666431817824375,54.988924566414376,-0.0006907504920090013,-0.0009919536987337333,0.055965141900819707,0.00013786176565421684,-779.2611732864603,-2.2057881384238334,0.0,0.4444444444444444,0.0,0.1
0.03333333333333333,19.64625695920361,-0.024940221455461507,19.646272789557372,-0.000817542333578634,-0.024370368957166516,-0.057999999999999996,1.040671277739873,-0.3281545664554522,55.316361733147396,-0.001374114793543284,-0.0012694635985816278,0.0551824508072833,0.00040763576225609537,-768.4786255886655,-6.522169299605653,0.0,0.4444444444444444,0.0,0.1
0.05,19.663595609340945,-0.027706398389978796,19.663615128765215,-0.0013538585453656748,-0.03217897270722244,-0.057999999999999996,1.0403190082401716,-0.1659706160710373,55.644087401110475,-0.0022795829904379353,-0.0014090190118293813,0.05454867358888978,0.0008034934009019032,-759.7439979093482,-12.855872232376608,0.0,0.4444444444444444,0.0,0.1
0.06666666666666667,19.680926665046286,-0.02787330354561019,19.680946402954824,-0.002017650388552919,-0.039827510591234655,-0.057999999999999996,1.0398633423204358,-0.01001430933788372,55.9721012405579,-0.0034059571437948023,-0.0014162587658600272,0.05405823260799645,0.001319728290064361,-752.9826507984176,-21.115554351588774,0.0,0.4444444444444444,0.0,0.1
0.08333333333333333,19.698247455996988,-0.025543043338686615,19.698264017033452,-0.002806230149691956,-0.04731478566834221,-0.057999999999999996,1.0392474570421115,0.13981561241541463,56.300402877480344,-0.004752968579121749,-0.0012967158159175231,0.053705639497132175,0.0019507572045308894,-748.1205563848404,-31.21179783364955,0.0,0.4444444444444444,0.0,0.1
0.1,19.71555445910171,-0.020815992511609437,19.715565448024805,-0.0037168940984092886,-0.05463983692303996,-0.057999999999999996,1.0384201862833742,0.2836230496246307,56.62899189248751,-0.006321240379219308,-0.0010558153370701085,0.053485498290044925,0.0026911208120603673,-745.0844255108225,-43.05709960886777,0.0,0.4444444444444444,0.0,0.1
0.11666666666666667,19.73284338923294,-0.013790756786722445,19.732848208228,-0.004746926190608755,-0.06180192553196794,-0.057999999999999996,1.0373358078736743,0.4215141434932196,56.95786781920535,-0.00811225039134328,-0.0006988731562630798,0.053392508080069345,0.0035354841912512806,-743.801816582636,-56.565857394229745,0.0,0.4444444444444444,0.0,0.1
0.13333333333333333,19.750109286291657,-0.004564141353243909,19.7501098136656,-0.005893601563983228,-0.06880052240246842,-0.057999999999999996,1.0359538235229453,0.5535969260087122,57.287030142250934,-0.010128294778353798,-0.00023109448184993213,0.05342146526252826,0.004478637168115436,-744.2012285439847,-71.65435350316308,0.0,0.4444444444444444,0.0,0.1
0.15,19.767346598515058,0.006768875552806098,19.7673477574383,-0.007154189844730192,-0.07563529684481783,-0.057999999999999996,1.0342387334040462,0.6799810143630004,57.616478294844946,-0.012372452138374969,0.00034242710596019474,0.05356726541115239,0.005515494493651074,-746.2121801221361,-88.24073781026725,0.0,0.4444444444444444,0.0,0.1
0.16666666666666666,19.784549261965196,0.02011516461551795,19.78455948761496,-0.008525958282176147,-0.08230610624675727,-0.057999999999999996,1.032159807008296,0.8007773437627111,57.946211656118614,-0.014848548213233004,0.001016710434903458,0.053824904832328234,0.006641095880242876,-749.7652772542751,-106.2450109351935,0.0,0.4444444444444444,0.0,0.1
0.18333333333333332,19.801710776160007,0.03538346350213049,19.801742389299502,-0.010006174725953883,-0.08881298662666418,-0.057999999999999996,1.0296908516886214,0.9160979331967521,58.276229548169006,-0.017561121202482554,0.001786887317095847,0.05418948183536166,0.007850605910920355,-754.792270373676,-125.58900843720004,0.0,0.4444444444444444,0.0,0.1
0.2,19.818824275828824,0.05248439149026171,19.818893770529474,-0.011592110458455948,-0.09515614395012383,-0.057999999999999996,1.0268099801289623,1.0260556792878737,58.60653123291328,-0.020515387697050365,0.0026482029442872813,0.0546561977518631,0.009139313832318278,-761.2261030236398,-146.19638657688117,0.0,0.4444444444444444,0.0,0.1
0.21666666666666667,19.83588259879263,0.07133046105507758,19.836010851674754,-0.013281042893514637,-0.10133594610352133,-0.057999999999999996,1.023499377828365,1.1307641738889522,58.93711590878962,-0.023717209244313007,0.0035960161204623095,0.055220357732798556,0.010502633239543467,-769.0009530723141,-167.99261000083288,0.0,0.4444444444444444,0.0,0.1
0.23333333333333334,19.852878349985296,0.09183608674823268,19.853090758019118,-0.015070258150637493,-0.10735291542737141,-0.057999999999999996,1.0197450715600023,1.230337541589306,59.26798270734945,-0.027173059554683267,0.004625799347154692,0.0558773713476858,0.011936101659004312,-778.0522676237503,-190.9049415354319,0.0,0.4444444444444444,0.0,0.1
0.25,19.86980396164623,0.11391759164439116,19.870130515221543,-0.016957053512658582,-0.11320772172126534,-0.057999999999999996,1.015536699655987,1.3248902937695086,59.599130689782385,-0.030889992358420427,0.005733138774141209,0.056622753006818856,0.01343538003354842,-788.3167925596023,-214.86243413452678,0.0,0.4444444444444444,0.0,0.1
0.26666666666666666,19.886651749727484,0.1374932115824515,19.887127047368367,-0.018938739773348555,-0.11890117564139835,-0.057999999999999996,1.0108672848751592,1.4145371962836208,59.93055884341271,-0.03487560992032546,0.0069137340258950035,0.05745212222424522,0.014996252112928784,-799.7325975013638,-239.79592490992465,0.0,0.4444444444444444,0.0,0.1
0.2833333333333333,19.90341396656966,0.16248309738670078,19.904077177341744,-0.021012643480357442,-0.12443422242053331,-0.057999999999999996,1.005733010530439,1.4993931482549554,60.26226607820288,-0.03913803221916562,0.008163397912270729,0.05836120373646938,0.016614623751631905,-812.2390968542422,-265.6380310805512,0.0,0.4444444444444444,0.0,0.1
0.3,19.920082849911033,0.18880931521745678,19.920977629243815,-0.02317610907783849,-0.12980793584886288,-0.057999999999999996,1.0001330004823645,1.5795730698453598,60.594251223296894,-0.0436858667980346,0.009478056030324084,0.05934582748947947,0.01828652211540725,-825.777067479968,-292.3231476036728,0.0,0.4444444444444444,0.0,0.1
0.31666666666666665,19.936650668303432,0.21639584517077495,19.937825032630087,-0.02542650095221313,-0.13502351246247832,-0.057999999999999996,0.9940691035440641,1.65519179719909,60.926513023633596,-0.04852817929134409,0.010853746262900168,0.06040192850466092,0.020008094797394814,-840.2886634460889,-319.7874461973784,0.0,0.4444444444444444,0.0,0.1
0.3333333333333333,19.95310976301657,0.24516857822196242,19.954615928319306,-0.027761205383779457,-0.14008226589397957,-0.057999999999999996,0.9875456827882942,1.7263639830712485,61.259050136656995,-0.053674464633717035,0.012286618178623223,0.061525546632439275,0.02177560884451764,-855.7174282126863,-347.96887542554094,0.0,0.4444444444444444,0.0,0.1
0.35,19.969452586519868,0.27505531158744007,19.97134677556067,-0.030177632406231482,-0.14498562134712142,-0.057999999999999996,0.9805694101978325,1.7932040019286601,61.59186112914827,-0.05913461895567586,0.01377293233715179,0.0627128262010546,0.02358544969475355,-872.008304543001,-376.80716149277146,0.0,0.4444444444444444,0.0,0.1
0.36666666666666664,19.985671737637453,0.30598574256342326,19.988013960352653,-0.03267321757563568,-0.14973511016425198,-0.057999999999999996,0.9731490670551906,1.8558258585589933,61.92494447420142,-0.06491891217066167,0.015309059502996889,0.0639600155666818,0.02543412002599216,-889.1076423611531,-406.2438093856072,0.0,0.4444444444444444,0.0,0.1
0.3833333333333333,20.001759993477876,0.3378914608874807,20.004613804720968,-0.03524542364999629,-0.1543323644616363,-0.057999999999999996,0.9652953504252515,1.9143430994434465,62.2582985483619,-0.07103796125755826,0.016891479770807717,0.06526346657014799,0.027318238517390417,-906.9632047270541,-436.2221039956497,0.0,0.4444444444444444,0.0,0.1
0.4,20.01771033824528,0.3707059396598255,20.021142576775958,-0.03789174218022224,-0.15877911181355692,-0.057999999999999996,0.9570206860442876,1.96886872634069,62.5919216289454,-0.07750270424250971,0.018516781604782775,0.06661963390473213,0.02923453852443502,-925.5241720547155,-466.6871108689597,0.0,0.4444444444444444,0.0,0.1
0.4166666666666667,20.03351598904345,0.40436452485477065,20.03759650138261,-0.04060969501307783,-0.1630771699713354,-0.057999999999999996,0.9483390478902192,2.019515111696707,62.92581189155134,-0.08432437488339883,0.020181660794739417,0.06802507439893889,0.03117986666927956,-944.7411446645806,-497.58567624226316,0.0,0.4444444444444444,0.0,0.1
0.43333333333333335,20.049170418787977,0.4388044234487415,20.053971771288627,-0.043396835706546615,-0.16722844160812686,-0.057999999999999996,0.9392657846715234,2.0663939156382507,63.25996740778358,-0.0915144780598855,0.02188291933134943,0.06947644621769627,0.03315118134832687,-964.5661437323212,-528.8664260490037,0.0,0.4444444444444444,0.0,0.1
0.45,20.064667376345238,0.47396469018921594,20.070264558568205,-0.046250750857955054,-0.17123490908450634,-0.057999999999999996,0.9298174534355714,2.109616004428468,63.59438614318865,-0.09908476587138297,0.02361746420310167,0.07097050798511007,0.035145551159453524,-984.95261067487,-560.4797636057161,0.0,0.4444444444444444,0.0,0.1
0.4666666666666667,20.08000090401959,0.5097862130286095,20.08647102625102,-0.04916906134518017,-0.17509862923350672,-0.057999999999999996,0.9200116604612084,2.1492913703636134,63.929065955419766,-0.10704721444477508,0.025382306117666658,0.07250411783170158,0.037160153251708,-1005.8554049985487,-592.3778657204068,0.0,0.4444444444444444,0.0,0.1
0.48333333333333334,20.095165352512343,0.5462116972481305,20.102587340017283,-0.05214942348129513,-0.17882172816689756,-0.057999999999999996,0.909866909565009,2.1855290531712566,64.26400459263294,-0.11541400145304472,0.027174558150496318,0.07407423236893637,0.03919227160074263,-1027.2308006231665,-624.5146769985106,0.0,0.4444444444444444,0.0,0.1
0.5,20.11015539347761,0.5831856482987098,20.118609679851094,-0.055189530083080696,-0.182406396107134,-0.057999999999999996,0.8994024579158644,2.218437063034761,64.5991996921198,-0.12419748434529974,0.028991434323679725,0.07567790559380709,0.04123929521365031,-1049.0364806892412,-656.8459021575791,0.0,0.4444444444444444,0.0,0.1
0.5166666666666666,20.12496602980125,0.6206543533890044,20.13453425155484,-0.05828711145394036,-0.18585488225157976,-0.057999999999999996,0.8886381794184515,2.2481223054176778,64.93464877917982,-0.13341017928794735,0.030830248118280737,0.07731228772624574,0.043298716267260326,-1071.2315308523446,-689.3289961982435,0.0,0.4444444444444444,0.0,0.1
0.5333333333333333,20.139592603729465,0.6585658618539494,20.150357298038017,-0.06143993628189614,-0.1891694896773467,-0.057999999999999996,0.8775944356928431,2.2746905078967004,65.27034926623335,-0.14306474081598897,0.0326884109235944,0.07897462398219701,0.045368128184296266,-1093.7764310683758,-721.9231523154175,0.0,0.4444444444444444,0.0,0.1
0.55,20.15403080297355,0.6968699643411925,20.16607511030363,-0.06464581245350318,-0.1923525702964225,-0.057999999999999996,0.8662919546451759,2.298246149234586,65.60629845217501,-0.15317394219259078,0.03456343042696724,0.08066225328527374,0.0474452236521066,-1116.6330458757895,-754.5892874694732,0.0,0.4444444444444444,0.0,0.1
0.5666666666666667,20.16827666491677,0.7355181708567989,20.181684038064983,-0.06790258778469842,-0.19540651987171445,-0.057999999999999996,0.8547517165930962,2.3188923909363837,65.94249352196597,-0.16375065647423798,0.03645290894802356,0.08237260692002432,0.0495277925889409,-1139.7646131848903,-787.2900255716468,0.0,0.4444444444444444,0.0,0.1
0.5833333333333334,20.1823265790481,0.7744636877157167,20.197180499934678,-0.0712081506697859,-0.1983337731052492,-0.057999999999999996,0.8429948478798295,2.3367310115350683,66.27893154646222,-0.17480783827791016,0.0383545417213208,0.08410320712996555,0.051613720062959514,-1163.135731589848,-819.9896782707339,0.0,0.4444444444444444,0.0,0.1
0.6,20.196177287746142,0.8136613934465066,20.212560993136382,-0.0745604306499538,-0.20113679881007324,-0.057999999999999996,0.8310425218823693,2.351862343847393,66.6156094824747,-0.1863585062458314,0.04026611513161498,0.08585166566365933,0.053700984169329606,-1186.712346225608,-852.6542233588073,0.0,0.4444444444444444,0.0,0.1
0.6166666666666667,20.20982588553435,0.8530678137036571,20.227822102697843,-0.07795739890291095,-0.2038180951774289,-0.057999999999999996,0.818915867292569,2.364385215429034,66.95252417305646,-0.19841572620245682,0.04218550490605048,0.08761568227223698,0.055787653870876225,-1210.4617331990878,-885.2512808419193,0.0,0.4444444444444444,0.0,0.1
0.6333333333333333,20.223269816926436,0.8926410952443382,20.24296051009157,-0.08139706865542046,-0.2063801851505705,-0.057999999999999996,0.80663588352512,2.3743968924408625,67.28967234801068,-0.21099259499746925,0.04411067426769315,0.0893930431618897,0.05787188680782386,-1234.3524826315715,-917.7500867473249,0.0,0.4444444444444444,0.0,0.1
0.65,20.236506872977827,0.9323409790296175,20.25797300129647,-0.08487749552068992,-0.20882561191616772,-0.057999999999999996,0.7942233630834916,2.381993027116759,67.62705062461283,-0.22410222502767926,0.0460396720549003,0.09118161940494812,0.05995192708218375,-1258.3544803567959,-950.1214647614988,0.0,0.4444444444444444,0.0,0.1
0.6666666666666666,20.249535186656065,0.9721287725129293,20.272856474260593,-0.08839677776275076,-0.21115693452365072,-0.057999999999999996,0.7816988206941642,2.3872676089987044,67.96465550853956,-0.2377577294298602,0.04797063081106581,0.09297936531326056,0.062026103022315954,-1282.4388883266663,-982.3377958130449,0.0,0.4444444444444444,0.0,0.1
0.6833333333333333,20.26235322713941,1.011967321180895,20.287607945751144,-0.09195305649011933,-0.21337672364211382,-0.057999999999999996,0.7690824290008491,2.3903129200779443,68.30248339499599,-0.2519722079357111,0.0499017648492915,0.09478431677764898,0.06409282493312855,-1306.5781237835888,-1014.3729857314947,0.0,0.4444444444444444,0.0,0.1
0.7,20.27495979314931,1.0518209794134377,20.302224557583717,-0.09554451578117835,-0.21548755746354203,-0.057999999999999996,0.7563939605940218,2.391219493952562,68.64053057003294,-0.266758733379333,0.05183136829651986,0.09659458957726963,0.0661505828372687,-1330.7458372649603,-1046.2024311269554,0.0,0.4444444444444444,0.0,0.1
0.7166666666666667,20.28735400541826,1.0916555807314832,20.316703582227664,-0.09916938274384808,-0.2174920177601837,-0.057999999999999996,0.7436527361369445,2.3900760790827302,68.97879321204493,-0.28213033884683114,0.05375781312161759,0.09840837766273208,0.06819794421251948,-1354.9168895112675,-1077.802983646728,0.0,0.4444444444444444,0.0,0.1
0.7333333333333333,20.29953529839055,1.1314384075014103,20.331042427789413,-0.10282592751222953,-0.2193926861028876,-0.057999999999999996,0.730877578337487,2.3869696061956294,69.31726739343954,-0.2981000054569276,0.05567954715182605,0.10022395141683502,0.07023355173044234,-1379.0673273544373,-1109.1529127734095,0.0,0.4444444444444444,0.0,0.1
0.75,20.31150341124897,1.1711381601658002,20.345238642379577,-0.10651246318299917,-0.22119214024617806,-0.057999999999999996,0.7180867715053689,2.3819851598633917,69.65594908246827,-0.31468065076078017,0.05759509208189711,0.10203965589675992,0.07225612100110505,-1403.1743586674786,-1140.23186733485,0.0,0.4444444444444444,0.0,0.1
0.7666666666666666,20.323258378356087,1.2107249260699595,20.35928991787356,-0.11022734569441212,-0.22289295068477694,-0.057999999999999996,0.705298026426975,2.375205954249562,69.99483414520932,-0.33188511774857016,0.05950304148011058,0.10385390906152428,0.07426443832851028,-1427.2163264600176,-1171.020835899755,0.0,0.4444444444444444,0.0,0.1
0.7833333333333333,20.33480051919416,1.2501701479531802,20.37319409307859,-0.11396897365083236,-0.22449767738521437,-0.057999999999999996,0.6925284502844877,2.3667133129932334,70.33391834769188,-0.3497261644498367,0.06140205879522722,0.1056651999884366,0.07625735848109673,-1451.1726822070762,-1201.5021062339424,0.0,0.4444444444444444,0.0,0.1
0.8,20.346130427883207,1.2894465921727656,20.386949156323045,-0.11773578809575101,-0.22600886669511897,-0.057999999999999996,0.6797945213426924,2.3565866531751296,70.67319735815204,-0.36821645411400405,0.06329087536827004,0.10747208708221619,0.07823380248142485,-1475.0239585003098,-1231.6592239914582,0.0,0.4444444444444444,0.0,0.1
0.8166666666666667,20.357248962351964,1.3285283167275501,20.40055324748638,-0.12152627223628025,-0.22742904843175393,-0.057999999999999996,0.6671120681253155,2.344903473287071,71.01266674941027,-0.38736854595707626,0.06516828845285035,0.10927319628034361,0.08019275541888823,-1498.7517411120198,-1261.4769508121603,0.0,0.4444444444444444,0.0,0.1
0.8333333333333334,20.368157233232015,1.3673906391459725,20.414004659490153,-0.12533895112211996,-0.22876073315038212,-0.057999999999999996,0.6544962528030387,2.3317393451053414,71.3523220013602,-0.40719488646005286,0.06703315924756406,0.11106721925809358,0.0821332642890117,-1522.3386405625076,-1290.9412219931858,0.0,0.4444444444444444,0.0,0.1
0.85,20.378856592540636,1.4060101043018027,20.427301839272257,-0.12917239128198843,-0.2300064095921088,-0.057999999999999996,0.6419615585172367,2.317167909349821,71.69215850355896,-0.4277078012042613,0.06888441094378372,0.11285291163657414,0.08405443586261176,-1545.768263280902,-1320.0391038961604,0.0,0.4444444444444444,0.0,0.1
0.8666666666666667,20.38934862221342,1.4443644522183738,20.440443388267983,-0.13302520032048798,-0.23116854230997377,-0.057999999999999996,0.6295217803669274,2.3012608749942642,72.0321715579091,-0.44891948722849484,0.07072102679196177,0.11462909119695469,0.08595543458780792,-1569.0251824484235,-1348.7587512452758,0.0,0.4444444444444444,0.0,0.1
0.8833333333333333,20.399635122543273,1.4824325859196887,20.45342806242263,-0.13689602647834215,-0.2322495694712507,-0.057999999999999996,0.6171900197911766,2.284088022078893,72.37235638142265,-0.4708420058925979,0.07254204818934563,0.11639463610391305,0.08783548052758644,-1592.0949086112619,-1377.0893644636735,0.0,0.4444444444444444,0.0,0.1
0.9,20.409718100578026,1.5201945393840972,20.466254771761136,-0.1407835581588949,-0.23325190083316455,-0.057999999999999996,0.6049786820851999,2.265717207864505,72.71270810905777,-0.4934872762319455,0.0743465727917866,0.11814848314117106,0.08969384733533402,-1614.9638601478946,-1405.0211471871291,0.0,0.4444444444444444,0.0,0.1
0.9166666666666666,20.419599758524615,1.557631445653388,20.478922579540818,-0.14468652342370425,-0.2341779158885611,-0.057999999999999996,0.5928994767954443,2.246214376157446,73.05322179661881,-0.5168670687871249,0.07613375265210262,0.1198896259618189,0.09152986027047987,-1637.6193336727968,-1432.5452640849473,0.0,0.4444444444444444,0.0,0.1
0.9333333333333333,20.42928248220373,1.5947255051471734,20.491430701013613,-0.1486036894599952,-0.2350299621774573,-0.057999999999999996,0.5809634207468982,2.2256435696271217,73.39389242371102,-0.5409929998930352,0.07790279238723576,0.12161711335595567,0.09334289425611342,-1660.0494744551993,-1459.653799108537,0.0,0.4444444444444444,0.0,0.1
0.95,20.43876882959481,1.6314599542293726,20.503778501824257,-0.15253386202265964,-0.2358103537598673,-0.057999999999999996,0.5691808434646168,2.204066944931959,73.73471489674121,-0.5658765264115844,0.0796529473762255,0.12333004753799462,0.09513237198018111,-1682.2432469278606,-1486.3397142783715,0.0,0.4444444444444444,0.0,0.1
0.9666666666666667,20.44806151950749,1.6678190340704708,20.515965496070876,-0.1564758848534069,-0.2365213698448355,-0.057999999999999996,0.5575613947608306,2.1815447904658876,74.07568405195613,-0.5915289408921648,0.08138352199080406,0.12502758245580356,0.09689776204161292,-1704.1904053568637,-1512.5968091101547,0.0,0.4444444444444444,0.0,0.1
0.9833333333333333,20.457163420411973,1.703787959846059,20.52799134405405,-0.16042863907957716,-0.23716525357021437,-0.057999999999999996,0.5461140542688921,2.1581355465352936,74.41679465851063,-0.6179613671441435,0.08309386786020928,0.12670892212366835,0.09863857714248701,-1725.8814647391719,-1538.4196807711244,0.0,0.4444444444444444,0.0,0.1
1.0,20.466077539457235,1.7393528903089903,20.53985584974009,-0.1643910425950338,-0.23774421092739742,-0.057999999999999996,0.5348471427156017,2.1338958277758726,74.75804142155792,-0.6451847562056922,0.08478338217160611,0.12837331898089038,0.10035437232711159,-1747.3076719903177,-1563.8036850476362,0.0,0.4444444444444444,0.0,0.1
1.0166666666666666,20.4748070117028,1.774500897769319,20.551558957963707,-0.1683620494254497,-0.23826040982495372,-0.057999999999999996,0.5237683347339956,2.108880447619722,75.09941898535476,-0.6732098826934139,0.08645150600730994,0.13002007227764878,0.10204474326868458,-1768.4609774800056,-1588.7448981955406,0.0,0.4444444444444444,0.0,0.1
1.0333333333333332,20.483355089586624,1.8092199385130738,20.563100751394657,-0.17234064908019817,-0.23871597928490793,-0.057999999999999996,0.5128846730294164,2.0831424446252913,75.44092193637458,-0.7020473415173891,0.08809772271981534,0.13164852648958608,0.10370932460398917,-1789.3340069688363,-1613.2400797355558,0.0,0.4444444444444444,0.0,0.1
1.05,20.491725132648664,1.843498823687843,20.574481447292015,-0.17632586589295254,-0.2391130087652624,-0.057999999999999996,0.5022025837224708,2.056733110486147,75.78254480642207,-0.7317075449464627,0.0897215563454524,0.13325806976240345,0.10534778831639109,-1809.9200339946635,-1637.2866362468112,0.0,0.4444444444444444,0.0,0.1
1.0666666666666667,20.49992059752705,1.8773271906801587,20.585701394069158,-0.18031675835299027,-0.23945354760226434,-0.057999999999999996,0.4917278927032821,2.0297020195389464,76.12428207574294,-0.762200720008821,0.09132257005732042,0.13484813238758872,0.10695984216722768,-1830.2129527525176,-1660.8825862031395,0.0,0.4444444444444444,0.0,0.1
1.0833333333333333,20.507945028241085,1.910695475006763,20.596761067691435,-0.1843124184290882,-0.23973960456587506,-0.057999999999999996,0.4814658428421222,2.0020970595962537,76.46612817612315,-0.7935369062131659,0.0929003646579861,0.13641818531023825,0.10854522817551462,-1850.2072515073899,-1684.0265258885074,0.0,0.4444444444444444,0.0,0.1
1.1,20.515802046772954,1.943594882739028,20.60766106792769,-0.18831197088778645,-0.2399731475218964,-0.057999999999999996,0.47142111191207114,1.9739644639358893,76.80807749397194,-0.8257259535760701,0.0944545771122801,0.13796773866978293,0.11010372114574656,-1869.897986574744,-1706.717596420262,0.0,0.4444444444444444,0.0,0.1
1.1166666666666667,20.52349534395778,1.976017363477112,20.61840211447579,-0.19231457260769058,-0.240156103194248,-0.057999999999999996,0.4615978310896547,1.9453488442850455,77.15012437338368,-0.8587775209413998,0.09598487912038275,0.1394963403742806,0.11163512724343078,-1889.2807568991911,-1728.955451901635,0.0,0.4444444444444444,0.0,0.1
1.1333333333333333,20.531028670689604,2.007955583887855,20.62898504298127,-0.19631941189137328,-0.24029035702096238,-0.057999999999999996,0.45199960390947885,1.916293224644562,77.49226311917369,-0.8927010745780088,0.0974909757312559,0.14100357470879826,0.11313928261786936,-1908.351679257577,-1750.74022871822,0.0,0.4444444444444444,0.0,0.1
1.15,20.538405829448916,2.039402901817959,20.639410800967276,-0.2003257077763328,-0.24037775309757065,-0.057999999999999996,0.4426295255586264,1.8868390758062477,77.8344879998835,-0.9275058870422466,0.09897260399635543,0.1424890609782769,0.11461605207159388,-1927.1073641086443,-1772.0725159869235,0.0,0.4444444444444444,0.0,0.1
1.1666666666666667,20.54563066615568,2.070353340991689,20.64968044369288,-0.20433270934636086,-0.24042009420168364,-0.057999999999999996,0.4334902024059668,1.8570263504238103,78.1767932507516,-0.9632010362921672,0.10042953166344451,0.14395245218514643,0.11606532777575698,-1945.5448921075536,-1792.953327160161,0.0,0.4444444444444444,0.0,0.1
1.1833333333333333,20.55270706235019,2.1008015663001225,20.659795129955874,-0.20833969504457303,-0.2404191418927307,-0.057999999999999996,0.42458377167058153,1.8268935185060209,78.51917307664553,-0.9997954050406905,0.10186155591022415,0.145393433741843,0.11748702803069698,-1963.6617912998547,-1813.3840727828713,0.0,0.4444444444444444,0.0,0.1
1.2,20.559638927702558,2.1307428596869338,20.669756117855123,-0.21234597198925628,-0.24037661668099441,-0.057999999999999996,0.4159119211421124,1.7964776032086838,78.86162165495223,-1.0372976803353313,0.10326850211740317,0.14681172221827338,0.11888109607081579,-1981.4560150060342,-1833.366534395198,0.0,0.4444444444444444,0.0,0.1
1.2166666666666666,20.566430192850458,2.160173096633769,20.679564760526542,-0.21635087529359417,-0.2402941982602737,-0.057999999999999996,0.40747590887407203,1.7658142168100972,79.20413313842305,-1.0757163533524936,0.10465022268074387,0.1482070641241694,0.12024749891284146,-1998.9259204044606,-1852.902839569433,0.0,0.4444444444444444,0.0,0.1
1.2333333333333334,20.57308480256344,2.1890887232464813,20.689222501865835,-0.22035376739023943,-0.24017352579871457,-0.057999999999999996,0.3992765827789615,1.734937596762744,79.54670165797067,-1.1150597193947014,0.1060065958615436,0.14957923472618434,0.12158622624649232,-2016.0702478175356,-1871.9954380660606,0.0,0.4444444444444444,0.0,0.1
1.25,20.57960670923113,2.2174867339418447,20.69873087225009,-0.22435403736161552,-0.2400161982825657,-0.057999999999999996,0.39131440006137963,1.7038806417218089,79.88932132541532,-1.1553358780795275,0.1073375246749436,0.1509280368994977,0.12289728936650937,-2032.8881007029845,-1890.6470790903636,0.0,0.4444444444444444,0.0,0.1
1.2666666666666666,20.585999866671667,2.245364649732828,20.708091484269517,-0.22835110027674624,-0.23982377490784287,-0.057999999999999996,0.38358944643228576,1.6726749474590048,80.2319862361777,-1.1965527337093624,0.10864293581539682,0.1522533000136174,0.124180720144986,-2049.3789263496324,-1908.860789628161,0.0,0.4444444444444444,0.0,0.1
1.2833333333333332,20.5922682242559,2.272720497109123,20.717306028479648,-0.2323443965353315,-0.23959777551511713,-0.057999999999999996,0.3761014550540611,1.6413508425776828,80.57469047191667,-1.2387179958115535,0.10992277861857316,0.15355487885199887,0.12543657004289133,-2065.542497274589,-1926.6398538366907,0.0,0.4444444444444444,0.0,0.1
1.3,20.5984157213421,2.2995527875083335,20.726376269183447,-0.2363333912197128,-0.2393396810628776,-0.057999999999999996,0.36884982517210885,1.6099374239526498,80.91742810310969,-1.2818391798388267,0.1111770240589362,0.15483265256503642,0.12666490915965997,-2081.3788933165865,-1943.98779346451,0.0,0.4444444444444444,0.0,0.1
1.3166666666666667,20.604446282015342,2.3258604973720867,20.73530404025202,-0.24031757345529875,-0.23905093413515663,-0.057999999999999996,0.361833640394422,1.5784625918251995,81.2601931915743,-1.3259236080202863,0.11240566378218586,0.15608652365592668,0.12786582531970397,-2096.8884844182135,-1960.9083492724735,0.0,0.4444444444444444,0.0,0.1
1.3333333333333333,20.610363810125104,2.351643048780265,20.74409124099176,-0.24429645577995443,-0.2387329394793412,-0.057999999999999996,0.3550516865858092,1.5469530844906818,81.60297979292933,-1.370978410353663,0.11360870917173005,0.1573164169988544,0.12903942319468956,-2112.071914088039,-1977.4054634263296,0.0,0.4444444444444444,0.0,0.1
1.35,20.616172184614243,2.37690029065564,20.75273983206509,-0.24826957352279327,-0.23838706457033032,-0.057999999999999996,0.3485024693483436,1.5154345125224973,81.94578195899429,-1.4170105257298542,0.11478619044832121,0.15852227888890447,0.13018582346041802,-2126.9300835319586,-1993.4832628303259,0.0,0.4444444444444444,0.0,0.1
1.3666666666666667,20.62187525513198,2.4016324805303513,20.76125183147112,-0.2522364841927504,-0.23801464019742918,-0.057999999999999996,0.3421842310641181,1.4839313924826638,82.28859374012615,-1.464026703181167,0.11593815580197406,0.1597040761230699,0.13130516198714787,-2141.4641364417644,-2009.146043370256,0.0,0.4444444444444444,0.0,0.1
1.3833333333333333,20.62747683792332,2.4258402668649333,20.769629310592098,-0.2561967668772604,-0.2376169610705993,-0.057999999999999996,0.3360949674805247,1.4524671800749203,82.63140918749254,-1.5120335032450345,0.11706467055526389,0.16086179511168913,0.13239758906219923,-2155.675444427645,-2024.398255033712,0.0,0.4444444444444444,0.0,0.1
1.4,20.632980711987024,2.449524671909967,20.77787439031058,-0.26015002165130885,-0.2371952864429059,-0.057999999999999996,0.3302324438220663,1.4210643027020304,82.97422235528049,-1.5610372994353285,0.1181658163570947,0.1619954410196209,0.1334632686436911,-2169.56559308026,-2039.2444878748795,0.0,0.4444444444444444,0.0,0.1
1.4166666666666667,20.63839061549396,2.4726870750998695,20.785989237201946,-0.2640958689970792,-0.23675084074622085,-0.057999999999999996,0.3245942104161784,1.3897441913941417,83.31702730284033,-1.6110442798137348,0.11924169040601947,0.16310503693644107,0.13450237764427156,-2183.13636864715,-2053.689458790926,0.0,0.4444444444444444,0.0,0.1
1.4333333333333333,20.64371024245769,2.49532919696787,20.793976059806187,-0.26803394923437,-0.23628481423744863,-0.057999999999999996,0.3191776178236968,1.3585273120800219,83.6598180967643,-1.662060448653997,0.12029240470219203,0.1641906230749281,0.13551510524371826,-2196.389745307419,-2067.7379990770255,0.0,0.4444444444444444,0.0,0.1
1.45,20.648943239648816,2.51745308357083,20.801837104982308,-0.27196392196191577,-0.23579836365274628,-0.057999999999999996,0.31397983146745145,1.327433196177605,84.00258881289946,-1.7140916281921608,0.12131808532703134,0.16525225599708987,0.13650165222930272,-2209.3278730280454,-2081.395042727109,0.0,0.4444444444444444,0.0,0.1
1.4666666666666666,20.654093203744733,2.5390610914122393,20.809574654348364,-0.27588546550970583,-0.23529261286740277,-0.057999999999999996,0.3089978457550585,1.2964804704845743,84.34533353829498,-1.7671434604562675,0.12231887174968234,0.16629000786697373,0.13746223036283337,-2221.953065984621,-2094.6656154477223,0.0,0.4444444444444444,0.0,0.1
1.4833333333333334,20.659163678706303,2.5601558728514684,20.817191020809545,-0.27979827640235966,-0.23476865355923024,-0.057999999999999996,0.30422849769429494,1.265686886353735,84.68804637308351,-1.821221409169258,0.12329491615936541,0.1673039657294958,0.13839706177331385,-2234.267791528963,-2107.5548243527132,0.0,0.4444444444444444,0.0,0.1
1.5,20.664158153372995,2.5807403619871616,20.8246885451764,-0.2837020688335846,-0.23422754587349873,-0.057999999999999996,0.2996684800015179,1.235069348141602,85.03072143229701,-1.8763307617191443,0.1242463828227155,0.16829423081452113,0.13930637837417817,-2246.2746596857323,-2120.067848306968,0.0,0.4444444444444444,0.0,0.1
1.5166666666666666,20.669080059268087,2.6008177610025283,20.832069592874824,-0.2875965741517116,-0.2336703190876166,-0.057999999999999996,0.2953143537054326,1.2046439409220118,85.37335284761697,-1.9324766311907984,0.12517344746522416,0.16926091786542777,0.14019042130409023,-2257.976413160027,-2132.2099288880054,0.0,0.4444444444444444,0.0,0.1
1.5333333333333332,20.67393276860559,2.620391526960191,20.83933655074913,-0.29148154035627694,-0.23309797227392065,-0.057999999999999996,0.29116256025016096,1.1744259574597828,85.71593476905943,-1.9896639584539861,0.12607629667591203,0.17020415449138707,0.1410494403903215,-2269.375917837798,-2143.9863619348866,0.0,0.4444444444444444,0.0,0.1
1.55,20.678719592490637,2.639465359034228,20.8464918239592,-0.29535673160559517,-0.23251147495909416,-0.057999999999999996,0.2872094331029855,1.1444299244422038,86.05846136659524,-2.0478975143025444,0.12695512733437436,0.17112408054260037,0.14188369363374967,-2280.4761537609465,-2155.4024896546225,0.0,0.4444444444444444,0.0,0.1
1.5666666666666667,20.683443779305193,2.658043186167042,20.853537832972318,-0.2992219277352431,-0.23191176777887637,-0.057999999999999996,0.28345120887342035,1.114669627968841,86.40092683170577,-2.107181901639859,0.12781014605936047,0.17202084750773708,0.14269344671455017,-2291.2802065589976,-2166.463693257083,0.0,0.4444444444444444,0.0,0.1
1.5833333333333333,20.68810851327105,2.6761291551387494,20.86047701065011,-0.3030769237873575,-0.23129976312686448,-0.057999999999999996,0.2798840379513443,1.0851581383024387,86.74332537887494,-2.1675215577060527,0.12864156867806645,0.17289461793282884,0.14347897251768124,-2301.79125931938,-2177.1753860902068,0.0,0.4444444444444444,0.0,0.1
1.6,20.692716913182263,2.693727619036848,20.867311799430734,-0.3069215295506298,-0.2306763457963384,-0.057999999999999996,0.2765039946728659,1.0559078338859078,87.0856512470178,-2.228920756342532,0.12944961971533944,0.17374556486088485,0.1442405506772944,-2312.012584878525,-2187.5430072482236,0.0,0.4444444444444444,0.0,0.1
1.6166666666666667,20.69727203129932,2.710843126114052,20.874044648606194,-0.31075556911086577,-0.2300423736141597,-0.057999999999999996,0.273307087023407,1.0269304246322526,87.42789870084663,-2.29138361028977,0.13023453190201428,0.17457387129150564,0.14497846713923115,-2321.947538516225,-2197.5720156264592,0.0,0.4444444444444444,0.0,0.1
1.6333333333333333,20.701776852397455,2.72748040902232,20.88067801169444,-0.3145788804119643,-0.22939867806591085,-0.057999999999999996,0.2702892658881464,0.9982369744960646,87.77006203217512,-2.354914073514426,0.13099654570162358,0.17537972965978635,0.1456930137407989,-2331.5995510359767,-2207.267884397275,0.0,0.4444444444444444,0.0,0.1
1.65,20.706234292961796,2.743644374411265,20.887214343905836,-0.3183913148271567,-0.22874606491154614,-0.057999999999999996,0.26744643386052347,0.9698379233366894,88.11213556116134,-2.4195159435621187,0.13173590885474454,0.17616334133381473,0.1463844878070478,-2340.972122214362,-2216.636095882563,0.0,0.4444444444444444,0.0,0.1
1.6666666666666667,20.71064720052213,2.759340092879341,20.89365609970324,-0.3221927367403388,-0.2280853147909257,-0.057999999999999996,0.2647744536199659,0.9417431080845797,88.45411363749044,-2.485192863932359,0.1324528759402698,0.17692491613008549,0.14705319176280143,-2350.068814602852,-2225.6821367992247,0.0,0.4444444444444444,0.0,0.1
1.6833333333333333,20.7150183531203,2.7745727892663994,20.900005730454918,-0.3259830231373171,-0.22741718381869624,-0.057999999999999996,0.26226915589034094,0.9139617832234932,88.79599064149794,-2.5519483264723597,0.13314770795291092,0.17766467184616846,0.14769943275972458,-2358.893247665839,-2234.4114938549637,0.0,0.4444444444444444,0.0,0.1
1.7,20.71935045890348,2.789347833276436,20.9062656821793,-0.32976206320678486,-0.22674240416806812,-0.057999999999999996,0.2599263469909121,0.8865026406022003,89.13776098523428,-2.6197856737866085,0.1338206718962675,0.17838283380998593,0.14832352231773954,-2367.4490922390705,-2242.8296496726925,0.0,0.4444444444444444,0.0,0.1
1.7166666666666666,20.723646155836676,2.8036707304196087,20.912438393380526,-0.33352975795083684,-0.22606168464311724,-0.057999999999999996,0.25774181599176693,0.8593738285903543,89.4794191134719,-2.6887081016592775,0.13447204039081828,0.1790796344450722,0.14892577598013418,-2375.7400652931224,-2250.942079022782,0.0,0.4444444444444444,0.0,0.1
1.7333333333333334,20.727908011528104,2.8175471132628385,20.918526292973574,-0.3372860198048254,-0.22537571123931444,-0.057999999999999996,0.25571134148581265,0.8325829705937866,89.82095950465548,-2.7587186614867054,0.1351020912962129,0.17975531285120602,0.14950651298173095,-2383.769924986974,-2258.754245343308,0.0,0.4444444444444444,0.0,0.1
1.75,20.73213852316126,2.830982732978592,20.924531798297664,-0.34103077226635964,-0.2246851476920523,-0.057999999999999996,0.2538306979894913,0.8061371829452244,90.16237667179641,-2.8298202627173503,0.13571110734726793,0.1804101143998273,0.1500660559295167,-2391.5424659972255,-2266.27159752937,0.0,0.4444444444444444,0.0,0.1
1.7666666666666666,20.736340117527668,2.843983451181707,20.930457313216614,-0.344763949533243,-0.22399063601300198,-0.057999999999999996,0.25209566198437616,0.7800430921868711,90.50366516331273,-2.902015675296763,0.1362993758030926,0.18104429034366507,0.1506047304951594,-2399.0615151089373,-2273.49956697345,0.0,0.4444444444444444,0.0,0.1
1.7833333333333332,20.74051515115453,2.856555232044403,20.936305226304636,-0.3484854961501462,-0.22329279701418883,-0.057999999999999996,0.2505020176117717,0.7543068517617666,90.84481956381512,-2.9753075321152727,0.13686718810879303,0.1816580974400267,0.1511228651188656,-2406.3309270545956,-2280.4435648396543,0.0,0.4444444444444444,0.0,0.1
1.8,20.744665910521736,2.8687041346799207,20.94207790911619,-0.35219536666380835,-0.22259223081972937,-0.057999999999999996,0.24904556203235906,0.7289341581310529,91.18583449484038,-3.049698331456221,0.13741483956922698,0.18225179758721377,0.15162079072405804,-2413.3545805881276,-2287.1089795555504,0.0,0.4444444444444444,0.0,0.1
1.8166666666666667,20.748794612362783,2.8804363057854974,20.947777714538173,-0.355893525286562,-0.22188951736521786,-0.057999999999999996,0.24772211046280213,0.7039302663346128,91.52670461553318,-3.1251904394427035,0.13794262903430227,0.18282565747355245,0.15209884044237984,-2420.1363747814376,-2293.5011745061393,0.0,0.4444444444444444,0.0,0.1
1.8333333333333333,20.752903404044467,2.891757972535707,20.953406975223007,-0.35957994556797523,-0.22118521688479553,-0.057999999999999996,0.24652750090109166,0.6793000050125784,91.86742462327726,-3.2017860924809054,0.13845085859533543,0.18337994823854248,0.1525573493485548,-2426.6802255313637,-2299.625485915323,0.0,0.4444444444444444,0.0,0.1
1.8499999999999999,20.756994364020336,2.902675435717463,20.958968002100903,-0.3632546100744081,-0.22047987038597347,-0.057999999999999996,0.2454575985522196,0.6550477909053516,92.20798925427721,-3.2794873996982328,0.1389398332920071,0.18391494514565002,0.15299665420465927,-2432.9900622654677,-2305.487220901012,0.0,0.4444444444444444,0.0,0.1
1.8666666666666667,20.761069502353095,2.913195063098292,20.96446308296962,-0.36691751007628004,-0.21977400011231618,-0.057999999999999996,0.24450829996557566,0.6311776428497411,92.54839328409169,-3.3582963453745576,0.13940986082947307,0.1844309272662872,0.15341709321338298,-2439.069824835539,-2311.091655690778,0.0,0.4444444444444444,0.0,0.1
1.8833333333333333,20.76513076130135,2.9233232830197715,20.969894481160107,-0.37056864524284877,-0.21906810999412396,-0.057999999999999996,0.24367553689524568,0.6076931952887703,92.88863152811943,-3.438214791364989,0.1398612513052097,0.18492817717453985,0.15381900577988,-2444.9234605881534,-2316.4440339857297,0.0,0.4444444444444444,0.0,0.1
1.9,20.769180015966253,2.9330665782083147,20.97526443427626,-0.3742080233443035,-0.21836268608728068,-0.057999999999999996,0.242955279894145,0.5845977113125893,93.22869884203891,-3.5192444795126954,0.1402943169451924,0.18540698065222352,0.1542027322818317,-2450.5549216021204,-2321.5495654609363,0.0,0.4444444444444444,0.0,0.1
1.9166666666666667,20.773219074993797,2.942431479795778,20.98057515300711,-0.3778356599609778,-0.21765819700045835,-0.057999999999999996,0.24234354165269045,0.5618940952477862,93.5685901222029,-3.601387034050384,0.1407093718490257,0.18586762640386567,0.15456861384736603,-2455.968162083078,-2326.413424391499,0.0,0.4444444444444444,0.0,0.1
1.9333333333333333,20.77724968132867,2.951424561542647,20.985828820009694,-0.38145157819949266,-0.21695509431089244,-0.057999999999999996,0.2418363800924347,0.539584904812136,93.90830030598893,-3.684643963989145,0.14110673174366262,0.18631040578122912,0.15491699214049573,-2461.1671359059633,-2331.040748393951,0.0,0.4444444444444444,0.0,0.1
1.95,20.78127351301575,2.960052434256841,20.99102758886091,-0.385055808415642,-0.2162538129689604,-0.057999999999999996,0.24142990122483698,0.5176723628516475,94.24782437210675,-3.769016665493434,0.1414867137453679,0.18673561251700982,0.15524820915375995,-2466.1557942965283,-2335.4366372733684,0.0,0.4444444444444444,0.0,0.1
1.9666666666666666,20.785292184045502,2.9683217404014477,20.996173583076583,-0.38864838794383894,-0.21555477169181347,-0.057999999999999996,0.24112026178507062,0.4961583686764124,94.58715734086394,-3.8545064242410696,0.1418496361295999,0.18714354246735784,0.15556260700777036,-2470.938083643485,-2339.6061519671457,0.0,0.4444444444444444,0.0,0.1
1.9833333333333334,20.789307245239677,2.976239148884973,21.00126889519608,-0.39222936083294435,-0.2148583733463252,-0.057999999999999996,0.2409036716504852,0.4750445090115001,94.92629427439067,-3.941114417767172,0.14219581810850043,0.18753449336288797,0.15586052775738152,-2475.517943433298,-2343.55431357699,0.0,0.4444444444444444,0.0,0.1
2.0,20.793320185173894,2.983811350027953,21.006315585930714,-0.3957987775883049,-0.214165005321633,-0.057999999999999996,0.2407763960530751,0.45433206857881725,95.26523027682475,-4.0288417177910585,0.14252557961570067,0.18790876456786065,0.1561423132042231,-2479.899304300046,-2347.286102481269,0.0,0.4444444444444444,0.0,0.1
2.0166666666666666,20.79733243113381,2.991045050700043,21.011315683374217,-0.3993566949198309,-0.21347503989155853,-0.057999999999999996,0.24073475759501872,0.4340220403253996,95.60396049445801,-4.117689292525162,0.14283924109816534,0.18826665684723146,0.15640830471534675,-2484.0860861831616,-2350.8064575203407,0.0,0.4444444444444444,0.0,0.1
2.033333333333333,20.801345350101744,2.9979469696219323,21.016271182273623,-0.4029031754959509,-0.21278883456720118,-0.057999999999999996,0.24077513807608297,0.41411513531334787,95.94248011584509,-4.207658008965118,0.14313712331481446,0.18860847214128063,0.15665884304775676,-2488.082196586268,-2354.120275248058,0.0,0.4444444444444444,0.0,0.1
2.05,20.805360249770768,3.0045238328267008,21.02118404335886,-0.40643828770328433,-0.2121067324400046,-0.057999999999999996,0.24089398014141228,0.39461179228610455,96.2807843718758,-4.298748635160207,0.14341954714167507,0.1889345133475488,0.15689426817860838,-2491.8915289306588,-2357.2324092431027,0.0,0.4444444444444444,0.0,0.1
2.0666666666666664,20.8093783795834,3.010782369275458,21.026056192729367,-0.40996210541187766,-0.2114290625156016,-0.057999999999999996,0.24108778875794667,0.3755121869254454,96.61886853581188,-4.390961842463404,0.14368683338333074,0.18924508410982108,0.15711491914087206,-2495.5179609974,-2360.147669474272,0.0,0.4444444444444444,0.0,0.1
2.0833333333333335,20.81340093179219,3.0167293066223424,21.030889521296103,-0.41347470774585676,-0.21075614003874524,-0.057999999999999996,0.24135313252744262,0.35681624081305685,96.9567279232895,-4.484298207760339,0.14393930259044962,0.18954048861391165,0.1573211338642751,-2498.965353452292,-2362.870821714308,0.0,0.4444444444444444,0.0,0.1
2.1,20.817429042539587,3.0223713671241788,21.03568588427729,-0.4169761788593507,-0.21008826680963652,-0.057999999999999996,0.24168664484381608,0.3385236301101937,97.29435789228832,-4.578758215676515,0.1441772748831849,0.18982103139001782,0.15751324902134498,-2502.237548448349,-2365.406586997257,0.0,0.4444444444444444,0.0,0.1
2.1166666666666667,20.821463792954624,3.0277152636903195,21.04044710074631,-0.42046660771754996,-0.2094257314919582,-0.057999999999999996,0.24208502490225858,0.32063379396845004,97.63175384306818,-4.674342260762188,0.1444010697802536,0.19008701712142181,0.15769159987839107,-2505.3383683007237,-2367.75964111478,0.0,0.4444444444444444,0.0,0.1
2.1333333333333333,20.82550621026408,3.0327676960683894,21.045174953230106,-0.4239460878827654,-0.20876880991292499,-0.057999999999999996,0.24254503856732512,0.3031459426841927,97.96891121807462,-4.771050649654329,0.14461100603351235,0.190338750459333,0.15785652015127277,-2508.2716142293343,-2369.9346141471933,0.0,0.4444444444444444,0.0,0.1
2.15,20.829557268915863,3.0375353471618696,21.04987118735655,-0.4274147173053597,-0.20811776535565762,-0.057999999999999996,0.24306351910694912,0.2860590656088231,98.30582550181404,-4.868883603215175,0.14480740146785864,0.1905765358436733,0.1580083418658127,-2511.041065164765,-2371.936090025399,0.0,0.4444444444444444,0.0,0.1
2.1666666666666665,20.833617891712514,3.042024879475645,21.054537511549206,-0.43087259811942946,-0.20747284884418601,-0.057999999999999996,0.24363736779909295,0.26937193882650146,98.64249222069955,-4.967841258646863,0.1449905728262984,0.19080067732962008,0.15814739522272414,-2513.6504766132653,-2373.7686061202076,0.0,0.4444444444444444,0.0,0.1
2.183333333333333,20.837688950952806,3.0462429316858213,21.059175596767943,-0.43431983644311917,-0.20683429942138265,-0.057999999999999996,0.2442635544175017,0.25308313261058224,98.97890694286865,-5.067923671581713,0.1451608356200287,0.1910114784197314,0.15827400846693138,-2516.1035795769862,-2375.4366528558735,0.0,0.4444444444444444,0.0,0.1
2.2,20.84177126957952,3.050196115330313,21.063787076293913,-0.43775654218345456,-0.2062023444201234,-0.057999999999999996,0.2449391176028165,0.237191018669491,99.31506527797352,-5.169130818147746,0.14531850398339688,0.19120924190148855,0.15838850776117075,-2518.404079525831,-2376.9446733449945,0.0,0.4444444444444444,0.0,0.1
2.216666666666667,20.845865622331605,3.0538910116168525,21.06837354555735,-0.44118282884558735,-0.20557719972796717,-0.057999999999999996,0.24566116512505287,0.22169377719236483,99.65096287694506,-5.271462597009047,0.1454638905336032,0.1913942696901002,0.1584912170637681,-2520.5556554175587,-2378.2970630421814,0.0,0.4444444444444444,0.0,0.1
2.2333333333333334,20.84997273689899,3.0573341683452577,21.07293656200679,-0.44459881334634804,-0.20495907004564062,-0.057999999999999996,0.24642687404325925,0.20658940370430479,99.98659543173159,-5.37491883138064,0.14559730623502548,0.1915668626764217,0.1585824580104973,-2522.5619587630254,-2379.49816941423,0.0,0.4444444444444444,0.0,0.1
2.25,20.854093295078457,3.0605320969409355,21.0774776450182,-0.4480046158320082,-0.2043481491396067,-0.057999999999999996,0.24723349076793755,0.19187571574065743,100.32195867501312,-5.479499271017528,0.14571906026805057,0.19172732057985192,0.15866254980043057,-2524.4266127336655,-2380.55229162473,0.0,0.4444444444444444,0.0,0.1
2.2666666666666666,20.858227933928983,3.063491269596757,21.08199827584261,-0.451400359500158,-0.20374462008899008,-0.057999999999999996,0.24807833103162658,0.1775503593492722,100.65704837989227,-5.5852035941776235,0.14582945990230567,0.19187594180607798,0.15873180908569923,-2526.153211308559,-2381.4636802313503,0.0,0.4444444444444444,0.0,0.1
2.283333333333333,20.862377246925195,3.066218116520578,21.0864998975909,-0.4547861704256101,-0.20314865552712422,-0.057999999999999996,0.24895877977282432,0.1636108154292737,100.99186035956258,-5.692031409558284,0.1459288103741896,0.1920130233095457,0.1587905498650896,-2527.745318458598,-2382.2365368942064,0.0,0.4444444444444444,0.0,0.1
2.3,20.8665417851075,3.0687190232858192,21.090983915254252,-0.45816217739024306,-0.20256041787797696,-0.057999999999999996,0.24987229093825836,0.15005440591446018,101.32639046695527,-5.799982258206209,0.14601741476861044,0.19213886046054188,0.1588390833814037,-2529.206467365522,-2382.8750140939865,0.0,0.4444444444444444,0.0,0.1
2.3166666666666664,20.87072205822764,3.0710003282826355,21.09545169575901,-0.4615285117167048,-0.20198005958770393,-0.057999999999999996,0.2508163872083127,0.13687829980897703,101.66063459436543,-5.909055615400468,0.14609557390484315,0.19225374691678002,0.15887771802252174,-2530.540159673719,-2383.3832148586757,0.0,0.4444444444444444,0.0,0.1
2.3333333333333335,20.874918535888476,3.0730683202673443,21.09990456805459,-0.4648853071058976,-0.20140772335156998,-0.057999999999999996,0.251788659650245,0.124079519082545,101.99458867305829,-6.019250892508461,0.1461635862264245,0.1923579744993889,0.15890675922610578,-2531.7498647729167,-2383.7651924979164,0.0,0.4444444444444444,0.0,0.1
2.35,20.87913164867687,3.0749292360078795,21.104343823233076,-0.4682326994781721,-0.2008435423364705,-0.057999999999999996,0.25278676730365035,0.11165494443210644,102.3282486728567,-6.1305674388146265,0.14622174769501087,0.19245183307320876,0.15892650938789135,-2532.8390191100298,-2384.0249503442337,0.0,0.4444444444444444,0.0,0.1
2.3666666666666667,20.88336178928858,3.0765892580231515,21.10877071467928,-0.47157082681816,-0.20028764039927524,-0.057999999999999996,0.25380843670246833,0.09960132091631557,102.66161060171062,-6.2430045433217165,0.14627035168812644,0.19253561043130538,0.15893726777351516,-2533.811025528599,-2384.166441500486,0.0,0.4444444444444444,0.0,0.1
2.3833333333333333,20.887609313644205,3.0780545124143006,21.113186458249977,-0.4748998290231801,-0.19974013230120827,-0.057999999999999996,0.254851461337652,0.08791526346895662,102.99467050524937,-6.356561436524512,0.14630968890073626,0.19260959218361814,0.15893933043383254,-2534.6692526343995,-2384.193568593071,0.0,0.4444444444444444,0.0,0.1
2.4,20.89187454199528,3.0793310667859175,21.117592232481034,-0.4782198477551546,-0.1992011239184684,-0.057999999999999996,0.255913701064476,0.07659326229702135,103.32742446631778,-6.471237292155828,0.14634004725058133,0.1926740616496632,0.15893299012368128,-2535.417034185953,-2384.1101835305635,0.0,0.4444444444444444,0.0,0.1
2.4166666666666665,20.896157760019584,3.0804249282553955,21.121989178821295,-0.481531026295976,-0.19867071244928514,-0.057999999999999996,0.2569930814582966,0.06563168816868092,103.65986860449664,-6.587031228904704,0.14636171178721738,0.1927292997552163,0.15891853622405075,-2536.057668508801,-2383.920087267561,0.0,0.4444444444444444,0.0,0.1
2.433333333333333,20.900459219904956,3.0813420415486656,21.12637840189192,-0.48483350940626924,-0.19814898661759578,-0.057999999999999996,0.2580875931224308,0.05502679759620577,103.9919990756088,-6.703942312106676,0.14637496460470223,0.19277558493290584,0.15889625466761872,-2536.594417932508,-2383.627029573665,0.0,0.4444444444444444,0.0,0.1
2.45,20.904779141420818,3.082088287180639,21.13076096977009,-0.48812744318749457,-0.19763602687351967,-0.057999999999999996,0.2591952909516835,0.04477473791839337,104.3238120712113,-6.821969555406046,0.1463800847578798,0.1928131930266485,0.1588664278676199,-2537.0305082495156,-2383.234708807591,0.0,0.4444444444444444,0.0,0.1
2.466666666666667,20.909117712976734,3.082669479718753,21.13513791429587,-0.49141297494734115,-0.19713190559079655,-0.057999999999999996,0.2603142933549063,0.034871552286825924,104.6553038180745,-6.941111922390074,0.1463773481822119,0.1928423971998657,0.158829334650013,-2537.369128195039,-2382.74677169655,0.0,0.4444444444444444,0.0,0.1
2.4833333333333334,20.913475092667397,3.0830913661280843,21.139510231401133,-0.49469025306836356,-0.1966366872613462,-0.057999999999999996,0.2614427814398409,0.025313184559883517,104.98647057764916,-7.061368328195046,0.1463670276171109,0.19286346784742006,0.15878525018891357,-2537.6134289473234,-2382.1668131210763,0.0,0.4444444444444444,0.0,0.1
2.5,20.917851409303452,3.083359624196554,21.14387888145938,-0.4979594268798152,-0.19615042868709762,-0.057999999999999996,0.2625789981633664,0.01609548410818995,105.3173086455219,-7.1827376410841595,0.14634939253272936,0.19287667251121607,0.1587344459452629,-2537.76652364766,-2381.4983759056,0.0,0.4444444444444444,0.0,0.1
2.5166666666666666,20.922246763427623,3.0834798610388012,21.148244789655465,-0.5012206465326356,-0.19567317916922639,-0.057999999999999996,0.26372124745014514,0.007214210534817411,105.64781435086019,-7.305218683997205,0.14632470906016365,0.1928822757994099,0.15867718960870264,-2537.8314869396527,-2380.744950615101,0.0,0.4444444444444444,0.0,0.1
2.533333333333333,20.926661228315666,3.0834576116773564,21.152608846374036,-0.5044740628775511,-0.19520498069492986,-0.057999999999999996,0.2648678932825421,-0.0013349616866769054,105.9779840558472,-7.428810236072017,0.1462932399250318,0.1928805393091777,0.15861374504262765,-2537.8113545273077,-2379.909975358272,0.0,0.4444444444444444,0.0,0.1
2.55,20.931094850961742,3.0832983376997958,21.156971907605765,-0.5077198273462489,-0.1947458681218611,-0.057999999999999996,0.26601735876456745,-0.009556438653629762,106.30781415510776,-7.553511034137701,0.14625524438438517,0.19287172155299212,0.15854437223238788,-2537.7091227515853,-2378.996835597635,0.0,0.4444444444444444,0.0,0.1
2.5666666666666664,20.935547653047784,3.0830074259905875,21.16133479537025,-0.5109580918355877,-0.194295869360333,-0.057999999999999996,0.2671681251624728,-0.017454702552505807,106.63730107512566,-7.679319774179612,0.14621097816691714,0.1928560778883596,0.15846932723661317,-2537.5277481851267,-2378.008863967147,0.0,0.4444444444444444,0.0,0.1
2.5833333333333335,20.940019631896526,3.0825901875363915,21.16569829815467,-0.514189008594811,-0.1938550055533963,-0.057999999999999996,0.2683187309245386,-0.02503430725177136,106.96644127365336,-7.806235112776135,0.1461606934164305,0.19283386045097253,0.15838886214163297,-2537.2701472449294,-2376.9493400978345,0.0,0.4444444444444444,0.0,0.1
2.6,20.9445107614079,3.082051856303602,21.170063171367154,-0.5174127301157257,-0.1934232912548856,-0.057999999999999996,0.26946777068245564,-0.03229987396735723,107.29523123911457,-7.934255668507263,0.14610463863852863,0.19280531809123186,0.1583032250189639,-2536.9391958227948,-2375.821490452033,0.0,0.4444444444444444,0.0,0.1
2.6166666666666667,20.94902099297851,3.0813975881869533,21.174430137803917,-0.5206294090258178,-0.1930007346055203,-0.057999999999999996,0.2706138942366114,-0.039256086998935125,107.6236674900006,-8.063380023335027,0.14604305865049355,0.19277069631409652,0.1582126598858383,-2536.5377289334265,-2374.6284881668694,0.0,0.4444444444444444,0.0,0.1
2.6333333333333333,20.953550256403968,3.0806324600280295,21.178799888129287,-0.52383919798427,-0.19258733750713836,-0.057999999999999996,0.27175580552749057,-0.045907689535417795,107.95174657426101,-8.193606723955813,0.14597619453431646,0.19273023722221735,0.15811740666874569,-2536.0685403800976,-2373.373452907586,0.0,0.4444444444444444,0.0,0.1
2.65,20.95809846076389,3.0797614687025576,21.18317308136764,-0.5270422495808555,-0.19218309579513357,-0.057999999999999996,0.27289226159528746,-0.05225947952832044,108.27946506868925,-8.32493428312464,0.14590428359284532,0.19268417946231473,0.15801770116995958,-2535.534382437858,-2372.0594507313767,0.0,0.4444444444444444,0.0,0.1
2.6666666666666665,20.962665495289386,3.0787895302753605,21.187550345406365,-0.5302387162376748,-0.19178799940915958,-0.057999999999999996,0.27402207152974367,-0.05831630563182433,108.60681957830393,-8.457361180951434,0.14582755930901448,0.19263275817475783,0.15791377503702086,-2534.937965554255,-2370.689493962372,0.0,0.4444444444444444,0.0,0.1
2.683333333333333,20.96725123021292,3.077721479221885,21.19193227750903,-0.5334287501137107,-0.19140203256215554,-0.057999999999999996,0.2751440954121126,-0.06408306320851409,108.93380673572644,-8.590885866169419,0.1457462513081216,0.1925762049463068,0.1578058557351485,-2534.2819580676173,-2369.2665410784484,0.0,0.4444444444444444,0.0,0.1
2.7,20.97185551760044,3.076562067715219,21.196319444837872,-0.5366125030121731,-0.1910251739077426,-0.057999999999999996,0.2762572432510839,-0.06956469039999735,109.26042320055544,-8.725506757375664,0.14566058532311638,0.19251474776597652,0.15769416652254742,-2533.5689859429326,-2367.793496610496,0.0,0.4444444444444444,0.0,0.1
2.716666666666667,20.97647819216568,3.0753159649775235,21.2007123849848,-0.539790126290607,-0.19065739670603243,-0.057999999999999996,0.2773604739143767,-0.07476616426170768,109.58666565873887,-8.861222244243917,0.14557078316286554,0.1924486109839826,0.157578926428583,-2532.8016325253966,-2366.273211054818,0.0,0.4444444444444444,0.0,0.1
2.7333333333333334,20.98111907206664,3.0739877566948333,21.205111606510073,-0.5429617707737383,-0.19029866898788347,-0.057999999999999996,0.2784527940576622,-0.07969249696142278,109.91253082194406,-8.998030688709818,0.14547706268335853,0.19237801527373083,0.15746035023478994,-2531.982438311725,-2364.7084807992974,0.0,0.4444444444444444,0.0,0.1
2.75,20.985777959684178,3.072581944494149,21.209517589487923,-0.5461275866690322,-0.18994895371763323,-0.057999999999999996,0.27953325705235543,-0.08434873204105786,110.23801542692655,-9.135930426128597,0.14537963776181648,0.19230317759680832,0.1573386484586819,-2531.1139007393235,-2363.102048063942,0.0,0.4444444444444444,0.0,0.1
2.7666666666666666,20.99045464238274,3.0711029454817904,21.213930786058345,-0.5492877234849377,-0.18960820895433028,-0.057999999999999996,0.28060096191375594,-0.08873994074151881,110.56311623489813,-9.274919766405395,0.14527871827366842,0.19222431117093874,0.15721402734032924,-2530.1984739934314,-2361.456600856446,0.0,0.4444444444444444,0.0,0.1
2.783333333333333,20.995148893253255,3.0695550918419494,21.21835162098428,-0.5524423299517958,-0.18927638801148283,-0.057999999999999996,0.281655052230926,-0.09287121839046852,110.88783003089473,-9.414996995098328,0.14517451007235593,0.19214162544085975,0.157086688831668,-2529.2385688323543,-2359.774772943336,0.0,0.4444444444444444,0.0,0.1
2.8,20.99986047183825,3.0679426304944,21.222780492213538,-0.5555915539453847,-0.18895343961533617,-0.057999999999999996,0.2826947150996175,-0.09674768085295016,111.21215362314463,-9.556160374494452,0.14506721497192823,0.1920553260520827,0.1569568305885043,-2528.2365524309107,-2358.0591438372794,0.0,0.4444444444444444,0.0,0.1
2.8166666666666664,21.004589124839242,3.0662697228103175,21.227217771444714,-0.5587355424130795,-0.18863930806168575,-0.057999999999999996,0.28371918005948593,-0.10037446104495817,111.53608384243755,-9.698408144658751,0.14495703073238786,0.19196561482749383,0.1568246459651766,-2527.1947482422065,-2356.3122388010943,0.0,0.4444444444444444,0.0,0.1
2.8333333333333335,21.00933458680652,3.0645404443851496,21.231663804696442,-0.5618744413026,-0.18833393337122803,-0.057999999999999996,0.284727718036751,-0.10375670551006344,111.85961754149511,-9.841738524456336,0.14484415104774703,0.19187268974675512,0.15669032401183577,-2526.1154358778695,-2354.536528868962,0.0,0.4444444444444444,0.0,0.1
2.85,21.01409658081141,3.0627587848674938,21.23611891287937,-0.5650083954933242,-0.1880372514434471,-0.057999999999999996,0.2857196402933905,-0.10689957105934722,112.18275159434323,-9.986149712547999,0.14472876553675287,0.19177674492846272,0.15655404947430338,-2525.0008510068437,-2352.7344308853335,0.0,0.4444444444444444,0.0,0.1
2.8666666666666667,21.018874819101143,3.0609286478429123,21.240583392370123,-0.5681375487301413,-0.18774919420903025,-0.057999999999999996,0.2866942973838904,-0.10980822147489144,112.50548289568678,-10.131639888359315,0.14461105973623986,0.19167797061502076,0.1564160027964663,-2523.8531852728674,-2350.9083075619737,0.0,0.4444444444444444,0.0,0.1
2.8833333333333333,21.023669003736483,3.0590538507716256,21.245057515586794,-0.5712620435598214,-0.18746968978080253,-0.057999999999999996,0.28765107812050017,-0.11248782427721071,112.82780836028715,-10.278207213023466,0.14449121509706583,0.19157655316018637,0.1562763601251642,-2522.674586230716,-2349.0604675535483,0.0,0.4444444444444444,0.0,0.1
2.9,21.028478827212282,3.0571381249790095,21.249541531565228,-0.5743820212698741,-0.18719866260316612,-0.057999999999999996,0.2885894085478765,-0.11494354755695868,113.1497249223431,-10.42584983029798,0.14436940898258777,0.19147267501924267,0.15613529331752585,-2521.4671573013143,-2347.1931655521335,0.0,0.4444444444444444,0.0,0.1
2.9166666666666665,21.03330397306108,3.0551851156978196,21.25403566653563,-0.5774976218298746,-0.18693603360002764,-0.057999999999999996,0.28950875092793293,-0.1171805568713915,113.47122953487526,-10.574565867455584,0.14424581466963202,0.19136651474175423,0.1559929699507089,-2520.2329577457813,-2345.308602400987,0.0,0.4444444444444444,0.0,0.1
2.933333333333333,21.03814411644001,3.0531983821610527,21.25854012449891,-0.5806089838352279,-0.1866817203211931,-0.057999999999999996,0.2904086027356625,-0.11920401220602539,113.79231916911493,-10.7243534361494,0.1441206013519124,0.19125824696685978,0.15584955333399522,-2518.9740026584673,-2343.4089252278723,0.0,0.4444444444444444,0.0,0.1
2.95,21.04299892470112,3.0511813977443536,21.26305508780226,-0.583716244453348,-0.18643563708720767,-0.057999999999999996,0.29128849566662374,-0.12101906500195048,114.11299081389727,-10.875210633252651,0.1439939341458496,0.19114804242105574,0.15570520252319484,-2517.692262979036,-2341.4962275981975,0.0,0.4444444444444444,0.0,0.1
2.966666666666667,21.047868057945397,3.049137550156864,21.267580717713397,-0.586819539372225,-0.1861976951326152,-0.057999999999999996,0.2921479946567286,-0.1226308552493598,114.43324147505955,-11.027135541673164,0.1438659740987433,0.1910360679184232,0.15556007233730815,-2516.389665523608,-2339.5725496881882,0.0,0.4444444444444444,0.0,0.1
2.9833333333333334,21.052751169560647,3.0470701416794017,21.27211715499309,-0.5899190027513518,-0.18596780274760963,-0.057999999999999996,0.2929866969149274,-0.12404450864773864,114.75306817484478,-11.180126231142854,0.14373687819924788,0.19092248636325077,0.15541431337739628,-2515.0680930349813,-2337.6398784782637,0.0,0.4444444444444444,0.0,0.1
3.0,21.05764790674347,3.044982389448847,21.276664520465403,-0.5930147671749859,-0.18574586541804974,-0.057999999999999996,0.29380423096930486,-0.12526513383328108,115.07246795131103,-11.334180758982447,0.14360679939010174,0.19080745675500418,0.15526807204760798,-2513.7293842519134,-2335.7001479667624,0.0,0.4444444444444444,0.0,0.1
3.0166666666666666,21.062557911005587,3.042877425787613,21.28122291558528,-0.596106963607716,-0.18553178596380565,-0.057999999999999996,0.29460025572708237,-0.1262978196740323,115.39143785774671,-11.489297170841693,0.14347588658305885,0.1906911341955931,0.15512149057830982,-2512.375333997431,-2333.755239404097,0.0,0.4444444444444444,0.0,0.1
3.033333333333333,21.067480818664738,3.0407582985770594,21.285792423003,-0.599195721352306,-0.18532546467540512,-0.057999999999999996,0.2953744595489367,-0.12714763263322304,115.70997496209249,-11.645473501415314,0.14334428467597107,0.1905736698988851,0.1549747070512663,-2511.0076932861225,-2331.806981547403,0.0,0.4444444444444444,0.0,0.1
3.05,21.07241626132037,3.0386279716737037,21.29037310712513,-0.6022811680097885,-0.1851267994489463,-0.057999999999999996,0.2961265593380291,-0.12781961420134236,116.02807634636979,-11.802707775134945,0.14321213457196807,0.19045521120241568,0.15482785542681526,-2509.6281694503336,-2329.8571509356857,0.0,0.4444444444444444,0.0,0.1
3.0666666666666664,21.07736386631444,3.0364893253670804,21.29496501467156,-0.6053634294417759,-0.1849356859192426,-0.057999999999999996,0.29685629964407245,-0.12831877839738626,116.34573910611641,-11.960998006837356,0.14307957320068115,0.19033590158124217,0.154681065572982,-2508.238426285172,-2327.907472185434,0.0,0.4444444444444444,0.0,0.1
3.0833333333333335,21.082323257177485,3.0343451568780853,21.299568175228252,-0.608442629734962,-0.18475201759116466,-0.057999999999999996,0.2975634517827199,-0.12865010933971233,116.66296034982952,-12.120342202409207,0.14294673354145712,0.19021588066388956,0.15453446329647677,-2506.840084212198,-2325.9596183066374,0.0,0.4444444444444444,0.0,0.1
3.1,21.087294054060326,3.032198180896636,21.30418260179538,-0.611518891167781,-0.18457568596914448,-0.057999999999999996,0.29824781297053404,-0.1288185588869597,116.97973719841626,-12.280738359408629,0.14281374464850646,0.19009528425033462,0.15438817037551747,-2505.434720461671,-2324.01521103909,0.0,0.4444444444444444,0.0,0.1
3.1166666666666667,21.09227587415159,3.03005103015748,21.308808291330504,-0.6145923341791945,-0.18440658068480537,-0.057999999999999996,0.2989092054757313,-0.12882904434936293,117.29606678465235,-12.442184467663916,0.14268073167793022,0.18997424433197474,0.15424230459441957,-2504.023869273182,-2322.0758212088367,0.0,0.4444444444444444,0.0,0.1
3.1333333333333333,21.097268332081338,3.0279062560529657,21.313445225286472,-0.6176630773395725,-0.18424458962268314,-0.057999999999999996,0.29954747578487473,-0.12868644627085546,117.6119462526488,-12.604678509849634,0.14254781591656962,0.1898528891135272,0.15409697977989523,-2502.609022114483,-2320.14296910457,0.0,0.4444444444444444,0.0,0.1
3.15,21.1022710403111,3.0257663292815953,21.318093370143746,-0.6207312373236392,-0.18408959904400235,-0.057999999999999996,0.3001624937856475,-0.1283956062822269,117.92737275732715,-12.768218462040421,0.14241511481262073,0.18973134303680367,0.15395230583900146,-2501.191627918317,-2318.2181248737625,0.0,0.4444444444444444,0.0,0.1
3.1666666666666665,21.107283609510528,3.0236336405311683,21.32275267793686,-0.6237969288854471,-0.1839414937084729,-0.057999999999999996,0.30075415196579736,-0.1279613250256224,118.24234346390324,-12.93280229424281,0.14228274200795715,0.18960972680630453,0.153808388798678,-2499.773093337008,-2316.3027089382613,0.0,0.4444444444444444,0.0,0.1
3.183333333333333,21.112305648921,3.0215105011953254,21.32742308677481,-0.6268602648353483,-0.18380015699407254,-0.057999999999999996,0.3013223646283235,-0.12738836015059052,118.55685554738005,-13.098427970905382,0.14215080737210267,0.18948815741657743,0.1536653308468148,-2498.354783014568,-2314.3980924290636,0.0,0.4444444444444444,0.0,0.1
3.2,21.117336766706384,3.019399144122295,21.332104521355028,-0.629921356018928,-0.18366547101478134,-0.057999999999999996,0.30186706712292943,-0.12668142438183017,118.87090619204953,-13.265093451407548,0.14201941703779578,0.18936674818128324,0.15352323037478852,-2496.938019876045,-2312.505597639938,0.0,0.4444444444444444,0.0,0.1
3.216666666666667,21.12237657029128,3.0173017243946485,21.336796893470794,-0.6329803112978653,-0.1835373167362353,-0.057999999999999996,0.302388215093751,-0.12584518365879394,119.18449259100376,-13.43279669052731,0.1418886734380868,0.1892456087639131,0.1533821820214067,-2495.524085433812,-2310.6264984995305,0.0,0.4444444444444444,0.0,0.1
3.2333333333333334,21.127424666687002,3.0152203201388628,21.341500102511837,-0.6360372375326864,-0.18341557408926712,-0.057999999999999996,0.30288578374333,-0.12488425534715164,119.49761194565556,-13.6015356388883,0.14175867534490968,0.1891248452100995,0.15324227671819923,-2494.1142201105017,-2308.762021061564,0.0,0.4444444444444444,0.0,0.1
3.25,21.13248066280555,3.013156933363493,21.34621403595792,-0.6390922395673747,-0.18330012208130345,-0.057999999999999996,0.3033597671127881,-0.12380320652217369,119.81026146526881,-13.771308243386462,0.14162951790906841,0.18900455998146398,0.15310360173599585,-2492.7096235782296,-2306.9133440127175,0.0,0.4444444444444444,0.0,0.1
3.2666666666666666,21.13754416576185,3.0111134908247603,21.350938569865253,-0.6421454202158012,-0.18319083890558888,-0.057999999999999996,0.30381017737811944,-0.122606552323961,120.12243836649851,-13.942112447596678,0.14150129270157957,0.18888485199094437,0.15296624073272774,-2491.311455113778,-2305.081599197727,0.0,0.4444444444444444,0.0,0.1
3.283333333333333,21.142614783164557,3.0090918449183532,21.355673569345516,-0.645196880249938,-0.18308760204820881,-0.057999999999999996,0.30423704416250774,-0.12129875438442284,120.4341398729409,-14.113946192159709,0.1413740877563113,0.18876581663954345,0.15283027380239295,-2489.9208339693487,-2303.267872161237,0.0,0.4444444444444444,0.0,0.1
3.3,21.147692123395633,3.007093774596256,21.360418889037387,-0.6482467183898194,-0.18299028839288434,-0.057999999999999996,0.3046404138645521,-0.11988421932584004,120.74536321469357,-14.286807415149775,0.14124798761385954,0.18864754585444188,0.15269577752512384,-2488.538839758514,-2301.473202705905,0.0,0.4444444444444444,0.0,0.1
3.3166666666666664,21.152775795879002,3.0051209863074093,21.36517437357041,-0.6512950312952113,-0.1828987743235142,-0.057999999999999996,0.30502034900225794,-0.11836729733079521,121.0561056279258,-14.460694052423143,0.14112307336660235,0.18853012812841768,0.152562825018296,-2487.166512856948,-2299.698585466236,0.0,0.4444444444444444,0.0,0.1
3.3333333333333335,21.157865411338545,3.0031751149610226,21.36993985802106,-0.654341913558952,-0.18281293582444028,-0.057999999999999996,0.30537692757264134,-0.11675228078319488,121.36636435445931,-14.635604037948049,0.14099942270487323,0.18841364856051393,0.15243148598861733,-2485.804854817528,-2297.9449704975955,0.0,0.4444444444444444,0.0,0.1
3.35,21.162960582045656,3.0012577249113552,21.37471516836092,-0.6573874577019255,-0.1827326485784152,-0.057999999999999996,0.3057102424267749,-0.11504340298003735,121.67613664135929,-14.811535304116335,0.14087710996419442,0.1882981888978982,0.15230182678513787,-2484.45482879937,-2296.2132638798503,0.0,0.4444444444444444,0.0,0.1
3.3666666666666667,21.168060922056657,2.999370310962796,21.379500121896843,-0.6604317541696297,-0.18265778806225194,-0.057999999999999996,0.3060204006600865,-0.1132448369135508,121.98541974053613,-14.988485782037149,0.14075620617351164,0.18818382757885543,0.15217391045311893,-2483.1173600103402,-2294.504328335039,0.0,0.4444444444444444,0.0,0.1
3.3833333333333333,21.173166047440287,2.997514299394075,21.384294527703037,-0.6634748913302987,-0.18258822964013774,-0.057999999999999996,0.30630752301771225,-0.11136069412323124,122.29421090835753,-15.166453401813062,0.14063677910437178,0.1880706397768573,0.1520477967887033,-2481.793336162596,-2292.81898385849,0.0,0.4444444444444444,0.0,0.1
3.4,21.17827557649553,2.995691049000454,21.389098187044926,-0.6665169554745419,-0.18252384865459617,-0.057999999999999996,0.3065717433146923,-0.10939502361728559,122.60250740527145,-15.345436092798982,0.14051889332098585,0.18795869744565116,0.1519235423943262,-2480.4836079406673,-2291.1580083627537,0.0,0.4444444444444444,0.0,0.1
3.4166666666666665,21.183389129960045,2.9939018521527387,21.39391089379483,-0.66955803081646,-0.1824645205150834,-0.057999999999999996,0.3068132078707846,-0.10735181086290435,122.91030649543967,-15.525431783844216,0.14040261023111922,0.18784806936531204,0.15180120073480916,-2479.188989481607,-2289.5221383337416,0.0,0.4444444444444444,0.0,0.1
3.433333333333333,21.18850633120937,2.992147935871993,21.398732434839282,-0.6725981994961968,-0.1824101207842065,-0.057999999999999996,0.3070320749596639,-0.10523497684475336,123.2176054463821,-15.706438403518055,0.14028798813775262,0.18773882118920096,0.1516808221940787,-2477.9102588667083,-2287.91206949842,0.0,0.4444444444444444,0.0,0.1
3.4499999999999997,21.19362680644724,2.9904304629188094,21.40356259047806,-0.6756375415838893,-0.18236052526155377,-0.057999999999999996,0.30722851427227205,-0.10304837719101201,123.52440152863196,-15.888453880319254,0.14017508229145684,0.18763101549177422,0.15156245413245237,-2476.648158624284,-2286.328457503411,0.0,0.4444444444444444,0.0,0.1
3.466666666666667,21.198750184887142,2.9887505328960393,21.408401134814785,-0.6786761350849748,-0.18231561006512975,-0.057999999999999996,0.3074027063940591,-0.10079580136621713,123.83069201540171,-16.07147614286977,0.14006394494342564,0.18752471181718788,0.15144614094443562,-2475.4033962430076,-2284.7719186038526,0.0,0.4444444444444444,0.0,0.1
3.4833333333333334,21.203876098925406,2.98710918336387,21.413247836139124,-0.6817140559468147,-0.18227525171038786,-0.057999999999999996,0.3075548422958777,-0.09848097193015581,124.13647418225985,-16.25550312009313,0.1399546253991113,0.18741996672864272,0.151331924116974,-2474.17664469528,-2283.2430303618353,0.0,0.4444444444444444,0.0,0.1
3.5,21.209004184306043,2.985507390966171,21.418102457300574,-0.6847513780665956,-0.18223932718685817,-0.057999999999999996,0.307685122838259,-0.09610754386195142,124.4417453068185,-16.44053274137783,0.13984717007240866,0.18731683385841535,0.1512198422881053,-2472.968542970118,-2281.742332353768,0.0,0.4444444444444444,0.0,0.1
3.5166666666666666,21.21413408027752,2.9839460725670293,21.422964756073807,-0.6877881733004684,-0.18220771403236782,-0.057999999999999996,0.30779375828881206,-0.09367910394850787,124.74650266843193,-16.62656293672607,0.13974162254033295,0.1872153639585217,0.15110993130595832,-2471.779696615015,-2280.2703268859814,0.0,0.4444444444444444,0.0,0.1
3.533333333333333,21.21926542974173,2.9824260863964236,21.42783448551557,-0.6908245114738826,-0.18218029040485464,-0.057999999999999996,0.3078809678524872,-0.09119917023633306,125.0507435479058,-16.813591636888297,0.1396380235981397,0.18711560495195997,0.15100222428804416,-2470.610678286259,-2278.8274797178974,0.0,0.4444444444444444,0.0,0.1
3.55,21.2243978793953,2.980948233203993,21.432711394313174,-0.6938604603930788,-0.18215693515177656,-0.057999999999999996,0.3079469792144254,-0.0886711915458358,125.35446522721725,-17.00161677348383,0.13953641131483305,0.1870176019844807,0.15089675168078884,-2469.46202830716,-2277.4142207920936,0.0,0.4444444444444444,0.0,0.1
3.5666666666666664,21.229531079863552,2.979513257419876,21.43759522712455,-0.6968960858576975,-0.18213752787712104,-0.057999999999999996,0.30799202809513593,-0.08609854704703812,125.65766498924577,-17.190636279108016,0.13943682108901218,0.18692139747683215,0.15079354131925543,-2468.3342552336526,-2276.0309449705765,0.0,0.4444444444444444,0.0,0.1
3.5833333333333335,21.23466468582718,2.9781218483216145,21.44248572490994,-0.6999314516744645,-0.18212194900602133,-0.057999999999999996,0.3080163578177244,-0.08348454589567744,125.96034011751482,-17.380648087426252,0.13933928570500512,0.18682703117743046,0.1506926184870061,-2467.227836426732,-2274.6780127765924,0.0,0.4444444444444444,0.0,0.1
3.6,21.23979835614196,2.9767746412061378,21.4473826252552,-0.7029666196719142,-0.18211007984698765,-0.057999999999999996,0.30802021888690867,-0.08083242692859294,126.26248789594405,-17.571650133255247,0.13924383538924018,0.1867345402154049,0.15059400597605482,-2466.143218631199,-2273.355751141306,0.0,0.4444444444444444,0.0,0.1
3.6166666666666667,21.24493175395162,2.9754722185658493,21.45228566268683,-0.7060016497161102,-0.18210180265176407,-0.057999999999999996,0.308003868579553,-0.07814535841730086,126.56410560861231,-17.763640352631906,0.13915049786680703,0.18664395915396795,0.15049772414686258,-2465.0808185601436,-2272.0644541546685,0.0,0.4444444444444444,0.0,0.1
3.6333333333333333,21.25006454679406,2.9742151112678736,21.45719456897868,-0.7090365997273239,-0.1820970006728233,-0.057999999999999996,0.30796757054645585,-0.07542643787855363,126.8651905395311,-17.956616682870216,0.13905929841815934,0.1865553200440636,0.15040379098832918,-2464.0410234846645,-2270.8043838198246,0.0,0.4444444444444444,0.0,0.1
3.65,21.255196406701145,2.9730037997355283,21.462109073450428,-0.7120715256976324,-0.18209555821851361,-0.057999999999999996,0.30791159442512583,-0.07267869194071963,127.16573997242855,-18.150577062606466,0.13897025993591308,0.18646865247824543,0.15031222217773504,-2463.0241918282763,-2269.575770810387,0.0,0.4444444444444444,0.0,0.1
3.6666666666666665,21.2603270102922,2.971838715131115,21.46702890325795,-0.7151064817093971,-0.18209736070587415,-0.057999999999999996,0.3078362154632892,-0.06990507626477438,127.46575119054393,-18.34551943183321,0.1388834029816949,0.18638398364473827,0.15022303114058952,-2462.0306537654624,-2268.3788152299444,0.0,0.4444444444444444,0.0,0.1
3.683333333333333,21.265456038861416,2.9707202405391384,21.471953783675495,-0.7181415199545826,-0.18210229471113615,-0.057999999999999996,0.30774171415286433,-0.06710847551859933,127.76522147643236,-18.541441731922312,0.13879874584299623,0.18630133838163895,0.150136229110342,-2461.0607118238695,-2267.2136873731497,0.0,0.4444444444444444,0.0,0.1
3.6999999999999997,21.27058317845932,2.969648712149082,21.476883438369853,-0.7211766907548814,-0.18211024801793,-0.057999999999999996,0.30762837587416136,-0.06429170340338342,128.0641481117799,-18.73834190563744,0.13871630458998993,0.1862207392312106,0.1500518251879139,-2460.1146414895998,-2266.080528487758,0.0,0.4444444444444444,0.0,0.1
3.716666666666667,21.275708119968485,2.9686244204369028,21.48181758966655,-0.7242120425826017,-0.18212110966321926,-0.057999999999999996,0.30749649055004713,-0.061457502730765334,128.36252837722878,-18.93621789713638,0.13863609313226777,0.1861422064942281,0.14996982640101145,-2459.1926918151007,-2264.9794515369986,0.0,0.4444444444444444,0.0,0.1
3.7333333333333334,21.280830559173648,2.9676476113444124,21.486755958808143,-0.7272476220822848,-0.18213476998098457,-0.057999999999999996,0.30734635230983653,-0.05860854554943051,128.6603595522126,-19.135067651963507,0.1385581232754577,0.18606575828433225,0.14989023776317892,-2458.2950860291326,-2263.9105419616662,0.0,0.4444444444444444,0.0,0.1
3.75,21.28595019682636,2.966718487455749,21.491698266204647,-0.7302834740930128,-0.18215112064368175,-0.057999999999999996,0.3071782591626694,-0.05574743331982113,128.95763891480163,-19.334889117032795,0.13848240477768095,0.18599141058235105,0.14981306233255526,-2457.4220221483147,-2262.873858441335,0.0,0.4444444444444444,0.0,0.1
3.7666666666666666,21.291066738704362,2.9658372091701555,21.49664423167629,-0.7333196416713711,-0.18217005470150036,-0.057999999999999996,0.30699251268013883,-0.05287669713559895,129.25436374155785,-19.535680240601696,0.138408945405811,0.18591917729054888,0.1497383012702962,-2456.5736735897544,-2261.869433654105,0.0,0.4444444444444444,0.0,0.1
3.783333333333333,21.296179895665826,2.965003895870314,21.50159357468854,-0.7363561661150286,-0.18219146661944982,-0.057999999999999996,0.306789417687942,-0.04999879799047946,129.5505313073998,-19.73743897223624,0.13833775099149684,0.18584907028676373,0.14966595389862739,-2455.7501897842685,-2260.8972750343146,0.0,0.4444444444444444,0.0,0.1
3.8,21.3012893836986,2.964218627085496,21.506546014579637,-0.7393930869869003,-0.18221525231230207,-0.057999999999999996,0.30656928196632893,-0.04711612708908186,129.84613888547693,-19.94016326276772,0.13826882548691416,0.1857810994783954,0.14959601775849313,-2454.951696789728,-2259.9573655276554,0.0,0.4444444444444444,0.0,0.1
3.8166666666666664,21.306394923964586,2.9634814436488233,21.511501270780585,-0.7424304421398573,-0.18224130917742062,-0.057999999999999996,0.3063324159591354,-0.04423100620037301,130.14118374705353,-20.143851064241268,0.13820217102021018,0.18571527285620734,0.14952848866676902,-2454.178297904037,-2259.0496643431497,0.0,0.4444444444444444,0.0,0.1
3.8333333333333335,21.31149624283944,2.962792348847951,21.516459063027806,-0.7454682677419491,-0.18226953612550767,-0.057999999999999996,0.306079132491183,-0.041345688052333074,130.43566316140198,-20.3485003298567,0.13813778795060816,0.1856515965479072,0.1494633607730059,-2453.4300742773166,-2258.1741077014567,0.0,0.4444444444444444,0.0,0.1
3.85,21.31659307194767,2.962151309568511,21.5214191115685,-0.7485065983021041,-0.18229983360930133,-0.057999999999999996,0.30580974649384607,-0.038462356766414185,130.72957439570507,-20.554109013901936,0.13807567492313888,0.18559007487147122,0.14940062661567516,-2452.7070855228076,-2257.330609578999,0.0,0.4444444444444444,0.0,0.1
3.8666666666666667,21.32168514819331,2.961558257429671,21.526381137358808,-0.7515454666962751,-0.18233210365025693,-0.057999999999999996,0.30552457473858374,-0.035583128330390235,131.0229147149677,-20.760675071679316,0.13801582892296838,0.18553071038817945,0.14934027717788642,-2452.0093703260904,-2256.519062447405,0.0,0.4444444444444444,0.0,0.1
3.8833333333333333,21.32677221378628,2.961013089911201,21.531344862254937,-0.7545849041939958,-0.18236624986324695,-0.057999999999999996,0.30522393557824323,-0.032710051108192584,131.31568138193714,-20.96819645942519,0.13795824532929174,0.18547350395532963,0.1492823019425497,-2451.336947052164,-2255.7393380077906,0.0,0.4444444444444444,0.0,0.1
3.9,21.331854016264547,2.960515671471446,21.536310009197255,-0.7576249404853177,-0.18240217747931517,-0.057999999999999996,0.3049081486959503,-0.029845106385300912,131.60787165703238,-21.176671134223035,0.13790291796876425,0.18541845477859906,0.14922668894695604,-2450.6898143499857,-2254.9912879194253,0.0,0.4444444444444444,0.0,0.1
3.9166666666666665,21.336930308512237,2.9600658346556408,21.541276302387555,-0.7606656037080931,-0.18243979336652136,-0.057999999999999996,0.3045775348614004,-0.026990208948306282,131.8994827982818,-21.38609705391046,0.1378498391684421,0.18536556046402425,0.14917342483675033,-2450.0679517540643,-2254.2747445223054,0.0,0.4444444444444444,0.0,0.1
3.933333333333333,21.34200084877381,2.9596633811940207,21.54624346745954,-0.763706920475575,-0.18247900604891426,-0.057999999999999996,0.3042324156943874,-0.02414720769720846,132.1905120612697,-21.5964721769804,0.1377989998082067,0.1853148170695704,0.14912249491927398,-2449.4713202827056,-2253.5895215532387,0.0,0.4444444444444444,0.0,0.1
3.9499999999999997,21.347065400664402,2.959308083089203,21.55121123164265,-0.7667489159043028,-0.18251972572367073,-0.057999999999999996,0.3038731134353836,-0.02131788628906639,132.48095669909063,-21.807794462476775,0.1377503893726475,0.18526621915626257,0.14907388321625356,-2448.8998630325405,-2252.9354148550046,0.0,0.4444444444444444,0.0,0.1
3.966666666666667,21.35212373317645,2.958999683692343,21.55617932391936,-0.7697916136422435,-0.1825618642764398,-0.057999999999999996,0.3034999507230267,-0.018503963811594915,132.77081396231247,-22.020061869884994,0.13770399600237876,0.18521975983885308,0.14902757251581447,-2448.353505768966,-2252.3122030782,0.0,0.4444444444444444,0.0,0.1
3.9833333333333334,21.357175620682757,2.9587378987675876,21.561147475176025,-0.772835035897159,-0.1826053352949314,-0.057999999999999996,0.30311325037834635,-0.01570709548533822,133.060081098947,-22.233272359017505,0.1376598065447685,0.18517543083599944,0.14898354442379957,-2447.8321575121354,-2251.719648375394,0.0,0.4444444444444444,0.0,0.1
4.0,21.362220842936015,2.958522417544371,21.566115418347426,-0.7758792034651721,-0.18265005408078935,-0.057999999999999996,0.3027133351955785,-0.012928873393014406,133.34875535442848,-22.44742388989474,0.13761780660405729,0.1851332225199288,0.14894177941437373,-2447.3357111181635,-2251.1574970872316,0.0,0.4444444444444444,0.0,0.1
4.016666666666667,21.367259185065006,2.958352903757126,21.571082888555065,-0.7789241357595019,-0.18269593765978964,-0.057999999999999996,0.30230052773943117,-0.010170827234695867,133.63683397160003,-22.662514422621733,0.13757798059084697,0.18509312396556696,0.1489022568798962,-2446.8640438552197,-2250.6254804201326,0.0,0.4444444444444444,0.0,0.1
4.033333333333333,21.372290437567482,2.958228996672002,21.57604962323941,-0.781969850839342,-0.18274290479040456,-0.057999999999999996,0.3018751501486545,-0.007434425107452292,133.92431419070724,-22.878541917260684,0.13754031177093987,0.185055122999109,0.14886495518004503,-2446.417017974188,-2250.1233151152833,0.0,0.4444444444444444,0.0,0.1
4.05,21.377314396299912,2.9581503121001997,21.58101536228613,-0.7850163654388549,-0.18279087597077423,-0.057999999999999996,0.3014375239457808,-0.004721074308132067,134.21119324939932,-23.095504333699733,0.13750478231351038,0.18501920624601198,0.14882985169017726,-2445.9944812735857,-2249.6507041085833,0.0,0.4444444444444444,0.0,0.1
4.066666666666666,21.382330862464126,2.9581164433975675,21.585979848146458,-0.7880636949962571,-0.1828397734441273,-0.057999999999999996,0.30098796985291076,-0.002032122157943572,134.49746838273722,-23.313399631518248,0.13747137333859222,0.18498535917838974,0.14879692284891124,-2445.596267658466,-2249.2073371812826,0.0,0.4444444444444444,0.0,0.1
4.083333333333333,21.387339642591016,2.9581269624501085,21.5909428259518,-0.7911118536829685,-0.1828895212026924,-0.057999999999999996,0.30052680761341766,0.0006311431524528288,134.7831368232089,-23.53222576984885,0.13744006496386502,0.18495356616179148,0.14876614420491743,-2445.222197693009,-2248.7928916010205,0.0,0.4444444444444444,0.0,0.1
4.1,21.39234054852134,2.958181420645086,21.595904043622717,-0.7941608544328043,-0.1829400449901428,-0.057999999999999996,0.3000543558194483,0.003267491698640157,135.06819580075123,-23.751980707236456,0.13741083635072604,0.18492381050134699,0.14873749046290616,-2444.8720791465616,-2248.4070327530153,0.0,0.4444444444444444,0.0,0.1
4.116666666666666,21.397333397383758,2.9582793498274227,21.600863251972356,-0.7972107089711812,-0.18299127230261666,-0.057999999999999996,0.29957093174511495,0.0058757509401958785,135.35264254277865,-23.9726624014946,0.1373836657496329,0.18489607448726203,0.14871093552880094,-2444.5457075328472,-2248.049414761171,0.0,0.4444444444444444,0.0,0.1
4.133333333333333,21.402318011570177,2.9584202632411185,21.605820204804466,-0.8002614278443204,-0.18304313238835473,-0.057999999999999996,0.2990768511852562,0.008454804821752315,135.63647427421824,-24.19426880955924,0.13735853054470476,0.18487033943964898,0.14868645255408763,-2444.2428666421324,-2247.7196810988676,0.0,0.4444444444444444,0.0,0.1
4.15,21.407294218708504,2.9586036564554283,21.61077465900614,-0.8033130204484203,-0.1830955562459984,-0.057999999999999996,0.2985724282996711,0.01100359285858632,135.919688217551,-24.41679788734035,0.1373354072975704,0.18484658575267832,0.1486640139793304,-2443.96332906612,-2247.417465189242,0.0,0.4444444444444444,0.0,0.1
4.166666666666667,21.412261851632884,2.958829008275561,21.61572637463534,-0.8063654950587802,-0.18314847662159037,-0.057999999999999996,0.2980579754627172,0.013521109207947912,136.2022815928593,-24.640247589571477,0.13731427179045247,0.18482479293803783,0.14864359157684706,-2443.706856715345,-2247.142390994766,0.0,0.4444444444444444,0.0,0.1
4.183333333333334,21.41722074835152,2.959095781637683,21.620675115003344,-0.8094188588588522,-0.18320182800432008,-0.057999999999999996,0.29753380311818134,0.016006401727320263,136.48425161788018,-24.86461586965751,0.13729509906847853,0.18480493966768777,0.1486251564925359,-2443.473201328901,-2246.894073595942,0.0,0.4444444444444444,0.0,0.1
4.2,21.42217075201218,2.959403424488029,21.625620646752257,-0.8124731179692032,-0.18325554662105648,-0.057999999999999996,0.2970002196393221,0.01845857102077275,136.76559550806448,-25.089900679520913,0.1372778634812098,0.1847870038159,0.14860867928684943,-2443.262104976278,-2246.672119758973,0.0,0.4444444444444444,0.0,0.1
4.216666666666667,21.42711171086541,2.959751370645938,21.630562739927644,-0.815528277476365,-0.18330957042970986,-0.057999999999999996,0.2964575311939993,0.020876769474531987,137.04631047664154,-25.31609996944659,0.1372625387233803,0.18477096250057184,0.14859412997490865,-2443.07330055118,-2246.476128492262,0.0,0.4444444444444444,0.0,0.1
4.233333333333333,21.43204347822566,2.960139040650653,21.635501168046446,-0.8185843414615561,-0.1833638391114648,-0.057999999999999996,0.29590604161479717,0.023260200282892995,137.3263937346891,-25.543211687925623,0.13724909787483922,0.18475679212380455,0.14858147806575472,-2442.9065122571224,-2246.305691591599,0.0,0.4444444444444444,0.0,0.1
4.25,21.436965912430225,2.960565842591746,21.64043570816023,-0.8216413130292549,-0.18341829406192597,-0.057999999999999996,0.29534605227405997,0.02560811646557548,137.60584249120868,-25.77123378149809,0.1372375134396911,0.18474446841173864,0.14857069260073438,-2442.7614560846887,-2246.160394173953,0.0,0.4444444444444444,0.0,0.1
4.266666666666667,21.441878876796288,2.9610311729230387,21.645366140913968,-0.8246991943356086,-0.1834728783812177,-0.057999999999999996,0.294777861963759,0.027919819877552765,137.88465395320574,-26.000164194595133,0.13722775738462817,0.18473396645363774,0.14856174219101667,-2442.637840280298,-2246.0398151997515,0.0,0.4444444444444444,0.0,0.1
4.283333333333333,21.446782239575956,2.9615344172599127,21.65029225060035,-0.8277579866166599,-0.1835275368630789,-0.057999999999999996,0.29420176678010745,0.03019466021243078,138.16282532577497,-26.230000869380515,0.13721980117645124,0.18472526074021592,0.1485545950542397,-2442.5353658063686,-2245.943527983574,0.0,0.4444444444444444,0.0,0.1
4.3,21.451675873909505,2.9620749511599187,21.655213825209856,-0.8308176902163764,-0.18358221598299362,-0.057999999999999996,0.2936180600128523,0.032432034000348775,138.44035381218995,-26.460741745591807,0.1372136158187753,0.18471832520120063,0.14854921905028637,-2442.453726792754,-2245.871100693188,0.0,0.4444444444444444,0.0,0.1
4.316666666666666,21.456559657776825,2.9626521408866093,21.660130656476568,-0.8338783046144663,-0.1836368638853976,-0.057999999999999996,0.2930270320391618,0.03463138360143292,138.7172366139976,-26.692384760381408,0.13720917188791787,0.1847131332421284,0.14854558171618934,-2442.3926109793624,-2245.8220968368787,0.0,0.4444444444444444,0.0,0.1
4.333333333333333,21.461433473947192,2.9632653441565378,21.66504253991993,-0.8369398284539663,-0.1836914303700007,-0.057999999999999996,0.2924289702220425,0.03679219619571228,138.99347093111686,-26.92492784815758,0.13720643956796755,0.18470965778036735,0.14854365030016575,-2442.351700149861,-2245.796075739026,0.0,0.4444444444444444,0.0,0.1
4.35,21.46629720992741,2.963913910869379,21.66994927488254,-0.8400022595685874,-0.18374586687726469,-0.057999999999999996,0.2918241588132118,0.03891400277046486,139.26905396194144,-27.15836894042565,0.13720538868503238,0.18470787128036487,0.14854339179478362,-2442.3306705563964,-2245.792593003903,0.0,0.4444444444444444,0.0,0.1
4.366666666666666,21.47115075790842,2.9645971838211436,21.674850664564023,-0.8430655950098054,-0.18380012647307492,-0.057999999999999996,0.29121287886035563,0.04099637710588411,139.54398290344676,-27.392705965629556,0.13720598874066753,0.18470774578811627,0.14854477296926127,-2442.329193335254,-2245.8112009676784,0.0,0.4444444444444444,0.0,0.1
4.383333333333333,21.4759940147104,2.965314499400476,21.67974651605114,-0.8461298310736828,-0.18385416383264486,-0.057999999999999996,0.29059540811870765,0.04303893475993803,139.81825495130056,-27.627936848993887,0.13720820894448266,0.18470925296485408,0.14854776040090373,-2442.346934913405,-2245.8514491386204,0.0,0.4444444444444444,0.0,0.1
4.4,21.480826881726514,2.9660651882680305,21.68463664034424,-0.849194963327411,-0.18390793522369073,-0.057999999999999996,0.28997202096688335,0.045041332053274985,140.09186729997728,-27.864059512366563,0.13721201824593,0.18471236411995537,0.14855232050567851,-2442.3835574058967,-2245.912884625508,0.0,0.4444444444444444,0.0,0.1
4.416666666666667,21.485649264865295,2.9668485760189474,21.689520852380124,-0.8522609866355595,-0.18396139848891407,-0.057999999999999996,0.2893429883268982,0.04700326505500607,140.36481714287584,-28.101071874062324,0.1372173853652749,0.18471705024306814,0.14855841956793572,-2442.4387190040347,-2245.9950525542704,0.0,0.4444444444444444,0.0,0.1
4.433333333333334,21.490461074491765,2.9676639838284498,21.694398971051452,-0.8553278951860233,-0.18401451302782842,-0.057999999999999996,0.28870857758831625,0.0489244685701431,140.63710167244082,-28.338971848707143,0.1372242788237516,0.18472328203545574,0.14856602376927655,-2442.5120743543557,-2246.0974964728794,0.0,0.4444444444444444,0.0,0.1
4.45,21.495262225367373,2.9685107290806076,21.699270819222754,-0.858395682515656,-0.18406723977796668,-0.057999999999999996,0.288069052536456,0.05080471512947371,140.9087180802868,-28.577757347083704,0.1372326669729065,0.18473102994056095,0.1485750992165759,-2442.6032749283436,-2246.219758744545,0.0,0.4444444444444444,0.0,0.1
4.466666666666667,21.500052636588784,2.9693881259803176,21.704136223743188,-0.861464341535581,-0.18411954119550422,-0.057999999999999996,0.2874246732845992,0.0526438139825971,141.1796635573257,-28.817426275978097,0.13724251802313325,0.1847402641737912,0.14858561196916462,-2442.7119693829018,-2246.3613809292433,0.0,0.4444444444444444,0.0,0.1
4.483333333333333,21.50483223152562,2.970295486148565,21.708995015456097,-0.8645338645561699,-0.1841713812353329,-0.057999999999999996,0.2867756962101371,0.05444161009485615,141.44993529389694,-29.057976538027805,0.13725380007140298,0.18475095475152645,0.14859752806517762,-2442.8378039115732,-2246.521904153665,0.0,0.4444444444444444,0.0,0.1
4.5,21.509600937757195,2.9712321192010456,21.713847029205514,-0.8676042433116802,-0.18422272533061984,-0.057999999999999996,0.28612237389459416,0.056197983148832176,141.71953047990036,-29.299406031571166,0.1372664811281952,0.18476307151935312,0.14861081354707517,-2442.980422586514,-2246.7008694696274,0.0,0.4444444444444444,0.0,0.1
4.516666666666667,21.51435868700832,2.97219733331023,21.71869210383965,-0.870675468984545,-0.18427354037188476,-0.057999999999999996,0.2854649550674684,0.05791284655106255,141.9884463049316,-29.541712650498358,0.13728052914363384,0.1847765841795269,0.14862543448634377,-2443.139467691245,-2246.8978182010337,0.0,0.4444444444444444,0.0,0.1
4.533333333333333,21.519105415084216,2.9731904357509737,21.723530082211497,-0.8737475322293055,-0.1843237946856283,-0.057999999999999996,0.2848036845538303,0.059586146444634114,142.25667995842002,-29.784894284104066,0.13729591203283428,0.18479146231766824,0.14864135700738512,-2443.314580044196,-2247.1122922794766,0.0,0.4444444444444444,0.0,0.1
4.55,21.523841061804642,2.9742107334297776,21.728360811176632,-0.8768204231961811,-0.18437345801254387,-0.057999999999999996,0.28413880322561713,0.061217860728225215,142.52422862976857,-30.028948816941906,0.13731259770046794,0.18480767542869503,0.14865854731060102,-2443.505399313088,-2247.3438345685636,0.0,0.4444444444444444,0.0,0.1
4.566666666666666,21.528565570937253,2.9752575333978144,21.733184141588303,-0.8798941315542702,-0.18442250148534417,-0.057999999999999996,0.2834705479565638,0.06280799808221094,142.79108950849616,-30.2738741286807,0.1373305540645501,0.18482519294199684,0.14867697169468236,-2443.7115643201782,-2247.591989177076,0.0,0.4444444444444444,0.0,0.1
4.583333333333333,21.533278890130266,2.976330143347854,21.737999928289877,-0.8829686465143741,-0.18447089760623298,-0.057999999999999996,0.2827991515807149,0.06435659700236007,143.05725978438159,-30.519668093962718,0.13734974907945902,0.18484398424585635,0.14869659657811185,-2443.932713338423,-2247.856301761059,0.0,0.4444444444444444,0.0,0.1
4.6,21.537980970844508,2.977427872095215,21.742808030104797,-0.8860439568514417,-0.18451862022405238,-0.057999999999999996,0.28212484285444994,0.06586372484166292,143.32273664760947,-30.766328582263963,0.13737015075819262,0.1848640187111234,0.14871738851988894,-2444.168484378613,-2248.1363198149693,0.0,0.4444444444444444,0.0,0.1
4.616666666666666,21.542671768284873,2.978550030042895,21.747608309824017,-0.8891200509266273,-0.18456564451113464,-0.057999999999999996,0.2814478464219716,0.06732947686080148,143.58751728891787,-31.013853457756554,0.1373917271938717,0.18488526571414798,0.14873931423948702,-2444.418515467535,-2248.4315929519903,0.0,0.4444444444444444,0.0,0.1
4.633333333333333,21.547351241331274,2.9796959296310237,21.75240063419116,-0.8921969167089587,-0.18461194693988703,-0.057999999999999996,0.2807683827841885,0.06875397528772176,143.8515988997473,-31.262240579173348,0.13741444658049656,0.1849076946589784,0.14876234063605273,-2444.682444917232,-2248.741673173653,0.0,0.4444444444444444,0.0,0.1
4.65,21.552019352469124,2.9808648857708033,21.75718487388534,-0.895274541796611,-0.18465750525913768,-0.057999999999999996,0.2800866682709353,0.0701373683867752,144.11497867239123,-31.5114877996748,0.13743827723296687,0.18493127499883177,0.14878643480685716,-2444.9599115854203,-2249.066115128879,0.0,0.4444444444444444,0.0,0.1
4.666666666666667,21.556676067719398,2.9820562162631012,21.761960903501773,-0.8983529134377822,-0.18470229847026912,-0.057999999999999996,0.2794029150164745,0.07147982953787446,144.37765380014787,-31.761592966718187,0.13746318760637208,0.18495597625684393,0.14881156406501012,-2445.250555127167,-2249.4044763626057,0.0,0.4444444444444444,0.0,0.1
4.683333333333334,21.561321356568367,2.9832692422018683,21.76672860153034,-0.9014320185511683,-0.18474630680316598,-0.057999999999999996,0.2787173309382155,0.07278155632603145,144.6396214774729,-32.01255392192924,0.1374891463145629,0.18498176804610653,0.14883769595644722,-2445.554016237877,-2249.756317554111,0.0,0.4444444444444444,0.0,0.1
4.7,21.56595519189701,2.9845032883625633,21.77148785033206,-0.904511843746035,-0.18478951169200256,-0.057999999999999996,0.2780301197185848,0.07404276964170142,144.9008789001335,-32.26436850097622,0.1375161221480121,0.18500862008899913,0.1488647982762016,-2445.869936887706,-2250.1212027452066,0.0,0.4444444444444444,0.0,0.1
4.716666666666667,21.570577549910176,2.985757683575768,21.776238536113638,-0.9075923753418832,-0.1848318957508947,-0.057999999999999996,0.2773414807899971,0.0752637127922755,145.16142326536303,-32.517034533446534,0.1375440840909749,0.18503650223582446,0.14889283908397088,-2446.1979605474717,-2250.4986995584404,0.0,0.4444444444444444,0.0,0.1
4.733333333333333,21.575188410065557,2.9870317610861856,21.780980548900107,-0.9106735993877072,-0.18487344274944023,-0.057999999999999996,0.2766516093228567,0.07644465062505912,145.42125177201643,-32.770549842725934,0.13757300133795872,0.18506538448275564,0.14892178671899067,-2446.5377324061737,-2250.888379405462,0.0,0.4444444444444444,0.0,0.1
4.75,21.5797877550025,2.98832485889722,21.785713782505702,-0.9137555016808434,-0.1849141375881713,-0.057999999999999996,0.2759606962165342,0.07758586866207207,145.6803616207265,-33.0249122458803,0.13760284330951203,0.1850952369891039,0.14895160981422648,-2446.8888995802145,-2251.2898176857198,0.0,0.4444444444444444,0.0,0.1
4.766666666666667,21.58437557047072,2.9896363201013356,21.790438134502992,-0.9168380677854091,-0.1849539662739411,-0.057999999999999996,0.27526892809324777,0.07868767224693407,145.93875001406045,-33.28011955354011,0.1376335796673432,0.185126030093916,0.1489822773098954,-2447.2511113144315,-2251.702593975637,0.0,0.4444444444444444,0.0,0.1
4.783333333333333,21.588951845258965,2.9909654931964047,21.795153506190363,-0.9199212830503303,-0.184992915895267,-0.057999999999999996,0.27457648729479767,0.07975038570414705,146.196414156677,-33.5361695697876,0.13766518032877914,0.18515773433191038,0.14901375846632953,-2447.6240191750408,-2252.126292208453,0.0,0.4444444444444444,0.0,0.1
4.8,21.593516571123665,2.992311732388255,21.799859802557922,-0.9230051326269578,-0.185030974597651,-0.057999999999999996,0.27388355188207947,0.08077435151100687,146.45335125548377,-33.79306009204668,0.1376976154805753,0.18519032044876207,0.14904602287619273,-2448.007277234619,-2252.560500844872,0.0,0.4444444444444444,0.0,0.1
4.816666666666666,21.59806974271762,2.993674397879628,21.8045569322519,-0.9260896014862728,-0.185068131558898,-0.057999999999999996,0.2731902956373211,0.08175992948238875,146.70955851979468,-34.050788910975584,0.1377308555920868,0.18522375941574556,0.1490790404760633,-2448.400542249222,-2253.004813034714,0.0,0.4444444444444444,0.0,0.1
4.833333333333333,21.602611357518768,2.9950528561457714,21.809244807537603,-0.9291746744356804,-0.18510437696445178,-0.057999999999999996,0.272496888068978,0.08270749596861782,146.96503316148775,-34.30935381036233,0.13776487142781257,0.1852580224437457,0.1491127815573943,-2448.803473827776,-2253.4588267697236,0.0,0.4444444444444444,0.0,0.1
4.85,21.607141415759088,2.9964464801968815,21.81392334426102,-0.9322603361353932,-0.18513970198276733,-0.057999999999999996,0.27180349441921714,0.08361744306661834,147.21977239516258,-34.56875256702303,0.13779963405932305,0.1852930809966466,0.1491472167768637,-2449.2157345938404,-2253.922145027715,0.0,0.4444444444444444,0.0,0.1
4.866666666666666,21.611659920353652,2.997854649827624,21.818592461809114,-0.9353465711144054,-0.18517409874073812,-0.057999999999999996,0.27111027567393464,0.08449017784455082,147.47377343829788,-34.82898295070297,0.13783511487658298,0.18532890680410916,0.14918231716612726,-2449.6369903398895,-2254.3943759082413,0.0,0.4444444444444444,0.0,0.1
4.883333333333333,21.616166876829908,2.999276751853958,21.823252083068876,-0.9384333637860587,-0.18520756029919572,-0.057999999999999996,0.27041738857523534,0.08532612158004138,147.72703351140873,-35.09004272398061,0.13787128559868028,0.1853654718737469,0.1492180541409852,-2450.066910174219,-2254.875132759937,0.0,0.4444444444444444,0.0,0.1
4.9,21.62066229325718,3.0007121803374948,21.827902134385216,-0.9415206984632003,-0.1852400806284989,-0.057999999999999996,0.26972498563631275,0.08612570901220984,147.9795498382035,-35.351929642174426,0.1379081182839728,0.18540274850271143,0.14925439950997677,-2450.505166660623,-2255.3640342997483,0.0,0.4444444444444444,0.0,0.1
4.916666666666667,21.62514618017649,3.002160336797621,21.83254254551775,-0.9446085593729374,-0.18527165458422817,-0.057999999999999996,0.26903321515866174,0.08688938760757203,148.23131964574043,-35.614641453252645,0.13794558533966403,0.18544070928869694,0.14929132548241345,-2450.9514359509512,-2255.8607047241985,0.0,0.4444444444444444,0.0,0.1
4.933333333333334,21.629618550530683,3.0036206304116204,21.837173249596553,-0.9476969306709875,-0.18530227788300166,-0.057999999999999996,0.26834222125156215,0.08761761683997271,148.4823401645837,-35.87817589774586,0.13798365953081956,0.18547932714037588,0.14932880467586448,-2451.4053979106952,-2256.3647738128893,0.0,0.4444444444444444,0.0,0.1
4.95,21.63407941959491,3.0050924782030304,21.841794183076914,-0.9507857964556279,-0.18533194707842696,-0.057999999999999996,0.2676521438537651,0.08831086748459693,148.7326086289589,-36.142530708662555,0.13802231398883574,0.18551857528727558,0.1493668101231063,-2451.866736237731,-2256.8758770244062,0.0,0.4444444444444444,0.0,0.1
4.966666666666667,21.638528804907533,3.0065753052184667,21.846405285693173,-0.9538751407812479,-0.18536065953720354,-0.057999999999999996,0.2669631187573185,0.08896962092618832,148.9821222769079,-36.40770361140749,0.13806152221937226,0.1855584272891069,0.14940531527854872,-2452.335138574344,-2257.3936555848145,0.0,0.4444444444444444,0.0,0.1
4.983333333333333,21.642966726201426,3.0080685446931583,21.851006500411703,-0.9569649476715044,-0.18538841341538906,-0.057999999999999996,0.2662752776334616,0.08959436848150304,149.23087835044282,-36.67369232370305,0.13810125810976007,0.18559885704455606,0.1494442940241504,-2452.810296612686,-2257.917756568925,0.0,0.4444444444444444,0.0,0.1
5.0,21.647393205335767,3.009571638205426,21.855597773383085,-0.9600552011320851,-0.1854152076348429,-0.057999999999999996,0.2655887480605279,0.0901856107360608,149.47887409569952,-36.940494555513425,0.13814149593589664,0.18563983879955032,0.14948372067483542,-2453.291906193789,-2258.44783297451,0.0,0.4444444444444444,0.0,0.1
5.016666666666667,21.65180826622833,3.0110840358203466,21.860179053893532,-0.9631458851630827,-0.18544104185985913,-0.057999999999999996,0.26490365355379186,0.090743856895243,149.72610676308975,-37.2081080089717,0.13818221036863984,0.18568134715500872,0.14952356998342375,-2453.7796674002743,-2258.9835437896486,0.0,0.4444444444444444,0.0,0.1
5.033333333333333,21.65621193478828,3.0126051962228426,21.864750294315627,-0.9662369837709828,-0.18546591647400087,-0.057999999999999996,0.2642201135971838,0.0912696241497506,149.9725736074527,-37.47653037830984,0.13822337647971228,0.18572335707408894,0.14956381714508812,-2454.2732846429053,-2259.5245540533797,0.0,0.4444444444444444,0.0,0.1
5.05,21.66060423884956,3.014134586840433,21.869311450058397,-0.9693284809802686,-0.18548983255714716,-0.057999999999999996,0.26353824367681755,0.09176343705542678,150.21827188820535,-37.74575934979153,0.13826496974712776,0.18576584388894107,0.14960443780134858,-2454.772466741102,-2260.070534909845,0.0,0.4444444444444444,0.0,0.1
5.066666666666666,21.664985208104834,3.015671683955891,21.87386247951684,-0.972420360844648,-0.1855127918627631,-0.057999999999999996,0.26285815531626233,0.09222582692745807,150.46319886949186,-38.01579260164785,0.13830696606015144,0.18580878330697972,0.14964540804361834,-2455.2769269975765,-2260.621163656102,0.0,0.4444444444444444,0.0,0.1
5.083333333333333,21.66935487404006,3.01721597281004,21.878403344020874,-0.9755126074579047,-0.18553479679540327,-0.057999999999999996,0.26217995611348976,0.0926573312489345,150.70735182033158,-38.286627804015865,0.13834934172380506,0.18585215141668532,0.14968670441631157,-2455.7863832672147,-2261.1761237837723,0.0,0.4444444444444444,0.0,0.1
5.1,21.67371326986972,3.0187669476949353,21.88293400778383,-0.978605204964379,-0.18555585038845815,-0.057999999999999996,0.2615037497794357,0.09305849309373171,150.950728014766,-38.55826261887993,0.13839207346292895,0.18589592469294533,0.14972830391952627,-2456.30055802034,-2261.7351050147167,0.0,0.4444444444444444,0.0,0.1
5.116666666666666,21.678060430472687,3.020324112037664,21.887454437850504,-0.9816981375690815,-0.18557595628215218,-0.057999999999999996,0.2608296361781076,0.09342986056372071,151.19332473200444,-38.83069470001591,0.1384351384258125,0.1859400800019474,0.1497701840113135,-2456.8191784005157,-2262.2978033309005,0.0,0.4444444444444444,0.0,0.1
5.133333333333333,21.682396392328823,3.0218869784750004,21.89196460404481,-0.9847913895474449,-0.18559511870180237,-0.057999999999999996,0.26015771136817367,0.09377198624019245,151.43513925656822,-39.103921692938115,0.13847851418740398,0.1859845946056342,0.14981232260954516,-2457.341976277002,-2262.863920998626,0.0,0.4444444444444444,0.0,0.1
5.15,21.686721193456254,3.023455068919159,21.896464478917085,-0.9878849452547174,-0.18561334243634517,-0.057999999999999996,0.2594880676459753,0.09408542664951858,151.6761688784337,-39.37794123484902,0.13852217875211129,0.18602944616573186,0.14985469809339214,-2457.868688292014,-2263.433166587311,0.0,0.4444444444444444,0.0,0.1
5.166666666666667,21.69103487334942,3.025027914614874,21.90095403769114,-0.990978789135003,-0.18563063281713893,-0.057999999999999996,0.25882079358988586,0.09437074174291293,151.91641089317372,-39.65275095459173,0.13856611055620535,0.18607461274736223,0.14989728930442384,-2458.3990559029276,-2264.0052549829647,0.0,0.4444444444444444,0.0,0.1
5.183333333333334,21.695337472917853,3.0266050561880453,21.905433258211,-0.9940729057299539,-0.18564699569704943,-0.057999999999999996,0.25815597410596525,0.09462849439027421,152.15586260209744,-39.928348472605144,0.1386102884698365,0.18612007282225076,0.14994007554734165,-2458.93282541955,-2264.579907396555,0.0,0.4444444444444444,0.0,0.1
5.2,21.699629034425765,3.0281860436861785,21.909902120887473,-0.9971672796871176,-0.18566243742982427,-0.057999999999999996,0.2574936904748386,0.09485924988799077,152.39452131238897,-40.204731400881805,0.13865469179867565,0.18616580527153961,0.1499830365903569,-2459.469748036608,-2265.156851367414,0.0,0.4444444444444444,0.0,0.1
5.216666666666667,21.70390960143243,3.0297704366108555,21.91436060864455,-1.000261895767947,-0.1856769648497628,-0.057999999999999996,0.25683402039974157,0.09506357548063216,152.63238433724408,-40.48189734292843,0.13869930028519092,0.18621178938821756,0.15002615266522484,-2460.0095798615803,-2265.7358207618527,0.0,0.4444444444444444,0.0,0.1
5.233333333333333,21.708179218733356,3.0313578039424627,21.918808706865654,-1.0033567388554752,-0.18569058525168664,-0.057999999999999996,0.2561770380556644,0.09524203989642999,152.8694489960055,-40.759843893729,0.13874409410957084,0.18625800487917724,0.1500694044669465,-2460.5520819380054,-2266.3165557671537,0.0,0.4444444444444444,0.0,0.1
5.25,21.712437932302347,3.032947724157403,21.923246403339842,-1.0064517939616622,-0.18570330637121638,-0.057999999999999996,0.25552281413953826,0.09539521289642527,153.1057126142965,-41.03856863971055,0.13878905389030458,0.18630443186691006,0.15011277315314783,-2461.0970202644094,-2266.8988028810927,0.0,0.4444444444444444,0.0,0.1
5.266666666666667,21.71668578923437,3.0345397852380227,21.927673688207932,-1.0095470462344183,-0.18571513636535877,-0.057999999999999996,0.25487141592140117,0.09552366483719021,153.34117252415274,-41.318069158711396,0.13883416068443044,0.1863510508908497,0.15015624034314928,-2461.6441658089716,-2267.48231489716,0.0,0.4444444444444444,0.0,0.1
5.283333333333333,21.72092283768931,3.0361335846754725,21.932090553908612,-1.0126424809643084,-0.18572608379340888,-0.057999999999999996,0.2542229072964811,0.09562796624698278,153.5758260641525,-41.59834301995199,0.13887939598746277,0.18639784290837386,0.15019978811673443,-2462.193294520072,-2268.0668508856224,0.0,0.4444444444444444,0.0,0.1
5.3,21.725149126836612,3.037728729465726,21.93649699512461,-1.0157380835909446,-0.18573615759817116,-0.057999999999999996,0.2535773488381392,0.09570868741522087,153.80967057954493,-41.8793877840082,0.13892474173300778,0.1864447892954757,0.1502433990126298,-2462.7441873328335,-2268.6521761705976,0.0,0.4444444444444444,0.0,0.1
5.316666666666666,21.729364706800805,3.039324836098978,21.940893008728896,-1.0188338397090697,-0.18574536708750283,-0.057999999999999996,0.25293479785161477,0.09576639799513531,154.04270342237675,-42.161201002787095,0.13897018029207905,0.18649187184711402,0.1502870560267055,-2463.296630171806,-2269.2380623032777,0.0,0.4444444444444444,0.0,0.1
5.333333333333333,21.733569628607945,3.040921530542636,21.945278593730986,-1.0219297350743395,-0.18575372191618264,-0.057999999999999996,0.2522953084285082,0.0958016666194692,154.27492195161702,-42.44378021950508,0.13901569447212228,0.1865390727772532,0.15033074260990764,-2463.8504139499064,-2269.824287031467,0.0,0.4444444444444444,0.0,0.1
5.35,21.73776394413298,3.0425184482181207,21.949653751223398,-1.025025755608808,-0.1857612320681079,-0.057999999999999996,0.25165893150195484,0.09581506052907063,154.50632353328,-42.72712296866848,0.13906126751575992,0.18658637471860234,0.15037444266593195,-2464.405334563742,-2270.4106342655637,0.0,0.4444444444444444,0.0,0.1
5.366666666666666,21.74194770604802,3.044115233971691,21.954018484328223,-1.0281218874061218,-0.18576790783882205,-0.057999999999999996,0.2510257149024192,0.09580714521423284,154.7369055405463,-43.011226776056446,0.13910688309926555,0.18663376072206378,0.1504181405486495,-2464.9611928854442,-2270.996894041145,0.0,0.4444444444444444,0.0,0.1
5.383333333333333,21.74612096777159,3.0457115420395016,21.95837279814394,-1.031218116736428,-0.1857737598183749,-0.057999999999999996,0.25039570341407136,0.09577848406863554,154.9666653538819,-43.2960891587061,0.1391525253307775,0.18668121425590065,0.1504618210592937,-2465.5177947511293,-2271.5828624782957,0.0,0.4444444444444444,0.0,0.1
5.4,21.750283783418784,3.047307036007097,21.962716699692425,-1.0343144300510034,-0.18577879887451718,-0.057999999999999996,0.24976893883167195,0.09572963805571222,155.19560036115556,-43.581707624900055,0.13919817874826176,0.18672871920463324,0.15050546944341864,-2466.074950946117,-2272.168341737811,0.0,0.4444444444444444,0.0,0.1
5.416666666666667,21.754436207752416,3.048901388763552,21.967050197866204,-1.0374108139866072,-0.18578303613623082,-0.057999999999999996,0.24914546001792626,0.09566116538729696,155.42370795775403,-43.86807967415602,0.13924382831723361,0.1867762598676735,0.15054907138763823,-2466.6324771870104,-2272.7531399744216,0.0,0.4444444444444444,0.0,0.1
5.433333333333334,21.758578296135102,3.050494282450458,21.97137330337602,-1.0405072553695671,-0.18578648297759617,-0.057999999999999996,0.24852530296125142,0.09557362121437674,155.6509855466955,-44.155202797218706,0.13928945942824741,0.1868238209577072,0.1505926130161556,-2467.19019410077,-2273.337071287171,0.0,0.4444444444444444,0.0,0.1
5.45,21.762710104482334,3.0520854084059543,21.97568602869867,-1.0436037412196004,-0.18578915100199672,-0.057999999999999996,0.24790850083389626,0.09546755732977497,155.8774305387409,-44.44307447605377,0.13933505789416348,0.1868713875988333,0.15063608088709188,-2467.747927200888,-2273.9199556670806,0.0,0.4444444444444444,0.0,0.1
5.466666666666667,21.766831689216506,3.0536744671039977,21.979988388025202,-1.046700258753378,-0.18579105202666193,-0.057999999999999996,0.24729508405037592,0.0953435218826022,156.10304035250348,-44.73169218384394,0.13938060994720194,0.1869189453244691,0.15067946198862361,-2468.3055068607787,-2274.501618942225,0.0,0.4444444444444444,0.0,0.1
5.483333333333333,21.770943107221942,3.0552611680890696,21.98428039720945,-1.049796795387837,-0.1857921980675484,-0.057999999999999996,0.2466850803261632,0.09520205910429924,156.32781241455618,-45.021053384987084,0.13942610223579158,0.18696648007503056,0.1507227437349374,-2468.8627682844954,-2275.0818927203545,0.0,0.4444444444444444,0.0,0.1
5.5,21.775044415800885,3.056845229906504,21.98856207371695,-1.0528933387432464,-0.1857926013245594,-0.057999999999999996,0.24607851473658704,0.09504370904606985,156.55174415953712,-45.3111555350964,0.13947152182122316,0.1870139781953968,0.1507659139620109,-2469.4195514748917,-2275.660614329183,0.0,0.4444444444444444,0.0,0.1
5.516666666666667,21.77913567263048,3.05842638002863,21.9928334365743,-1.0559898766460314,-0.18579227416710226,-0.057999999999999996,0.2454754097758991,0.09486900732756043,156.77483303025306,-45.60199608100246,0.13951685617411558,0.1870614264321671,0.15080896092322837,-2469.975701199324,-2276.2376267544637,0.0,0.4444444444444444,0.0,0.1
5.533333333333333,21.783216935720755,3.0600043547769062,21.997094506318902,-1.0590863971313644,-0.18579122911998316,-0.057999999999999996,0.24487578541644972,0.0946784848965696,156.99707647778087,-45.89357246075729,0.13956209317070353,0.18710881193071924,0.1508518732848395,-2470.5310669530068,-2276.812778575975,0.0,0.4444444444444444,0.0,0.1
5.55,21.787288263373554,3.0615788992402333,22.00134530494915,-1.062182888445525,-0.18578947884963873,-0.057999999999999996,0.24427965916793848,0.09447266779962149,157.21847196156696,-46.18588210364021,0.13960722108895485,0.1871561222320777,0.15089464012126963,-2471.0855029201302,-2277.38592390153,0.0,0.4444444444444444,0.0,0.1
5.566666666666666,21.7913497141425,3.06314976718962,22.005585855875143,-1.0652793390480368,-0.18578703615070297,-0.057999999999999996,0.243687046136687,0.09425207696320204,157.43901694952478,-46.478922430165575,0.1396522286045259,0.18720334526959995,0.15093725091028917,-2471.638867932834,-2277.956922299128,0.0,0.4444444444444444,0.0,0.1
5.583333333333333,21.795401346793913,3.0647167209893778,22.00981618386982,-1.0683757376135854,-0.18578391393290883,-0.057999999999999996,0.24309795908489829,0.09401722798547807,157.6587089181302,-46.77269085209228,0.1396971047865629,0.1872504693654889,0.15097969552805068,-2472.1910254281406,-2278.52563872735,0.0,0.4444444444444444,0.0,0.1
5.6,21.799443220268742,3.066279531505016,22.01403631502064,-1.0714720730337242,-0.18578012520832246,-0.057999999999999996,0.24251240848985123,0.09376863093831833,157.87754535251494,-47.067184772435034,0.13974183909335713,0.1872974832271397,0.15102196424400083,-2472.741843402955,-2279.0919434641223,0.0,0.4444444444444444,0.0,0.1
5.616666666666666,21.80347539364546,3.067837978008006,22.018246276681786,-1.0745683344183727,-0.1857756830789089,-0.057999999999999996,0.2419304026029987,0.09350679017939134,158.09552374655794,-47.36240158547728,0.13978642136786207,0.18734437594332862,0.15106404771567492,-2473.2911943672098,-2279.6557120339376,0.0,0.4444444444444444,0.0,0.1
5.633333333333333,21.80749792610394,3.0693918480775757,22.02244609742689,-1.0776645110971133,-0.18577060072442722,-0.057999999999999996,0.24135194750892353,0.09323220417419131,158.31264160297488,-47.65833867678582,0.13983084183307917,0.18739113698025187,0.15110593698338193,-2473.8389552952694,-2280.216825133655,0.0,0.4444444444444444,0.0,0.1
5.65,21.811510876890342,3.070940937499705,22.026635807002332,-1.0807605926202908,-0.1857648913906529,-0.057999999999999996,0.24077704718411486,0.09294536532776387,158.52889643340544,-47.95499342322703,0.13987509108732077,0.18743775617742203,0.1511476234647861,-2474.385007575676,-2280.7751685569615,0.0,0.4444444444444444,0.0,0.1
5.666666666666667,21.815514305282935,3.072485050163471,22.03081543628112,-1.0838565687599229,-0.18575856837792556,-0.057999999999999996,0.24020570355552895,0.09264675982596016,158.74428575849876,-48.25236319298464,0.13991916009935662,0.187484223743429,0.15118909894939353,-2474.929236959328,-2281.3306331176054,0.0,0.4444444444444444,0.0,0.1
5.683333333333334,21.819508270558917,3.0740239979549044,22.034985017217316,-1.0869524295104231,-0.18575164503001976,-0.057999999999999996,0.23963791655889544,0.09233686748601144,158.95880710799693,-48.550445345579035,0.13996304020345152,0.1875305302515735,0.15123035559294967,-2475.4715335061856,-2281.8831145715017,0.0,0.4444444444444444,0.0,0.1
5.7,21.823492831962195,3.0755576006485086,22.039144582801125,-1.0900481650891454,-0.18574413472333567,-0.057999999999999996,0.23907368419673747,0.09201616161624093,159.17245802081635,-48.84923723188806,0.14000672309430076,0.18757666663538,0.15127138591175493,-2476.011791530581,-2282.4325135377862,0.0,0.4444444444444444,0.0,0.1
5.716666666666667,21.82746804867213,3.077085685796587,22.043294167014533,-1.0931437659367522,-0.18573605085640787,-0.057999999999999996,0.23851300259606822,0.09168510888470571,159.38523604512716,-49.1487361941692,0.14005020082187036,0.18762262418399522,0.1513121827769049,-2476.5499095452274,-2282.9787354189293,0.0,0.4444444444444444,0.0,0.1
5.733333333333333,21.831433979773227,3.07860808861653,22.047433804787627,-1.0962392227174145,-0.18572740683972883,-0.057999999999999996,0.2379558660657337,0.09134416919659216,159.59713873843083,-49.44893956608325,0.14009346578614867,0.18766839453748085,0.15135273940846122,-2477.0857902040116,-2283.521690319978,0.0,0.4444444444444444,0.0,0.1
5.75,21.835390684225782,3.0801246518761993,22.051563531955495,-1.0993345263188459,-0.1857182160858843,-0.057999999999999996,0.2374022671533681,0.09099379558015075,159.8081636676357,-49.7498446727192,0.14013651073181585,0.18771396968200538,0.15139304936956038,-2477.619340243635,-2284.061292967035,0.0,0.4444444444444444,0.0,0.1
5.766666666666667,21.83933822083748,3.081635225777549,22.055683385215833,-1.1024296678521792,-0.1857084919999977,-0.057999999999999996,0.23685219670193425,0.09063443408098903,160.0183084091306,-50.05144883062058,0.14017932874283737,0.1877593419449425,0.15143310656046494,-2478.1504704242025,-2284.5974626250345,0.0,0.4444444444444444,0.0,0.1
5.783333333333333,21.84327664823591,3.0831396678386245,22.059793402087163,-1.1055246386516873,-0.18569824797048007,-0.057999999999999996,0.23630564390581388,0.09026652366453591,160.22757054885653,-50.35374934781294,0.14022191323698804,0.18780450398988244,0.15147290521256482,-2478.67909546882,-2285.130123014916,0.0,0.4444444444444444,0.0,0.1
5.8,21.847206024842016,3.0846378427740655,22.063893620867717,-1.1086194302743553,-0.18568749736008244,-0.057999999999999996,0.23576259636642904,0.08989049612646838,160.43594768237642,-50.656743523832645,0.1402642579603123,0.18784944881156232,0.15151243988233307,-2479.2051340022913,-2285.6592022302652,0.0,0.4444444444444444,0.0,0.1
5.816666666666666,21.851126408844472,3.0861296223742474,22.06798408059504,-1.1117140344993095,-0.18567625349724715,-0.057999999999999996,0.2352230401473583,0.08950677601090673,160.64343741494315,-50.960428649756764,0.14030635698152674,0.1878941697307215,0.1515517054452426,-2479.7285084889722,-2286.1846326534983,0.0,0.4444444444444444,0.0,0.1
5.833333333333333,21.855037858174953,3.0876148853831844,22.07206482100622,-1.1148084433271055,-0.18566452966775454,-0.057999999999999996,0.23468695982892585,0.08911578053622504,160.8500373615655,-51.2648020082342,0.1403482046863706,0.18793866038888823,0.15159069708964892,-2480.249145169864,-2286.7063508716674,0.0,0.4444444444444444,0.0,0.1
5.85,21.858940430484324,3.0890935173753213,22.076135882498832,-1.1179026489788833,-0.18565233910666173,-0.057999999999999996,0.23415433856224444,0.08871791952822639,161.05574514707234,-51.56986087351783,0.14038979577190988,0.18798291474310314,0.15162941031064414,-2480.766973999013,-2287.224297591959,0.0,0.4444444444444444,0.0,0.1
5.866666666666666,21.862834183119702,3.0905654106313305,22.080197306092582,-1.120996643895392,-0.18563969499052924,-0.057999999999999996,0.23362515812267515,0.08831359536055672,161.26055840617494,-51.875602511497775,0.14043112524080031,0.18802692706058532,0.15166784090388785,-2481.2819285792816,-2287.738417556951,0.0,0.4444444444444444,0.0,0.1
5.883333333333333,21.866719173102414,3.0920304640130323,22.08424913339164,-1.1240904207358908,-0.18562661042993214,-0.057999999999999996,0.23309939896269538,0.08790320290211939,161.46447478352752,-52.182024179735606,0.14047218839551448,0.1880706919133466,0.15170598495941937,-2481.7939460975617,-2288.2486594597062,0.0,0.4444444444444444,0.0,0.1
5.9,21.870595457106816,3.0934885828375545,22.08829140654767,-1.1271839723769284,-0.18561309846225188,-0.057999999999999996,0.23257704026414516,0.08748712947133086,161.66749193378593,-52.48912312749964,0.1405129808325386,0.18811420417275923,0.15174383885545653,-2482.302967259487,-2288.754975858751,0.0,0.4444444444444444,0.0,0.1
5.916666666666667,21.87446309143998,3.0949396787508383,22.092324168223595,-1.1302772919110073,-0.1855991720447444,-0.057999999999999996,0.23205805998983575,0.08706575479703016,161.86960752166465,-52.79689659580107,0.14055349843654322,0.1881574590040824,0.1517813992521855,-2482.808936223717,-2289.257323093019,0.0,0.4444444444444444,0.0,0.1
5.933333333333334,21.878322132022223,3.096383669600603,22.096347461558047,-1.1333703726451387,-0.18558484404788117,-0.057999999999999996,0.23154243493449977,0.08663945098585923,162.07081922199188,-53.105341817431096,0.1405937373745336,0.18820045186095255,0.15181866308554648,-2483.3118005358424,-2289.7556611968116,0.0,0.4444444444444444,0.0,0.1
5.95,21.882172634368473,3.0978204793088677,22.100361330130553,-1.136463208099288,-0.1855701272489585,-0.057999999999999996,0.23103014077506334,0.08620858249590535,162.27112471976304,-53.414456016998834,0.14063369408998352,0.18824317847984245,0.1518556275610194,-2483.8115110619765,-2290.2499538148377,0.0,0.4444444444444444,0.0,0.1
5.966666666666667,21.886014653570477,3.0992500377441425,22.104365817927434,-1.1395557920047208,-0.18555503432597167,-0.057999999999999996,0.23052115212022817,0.08577350611647816,162.4705217101925,-53.72423641097012,0.14067336529695787,0.18828563487449415,0.15189229014741407,-2484.3080219220933,-2290.740168117385,0.0,0.4444444444444444,0.0,0.1
5.983333333333333,21.8898482442798,3.1006722805933724,22.10836096930841,-1.1426481183022499,-0.18553957785174915,-0.057999999999999996,0.23001544255934014,0.08533457095379315,162.66900789876348,-54.034680207707076,0.14071274797422806,0.18832781733032988,0.15192864857066904,-2484.801290423155,-2291.2262747156888,0.0,0.4444444444444444,0.0,0.1
6.0,21.893673460691645,3.102087149233746,22.112346828973962,-1.145740181140389,-0.185523770288343,-0.057999999999999996,0.22951298471053705,0.08489211842240874,162.86658100127667,-54.34578460750844,0.14075183935938448,0.18836972239884622,0.15196470080766272,-2485.291276992098,-2291.708247577536,0.0,0.4444444444444444,0.0,0.1
6.016666666666667,21.897490356529445,3.1034945906044498,22.11632344193336,-1.1488319748734168,-0.18550762398167114,-0.057999999999999996,0.22901375026815707,0.08444648224223439,163.0632387438967,-54.65754680265063,0.14079063694295038,0.18841134689199526,0.15200044508004124,-2485.777945108716,-2292.186063943168,0.0,0.4444444444444444,0.0,0.1
6.033333333333333,21.90129898503027,3.1048945570784654,22.1202908534735,-1.151923494059357,-0.18549115115640744,-0.057999999999999996,0.22851771004939436,0.08399798844094919,163.25897886319737,-54.96996397742946,0.1408291384625011,0.18845268787655747,0.15203587984806613,-2486.261261238497,-2292.659704241526,0.0,0.4444444444444444,0.0,0.1
6.05,21.90509939893094,3.106287006334493,22.12424910912836,-1.1550147334578755,-0.18547436391111471,-0.057999999999999996,0.22802483404019425,0.08354695536164058,163.45379910620514,-55.28303330820256,0.14086734189679262,0.1884937426685104,0.1520710038044862,-2486.7411947654687,-2293.1291520068876,0.0,0.4444444444444444,0.0,0.1
6.066666666666666,21.908891650454947,3.1076719012290845,22.128198254649277,-1.1581056880281024,-0.1854572742136172,-0.057999999999999996,0.2275350914403711,0.0830936936754969,163.64769723044103,-55.59675196343239,0.14090524545990268,0.18853450882739686,0.15210581586843616,-2487.2177179250784,-2293.594393795937,0.0,0.4444444444444444,0.0,0.1
6.083333333333333,21.912675791300078,3.1090492096690747,22.132138335975863,-1.1611963529263791,-0.1854398938966073,-0.057999999999999996,0.227048450707945,0.08263850639941639,163.840671003961,-55.91111710372982,0.14094284759538928,0.18857498415069723,0.15214031517936613,-2487.690805737185,-2294.0554191053147,0.0,0.4444444444444444,0.0,0.1
6.1,21.91645187262679,3.11041890448438,22.136069399207713,-1.1642867235039371,-0.18542223465348273,-0.057999999999999996,0.22656487960268368,0.08218168891831557,164.03271820539493,-56.22612588189833,0.14098014697046843,0.18861516666820854,0.15217450109100478,-2488.160435939169,-2294.512220289696,0.0,0.4444444444444444,0.0,0.1
6.116666666666666,21.920219945047272,3.111780963301247,22.13999149057678,-1.1673767953045107,-0.1854043080344095,-0.057999999999999996,0.22608434522883758,0.08172352901202151,164.22383662398383,-56.54177544297863,0.14101714247021618,0.1886550546364354,0.15220837316535937,-2488.6265889192387,-2294.964792480417,0.0,0.4444444444444444,0.0,0.1
6.133333333333333,21.923980058615225,3.1131353684160232,22.143904656420485,-1.1704665640618874,-0.18538612544260638,-0.057999999999999996,0.22560681407707583,0.08126430688656106,164.41402405961588,-56.85806292429392,0.14105383319179685,0.18869464653299484,0.15224193116675572,-2489.0892476499466,-2295.413133504714,0.0,0.4444444444444444,0.0,0.1
6.15,21.927732262816317,3.1144821066695183,22.147808943155532,-1.1735560256974016,-0.18536769813084653,-0.057999999999999996,0.22513225206559662,0.08080429520969545,164.6032783228609,-57.174985455495445,0.14109021843872138,0.18873394105103963,0.15227517505592064,-2489.548397621971,-2295.8572438055926,0.0,0.4444444444444444,0.0,0.1
6.166666666666667,21.931476606559325,3.1158211693220275,22.151704397252466,-1.176645176317371,-0.18534903719817145,-0.057999999999999996,0.22466062458042135,0.0803437591505416,164.79159723500325,-57.49254015860865,0.14112629771513865,0.18877293709370271,0.15230810498410988,-2490.004026778196,-2296.297126362364,0.0,0.4444444444444444,0.0,0.1
6.183333333333334,21.935213138167907,3.1171525519290797,22.155591065210874,-1.1797340122104847,-0.1853301535868135,-0.057999999999999996,0.22419189651485794,0.07988295642313181,164.97897862807372,-57.81072414807959,0.14116207072016249,0.1888116337685659,0.15234072128728418,-2490.456125448116,-2296.7327866118985,0.0,0.4444444444444444,0.0,0.1
6.2,21.938941905373042,3.118476254217976,22.159468993535352,-1.18282252984514,-0.18531105807932205,-0.057999999999999996,0.2237260323081396,0.0794221373337538,165.16542034487975,-58.129534530821864,0.14119753734223728,0.1888500303821565,0.15237302448033568,-2490.904686282625,-2297.1642323706023,0.0,0.4444444444444444,0.0,0.1
6.216666666666667,21.942662955306094,3.1197922799651745,22.16333822871213,-1.185910725866738,-0.18529176129588895,-0.057999999999999996,0.22326299598322208,0.07896154483191875,165.35092023903437,-58.448968406263745,0.14123269765354485,0.18888812643447397,0.15240501525136738,-2491.3497041891915,-2297.5914737571716,0.0,0.4444444444444444,0.0,0.1
6.233333333333333,21.94637633449249,3.1211006368745884,22.16719881718642,-1.188998597094936,-0.18527227369186916,-0.057999999999999996,0.22280275118374981,0.07850141456482795,165.53547617498393,-58.76902286639579,0.1412675519044552,0.18892592161355,0.15243669445602745,-2491.791176267482,-2298.014523116131,0.0,0.4444444444444444,0.0,0.1
6.25,21.950082088845996,3.122401336456841,22.1710508053404,-1.1920861405208607,-0.18525260555549186,-0.057999999999999996,0.22234526121017895,0.07804197493516396,165.71908602803452,-59.089694995818604,0.14130210051802342,0.18896341579004464,0.1524680631119014,-2492.2291017454377,-2298.4333949422103,0.0,0.4444444444444444,0.0,0.1
6.266666666666667,21.95378026366358,3.1236943939095427,22.174894239471957,-1.19517335330429,-0.18523276700575764,-0.057999999999999996,0.2218904890550646,0.07758344716209065,165.90174768437714,-59.410981871791016,0.14133634408453533,0.1890006090118807,0.1524991223929631,-2492.6634819158567,-2298.8481058055545,0.0,0.4444444444444444,0.0,0.1
6.283333333333333,21.957470903620873,3.124979827998631,22.17872916577403,-1.1982602327707987,-0.1852127679905177,-0.057999999999999996,0.2214383974375046,0.07712604534530687,166.08345904111155,-59.73288056427836,0.1413702833561038,0.18903750149891954,0.15252987362408757,-2493.0943200734914,-2299.2586742778176,0.0,0.4444444444444444,0.0,0.1
6.3,21.96115405276815,3.1262576609408312,22.182555630314695,-1.2013467764088777,-0.18519261828473044,-0.057999999999999996,0.2209889488367447,0.07666997653201646,166.26421800626912,-60.05538813600111,0.14140391924131815,0.18907409363768002,0.1525603182756267,-2493.521621452697,-2299.665120859146,0.0,0.4444444444444444,0.0,0.1
6.316666666666666,21.9648297545269,3.127527918287276,22.186373679017862,-1.2044329818670259,-0.18517232748889112,-0.057999999999999996,0.2205421055249428,0.0762154407866995,166.44402249883433,-60.37850164248363,0.1414372527999485,0.18911038597610333,0.1525904579580499,-2493.9453931656626,-2300.067467906088,0.0,0.4444444444444444,0.0,0.1
6.333333333333333,21.968498051686886,3.1287906288083347,22.190183357644646,-1.2075188469508198,-0.18515190502763038,-0.057999999999999996,0.22009782959909574,0.0757626312635078,166.6228704487653,-60.70221813210312,0.141470285237707,0.18914637921836566,0.15262029441665184,-2494.3656441412295,-2300.4657395604286,0.0,0.4444444444444444,0.0,0.1
6.35,21.972158986403755,3.130045824379688,22.193984711775396,-1.210604369619961,-0.18513136014847734,-0.057999999999999996,0.21965608301213135,0.07531173428120752,166.8007597970131,-61.02653464613877,0.14150301790106792,0.18918207421974087,0.15264982952632755,-2494.7823850643435,-2300.8599616789993,0.0,0.4444444444444444,0.0,0.1
6.366666666666666,21.97581260019714,3.1312935398696964,22.19777778679238,-1.2136895479853074,-0.1851107019207828,-0.057999999999999996,0.2192168276031653,0.07486292940050099,166.9776884955399,-61.35144821882097,0.14153545227214814,0.18921747198151503,0.15267906528641803,-2495.1956283161503,-2301.250161764447,0.0,0.4444444444444444,0.0,0.1
6.383333333333333,21.979458933949257,3.1325338130280898,22.20156262786307,-1.2167743803058872,-0.18508993923479863,-0.057999999999999996,0.2187800251269303,0.07441638950361362,167.15365450733637,-61.676955877380685,0.14156758996364974,0.189252573645955,0.15270800381562616,-2495.605387914753,-2301.636368897006,0.0,0.4444444444444444,0.0,0.1
6.4,21.983098027903964,3.133766684376024,22.2053392799241,-1.2198588649859023,-0.18506908080090884,-0.057999999999999996,0.21834563728237255,0.07397228087603702,167.32865580643772,-62.003054642098924,0.14159943271386627,0.18928738049133237,0.1527366473470053,-2496.0116794566575,-2302.0186136672687,0.0,0.4444444444444444,0.0,0.1
6.416666666666667,21.986729921666303,3.1349921970975285,22.209107787665822,-1.2229430005717192,-0.18504813514900834,-0.057999999999999996,0.2179136257404356,0.07353076329028596,167.50269037793893,-62.32974152635627,0.14163098238175428,0.18932189392700485,0.15276499822302123,-2496.4145200589237,-2302.396928109988,0.0,0.4444444444444444,0.0,0.1
6.433333333333334,21.990354654202488,3.136210396932388,22.212868195517476,-1.226026785748853,-0.18502711062802518,-0.057999999999999996,0.21748395217101835,0.07309199009156275,167.6757562180089,-62.65701353668246,0.14166224094207108,0.1893561154885569,0.15279305889068884,-2496.813928302043,-2302.7713456389065,0.0,0.4444444444444444,0.0,0.1
6.45,21.993972263840305,3.137421332070475,22.21662054763297,-1.229110219338946,-0.18500601540558229,-0.057999999999999996,0.21705657826912372,0.07265610828520952,167.84785133390378,-62.984867672806025,0.14169321048058048,0.1893900468330001,0.15282083189678425,-2497.2099241735446,-2303.1419009826377,0.0,0.4444444444444444,0.0,0.1
6.466666666666667,21.997582788269977,3.1386250530475723,22.220364887877277,-1.2321933002967427,-0.18498485746779417,-0.057999999999999996,0.21663146578020287,0.07222325862583734,168.0189737439793,-63.313300927703935,0.14172389318932738,0.18942368973403612,0.15284831988313355,-2497.602529012365,-2303.508630121599,0.0,0.4444444444444444,0.0,0.1
6.483333333333333,22.00118626454539,3.139821612642706,22.224101259813384,-1.2352760277070627,-0.18496364461919532,-0.057999999999999996,0.2162085765246945,0.07179357570801903,168.18912147770226,-63.642310287651256,0.14175429136198256,0.18945704607738245,0.15287552558197912,-2497.9917654539836,-2303.87157022602,0.0,0.4444444444444444,0.0,0.1
6.5,22.00478272908575,3.1410110657770134,22.22782970668986,-1.2383584007817758,-0.18494238448279562,-0.057999999999999996,0.21578787242177477,0.07136718805844167,168.3582925756611,-63.97189273227082,0.14178440738925846,0.18949011785616285,0.15290245181142398,-2498.377657376343,-2304.2307595950265,0.0,0.4444444444444444,0.0,0.1
6.516666666666667,22.00837221767762,3.14219346941417,22.231550271428965,-1.2414404188567802,-0.18492108450025913,-0.057999999999999996,0.21536931551231575,0.070944218229398,168.5264850895756,-64.30204523458279,0.14181424375439694,0.18952290716636325,0.1529291014709552,-2498.760229846559,-2304.5862375967995,0.0,0.4444444444444444,0.0,0.1
6.533333333333333,22.011954765477306,3.1433688824623958,22.235262996615354,-1.2445220813889837,-0.18489975193220223,-0.057999999999999996,0.21495286798106772,0.07052478289353825,168.69369708230593,-64.63276476105432,0.1418438030287302,0.1895554162023546,0.1529554775370468,-2499.1395090684464,-2304.9380446098417,0.0,0.4444444444444444,0.0,0.1
6.55,22.015530407013607,3.144537365678058,22.238967924485305,-1.2476033879532937,-0.18487839385860752,-0.057999999999999996,0.21453849217806853,0.07010899293975026,168.8599266278608,-64.96404827164898,0.14187308786731537,0.18958764725248337,0.15298158305884277,-2499.5155223308548,-2305.286221965327,0.0,0.4444444444444444,0.0,0.1
6.566666666666666,22.019099176190927,3.1456989815708933,22.242665096916514,-1.2506843382396162,-0.18485701717934908,-0.057999999999999996,0.2141261506392863,0.06969695357009709,169.02517181140482,-65.29589271987628,0.14190210100464332,0.1896196026947308,0.15300742115392083,-2499.888297956837,-2305.6308118905645,0.0,0.4444444444444444,0.0,0.1
6.583333333333333,22.022661106292702,3.146853794310855,22.24635455541842,-1.2537649320498634,-0.1848356286148259,-0.057999999999999996,0.21371580610651286,0.06928876439769649,169.18943072926515,-65.62829505284101,0.1419308452504229,0.18965128499244163,0.15303299500413697,-2500.2578652536513,-2305.9718574535577,0.0,0.4444444444444444,0.0,0.1
6.6,22.026216229985145,3.1480018696366128,22.250036341123057,-1.2568451692949751,-0.18481423470669944,-0.057999999999999996,0.21330742154650129,0.06888451954545616,169.3527014889376,-65.96125221129253,0.14195932348544066,0.1896826966901234,0.15305830785155183,-2500.624254463613,-2306.309402508687,0.0,0.4444444444444444,0.0,0.1
6.616666666666666,22.029764579321302,3.1491432747657058,22.253710494776406,-1.259925049991954,-0.1847928418187317,-0.057999999999999996,0.21290096016937488,0.06848430774557102,169.5149822090918,-66.29476112967393,0.14198753865749686,0.18971384040931652,0.15308336299443823,-2500.987496715792,-2306.6434916434955,0.0,0.4444444444444444,0.0,0.1
6.633333333333333,22.033306185745406,3.1502780783063673,22.257377056730302,-1.2630045742609162,-0.18477145613771997,-0.057999999999999996,0.21249638544630056,0.06808821243969021,169.67627101957586,-66.62881873617107,0.1420154937774182,0.1897447188445365,0.15310816378337105,-2501.347623978577,-2306.9741701265907,0.0,0.4444444444444444,0.0,0.1
6.6499999999999995,22.036841080097513,3.1514063501710283,22.261036066934793,-1.2660837423221583,-0.1847500836745251,-0.057999999999999996,0.21209366112644656,0.06769631187967118,169.83656606142037,-66.96342195276152,0.14204319191514733,0.18977533475928812,0.153132713617399,-2501.7046690130983,-2307.3014838566687,0.0,0.4444444444444444,0.0,0.1
6.666666666666667,22.0403692926184,3.152528161491509,22.264687564931002,-1.2691625544932448,-0.1847287302651893,-0.057999999999999996,0.21169275125322962,0.06730867922883288,169.99586548684175,-67.29856769526333,0.14207063619591007,0.1898056909821526,0.15315701594029868,-2502.058665327523,-2307.6254793126454,0.0,0.4444444444444444,0.0,0.1
6.683333333333334,22.043890852954732,3.1536435845359025,22.268331589844482,-1.2722410111861138,-0.1847074015721402,-0.057999999999999996,0.21129362017986342,0.06692538266362114,170.1541674592451,-67.63425287338366,0.14209782979645988,0.18983579040294804,0.15318107423691069,-2502.4096471322255,-2307.946203504906,0.0,0.4444444444444444,0.0,0.1
6.7,22.04740579016447,3.154752692627163,22.27196818037903,-1.275319112904205,-0.18468610308547773,-0.057999999999999996,0.21089623258421597,0.06654648547562303,170.3114701532264,-67.97047439076725,0.14212477594140052,0.18986563596896364,0.1532048920295583,-2502.757649295834,-2308.2637039276715,0.0,0.4444444444444444,0.0,0.1
6.716666666666667,22.050914132722518,3.1558555600633933,22.275597374810957,-1.2783968602396107,-0.18466484012434034,-0.057999999999999996,0.2105005534829908,0.06617204617381933,170.46777175457424,-68.30722914504477,0.14215147789958635,0.18989523068126776,0.1532284728745479,-2503.1027073021605,-2308.5780285124724,0.0,0.4444444444444444,0.0,0.1
6.733333333333333,22.054415908526604,3.156952262039844,22.279219210983804,-1.28147425387025,-0.1846436178383472,-0.057999999999999996,0.21010654824523978,0.06580211858703588,170.623070460271,-68.64451402788087,0.14217793898060083,0.18992457759109035,0.15325182035875198,-2503.4448572080096,-2308.889225582736,0.0,0.4444444444444444,0.0,0.1
6.75,22.057911144903358,3.158042874572619,22.282833726303544,-1.2845512945570685,-0.18462244120911328,-0.057999999999999996,0.20971418260521457,0.0654367519664909,170.7773644784935,-68.98232592502221,0.14220416253131296,0.1899536797962799,0.15327493809627343,-2503.7841356018753,-2309.197343809475,0.0,0.4444444444444444,0.0,0.1
6.766666666666667,22.0613998686146,3.159127474424092,22.286440957734133,-1.2876279831412658,-0.18460131505183378,-0.057999999999999996,0.20932342267457693,0.06507599108838313,170.9306520286132,-69.32066171634516,0.14223015193251207,0.1899825404378349,0.15329782972519224,-2504.1205795635224,-2309.5024321680835,0.0,0.4444444444444444,0.0,0.1
6.783333333333333,22.064882105863834,3.1602061390300324,22.29004094179356,-1.290704320541548,-0.18458024401693504,-0.057999999999999996,0.20893423495396912,0.06471987635644716,171.08293134119606,-69.65951827590338,0.1422559105956201,0.19001116269651036,0.15332049890439287,-2504.454226624455,-2309.8045398962277,0.0,0.4444444444444444,0.0,0.1
6.8,22.0683578823029,3.161278946428439,22.293633714550268,-1.2937803077514112,-0.18455923259178855,-0.057999999999999996,0.2085465863439636,0.06436844390440388,171.2342006580018,-69.99889247197518,0.14228144195948217,0.1900395497894986,0.15334294931047332,-2504.785114729269,-2310.1037164528266,0.0,0.4444444444444444,0.0,0.1
6.816666666666666,22.071827223038824,3.1623459751900764,22.297219311619973,-1.2968559458364526,-0.18453828510248516,-0.057999999999999996,0.20816044415539614,0.06402172569823872,171.3844582319829,-70.33878116711065,0.1423067494872347,0.19006770496718545,0.15336518463473467,-2505.1132821978886,-2310.400011478128,0.0,0.4444444444444444,0.0,0.1
6.833333333333333,22.075290152640807,3.1634073043507143,22.300797768162905,-1.2999312359317137,-0.18451740571566624,-0.057999999999999996,0.20777577611910014,0.06367974963826573,171.533702327283,-70.67918121817863,0.14233183666325072,0.1900956315099806,0.15338720858025098,-2505.43876768869,-2310.693474754855,0.0,0.4444444444444444,0.0,0.1
6.85,22.07874669514739,3.1644630133450624,22.30436911888141,-1.303006179239054,-0.18449659844040917,-0.057999999999999996,0.20739255039504956,0.06334253966088532,171.68193121923525,-71.02008947641336,0.1423567069901627,0.19012333272522297,0.15340902485901922,-2505.7616101625017,-2310.9841561704325,0.0,0.4444444444444444,0.0,0.1
6.866666666666666,22.08219687407374,3.1655131819423956,22.307933398017916,-1.3060807770245566,-0.18447586713016384,-0.057999999999999996,0.20701073558092242,0.0630101158399965,171.82914319436003,-71.36150278746102,0.14238136398596224,0.19015081194416053,0.1534306371891887,-2506.0818488474906,-2311.2721056802843,0.0,0.4444444444444444,0.0,0.1
6.883333333333333,22.085640712419075,3.1665578901838622,22.31149063935327,-1.309155030615969,-0.18445521548473773,-0.057999999999999996,0.20663030072009836,0.06268249448799601,171.97533655036247,-71.70341799142597,0.1424058111811761,0.19017807251900418,0.15345204929236927,-2506.3995232049156,-2311.5573732721796,0.0,0.4444444444444444,0.0,0.1
6.8999999999999995,22.089078232674225,3.1675972183214673,22.31504087620545,-1.3122289414001744,-0.1844346470523264,-0.057999999999999996,0.20625121530910262,0.06235968825631932,172.1205095961297,-72.04583192291676,0.14243005211611853,0.1902051178200559,0.15347326489101792,-2506.714672895761,-2311.8400089316365,0.0,0.4444444444444444,0.0,0.1
6.916666666666667,22.0925094568293,3.168631246758725,22.31858414142859,-1.3153025108207008,-0.18441416523158677,-0.057999999999999996,0.2058734493045009,0.06204170623547167,172.26466065172764,-72.38874141109193,0.14245409033821924,0.19023195123291053,0.15349428770590337,-2507.027337748236,-2312.120062608372,0.0,0.4444444444444444,0.0,0.1
6.933333333333334,22.095934406381456,3.169660055992966,22.322120467412347,-1.3183757403752634,-0.1843937732737506,-0.057999999999999996,0.20549697312926862,0.06172855405447031,172.40778804839778,-72.73214327970557,0.14247792939942677,0.19025857615573133,0.15351512145364762,-2507.337557726139,-2312.3975841837755,0.0,0.4444444444444444,0.0,0.1
6.95,22.099353102342768,3.1706837265592944,22.32564988608159,-1.321448631613343,-0.1843734742847754,-0.057999999999999996,0.2051217576786356,0.061420233979689876,172.54989012855341,-73.0760343471526,0.14250157285368634,0.19028499599659787,0.15353576984434406,-2507.645372898078,-2312.6726234394177,0.0,0.4444444444444444,0.0,0.1
6.966666666666667,22.10276556524819,3.1717023389761785,22.329172428896424,-1.3245211861338018,-0.1843532712275303,-0.057999999999999996,0.2047477743254259,0.06111674501303366,172.69096524577586,-73.42041142651387,0.14252502425449215,0.1903112141709276,0.15355623657925152,-2507.9508234075543,-2312.9452300265652,0.0,0.4444444444444444,0.0,0.1
6.983333333333333,22.106171815163606,3.1727159736926684,22.332688126852496,-1.3275934055825354,-0.1843331669240141,-0.057999999999999996,0.2043749949248974,0.06081808298938629,172.83101176481037,-73.76527132560092,0.14254828715251325,0.19033723409896897,0.1535765253485633,-2508.2539494438834,-2313.215453436703,0.0,0.4444444444444444,0.0,0.1
7.0,22.109571871693923,3.173724711037224,22.336197010481605,-1.330665291650162,-0.18431316405760345,-0.057999999999999996,0.2040033918191,0.06052424067333462,172.97002806156183,-74.11061084700063,0.14257136509329238,0.19036305920336632,0.15359663982925065,-2508.5547912139664,-2313.4833429730543,0.0,0.4444444444444444,0.0,0.1
7.016666666666667,22.11296575399127,3.1747286311681417,22.339699109852607,-1.3337368460697507,-0.18429326517532824,-0.057999999999999996,0.20363293784075776,0.06023520785506342,173.10801252309037,-74.45642678811944,0.14259426161501737,0.19038869290679675,0.15361658368297973,-2508.8533889148966,-2313.748947723075,0.0,0.4444444444444444,0.0,0.1
7.033333333333333,22.116353480763213,3.175727814025566,22.343194454572576,-1.3368080706145868,-0.18427347269017239,-0.057999999999999996,0.20326360631669316,0.05995097144543582,173.24496354760657,-74.80271594122752,0.14261698024636416,0.19041413862967693,0.15363636055410174,-2509.1497827073945,-2314.012316531932,0.0,0.4444444444444444,0.0,0.1
7.05,22.11973507028106,3.1767223392850688,22.34668307378826,-1.3398789670959768,-0.18425378888339716,-0.057999999999999996,0.20289537107079758,0.059671515570174805,173.3808795444668,-75.1494750935025,0.1426395245044107,0.19043939978794044,0.1536559740677143,-2509.444012690063,-2314.2734979769243,0.0,0.4444444444444444,0.0,0.1
7.066666666666666,22.12311054038817,3.1777122863127882,22.350164996187775,-1.3429495373610916,-0.18423421590688524,-0.057999999999999996,0.2025282064265691,0.059396821663173505,173.5157589341683,-75.49670102707312,0.1426618978926218,0.19046447979088477,0.15367542782779492,-2509.7361188744635,-2314.5325403428765,0.0,0.4444444444444444,0.0,0.1
7.083333333333333,22.126479908508323,3.1786977341221014,22.35364025000258,-1.34601978329085,-0.18421475578550292,-0.057999999999999996,0.2021620872092188,0.05912686855880267,173.64960014834398,-75.84439051906244,0.14268410389890268,0.19048938203908705,0.15369472541540388,-2510.0261411609927,-2314.789491598449,0.0,0.4444444444444444,0.0,0.1
7.1,22.12984319165411,3.179678761331823,22.357108863009646,-1.3490897067978413,-0.18419541041947865,-0.057999999999999996,0.20179698874736562,0.05886163258327848,173.7824016297574,-76.19254034163102,0.14270614599372228,0.1905141099223883,0.15371387038695697,-2510.314119315564,-2315.04439937338,0.0,0.4444444444444444,0.0,0.1
7.116666666666666,22.13320040643535,3.1806554461259062,22.360570862533905,-1.352159309824288,-0.18417618158679572,-0.057999999999999996,0.20143288687432603,0.05860108764499916,173.91416183229742,-76.54114726201963,0.14272802762830375,0.19053866681794498,0.15373286627256658,-2510.600092947075,-2315.2973109366458,0.0,0.4444444444444444,0.0,0.1
7.133333333333333,22.1365515690675,3.181627866214637,22.3640262754509,-1.355228594340048,-0.1841570709455968,-0.057999999999999996,0.20106975792901516,0.05834520532384602,174.0448792209729,-76.8902080425919,0.14274975223288286,0.190563056088348,0.15375171657445033,-2510.8841014856644,-2315.5482731755083,0.0,0.4444444444444444,0.0,0.1
7.1499999999999995,22.139896695380106,3.1825960987972937,22.367475128189653,-1.358297562340658,-0.18413808003659873,-0.057999999999999996,0.20070757875646228,0.05809395495940173,174.17455227190717,-77.23971944087654,0.14277132321503233,0.1905872810798072,0.15377042476540617,-2511.1661841617333,-2315.797332575459,0.0,0.4444444444444444,0.0,0.1
7.166666666666667,22.143235800825238,3.1835602205262616,22.370917446735746,-1.3613662158454165,-0.18411921028551542,-0.057999999999999996,0.20034632670796249,0.05784730373807978,174.30317947233272,-77.58967820960952,0.14279274395805203,0.19061134512040193,0.15378899428735351,-2511.4463799857367,-2316.044535201034,0.0,0.4444444444444444,0.0,0.1
7.183333333333334,22.14656890048592,3.1845203074725803,22.374353256634603,-1.3644345568955079,-0.1841004630054869,-0.057999999999999996,0.19998597964086606,0.057605216779123225,174.43075932058548,-77.94008109677574,0.1428140178194235,0.19063525151839575,0.15380742854993845,-2511.7247277287324,-2316.289926677485,0.0,0.4444444444444444,0.0,0.1
7.2,22.149896009084554,3.185476435092905,22.377782582994946,-1.3675025875521665,-0.18408183939951298,-0.057999999999999996,0.19962651591802283,0.05736765721945769,174.55729032609943,-78.29092484565076,0.14283514812932874,0.1906590035606155,0.15382573092920324,-2512.001265903667,-2316.5335521733023,0.0,0.4444444444444444,0.0,0.1
7.216666666666667,22.153217140991334,3.186428678197861,22.381205450492473,-1.3705703098948814,-0.18406334056288934,-0.057999999999999996,0.19926791440689262,0.0571345862973649,174.6827710094009,-78.64220619484202,0.14285613818923124,0.19068260451089294,0.15384390476631798,-2512.2760327474048,-2316.775456383571,0.0,0.4444444444444444,0.0,0.1
7.233333333333333,22.156532310232638,3.1873771109217772,22.384621883373658,-1.3736377260196422,-0.18404496748564472,-0.057999999999999996,0.19891015447832683,0.05690596343497489,174.80719990210306,-78.99392187832993,0.14287699127051967,0.19070605760856907,0.15386195336637432,-2512.549066203483,-2317.015683514141,0.0,0.4444444444444444,0.0,0.1
7.25,22.15984153049939,3.1883218066937693,22.38803190545977,-1.376704838037225,-0.18402672105497733,-0.057999999999999996,0.19855321600503606,0.056681746319534376,174.9305755469002,-79.34606862550876,0.14289771061321205,0.1907293660670594,0.15387987999723945,-2512.8204039055754,-2317.25427726661,0.0,0.4444444444444444,0.0,0.1
7.266666666666667,22.163144815155384,3.18926283821016,22.391435540151,-1.3797716480715199,-0.1840086020576888,-0.057999999999999996,0.19819707935975894,0.056461890983450225,175.05289649756222,-79.69864316122727,0.14291829942472023,0.19075253307248016,0.15389768788847008,-2513.0900831616686,-2317.491280824092,0.0,0.4444444444444444,0.0,0.1
7.283333333333333,22.166442177245603,3.1902002774082114,22.394832810430806,-1.3828381582578968,-0.18399061118261417,-0.057999999999999996,0.19784172541313227,0.056246351883083356,175.1741613189291,-80.051642205829,0.1429387608786736,0.19077556178233382,0.1539153802302846,-2513.3581409389326,-2317.726736837765,0.0,0.4444444444444444,0.0,0.1
7.3,22.169733629504456,3.1911341954411494,22.398223738870335,-1.3859043707416143,-0.18397274902304658,-0.057999999999999996,0.1974871355312816,0.05603508197627516,175.29436858690525,-80.40506247519248,0.14295909811380073,0.1907984553242536,0.15393296017259303,-2513.62461384927,-2317.960687414186,0.0,0.4444444444444444,0.0,0.1
7.316666666666666,22.17301918436401,3.1920646626544595,22.401608347633026,-1.3889702876762668,-0.18395501607915482,-0.057999999999999996,0.1971332915731392,0.055828032798602045,175.41351688845407,-80.75890068077113,0.14297931423286828,0.19082121679480557,0.1539504308240833,-2513.8895381355464,-2318.1931741033504,0.0,0.4444444444444444,0.0,0.1
7.333333333333333,22.176298853962134,3.192991748563432,22.404986658479324,-1.3920359112222733,-0.1839374127603925,-0.057999999999999996,0.1967801758874983,0.05562515453832795,175.53160482159248,-81.11315352963295,0.1429994123016762,0.19084384925834808,0.15396779525136278,-2514.1529496584776,-2318.4242378874865,0.0,0.4444444444444444,0.0,0.1
7.35,22.179572650150632,3.193915521831933,22.408358692771518,-1.3951012435454049,-0.18391993938789764,-0.057999999999999996,0.1964277713098177,0.05542639611006006,175.64863099538553,-81.46781772449997,0.143019395348108,0.19086635574594674,0.1539850564781544,-2514.414883884174,-2318.653919170573,0.0,0.4444444444444444,0.0,0.1
7.366666666666666,22.18284058450328,3.1948360502523845,22.411724471478717,-1.3981662868153528,-0.18390259619688096,-0.057999999999999996,0.1960760611587824,0.05523170522709364,175.76459402994098,-81.82288996378749,0.14303926636123537,0.1908887392543448,0.15400221748454582,-2514.6753758723185,-2318.8822577685623,0.0,0.4444444444444444,0.0,0.1
7.383333333333333,22.186102668323823,3.195753400726925,22.4150840151819,-1.4012310432043362,-0.18388538333900187,-0.057999999999999996,0.19572502923263313,0.05504102847242098,175.87949255640413,-82.17836694164315,0.14305902829047568,0.19091100274498757,0.15401928120629077,-2514.934460264983,-2319.109292900292,0.0,0.4444444444444444,0.0,0.1
7.3999999999999995,22.189358912653912,3.1966676392497315,22.41843734407909,-1.4042955148857483,-0.18386830088473086,-0.057999999999999996,0.19537465980527113,0.054854311368414344,175.99332521695254,-82.5342453479857,0.14307868404480192,0.19093314914309995,0.15403625053416148,-2515.192171276055,-2319.335063179076,0.0,0.4444444444444444,0.0,0.1
7.416666666666667,22.19260932828095,3.1975788308904844,22.42178447799063,-1.4073597040328434,-0.18385134882569706,-0.057999999999999996,0.19502493762215312,0.054671498445170386,176.10609066479097,-82.89052186854364,0.14309823649200393,0.1909551813368163,0.15405312831335108,-2515.448542681279,-2319.559606604958,0.0,0.4444444444444444,0.0,0.1
7.433333333333334,22.19585392574588,3.198487039778943,22.42512543636451,-1.4104236128174603,-0.18383452707701986,-0.057999999999999996,0.19467584789597858,0.05449253330750903,176.2177875641463,-83.2471931848936,0.14311768845799916,0.1909771021763614,0.1540699173429251,-2515.703607808883,-2319.7829605576144,0.0,0.4444444444444444,0.0,0.1
7.45,22.199092715350915,3.1993923290906197,22.42846023828185,-1.4134872434087873,-0.18381783547962338,-0.057999999999999996,0.1943273763021841,0.054317358700608054,176.3284145902627,-83.60425597449856,0.14313704272619324,0.1909989144732818,0.1540866203753203,-2515.9573995308015,-2320.0051617898857,0.0,0.4444444444444444,0.0,0.1
7.466666666666667,22.20232570716715,3.2002947610335246,22.431788902462372,-1.4165505979721629,-0.18380127380253292,-0.057999999999999996,0.19397950897425364,0.05414591657430634,176.4379704293967,-83.96170691074582,0.14315630203688812,0.19102062099972647,0.15410324011589094,-2516.209950254462,-2320.2262464219325,0.0,0.4444444444444444,0.0,0.1
7.483333333333333,22.205552911042133,3.2011943968359584,22.435111447270007,-1.4196136786679154,-0.18378484174515222,-0.057999999999999996,0.19363223249884864,0.05397814814602153,176.54645377881255,-84.31954266298484,0.14317546908673745,0.19104222448777572,0.15411977922250003,-2516.4612919151364,-2320.446249935994,0.0,0.4444444444444444,0.0,0.1
7.5,22.208774336607313,3.2020912967353303,22.43842789071854,-1.4226764876502407,-0.18376853893952066,-0.057999999999999996,0.1932855339107732,0.05381399396232478,176.65386334677757,-84.67775989656488,0.14319454652824798,0.19106372762881746,0.15413624030515555,-2516.7114559688416,-2320.6652071717353,0.0,0.4444444444444444,0.0,0.1
7.516666666666667,22.211989993285442,3.202985519967983,22.44173825047733,-1.4257390270661165,-0.18375236495254932,-0.057999999999999996,0.19293940068777926,0.05365339395914681,176.76019785255772,-85.03635527287233,0.14321353696932584,0.19108513307296981,0.15415262592569012,-2516.9604733857764,-2320.883152322171,0.0,0.4444444444444444,0.0,0.1
7.533333333333333,22.215199890297864,3.2038771247599933,22.445042543877047,-1.4288012990542538,-0.1837363192882351,-0.057999999999999996,0.1925938207452168,0.053496287520625074,176.86545602641323,-85.39532544936809,0.14323244297286686,0.19110644342854918,0.15416893859748282,-2517.208374644291,-2321.1001189301523,0.0,0.4444444444444444,0.0,0.1
7.55,22.218404036671707,3.2047661683189363,22.448340787915512,-1.4318633057440846,-0.18372040138985232,-0.057999999999999996,0.1922487824305502,0.05334261353658576,176.96963660959435,-85.75466707962455,0.14325126705638974,0.1911276612615824,0.15418518078522275,-2517.4551897253573,-2321.3161398853963,0.0,0.4444444444444444,0.0,0.1
7.566666666666666,22.221602441247004,3.205652706826581,22.451632999263538,-1.4349250492547867,-0.18370461064212035,-0.057999999999999996,0.1919042745177304,0.05319231045866868,177.07273835433725,-86.11437681336255,0.1432700116917111,0.19114878909536265,0.1542013549047125,-2517.700948107562,-2321.5312474220555,0.0,0.4444444444444444,0.0,0.1
7.583333333333333,22.224795112683694,3.2065367954324993,22.454919194270808,-1.4379865316943425,-0.1836889463733471,-0.057999999999999996,0.19156028620144616,0.05304531635508969,177.1747600238601,-86.47445129648808,0.14328867930466146,0.19116982941004748,0.15421746332271108,-2517.9456787625736,-2321.7454731167973,0.0,0.4444444444444444,0.0,0.1
7.6,22.227982059468548,3.207418488248567,22.458199388971824,-1.441047755158635,-0.18367340785754743,-0.057999999999999996,0.1912168070912562,0.05290156896405396,177.2757003923592,-86.83488717112884,0.1433072722748409,0.19119078464229827,0.15423350835681468,-2518.1894101511,-2321.9588478873916,0.0,0.4444444444444444,0.0,0.1
7.616666666666666,22.231163289921977,3.208297838344331,22.461473599091832,-1.4441087217305772,-0.18365799431653582,-0.057999999999999996,0.19087382720560786,0.05276100574582099,177.37555824500535,-87.19568107567066,0.14332579293541386,0.19121165718496025,0.15424949227537496,-2518.4321702193092,-2322.171401991793,0.0,0.4444444444444444,0.0,0.1
7.633333333333333,22.23433881220474,3.209174897743221,22.46474184005281,-1.447169433479277,-0.1836427049219923,-0.057999999999999996,0.19053133696575386,0.052623563933419604,177.4743323779403,-87.55682964479378,0.14334424357294126,0.19123244938678177,0.15426541729745302,-2518.6739863957105,-2322.383165027693,0.0,0.4444444444444444,0.0,0.1
7.6499999999999995,22.237508634324566,3.210049717419588,22.46800412697944,-1.4502298924592354,-0.18362753879750185,-0.057999999999999996,0.19018932718957549,0.05248918058201468,177.57202159827335,-87.9183295095089,0.14336262642724984,0.19125316355217215,0.15428128559280857,-2518.914885588479,-2322.594165932538,0.0,0.4444444444444444,0.0,0.1
7.666666666666667,22.240672764142655,3.2109223472965374,22.471260474705133,-1.4532901007095782,-0.18361249502056562,-0.057999999999999996,0.18984778908530842,0.052357792616960275,177.66862472407811,-88.28017729719315,0.1433809436913371,0.19127380194099683,0.1542970992819228,-2519.1548941832148,-2322.8044329839945,0.0,0.4444444444444444,0.0,0.1
7.683333333333334,22.243831209380076,3.2117928362445456,22.474510897778018,-1.4563500602533213,-0.18359757262458448,-0.057999999999999996,0.18950671424519672,0.05222933688050624,177.76414058438942,-88.64236963162593,0.14339919751131097,0.19129436676840916,0.15431286043605466,-2519.394038041124,-2323.0139938008524,0.0,0.4444444444444444,0.0,0.1
7.7,22.246983977624062,3.212661232080832,22.477755410466962,-1.4594097730966682,-0.18358277060081352,-0.057999999999999996,0.18916609463906542,0.052103750177201036,177.85856801920048,-89.00490313302453,0.1434173899863634,0.1913148602047178,0.1543285710773286,-2519.632342497614,-2323.2228753443483,0.0,0.4444444444444444,0.0,0.1
7.716666666666667,22.250131076334192,3.213527581569465,22.480994026767593,-1.4624692412283395,-0.18356808790028753,-0.057999999999999996,0.18882592260782516,0.0519809693179738,177.95190587945996,-89.36777441807973,0.14343552316877678,0.19133528437528827,0.15434423317885346,-2519.869832361283,-2323.431103919894,0.0,0.4444444444444444,0.0,0.1
7.733333333333333,22.253272512848476,3.21439193042218,22.4842267604083,-1.4655284666189348,-0.18355352343571696,-0.057999999999999996,0.18848619085691753,0.051860931162915236,178.04415302706954,-89.73098009999116,0.1434535990639618,0.1913556413604785,0.15435984866487118,-2520.1065319133036,-2323.638705179208,0.0,0.4444444444444444,0.0,0.1
7.75,22.256408294389303,3.215254323299893,22.48745362485623,-1.468587451220324,-0.18353907608335376,-0.057999999999999996,0.18814689244970106,0.05174357266277241,178.1353083348813,-90.0945167885026,0.14347161963052688,0.19137593319560697,0.15437541941093472,-2520.342464907185,-2323.845704122819,0.0,0.4444444444444444,0.0,0.1
7.766666666666667,22.259538428069316,3.216114803814879,22.49067463332329,-1.4716461969650712,-0.18352474468482688,-0.057999999999999996,0.1878080208007934,0.05162883089915571,178.22537068669556,-90.45838108993718,0.14348958678037668,0.1913961618709521,0.15439094724411337,-2520.577654568893,-2324.0521251029472,0.0,0.4444444444444444,0.0,0.1
7.783333333333333,22.26266292089714,3.2169734145336033,22.493889798772116,-1.4747047057658869,-0.183510528048947,-0.057999999999999996,0.18746956966936357,0.051516643123473926,178.31433897725861,-90.82256960723234,0.1435075023788403,0.19141632933178312,0.15440643394322554,-2520.812123597337,-2324.2579918267343,0.0,0.4444444444444444,0.0,0.1
7.8,22.265781779783012,3.2178301969801804,22.497099133922013,-1.4777629795151115,-0.18349642495348029,-0.057999999999999996,0.18713153315239162,0.051406946794615216,178.40221211226088,-91.18707893997487,0.14352536824482684,0.19143643747842012,0.1544218812390975,-2521.045894165196,-2324.4633273598242,0.0,0.4444444444444444,0.0,0.1
7.816666666666666,22.26889501154431,3.2186851916404366,22.500302651254902,-1.4808210200842262,-0.1834824341468908,-0.057999999999999996,0.1867939056778971,0.05129967961536597,178.48898900833498,-91.55190568443568,0.14354318615100836,0.1914564881663232,0.1544372908148469,-2521.2789879200736,-2324.668154130265,0.0,0.4444444444444444,0.0,0.1
7.833333333333333,22.272002622910946,3.2195384379665635,22.50350036302122,-1.4838788293233938,-0.1834685543500513,-0.057999999999999996,0.18645668199813747,0.051194779567614646,178.57466859305416,-91.91704643360454,0.1435609578240289,0.19147648320620972,0.15445266430619053,-2521.5114259859893,-2324.872493932738,0.0,0.4444444444444444,0.0,0.1
7.85,22.27510462053066,3.220389974382335,22.506692281245783,-1.4869364090610258,-0.1834547842579222,-0.057999999999999996,0.18611985718278967,0.051092184946309516,178.6592498049307,-92.28249777722472,0.1435786849447387,0.19149642436419842,0.15446800330177576,-2521.743228965169,-2325.076367933088,0.0,0.4444444444444444,0.0,0.1
7.866666666666666,22.278201010974193,3.2212398382888723,22.509878417733642,-1.489993761103379,-0.18344112254119863,-0.057999999999999996,0.18578342661211567,0.05099183439221289,178.74273159341476,-92.6482563018275,0.14359636914845267,0.1915163133619798,0.15448330934353344,-2521.9744169401456,-2325.279796673149,0.0,0.4444444444444444,0.0,0.1
7.883333333333333,22.281291800740362,3.22208806607093,22.513058784075884,-1.493050887234178,-0.18342756784792524,-0.057999999999999996,0.18544738597011756,0.05089366692346964,178.82511291889298,-93.01431859076663,0.1436140120252323,0.1915361518770117,0.15449858392705287,-2522.2050094761503,-2325.4828000758484,0.0,0.4444444444444444,0.0,0.1
7.8999999999999995,22.284376996260992,3.222934693103696,22.516233391655398,-1.4961077892142625,-0.1834141188050787,-0.057999999999999996,0.18511173123768643,0.050797621965974926,178.90639275268765,-93.3806812242527,0.14363161512019004,0.19155594154273928,0.15451382850197698,-2522.435025623781,-2325.6853974505875,0.0,0.4444444444444444,0.0,0.1
7.916666666666667,22.287456603905756,3.2237797537600725,22.51940225165259,-1.4991644687812644,-0.18340077402011778,-0.057999999999999996,0.18477645868575554,0.05070363938258282,178.98657007705572,-93.74734077938736,0.14364917993381543,0.1915756839488385,0.15452904447241717,-2522.6644839219484,-2325.8876074988743,0.0,0.4444444444444444,0.0,0.1
7.933333333333334,22.290530629986897,3.2246232814184252,22.52256537505108,-1.5022209276493061,-0.18338753208250078,-0.057999999999999996,0.18444156486845142,0.050611659501158535,179.06564388518822,-94.1142938301976,0.14366670792232195,0.19159538064148235,0.15454423319738694,-2522.8934024010787,-2326.089448320207,0.0,0.4444444444444444,0.0,0.1
7.95,22.293599080763833,3.2254653084707834,22.525722772643334,-1.5052771675087258,-0.18337439156517057,-0.057999999999999996,0.1841070466162612,0.05052162314148756,179.14361318120962,-94.4815369476698,0.1436842004980136,0.1916150331236286,0.1545593959912534,-2523.121798586569,-2326.290937418188,0.0,0.4444444444444444,0.0,0.1
7.966666666666667,22.296661962447654,3.226305866331468,22.528874455036252,-1.5083331900258259,-0.1833613510260069,-0.057999999999999996,0.18377290102920618,0.050433471641071925,179.2204769801775,-94.84906669978382,0.1437016590296709,0.19163464285532875,0.15457453412420585,-2523.3496895024837,-2326.4920917068716,0.0,0.4444444444444444,0.0,0.1
7.983333333333333,22.299719281205487,3.2271449854461314,22.532020432656676,-1.5113889968426466,-0.18334840900924587,-0.057999999999999996,0.18343912547004015,0.05034714687980468,179.29623430808223,-95.216879651547,0.14371908484295493,0.19165421125405707,0.15458964882274076,-2523.577091675485,-2326.692927517317,0.0,0.4444444444444444,0.0,0.1
