t,vx,vy,speed,yaw,yaw_rate,steering_angle,ax,ay,pos_x,pos_y,sideslip,alpha_f,alpha_r,fy_f,fy_r,f_long,throttle,brake,steer_cmd
0.0,19.612212660888265,0.0,19.612212660888265,0.0,0.0,0.0,1.0803186255961237,-0.0,54.661787048093935,0.0,0.0,0.0,0.0,-0.0,-0.0,0.0,0.4444444444444444,0.0,0.0
0.016666666666666666,19.63019788166636,0.0,19.63019788166636,0.0,0.0,0.0,1.0791132466855482,-0.0,54.988957012788376,0.0,0.0,0.0,0.0,-0.0,-0.0,0.0,0.4444444444444444,0.0,0.0
0.03333333333333333,19.64816303151083,0.0,19.64816303151083,0.0,0.0,0.0,1.0779089906683545,-0.0,55.31642639664689,0.0,0.0,0.0,0.0,-0.0,-0.0,0.0,0.4444444444444444,0.0,0.0
0.05,19.666108129128073,0.0,19.666108129128073,0.0,0.0,0.0,1.0767058570346724,-0.0,55.64419486546569,0.0,0.0,0.0,0.0,-0.0,-0.0,0.0,0.4444444444444444,0.0,0.0
0.06666666666666667,19.684033193215964,0.0,19.684033193215964,0.0,0.0,0.0,1.0755038452734507,-0.0,55.972262085352625,0.0,0.0,0.0,0.0,-0.0,-0.0,0.0,0.4444444444444444,0.0,0.0
0.08333333333333333,19.70193824246384,0.0,19.70193824246384,0.0,0.0,0.0,1.074302954872457,-0.0,56.30062772272702,0.0,0.0,0.0,0.0,-0.0,-0.0,0.0,0.4444444444444444,0.0,0.0
0.1,19.719823295552477,0.0,19.719823295552477,0.0,0.0,0.0,1.0731031853182875,-0.0,56.62929144431956,0.0,0.0,0.0,0.0,-0.0,-0.0,0.0,0.4444444444444444,0.0,0.0
0.11666666666666667,19.737688371154082,0.0,19.737688371154082,0.0,0.0,0.0,1.0719045360963673,-0.0,56.95825291717213,0.0,0.0,0.0,0.0,-0.0,-0.0,0.0,0.4444444444444444,0.0,0.0
0.13333333333333333,19.755533487932265,0.0,19.755533487932265,0.0,0.0,0.0,1.0707070066909572,-0.0,57.28751180863767,0.0,0.0,0.0,0.0,-0.0,-0.0,0.0,0.4444444444444444,0.0,0.0
0.15,19.773358664542016,0.0,19.773358664542016,0.0,0.0,0.0,1.0695105965851563,-0.0,57.617067786380034,0.0,0.0,0.0,0.0,-0.0,-0.0,0.0,0.4444444444444444,0.0,0.0
0.16666666666666666,19.7911639196297,0.0,19.7911639196297,0.0,0.0,0.0,1.0683153052609073,-0.0,57.946920518373865,0.0,0.0,0.0,0.0,-0.0,-0.0,0.0,0.4444444444444444,0.0,0.0
0.18333333333333332,19.808949271833015,0.0,19.808949271833015,0.0,0.0,0.0,1.0671211321990013,-0.0,58.27706967290442,0.0,0.0,0.0,0.0,-0.0,-0.0,0.0,0.4444444444444444,0.0,0.0
0.2,19.826714739781,0.0,19.826714739781,0.0,0.0,0.0,1.065928076879081,-0.0,58.60751491856743,0.0,0.0,0.0,0.0,-0.0,-0.0,0.0,0.4444444444444444,0.0,0.0
0.21666666666666667,19.844460342093996,0.0,19.844460342093996,0.0,0.0,0.0,1.0647361387796463,-0.0,58.938255924269,0.0,0.0,0.0,0.0,-0.0,-0.0,0.0,0.4444444444444444,0.0,0.0
0.23333333333333334,19.86218609738363,0.0,19.86218609738363,0.0,0.0,0.0,1.063545317378058,-0.0,59.269292359225396,0.0,0.0,0.0,0.0,-0.0,-0.0,0.0,0.4444444444444444,0.0,0.0
0.25,19.879892024252808,0.0,19.879892024252808,0.0,0.0,0.0,1.0623556121505415,-0.0,59.60062389296294,0.0,0.0,0.0,0.0,-0.0,-0.0,0.0,0.4444444444444444,0.0,0.0
0.26666666666666666,19.89757814129568,0.0,19.89757814129568,0.0,0.0,0.0,1.061167022572193,-0.0,59.93225019531787,0.0,0.0,0.0,0.0,-0.0,-0.0,0.0,0.4444444444444444,0.0,0.0
0.2833333333333333,19.91524446709763,0.0,19.91524446709763,0.0,0.0,0.0,1.0599795481169818,-0.0,60.264170936436166,0.0,0.0,0.0,0.0,-0.0,-0.0,0.0,0.4444444444444444,0.0,0.0
0.3,19.93289102023526,0.0,19.93289102023526,0.0,0.0,0.0,1.0587931882577561,-0.0,60.59638578677342,0.0,0.0,0.0,0.0,-0.0,-0.0,0.0,0.4444444444444444,0.0,0.0
0.31666666666666665,19.950517819276364,0.0,19.950517819276364,0.0,0.0,0.0,1.0576079424662457,-0.0,60.92889441709469,0.0,0.0,0.0,0.0,-0.0,-0.0,0.0,0.4444444444444444,0.0,0.0
0.3333333333333333,19.968124882779914,0.0,19.968124882779914,0.0,0.0,0.0,1.0564238102130683,-0.0,61.26169649847436,0.0,0.0,0.0,0.0,-0.0,-0.0,0.0,0.4444444444444444,0.0,0.0
0.35,19.985712229296045,0.0,19.985712229296045,0.0,0.0,0.0,1.0552407909677324,-0.0,61.59479170229596,0.0,0.0,0.0,0.0,-0.0,-0.0,0.0,0.4444444444444444,0.0,0.0
0.36666666666666664,20.003279877366023,0.0,20.003279877366023,0.0,0.0,0.0,1.0540588841986422,-0.0,61.92817970025206,0.0,0.0,0.0,0.0,-0.0,-0.0,0.0,0.4444444444444444,0.0,0.0
0.3833333333333333,20.02082784552224,0.0,20.02082784552224,0.0,0.0,0.0,1.0528780893731016,-0.0,62.2618601643441,0.0,0.0,0.0,0.0,-0.0,-0.0,0.0,0.4444444444444444,0.0,0.0
0.4,20.038356152288195,0.0,20.038356152288195,0.0,0.0,0.0,1.0516984059573176,-0.0,62.59583276688224,0.0,0.0,0.0,0.0,-0.0,-0.0,0.0,0.4444444444444444,0.0,0.0
0.4166666666666667,20.055864816178467,0.0,20.055864816178467,0.0,0.0,0.0,1.0505198334164079,-0.0,62.93009718048521,0.0,0.0,0.0,0.0,-0.0,-0.0,0.0,0.4444444444444444,0.0,0.0
0.43333333333333335,20.073353855698706,0.0,20.073353855698706,0.0,0.0,0.0,1.0493423712144,-0.0,63.264653078080194,0.0,0.0,0.0,0.0,-0.0,-0.0,0.0,0.4444444444444444,0.0,0.0
0.45,20.09082328934561,0.0,20.09082328934561,0.0,0.0,0.0,1.0481660188142403,-0.0,63.59950013290262,0.0,0.0,0.0,0.0,-0.0,-0.0,0.0,0.4444444444444444,0.0,0.0
0.4666666666666667,20.108273135606908,0.0,20.108273135606908,0.0,0.0,0.0,1.0469907756777947,-0.0,63.93463801849607,0.0,0.0,0.0,0.0,-0.0,-0.0,0.0,0.4444444444444444,0.0,0.0
0.48333333333333334,20.12570341296134,0.0,20.12570341296134,0.0,0.0,0.0,1.0458166412658554,-0.0,64.27006640871208,0.0,0.0,0.0,0.0,-0.0,-0.0,0.0,0.4444444444444444,0.0,0.0
0.5,20.14311413987864,0.0,20.14311413987864,0.0,0.0,0.0,1.0446436150381444,-0.0,64.60578497771006,0.0,0.0,0.0,0.0,-0.0,-0.0,0.0,0.4444444444444444,0.0,0.0
0.5166666666666666,20.16050533481953,0.0,20.16050533481953,0.0,0.0,0.0,1.0434716964533162,-0.0,64.94179339995705,0.0,0.0,0.0,0.0,-0.0,-0.0,0.0,0.4444444444444444,0.0,0.0
0.5333333333333333,20.17787701623568,0.0,20.17787701623568,0.0,0.0,0.0,1.0423008849689643,-0.0,65.27809135022764,0.0,0.0,0.0,0.0,-0.0,-0.0,0.0,0.4444444444444444,0.0,0.0
0.55,20.195229202569706,0.0,20.195229202569706,0.0,0.0,0.0,1.0411311800416239,-0.0,65.6146785036038,0.0,0.0,0.0,0.0,-0.0,-0.0,0.0,0.4444444444444444,0.0,0.0
0.5666666666666667,20.212561912255154,0.0,20.212561912255154,0.0,0.0,0.0,1.0399625811267774,-0.0,65.95155453547471,0.0,0.0,0.0,0.0,-0.0,-0.0,0.0,0.4444444444444444,0.0,0.0
0.5833333333333334,20.229875163716468,0.0,20.229875163716468,0.0,0.0,0.0,1.0387950876788565,-0.0,66.28871912153666,0.0,0.0,0.0,0.0,-0.0,-0.0,0.0,0.4444444444444444,0.0,0.0
0.6,20.24716897536899,0.0,20.24716897536899,0.0,0.0,0.0,1.0376286991512487,-0.0,66.6261719377928,0.0,0.0,0.0,0.0,-0.0,-0.0,0.0,0.4444444444444444,0.0,0.0
0.6166666666666667,20.264443365618927,0.0,20.264443365618927,0.0,0.0,0.0,1.036463414996299,-0.0,66.96391266055312,0.0,0.0,0.0,0.0,-0.0,-0.0,0.0,0.4444444444444444,0.0,0.0
0.6333333333333333,20.281698352863348,0.0,20.281698352863348,0.0,0.0,0.0,1.0352992346653174,-0.0,67.30194096643417,0.0,0.0,0.0,0.0,-0.0,-0.0,0.0,0.4444444444444444,0.0,0.0
0.65,20.298933955490156,0.0,20.298933955490156,0.0,0.0,0.0,1.0341361576085801,-0.0,67.640256532359,0.0,0.0,0.0,0.0,-0.0,-0.0,0.0,0.4444444444444444,0.0,0.0
0.6666666666666666,20.31615019187808,0.0,20.31615019187808,0.0,0.0,0.0,1.0329741832753343,-0.0,67.97885903555697,0.0,0.0,0.0,0.0,-0.0,-0.0,0.0,0.4444444444444444,0.0,0.0
0.6833333333333333,20.333347080396642,0.0,20.333347080396642,0.0,0.0,0.0,1.0318133111138037,-0.0,68.31774815356357,0.0,0.0,0.0,0.0,-0.0,-0.0,0.0,0.4444444444444444,0.0,0.0
0.7,20.350524639406164,0.0,20.350524639406164,0.0,0.0,0.0,1.0306535405711907,-0.0,68.65692356422034,0.0,0.0,0.0,0.0,-0.0,-0.0,0.0,0.4444444444444444,0.0,0.0
0.7166666666666667,20.367682887257725,0.0,20.367682887257725,0.0,0.0,0.0,1.0294948710936824,-0.0,68.99638494567463,0.0,0.0,0.0,0.0,-0.0,-0.0,0.0,0.4444444444444444,0.0,0.0
0.7333333333333333,20.384821842293167,0.0,20.384821842293167,0.0,0.0,0.0,1.0283373021264537,-0.0,69.33613197637952,0.0,0.0,0.0,0.0,-0.0,-0.0,0.0,0.4444444444444444,0.0,0.0
0.75,20.40194152284506,0.0,20.40194152284506,0.0,0.0,0.0,1.0271808331136707,-0.0,69.6761643350936,0.0,0.0,0.0,0.0,-0.0,-0.0,0.0,0.4444444444444444,0.0,0.0
0.7666666666666666,20.419041947236703,0.0,20.419041947236703,0.0,0.0,0.0,1.0260254634984964,-0.0,70.01648170088087,0.0,0.0,0.0,0.0,-0.0,-0.0,0.0,0.4444444444444444,0.0,0.0
0.7833333333333333,20.43612313378209,0.0,20.43612313378209,0.0,0.0,0.0,1.024871192723094,-0.0,70.35708375311057,0.0,0.0,0.0,0.0,-0.0,-0.0,0.0,0.4444444444444444,0.0,0.0
0.8,20.453185100785902,0.0,20.453185100785902,0.0,0.0,0.0,1.023718020228631,-0.0,70.697970171457,0.0,0.0,0.0,0.0,-0.0,-0.0,0.0,0.4444444444444444,0.0,0.0
0.8166666666666667,20.47022786654349,0.0,20.47022786654349,0.0,0.0,0.0,1.0225659454552827,-0.0,71.03914063589939,0.0,0.0,0.0,0.0,-0.0,-0.0,0.0,0.4444444444444444,0.0,0.0
0.8333333333333334,20.48725144934086,0.0,20.48725144934086,0.0,0.0,0.0,1.0214149678422386,-0.0,71.38059482672173,0.0,0.0,0.0,0.0,-0.0,-0.0,0.0,0.4444444444444444,0.0,0.0
0.85,20.504255867454656,0.0,20.504255867454656,0.0,0.0,0.0,1.0202650868277023,-0.0,71.72233242451264,0.0,0.0,0.0,0.0,-0.0,-0.0,0.0,0.4444444444444444,0.0,0.0
0.8666666666666667,20.52124113915214,0.0,20.52124113915214,0.0,0.0,0.0,1.0191163018489002,-0.0,72.06435311016519,0.0,0.0,0.0,0.0,-0.0,-0.0,0.0,0.4444444444444444,0.0,0.0
0.8833333333333333,20.53820728269117,0.0,20.53820728269117,0.0,0.0,0.0,1.0179686123420821,-0.0,72.40665656487671,0.0,0.0,0.0,0.0,-0.0,-0.0,0.0,0.4444444444444444,0.0,0.0
0.9,20.555154316320213,0.0,20.555154316320213,0.0,0.0,0.0,1.016822017742528,-0.0,72.74924247014872,0.0,0.0,0.0,0.0,-0.0,-0.0,0.0,0.4444444444444444,0.0,0.0
0.9166666666666666,20.57208225827829,0.0,20.57208225827829,0.0,0.0,0.0,1.0156765174845486,-0.0,73.09211050778669,0.0,0.0,0.0,0.0,-0.0,-0.0,0.0,0.4444444444444444,0.0,0.0
0.9333333333333333,20.58899112679498,0.0,20.58899112679498,0.0,0.0,0.0,1.0145321110014922,-0.0,73.43526035989993,0.0,0.0,0.0,0.0,-0.0,-0.0,0.0,0.4444444444444444,0.0,0.0
0.95,20.605880940090408,0.0,20.605880940090408,0.0,0.0,0.0,1.013388797725749,-0.0,73.77869170890143,0.0,0.0,0.0,0.0,-0.0,-0.0,0.0,0.4444444444444444,0.0,0.0
0.9666666666666667,20.62275171637522,0.0,20.62275171637522,0.0,0.0,0.0,1.0122465770887528,-0.0,74.12240423750768,0.0,0.0,0.0,0.0,-0.0,-0.0,0.0,0.4444444444444444,0.0,0.0
0.9833333333333333,20.63960347385057,0.0,20.63960347385057,0.0,0.0,0.0,1.011105448520987,-0.0,74.46639762873852,0.0,0.0,0.0,0.0,-0.0,-0.0,0.0,0.4444444444444444,0.0,0.0
1.0,20.655354097870102,-0.014401374368640153,20.655359118349477,-0.00017753173531361138,-0.010651904118816682,-0.075,0.9450374411718815,-0.8640824621184092,74.81065348233295,-0.0003011392496490335,-0.0006972222294911888,0.07365918860643762,1.679684083610733e-19,-1021.5829154339393,-2.6874945337771727e-15,0.0,0.4444444444444444,0.0,1.0
1.0166666666666666,20.668011086747043,-0.038263137154414345,20.66804650540451,-0.0006944217502412043,-0.031013400895655577,-0.15,0.7594193326164569,-1.4317057671464517,75.1551198078782,-0.0011780633031177642,-0.0018513195720503126,0.14627600810987157,0.00017742301388573573,-1974.7391765324999,-2.838767983343616,0.0,0.4444444444444444,0.0,1.0
1.0333333333333332,20.675975648727572,-0.06631274086359756,20.6760819887709,-0.0016877732049005493,-0.059601087279560705,-0.22499999999999998,0.47787371883172125,-1.6829762225509928,75.49971704586738,-0.0028648797619960794,-0.003207225362384685,0.2181953524888286,0.0006900727257554499,-2824.113384054206,-11.041149560038804,0.0,0.4444444444444444,0.0,1.0
1.05,20.678126465672673,-0.09347063526923904,20.67833772066822,-0.0032651597580020683,-0.09464319318609116,-0.3,0.1290490167060966,-1.629473664338489,75.84434556323788,-0.005548003152803054,-0.004520235370924666,0.289768030637756,0.0016677976121230295,-3551.4481805350647,-26.68456342127941,0.0,0.4444444444444444,0.0,1.0
1.0666666666666667,20.673802159038292,-0.1152371175096629,20.67412332613667,-0.0055034407648329765,-0.1342968604098545,-0.375,-0.25945839806287274,-1.3059889344254307,76.18889314456729,-0.009364867212708874,-0.0055740072950926384,0.3613197900123452,0.0032085056069886455,-4153.479512316979,-51.33467733760094,0.0,0.4444444444444444,0.0,1.0
1.0833333333333333,20.662722883247888,-0.1279127372950794,20.66311880182317,-0.008450104662465001,-0.17679983385792147,-0.45,-0.6647565474242179,-0.76053718712499,76.53324154992018,-0.014406671606989368,-0.006190428245195357,0.43313262606665454,0.005377779467145575,-4637.695667594664,-86.03782143218226,0.0,0.4444444444444444,0.0,1.0
1.1,20.64488999414405,-0.12867615680888414,20.645290998763866,-0.012126058485695847,-0.2205572293938507,-0.525,-1.0699733462302021,-0.04580517082828495,76.87727174809858,-0.02072336669089549,-0.0062327525409315776,0.5054368031424213,0.008210913586673384,-5017.851994853542,-131.35095076541137,0.0,0.4444444444444444,0.0,1.0
1.1166666666666667,20.622261989814124,-0.11555362510387542,20.62258573062086,-0.016528916481935788,-0.26417147977439653,-0.58,-1.3576802597957258,0.7873519023005238,77.22089733328741,-0.028329799456031892,-0.005603285217702991,0.5584131115052128,0.011715260057355474,-5238.204258611182,-187.37543502464757,0.0,0.4444444444444444,0.0,1.0
1.1333333333333333,20.599752769512996,-0.08821420136229469,20.59994164822756,-0.021647205006396077,-0.3070973114676174,-0.58,-1.3505532180676212,1.6403654244948438,77.56411428293502,-0.037231229099375984,-0.0042822680024342755,0.5571167472658887,0.015871739339980113,-5233.332438941698,-253.77699377142147,0.0,0.4444444444444444,0.0,1.0
1.15,20.58411612658208,-0.045936333565674566,20.58416738319425,-0.02745354242261896,-0.34838024497337305,-0.505,-0.938198575854904,2.536672067797207,77.90703259233348,-0.047413811516719556,-0.0022316361327244065,0.48165056338321993,0.020647636595088163,-4903.623466561104,-329.986284619203,0.0,0.4444444444444444,0.0,0.0
1.1666666666666667,20.57538373184981,0.012537362253475424,20.575387551594797,-0.033894697560395995,-0.386469308266622,-0.43,-0.5239436839361513,3.5084217491489995,78.24976577086501,-0.058826023537502825,0.0006093378799245072,0.40717200636973727,0.025998218156002208,-4475.765835560904,-415.2216893931006,0.0,0.4444444444444444,0.0,0.0
1.1833333333333333,20.573268298387614,0.08820828041103126,20.573457394861318,-0.0408886609329251,-0.4196378023517461,-0.355,-0.1269260077319084,4.540255089453351,78.59242707692043,-0.07137343113613838,0.00428749281018526,0.3338349298797032,0.0318538037130832,-3936.887794926091,-508.2832417746725,0.0,0.4444444444444444,0.0,0.0
1.2,20.57707540588679,0.181624812831508,20.577876951527024,-0.04832351289993625,-0.4460911180206691,-0.27999999999999997,0.22842644995061992,5.604991945228603,78.93512421047174,-0.0849160448747421,0.008826331866081843,0.2617731453022212,0.03811814255649808,-3281.791605551201,-607.5328882431462,0.0,0.4444444444444444,0.0,0.0
1.2166666666666666,20.585654434008575,0.2926334230762918,20.587734280311622,-0.056059151635741836,-0.46413832414833517,-0.20499999999999996,0.5147416873070751,6.660516614687028,79.27795275318299,-0.09926998244597883,0.014214447970842366,0.19107803851711214,0.044668794366451575,-2516.87794091471,-710.9136834607007,0.0,0.4444444444444444,0.0,0.0
1.2333333333333334,20.597425217484982,0.4201338883137888,20.601709591050835,-0.06393251598203202,-0.4724018607774108,-0.12999999999999995,0.7062470085844553,7.650027914249818,79.6209892008821,-0.11421452858887625,0.02039457030721859,0.1217747091531167,0.05136030423318831,-1662.0933572217778,-816.0199984756546,0.0,0.4444444444444444,0.0,0.0
1.25,20.610499578856466,0.561924464927673,20.618158307528994,-0.07176604757373804,-0.470011895502361,-0.05499999999999995,0.7844616822889718,8.507434596833054,79.9642848515708,-0.12950430712749839,0.027257238184540816,0.05380398974263939,0.058030431005335247,-749.4768570057904,-920.2196967092319,0.0,0.4444444444444444,0.0,0.0
1.2666666666666666,20.62296329572018,0.7108291923485713,20.63521003618128,-0.07942602818930476,-0.45959883693400355,0.0,0.7478230118228439,8.9342836452539,80.3078572942901,-0.14496580959965683,0.03445420944369689,0.00665509682587105,0.0645085945102884,-93.16416142772151,-1020.8095552790912,0.0,0.4444444444444444,0.0,0.0
1.2833333333333332,20.634369876822294,0.8533288342528484,20.652006931842692,-0.08691261807084383,-0.4491953928923441,0.0,0.6843948661269517,8.549978514256628,80.6516999050435,-0.16064951329631474,0.041331180919973926,0.014185717780895068,0.07066892165058906,-198.5303980227287,-1115.8488104245878,0.0,0.4444444444444444,0.0,0.0
1.3,20.644820011973074,0.9895546322006102,20.668522242697314,-0.09422622933817784,-0.4388166760400412,0.0,0.6270081090467927,8.17354787686571,80.99580563039304,-0.17660353500181966,0.04789568702862281,0.021402169902834733,0.0765201261548845,-299.39131524726446,-1205.5156638412661,0.0,0.4444444444444444,0.0,0.0
1.3166666666666667,20.65440966853719,1.1196413346315852,20.684734358313094,-0.10136749922045005,-0.42847619293633227,0.0,0.5753793938469929,7.805202145858506,81.34016705751058,-0.1928736722921577,0.0541553390711674,0.02831098917483412,0.0820708499655205,-395.800889199977,-1289.9946781854796,0.0,0.4444444444444444,0.0,0.0
1.3333333333333333,20.66323006755912,1.2437262210088236,20.700626360999422,-0.10833726506455162,-0.41818595064609393,0.0,0.5292239413156716,7.445093182634308,81.68477647945485,-0.20950345183702915,0.06011778018927194,0.0349188750190251,0.08732963014763226,-487.8276056420054,-1369.473815371437,0.0,0.4444444444444444,0.0,0.0
1.35,20.671367699064124,1.3619482430928784,20.71618559404157,-0.11513654119730699,-0.4079565679653221,0.0,0.48825789030030753,7.093321325043294,82.02962595573217,-0.22653418327003702,0.06579064687544389,0.04123264134957446,0.09230487236599251,-575.5519288816179,-1444.1419799828914,0.0,0.4444444444444444,0.0,0.0
1.3666666666666667,20.678904370254003,1.4744472758307505,20.731403250221987,-0.12176649766370733,-0.39779738798402026,0.0,0.45220027139267926,6.749941964272326,82.3747073682546,-0.24400501735305433,0.07118153647166049,0.04725917362730399,0.09700483011059105,-659.064008879098,-1514.1870129403821,0.0,0.4444444444444444,0.0,0.0
1.3833333333333333,20.68591728087495,1.5813634696086754,20.746273982915913,-0.12822844082075463,-0.38771658942283876,0.0,0.4207746372568786,6.414971626675484,82.72001247285084,-0.2619530073167119,0.07629798007700973,0.053005391544088135,0.10143758890560131,-738.4616280284836,-1579.7940809035892,0.0,0.4444444444444444,0.0,0.0
1.4,20.692479120622036,1.682836695271682,20.76079554112346,-0.13452379573411338,-0.377721294801526,0.0,0.3937103848251975,6.088393539780405,83.06553294651576,-0.2804131724060808,0.08114742029357093,0.05847821692043566,0.10561105479839185,-813.848382376831,-1641.1444091647884,0.0,0.4444444444444444,0.0,0.0
1.4166666666666667,20.698658184033437,1.779006073268519,20.774968429053764,-0.14065409030119416,-0.36781767402484716,0.0,0.37074380468413903,5.770162679810214,83.4112604306055,-0.2994185627971745,0.08573719326108227,0.06368454637634925,0.10953294649107138,-885.3320871413886,-1698.4143093128068,0.0,0.4444444444444444,0.0,0.0
1.4333333333333333,20.70451849889819,1.870009578462542,20.788795590287545,-0.14662094100802206,-0.3580110424096733,0.0,0.3516188918850961,5.460210311641383,83.75718657019739,-0.3190003251748438,0.09007451446134679,0.06863122832915151,0.1132107905434028,-953.0233930052871,-1751.77445718567,0.0,0.4444444444444444,0.0,0.0
1.45,20.710119964740084,1.9559837124940158,20.80228211609168,-0.15242604021690695,-0.34830595253309277,0.0,0.3360879505137937,5.15844804188844,84.10330304984082,-0.33918776837557946,0.09416646780949615,0.07332504387843088,0.11665191914044235,-1017.034597542011,-1801.3893811894231,0.0,0.4444444444444444,0.0,0.0
1.4666666666666666,20.715518498439064,2.037063236034858,20.815434977121566,-0.1580711448763224,-0.33870627956492627,0.0,0.32391202193873836,4.864771412450555,84.44960162592596,-0.36000842859974025,0.09801999758855331,0.07777269115414438,0.1198634699793889,-1077.4786349856543,-1847.417125658227,0.0,0.4444444444444444,0.0,0.0
1.4833333333333334,20.72076618450514,2.113380953801438,20.828262777505532,-0.16355806654246813,-0.3292152999687441,0.0,0.31486116396462527,4.579063065994802,84.79607415589489,-0.38148813378719254,0.10164190282421488,0.08198077272634481,0.12285238788689413,-1134.4682272026391,-1890.0090583743472,0.0,0.4444444444444444,0.0,0.0
1.5,20.725911427927095,2.185067545751992,20.840775530142288,-0.16888866260285212,-0.31983576362303984,0.0,0.3087146053171631,4.301195517033248,85.14271262451334,-0.4036510668289124,0.10503883373693465,0.0859557857016465,0.12562542782997108,-1188.115178936957,-1929.309795533136,0.0,0.4444444444444444,0.0,0.0
1.5166666666666666,20.7309991078789,2.2522514384677055,20.8529844519425,-0.17406482859514588,-0.3105699595376252,0.0,0.3052607971083162,4.031033562942806,85.48950916741393,-0.42651982735553534,0.10821728994717801,0.08970411416056667,0.12818915903045897,-1238.5298010323827,-1965.4572212565024,0.0,0.4444444444444444,0.0,0.0
1.5333333333333332,20.73607073088329,2.315058711282168,20.864901777695437,-0.17908849151894107,-0.3014197754277109,0.0,0.30429738026344744,3.7684363688677562,85.83645609211139,-0.4501154919029994,0.11118362014642247,0.09323202361985497,0.13054996993480275,-1285.8204462487693,-1998.5825821956894,0.0,0.4444444444444444,0.0,0.0
1.55,20.741164582306485,2.3736130322697053,20.87654059123028,-0.18396160404338563,-0.2923867514666735,0.0,0.30563108539154293,3.5132592592522554,86.18354589668047,-0.47445767230619085,0.1139440229806586,0.09654565723379238,0.13271407382789002,-1330.0931433797343,-2028.810640813716,0.0,0.4444444444444444,0.0,0.0
1.5666666666666667,20.746315875294485,2.428035619720178,20.887914672559486,-0.18868613951962399,-0.2834721285743008,0.0,0.3090775792800886,3.265355247028342,86.53077128627524,-0.4995645722147483,0.11650454892455961,0.09965103347743537,0.13468751491216333,-1371.451316563928,-2056.259873611035,0.0,0.4444444444444444,0.0,0.0
1.5833333333333333,20.75155689646304,2.478445225210712,20.89903835973111,-0.19326408771321613,-0.2746768916155289,0.0,0.31446127011325853,3.024576329432067,86.87812518765777,-0.5254530416617456,0.11887110295305124,0.10255404508237137,0.13647617470154927,-1409.9955778996477,-2081.0427028771624,0.0,0.4444444444444444,0.0,0.0
1.6,20.756917147823856,2.5249581348305328,20.90992642417163,-0.19769745117804272,-0.2660018078895953,0.0,0.32161508164903885,2.7907745771892505,87.22560076189218,-0.5521386296466572,0.12104944784275234,0.10526045902139985,0.13808577860430923,-1445.8235826776533,-2103.2657525454606,0.0,0.4444444444444444,0.0,0.0
1.6166666666666667,20.762423484572892,2.5676881855224734,20.920593958365895,-0.2019882421994533,-0.25744746128463497,0.0,0.3303802049422374,2.563803041516427,87.57319141534906,-0.579635634719541,0.12304520795877044,0.10777591736246256,0.1395219025901074,-1479.0299377077713,-2123.0301204296934,0.0,0.4444444444444444,0.0,0.0
1.6333333333333333,20.76810024848547,2.606746793874227,20.93105627479215,-0.20613848024046716,-0.24901428246083077,0.0,0.34060583475463135,2.343516501105222,87.9208908091545,-0.6079571535744234,0.124863873402782,0.1101059388340363,0.1407899798547913,-1509.7061543101258,-2140.431660562269,0.0,0.4444444444444444,0.0,0.0
1.65,20.77396939676107,2.6422429950251862,20.94132881510448,-0.21015018983060935,-0.2407025754085317,0.0,0.3521488965359517,2.1297720690575486,88.2686928672073,-0.6371151276770494,0.1265108044163852,0.11225592096406534,0.14189530741194728,-1537.9406385585796,-2155.561270566872,0.0,0.4444444444444444,0.0,0.0
1.6666666666666667,20.780050626240627,2.6742834896527508,20.951427068630736,-0.2140253988424093,-0.23251254070799685,0.0,0.3648737687733079,1.9224296776538692,88.61659178287827,-0.6671203879660067,0.12799123594958467,0.11423114267240571,0.14284305255355986,-1563.81871229557,-2168.505180012351,0.0,0.4444444444444444,0.0,0.0
1.6833333333333333,20.786361492983538,2.7029726972676076,20.961366499328303,-0.2177661371056752,-0.2244442957959549,0.0,0.3786520045747508,1.7213524568914078,88.96458202449617,-0.6979826976772178,0.12931028231815683,0.11603676721277383,0.14363825913337175,-1587.422659281842,-2179.345236537665,0.0,0.4444444444444444,0.0,0.0
1.7,20.792917527242835,2.7284128142832174,20.971162480412648,-0.22137443531437506,-0.21649789252199217,0.0,0.39336205555787773,1.5264070209365874,89.31265833971618,-0.7297107933503577,0.13047294188575442,0.11767784537445572,0.1442858536360859,-1608.8317916027836,-2188.1591872341405,0.0,0.4444444444444444,0.0,0.0
1.7166666666666666,20.799732343916844,2.7507038755332323,20.980830235942857,-0.22485232418530243,-0.20867333225564258,0.0,0.4088890004404321,1.3374636750008961,89.66081575885876,-0.7623124240822501,0.13148410171712957,0.11915931886667405,0.14479065100361208,-1628.1225321286597,-2195.0209533431935,0.0,0.4444444444444444,0.0,0.0
1.7333333333333334,20.8068177485862,2.769943818094411,20.990384788714124,-0.22820183383169396,-0.2009705787834909,0.0,0.4251242801615498,1.1543965536707166,90.00904959729917,-0.7957943890970495,0.1323485421579721,0.1204860238196684,0.14515736019635397,-1645.3685094238863,-2200.0008967943727,0.0,0.4444444444444444,0.0,0.0
1.75,20.81418383926763,2.7862285464343124,20.999840913868734,-0.23142499331861036,-0.1933895692149845,0.0,0.4419654408858096,0.9770837003940982,90.35735545698118,-0.8301625737063107,0.13307094130473943,0.12166269434635864,0.14539058947324865,-1660.6406620264192,-2203.1660774869215,0.0,0.4444444444444444,0.0,0.0
1.7666666666666666,20.821839104031714,2.799651998045029,21.009213097694584,-0.23452383037021413,-0.18593022309622617,0.0,0.45931588584500227,0.8054070966430089,90.70572922712233,-0.8654219837341155,0.13365587933465137,0.12269396611706866,0.14549485137906884,-1674.007349478574,-2204.580500522599,0.0,0.4444444444444444,0.0,0.0
1.7833333333333332,20.82979051464244,2.810306208848674,21.01851550113332,-0.23750037120209638,-0.17859244991293555,0.0,0.47708463664349543,0.6392526482186982,91.05416708417198,-0.9015767784834717,0.1341078426718747,0.12358437990731547,0.14547456743152545,-1685.5344678914025,-2204.305352840705,0.0,0.4444444444444444,0.0,0.0
1.8,20.838043616382144,2.8182813777693374,21.027761927569134,-0.24035664045454797,-0.17137615514709453,0.0,0.49518610438230926,0.47851013523979713,91.40266549107854,-0.9386303023204083,0.1344312279709566,0.12433838508524125,0.14533407250408345,-1695.2855681724363,-2202.399228898922,0.0,0.4444444444444444,0.0,0.0
1.8166666666666667,20.846602614227745,2.823665929961619,21.036965794514025,-0.24309466120515705,-0.16428124503654437,0.0,0.5135398707360749,0.3230731315368973,91.75122119591748,-0.976585114951693,0.13463034590288947,0.12496034301099046,0.14507761890323417,-1703.3219753469596,-2198.9183451946633,0.0,0.4444444444444444,0.0,0.0
1.8333333333333333,20.855470455543383,2.826546578269331,21.046140108845826,-0.24571645504137307,-0.1573076301729617,0.0,0.532070478938373,0.1728388984627287,92.09983122992728,-1.0154430204710394,0.13470942473290404,0.1254545303253168,0.1447093801413418,-1709.7029076616575,-2193.916743538959,0.0,0.4444444444444444,0.0,0.0
1.8499999999999999,20.86464890945152,2.8270083825610515,21.055297445292645,-0.24822404217572558,-0.15045522806114983,0.0,0.5507072344881827,0.027708257503233913,92.44849290499668,-1.055205095247144,0.1346726136822765,0.1258251421090349,0.1442334544081754,-1714.4855943815385,-2187.4464830848774,0.0,0.4444444444444444,0.0,0.0
1.8666666666666667,20.874138643039483,2.8251348066532516,21.06444992789031,-0.25061944158824845,-0.14372396475137134,0.0,0.5693840152777687,-0.11241455446799664,92.79720381064358,-1.0958717147249872,0.13452398606917465,0.12607629489869301,0.14365386774591635,-1717.7253913811894,-2179.5578211806537,0.0,0.4444444444444444,0.0,0.0
1.8833333333333333,20.883939294552075,2.8210077725879055,21.07360921416969,-0.25290467118235566,-0.1371137756464323,0.0,0.5880390907555784,-0.24762204392075793,93.14596181052201,-1.1374425792096414,0.13426754222592235,0.1262120295471094,0.14297457693384724,-1719.4758937938461,-2170.299383168542,0.0,0.4444444444444444,0.0,0.0
1.9,20.894049543713287,2.814707712080877,21.08278648185749,-0.2550817479419609,-0.13062460557631592,0.0,0.606614949672641,-0.3780036304217327,93.49476503849186,-1.1799167386993783,0.13390721219209012,0.1262363139202524,0.1421994720901276,-1719.7890451203175,-2159.7183212878545,0.0,0.4444444444444444,0.0,0.0
1.9166666666666667,20.904467179311855,2.806313615000867,21.091992417897977,-0.2571526880790485,-0.12425640822525653,0.0,0.6250581359141016,-0.5036458248005915,93.84361189428287,-1.2232926168322564,0.13344685818456373,0.1261530454244073,0.14133237899908066,-1718.7152423177326,-2147.8604628677576,0.0,0.4444444444444444,0.0,0.0
1.9333333333333333,20.915189164176624,2.795903074777136,21.10123720962445,-0.259119507162201,-0.1180091449891488,0.0,0.6433190918860656,-0.6246324134238579,94.19250103878258,-1.2675680340076003,0.132890276847253,0.12596605335971645,0.14037706117328533,-1716.3034364884838,-2134.7704480148655,0.0,0.4444444444444444,0.0,0.0
1.95,20.92621169765845,2.783552330668214,21.110530537927882,-0.26098422021778445,-0.1118827833350052,0.0,0.6613520089093876,-0.7410446465353315,94.54143138897612,-1.3127402297409165,0.13224120128440545,0.12567910109804273,0.13933722166051177,-1712.6012288751117,-2120.491857014586,0.0,0.4444444444444444,0.0,0.0
1.9666666666666666,20.93753027572619,2.7693363068540497,21.119881572286594,-0.26274884179659636,-0.10587729472871525,0.0,0.6791146840644209,-0.8529614288498437,94.8904021125639,-1.3588058843078468,0.13150330288262096,0.12529588808473044,0.13821650460617846,-1707.6549619395635,-2105.0673276753296,0.0,0.4444444444444444,0.0,0.0
1.9833333333333334,20.94913974877506,2.7533286483409727,21.12929896753516,-0.26441538599980524,-0.09999265219253384,0.0,0.69656838293225,-0.9604595107846174,95.23941262228199,-1.405761139729774,0.13068019292764235,0.12482005166525412,0.13701849658255916,-1701.509805367208,-2088.5386628524466,0.0,0.4444444444444444,0.0,0.0
2.0,20.961034377236512,2.7356017536929005,21.138790862263114,-0.26598586645896277,-0.09422882754945079,0.0,0.7136777076871623,-1.063613678884328,95.58846256994853,-1.4536016201506694,0.12977542402284908,0.12425516873898186,0.13574672769643936,-1694.2098368889035,-2070.946928395235,0.0,0.4444444444444444,0.0,0.0
2.0166666666666666,20.973207885070025,2.7162268046237994,21.14836487874465,-0.26746229626575924,-0.08858578840778891,0.0,0.7304104700107692,-1.1624969441460533,95.93755184025882,-1.5023224516517466,0.1287924913171193,0.12360475724336183,0.13440467248732643,-1685.7981178597931,-2052.332541766432,0.0,0.4444444444444444,0.0,0.0
2.033333333333333,20.985653511208678,2.695273792505758,21.158028124309542,-0.26884668784802546,-0.08306349493597238,0.0,0.7467375683192325,-1.2571807270824709,96.28668054435029,-1.5519182815474644,0.1277348335503656,0.12287227747278419,0.13299575062865865,-1676.3167635725183,-2032.7353515898594,0.0,0.4444444444444444,0.0,0.0
2.05,20.998364059022354,2.672811541864442,21.16778719407311,-0.2701410527892643,-0.07766189647433296,0.0,0.7626328688205718,-1.347735038478962,96.63584901315829,-1.602383297203412,0.12660583392560137,0.12206113323719868,0.1315233274447426,-1665.807008316372,-2012.1947083888447,0.0,0.4444444444444444,0.0,0.0
2.0666666666666664,21.011331943854824,2.64890773094935,21.177648174949393,-0.27134740158973125,-0.0723809280280167,0.0,0.7780730899481946,-1.4342286549055328,96.98505779058259,-1.6537112444136421,0.12540882081686835,0.1211746728662886,0.12999071425637806,-1654.309265223314,-1990.749526785937,0.0,0.4444444444444444,0.0,0.0
2.0833333333333335,21.024549238683974,2.623628909480348,21.18761665087671,-0.2724677433677723,-0.06722050668246432,0.0,0.7930376897489576,-1.5167292881401182,97.33430762648396,-1.7058954453720763,0.12414706832275559,0.12021619006563075,0.128401168568305,-1641.8631809675878,-1968.4383394434435,0.0,0.4444444444444444,0.0,0.0
2.1,21.03800771794795,2.597040513684552,21.197697709188994,-0.2735040855007808,-0.06218052798051238,0.0,0.8075087558385468,-1.59530374774777,97.68359946953,-1.758928816269726,0.12282379667557396,0.1191889246318165,0.12675789411173216,-1628.507685408481,-1945.299343034491,0.0,0.4444444444444444,0.0,0.0
2.1166666666666667,21.05169889957417,2.5692068787488456,21.2078959480695,-0.27445843320574514,-0.05726086229785892,0.0,0.8214708975732601,-1.6700180961423785,98.03293445990835,-1.8128038845466476,0.12144217251651991,0.11809606303397673,0.12506404075527697,-1614.2810362860273,-1921.370436545568,0.0,0.4444444444444444,0.0,0.0
2.1333333333333333,21.065614085242917,2.5401912488232594,21.218215485025667,-0.2753327890599354,-0.05246135125141533,0.0,0.8349111401248115,-1.740937795535158,98.38231392192569,-1.8675128058247776,0.12000530904737251,0.11694073886955476,0.12332270429766573,-1599.2208590976297,-1896.6892522237354,0.0,0.4444444444444444,0.0,0.0
2.15,21.079744398912634,2.5100557847191185,21.22865996632596,-0.276129152462817,-0.047781804172895674,0.0,0.8478188201831558,-1.8081278462484465,98.73173935651008,-1.9230473805451183,0.11851626606941829,0.11572603320250369,0.1215369261555066,-1583.364182299898,-1871.293179494628,0.0,0.4444444444444444,0.0,0.0
2.1666666666666665,21.09408082363015,2.4788615694533647,21.239232577340314,-0.27684951904078114,-0.04322199467784771,0.0,0.8601854830510006,-1.8716529159452335,99.08121243363418,-1.9793990703301205,0.11697804992039397,0.1144549747923604,0.11970969295935815,-1566.7474679948068,-1845.2193821908322,0.0,0.4444444444444444,0.0,0.0
2.183333333333333,21.10861423664569,2.4466686117967815,21.24993605372667,-0.2774958799967509,-0.038781657358184854,0.0,0.8720047809323571,-1.9315774593950015,99.43073498467638,-2.036559014089594,0.11539361332027638,0.11313054022286301,0.11784393607117175,-1549.4066382726157,-1818.5048094438405,0.0,0.4444444444444444,0.0,0.0
2.2,21.12333544284995,2.4135358479890257,21.260772693406253,-0.2780702214071529,-0.03446048462411929,0.0,0.8832723722556695,-1.9879658284653505,99.78030899473676,-2.0945180438860382,0.11376585513673329,0.11175565393894026,0.11594253103598341,-1531.3770973961282,-1791.186200606247,0.0,0.4444444444444444,0.0,0.0
2.216666666666667,21.13823520654844,2.379521141787411,21.27174436927017,-0.27857452346913975,-0.03025812371921189,0.0,0.893985821909435,-2.040882372096868,100.12993659492433,-2.1532667005729547,0.11209762008098087,0.11033318820100803,0.11400829698047683,-1512.6937500217296,-1763.3000845838521,0.0,0.4444444444444444,0.0,0.0
2.2333333333333334,21.15330428158685,2.344681283019315,21.28285254255974,-0.279010759701307,-0.02617417393003697,0.0,0.9041445023044609,-2.0903915260857753,100.47962005463188,-2.2127952492174665,0.1103916983446718,0.10886596296556432,0.1120439959707259,-1493.3910156624272,-1734.8827739694746,0.0,0.4444444444444444,0.0,0.0
2.25,21.168533439840374,2.309071984809893,21.294098276862396,-0.2793808961014688,-0.022208184009707997,0.0,0.9137494952116288,-2.1365578925653352,100.82936177381421,-2.2730936943164517,0.10865082518826591,0.10735674570107986,0.110052332341061,-1473.502839606689,-1705.9703543812373,0.0,0.4444444444444444,0.0,0.0
2.2666666666666666,21.183913498079658,2.2727478796575213,21.30548225266467,-0.2796868902653392,-0.018359649832224177,0.0,0.9228034943569773,-2.179446309142307,101.17916427528546,-2.3341517948133825,0.10687768049111256,0.10580825114813758,0.10803595200558527,-1453.0627005143583,-1676.5986694175692,0.0,0.4444444444444444,0.0,0.0
2.283333333333333,21.199435343226103,2.235762514529037,21.317004782403114,-0.27993069047021063,-0.014628012292283263,0.0,0.9313107087867989,-2.21912190770907,101.52903019705064,-2.395959078921176,0.10507488827320338,0.1042231410326845,0.10599744176339967,-1432.1036149172146,-1646.8033016488089,0.0,0.4444444444444444,0.0,0.0
2.3,21.21508995601017,2.198168345145456,21.328665825953653,-0.2801142347279251,-0.011012655462870785,0.0,0.9392767670440187,-2.2556501630148444,101.87896228468628,-2.4585048587545866,0.10324501619823652,0.10260402374112298,0.1039393286080797,-1410.6581388568568,-1616.619550070884,0.0,0.4444444444444444,0.0,0.0
2.3166666666666664,21.230868433047224,2.1600167296264488,21.340465006499443,-0.28023944981160165,-0.007512905020591161,0.0,0.9467086222231867,-2.289096931140434,102.22896338378436,-2.5217782447740262,0.10139057506727346,0.10095345396578716,0.1018640790513891,-1388.7583668964628,-1586.082404449837,0.0,0.4444444444444444,0.0,0.0
2.3333333333333335,21.246762007347137,2.121357921658453,21.35240162671714,-0.2803082502607077,-0.004128026946364426,0.0,0.9536144579947538,-2.3195284780797656,102.5790364324738,-2.585768160041185,0.0995140183118666,0.09927393232912854,0.09977409847061548,-1366.4359287456173,-1555.2265169867321,0.0,0.4444444444444444,0.0,0.0
2.35,21.262762067275634,2.0822410633469923,21.364474685221353,-0.2803225373691542,-0.0008572265067892161,0.0,0.9600035957098252,-2.347011498687637,102.92918445403261,-2.6504633542854266,0.09761774149509689,0.09756790499467073,0.09767173048828003,-1343.7219837387318,-1524.0861717306816,0.0,0.4444444444444444,0.0,0.0
2.3666666666666667,21.278860173987535,2.042714177908555,21.376682893207295,-0.2802841981611406,0.0023003524808166633,0.0,0.9658864027141234,-2.371613126306224,103.27941054960375,-2.7158524177786876,0.09570408182848623,0.09583776327249309,0.0955592563923075,-1320.6472134076303,-1492.695252163155,0.0,0.4444444444444444,0.0,0.0
2.3833333333333333,21.295048077354444,2.0028241623513465,21.38902469123208,-0.28019510435949185,0.005345628098924825,0.0,0.9712742020144242,-2.393400933432504,103.62971789102707,-2.781923795015476,0.09377531771224447,0.09408584322666642,0.09343889460405372,-1297.2418123875964,-1461.0872073694359,0.0,0.4444444444444444,0.0,0.0
2.4,21.311317730411982,1.962616780287439,21.401498266075624,-0.28005711135120437,0.008279580497250614,0.0,0.9761791834521928,-2.4124429238344547,103.98010971379887,-2.8486657981935726,0.09183366830578026,0.09231442529169605,0.09131280020087777,-1273.5354778935964,-1429.2950172030887,0.0,0.4444444444444444,0.0,0.0
2.4166666666666665,21.327661302354443,1.9221366550113501,21.41410156762327,-0.27987205715486047,0.011103251780634796,0.0,0.9806143165475617,-2.4288075165653344,104.33058931017042,-2.916066620490173,0.08988129313485153,0.09052573390462958,0.08918306449922271,-1249.5573979995086,-1397.3511568365382,0.0,0.4444444444444444,0.0,0.0
2.433333333333333,21.344071190107478,1.8814272629719804,21.42683232571325,-0.27964176139448016,0.013817745622817242,0.0,0.9845932651821905,-2.4425635223621818,104.68116002239572,-2.984114349127481,0.08792029174116116,0.0887219371590641,0.08705171470343814,-1225.336238948049,-1365.287561075671,0.0,0.4444444444444444,0.0,0.0
2.45,21.360540028512347,1.840530927756203,21.43968806689373,-0.2793680242842563,0.01642422661343397,0.0,0.9881303042920394,-2.4537801129466406,105.03182523613816,-3.0527969782211484,0.08595270337961965,0.0869051464868415,0.08492071362484394,-1200.9001317126954,-1333.1355887986513,0.0,0.4444444444444444,0.0,0.0
2.466666666666667,21.377060699158026,1.7994888146933186,21.45266613103586,-0.2790526256284679,0.018923919347303992,0.0,0.9912402387407331,-2.46252678377307,105.38258837404538,-3.122102421404468,0.08398050676790611,0.0850774163727577,0.0827919594748057,-1176.2766580253892,-1300.9259878593282,0.0,0.4444444444444444,0.0,0.0
2.4833333333333334,21.39362633790038,1.7583409261801426,21.46576368775136,-0.2786973238406901,0.021318107266664364,0.0,0.9939383245412161,-2.468873310790553,105.73345288950028,-3.192018524220877,0.08200561989236287,0.0832407441071325,0.08066728573487295,-1151.492836075145,-1268.6888607737744,0.0,0.4444444444444444,0.0,0.0
2.5,21.41023034111018,1.7171260978167804,21.478977752565374,-0.27830385498621596,0.02360813126844955,0.0,0.9962401925878944,-2.4728897018017286,106.08442226055594,-3.2625330762770566,0.08002989987366733,0.08139706958059865,0.07854846110632574,-1126.5751060730622,-1236.4536314849547,0.0,0.4444444444444444,0.0,0.0
2.5166666666666666,21.426866370694405,1.6758819954332411,21.492305202797866,-0.27787393185138287,0.025795388089985948,0.0,0.9981617750536749,-2.474646143012351,106.4354999840611,-3.3336338231487908,0.07805514289513604,0.07954827512497298,0.07643718954079183,-1101.5493158686709,-1204.2490134755983,0.0,0.4444444444444444,0.0,0.0
2.533333333333333,21.44352835793768,1.634645113077054,21.50574279310957,-0.2774092430432566,0.027881328487578273,0.0,0.9997192345965012,-2.474212941371222,106.78668956998224,-3.4053084780316962,0.07608308419593919,0.07769618540357405,0.07433511035293613,-1076.4407067911752,-1172.1029794732503,0.0,0.4444444444444444,0.0,0.0
2.55,21.460210506212817,1.593450772022042,21.519287170671443,-0.27691145212286666,0.02986745522339674,0.0,1.000928896508267,-2.471660463300715,107.1379945359275,-3.4775447331290033,0.07411539813094124,0.07584256735385467,0.07224379841559465,-1051.2738998771033,-1140.0427329646118,0.0,0.4444444444444444,0.0,0.0
2.5666666666666664,21.476907292611582,1.5523331208484796,21.532934889919574,-0.2763821967749195,0.031755320876830875,0.0,1.0018071839257765,-2.4670590704137423,107.48941840187672,-3.5503302707687174,0.07215369829833829,0.07398913018472425,0.07016476443712709,-1026.0728826332245,-1108.0946817088718,0.0,0.4444444444444444,0.0,0.0
2.5833333333333335,21.493613468548396,1.511325136635081,21.546682426860755,-0.2758230880166352,0.03354652549705797,0.0,1.0023705562088188,-2.46047905280391,107.84096468512146,-3.6236527742427236,0.07019953773573984,0.07213752543045418,0.06809945532020227,-1000.8609964705407,-1076.2844134121774,0.0,0.4444444444444444,0.0,0.0
2.6,21.51032405939131,1.4704586272937117,21.560526192897314,-0.2752357094480688,0.03524271411398336,0.0,1.0026354505748276,-2.451990560482166,108.19263689541775,-3.697499938360711,0.06825440918484432,0.07028934706258592,0.06604925460070823,-975.6609249317285,-1044.6366736978985,0.0,0.4444444444444444,0.0,0.0
2.6166666666666667,21.527034363175694,1.4297642350684514,21.57446254814307,-0.27462161654598627,0.036845574124951284,0.0,1.0026182270631434,-2.4416635335156216,108.5444385303538,-3.771859479712174,0.06631974542438711,0.06844613166080614,0.06401548296499882,-950.4946828208359,-1013.1753464802797,0.0,0.4444444444444444,0.0,0.0
2.6333333333333333,21.54373994845711,1.3892714412117344,21.58848781420582,-0.27398233600307453,0.03835683257470474,0.0,1.0023351168849575,-2.4295676314030263,108.896373070934,-3.846719146630185,0.06439691967059846,0.066609358643314,0.06199939884325145,-925.3836063303821,-981.9234368226595,0.0,0.4444444444444444,0.0,0.0
2.65,21.560436651360405,1.3490085718417875,21.602598286415173,-0.27331936511397453,0.03977825334599863,0.0,1.0018021741977563,-2.4157721621968156,109.24844397738005,-3.9220667288511395,0.062487246043999634,0.06478045055678702,0.06000219907631732,-900.3483442473876,-950.9030563359172,0.0,0.4444444444444444,0.0,0.0
2.6666666666666665,21.5771205718825,1.30900280497755,21.61679024547803,-0.2726341712093403,0.04111163427805255,0.0,1.0010352313257669,-2.400346011854256,109.60065468514902,-3.997890066865202,0.060591980100989255,0.06296077342565644,0.058025019653097205,-875.4088503064605,-920.1354111484551,0.0,0.4444444444444444,0.0,0.0
2.683333333333333,21.593788069506346,1.2692801787397092,21.63105996854745,-0.27192819113884564,0.04235880422967805,0.0,1.0000498574307783,-2.3833575742704403,109.95300860116797,-4.074177060952781,0.058712319428330155,0.06115163716003185,0.056068936515172016,-850.5843767448997,-889.6407924559277,0.0,0.4444444444444444,0.0,0.0
2.7,21.61043575818336,1.2298656006994748,21.645403739693883,-0.27120283080378826,0.043521620103442106,0.0,0.9988613206209297,-2.3648746824140665,110.30550910028353,-4.150915679902949,0.05684940429833985,0.05935429602126952,0.05413496642515868,-825.8934691020356,-859.4385696373959,0.0,0.4444444444444444,0.0,0.0
2.716666666666667,21.627060500741173,1.1907828583502467,21.659817859771117,-0.27045946473967747,0.04460196384664638,0.0,0.9974845534688401,-2.34496454095369,110.6581595219249,-4.22809396941039,0.05500431838231595,0.057569949143861245,0.052224067895045224,-801.3539622927377,-829.5471859045773,0.0,0.4444444444444444,0.0,0.0
2.7333333333333334,21.643659402772755,1.1520546306714514,21.67429865567246,-0.2696994357489404,0.04560173944422358,0.0,0.9959341218949531,-2.3236936607277205,111.01096316697755,-4.305700060148073,0.05317808951949113,0.055799741112031113,0.050337142170586345,-776.9829779733134,-799.9841564326483,0.0,0.4444444444444444,0.0,0.0
2.75,21.660229806062045,1.1137025007485115,21.688842488975574,-0.2689240545836422,0.04652286991789142,0.0,0.9942241973573331,-2.3011277953763973,111.36392329486486,-4.383722175513566,0.05137169053860997,0.054044762589166837,0.04847503426770743,-752.7969232069293,-770.766068904583,0.0,0.4444444444444444,0.0,0.0
2.7666666666666666,21.67676928159997,1.0757469694082007,21.703445763977363,-0.268134599677891,0.04736729434507442,0.0,0.9923685322754914,-2.2773318804186524,111.71704312083408,-4.462148639047511,0.04958604012905185,0.05230605099798057,0.046638534056771035,-728.8114904253047,-741.9085863863838,0.0,0.4444444444444444,0.0,0.0
2.783333333333333,21.69327562224336,1.038207469824508,21.71810493512308,-0.26733231692938736,0.0481369649102174,0.0,0.9903804386032318,-2.2523699750215536,112.07032581344285,-4.540967881523512,0.04782200375828819,0.050584591249091704,0.0448283773905024,-705.0416586737732,-713.4264524377943,0.0,0.4444444444444444,0.0,0.0
2.8,21.709746835067595,1.0011023830465873,21.732816513836145,-0.26651841952938427,0.04883384400018532,0.0,0.9882727694540909,-2.2263052066752427,112.42377449224185,-4.620168447709306,0.04608039463235883,0.048881316515550145,0.04304524727134726,-681.501696117951,-685.3334983521355,0.0,0.4444444444444444,0.0,0.0
2.8166666666666664,21.72618113346214,0.9644490543973826,21.747577074757874,-0.26569408784014287,0.049459901354484116,0.0,0.986057903672724,-2.19919971895228,112.77739222564894,-4.699739002799755,0.04436197469597776,0.047197109050672585,0.041289775054043694,-658.2051637821817,-657.6426524097889,0.0,0.4444444444444444,0.0,0.0
2.8333333333333335,21.742576929016085,0.9282638106890937,21.76238326140815,-0.2648604693188086,0.050017111280058264,0.0,0.9837477332366148,-2.171114622497334,113.13118202900976,-4.779668338522848,0.04266745566883323,0.04553280104644597,0.03956254167922703,-635.164920482698,-630.3659510224686,0.0,0.4444444444444444,0.0,0.0
2.85,21.75893282323883,0.8925619781997359,21.77723179128027,-0.2640186784864847,0.050507449939434394,0.0,0.9813536533647808,-2.1421099493614637,113.48514686283947,-4.85994537892048,0.040997500114627654,0.043889175529659805,0.037864078933950975,-612.3931289120338,-603.5145516397504,0.0,0.4444444444444444,0.0,0.0
2.8666666666666667,21.77524759915889,0.8573579013536514,21.792119460384953,-0.26316979694115145,0.05093289271999641,0.0,0.9788865552036766,-2.1122446107650714,113.83928963123999,-4.940559185806417,0.03935272253940826,0.04226696729286189,0.03619487073509493,-589.9012628256339,-577.0987472852274,0.0,0.4444444444444444,0.0,0.0
2.8833333333333333,21.79152021284148,0.8226649620479008,21.807043147260018,-0.26231487341296467,0.05129541169120534,0.0,0.9763568209553022,-2.081576358345037,114.19361318048703,-5.02149896390439,0.03773369051576731,0.040666863857188505,0.03455535443173615,-567.7001152768397,-551.1279825870948,0.0,0.4444444444444444,0.0,0.0
2.9,21.807749784863287,0.7884955995659864,21.821999816463652,-0.2614549238603709,0.05159697315562547,0.0,0.9737743213084907,-2.0501617489148716,114.54812029778091,-5.102754065669818,0.03614092582953892,0.039089506464098665,0.032945922122691235,-545.7998078424534,-525.6108711667713,0.0,0.4444444444444444,0.0,0.0
2.9166666666666665,21.82393559178048,0.7548613310202884,21.83698652157052,-0.26059093160539265,0.05183953529869419,0.0,0.9711484150315267,-2.018056112741875,114.90281371015494,-5.184313995799161,0.03457490564568629,0.03753549109304184,0.03136692198557349,-524.2098007778668,-500.5552142492671,0.0,0.4444444444444444,0.0,0.0
2.933333333333333,21.84007705762352,0.7217727722649138,21.85200040769074,-0.2597238475063713,0.05202504594128308,0.0,0.9684879505824996,-1.9853135253224776,115.25769608353525,-5.266168415431401,0.033036063690156325,0.03600536950210662,0.029818659613867187,-502.93890403825907,-475.96802036027066,0.0,0.4444444444444444,0.0,0.0
2.95,21.85617374545007,0.6892396592213115,21.867038713532853,-0.2588545901664005,0.05215544039824705,0.0,0.965801269593112,-1.9519867826161343,115.61277002194561,-5.348307146046578,0.03152479144457557,0.03449965028873416,0.028301399358684982,-481.9952891005795,-451.85552597722034,0.0,0.4444444444444444,0.0,0.0
2.966666666666667,21.87222534898477,0.6572708695599884,21.882098773032354,-0.25798404617564463,0.05223263944535226,0.0,0.9630962120819542,-1.9181273796793863,115.96803806685102,-5.430720173066722,0.030041439350771342,0.03301879996763152,0.026815365672048147,-461.3865015198864,-428.2232170048554,0.0,0.4444444444444444,0.0,0.0
2.9833333333333334,21.888231684372343,0.6258744446829055,21.89717801656799,-0.25711307038570774,0.052258547396214224,0.0,0.960380123254437,-1.883785492624967,116.32350269663348,-5.513397649164913,0.02858631802222161,0.03156324406308595,0.025360744448708655,-441.1194741530894,-405.0758509497558,0.0,0.4444444444444444,0.0,0.0
3.0,21.904192682068153,0.5950576119526367,21.912273971788295,-0.2562424862142049,0.05223505029016912,0.0,0.9576598617485965,-1.8490099638161277,116.67916632619365,-5.5963298972885305,0.02715969945966565,0.030133368212959068,0.023937684363715607,-421.20054098315046,-382.4174796730793,0.0,0.4444444444444444,0.0,0.0
3.0166666666666666,21.920108378887964,0.5648268071160771,21.927384264071062,-0.2553730859776825,0.05216401419134453,0.0,0.9549418091887313,-1.8138482901935757,117.035031306672,-5.679507413403073,0.02576181826824279,0.02872951928172856,0.02254629820311427,-401.63545147733913,-360.2514726059729,0.0,0.4444444444444444,0.0,0.0
3.033333333333333,21.9359789102365,0.5351876968723847,21.942506616638493,-0.2545056312510393,0.05204728359859235,0.0,0.9522318809122441,-1.7783466146215487,117.39109992528313,-5.762920868963196,0.024392872873666684,0.02735200648004313,0.021186664185352096,-382.4293854141192,-338.58054031785775,0.0,0.4444444444444444,0.0,0.0
3.05,21.951804502532152,0.5061452015368768,21.957638850350683,-0.253640853251616,0.05188667996539695,0.0,0.9495355377390571,-1.7425497201304674,117.74737440525699,-5.846561113117868,0.02305302673508671,0.026001102488361707,0.01985882727115141,-363.58696811463705,-317.4067583338719,0.0,0.4444444444444444,0.0,0.0
3.0666666666666664,21.96758546584311,0.4777035177547723,21.97277888319993,-0.2527794532461431,0.051684000328374884,0.0,0.946857798657459,-1.7065010269262695,118.10385690588087,-5.930419174656739,0.021742409552434012,0.024677044582359756,0.018562800459791518,-345.1122860165329,-296.73159110409546,0.0,0.4444444444444444,0.0,0.0
3.0833333333333335,21.983322186748197,0.4498661412209263,21.987924729528082,-0.25192210297876744,0.051441016042538784,0.0,0.9442032543051453,-1.6702425920307622,118.46054952263607,-6.0144862637050105,0.020461118466196745,0.02338003575790183,0.017298566069922243,-327.00890252985636,-276.5559160337024,0.0,0.4444444444444444,0.0,0.0
3.1,21.99901512143369,0.42263588936404106,22.003074498988695,-0.25106944511841567,0.051159471621105394,0.0,0.9415760811294767,-1.6338151114131116,118.81745428742336,-6.098753773174228,0.01920921924771598,0.02211024585349969,0.016066077003206135,-309.279874117189,-256.8800474897951,0.0,0.4444444444444444,0.0,0.0
3.1166666666666667,22.01466478903563,0.396014923956212,22.018226395275377,-0.2502220937237942,0.050841083677285084,0.0,0.9389800561165156,-1.597257924469742,119.17457316887142,-6.183213279976546,0.017986747478238987,0.020867812668297653,0.014865257989256116,-291.92776654261445,-237.70376070731268,0.0,0.4444444444444444,0.0,0.0
3.1333333333333333,22.030271765235366,0.37000477361107287,22.033378714637063,-0.2493806347243743,0.05048753996519505,0.0,0.9364185719841407,-1.560609020708348,119.53190807272262,-6.267856546010098,0.016793709715109937,0.01965284307375009,0.013696006810498849,-274.95467123689076,-219.02631552299522,0.0,0.4444444444444444,0.0,0.0
3.15,22.045836676114373,0.3446063561362173,22.048529844200477,-0.24854562641576114,0.05010049851678892,0.0,0.9338946527404188,-1.5239050484913335,119.8894608422907,-6.352675518923167,0.015630084643618234,0.0184654141172804,0.012558195505751041,-258.3622217290289,-200.84647987288258,0.0,0.4444444444444444,0.0,0.0
3.1666666666666665,22.061360192272947,0.31982000070797345,22.06367826011924,-0.247717599967903,0.04968158687148903,0.0,0.9314109695144084,-1.4871813256946318,120.24723325898498,-6.437662332664908,0.014495824213161082,0.017305574116333478,0.011451671551445561,-242.1516100974265,-183.1625529951726,0.0,0.4444444444444444,0.0,0.0
3.183333333333333,22.076843023215822,0.2956454698389826,22.078822525568466,-0.2468970599446523,0.04923240139504135,0.0,0.9289698565725796,-1.4504718521394508,120.605227042896,-6.522809307830349,0.013390854756509026,0.01617334374135578,0.010376259019586467,-226.3236033967172,-165.97238828642278,0.0,0.4444444444444444,0.0,0.0
3.2,22.09228591200649,0.27208198111136767,22.09396128860295,-0.24608448483325257,0.04875450668398476,0.0,0.92657332744003,-1.413809323656896,120.96344385343772,-6.608108951807447,0.012315078091090467,0.015068717086356575,0.009331759711646482,-210.87856001953597,-149.2734157650154,0.0,0.4444444444444444,0.0,0.0
3.216666666666667,22.107689630190684,0.2491282286505585,22.1090932798962,-0.24528032758238535,0.04824943505203241,0.0,0.924223091051647,-1.3772251476485489,121.32188529004131,-6.6935539587338875,0.011268372601333168,0.013991662725820898,0.008317954267747047,-195.81644595544918,-133.06266410148848,0.0,0.4444444444444444,0.0,0.0
3.2333333333333334,22.12305497298842,0.22678240431706143,22.12421731037678,-0.24448501614747534,0.047718686094601344,0.0,0.9219205678642216,-1.3407494600098242,121.68055289289619,-6.779137209271331,0.010250594301217308,0.0129421247568583,0.007334603250579622,-181.13685091232372,-117.33678218074594,0.0,0.4444444444444444,0.0,0.0
3.25,22.138382754752858,0.20504221859560806,22.139332268777785,-0.24369895404201378,0.04716372632769379,0.0,0.9196669058662679,-1.3044111432872016,122.03944814373384,-6.864851770204692,0.009261577876305325,0.011920023825581228,0.006381448203637511,-166.8390042683866,-102.09206016627616,0.0,0.4444444444444444,0.0,0.0
3.2666666666666666,22.153673804693323,0.1839049211631894,22.154437119114156,-0.24292252089372499,0.04658598889732739,0.0,0.9174629964278793,-1.2682378459451187,122.39857246665018,-6.950690893873993,0.008301137704618612,0.01092525813681278,0.005458212683430293,-152.92179082615183,-87.32445004132533,0.0,0.4444444444444444,0.0,0.0
3.283333333333333,22.168928962858963,0.16336732111946684,22.169530898101943,-0.24215607300446285,0.0459868733557287,0.0,0.9153094899383918,-1.2322560026233533,122.75792722896257,-7.036648017446246,0.007369068855829852,0.00995770444632475,0.0045646032654478265,-139.38376634222413,-73.02958560647525,0.0,0.4444444444444444,0.0,0.0
3.3,22.18414907637871,0.1434258068649492,22.18461271253274,-0.24139994391278713,0.04536774550054287,0.0,0.9132068111848306,-1.1964908552710574,123.11751374209759,-7.122716762034672,0.006465148068332539,0.009017219034903639,0.003700310523728285,-126.22317280973617,-59.20280191726564,0.0,0.4444444444444444,0.0,0.0
3.3166666666666664,22.19933499595253,0.12407636561413109,22.199681736615656,-0.240654444958231,0.04472993727336881,0.0,0.9111551744291349,-1.1609664750490873,123.47733326250602,-7.208890931672506,0.005589134703835795,0.008103638663634243,0.0028650099839646784,-113.43795347281497,-45.83915414937754,0.0,0.4444444444444444,0.0,0.0
3.3333333333333335,22.21448757258831,0.10531460253249857,22.214737209298406,-0.23991986584633096,0.04407474671400214,0.0,0.909154598146954,-1.1257057848979515,123.83738699260168,-7.2951645121484505,0.004740771679213364,0.00721678150987734,0.002058363050157359,-101.02576755499574,-32.93343588246062,0.0,0.4444444444444444,0.0,0.0
3.35,22.229607654578235,0.08713575948792537,22.22977843157832,-0.23919647521355006,0.0434034379668546,0.0,0.9072049193953549,-1.0907305826743916,124.19767608172073,-7.381531669710771,0.0039197863754103866,0.006356448083500094,0.001280017904886116,-88.9840046859023,-20.480196796946355,0.0,0.4444444444444444,0.0,0.0
3.3666666666666667,22.244696084707922,0.06953473340850243,22.244804763813285,-0.23848452119128144,0.04271724133611676,0.0,0.9053058077811124,-1.0560615647653766,124.55820162709854,-7.467986749646816,0.003125891523280669,0.005522422122994753,0.0005296103833352056,-77.30979901278674,-8.473759781154062,0.0,0.4444444444444444,0.0,0.0
3.3833333333333333,22.259753697691345,0.05250609424026925,22.259815623041803,-0.2377842319681758,0.04201735338633862,0.0,0.9034567790053355,-1.0217183500939906,124.9189646748612,-7.5545242747446535,0.002358786066290633,0.004714471471193353,-0.00019323517874185784,-66.00004298566037,3.091762551327762,0.0,0.4444444444444444,0.0,0.0
3.4,22.27478131782408,0.03604410249964649,22.274810480320806,-0.23709581635008883,0.04130493708521821,0.0,0.9016572079640051,-0.9877195044373656,125.27996622102897,-7.64113894364332,0.0016181560000842607,0.003932348930353235,-0.0008889051228832322,-55.051400806756355,14.22245193160184,0.0,0.4444444444444444,0.0,0.0
3.4166666666666665,22.289779756847206,0.020142726416607387,22.289788858088876,-0.236419464316997,0.04058112198551004,0.0,0.8999063413876189,-0.9540825649823462,125.64120721252918,-7.727825629078051,0.0009036751889563028,0.0031757930964506306,-0.0015577956713286876,-44.460321536935595,24.924569088243736,0.0,0.4444444444444444,0.0,0.0
3.433333333333333,22.30474981201398,0.004795658665773854,22.304750327562058,-0.2357553475762788,0.0398470044430914,0.0,0.8982033100064675,-0.920824065050012,126.00268854821618,-7.814579376026678,0.00021500615932905164,0.0024445291725771422,-0.0022003121556648125,-34.22305185338656,35.2045389764973,0.0,0.4444444444444444,0.0,0.0
3.4499999999999997,22.31969226435117,-0.010003667316316774,22.319694506168698,-0.23510362011180624,0.03910364786835378,0.0,0.8965471402312076,-0.8879595589254377,126.36441107989619,-7.901395399763214,-0.0004481991296287169,0.001738269761387143,-0.0028168682703595105,-24.335648454574798,45.06893657582511,0.0,0.4444444444444444,0.0,0.0
3.466666666666667,22.334607877106855,-0.024262061428552875,22.334621055029082,-0.23446441872833595,0.03835208300821806,0.0,0.8949367653412749,-0.8555036467341661,126.72637561335492,-7.988269083824499,-0.0010862985380631384,0.001056715636592795,-0.0034078853508120277,-14.79399010987474,54.524473246325066,0.0,0.4444444444444444,0.0,0.0
3.4833333333333334,22.34949739437646,-0.037986561417082225,22.349529676485105,-0.23383786359073255,0.03759330825620397,0.0,0.8933710361763444,-0.8234699993117611,127.08858290938619,-8.075195977895604,-0.0016996590199648363,0.0003995564935479097,-0.003973791675521125,-5.593789352665429,63.57798363330105,0.0,0.4444444444444444,0.0,0.0
3.5,22.364361539898603,-0.051184417800707094,22.364420111684574,-0.23322405875759727,0.03682828998811614,0.0,0.891848731328509,-0.7918713830174919,127.45103368481969,-8.162171795619491,-0.0022886559199238004,-0.00023352832099765843,-0.0045150217919541925,3.2693961831004636,72.2364131082451,0.0,0.4444444444444444,0.0,0.0
3.5166666666666666,22.37920101601252,-0.06386307920816825,22.379292138224162,-0.2326230927089133,0.0360579629210396,0.0,0.8903685668350668,-0.7607196844476694,127.81372861354629,-8.249192412336324,-0.002853672291839654,-0.0008428690998547678,-0.005032015865683725,11.800152781735335,80.50680573363383,0.0,0.4444444444444444,0.0,0.0
3.533333333333333,22.39401650276875,-0.07603017812497487,22.394145567854668,-0.23203503886735552,0.03528323049346624,0.0,0.888929205373864,-0.7300259350083967,128.1766683275394,-8.336253862757589,-0.003395098239293824,-0.0014288050869115945,-0.005525219052344488,20.003200017947165,88.39629273825342,0.0,0.4444444444444444,0.0,0.0
3.55,22.40880865718483,-0.08769351704683336,22.4089802442515,-0.23145995611294717,0.034504965264499955,0.0,0.8875292649649796,-0.6998003353115094,128.53985341787103,-8.423352338580065,-0.003913330277269733,-0.0019916838090292344,-0.00599508089195441,27.883380479255983,95.91208148922469,0.0,0.4444444444444444,0.0,0.0
3.5666666666666664,22.4235781126379,-0.0988610550361876,22.423796040853038,-0.23089788929077698,0.033724009330211205,0.0,0.8861673271842122,-0.6700522793612546,128.90328443572133,-8.510484186044495,-0.004408770714889711,-0.0025318604281091422,-0.0064420547251346485,35.44564983490219,103.0614449464961,0.0,0.4444444444444444,0.0,0.0
3.5833333333333335,22.438325478386158,-0.10954089467790129,22.438592858769024,-0.23034886971152146,0.03294117475533104,0.0,0.8848419448953236,-0.6407903785028217,129.2669618933804,-8.597645903443652,-0.004881827058822635,-0.0030496971131019784,-0.006866597130758983,42.695067246760296,109.85171158529008,0.0,0.4444444444444444,0.0,0.0
3.6,22.453051339211314,-0.11974126942968696,22.45337062476063,-0.22981291564454495,0.03215724401859016,0.0,0.8835516495093165,-0.6120224851071401,129.63088626524137,-8.684834138584337,-0.005332911437004087,-0.003545562431706976,-0.007269167384559588,49.63678611716902,116.29025577181588,0.0,0.4444444444444444,0.0,0.0
3.6166666666666667,22.46775625517432,-0.12947053136251135,22.468129289293667,-0.2292900328033763,0.031372970470119804,0.0,0.8822949577802176,-0.5837557159694634,129.99505798878388,-8.772045686207678,-0.00576244004230092,-0.0040198307614931345,-0.007650226938214931,56.27604516806983,122.38448857748979,0.0,0.4444444444444444,0.0,0.0
3.6333333333333333,22.482440761476784,-0.13873713928588025,22.482868824665815,-0.22878021482338565,0.030589078799437713,0.0,0.8810703781478568,-0.5559964754021337,130.35947746554703,-8.859277485371951,-0.006170832595744301,-0.004472881720158188,-0.008010238918445945,62.618159845406225,128.1418490169178,0.0,0.4444444444444444,0.0,0.0
3.65,22.49710536842077,-0.14754964725262304,22.497589223208582,-0.22828344373150825,0.029806265512644606,0.0,0.8798764166390446,-0.5287504780045671,130.72414506209108,-8.946526616801997,-0.006558511828949317,-0.004905099614628137,-0.008349667645648536,68.6685140423665,133.5697956949878,0.0,0.4444444444444444,0.0,0.0
3.6666666666666665,22.511750561459756,-0.15591669343755576,22.512290495564333,-0.22779969040788234,0.029025199417553618,0.0,0.8787115823393171,-0.5020227710959633,131.0890611109473,-9.033790300209127,-0.006925902985335001,-0.00531687290868913,-0.008668978171593516,74.43255213475227,138.67579884857642,0.0,0.4444444444444444,0.0,0.0
3.683333333333333,22.52637680133389,-0.1638469893841972,22.526972669038418,-0.22732891503928954,0.02824652211556748,0.0,0.8775743924480714,-0.4758177567984868,131.45422591155543,-9.121065891585307,-0.0072734333397559085,-0.005708593708834312,-0.0089686358357294,79.91577132151386,143.46733276859416,0.0,0.4444444444444444,0.0,0.0
3.6999999999999997,22.54098452428273,-0.17134930961354267,22.541635786026234,-0.22687106756430278,0.02747084849920561,0.0,0.8764633769304684,-0.4501392137607272,131.8196397311878,-9.208350880475233,-0.007601531736154972,-0.0060806572680008235,-0.009249105839628556,85.12371426330826,147.9518685883567,0.0,0.4444444444444444,0.0,0.0
3.716666666666667,22.555574142329064,-0.17843248158876135,22.55627990251472,-0.226426088110065,0.026698767254265895,0.0,0.8753770827799212,-0.42499031851312163,132.18530280586057,-9.295642887229786,-0.007910628142847225,-0.006433461506866303,-0.009510852839123273,90.06196201180137,152.13686742458148,0.0,0.4444444444444444,0.0,0.0
3.7333333333333334,22.570146043627485,-0.1851053760295735,22.570905086657657,-0.22599390742063696,0.025930841365683528,0.0,0.8743140779053409,-0.4003736664487294,132.55121534123066,-9.382939660244196,-0.00820115322504486,-0.006767406552369846,-0.009754340553684796,94.73612722234756,156.02977385764964,0.0,0.4444444444444444,0.0,0.0
3.75,22.584700592871776,-0.19137689756997822,22.58551141742392,-0.2255744472768666,0.025167608626222377,0.0,0.8732729546575773,-0.376291292424283,132.91737751347884,-9.470239073184162,-0.008473537934235902,-0.00708289429311917,-0.009980031392605643,99.15184764263073,159.6380097381436,0.0,0.4444444444444444,0.0,0.0
3.7666666666666666,22.59923813175527,-0.19725597575294207,22.60009898331757,-0.22516762090774656,0.0244095821472027,0.0,0.8722523330096827,-0.3527446909778308,133.28378947017833,-9.557539122202975,-0.008728213114031422,-0.00738032795134381,-0.010188386097553017,103.31477986984063,162.96896830706703,0.0,0.4444444444444444,0.0,0.0
3.783333333333333,22.6137589794787,-0.2027515563556174,22.61466788116859,-0.22477333339323768,0.023657250870532862,0.0,0.8712508634057421,-0.3297348361605195,133.65045133114893,-9.644837923152608,-0.008965609122099519,-0.007660111671053179,-0.010379863401069086,107.23059336897857,166.0300086175591,0.0,0.4444444444444444,0.0,0.0
3.8,22.62826343330025,-0.20787259303863703,22.629218214992974,-0.22439148205854814,0.02291108008137232,0.0,0.8702672292930613,-0.30726220098117807,134.01736318929616,-9.732133708791622,-0.009186155467808219,-0.00792265012205824,-0.010554919700601977,110.90496474493598,168.82845024633903,0.0,0.4444444444444444,0.0,0.0
3.8166666666666664,22.642751769122793,-0.21262803931302596,22.643750094920573,-0.224021956859868,0.022171511920808427,0.0,0.869300149352495,-0.28532677646333515,134.38452511143578,-9.819424825992582,-0.009390280465203812,-0.008168348119516323,-0.010714008747659683,114.34357226106283,171.37156828354455,0.0,0.4444444444444444,0.0,0.0
3.8333333333333335,22.657224242113486,-0.21702684081827883,22.65826363618913,-0.22366464076156833,0.021438965897981027,0.0,0.8683483794416345,-0.2639280903151726,134.75193713910318,-9.906709732951574,-0.009578410900956017,-0.008397610258660027,-0.010857581351687462,117.55209059703971,173.66658859005852,0.0,0.4444444444444444,0.0,0.0
3.85,22.671681087351242,-0.22107792790517325,22.672758958202834,-0.22331941010488274,0.02071383940113626,0.0,0.8674107142654602,-0.24306522521366486,135.11959928934786,-9.99398699640232,-0.009750971716906446,-0.008610840564373242,-0.01098608509827773,120.53618583897855,175.72068331185324,0.0,0.4444444444444444,0.0,0.0
3.8666666666666667,22.686122520497722,-0.2247902085169201,22.687236183653553,-0.22298613496809716,0.01999650820713496,0.0,0.8664859887889045,-0.22273683670481212,135.4875115555128,-10.081255288837248,-0.009908385706862314,-0.008808442155279827,-0.01109996408132981,123.30151069480829,177.54096664130518,0.0,0.4444444444444444,0.0,0.0
3.8833333333333333,22.700548738487814,-0.22817256136229414,22.70169543770287,-0.2226646795182808,0.019287326988981415,0.0,0.8655730794055758,-0.20294117072244072,135.85567390799895,-10.16851338573779,-0.010051073227282865,-0.008990816922013601,-0.011199658648785311,125.8536999281404,179.13449081586245,0.0,0.4444444444444444,0.0,0.0
3.9,22.71495992023576,-0.23123382937443615,22.716136847223037,-0.2223549023545979,0.018586629820975403,0.0,0.8646709048766609,-0.18367608072852165,136.22408629501464,-10.255760162816058,-0.010179451921511847,-0.009158365219341616,-0.011285605161573075,128.19836600396366,180.50824234485705,0.0,0.4444444444444444,0.0,0.0
3.9166666666666665,22.72935622735332,-0.23398281344907557,22.7305605400948,-0.22205665684324583,0.01789473068112465,0.0,0.8637784270537583,-0.16493904447836444,136.59274864331027,-10.342994593269975,-0.010293936457215108,-0.009311485571816455,-0.01135823576540571,130.34109493967398,181.6691384556621,0.0,0.4444444444444444,0.0,0.0
3.933333333333333,22.74373780487664,-0.23642826645598197,22.74496664456016,-0.22176979144407105,0.017211923950485954,0.0,0.8628946513991074,-0.14672718041438437,136.96166085889806,-10.430215745053788,-0.010394938276688383,-0.009450574392637223,-0.011417978175077746,132.28744235511274,182.6240237507871,0.0,0.4444444444444444,0.0,0.0
3.9499999999999997,22.75810478199858,-0.23857888751752218,22.75935528862792,-0.22149415002891884,0.016538484909131856,0.0,0.8620186273163523,-0.12903726369241253,137.33082282775712,-10.517422778165866,-0.010482865359706207,-0.009576025715403136,-0.01146525547092307,134.0429297154552,183.3796670678869,0.0,0.4444444444444444,0.0,0.0
3.966666666666667,22.772457272803656,-0.24044331654826784,22.773726599530015,-0.22122957219177775,0.01587467022846581,0.0,0.8611494483046617,-0.11186574184473996,137.70023441652415,-10.604614941955534,-0.010558121998588807,-0.00968823093844786,-0.01150048590709693,135.61304076096283,183.9427585350236,0.0,0.4444444444444444,0.0,0.0
3.9833333333333334,22.7867953770028,-0.24203012904967225,22.788080703226502,-0.22097589355078387,0.015220718459632469,0.0,0.860286251948646,-0.09520875008426388,138.06989547316954,-10.691791572450635,-0.010621108585169743,-0.00978757858144731,-0.011524082731355079,137.00321811778744,184.31990681387833,0.0,0.4444444444444444,0.0,0.0
4.0,22.801119180665403,-0.24334783115390934,22.80241772395715,-0.22073294604215402,0.01457685051779136,0.0,0.8594282197561699,-0.07906212625422615,138.43980582765926,-10.77895208970741,-0.010672221409352764,-0.009874454053998057,-0.01153645401600974,138.2188600841858,184.5176365239422,0.0,0.4444444444444444,0.0,0.0
4.016666666666667,22.815428756946332,-0.24440485491104488,22.8167377838375,-0.22050055820612,0.013943270162041803,0.0,0.8585745768557556,-0.06342142542813167,138.80996529260275,-10.866095995184223,-0.01071185246895218,-0.009949239435868156,-0.011538002499748989,139.2653175866773,184.5423858410414,0.0,0.4444444444444444,0.0,0.0
4.033333333333333,22.829724166805747,-0.24520955381378634,22.831041002497365,-0.2202785554649399,0.013320164470804703,0.0,0.85772459156489,-0.04828193416448806,139.1803736638868,-10.953222869140536,-0.010740389290516579,-0.010012313268626777,-0.011529125440012696,140.14789130084483,184.40050426385375,0.0,0.4444444444444444,0.0,0.0
4.05,22.84400545971975,-0.24577019855413704,22.845327496759662,-0.2200667603930652,0.012707704312483047,0.0,0.8568775748401465,-0.0336386844210419,139.55103072129575,-11.040332368062524,-0.01075821476084129,-0.010064050358363653,-0.01151021447562474,140.8718289316467,184.09825054236717,0.0,0.4444444444444444,0.0,0.0
4.066666666666666,22.858272674380075,-0.24609497300635685,22.859597380357553,-0.21986499297954457,0.012106044811237452,0.0,0.8560328796196237,-0.01948646713318869,139.92193622911816,-11.127424222116563,-0.010765706968880323,-0.010104821589213964,-0.011481655499387258,141.4423226482692,183.641790762501,0.0,0.4444444444444444,0.0,0.0
4.083333333333333,22.872525839381204,-0.24619197043071053,22.873850763687898,-0.21967307088274912,0.011515325807726464,0.0,0.8551899000677927,-0.0058198454612212736,140.29308993674013,-11.21449823263182,-0.010763239057773832,-0.010134993747408809,-0.011443828540348736,141.86450666870797,183.03719658137211,0.0,0.4444444444444444,0.0,0.0
4.1,22.88676497389341,-0.24606918989256138,22.888087753599002,-0.21949080967750456,0.010935672314673184,0.0,0.8543480707324322,0.007366832288949965,140.66449157922546,-11.301554269613067,-0.010751179086712258,-0.010154929355575984,-0.011397107655463489,142.14345498942006,182.29044360792824,0.0,0.4444444444444444,0.0,0.0
4.116666666666666,22.90099008832046,-0.2457345328914444,22.902308453210722,-0.21931802309471904,0.01036719496713077,0.0,0.8535068656229173,0.020079420067018794,141.03614087788293,-11.38859226928476,-0.010729889902363279,-0.010164986517020181,-0.011341860830365622,142.28417925553714,181.4074099238993,0.0,0.4444444444444444,0.0,0.0
4.133333333333333,22.91520118494077,-0.24519580019482912,22.91651296176502,-0.21915452325359688,0.009809990467329168,0.0,0.8526657972187075,0.03232396179691621,141.40803754082083,-11.475612231667398,-0.010699729019592628,-0.010165518769716173,-0.01127844988898589,142.29162676727267,180.39387474023076,0.0,0.4444444444444444,0.0,0.0
4.15,22.929398258531045,-0.244460688871356,22.930701374505098,-0.21900012088653031,0.009264142023994424,0.0,0.8518244154164732,0.04410667940838722,141.78018126348894,-11.56261421818706,-0.010661048511214516,-0.010156874949752797,-0.011207230411745064,142.17067861829412,179.2555171843599,0.0,0.4444444444444444,0.0,0.0
4.166666666666667,22.94358129697144,-0.24353678951840405,22.9448737825813,-0.21885462555676297,0.008729719786040065,0.0,0.8509823064238902,0.0554339611771163,142.1525717292082,-11.649598349319,-0.010614194906512038,-0.010139399063969877,-0.011128551662062355,141.92614796196278,177.99791521388332,0.0,0.4444444444444444,0.0,0.0
4.183333333333334,22.95775028183157,-0.24243158367891934,22.95903027298197,-0.21871784586892068,0.008206781270537544,0.0,0.850139091607719,0.06631235036908134,142.52520860968832,-11.736564802266077,-0.010559509098272387,-0.010113430171534274,-0.011042756520922297,141.5627784014693,176.62654465233396,0.0,0.4444444444444444,0.0,0.0
4.2,22.971905188936624,-0.24115244144250453,22.973170928487583,-0.21858958967250602,0.007695371784879542,0.0,0.849294426303392,0.07674853418488942,142.89809156553338,-11.823513808672773,-0.010497326258086151,-0.010079302274205452,-0.01095018142924804,141.08524250001446,175.14677834294608,0.0,0.4444444444444444,0.0,0.0
4.216666666666667,22.986045988913173,-0.23970661922583902,22.987295827646452,-0.2184696642584551,0.0071955248430562785,0.0,0.8484479985929377,0.0867493329999296,143.2712202467359,-11.910445652375465,-0.010427975759664088,-0.01003734421504481,-0.010851156337833665,140.49814040729703,173.56388541643526,0.0,0.4444444444444444,0.0,0.0
4.233333333333333,23.000172647714134,-0.23810125772756816,23.001405044770394,-0.21835787654885558,0.006707262575970742,0.0,0.8475995280576716,0.0963216898962514,143.64459429315923,-11.997360667189572,-0.010351781109929027,-0.009987879585327061,-0.010746004664592327,139.80599859868207,171.88303066895588,0.0,0.4444444444444444,0.0,0.0
4.25,23.014285127122662,-0.23634338005286562,23.015498649948782,-0.21825403327992685,0.0062305961357242605,0.0,0.8467487645117189,0.10547266048215273,144.0182133350087,-12.084259234734153,-0.010269059887644535,-0.0099312266394157,-0.010635043258881404,139.01326872352394,170.1092740465268,0.0,0.4444444444444444,0.0,0.0
4.266666666666667,23.028383385234697,-0.23443989000294002,23.029576709079524,-0.21815794117836337,0.005765526093808853,0.0,0.8458954867220425,0.11420940299553548,144.3920769932918,-12.171141782294455,-0.010180123689345911,-0.009867698217368385,-0.010518582372669864,138.12432655921805,168.24757023232985,0.0,0.4444444444444444,0.0,0.0
4.283333333333333,23.042467376920037,-0.23239757052482082,23.04363928391542,-0.21806940713114426,0.005312042833147631,0.0,0.845039501120305,0.1225391686871517,144.76618488026713,-12.258008780722879,-0.010085278082342974,-0.009797601675041737,-0.010396925638317157,137.14347106764703,166.30276833339744,0.0,0.4444444444444444,0.0,0.0
4.3,23.056537054261895,-0.23022308231682198,23.05768643212461,-0.2179882383489121,0.00487012693392905,0.0,0.8441806405115192,0.13046929247993086,145.140536599883,-12.344860742378774,-0.009984822564567852,-0.009721238821468699,-0.010270370052736826,136.07492355077554,164.27961166330064,0.0,0.4444444444444444,0.0,0.0
4.316666666666666,23.070592366974964,-0.22792296258514472,23.071718207363688,-0.2179142425230257,0.004439749553185157,0.0,0.8433187627841092,0.13800718390063613,145.5151317482052,-12.431698219107421,-0.009879050531044662,-0.009638905863285087,-0.010139205967721882,134.92282690223053,162.18273761754392,0.0,0.4444444444444444,0.0,0.0
4.333333333333333,23.084633262802058,-0.22550362394714218,23.08573465936227,-0.21784722797639122,0.004020872798068163,0.0,0.8424537496256618,0.1451603182801514,145.8899699138345,-12.518521800258508,-0.009768249246761668,-0.009550893355985557,-0.010003717086212782,133.69124495178315,160.01667763845626,0.0,0.4444444444444444,0.0,0.0
4.35,23.09865968788953,-0.22297135347682964,23.09973583401776,-0.21778700380817817,0.003613450092783696,0.0,0.8415855052483221,0.15193622821875252,146.26505067831414,-12.605332110744396,-0.009652699825729987,-0.009457486161792553,-0.00986418046429256,132.3841618997225,157.7858572664459,0.0,0.4444444444444444,0.0,0.0
4.366666666666666,23.112671587141655,-0.2203323118882837,23.11372177349912,-0.2177333800325258,0.0032174265391430616,0.0,0.8407139551274743,0.1583424953127569,146.64037361652697,-12.692129809138363,-0.00953267721601649,-0.00935896341392521,-0.009720866518697269,131.00548183818114,155.4945962745597,0.0,0.4444444444444444,0.0,0.0
4.383333333333333,23.126668904554272,-0.21759253285263397,23.127692516358625,-0.21768616771134744,0.0028327392707006454,0.0,0.8398390447570433,0.16438674213898335,147.01593829708307,-12.778915585813044,-0.009408450190542011,-0.00925559848705859,-0.009574039039633588,129.55902835654086,153.14710888335432,0.0,0.4444444444444444,0.0,0.0
4.4,23.14065158352801,-0.21475792244440914,23.14164809765048,-0.21764517908134,0.00245931780044643,0.0,0.8389607384244567,0.17007662449349026,147.3917442826975,-12.86569016111918,-0.00928028134343938,-0.009147658973766822,-0.009423955208698877,128.04854422810834,150.74750405314842,0.0,0.4444444444444444,0.0,0.0
4.416666666666667,23.15461956716148,-0.21183425871305778,23.155588549055317,-0.21761022767530622,0.0020970843620273273,0.0,0.8380790180080238,0.1754198238810813,147.7677911305586,-12.95245428360479,-0.009148427091769171,-0.009035406666747061,-0.009270865621702687,126.47769117531206,148.29978585078595,0.0,0.4444444444444444,0.0,0.0
4.433333333333334,23.1685727985248,-0.20882719137552286,23.169513899009644,-0.2175811284378983,0.0017459542444747365,0.0,0.8371938817992253,0.18042404025209535,148.14407839268702,-13.039208728274843,-0.009013137682394496,-0.008919097546624375,-0.009115014316191999,124.85004971072787,145.8078538880908,0.0,0.4444444444444444,0.0,0.0
4.45,23.182511220914,-0.20574224162580604,23.18342417283937,-0.21755769783589132,0.001405836120419457,0.0,0.8363053433521311,0.18509698498300928,148.5206056162853,-13.125954294891423,-0.008874657203819412,-0.008798981775140881,-0.008956638803486166,123.16911905129602,143.2755038292492,0.0,0.4444444444444444,0.0,0.0
4.466666666666667,23.1964347780867,-0.20258480205751608,23.19731939289656,-0.21753975396309502,0.0010766323677787468,0.0,0.83541343036193,0.18944637409739742,148.89737234407872,-13.212691806314409,-0.008733223602798887,-0.00867530369353561,-0.008795970105030852,121.43831710314313,140.70642796440188,0.0,0.4444444444444444,0.0,0.0
4.483333333333333,23.210343414479606,-0.1993601366954528,23.211199578698643,-0.21752711664001328,0.0007582393849040042,0.0,0.8345181835743081,0.1934799217237974,149.27437811464694,-13.299422106882602,-0.00858906870553154,-0.008548301825924772,-0.00863323279288376,119.66098051447365,138.10421584677476,0.0,0.4444444444444444,0.0,0.0
4.5,23.224237075408393,-0.19607338113233555,23.22506474706933,-0.21751960750836027,0.0004505478991812168,0.0,0.8336196557271858,0.1972053337870346,149.65162246274704,-13.386146060835252,-0.008442418243249653,-0.008418208887495206,-0.008468645034148369,117.84036479404251,135.47235499072212,0.0,0.4444444444444444,0.0,0.0
4.516666666666667,23.238115707250493,-0.1927295427668429,23.238914912280592,-0.2175170501205423,0.00015344326907999718,0.0,0.8327179105261163,0.20063030192955875,150.02910491962794,-13.472864550773835,-0.008293491882024258,-0.008285251797326941,-0.008302418639175356,115.97964449276665,132.8142316280985,0.0,0.4444444444444444,0.0,0.0
4.533333333333333,23.2519792576114,-0.1893335011391872,23.25275008619506,-0.21751927002421478,-0.00013319422034931263,0.0,0.8318130216544293,0.2037624976593412,150.40682501333615,-13.559578476163978,-0.008142503256606277,-0.008149651695663916,-0.00813475911335476,114.08191344607768,130.1331315204159,0.0,0.4444444444444444,0.0,0.0
4.55,23.265827675475048,-0.18589000836050598,23.266570278408224,-0.21752609484202357,-0.0004094890685273163,0.0,0.830905071819025,0.2066095667208739,150.7847822690134,-13.646288751877337,-0.007989660008128095,-0.008011623965454991,-0.00796586571232541,112.1501850746608,127.43224082428486,0.0,0.4444444444444444,0.0,0.0
4.566666666666666,23.279660911338922,-0.18240368963240927,23.280375496389933,-0.2175373543466392,-0.0006755702769392143,0.0,0.8299941518325298,0.20917912368580205,151.16297620918579,-13.732996306773254,-0.00783516382549304,-0.007871378257990547,-0.007795931500431543,110.1873927412675,124.71464700767565,0.0,0.4444444444444444,0.0,0.0
4.583333333333333,23.29347891733446,-0.17887904385308076,23.294165745624692,-0.21755288053119354,-0.0009315710732599714,0.0,0.829080359732355,0.2114787467597102,151.54140635404497,-13.819702082319939,-0.007679210490283645,-0.007729118522462987,-0.00762514341225997,108.19639016132949,121.98333981457618,0.0,0.4444444444444444,0.0,0.0
4.6,23.30728164733341,-0.17532044430638796,23.307941029750282,-0.21757250767522682,-0.0011776286419969049,0.0,0.8281637999370447,0.21351597280156784,151.92007222172126,-13.906407031254954,-0.007521989925022703,-0.00758504303928265,-0.007453682317094565,106.1799518651421,119.24121227566123,0.0,0.4444444444444444,0.0,0.0
4.616666666666666,23.32106905704075,-0.17173213943051588,23.321701350694312,-0.217596072406254,-0.0014138838616319883,0.0,0.8272445824401304,0.21529829255232474,152.29897332854895,-13.993112116284713,-0.007363686244624465,-0.007439344456983654,-0.0072817230861283,104.14077370942415,116.49106176262562,0.0,0.4444444444444444,0.0,0.0
4.633333333333333,23.334841104074776,-0.16811825366269706,23.335446708808306,-0.21762341375705804,-0.001640481048242568,0.0,0.8263228220415928,0.21683314606912985,152.67810918932378,-14.079818308822697,-0.007204477810876548,-0.007292209832557373,-0.007109434662276458,102.08147343610015,113.73559108387286,0.0,0.4444444444444444,0.0,0.0
4.65,23.348597748035058,-0.16448278835666988,23.34917710299901,-0.21765437321881764,-0.0018575677055756219,0.0,0.8253986376168706,0.21812791836163054,153.05747931755275,-14.166526587766064,-0.007044537289796371,-0.007143820675054276,-0.006936980132438095,100.0045912761885,110.97740961928997,0.0,0.4444444444444444,0.0,0.0
4.666666666666667,23.36233895055878,-0.1608296227695567,23.36289253085662,-0.21768879479017678,-0.0020652942815471828,0.0,0.8244721514232587,0.21918993522679103,153.43708322569648,-14.253237938310317,-0.006884031711709234,-0.006994352992298037,-0.006764516802056264,97.9125905967176,108.2190344918759,0.0,0.4444444444444444,0.0,0.0
4.683333333333334,23.37606467536617,-0.15716251511491253,23.376592988779596,-0.21772652502236237,-0.002263813931135049,0.0,0.8235434884434056,0.22002645927865067,153.81692042540413,-14.33995335080166,-0.006723122533898366,-0.006843977340558854,-0.006592196271830945,95.80785858862886,105.46289177403274,0.0,0.4444444444444444,0.0,0.0
4.7,23.389774888295594,-0.15348510367875542,23.390278472095932,-0.2177674130604562,-0.0024532822856294877,0.0,0.8226127757655279,0.22064468616942584,154.1969904277409,-14.42667381962666,-0.006561965705680583,-0.006692858877036095,-0.006420164516442023,93.69270699366294,102.71131772636622,0.0,0.4444444444444444,0.0,0.0
4.716666666666667,23.403469557328926,-0.14980090799544973,23.403948975180622,-0.21781131068092624,-0.0026338572282032517,0.0,0.8216801419998556,0.22105174099834132,154.5772927434084,-14.513400342138828,-0.0064007117357644016,-0.006541157415003447,-0.0062485619651431665,91.5693728682633,99.96656006688347,0.0,0.4444444444444444,0.0,0.0
4.733333333333333,23.41714865260777,-0.14611333008037372,23.417604491569097,-0.21785807232552223,-0.0028056986757589355,0.0,0.8207457167307383,0.22125467490456122,154.95782688295796,-14.600133917621672,-0.0062395057617507625,-0.0063890274814728965,-0.00607752358409078,89.44001938256707,97.2307792685155,0.0,0.4444444444444444,0.0,0.0
4.75,23.430812146441166,-0.14242565571636415,23.431245014066604,-0.21790755513163904,-0.002968968367008436,0.0,0.8198096300037633,0.2212604618405739,155.3385923569968,-14.686875546287824,-0.006078487621639752,-0.006236618377236932,-0.0059071789602757035,87.30673665259147,94.5060498829338,0.0,0.4444444444444444,0.0,0.0
4.766666666666667,23.444460013305285,-0.13874105579099127,23.4448705348533,-0.2179596189592513,-0.003123829656736139,0.0,0.8188720118471612,0.2210759955223719,155.71958867638736,-14.773626228313764,-0.00591779192720996,-0.006084074239151538,-0.005737652386928741,85.17154260376071,91.79436188867157,0.0,0.4444444444444444,0.0,0.0
4.783333333333333,23.45809222983573,-0.1350625876817787,23.458481045585003,-0.21801412641452123,-0.0032704473161943503,0.0,0.8179329918267118,0.22070808655275448,156.1008153524399,-14.860386962909686,-0.00575754813914038,-0.005931534104525592,-0.005569062950274429,83.03638386395535,89.09762206160215,0.0,0.4444444444444444,0.0,0.0
4.8,23.471708774812953,-0.1313931966865442,23.47207653748954,-0.21807094287018083,-0.003408987339576517,0.0,0.8169926986333096,0.22016345971407042,156.48227189709826,-14.947158747424028,-0.005597880643747985,-0.005779131977485443,-0.005401524617510952,80.90313668430355,86.41765536587062,0.0,0.4444444444444444,0.0,0.0
4.816666666666666,23.485309629141323,-0.12773571749609905,23.485657001458623,-0.21812993648278936,-0.003539616756510856,0.0,0.8160512597022892,0.21944875142670955,156.86395782311908,-15.033942576482188,-0.005438908831217347,-0.005626996897186509,-0.005235146325897413,78.77360788597105,83.7562063634168,0.0,0.4444444444444444,0.0,0.0
4.833333333333333,23.498894775822382,-0.12409287570660497,23.499222428135226,-0.2181909782069646,-0.0036625034505142237,0.0,0.8151088008635783,0.21857050736964423,157.2458726442446,-15.120739441158896,-0.005280747175201901,-0.005475253007746864,-0.005070032072833064,76.6495358312445,81.11494064027295,0.0,0.4444444444444444,0.0,0.0
4.85,23.512464199922743,-0.12046728936894967,23.512772807996434,-0.21825394180668697,-0.0037778159833433437,0.0,0.8141654460216965,0.21753518025931803,157.62801587536885,-15.207550328183764,-0.005123505313679672,-0.005324019629780858,-0.004906281006816448,74.53259141723956,78.49544624786245,0.0,0.4444444444444444,0.0,0.0
4.866666666666666,23.526017888537154,-0.11686147057256342,23.52630813143181,-0.21831870386377328,-0.003885723425177918,0.0,0.8132213168645971,0.2163491277831746,158.01038703269768,-15.294376219179458,-0.0049672881309494425,-0.005173411333413893,-0.004743987519175698,72.42437909060423,75.89923515757101,0.0,0.4444444444444444,0.0,0.0
4.883333333333333,23.539555830747158,-0.11327782706116138,23.539828388817245,-0.21838514378361606,-0.003986395190567646,0.0,0.8122765326003122,0.21501861068412292,158.39298563390253,-15.381218089931995,-0.004812195840656576,-0.005023538012662594,-0.004583241336464599,70.3264378816249,73.32774472690774,0.0,0.4444444444444444,0.0,0.0
4.9,23.55307801757583,-0.10971866387795749,23.55333357058438,-0.21845314379828396,-0.004080000880072822,0.0,0.8113312097203523,0.21354979099223292,158.7758111982681,-15.468076909692588,-0.004658324069740838,-0.00487450496106759,-0.00442412761342222,68.24024245618064,70.78233917561674,0.0,0.4444444444444444,0.0,0.0
4.916666666666667,23.56658444193898,-0.10618618503795808,23.56682366728561,-0.21852258896707605,-0.004166710127525884,0.0,0.8103854617887848,0.21194873039996437,159.15886324683385,-15.554953640510526,-0.004505763943201713,-0.0047264129484692816,-0.004266727026397259,66.16720418403004,68.26431107014868,0.0,0.4444444444444444,0.0,0.0
4.933333333333334,23.580075098593245,-0.10268249522500414,23.580298669654777,-0.21859336717462335,-0.004246692452839182,0.0,0.8094393992559116,0.21022138877723667,159.54214130252987,-15.64184923659651,-0.004354602169579833,-0.0045793582988199084,-0.0041111158671413885,64.10867222195263,65.77488281494438,0.0,0.4444444444444444,0.0,0.0
4.95,23.593549984081502,-0.09920960151129317,23.593758568663542,-0.21866536912662807,-0.004320117120282172,0.0,0.8084931292954549,0.20837362282265792,159.92564489030656,-15.728764643715897,-0.004204921127056236,-0.004433432968928282,-0.0039573661368791395,62.065934610304815,63.315208149031285,0.0,0.4444444444444444,0.0,0.0
4.966666666666667,23.607009096675906,-0.09576941509717243,23.607203355573635,-0.21873848834333057,-0.004387153002149356,0.0,0.8075467556641626,0.20641118484724374,160.30937353725886,-15.815700798611283,-0.00405679895007426,-0.004288724628036574,-0.0038055456405649787,60.04021938158976,60.8863736464782,0.0,0.4444444444444444,0.0,0.0
4.983333333333333,23.620452436318953,-0.09236375306905623,23.620633021984972,-0.21881262115079286,-0.004447968447738486,0.0,0.8066003785827407,0.20433972168697218,160.69332677274463,-15.902658628453858,-0.0039103096163918905,-0.00414531673813146,-0.0036557180812413995,58.03269567967754,58.48940021930079,0.0,0.4444444444444444,0.0,0.0
5.0,23.633880004562904,-0.08899434017338062,23.634047559879818,-0.21888766667008547,-0.004502731157556913,0.0,0.8056540946370263,0.2021647737405363,161.07750412849757,-15.98963905032295,-0.0037655230344754245,-0.004003288634894942,-0.003507943154414878,56.044474888351075,56.125244621456055,0.0,0.4444444444444444,0.0,0.0
5.016666666666667,23.647291804507876,-0.0856628106045693,23.64744696166303,-0.21896352680446335,-0.004551608062672376,0.0,0.8047079966983255,0.1998917741286793,161.46190513873475,-16.076642970713184,-0.0036225051311482947,-0.0038627156092030514,-0.0033622766423696613,54.0766117678916,53.7948009526106,0.0,0.4444444444444444,0.0,0.0
5.033333333333333,23.66068784073891,-0.08237070980504403,23.66083122019858,-0.2190401062246154,-0.0045947652091231405,0.0,0.8037621738618483,0.1975260479715163,161.8465293402586,-16.16367128506869,-0.0034813179394118355,-0.0037236689890835484,-0.0032187705083422955,52.13010559845471,51.498902160413024,0.0,0.4444444444444444,0.0,0.0
5.05,23.67406811926228,-0.0791194962753728,23.6742003288424,-0.2191173123520704,-0.004632367647301074,0.0,0.8028167114021878,0.1950728117802732,162.23137627255383,-16.25072487734376,-0.0033420196863577097,-0.003586216222046639,-0.0030774729904828315,50.20590132902731,49.23832154004728,0.0,0.4444444444444444,0.0,0.0
5.066666666666666,23.68743264744136,-0.07591054339270778,23.687554281471712,-0.21919505534084074,-0.004664579326220068,0.0,0.8018716907448052,0.1925371729599012,162.61644547787904,-16.337804619589356,-0.0032046648810945847,-0.003450420957705515,-0.0029384286955315146,48.304890730792465,47.01377422988856,0.0,0.4444444444444444,0.0,0.0
5.083333333333333,23.700781433932235,-0.07274514123572356,23.700893072511008,-0.21927324805738377,-0.004691562992581153,0.0,0.8009271894525095,0.18992412941905276,163.00173650135335,-16.424911371564942,-0.0030693044026144857,-0.003316343130606397,-0.0028016786921426715,46.427913553767574,44.825918702129115,0.0,0.4444444444444444,0.0,0.0
5.1,23.714114488619334,-0.0696244984143246,23.714216696954693,-0.21935180605895951,-0.004713480094544695,0.0,0.7999832812259254,0.1872385692839382,163.38724889103796,-16.512045980374978,-0.0029359855875270868,-0.0031840390431905033,-0.0026672606037903496,44.575758685618815,42.67535824728625,0.0,0.4444444444444444,0.0,0.0
5.116666666666666,23.727431822551285,-0.06654974390244767,23.72752515038669,-0.2194306475704615,-0.004730490690119234,0.0,0.7990400359169825,0.1844852707126154,163.77298219801293,-16.59920928012956,-0.0028047523175929226,-0.003053561448813128,-0.0025352087011930153,42.749165311591135,40.562642451548875,0.0,0.4444444444444444,0.0,0.0
5.133333333333333,23.740733447877194,-0.06352192887234265,23.74081842899698,-0.2195096934597961,-0.004742753360075815,0.0,0.7980975195544718,0.18166890180630105,164.15893597644913,-16.68640209162857,-0.0026756451069892724,-0.002924959634747727,-0.0024055539941973893,40.94882407453134,38.488268665963254,0.0,0.4444444444444444,0.0,0.0
5.15,23.75401937778354,-0.06054202852877049,23.75409652959536,-0.21958886721188436,-0.004750425125296019,0.0,0.7971557943807507,0.17879402061432936,164.54510978367549,-16.77362522206878,-0.0025487011892451113,-0.0027982795051055697,-0.0022783243230641574,39.175378234017224,36.45268346650192,0.0,0.4444444444444444,0.0,0.0
5.166666666666667,23.76728962643185,-0.057610943941613424,23.767359449622436,-0.21966809490135872,-0.004753661368461424,0.0,0.7962149188986893,0.17586507522942407,164.93150318024163,-16.860879464773344,-0.0024239546037841866,-0.002673563663604169,-0.002153544449100956,37.42942482364268,34.45628410410281,0.0,0.4444444444444444,0.0,0.0
5.183333333333334,23.780544208897318,-0.05472950387544691,23.780607187158072,-0.21974730516402524,-0.004752615759991825,0.0,0.795274947928003,0.17288640396999094,165.31811572997617,-16.948165598943035,-0.0023014362820178566,-0.0025508514961202927,-0.0020312361445906,35.71151580554449,32.49941994380768,0.0,0.4444444444444444,0.0,0.0
5.2,23.793783141108488,-0.05189846661467722,23.793839740927385,-0.21982642916716089,-0.004747440188139225,0.0,0.7943359326701168,0.1698622356461812,165.70494700004036,-17.035484389428735,-0.002181174132931879,-0.002430179252965916,-0.0019114182819650648,34.0221592212918,30.582393892170973,0.0,0.4444444444444444,0.0,0.0
5.216666666666667,23.807006439788168,-0.04911852178290189,23.807057110304445,-0.2199054005787133,-0.0047382846931444305,0.0,0.7933979207807653,0.1667966899065203,166.0919965609777,-17.122836586524535,-0.002063193128113838,-0.0023115801308279866,-0.0017941069221782157,32.36182033829452,28.705463812150555,0.0,0.4444444444444444,0.0,0.0
5.233333333333333,23.82021412239566,-0.04639029215520283,23.82025929531381,-0.21998415553546935,-0.004725297405362974,0.0,0.7924609564495411,0.16369377766194337,166.4792639867591,-17.21022292578091,-0.0019475153861703487,-0.002195084354315365,-0.001679315402232705,30.730922790921525,26.86884392473298,0.0,0.4444444444444444,0.0,0.0
5.25,23.83340620707042,-0.043714335462134074,23.833446296630033,-0.22006263261025713,-0.004708624487267072,0.0,0.7915250804856396,0.16055740158412543,166.86674885482418,-17.2976441278374,-0.0018341602564855898,-0.002080719257058714,-0.0015670544218188416,29.129849715553448,25.072706196584715,0.0,0.4444444444444444,0.0,0.0
5.266666666666667,23.84658271257724,-0.041091146184216686,23.846618115575268,-0.22014077277824431,-0.004688410079230419,0.0,0.7905903304090991,0.15739135667504328,167.2544507461184,-17.385100898274217,-0.001723144402275064,-0.0019685093623115152,-0.0014573321290255463,27.558944878828882,23.317181713059657,0.0,0.4444444444444444,0.0,0.0
5.283333333333333,23.859743658253024,-0.038521157335804086,23.85977475411509,-0.22021851938239437,-0.004664796249002763,0.0,0.7896567405468294,0.15419933090475613,167.6423692451263,-17.472593927482226,-0.0016144818828908033,-0.0018584764630027242,-0.0013501542050857983,26.018513798375302,21.602362035931645,0.0,0.4444444444444444,0.0,0.0
5.3,23.87288906395524,-0.036004742237230054,23.872916214852705,-0.22029581809814072,-0.004637922944781486,0.0,0.7887243421327932,0.15098490591444197,168.03050393990097,-17.560123890550773,-0.001508184235336485,-0.0017506397011938818,-0.001245523948121171,24.50882485534932,19.928300545257358,0.0,0.4444444444444444,0.0,0.0
5.316666666666666,23.8860189500121,-0.03354221627420039,23.886042501021592,-0.22037261689733717,-0.0046079279517876985,0.0,0.7877931634117082,0.1477515577817799,168.41885442208982,-17.64769144717277,-0.0014042605549531456,-0.0016450156468957463,-0.0011434423558522354,23.03011039814216,18.29501376481154,0.0,0.4444444444444444,0.0,0.0
5.333333333333333,23.89913333717453,-0.03113383864343673,23.89915361647679,-0.22044886601154143,-0.004574946852254808,0.0,0.7868632297456789,0.1445026578458195,168.8074202869567,-17.73529724156652,-0.001302717575238332,-0.0015416183762017263,-0.0010439082072437062,21.582567836638127,16.702482670571985,0.0,0.4444444444444444,0.0,0.0
5.35,23.912232246569914,-0.02877981408362785,23.91224956568488,-0.22052451789468705,-0.004539112988737949,0.0,0.7859345637232059,0.141241473588533,169.19620113340048,-17.822941902413724,-0.001203559746763643,-0.0014404595486975464,-0.0009469181430552724,20.166360726444537,15.150653981766416,0.0,0.4444444444444444,0.0,0.0
5.366666666666666,23.925315699657748,-0.02648029459078952,23.925330353712802,-0.22059952718519793,-0.004500557430653243,0.0,0.7850071852700344,0.1379711695702997,169.58519656397024,-17.910626042813174,-0.001106789315157675,-0.0013415484841087053,-0.0008524667452710366,18.78161984254174,13.639441434026747,0.0,0.4444444444444444,0.0,0.0
5.383333333333333,23.938383718187104,-0.02423538111717908,23.938395986215603,-0.2206738506675972,-0.004459408943956448,0.0,0.7840811117613504,0.13469480841662645,169.97440618487718,-17.998350260249566,-0.0010124063981233947,-0.00124489223814934,-0.0007605466153824598,17.42844424183137,12.168727034229825,0.0,0.4444444444444444,0.0,0.0
5.4,23.95143632415602,-0.0220451252529547,23.95144646942326,-0.22074744723366171,-0.004415793963871228,0.0,0.7831563581348541,0.13141535185346265,170.36382960600318,-18.08611513657694,-0.0009204090614609239,-0.0011504956775381433,-0.0006711484515015791,16.10690231409026,10.738362296634946,0.0,0.4444444444444444,0.0,0.0
5.416666666666667,23.964473539772758,-0.019909530889812614,23.964481810126603,-0.22082027784317135,-0.004369836570578003,0.0,0.782232937004271,0.12813566178852523,170.75346644090632,-18.173921238016217,-0.0008307933940686337,-0.0010583615541489523,-0.0005842611242831238,14.817032820865306,9.348169459960216,0.0,0.4444444444444444,0.0,0.0
5.433333333333334,23.977495387418973,-0.017828555865877574,23.977502015662566,-0.22089230548430094,-0.0043216584677751415,0.0,0.7813108587728924,0.12485850143610248,171.14331630682335,-18.261769115166345,-0.0007435535818973026,-0.000968490578265548,-0.0004998717516359381,13.558845921872727,7.997942685069608,0.0,0.4444444444444444,0.0,0.0
5.45,23.99050188961475,-0.015802113591163177,23.99050709389868,-0.22096349513370137,-0.0042713789640250665,0.0,0.780390131746762,0.12158653648286387,171.53337882466917,-18.349659303028535,-0.0006586819808339124,-0.0008808814909120988,-0.0004179657722058562,12.332324188491784,6.687449232972174,0.0,0.4444444444444444,0.0,0.0
5.466666666666667,24.003493068985538,-0.013830074652958888,24.003497053217092,-0.22103381371631467,-0.00421911495679875,0.0,0.7794707622471568,0.11832233629225736,171.9236536190335,-18.43759232104311,-0.00057616918849341,-0.0007955311352325008,-0.00033852701761386504,11.137423603969674,5.4164306228632055,0.0,0.4444444444444444,0.0,0.0
5.483333333333333,24.016468948230905,-0.01191226840054001,24.016471902498036,-0.22110323006496688,-0.004164980919133003,0.0,0.7785527547220339,0.11506837514513275,172.31414031817482,-18.525568673138476,-0.000496004114898486,-0.0007124345268936671,-0.0002615377834350198,9.974074549979893,4.184603769964725,0.0,0.4444444444444444,0.0,0.0
5.5,24.029429550095173,-0.010048484508635245,24.029431651102946,-0.22117171487978046,-0.0041090888888159335,0.0,0.7776361118561405,0.11182703351428583,172.7048385540116,-18.61358884779175,-0.00041817405202908053,-0.0006315849234895489,-0.00018697889890516617,8.842182779201417,2.99166210294942,0.0,0.4444444444444444,0.0,0.0
5.516666666666667,24.042374897339833,-0.008238474519124017,24.04237630885722,-0.2212392406874474,-0.004051548460016971,0.0,0.7767208346795139,0.1086005993706737,173.0957479621109,-18.70165331810053,-0.00034266474222494834,-0.0005529738929243738,-0.00011482979534405706,7.741630373610571,1.8372766607579407,0.0,0.4444444444444444,0.0,0.0
5.533333333333333,24.055305012717735,-0.006481953360472212,24.05530588603276,-0.22130578180040206,-0.003992466777278886,0.0,0.7758069226741201,0.10539126951910831,173.48686818167465,-18.789762541865418,-0.0002694604454261842,-0.0004765913807552285,-4.506857328493495e-05,6.672276688200929,0.7210971686444517,0.0,0.4444444444444444,0.0,0.0
5.55,24.06821991894904,-0.004778600844450707,24.068220393330318,-0.2213713142759319,-0.00393194853179035,0.0,0.7748943738783989,0.1022011509612903,173.87819885552346,-18.87791696168278,-0.00019854400523813215,-0.00040242577647571953,2.232793169790882e-05,5.633959279869961,-0.3572469066905474,0.0,0.4444444444444444,0.0,0.0
5.566666666666666,24.081119638698866,-0.0031280631397156778,24.08111984186174,-0.22143581587526287,-0.0038700959598586635,0.0,0.7739831849895157,0.09903226228410178,174.2697396300781,-18.966117005047312,-0.0001298969138085809,-0.000330463978724,8.738408447069978e-05,4.626494821233299,-1.3981453229978493,0.0,0.4444444444444444,0.0,0.0
5.583333333333333,24.094004194556586,-0.0015299542218634922,24.094004243132154,-0.2214992660226546,-0.0038070088435034595,0.0,0.7730733514631319,0.09588653507113114,174.6614901553388,-19.054363084464008,-6.34993755065752e-05,-0.0002606914593999657,0.0001501253871366302,3.6496799991494147,-2.4020060495028845,0.0,0.4444444444444444,0.0,0.0
5.6,24.106873609016763,1.6142700394149168e-05,24.106873609022166,-0.2215616457645395,-0.003742784513093324,0.0,0.7721648676105333,0.09276581533545848,175.05345008486248,-19.14265559756903,6.696306064386904e-07,-0.00019309232667788755,0.0002105784171516563,2.703292397758499,-3.3692542751284216,0.0,0.4444444444444444,0.0,0.0
5.616666666666666,24.119727904461644,0.0015106737832572242,24.119727951770123,-0.22162293772873862,-0.003677517851948508,0.0,0.7712577266929757,0.0896718649717845,175.44561907573782,-19.230994927259136,6.263228952107799e-05,-0.00012764938690217357,0.0002687707667628572,1.7870913658598828,-4.300331437969446,0.0,0.4444444444444444,0.0,0.0
5.633333333333333,24.132567103145195,0.0029541131703578957,24.132567283954483,-0.22168312608378585,-0.003611301302834095,0.0,0.770351921013119,0.0866063632260403,175.83799678855857,-19.31938144182919,0.00012241189024674525,-6.434420535533233e-05,0.00032473098377136457,0.9008188684720985,-5.195694276053003,0.0,0.4444444444444444,0.0,0.0
5.65,24.145391227178585,0.0043469616400357075,24.145391618476353,-0.22174219649839033,-0.003544224876269237,0.0,0.7694474420034477,0.0835709081806687,176.2305828873948,-19.407815495117376,0.00018003276700600285,-3.157165888546065e-06,0.00037848851362071173,0.04420032243887676,-6.055813899396559,0.0,0.4444444444444444,0.0,0.0
5.666666666666667,24.158200298517112,0.005689745277599395,24.158200968542207,-0.22180013610106666,-0.0034763761605793283,0.0,0.7685442803115904,0.08056701825382127,176.62337703976263,-19.496297426657723,0.00023552024166078564,5.5932470593443024e-05,0.00043007364281033247,-0.7830545840370244,-6.881174883359885,0.0,0.4444444444444444,0.0,0.0
5.683333333333334,24.170994338948486,0.00698301417277886,24.17099534764687,-0.22185693343996032,-0.00340784033361924,0.0,0.7676424258824636,0.07759613371076787,177.01637891659192,-19.584827561839525,0.0002889005673734709,0.00011294650880017942,0.00047951744363286834,-1.5812510880323736,-7.6722743832678395,0.0,0.4444444444444444,0.0,0.0
5.7,24.183773370082438,0.008227341142543317,24.183774769556774,-0.22191257844289528,-0.0033387001760970393,0.0,0.7667418680371846,0.07465961818586746,177.4095881921927,-19.673406212073303,0.000340200873504699,0.00016790776288190857,0.0005268517202329062,-2.3507085647972494,-8.429621270264255,0.0,0.4444444444444444,0.0,0.0
5.716666666666667,24.196537413341584,0.009423320479434992,24.196539248293504,-0.22196706237766908,-0.0032690360864288965,0.0,0.7658425955487117,0.07175876021350054,177.80300454421987,-19.76203367496292,0.000389449111748755,0.00022084000141922369,0.0005721089559837802,-3.0917597569701893,-9.153735288341013,0.0,0.4444444444444444,0.0,0.0
5.733333333333333,24.209286489953488,0.010571566725541902,24.209288798117708,-0.22202037781262005,-0.0031989260970571917,0.0,0.7649445967141835,0.06889477476641453,178.19662765363645,-19.850710234483497,0.00043667400350627493,0.0002717678935794807,0.0006153222621781175,-3.804750020164677,-9.84514623247068,0.0,0.4444444444444444,0.0,0.0
5.75,24.222020620943887,0.011672713472208295,24.222023433513368,-0.22207251857748947,-0.0031284458921651396,0.0,0.7640478594239406,0.0660688047999835,178.5904572046756,-19.939436161164732,0.0004819049884930392,0.000320716956442428,0.0006565253280268979,-4.490036584961426,-10.504393147756186,0.0,0.4444444444444444,0.0,0.0
5.766666666666667,24.23473982713101,0.012727412185557181,24.234743169172454,-0.2221234797246015,-0.003057668826722574,0.0,0.7631523712272288,0.0632819228009332,178.98449288480114,-20.028211712279358,0.0005251721745826469,0.0003677135034964449,0.0006957523719609215,-5.147987835325907,-11.132023549496855,0.0,0.4444444444444444,0.0,0.0
5.783333333333333,24.247444129120918,0.01373633105787604,24.247448019979988,-0.22217325749038147,-0.0029866659467988428,0.0,0.7622581193945884,0.06053513233913154,179.3787343846671,-20.1170371320363,0.0005665062888799392,0.0004127845943057737,0.0007330380942277445,-5.778982603456164,-11.728592664056427,0.0,0.4444444444444444,0.0,0.0
5.8,24.260133547303866,0.014700153884894249,24.260138000999554,-0.22222184925723282,-0.0029155060110801034,0.0,0.7613650909769512,0.057829369621092475,179.7731813980759,-20.20591265177828,0.0006059386300211487,0.000455957985348151,0.000768417630776345,-6.383409481052107,-12.294662690405813,0.0,0.4444444444444444,0.0,0.0
5.816666666666666,24.272808101851556,0.015619578968959064,24.27281312745924,-0.22226925351579163,-0.0028442555135296207,0.0,0.7604732728614718,0.055165505043888896,180.1678336219356,-20.294838490183484,0.0006435010216958985,0.0004972620820213098,0.0008019265084210144,-6.961666146984121,-12.830802082200973,0.0,0.4444444444444444,0.0,0.0
5.833333333333333,24.285467812715293,0.01649531804809601,24.28547341473804,-0.22231546982757716,-0.002772978707131004,0.0,0.7595826518241263,0.05254434474821683,180.5626907562161,-20.383814853471037,0.0006792257673853557,0.0005367258918159229,0.0008336006012752504,-7.51415871132612,-13.337584850244603,0.0,0.4444444444444444,0.0,0.0
5.85,24.298112699624944,0.017328095250919332,24.298118878352703,-0.22236049878805475,-0.0027017376286556432,0.0,0.7586932145791306,0.04996663216939927,180.95775250390443,-20.472841935609935,0.000713145606310065,0.0005743789786516875,0.0008634760884457247,-8.041301075705803,-13.815589885169105,0.0,0.4444444444444444,0.0,0.0
5.866666666666666,24.3107427820887,0.018118646077338717,24.31074953394513,-0.22240434199012804,-0.0026305921243969244,0.0,0.7578049478252258,0.04743304958516317,181.35301857095908,-20.561919918531135,0.000745293670580235,0.0006102514183724284,0.0008915894129757497,-8.543514309913245,-14.265400300167876,0.0,0.4444444444444444,0.0,0.0
5.883333333333333,24.323358079393515,0.018867716404989843,24.323365397270177,-0.22244700198807496,-0.0025595998768151323,0.0,0.756917838288887,0.04494421965906763,181.7484886662638,-20.65104897234254,0.0007757034435405386,0.0006443737553952917,0.0009179772420270375,-9.021226044697569,-14.687602793591825,0.0,0.4444444444444444,0.0,0.0
5.9,24.335958610606255,0.019576061521298257,24.335966484183967,-0.22248848226194226,-0.002488816432038256,0.0,0.7560318727645294,0.04250070697850483,182.14416250158038,-20.74022925554658,0.0008044087193008084,0.0006767769605083482,0.0009426764282879496,-9.474869880670841,-15.082787031218615,0.0,0.4444444444444444,0.0,0.0
5.916666666666667,24.348544394575452,0.0202444451810689,24.348552810632757,-0.22252878718241167,-0.0024182952281652285,0.0,0.7551470381517754,0.04010301958623852,182.5400397915009,-20.829460915260107,0.0008314435634433535,0.0007074923898101853,0.0009657239725958783,-9.904884813227886,-15.451545047993132,0.0,0.4444444444444444,0.0,0.0
5.933333333333334,24.361115449933617,0.020873638689477014,24.361124392642193,-0.22256792197615033,-0.0023480876243194373,0.0,0.7542633214898562,0.03775161050448686,182.93612025339942,-20.91874408743635,0.0008568422748970135,0.0007365517447843797,0.0009871569877608652,-10.311714673381044,-15.7944706690294,0.0,0.4444444444444444,0.0,0.0
5.95,24.373671795100105,0.021464420010320305,24.373681246307147,-0.22260589269165704,-0.002278242930401639,0.0,0.7533807099892389,0.03544687925059747,183.3324036073831,-21.00807889708867,0.0008806393489674737,0.0007639870335010687,0.0010070126635770631,-10.695807584399489,-16.11215894965596,0.0,0.4444444444444444,0.0,0.0
5.966666666666667,24.386213448284447,0.022017572899377034,24.386223387781996,-0.22264270616561524,-0.0022088084374926997,0.0,0.7524991910605501,0.033189173343403766,183.72888957624272,-21.09746545851584,0.0009028694415128083,0.0007898305329372083,0.0010253282330081738,-11.057615434133767,-16.405205634279568,0.0,0.4444444444444444,0.0,0.0
5.983333333333333,24.39874042749013,0.022533886062700216,24.39875083327141,-0.22267836998976287,-0.0021398294488578673,0.0,0.7516187523408884,0.030978789799390855,184.12557788540306,-21.186903875528657,0.0009235673342526951,0.0008141147524064994,0.00104214093953255,-11.397593362897824,-16.67420663383488,0.0,0.4444444444444444,0.0,0.0
