t,vx,vy,speed,yaw,yaw_rate,steering_angle,ax,ay,pos_x,pos_y,sideslip,alpha_f,alpha_r,fy_f,fy_r,f_long,throttle,brake,steer_cmd
0.0,19.612212660888265,0.0,19.612212660888265,0.0,0.0,0.0,1.0803186255961237,-0.0,54.661787048093935,0.0,0.0,0.0,0.0,-0.0,-0.0,0.0,0.4444444444444444,0.0,0.0
0.016666666666666666,19.630193850625748,-0.000885308748375365,19.630193870589167,-1.0913569383325502e-05,-0.0006548141629995302,-0.004553228193136113,1.0788713842489603,-0.0531185249025219,54.98895694542385,-1.832573718192205e-05,-4.509933801529522e-05,0.004466498697111512,-5.523135332924609e-21,-62.52880686019637,8.837016532679375e-17,0.0,0.4444444444444444,0.0,0.007850393436441575
0.03333333333333333,19.64814308983023,-0.002422162257215072,19.648143239128565,-4.3413541521047465e-05,-0.0019499983282633177,-0.00909397630428585,1.076954352269116,-0.09221121053038242,55.31642599485985,-7.291169935702849e-05,-0.00012327690377004358,0.008846840478277742,1.09035994703912e-05,-123.83886815772432,-0.17445759147082657,0.0,0.4444444444444444,0.0,0.01567926949014802
0.05,19.666052938246217,-0.004383267518496091,19.666053426728425,-0.00010789849148843298,-0.0038690969980431306,-0.013609798458500083,1.0745909049591638,-0.11766631567686117,55.644193534040205,-0.0001813317815975625,-0.00022288496119056132,0.013141382151107802,4.310735992601841e-05,-183.92397407462826,-0.6897177553909049,0.0,0.4444444444444444,0.0,0.023465169756034628
0.06666666666666667,19.683916411274264,-0.006548360819951936,19.683917500514518,-0.00021446061885050364,-0.00639372764172424,-0.01808831710114506,1.0718083816829136,-0.1299055980873507,55.97225877661094,-0.00036082820713031696,-0.0003326756953014403,0.017350266299900104,0.00010648078867766919,-242.7763190390797,-1.7036925672165888,0.0,0.4444444444444444,0.0,0.031186753622663897
0.08333333333333333,19.70172701846545,-0.008704737391002556,19.701728941455485,-0.0003728550923506678,-0.00950366841000985,-0.0225172569239193,1.0686364314711978,-0.1293825942630372,56.30062081666734,-0.0006283386381747247,-0.00044182608034442565,0.021473424163563466,0.00021034817071236182,-300.386480739184,-3.3655703334080562,0.0,0.4444444444444444,0.0,0.03882285676537811
0.1,19.719478776605513,-0.010647751620810691,19.719481651291186,-0.0005924709108593503,-0.013176949110520947,-0.02688447851062042,1.0651054884037514,-0.11658085378848815,56.629278633453,-0.0010005214151905723,-0.0005399610561020811,0.02551057976963307,0.0003634722470190152,-356.74342374828916,-5.8155538989243984,0.0,0.4444444444444444,0.0,0.04635254915624211
0.11666666666666667,19.737166199832703,-0.012181287086631626,19.73716995882575,-0.0008823033320417254,-0.0173899452709425,-0.03117801161044112,1.0612453936315107,-0.09201212794925606,56.95823109628559,-0.0014937788750092173,-0.0006171749995243593,0.029461255255778845,0.0005740397360232108,-411.83452564660195,-9.18462768762681,0.0,0.4444444444444444,0.0,0.05375519243179504
0.13333333333333333,19.754784269464338,-0.013118195643576911,19.75478862504311,-0.0012509279169435688,-0.022117475094110602,-0.03538608794759461,1.0570841778979956,-0.05621451341671713,57.287476969672355,-0.0021242787095210876,-0.0006640514791971259,0.03332477731360806,0.0008496486934887538,-465.6456235460457,-13.594352867354257,0.0,0.4444444444444444,0.0,0.06101049646137002
0.15,19.7723283863873,-0.013280704854438673,19.772332846587894,-0.00170647623513349,-0.02733289909139527,-0.03949717347734056,1.0526470153777063,-0.009750552651705768,57.617014918573744,-0.002907973336954067,-0.0006716812809137804,0.0371002846923099,0.0011972977052781282,-518.1610789588829,-19.156689890516322,0.0,0.4444444444444444,0.0,0.06809857496093201
0.16666666666666666,19.789794308997386,-0.012500793078092891,19.789798257239838,-0.0022566132712382846,-0.03300822216628768,-0.04349999999999999,1.0479553566050446,0.046794706580746914,57.94684351376988,-0.00386061726728772,-0.0006316786935844514,0.04078673670180088,0.0016233769066877372,-569.3638589944904,-25.973847566389985,0.0,0.4444444444444444,0.0,0.07499999999999998
0.18333333333333332,19.807178079751566,-0.010620531585155475,19.807180927095153,-0.002908516569720208,-0.0391141979089154,-0.04738359604630735,1.043026245250689,0.11281568957624499,58.27696123728256,-0.004997782452008551,-0.0005361960459268903,0.04438292265654633,0.002133660821597985,-619.2356319221183,-34.13815778475651,0.0,0.4444444444444444,0.0,0.08169585525225405
0.2,19.824475943427316,-0.007492393128188812,19.8244773592517,-0.0036688571506165698,-0.04562043485378169,-0.05113731694944516,1.0378718205451274,0.1876883074179998,58.60736648780444,-0.006334871616240823,-0.0003779364858290277,0.0478874722022037,0.0027333030142834094,-667.7568752000623,-43.73197503874884,0.0,0.4444444444444444,0.0,0.08816778784387097
0.21666666666666667,19.841684260165344,-0.0029795264593368417,19.841684483875635,-0.0045437822247289,-0.05249550444673983,-0.054750874021335855,1.032499004281684,0.27077200013111824,58.938057586087204,-0.007887129578324006,-0.0001501649959687634,0.051298866467713214,0.0034268325462730813,-714.9069941432455,-54.82759998947302,0.0,0.4444444444444444,0.0,0.09439805865747562
0.23333333333333334,19.8587994163084,0.0030440036403745043,19.85879964960443,-0.005538899732435568,-0.05970705046240005,-0.05821436275322066,1.0269093685834059,0.36141180598268074,59.269032780242284,-0.009669652568208762,0.00015328235875299712,0.054615449985508345,0.004218152229982528,-760.6644494814902,-67.48722647311833,0.0,0.4444444444444444,0.0,0.10036959095382873
0.25,19.875817735942025,0.010693011179536634,19.87582061231374,-0.006659264725921416,-0.06722189960915087,-0.06151828996322963,1.021099178017411,0.4589404523497278,59.6002902509098,-0.011697395561683671,0.000537990954131102,0.05783544332218752,0.005110538669798322,-805.006892149551,-81.76291156565911,0.0,0.4444444444444444,0.0,0.10606601717798213
0.26666666666666666,19.89273539589557,0.020071018901400468,19.89274552134311,-0.007909367610173516,-0.07500617305512608,-0.06465359981653329,1.0150595972126724,0.56268046331183,59.93182811625523,-0.013985177652516017,0.0010089618994654674,0.0609569563613337,0.006106644079733537,-847.911303746839,-97.69656857999557,0.0,0.4444444444444444,0.0,0.11147172382160912
0.2833333333333333,19.90954834677735,0.03127012354928476,19.909572903337015,-0.009293124253577114,-0.0830253986042158,-0.06761169864675645,1.008777052906762,0.6719462788730575,60.26364443675759,-0.016547685489196804,0.0015706080967858678,0.06397800217923971,0.007208499864549372,-889.354141209114,-115.31998316159816,0.0,0.4444444444444444,0.0,0.11657189421854561
0.3,19.926252242399602,0.04437089655704537,19.926301643912662,-0.010813867974346643,-0.09124462324617169,-0.07038447851062042,1.0022337373351797,0.7860463804656366,60.59573721975817,-0.019399474807237787,0.0022267520595781708,0.06689651145313855,0.008417521948240117,-929.3114843454337,-134.6548529552268,0.0,0.4444444444444444,0.0,0.1213525491562421
0.31666666666666665,19.942842379701318,0.059442320175776865,19.94293096741396,-0.012474343404325048,-0.09962852579870428,-0.07296433941125187,0.9954082381029304,0.90428541712389,60.92810442374483,-0.022554970091997865,0.0029806254802028625,0.06971034734019128,0.009734517829919586,-967.7591850102506,-155.71285161938334,0.0,0.4444444444444444,0.0,0.12580058519181359
0.3333333333333333,19.95931365100396,0.07654175894971282,19.95946041505171,-0.014276702226859788,-0.10814152935208446,-0.07534421012924615,0.9882762781584405,1.025966326436158,61.26074396235315,-0.02602846241094056,0.003834870530824771,0.0724173207639878,0.0111596953423761,-1004.6730168014822,-178.49571824837244,0.0,0.4444444444444444,0.0,0.12990381056766578
0.35,19.97566051014127,0.09571496635109428,19.97588982176266,-0.01622250078049616,-0.11674791321818234,-0.077517567604388,0.9808115482386939,1.150392444082887,61.59365370807295,-0.029834105458163524,0.004791542877817302,0.07501520604370038,0.01269267308286866,-1040.0288242991041,-202.9953735058127,0.0,0.4444444444444444,0.0,0.13365097862825517
0.36666666666666664,19.991876953694316,0.11699612627533179,19.992219292145066,-0.01831269951510147,-0.12541192407631846,-0.07947845481490627,0.9729866131826578,1.276869595454251,61.92683149565541,-0.03398590985810712,0.005852116384274939,0.07750175679933378,0.014332492479149925,-1073.8026709837413,-229.19406396065696,0.0,0.4444444444444444,0.0,0.13703181864639014
0.3833333333333333,20.00795651824141,0.14040792898397608,20.008449175844703,-0.020547664281737175,-0.13409788599814226,-0.08122149710525654,0.9647738728256866,1.4047081625186582,62.26027512522378,-0.03849773577964209,0.007017489469493303,0.07987472206476617,0.016077631446296755,-1105.970985098975,-257.0645362314117,0.0,0.4444444444444444,0.0,0.14003706397458027
0.4,20.023892294204668,0.16596168096391578,20.024580042773866,-0.02292716943212916,-0.14277030902351903,-0.08274191691767835,0.9561465577954318,1.5332251187963823,62.59398236509767,-0.043383283916339055,0.008287993088105686,0.08213186253851293,0.01792601958182357,-1136.5107028428813,-286.57024257285934,0.0,0.4444444444444444,0.0,0.142658477444273
0.4166666666666667,20.03967695654519,0.1936574480471875,20.040612658545957,-0.02545040269795844,-0.15139399594975683,-0.08403554688714894,0.9470797404312649,1.6617460249963034,62.92795095434811,-0.0486560848936973,0.009663400285069627,0.08427096690040388,0.01987505483790721,-1165.3994083917237,-317.6655794718622,0.0,0.4444444444444444,0.0,0.14488887394336025
0.43333333333333335,20.055302812232558,0.2234842310074701,20.056547960500385,-0.028115971814428344,-0.1599341469881941,-0.08509884126384108,0.9375513412420424,1.7896069776169552,63.262178605107486,-0.05432948716949569,0.011142937275967732,0.08628986812068724,0.021921621600559084,-1192.6154703699137,-350.29616064809835,0.0,0.4444444444444444,0.0,0.14672214011007084
0.45,20.070761864095807,0.25542017271774137,20.07238703467711,-0.030921912846695283,-0.16835646193601636,-0.08592888563177697,0.9275431117950534,1.9161565026162766,63.59666300466481,-0.06041664349923568,0.0127252959952349,0.08818645968650873,0.02406211009646864,-1218.1381744836315,-384.3991255793459,0.0,0.4444444444444444,0.0,0.14815325108927066
0.4666666666666667,20.086045890357177,0.289432795820056,20.088131094077184,-0.033865700171828945,-0.17662723950801978,-0.08652340489703977,0.9170415756820993,2.0407573861388784,63.931401817382564,-0.06693049604485973,0.014408648048077491,0.08995871166931188,0.026292437039262196,-1241.947852129184,-419.9034842911707,0.0,0.4444444444444444,0.0,0.149178284305241
0.48333333333333334,20.101146538860885,0.325479269724655,20.103781458516192,-0.036944258063057504,-0.18471347347371359,-0.08688076952364791,0.9060389102224431,2.1627884342759423,64.26639268647642,-0.0738837602115025,0.016190659995151357,0.09160468655552885,0.028608067418338937,-1264.0260048699563,-456.73049867412954,0.0,0.4444444444444444,0.0,0.14979443021318606
0.5,20.11605543474119,0.3635067056236573,20.119339536341993,-0.04015397381723098,-0.1925829452504086,-0.087,0.8945337528184203,2.281646153940136,64.60163323570362,-0.08128890730389379,0.0180685098926674,0.09312255476204107,0.031004037325533373,-1284.3554247464306,-494.7941000290471,0.0,0.4444444444444444,0.0,0.15
0.5166666666666666,20.130764300030442,0.40345247807669343,20.13480680824741,-0.04349071236078811,-0.2002043126134279,-0.08688076952364791,0.8825319173551179,2.3967463471821704,64.93712107100889,-0.08915814610108214,0.020038905004653173,0.09451060975735791,0.03347497770787746,-1302.920310441363,-534.0013419079479,0.0,0.4444444444444444,0.0,0.14979443021318606
0.5333333333333333,20.14526508349218,0.44524457160450936,20.150184813363687,-0.046949832264134635,-0.20754719420079157,-0.08652340489703977,0.8700470077042399,2.507525611668955,65.27285378217938,-0.0975034034552621,0.022098100598774355,0.09576728270936276,0.03601513892894787,-1319.7063793661507,-574.2528866340954,0.0,0.4444444444444444,0.0,0.149178284305241
0.55,20.159550098779246,0.4888019506143906,20.165475137772347,-0.050526203089334386,-0.21458224951198512,-0.08592888563177696,0.8571009172239544,2.613442740592874,65.60882894456124,-0.10633630402752327,0.024241919732562234,0.09689115658088207,0.038618416016910406,-1334.7009757643993,-615.443523171666,0.0,0.4444444444444444,0.0,0.14815325108927063
0.5666666666666667,20.17361216886438,0.5340349508808722,20.180679405523378,-0.05421422399148126,-0.22128125412881228,-0.08509884126384108,0.8437242051080022,2.7139800159888945,65.94504412089081,-0.11566814928013525,0.02646577393324237,0.09788097959532215,0.04127837447460511,-1347.8931749446854,-657.4627132985003,0.0,0.4444444444444444,0.0,0.14672214011007084
0.5833333333333334,20.187444774572597,0.5808456907191475,20.19579927219632,-0.05800784349015987,-0.22761716992071657,-0.08403554688714894,0.8299563424930976,2.8086443902965184,66.28149686329257,-0.12550989585137132,0.02876468467173762,0.09873567799625715,0.043988276525999036,-1359.273883756806,-700.1951623400203,0.0,0.4444444444444444,0.0,0.14488887394336025
0.6,20.201042204961706,0.629128499919247,20.21083642099096,-0.06190058032410891,-0.23356421003694242,-0.08274191691767836,0.8158458233464627,2.8969685520059736,66.61818471549377,-0.13587213344467955,0.031133305529924972,0.09945436802720828,0.04674110767416492,-1368.8359374149973,-743.5214100747934,0.0,0.4444444444444444,0.0,0.14265847744427304
0.6166666666666667,20.214399707249825,0.6787703644585087,20.225792561284933,-0.06588554529965666,-0.23909789853286526,-0.08122149710525654,0.8014501372872362,2.9785118723557034,66.955105215303,-0.14676506236906117,0.03356594495993323,0.10003636706097802,0.04952960344866494,-1376.5741927485653,-787.3184368473651,0.0,0.4444444444444444,0.0,0.14003706397458027
0.6333333333333333,20.227513633976642,0.7296513849798157,20.24066942954985,-0.06995546404177144,-0.2441951245268869,-0.07947845481490627,0.7868356036089181,3.052861231278422,67.29225589739583,-0.1581984708716486,0.0360565895352177,0.10048120381184096,0.05234627622481034,-1382.4856179262426,-831.4602794447321,0.0,0.4444444444444444,0.0,0.13703181864639014
0.65,20.240381585107116,0.7816452470147915,20.255468792474886,-0.07410270055571153,-0.2488341908364053,-0.077517567604388,0.7720770678284071,3.119631722098549,67.62963429644554,-0.17018171240653712,0.03859892759534819,0.10078862756866493,0.05518344200365643,-1386.5693786567213,-875.8186509288284,0.0,0.4444444444444444,0.0,0.13365097862825517
0.6666666666666666,20.25300254284139,0.834619700945348,20.270192452109228,-0.07831928150729973,-0.25299485709529257,-0.07534421012924616,0.7572574640565422,3.178467235833387,67.9672379506319,-0.1827236829857834,0.04118637318987048,0.10095861639265312,0.0580332470496442,-1388.8269208158047,-920.263558384249,0.0,0.4444444444444444,0.0,0.1299038105676658
0.6833333333333333,20.265376996980297,0.8884370497338533,20.28484225280241,-0.08259692113079477,-0.256658377409702,-0.0729643394112519,0.7424672483344246,3.229040927310317,68.30506440555374,-0.19583279875903328,0.04381209023118803,0.10099138422984376,0.060887694292334274,-1389.2620493922063,-964.6639124489118,0.0,0.4444444444444444,0.0,0.1258005851918136
0.7,20.277507058810002,0.9429546425113106,20.29942008969525,-0.08692704667516894,-0.2598075326624504,-0.07038447851062042,0.7278037097823639,3.271055566647439,68.64311121856515,-0.20951697396739957,0.046469016772067245,0.10088738689574445,0.06373866940946431,-1387.8810035810864,-1008.8881225510576,0.0,0.4444444444444444,0.0,0.1213525491562421
0.7166666666666667,20.289396561609035,0.9980253721933218,20.3139279184941,-0.09130082430228992,-0.26242665762725875,-0.06761169864675647,0.7133701679420654,3.3042437809206726,68.98137596354712,-0.22378359941492737,0.04914988932996957,0.10064732689745443,0.06657796652033524,-1384.6925277889616,-1052.8046719790618,0.0,0.4444444444444444,0.0,0.11657189421854565
0.7333333333333333,20.30105114604305,1.0534981753937058,20.32836776624758,-0.09570918535397974,-0.26450166310138934,-0.0646535998165333,0.6992750660409246,3.328368192023044,69.31985623611925,-0.23863952159724364,0.051847267187809125,0.10027215706725873,0.06939731343100042,-1379.7079382476684,-1096.2826672559029,0.0,0.4444444444444444,0.0,0.11147172382160916
0.75,20.312478328894034,1.1092185330233877,20.342741742837724,-0.10014285290910323,-0.26602005330740935,-0.06151828996322963,0.6856309710589468,3.343221457780909,69.65854965928872,-0.25409102262180355,0.05455355660874957,0.09976308299086412,0.0721883963855866,-1372.9411848707207,-1139.1923567676922,0.0,0.4444444444444444,0.0,0.10606601717798213
0.7666666666666666,20.32368755376784,1.1650289700950662,20.357052052896524,-0.1045923685566166,-0.2669709388508023,-0.05821436275322067,0.6725534924284253,3.34862622430071,69.99745388952594,-0.2701438010475664,0.05726103491110176,0.09912156422306183,0.07494288429099906,-1364.4089079246958,-1181.4056141910226,0.0,0.4444444444444444,0.0,0.10036959095382875
0.7833333333333333,20.33469022263358,1.220769553399339,20.371301007863405,-0.10904811931576651,-0.2673450455489941,-0.05475087402133585,0.6601601319442538,3.34443499825637,70.3365666232492,-0.2868029537640374,0.0599618743580634,0.09834931429351344,0.07765245239494506,-1354.1304890332153,-1222.7963829590838,0.0,0.4444444444444444,0.0,0.09439805865747561
0.8,20.345499707267145,1.2762783858722535,20.385491037908608,-0.113500364640239,-0.2671347194683487,-0.05113731694944517,0.6485690780139293,3.3305299483748687,70.67588560369346,-0.3040729590205053,0.0626481658257496,0.09744829951541026,0.08030880540934891,-1342.1280959836176,-1263.24107878086,0.0,0.4444444444444444,0.0,0.08816778784387098
0.8166666666666667,20.35613133989616,1.3313920966343398,20.399624703461654,-0.11793926344887805,-0.2663339285183434,-0.04738359604630737,0.6378979577407651,3.3068226457251715,71.01540862813212,-0.32195766070612286,0.06531194222149575,0.09642073661979098,0.08290370008255041,-1328.4267207681767,-1302.6189480589644,0.0,0.4444444444444444,0.0,0.08169585525225409
0.8333333333333334,20.366602382571582,1.3859463258436422,20.413704706100994,-0.12235490113148216,-0.2649382609562469,-0.04349999999999999,0.6282625605254352,3.2732537525581478,71.35513355541434,-0.34046025397037,0.06794520163257689,0.09526908924815741,0.0854289672339294,-1313.0542102644458,-1340.812380916881,0.0,0.4444444444444444,0.0,0.07499999999999998
0.85,20.37693197502002,1.439776203666691,20.42773389858107,-0.12673731648400283,-0.2629449211512395,-0.03949717347734057,0.6197755469063593,3.2297926693829253,71.69505831377533,-0.35958327226157916,0.07053993019309526,0.09399606334553126,0.08787653327356351,-1296.0412889442193,-1377.7071784228428,0.0,0.4444444444444444,0.0,0.06809857496093202
0.8666666666666667,20.387141060957646,1.4927168228284244,20.441715293794214,-0.13107652853307475,-0.260352722944316,-0.0353860879475946,0.6125451562575783,3.1764371497040096,72.035180908872,-0.37932857584877705,0.07308812466367555,0.092604601505089,0.09023844123702832,-1277.4215729988684,-1413.1927744637994,0.0,0.4444444444444444,0.0,0.06101049646137
0.8833333333333333,20.397252293070036,1.5446037043516512,20.455652072487148,-0.13536256321507487,-0.2571620809200069,-0.031178011610441154,0.6066739267434604,3.1132128913936077,72.37549943199248,-0.3996973418792929,0.07558181472462623,0.09109787632384501,0.09250687137134934,-1257.2315752812751,-1447.1624135592808,0.0,0.4444444444444444,0.0,0.0537551924317951
0.9,20.407289917080252,1.5952732562358052,20.4695475895738,-0.1395854798797189,-0.2533749998786409,-0.02688447851062043,0.6022574406129706,3.040173113049242,72.71601206838466,-0.4206900560116038,0.07801308498825271,0.08947928283637732,0.09467416131231349,-1235.5107004915753,-1479.5132866941885,0.0,0.4444444444444444,0.0,0.04635254915624212
0.9166666666666666,20.417279635538947,1.6445632249508886,20.48340537890744,-0.1437353975924588,-0.24899506276439404,-0.022517256923919326,0.5993831075215572,2.957398122905007,73.05671710564594,-0.4423065056499266,0.08037409673994396,0.0877524301001945,0.09673282589578393,-1212.3012300758608,-1510.146627977227,0.0,0.4444444444444444,0.0,0.03882285676537815
0.9333333333333333,20.427248452174176,1.6923131397333098,20.497229156394926,-0.14780252121355375,-0.24402741726569696,-0.01808831710114506,0.5981289981137314,2.8649948869452704,73.39761294211472,-0.46454577479431886,0.08265710942042488,0.08592113201190464,0.0986755766463137,-1187.6482963632811,-1538.9677755863738,0.0,0.4444444444444444,0.0,0.031186753622663897
0.95,20.43722449783417,1.7383647497638581,20.51102282135376,-0.15177716723458262,-0.2384787612617326,-0.013609798458500093,0.5985627395995358,2.763096601832906,73.73869809520238,-0.4874062405077067,0.0848545018631227,0.0839893974378026,0.10049534098522597,-1161.5998455374377,-1565.8862010359376,0.0,0.4444444444444444,0.0,0.023465169756034646
0.9666666666666667,20.447236839242937,1.7825624543827214,20.524790456028253,-0.15564978935529625,-0.23235732724281705,-0.009093976304285874,0.6007404845259976,2.651862277131799,74.07997120960407,-0.5108855709894908,0.08695879330091526,0.08196141974576136,0.10218528119746684,-1134.2065891212483,-1590.8155112858133,0.0,0.4444444444444444,0.0,0.01567926949014806
0.9833333333333333,20.4573152719661,1.8247537265509948,20.53853632319448,-0.15941100378503759,-0.22567286578448068,-0.004553228193136149,0.6047059633898262,2.531476330096397,74.42143106532573,-0.5349807252343642,0.08896266415561088,0.07984156582737528,0.10373881319200036,-1105.5219437495232,-1613.6734286092687,0.0,0.4444444444444444,0.0,0.007850393436441637
1.0,20.467490099152197,1.8647895298016663,20.55226486179446,-0.16305161425347214,-0.2184366281060734,-1.0408340855860843e-17,0.6104896311659882,2.4021481950402976,74.76307658546564,-0.5596879542448554,0.09085897662137701,0.07763436470013219,0.10514962508439805,-1075.6019591084828,-1634.3817534401892,0.0,0.4444444444444444,0.0,1.8369701987210297e-17
1.0166666666666666,20.47779189777288,1.902524728935008,20.565980680548687,-0.16656263671506663,-0.21066134769566872,0.00455322819313609,0.6181079172410607,2.2641119480005036,75.10490684368834,-0.5850028037570282,0.09264079505003059,0.07534449577900476,0.10641169562267998,-1044.5052340344791,-1652.8663156347563,0.0,0.4444444444444444,0.0,-0.007850393436441535
1.0333333333333332,20.48825127423354,1.93781849470338,20.579688549503047,-0.1699353237306468,-0.20236122093481046,0.009093976304285814,0.6275625876394815,2.1176259461023177,75.44692107133055,-0.6109201184308476,0.09430140614168794,0.0729767769052744,0.10751931246851566,-1012.2928208829385,-1669.056919708108,0.0,0.4444444444444444,0.0,-0.015679269490147956
1.05,20.498898611363725,1.9705347026986877,20.59339338947104,-0.17316118850748036,-0.19355188661001374,0.01360979845850007,0.6388402278109491,1.9629724797184624,75.789118664079,-0.6374340474500568,0.0958343389388228,0.07053615221768827,0.10846709033572788,-979.0281184005955,-1682.8872896461648,0.0,0.4444444444444444,0.0,-0.023465169756034607
1.0666666666666667,20.509763808923747,2.0005423266023596,20.60710025933697,-0.1762320285767067,-0.1842504041535806,0.018088317101145036,0.6519118536014528,1.8004574342203257,76.13149918816167,-0.6645380514710978,0.09723338461538979,0.06802767994726441,0.1092499889768084,-944.776753456732,-1694.2950188494474,0.0,0.4444444444444444,0.0,-0.03118675362266386
1.0833333333333333,20.52087601987957,2.027715825883251,20.62081434118948,-0.1791399490836201,-0.17447523041480437,0.022517256923919267,0.6667326573492821,1.6304099568534745,76.47406238599542,-0.692224910856706,0.0984926160454394,0.0654565202122869,0.10986333099600971,-909.6064521096729,-1703.2215306418639,0.0,0.4444444444444444,0.0,-0.03882285676537805
1.1,20.532263384801563,2.0519355279340377,20.634540923259255,-0.18187738566236206,-0.16424619472451724,0.02688447851062045,0.6832418953197279,1.4531821230471995,76.81680818123411,-0.7204867351273688,0.09960640712769551,0.06282792288436645,0.11030281945469422,-873.5869006004424,-1709.6120545753124,0.0,0.4444444444444444,0.0,-0.04635254915624216
1.1166666666666667,20.54395276683332,2.0730880045224063,20.648285380640523,-0.18443712686205554,-0.15358447198161013,0.031178011610441137,0.7013629219053719,1.2691485953021222,77.15973668316342,-0.7493149735628772,0.10056945183400956,0.06014721558998273,0.1105645552211794,-836.7895969735106,-1713.4156234815764,0.0,0.4444444444444444,0.0,-0.053755192431795065
1.1333333333333333,20.55596948975265,2.091066442300813,20.662053153783106,-0.1868123360863889,-0.14251255346000144,0.035386087947594576,0.7210033751595346,1.0787062667043945,77.50284819038988,-0.7787004268867358,0.10137678294058204,0.05741979190478506,0.1106450540035118,-799.2876941223591,-1714.5850958667133,0.0,0.4444444444444444,0.0,-0.06101049646136997
1.15,20.5683370817074,2.1057710069692104,20.67584972475211,-0.18899657300320397,-0.13105421500890388,0.039497173477340525,0.7420555172852027,0.8822738801038557,77.84614319377373,-0.8086332599681941,0.10202379039149181,0.054651099790223964,0.11054126298963758,-761.1558351428214,-1713.0772078090013,0.0,0.4444444444444444,0.0,-0.06809857496093194
1.1666666666666667,20.5810770272517,2.117109200520589,20.6896805912657,-0.19098381437484532,-0.11923448229848183,0.043500000000000004,0.7643967326577144,0.6802916130827237,78.18962237855675,-0.8391030154800952,0.10250623923454825,0.05184663031393146,0.11025057700554182,-722.4699819475992,-1708.8526580078317,0.0,0.4444444444444444,0.0,-0.07500000000000001
1.1833333333333333,20.59420853033178,2.124996210821395,20.703551238538658,-0.19276847425396984,-0.10707959274747139,0.047383596046307354,0.7878901848050258,0.4732206180483467,78.533286625639,-0.8700986284555315,0.10282028705993781,0.049011906686780994,0.10977085408833694,-683.3072381492794,-1701.8762290351242,0.0,0.4444444444444444,0.0,-0.08169585525225406
1.2,20.607748290873364,2.129355252590199,20.717467108981435,-0.19434542348329414,-0.09461695375945904,0.05113731694944515,0.8123856324949321,0.26154250612823327,78.8771370119599,-0.9016084416923622,0.10296250086274539,0.046152473640861544,0.10910043035825832,-643.7456672552022,-1692.116947160137,0.0,0.4444444444444444,0.0,-0.08816778784387096
1.2166666666666666,20.621710297601314,2.130117898641037,20.73143356983079,-0.19571000843147318,-0.08187509689074254,0.05475087402133584,0.8377204036770919,0.04575876305029114,79.22117480994253,-0.9336202219618704,0.10292987324136639,0.04327388716380706,0.10823813406134689,-603.8641072347115,-1679.548282350298,0.0,0.4444444444444444,0.0,-0.0943980586574756
1.2333333333333334,20.636105639676238,2.1272244000557157,20.74545587882006,-0.19685806889106583,-0.06888362757555859,0.05821436275322066,0.8637205244954907,-0.17360991511928048,79.56540148596233,-0.9661211769860709,0.10271983783527779,0.040381704596149925,0.10718329864356417,-563.7419825171829,-1664.1483891930923,0.0,0.4444444444444444,0.0,-0.10036959095382873
1.25,20.65094233965831,2.120623993745601,20.759539148033653,-0.19778595505847496,-0.05567317004454814,0.061518289963229625,0.8902019989243289,-0.39602437860687534,79.90981869780566,-0.9990979731572511,0.10233028389779873,0.03748147508973419,0.10593577470751143,-523.4591144579064,-1645.900388536962,0.0,0.4444444444444444,0.0,-0.10606601717798211
1.2666666666666666,20.66622521020485,2.110275195661996,20.773688306132176,-0.1984905435099799,-0.04227530709029694,0.06465359981653326,0.916972232792259,-0.6209278850163018,80.25442829108684,-1.032536753983047,0.10175956989255379,0.03457873041684806,0.10449594069513973,-483.0955312690024,-1624.7926886149173,0.0,0.4444444444444444,0.0,-0.1114717238216091
1.2833333333333332,20.681955736772462,2.0961460777196206,20.787908059180815,-0.198969252082652,-0.028722514360325434,0.06761169864675644,0.943831594056635,-0.8477470765425185,80.59923229459783,-1.0664231592504847,0.10100653599656201,0.03167897611172889,0.10286471213418244,-442.73127835519455,-1600.8193432988862,0.0,0.4444444444444444,0.0,-0.11657189421854558
1.3,20.69813198842558,2.0782145263149254,20.802202850363532,-0.1992200535642138,-0.015048088893707769,0.07038447851062041,0.9705750991869606,-1.0758930842817014,80.94423291456965,-1.100742344912719,0.10007051538843674,0.02878768291858616,0.1010435492828575,-402.4462299211871,-1573.980443945763,0.0,0.4444444444444444,0.0,-0.12135254915624209
1.3166666666666667,20.71474855864954,2.05646848015535,20.816576818918755,-0.1992414880919344,-0.0012860716632370484,0.0729643394112519,0.9969942134375007,-1.3047627695745294,81.28943252783128,-1.1354790037123847,0.09895134419731048,0.02591027851339074,0.09903446300700634,-362.3199026306912,-1544.2825400530808,0.0,0.4444444444444444,0.0,-0.1258005851918136
1.3333333333333333,20.731796537827236,2.0309061449729424,20.831033758686925,-0.1990326741576226,0.01252883605870854,0.07534421012924614,1.022878750661824,-1.5337401109444573,81.63483367385867,-1.1706173865652674,0.09764936998701432,0.023052139460529766,0.096840018726575,-322.43127199952454,-1511.7390826644164,0.0,0.4444444444444444,0.0,-0.12990381056766576
1.35,20.749263518763616,2.001536182581971,20.845577076715326,-0.19859331811386774,0.02636136262529211,0.077517567604388,1.0480188561827044,-1.7621977434582916,81.98043904571509,-1.2061413247370616,0.09616545865095007,0.020218583360140457,0.09446333827447871,-282.85859209952287,-1476.3708831799172,0.0,0.4444444444444444,0.0,-0.13365097862825517
1.3666666666666667,20.76713363633231,1.9683778716613614,20.86020975241934,-0.19792372207607137,0.040175762267783056,0.07947845481490627,1.0722070541217343,-1.9894986552365854,82.32625147989293,-1.242034252854027,0.09450099959618564,0.01741486113765703,0.0919080995206577,-243.67921903970603,-1438.2065789702713,0.0,0.4444444444444444,0.0,-0.13703181864639014
1.3833333333333333,20.785387641975028,1.9314612376049989,20.87493429784963,-0.19702479011569152,0.05393591762279056,0.08122149710525653,1.0952403385629663,-2.2149980433817467,82.67227394507732,-1.2782792327950216,0.09265790910074222,0.01464614942394582,0.08917853362768709,-204.969438579518,-1397.2830960040747,0.0,0.4444444444444444,0.0,-0.14003706397458024
1.4,20.804003013408835,1.890827148791812,20.889752719659754,-0.1958980326426628,0.06760544838172208,0.08274191691767835,1.116922286028487,-2.438045328791217,83.01850952986307,-1.3148589785173952,0.0906386317359581,0.011917542972506606,0.08627941982173047,-166.80429811981838,-1353.646097625898,0.0,0.4444444444444444,0.0,-0.142658477444273
1.4166666666666667,20.822954099492836,1.8465273766882093,20.904666483406153,-0.19454556887931512,0.08114782580086112,0.08403554688714894,1.137065165040202,-2.657986326216161,83.36496142946844,-1.3517558818722395,0.08844613975628558,0.009234047059686057,0.08321607758389664,-129.2574432139982,-1307.3504077169662,0.0,0.4444444444444444,0.0,-0.14488887394336025
1.4333333333333333,20.84221229977773,1.7986246173121427,20.919676480839932,-0.19297012733442692,0.09452649269329264,0.08509884126384108,1.155492017093715,-2.8741655625639932,83.71163293150208,-1.3889520394652706,0.08608393037193149,0.006600569814797452,0.07999435619202881,-92.40095864769253,-1258.4603957865047,0.0,0.4444444444444444,0.0,-0.14672214011007084
1.45,20.86174627781508,1.7471924717638996,20.934783000865323,-0.19117504419441408,0.107704988400771,0.08592888563177696,1.1720386822408044,-3.085928732894586,84.05852740085257,-1.4264292806178904,0.08355602083534432,0.004021914429549717,0.07662062157135321,-56.30521405413208,-1207.0503111340922,0.0,0.4444444444444444,0.0,-0.14815325108927063
1.4666666666666666,20.881522206843904,1.6923153837653873,20.949985704841044,-0.18916425955912855,0.12064707811713182,0.08652340489703977,1.186555741729465,-3.2926252799107325,84.40564826378396,-1.4641691964785901,0.08086694129056157,0.001502771200320413,0.07310174044382017,-21.038713965991438,-1153.2045531435301,0.0,0.4444444444444444,0.0,-0.149178284305241
1.4833333333333334,20.90150404600797,1.6340885324471381,20.965283606886,-0.1869423114623261,0.13331688580814732,0.08688076952364793,1.1989103498441094,-3.493611079094947,84.75299899133444,-1.5021531703276734,0.07802172535465782,-0.0009522906374118123,0.06944506179983255,13.332047844116245,-1097.017865062354,0.0,0.4444444444444444,0.0,-0.14979443021318609
1.5,20.921653844795905,1.5726176789786186,20.980675059818722,-0.1845143276315018,0.1456790298494583,0.087,1.208987927276027,-3.6882512081111702,85.10058308212886,-1.5403624091082635,0.07502589842268476,-0.0033388313157427657,0.06565839575167434,46.742729911964304,-1038.5954393238144,0.0,0.4444444444444444,0.0,-0.15
1.5166666666666666,20.94193207294722,1.5080189660487016,20.99615774730934,-0.18188601495836149,0.15769876038841826,0.08688076952364793,1.2166936890788587,-3.875922775795024,85.44840404472909,-1.5787779762037377,0.07188546371119514,-0.005652549206399862,0.0617499898645068,79.13128070592423,-978.0529236018713,0.0,0.4444444444444444,0.0,-0.14979443021318609
1.5333333333333332,20.962297972639824,1.440418669663244,21.01172868275369,-0.1790636466695007,0.16934209733164673,0.08652340489703977,1.2219539815561127,-4.056017783127456,85.79646537965816,-1.617380825466256,0.06860688608022798,-0.007889289771996807,0.05772850309736017,110.43807250357195,-915.5163183594731,0.0,0.4444444444444444,0.0,-0.149178284305241
1.55,20.982709929378203,1.3699529032274127,21.027384215291445,-0.17605404720663118,0.18057596777217058,0.08592888563177697,1.2247174043027143,-4.227945986149879,86.14477056124565,-1.6561518364831243,0.06519707369897283,-0.010045054798546976,0.05360297752211353,140.60603166709876,-851.1217586412382,0.0,0.4444444444444444,0.0,-0.14815325108927066
1.5666666666666667,21.003125857646157,1.2967672744115502,21.043120043285153,-0.17286457484659,0.19136834160247057,0.08509884126384108,1.2249556960772006,-4.391137728951749,86.49332301945068,-1.695071851047695,0.06166335764562873,-0.012116011898469808,0.04938280802197553,169.58076541570998,-785.0151752372628,0.0,0.4444444444444444,0.0,-0.14672214011007084
1.5833333333333333,21.0235035970827,1.2210164958491099,21.058931235456487,-0.16950310211298303,0.20168836401641957,0.08403554688714894,1.2226643661926428,-4.545046713746418,86.84212612182657,-1.7341217107797688,0.058013469556595594,-0.014098504259705852,0.04507771020141179,197.31068512898574,-717.3518330465646,0.0,0.4444444444444444,0.0,-0.14488887394336025
1.6,21.04380131469335,1.1428639512702954,21.074812259742735,-0.16597799405319505,0.211506483587279,0.08274191691767836,1.21786305663906,-4.689152674728869,87.19118315579635,-1.7732822958175094,0.05425551746342646,-0.015989060602478053,0.040697686765814686,223.74712613780113,-648.2957474170217,0.0,0.4444444444444444,0.0,-0.14265847744427304
1.6166666666666667,21.063977908428743,1.062481219221413,21.090757019793585,-0.16229808447614374,0.22079457462307764,0.08122149710525654,1.210595624123493,-4.822963922932936,87.54049731141086,-1.812534564479308,0.05039795997728412,-0.017784405291072544,0.036252992650577985,248.8444638721814,-578.0189823352506,0.0,0.4444444444444444,0.0,-0.14003706397458027
1.6333333333333333,21.08399340735461,0.980047557043129,21.106758898879733,-0.15847265026703916,0.22952605254627476,0.07947845481490629,1.2009299355519185,-4.946019730697045,87.89007166476074,-1.8518595937704367,0.04644957899937201,-0.019481468534169946,0.03175409919486426,272.5602261421515,-506.70083747191774,0.0,0.4444444444444444,0.0,-0.13703181864639016
1.65,21.10380936360591,0.8957493482665818,21.122810810835297,-0.1545113839150078,0.23767598112188196,0.07751756760438801,1.1889573750782647,-5.05789252659283,88.23990916221081,-1.8912386205863696,0.04241945115139892,-0.021077396594163397,0.027211657664664036,294.85520123221073,-434.5269341336578,0.0,0.4444444444444444,0.0,-0.1336509786282552
1.6666666666666667,21.12338923136582,0.8097795170212428,21.138905257509638,-0.15042436440723794,0.24522117046619094,0.07534421012924615,1.174792065594514,-5.15818987472034,88.59001260561868,-1.930653083443001,0.03831691813213062,-0.022569561913979436,0.022636462432383948,315.6935413965085,-361.68821300773936,0.0,0.4444444444444444,0.0,-0.12990381056766578
1.6833333333333333,21.142698728237608,0.7223369134205315,21.15503439206635,-0.1462220266588274,0.25214026490463326,0.07296433941125191,1.1585698123072685,-5.246556216042678,88.94038463869059,-1.9700846645442691,0.034151556214128256,-0.02395557305958524,0.01803941411604922,335.04286125403235,-288.3798590901704,0.0,0.4444444444444444,0.0,-0.12580058519181364
1.7,21.16170617458279,0.6336256741904301,21.171190087342012,-0.14191512966035155,0.2584138199085497,0.07038447851062044,1.1404467807108882,-5.322674353806083,89.2910277346151,-2.0095153319805275,0.029933145098655415,-0.025233284367999716,0.013431482970397247,352.87433050468894,-214.80017125414963,0.0,0.4444444444444444,0.0,-0.12135254915624213
1.7166666666666666,21.18038280667775,0.5438545630249838,21.18736400836908,-0.13751472353498298,0.2640243675221148,0.0676116986467565,1.1205979256974532,-5.386266669926783,89.64194418510073,-2.048927381836903,0.025671636346371648,-0.026400805184556418,0.00882367280505152,369.1627603212211,-141.14939545411448,0.0,0.4444444444444444,0.0,-0.11657189421854569
1.7333333333333334,21.198703059888054,0.4532362952856028,21.20354768807973,-0.1330321157035368,0.2689564698867722,0.06465359981653326,1.099215192618374,-5.437096064362863,89.99313609092631,-2.0883034799803055,0.02137712159688582,-0.02745650856964931,0.0042269856822096784,383.8866827208874,-67.62854150557422,0.0,0.4444444444444444,0.0,-0.1114717238216091
1.75,21.216644818466772,0.3619868517063375,21.21973260514329,-0.12847883635895252,0.27319676067505566,0.061518289963229646,1.0765055147232006,-5.474966614755917,90.34460535409379,-2.127626703287021,0.017059800781724224,-0.028399039354419023,-0.0003476123813347047,397.0284221867246,5.561796305210854,0.0,0.4444444444444444,0.0,-0.10606601717798216
1.7666666666666666,21.234189629041058,0.27032478572550855,21.235910262850812,-0.12386660345141925,0.2767339744519957,0.05821436275322071,1.0526886344571407,-5.499723958849735,90.69635367165228,-2.1668805800701563,0.012729950523113546,-0.02922732142688739,-0.004889224514518679,408.5741587919495,78.22259485246776,0.0,0.4444444444444444,0.0,-0.10036959095382882
1.7833333333333332,21.2513228753499,0.1784705289387808,21.25207226794765,-0.11920728738168906,0.2795589641838116,0.05475087402133589,1.027994778530444,-5.511255407203665,91.04838253124068,-2.2060491294677003,0.008397892895640522,-0.029940564134934178,-0.009387054735671732,418.51398208324224,150.1575150549713,0.0,0.4444444444444444,0.0,-0.09439805865747568
1.8,21.268033912323812,0.08664569896605884,21.26821040832785,-0.11451287559329075,0.28166470730389875,0.05113731694944518,1.0026622184346694,-5.509489798363317,91.40069320837318,-2.245116899557564,0.0040739647098733504,-0.030538267700118447,-0.013830438216462631,426.8419349987625,221.1739545318708,0.0,0.4444444444444444,0.0,-0.088167787843871
1.8166666666666667,21.284316158143024,-0.004927586247242252,21.284316728542038,-0.10979543724463298,0.2830463009194664,0.04738359604630735,0.9769347491528158,-5.494397112798065,91.75328676546988,-2.2840690039755094,-0.00023151254297266625,-0.03102022754650319,-0.0182088699795481,433.5560471340507,291.0840245475067,0.0,0.4444444444444444,0.0,-0.08169585525225405
1.8333333333333333,21.300167143462982,-0.09602738400484907,21.300383602131177,-0.10506708812973947,0.28370094689361014,0.04350000000000004,0.9510591191975396,-5.465987865456409,92.10616405261214,-2.322891156825102,-0.004508261967619619,-0.031386537461066344,-0.022512031979199647,438.6583567219287,359.7054381582746,0.0,0.4444444444444444,0.0,-0.07500000000000007
1.8499999999999999,21.315588517543702,-0.1864325889990035,21.31640379987867,-0.10033995600201936,0.2836279276632067,0.03949717347734058,0.9252824448432462,-5.424312299649265,92.45932570998126,-2.361569705685301,-0.008746079666943761,-0.03163759151663277,-0.02672981854841214,442.15492075932406,426.86229916145743,0.0,0.4444444444444444,0.0,-0.06809857496093204
1.8666666666666667,21.330586011552768,-0.27592357911733906,21.33237055317021,-0.09562614643951872,0.28282857375003845,0.03538608794759461,0.8998496405439528,-5.369459407100134,92.81277217191868,-2.4000916625406483,-0.01293486219635723,-0.03177408470414632,-0.03085236022769119,444.05581279255506,492.38578431104486,0.0,0.4444444444444444,0.0,-0.06101049646137002
1.8833333333333333,21.345169359821387,-0.36428284245705356,21.348277611759837,-0.09093770937302778,0.2813062239894561,0.031178011610441165,0.8750008961171823,-5.301555800382868,93.16650367252763,-2.438444732480616,-0.01706463301849152,-0.03179701223807508,-0.034870046019125266,444.3751079607344,556.1147141963165,0.0,0.4444444444444444,0.0,-0.053755192431795114
1.9,21.359352180311483,-0.4512955835339387,21.364119295358144,-0.08628660638073864,0.279066179537349,0.026884478510620445,0.8509692294057717,-5.22076446461311,93.52052025271941,-2.476617340038052,-0.021125567926826478,-0.03170766751635796,-0.03877354413389044,443.1308549924302,617.8960110689632,0.0,0.4444444444444444,0.0,-0.04635254915624215
1.9166666666666667,21.373151815993047,-0.536750307120667,21.37989053858043,-0.0816846788353552,0.27611565272300626,0.022517256923919298,0.8279781408938349,-5.127283415203695,93.8748217685931,-2.514598653061155,-0.025108019425841906,-0.03150763873409115,-0.04255382132160151,440.3450349513508,677.585044658352,0.0,0.4444444444444444,0.0,-0.038822856765378104
1.9333333333333333,21.38658913923044,-0.6204393785838872,21.395586928914735,-0.07714361697211478,0.2724637117944255,0.018088317101145106,0.8062393942435302,-5.021344287793212,94.22940790102533,-2.5523786040385232,-0.029002540072236186,-0.031198804167673438,-0.046202160885676156,436.04350663059313,735.0458695516387,0.0,0.4444444444444444,0.0,-0.03118675362266398
1.95,21.39968832163091,-0.7021595600035772,21.41120473748852,-0.07267492992950823,0.26812122255639237,0.013609798458500104,0.7859509440282658,-4.903210885181395,94.5842781663367,-2.589947908821906,-0.03279990479645461,-0.030783326162969173,-0.049710179500043535,430.2559386002083,790.1513599724047,0.0,0.4444444444444444,0.0,-0.023465169756034663
1.9666666666666666,21.4124765721168,-0.7817125217425295,21.426740942525534,-0.06828991679895038,0.26310078783347135,0.009093976304285923,0.7672950291534872,-4.7731777043371375,94.93943192789422,-2.6272980827158974,-0.036491132235987885,-0.03026364387682839,-0.053069842949172316,423.01572801788194,842.7832497231834,0.0,0.4444444444444444,0.0,-0.015679269490148143
1.9833333333333334,21.424983846244434,-0.8589053294820623,21.442193245487918,-0.06399963870555661,0.2574166856036262,0.004553228193136083,0.7504364476579167,-4.631568464371971,95.29486840850349,-2.664421453927417,-0.040067505121513435,-0.029642464835699794,-0.056273480915707524,414.35990641606446,892.8320866365467,0.0,0.4444444444444444,0.0,-0.007850393436441522
2.0,21.437242530008522,-0.9335509070467775,21.457560079991715,-0.05981489192976591,0.25108480654744203,2.168404344971009e-17,0.7355210258452095,-4.478734653882907,95.65058670344172,-2.701311174390049,-0.043520589763915436,-0.02892275538783181,-0.059313800938278614,404.3290327799676,940.197112096104,0.0,0.4444444444444444,0.0,-3.6739403974420595e-17
2.0166666666666666,21.449287101542943,-1.0054684756026215,21.472840613664676,-0.05574618206898538,0.2441225916468321,-0.0045532281931360405,0.7226742920651748,-4.315054113350639,96.00658579398112,-2.7379612279987526,-0.0468422546945638,-0.028107730136457225,-0.06218390165663903,392.9670743282864,984.7860770473683,0.0,0.4444444444444444,0.0,0.00785039343644145
2.033333333333333,21.46115377425941,-1.0744839700261821,21.48803474318329,-0.05180369922982661,0.23654897034952602,-0.009093976304285803,0.7120003629882269,-4.1409296654136405,96.36286456125343,-2.774366436308882,-0.05002468851304889,-0.027200840450282954,-0.06487728545263333,380.3212755018547,1026.51500643576,0.0,0.4444444444444444,0.0,0.01567926949014794
2.05,21.472880125058186,-1.140430433407858,21.503143082781218,-0.047997294234907256,0.22838429969516127,-0.013609798458499986,0.7035810479264702,-3.9567878029005588,96.71942180030838,-2.8105224617695965,-0.05306041699600154,-0.026205762154453117,-0.06738787058400827,366.44201575362865,1065.3079242111994,0.0,0.4444444444444444,0.0,0.023465169756034458
2.0666666666666664,21.484504711302627,-1.2031483907671603,21.518166946563788,-0.0443364558235958,0.21965030467868749,-0.018088317101144988,0.6974751746663762,-3.763077441558137,97.07625623422288,-2.846425808575465,-0.0559423195178614,-0.025126382509917028,-0.06971000289424523,351.3826568159999,1101.0965509583918,0.0,0.4444444444444444,0.0,0.031186753622663776
2.0833333333333335,21.496066680275895,-1.2624862031257715,21.53310832499457,-0.040830288823431066,0.21037002000988397,-0.02251725692391933,0.6937181383960793,-3.5602687415166745,97.43336652812273,-2.882073821231276,-0.05866364482970527,-0.023966786591836764,-0.07183846716584531,335.1993801976908,1133.8199858852556,0.0,0.4444444444444444,0.0,0.03882285676537816
2.1,21.507605374836373,-1.3183004031047283,21.54796985594041,-0.03748749326815645,0.2005677333164767,-0.0268844785106204,0.6923216736287957,-3.348851998737402,97.7907513029845,-2.9174646809337106,-0.06121802623574682,-0.02273124317837839,-0.07376849816728769,317.9510157315692,1163.4243843664594,0.0,0.4444444444444444,0.0,0.046352549156242075
2.1166666666666667,21.519159938961838,-1.3704560131884804,21.562754790673303,-0.03431634443924713,0.19026892973455928,-0.031178011610441123,0.6932738475277904,-3.1293366050251317,98.14840914909226,-2.952597399879631,-0.06359949619911903,-0.021424190260067384,-0.07549579142561934,299.69886205599045,1189.8626415310769,0.0,0.4444444444444444,0.0,0.053755192431795044
2.1333333333333333,21.530768926823598,-1.4188268477334252,21.577466955231834,-0.03132467381032584,0.17950023773527768,-0.03538608794759457,0.6965392717055354,-2.9022500726966776,98.506338639031,-2.9874718136143557,-0.06580250039930557,-0.020050220276989716,-0.07701651373771724,280.5064999648527,1213.0940915368506,0.0,0.4444444444444444,0.0,0.061010496461369954
2.15,21.542469918963146,-1.463295799695025,21.59211070754402,-0.028519850877790187,0.1682893759521391,-0.039497173477340546,0.7020595283728976,-2.668137117696001,98.86453834010678,-3.0220885715345065,-0.06782191125335267,-0.018614065186638315,-0.07832731341405266,260.4395996044219,1233.0842312184423,0.0,0.4444444444444444,0.0,0.06809857496093198
2.1666666666666665,21.55429914905686,-1.5037551129093696,21.606690890708702,-0.02590876586612996,0.1566651006996136,-0.04349999999999993,0.7097538056227091,-2.4275587928606654,99.2230068260917,-3.056449125658977,-0.06965304090202432,-0.017120581459340443,-0.07942533022962484,239.5657225275372,1249.8044757588275,0.0,0.4444444444444444,0.0,0.07499999999999989
2.183333333333333,21.56629114465042,-1.5401066405958312,21.62121278282591,-0.023497813302606734,0.1446571538113936,-0.04738359604630731,0.7195197356137548,-2.181091661187697,99.58174268820052,-3.090555717778436,-0.0712916536506065,-0.015574735091117849,-0.08030820503793148,217.95411963682307,1263.2319529322622,0.0,0.4444444444444444,0.0,0.081695855252254
2.2,21.578478385124487,-1.5722620905514033,21.63568204375979,-0.021292876463006424,0.13229621037601863,-0.0511373169494452,0.7312344284440142,-1.9293269973343214,99.9407445452142,-3.124411365088731,-0.0727339778423655,-0.01398158671574689,-0.08097408898570659,195.67552605755833,1273.3493413198946,0.0,0.4444444444444444,0.0,0.08816778784387104
2.216666666666667,21.590890980016745,-1.600143257288629,21.650104659211575,-0.019299312697862107,0.11961382590865889,-0.054750874021335855,0.7447556935354843,-1.6728700042335385,100.3000110526751,-3.1580198444068244,-0.07397671713095583,-0.012346276888873228,-0.0814216522489635,172.80195397690719,1280.1447567165976,0.0,0.4444444444444444,0.0,0.09439805865747562
2.2333333333333334,21.603556370672905,-1.62368224113228,21.66448688247682,-0.017521939656684103,0.10664238247068027,-0.05821436275322068,0.7599234393696737,-1.4123390306190673,100.65954091108685,-3.1913856750596787,-0.07501706110658392,-0.010674011607501956,-0.08165009219490921,149.4064844690296,1283.611689737818,0.0,0.4444444444444444,0.0,0.10036959095382876
2.25,21.616499058029397,-1.6428216540398213,21.678835174260815,-0.015965022436131963,0.09341503323312834,-0.06151828996322961,0.7765612413895338,-1.1483647744524788,101.01933287306186,-3.224514100527085,-0.07585269521969054,-0.00897004811821242,-0.08165914085981035,125.56305929482895,1283.748996403326,0.0,0.4444444444444444,0.0,0.1060660171779821
2.2666666666666666,21.62974035914276,-1.6575148116521876,21.693156140930153,-0.014632261686525302,0.07996564497639967,-0.06465359981653325,0.7944780668019245,-0.8815894567419811,101.37938574936823,-3.2574110689090476,-0.07648180993553631,-0.007239681057212094,-0.08144907162016028,101.34627362070191,1280.5609422240975,0.0,0.4444444444444444,0.0,0.11147172382160905
2.283333333333333,21.643298194873804,-1.667725910819733,21.707456471587065,-0.01352678271942439,0.06632873802605475,-0.06761169864675644,0.8134701438624358,-0.6126659500527236,101.73969841383774,-3.2900832122772767,-0.07690310904357654,-0.005488228955037519,-0.0810207049237794,76.83117054320903,1274.057299052195,0.0,0.4444444444444444,0.0,0.11657189421854558
2.3,21.657186910907065,-1.6734301915888805,21.721742874366353,-0.012651125667025566,0.052539423143929426,-0.07038447851062037,0.8333229619957189,-0.34225684614884755,102.1002698071061,-3.322537824958891,-0.07711581703710829,-0.0037210211284867956,-0.0803754129390433,52.09303823658459,1264.2534926750407,0.0,0.4444444444444444,0.0,0.12135254915624201
2.3166666666666664,21.671417134037082,-1.6746140823837719,21.73602201237278,-0.012007236751618923,0.038633334924398646,-0.07296433941125184,0.8538133878009233,-0.07103344769348507,102.46109893916679,-3.3547828407889067,-0.07711968547156939,-0.0019433849724024288,-0.07951512297452634,27.207210458710893,1251.1707978505813,0.0,0.4444444444444444,0.0,0.12580058519181353
2.3333333333333335,21.685995665380787,-1.6712753268800875,21.750300439698584,-0.011596460730155302,0.024646561287817198,-0.07534421012924616,0.8747118806222249,0.20032533022105492,102.8221848907303,-3.3868268093567546,-0.07691499820427199,-0.00016063365437481159,-0.07844231951822218,2.2488710600742166,1234.836576197143,0.0,0.4444444444444444,0.0,0.1299038105676658
2.35,21.70092541187988,-1.6634230908513676,21.76458453798628,-0.011419534584876125,0.010615568716750604,-0.077517567604388,0.8957847899454654,0.47113416172319444,103.18352681339108,-3.4186788712612968,-0.07650257541445477,0.0016219457935444659,-0.077160044745383,-22.707136958902908,1215.2845510840302,0.0,0.4444444444444444,0.0,0.13365097862825517
2.3666666666666667,21.716205357137177,-1.6510780470779214,21.77888045402922,-0.011476582535784695,-0.0034228770545141965,-0.07947845481490627,0.9167967154378929,0.7407026264067726,103.54512392861562,-3.45034873237886,-0.07588377630052297,0.0033991040002834816,-0.07567189734711124,-47.58649740155584,1192.5551124336464,0.0,0.4444444444444444,0.0,0.13703181864639014
2.3833333333333333,21.731830572287357,-1.6342724362510626,21.793194038930903,-0.011767112454297832,-0.017431795110788205,-0.08122149710525652,0.9375129090108275,1.0083366496115294,103.90697552557633,-3.4818466371400163,-0.07506050035137941,0.005165640419890427,-0.07398202953830349,-72.3156015071021,1166.69564316596,0.0,0.4444444444444444,0.0,0.1400370639745802
2.4,21.747792267235585,-1.6130501016871053,21.80753078937147,-0.012290013759535654,-0.03137407831426932,-0.08274191691767835,0.9577016968937218,1.273340073837436,104.26908095786781,-3.513183340803498,-0.07403518709097756,0.006916414162287318,-0.07209514211350221,-96.8217230370534,1137.7608579197433,0.0,0.4444444444444444,0.0,0.142658477444273
2.4166666666666665,21.76407788220905,-1.5874664955921336,21.821895791555068,-0.013043556879220835,-0.04521258718111085,-0.08403554688714891,0.9771368984079063,1.5350163656983018,104.63143963915378,-3.544370080710036,-0.07281081419976225,0.00864635452376357,-0.07001647743270589,-121.03318769765578,1105.8131437055624,0.0,0.4444444444444444,0.0,0.1448888739433602
2.433333333333333,21.78067121915855,-1.5575886545953026,21.83629366843205,-0.014025394355919481,-0.058910248601918756,-0.08509884126384107,0.9956002169699438,1.7926704598098606,104.99405103780505,-3.5754185464952837,-0.07139089392358165,0.010350471254274865,-0.06775181023619573,-144.8795368805071,1070.9228913206364,0.0,0.4444444444444444,0.0,0.14672214011007081
2.45,21.797552612123425,-1.523495142299872,21.850728530804187,-0.015232563676240013,-0.07243015921923192,-0.08592888563177697,1.0128835778926697,2.045610737725837,105.3569146706012,-3.6063408492396096,-0.06977946768998552,0.012023864601155912,-0.06530743620783644,-168.29168579533118,1033.1688057261379,0.0,0.4444444444444444,0.0,0.14815325108927066
2.466666666666667,21.814699135237483,-1.485275956690822,21.865203932926278,-0.016661491895520367,-0.08573569315682118,-0.08652340489703977,1.0287913868434329,2.2931511365429884,105.72003009558038,-3.637149489533523,-0.06798109886354356,0.0136617351699172,-0.062690158229883,-191.20207614942578,992.6381831951089,0.0,0.4444444444444444,0.0,0.149178284305241
2.4833333333333334,21.832084846611163,-1.443032400388015,21.879722833212455,-0.018308002123421045,-0.09879061367404071,-0.08688076952364793,1.0431426824209051,2.534613378168421,106.08339690413356,-3.667857324441043,-0.06600086358584001,0.015259393642295102,-0.05990727029873992,-213.54482359483055,949.4271429246864,0.0,0.4444444444444444,0.0,0.14979443021318609
2.5,21.84968106588248,-1.3968769119451974,21.894287560638023,-0.020167321926690192,-0.1115591881961488,-0.087,1.055773156278838,2.769329306569059,106.44701471245058,-3.6984775333494473,-0.06384433966196915,0.01681227038962403,-0.05696653909993366,-235.2558602146286,903.6408010066413,0.0,0.4444444444444444,0.0,0.15
2.5166666666666666,21.8674566827926,-1.3469328566667713,21.90889978739643,-0.022234093694216,-0.12400630605154848,-0.08688076952364793,1.0665370146073445,2.9966433167055637,106.81088315243584,-3.729023582702559,-0.06151759347344825,0.018315925015887163,-0.053876183271213504,-256.2730723521963,855.3933751955306,0.0,0.4444444444444444,0.0,0.14979443021318609
2.533333333333333,21.885378493719635,-1.2933342757434014,21.923560508324798,-0.024502386996427247,-0.13609759813267477,-0.08652340489703977,1.0753086556220808,3.2159148554021906,107.17500186222092,-3.7595091896259896,-0.05902716491717666,0.01976605585950994,-0.050644850414527376,-276.5364341004394,804.8082098242426,0.0,0.4444444444444444,0.0,0.149178284305241
2.55,21.903411562703653,-1.2362255928894645,21.938270027549915,-0.026965712956300566,-0.14779955759239916,-0.08592888563177699,1.0819841390410665,3.426520971236207,107.53937047640959,-3.789948284466367,-0.05638005039103593,0.021158509476164516,-0.04728159194987355,-295.9881367615317,752.0177115000432,0.0,0.4444444444444444,0.0,0.1481532510892707
2.5666666666666664,21.921519603126434,-1.175761278093422,21.953027952729446,-0.02961704063290154,-0.15907966059605855,-0.0850988412638411,1.0864824253668803,3.627858887762564,107.90398861619694,-3.8203549722823182,-0.053583683868505816,0.022489290116675803,-0.043795835935877186,-314.57271456148493,697.1631878627223,0.0,0.4444444444444444,0.0,0.14672214011007087
2.5833333333333335,21.939665375878803,-1.1121054685578617,21.967833197171075,-0.032448815400805055,-0.16990648607421066,-0.08403554688714894,1.0887463651421494,3.8193485721336122,108.2688558795098,-3.8507434933425353,-0.05064591612677682,0.02375456920473592,-0.040197358012510113,-332.23716685884943,640.3945836754709,0.0,0.4444444444444444,0.0,0.14488887394336025
2.6,21.95781109956539,-1.0454315473990048,21.982683990006638,-0.03545297929024508,-0.1802498333664016,-0.08274191691767836,1.088743421195099,4.000435269531423,108.63397183131785,-3.8811281827051873,-0.047574992214735344,0.02495069480876578,-0.036496250649776296,-348.93107702446986,581.8701108061146,0.0,0.4444444444444444,0.0,0.14265847744427304
2.6166666666666667,21.97591886806885,-0.9759216811842226,21.997577894480788,-0.0386209932338219,-0.19008083661460923,-0.08122149710525654,1.0864661102074364,4.170591972886931,108.99933599426556,-3.9115234289728478,-0.044379527268324996,0.02607420109118007,-0.03270289091155838,-364.6067280916708,521.755771181025,0.0,0.4444444444444444,0.0,0.14003706397458027
2.6333333333333333,21.993951070629986,-0.9037663178979038,22.012511834287167,-0.041943861146471674,-0.19937207475898672,-0.07947845481490626,1.0819321536683504,4.329321797179124,109.36494783977356,-3.941943632337395,-0.04106848080058312,0.027121817706827055,-0.028827906965359338,-379.21921518629506,460.22477447992287,0.0,0.4444444444444444,0.0,0.1370318186463901
2.65,22.011870809502607,-0.8291636474274705,22.02748212775233,-0.04541215574663303,-0.20809767600968118,-0.07751756760438805,1.0751843323571613,4.476160228226002,109.73080677975341,-3.9724031620495075,-0.037651129611568517,0.028090479110829243,-0.024882143585670438,-392.7265546468878,397.45685509685075,0.0,0.4444444444444444,0.0,0.13365097862825526
2.6666666666666665,22.02964231021657,-0.7523190271390676,22.042484529532498,-0.049016046008591635,-0.21623341571751623,-0.07534421012924619,1.0662900428378275,4.610677217304174,110.0969121590732,-4.002916313466766,-0.03413703947892874,0.028977333724813252,-0.020876626910581043,-405.089789640668,333.6374956212516,0.0,0.4444444444444444,0.0,0.12990381056766587
2.683333333333333,22.047231319532436,-0.6734443755533754,22.0575142793547,-0.052745326119305797,-0.2237568066428497,-0.07296433941125191,1.0553405589520688,4.7324790951415325,110.46326324890234,-4.033497264852473,-0.03053603580255763,0.02977975289996368,-0.016822528717609177,-416.27309197459465,268.9570666890414,0.0,0.4444444444444444,0.0,0.12580058519181364
2.7,22.06460548629668,-0.5927575375240197,22.07256615720531,-0.0565894457980476,-0.23064718072450838,-0.07038447851062044,1.0424500058547226,4.841210281761343,110.82985924105199,-4.064160034113458,-0.02685817338630687,0.03049533960583154,-0.012731130485354885,-426.2438596966518,203.60989541347155,0.0,0.4444444444444444,0.0,0.12135254915624213
2.716666666666667,22.081734720607177,-0.5104816246535204,22.08763454425071,-0.06053754182432852,-0.2368857615768554,-0.06761169864675647,1.027754058629733,4.936554772229958,111.19669924341439,-4.094918435678907,-0.02311370554577521,0.03112193676573371,-0.00861378750244398,-434.9728099843974,137.79327663278548,0.0,0.4444444444444444,0.0,0.11657189421854564
2.7333333333333334,22.098591526971195,-0.4268443349458213,22.102713488669178,-0.06457847060914942,-0.24245572708925378,-0.06465359981653329,1.011408381841034,5.018237382461949,111.56378227658813,-4.125786037733099,-0.019313052733659263,0.03165763515320086,-0.004481893274526504,-442.4340667292408,71.70644282202667,0.0,0.4444444444444444,0.0,0.11147172382160912
2.75,22.115151307477806,-0.3420772558836278,22.117796775484447,-0.06870084163688416,-0.24734226166408352,-0.0615182899632297,0.9935868303967678,5.086024743731611,111.93110727175987,-4.156776120022534,-0.015466770872980115,0.03210078075954044,-0.00034684446421140707,-448.6052421491104,5.549509643115502,0.0,0.4444444444444444,0.0,0.10606601717798225
2.7666666666666666,22.1313926314067,-0.2564151552289672,22.13287799942235,-0.07289305160025086,-0.25153259780200227,-0.05821436275322072,0.9744794357336274,5.139726039279637,112.298673069894,-4.187901632461965,-0.011585519583794569,0.03244998154037911,0.0037799934216731475,-453.4675117017464,-60.47758529475659,0.0,0.4444444444444444,0.0,0.10036959095382883
2.783333333333333,22.14729746814787,-0.170095263875101,22.14795063976398,-0.07714331904893118,-0.2550160469208194,-0.054750874021335896,0.9542902044701433,5.179193481231972,112.66647842226259,-4.219175154764156,-0.007680030480968007,0.032704113449169896,0.007887319407479028,-457.00568152789583,-126.17613284442471,0.0,0.4444444444444444,0.0,0.09439805865747569
2.8,22.162851380802206,-0.08335655502831078,22.163008136144164,-0.08143971937345612,-0.2577840194714961,-0.05113731694944518,0.9332347592601318,5.204322530807413,113.03452199232864,-4.250608857314703,-0.0037610757095452897,0.032862325668142095,0.011963929324191826,-459.20824762952907,-191.34967477783027,0.0,0.4444444444444444,0.0,0.088167787843871
2.8166666666666664,22.17804367836133,0.003560976127221366,22.178043964242065,-0.08577021994988593,-0.2598300345857881,-0.04738359604630749,0.9115378535474405,5.215051869331929,113.40280235897508,-4.2822144635060235,0.00016056312938433193,0.03292404495201681,0.015998746851849908,-460.06744598369124,-255.80498218459968,0.0,0.4444444444444444,0.0,0.0816958552522543
2.8333333333333335,22.192867524915496,0.0904170283233084,22.193051710331765,-0.09012271527738006,-0.26114971964964734,-0.043499999999999976,0.889430793249831,5.211363131765222,113.77131802105356,-4.314003213733849,0.004074125525191104,0.03288897900689006,0.019980853226494875,-459.57929280767485,-319.3529751882342,0.0,0.4444444444444444,0.0,0.07499999999999997
2.85,22.207320004900087,0.17697170195934067,22.20802514370267,-0.09448506194971326,-0.2617408003399928,-0.039497173477340525,0.8671487990754219,5.193280418161936,114.14006740320781,-4.345985831245465,0.007968901956784284,0.03275711883582727,0.023899515540049147,-457.7436142254864,-381.8095712356078,0.0,0.4444444444444444,0.0,0.06809857496093194
2.8666666666666667,22.22140214395365,0.2629861953200655,22.222958286021168,-0.09884511331281215,-0.26160308178593317,-0.03538608794759469,0.8449283432138485,5.1608696016434905,114.50904886290955,-4.378172490011918,0.011834263042843319,0.03252873999364749,0.02774421359160073,-454.56406463772925,-442.9964514084989,0.0,0.4444444444444444,0.0,0.061010496461370155
2.8833333333333333,22.235118885513334,0.34822348621972066,22.237845476782745,-0.10319075367307787,-0.2607384216159433,-0.031178011610441172,0.8230044935809747,5.114237453979308,114.87826069862862,-4.4105727847768925,0.01565968786060548,0.03220440270582456,0.03150466527707121,-450.0481331659008,-502.74173661957553,0.0,0.4444444444444444,0.0,0.05375519243179513
2.9,22.248479023808052,0.4324489964151949,22.252681434095248,-0.10750993193520884,-0.259150695727859,-0.026884478510620455,0.8016082976830158,5.053530611728456,115.24770115904515,-4.443195703413437,0.01943479136935485,0.03178495082001642,0.035170850530415125,-444.20713762539816,-560.8805680932616,0.0,0.4444444444444444,0.0,0.046352549156242165
2.9166666666666665,22.261495094417555,0.5154312365328729,22.26746131013526,-0.1117906945630065,-0.25684575766785933,-0.02251725692391931,0.7809642365701239,4.978934407060682,115.61736845319915,-4.4760496016967055,0.023149350892896593,0.03127150957309288,0.03873303385273826,-437.05620557735585,-617.2555890994896,0.0,0.4444444444444444,0.0,0.03882285676537812
2.933333333333333,22.274183224040016,0.5969424296640412,22.282180740727306,-0.11602121777180428,-0.2538313925278674,-0.018088317101145193,0.7612877773477212,4.8906715878700995,115.98726076146282,-4.509142180576926,0.026793331632378205,0.030665482171277,0.042181785485559,-428.6142421155155,-671.7173274169917,0.0,0.4444444444444444,0.0,0.031186753622664126
2.95,22.286562941546503,0.6767591121915085,22.29683588860644,-0.12018983887628673,-0.2501172662689473,-0.01360979845850004,0.7427830503893132,4.7890009516480365,116.35737624721267,-4.542480466012474,0.03035691119643971,0.029968545195746425,0.04550800130054626,-418.90388415813703,-724.1244803740706,0.0,0.4444444444444444,0.0,0.023465169756034552
2.966666666666667,22.298656952793703,0.7546627108055667,22.31142348003496,-0.12428508673217081,-0.24571487135304454,-0.009093976304285779,0.7256406748320199,4.67421591684349,116.72771306907258,-4.576070791398737,0.0338305031495137,0.029182642860404083,0.04870292149026413,-407.95144113441233,-774.344106483141,0.0,0.4444444444444444,0.0,0.015679269490147897
2.9833333333333334,22.310490882014015,0.8304400950418088,22.325940834551265,-0.1282957112241574,-0.24063746951919424,-0.0045532281931361706,0.7100357532187507,4.5466430541745275,117.09826939359492,-4.609918782604827,0.03720477959090687,0.02830998016215623,0.05175814815268535,-395.78682207733516,-822.2517295996965,0.0,0.4444444444444444,0.0,0.007850393436441673
3.0,22.32209298290329,0.9038841050190496,22.340385887730015,-0.13221071176542407,-0.23490003247600022,-3.209238430557093e-17,0.6961260533563813,4.406640598634445,117.4690434082448,-4.6440293456077395,0.040470692786905606,0.027353014976657666,0.054665661866568904,-382.4434492588346,-867.7313631609145,0.0,0.4444444444444444,0.0,5.510910596163089e-17
3.0166666666666666,22.33349382278091,0.9747940543664111,22.35475720692625,-0.13601936478547347,-0.2285191812029644,0.004553228193136107,0.6840503926571047,4.254596960841689,117.8400333345523,-4.678406656692478,0.043619495885465015,0.026314449163807218,0.05741783735539935,-367.95815862571425,-910.6754633728301,0.0,0.4444444444444444,0.0,-0.007850393436441564
3.033333333333333,22.34472594340557,1.0429762085996166,22.369054000060146,-0.13971125019318173,-0.22151312446249585,0.009093976304285717,0.6739272374796541,4.090929253992336,118.21123744129875,-4.713054155167416,0.046642762748035055,0.02519721875711123,0.060007458334705555,-352.37108741495103,-950.984821210596,0.0,0.4444444444444444,0.0,-0.01567926949014779
3.05,22.355823502194507,1.108244239434069,22.38327611757294,-0.14327627681027386,-0.213901597025527,0.013609798458499975,0.6658535273362565,3.9160818500671426,118.58265405760612,-4.747974538527008,0.049532406935784985,0.02400448331922412,0.062427731631530106,-335.725549442494,-988.5684037783952,0.0,0.4444444444444444,0.0,-0.02346516975603444
3.0666666666666664,22.366821897716434,1.1704196557040176,22.397424047747673,-0.1467047067771051,-0.20570579800987426,0.018088317101144977,0.6599037313156721,3.730524976196918,118.95428158580233,-4.783169759979058,0.05228069988799736,0.022739614552412257,0.06467230065596404,-318.0678986691559,-1023.3431559584541,0.0,0.4444444444444444,0.0,-0.03118675362266376
3.0833333333333335,22.377757383411705,1.229332211691836,22.411498905640833,-0.14998717893751917,-0.19694832962484476,0.02251725692391925,0.6561291417162414,3.5347533592691,119.32611851394044,-4.818641028241291,0.0548802883288487,0.021406184257318567,0.06673525829338513,-299.44738174905433,-1055.2337733840513,0.0,0.4444444444444444,0.0,-0.03882285676537802
3.1,22.388666673539998,1.284820293758961,22.42550241591335,-0.1531147312127002,-0.187653136510862,0.026884478510620393,0.6545574076975933,3.3292849240274984,119.69816342785538,-4.8543888095020025,0.05732421093534576,0.020007951736238105,0.06861115927274064,-279.915980359148,-1084.1724576261577,0.0,0.4444444444444444,0.0,-0.04635254915624206
3.1166666666666667,22.399586545369118,1.336731286211147,22.43943688988244,-0.15607882197539139,-0.17784544576147115,0.031178011610441116,0.6551923097472974,3.1146595471311582,120.07041502264836,-4.890412831432196,0.059605914294042404,0.018548850738171172,0.07029503205130455,-259.5282441912502,-1110.0986641168317,0.0,0.4444444444444444,0.0,-0.05375519243179503
3.1333333333333333,22.410553441600985,1.384921917326897,22.453305197140715,-0.1588713504357087,-0.1675517076190401,0.035386087947594624,0.6580137739119566,2.8914378669449974,120.44287211349598,-4.926712089131685,0.06171926816753919,0.017032976042285763,0.0717823902402134,-238.3411155594805,-1132.958852774975,0.0,0.4444444444444444,0.0,-0.06101049646137005
3.15,22.421603076985086,1.4292585864314873,22.46711073210695,-0.16148467604815012,-0.15679953674648398,0.03949717347734047,0.6629781230461503,2.660200146275422,120.8155336456881,-4.9632848528892834,0.06365858008389816,0.01546456977419585,0.07306924357813069,-216.4137466353276,-1152.706250580805,0.0,0.4444444444444444,0.0,-0.06809857496093184
3.1666666666666665,22.432770052997867,1.4696176728127137,22.480857375885854,-0.16391163694642952,-0.14561765389676326,0.04349999999999992,0.6700185607668809,2.4215451828735803,121.18839870380623,-5.000128677637134,0.06541860925322808,0.013848007545776489,0.07415210844298223,-193.8073103683896,-1169.3006344916112,0.0,0.4444444444444444,0.0,-0.07499999999999987
3.183333333333333,22.444087484370222,1.5058858271516722,22.494549453822817,-0.1661455674086092,-0.13403582773078015,0.047383596046307305,0.6790458823412687,2.176089260337511,121.5614665199612,-5.03724041398143,0.06699457980605433,0.012187784504241635,0.0750280178741998,-170.5848061826724,-1182.708142127138,0.0,0.4444444444444444,0.0,-0.08169585525225398
3.2,22.455586641126136,1.5379602459863178,22.50819168914635,-0.16818031434983274,-0.12208481647341292,0.05113731694944513,0.6899494053548288,1.9244651300787328,121.93473648101714,-5.074616220696034,0.06838219333792626,0.010488501370059536,0.07569453106065016,-146.8108615552857,-1192.9011165990185,0.0,0.4444444444444444,0.0,-0.08816778784387092
3.216666666666667,22.46729660965413,1.5657489295413554,22.521789153096517,-0.1700102528339553,-0.10979630904735332,0.05475087402133585,0.7025981116796852,1.6673210133022545,122.30820813473541,-5.11225157857162,0.06957764073427845,0.008754850536157467,0.07614974223273861,-122.55153058621487,-1199.8579907321096,0.0,0.4444444444444444,0.0,-0.09439805865747561
3.2333333333333334,22.479243976170146,1.589170923049752,22.535347211943474,-0.17163030058871453,-0.09720286528555439,0.05821436275322067,0.716841990960916,1.405319610503801,122.68188119478071,-5.150141305520783,0.07057761323908944,0.006991602292934038,0.07639228888137797,-97.87409065412578,-1203.563214740296,0.0,0.4444444444444444,0.0,-0.10036959095382875
3.25,22.49145253574584,1.6081565414636687,22.548871471307834,-0.17303593150197694,-0.08433785479574346,0.06151828996322966,0.732513574541571,1.1391371048350034,123.05575554453844,-5.188279572848727,0.07137931272061236,0.005203591235039835,0.07642135921191086,-72.84683822404169,-1204.0072301863722,0.0,0.4444444444444444,0.0,-0.10606601717798218
3.2666666666666666,22.50394302986973,1.622647577211118,22.562367718203948,-0.17422318806922385,-0.07123539403481477,0.06465359981653324,0.7494296474334903,0.8694621448469493,123.42983123970049,-5.226659922609551,0.07198046107761971,0.0033957028968805147,0.0762366987279664,-47.53888482848869,-1201.1864917841835,0.0,0.4444444444444444,0.0,-0.11147172382160904
3.283333333333333,22.51673291527969,1.6325974904047003,22.575841861239983,-0.1751886927550095,-0.05793028114713927,0.06761169864675642,0.7673931245974301,0.5969947916149334,123.80410850958437,-5.265275285979451,0.0723793087204422,0.0015728606545161034,0.07583861582891344,-22.01995418497703,-1195.103537299385,0.0,0.4444444444444444,0.0,-0.11657189421854557
3.3,22.529836166553252,1.6379715806562334,22.589299869424206,-0.17592965822382678,-0.044457928129037115,0.07038447851062041,0.786195076413731,0.3224454150919899,124.17858775715858,-5.304118002590037,0.07257464205281537,-0.00025998707774477214,0.07522798629532684,3.639818659472649,-1185.7671044812241,0.0,0.4444444444444444,0.0,-0.12135254915624208
3.3166666666666664,22.54326311466662,1.6387471394021393,22.602747710045946,-0.176443896388859,-0.03085428990193341,0.0729643394112518,0.8056168868019147,0.04653352475435513,124.5532695577555,-5.343179840777232,0.07256578987340138,-0.002097879337064665,0.07440625652998789,29.370085350425384,-1173.1922926209622,0.0,0.4444444444444444,0.0,-0.12580058519181345
3.3333333333333335,22.557020323433115,1.6349135814055475,22.616191286121516,-0.17672982622067743,-0.017155789909105816,0.07534421012924616,0.8254325259896518,-0.23001347979551,124.92815465646167,-5.382452018713463,0.0723526286100434,-0.003935854778177886,0.07337544541765444,55.10047870312581,-1157.4007649945245,0.0,0.4444444444444444,0.0,-0.1299038105676658
3.35,22.571110505407304,1.626472553878875,22.629636373919695,-0.17678648025226762,-0.003399241895411376,0.07751756760438801,0.845410918451434,-0.5064616516003521,125.3032439641845,-5.421925226402877,0.07193558629554404,-0.005768963514587999,0.07213814466540686,80.76080302607174,-1138.4209871225708,0.0,0.4444444444444444,0.0,-0.1336509786282552
3.3666666666666667,22.58553247849157,1.613438021471939,22.64308856110687,-0.1766135097120314,0.010378232414172888,0.07947845481490624,0.8653183850558521,-0.7820719444161582,125.67853855240388,-5.461589648530668,0.0713156451912332,-0.007592278641660802,0.07069751748701308,106.28121979177213,-1116.2884944891698,0.0,0.4444444444444444,0.0,-0.13703181864639008
3.3833333333333333,22.60028116410834,1.5958363252022576,22.65655318607809,-0.1762111882128112,0.02413928995321248,0.08122149710525652,0.8849211370061248,-1.0561017761808862,126.05403964662725,-5.501434988168107,0.07049434296398344,-0.009400907455746316,0.06905729549963947,131.5924282678222,-1091.0461821241206,0.0,0.4444444444444444,0.0,-0.1400370639745802
3.4,22.61534762740446,1.5737062132727606,22.670035279064784,-0.17558041392270593,0.03784645740631609,0.08274191691767835,0.9039877977673195,-1.3278067157698152,126.42974861857749,-5.541450491344118,0.06947377232379787,-0.011190002389921225,0.06722177370949016,156.62584083458447,-1062.7446073018568,0.0,0.4444444444444444,0.0,-0.142658477444273
3.4166666666666665,22.63071915953593,1.5470988416340223,22.683539505632094,-0.174722710142669,0.051462226802216765,0.08403554688714894,0.9222919278881492,-1.5964422983242998,126.80566697715378,-5.58162497250201,0.0682565790327648,-0.012954771692355316,0.06519580347465315,181.31375282638916,-1031.4422955746338,0.0,0.4444444444444444,0.0,-0.14488887394336025
3.433333333333333,22.646379401644158,1.516077742109151,22.697070113195924,-0.17364022421675554,0.06494915555480672,0.08509884126384105,0.9396145264936641,-1.861265971492286,127.18179635821731,-5.6219468408659194,0.0668459582021341,-0.014690489877542623,0.062984783348557,205.58950683837045,-997.2060394760448,0.0,0.4444444444444444,0.0,-0.1467221401100708
3.4499999999999997,22.662308509682497,1.4807187559147017,22.710630881200665,-0.17233572470355474,0.07826997079204866,0.08592888563177696,0.9557464823002543,-2.1215391716669583,127.55813851326604,-5.662404127745422,0.06524564880256842,-0.016392507983571183,0.060594647725905934,229.38765153779514,-960.1111785424462,0.0,0.4444444444444444,0.0,-0.14815325108927063
3.466666666666667,22.67848335878819,1.4411099304844515,22.72422507560101,-0.17081259674190558,0.09138767769894902,0.08652340489703977,0.9704909463416052,-2.376529525815011,127.93469529707438,-5.702984514808449,0.06345992632325188,-0.0180562636701284,0.058031853234569546,252.64409510420336,-920.241848845252,0.0,0.4444444444444444,0.0,-0.149178284305241
3.4833333333333334,22.694877785425682,1.3973513776373854,22.737855408283192,-0.16907483555052277,0.104265671482968,0.08688076952364791,0.9836655982495165,-2.6255131708239685,128.31146865438666,-5.7436753633518425,0.06149359352843197,-0.019677291191966692,0.055303362841364216,275.29625349426294,-877.6911900460491,0.0,0.4444444444444444,0.0,-0.14979443021318606
3.5,22.711462865058365,1.34955509132807,22.75152400204115,-0.167127038009673,0.11686785245098649,0.087,0.9951047779611211,-2.867777178558923,128.68846060576527,-5.784463744595532,0.059351969274997175,-0.02125123128102803,0.05241662766656812,297.2831937826777,-832.5614981152347,0.0,0.4444444444444444,0.0,-0.15
3.5166666666666666,22.728207222644595,1.2978447234763086,22.765232361689815,-0.16497439228351848,0.1291587435692704,0.08688076952364791,1.0046614551737902,-3.10262207110568,129.0656732327066,-5.825336471020391,0.057040875371649744,-0.022773840967326958,0.04937956653085075,318.54577286803874,-784.964312323318,0.0,0.4444444444444444,0.0,-0.14979443021318606
3.533333333333333,22.745077372807653,1.2423553166912662,22.77898135184973,-0.1626226654541,0.14110360976510924,0.08652340489703979,1.0122090097834244,-3.3293644071025494,129.44310866214923,-5.866280128761251,0.05456662147884822,-0.0242410033640353,0.04620054328845239,339.02677185091017,-735.0204259427438,0.0,0.4444444444444444,0.0,-0.14917828430524102
3.55,22.762038086106877,1.1832329930788357,22.792771181874535,-0.16007818915202437,0.15266857812453788,0.08592888563177699,1.0176427979534828,-3.5473394167458365,129.82076905051002,-5.9072811110555055,0.051935988068623526,-0.02564873743605943,0.042888342031212084,358.6710263900489,-682.8598112956994,0.0,0.4444444444444444,0.0,-0.1481532510892707
3.5666666666666664,22.77905277744672,1.1206345987435813,22.806601398314573,-0.15734784318454997,0.1638207580484648,0.0850988412638411,1.0208814803905575,-3.7559036601152616,130.19865656739236,-5.948325652734299,0.04915620748420819,-0.026993207763864227,0.03945214027863357,377.42555332155007,-628.6214513439111,0.0,0.4444444444444444,0.0,-0.14672214011007087
3.5833333333333335,22.79608391231092,1.0547273040598808,22.820470885217293,-0.15443903717866206,0.17452836035327543,0.08403554688714894,1.021868091852057,-3.9544376810220268,130.57677337912008,-5.989399865727827,0.04623494316069408,-0.02827073430553278,0.03590148029876665,395.23967378555915,-572.4530719176415,0.0,0.4444444444444444,0.0,-0.14488887394336025
3.6,22.81309342620875,0.985688160280857,22.834377872459033,-0.1513596902745789,0.18476081424498875,0.08274191691767838,1.020570833869829,-4.142348626741426,130.9551216322563,-6.030489775538957,0.04318026708914125,-0.02947780215027128,0.03224623873241559,412.0651330474691,-514.5107708833303,0.0,0.4444444444444444,0.0,-0.14265847744427307
3.6166666666666667,22.830043152477234,0.9137036135667588,22.848319952185054,-0.14811820892355618,0.19448888106136356,0.08122149710525654,1.016983576109037,-4.319072802845896,131.33370343727074,-6.071581358620779,0.04000063562716059,-0.030611071246026474,0.028496594718230836,427.8562171272398,-454.9585429956193,0.0,0.4444444444444444,0.0,-0.14003706397458027
3.6333333333333333,22.846895253404636,0.8389689780338576,22.862294103307885,-0.14472346286244892,0.20368476366643615,0.07947845481490627,1.0111260556441297,-4.48407813197407,131.71252085252198,-6.112660580574136,0.036704863778438505,-0.03166738607288069,0.02466299673780534,442.56986626433667,-393.96770179686376,0.0,0.4444444444444444,0.0,-0.13703181864639014
3.65,22.863612649532215,0.7616878699371603,22.876296723881225,-0.1411847593558066,0.21232221039853857,0.07751756760438805,1.003043767654624,-4.63686648580184,132.09157586871999,-6.153713435061264,0.03330209808142633,-0.03264378522275762,0.020756128417281392,456.1657851498885,-331.7162026290412,0.0,0.4444444444444444,0.0,-0.13365097862825526
3.6666666666666665,22.880159441957833,0.6820716055915264,22.890323671031094,-0.13751181581386135,0.22037661251671523,0.07534421012924619,0.9928075455370339,-4.77697586073804,132.47087039403203,-6.194725983311959,0.02980178826297708,-0.033537510835070915,0.016786873534594553,468.606549755593,-268.3878735126922,0.0,0.4444444444444444,0.0,-0.12990381056766587
3.683333333333333,22.896501322509426,0.6003385660926354,22.904370307991748,-0.13371473091117062,0.2278250941614442,0.07296433941125192,0.9805128330955875,-4.90398236993346,132.85040623998958,-6.2356843940796525,0.026213657825630163,-0.03434601782764544,0.012766280488905489,479.85771048437124,-204.17156322326775,0.0,0.4444444444444444,0.0,-0.12580058519181367
3.6999999999999997,22.912605966779466,0.5167135323089911,22.918431557664874,-0.12980395434546324,0.23464659394244175,0.07038447851062044,0.9662786562024076,-5.01750202701866,133.23018510834518,-6.276574983887129,0.02254767374714757,-0.03506698285290347,0.008705526490740424,489.8878912646295,-139.2602182552043,0.0,0.4444444444444444,0.0,-0.12135254915624215
3.716666666666667,22.928443405212633,0.4314269939674425,22.932501962000625,-0.1257902553890167,0.240821937386793,0.06761169864675647,0.9502463059899049,-5.117192300492915,133.61020857901823,-6.317384257385773,0.018814015477512585,-0.035698312901292904,0.004615881727807858,498.66888411208714,-73.84990241202509,0.0,0.4444444444444444,0.0,-0.11657189421854565
3.7333333333333334,22.94398636771488,0.34471443693801535,22.94657574639231,-0.12168469039532633,0.24633389962142196,0.06465359981653329,0.932577750134823,-5.202753421765629,133.9904780992551,-6.3580989476387835,0.01502304342174162,-0.03623815346755034,0.0005086737525112545,506.17573859390325,-8.138774411930628,0.0,0.4444444444444444,0.0,-0.11147172382160912
3.75,22.95921059759819,0.25681561303183265,22.960646888185924,-0.11749856943164574,0.2511672578208348,0.06151828996322971,0.9134537929984501,-5.273929434370962,134.37099497411396,-6.398706056128111,0.011185267096471031,-0.03668489619092111,-0.0036047476768450337,512.3868455526049,57.67395991587652,0.0,0.4444444444444444,0.0,-0.10606601717798227
3.7666666666666666,22.974095131084745,0.16797379675370094,22.974709188334195,-0.11324342221299102,0.2553088331192835,0.05821436275322073,0.8930720091932963,-5.330508976687903,134.75176035836708,-6.4391928922773465,0.007311313144423738,-0.037037185878106775,-0.007713045087757139,517.2840143846902,123.38910359662326,0.0,0.4444444444444444,0.0,-0.10036959095382884
3.783333333333333,22.98862253905905,0.07843503349631907,22.988756345174775,-0.10893096351531312,0.2587475218606741,0.0547508740213359,0.8716444784584557,-5.372325795442912,135.13277524989545,-6.479547112278663,0.0034118933837080576,-0.03729392681762918,-0.011804926927249925,520.8525431230113,188.80851525584137,0.0,0.4444444444444444,0.0,-0.0943980586574757
3.8,23.00277912826683,-0.011552616373516775,23.002782029284482,-0.10457305824474449,0.2614743162341179,0.051137316949445184,0.8493953524666702,-5.399258992190151,135.51404048462948,-6.519756757011323,-0.0005022269412658752,-0.03745428829654805,-0.015869180172412744,523.0812805444931,253.7361296694706,0.0,0.4444444444444444,0.0,-0.08816778784387101
3.8166666666666664,23.016555099705148,-0.1017398332018393,23.016779958356967,-0.10018168633620347,0.26348231451246057,0.0473835960463075,0.8265582862990449,-5.411233009699352,135.89555673307032,-6.559810288842306,-0.004420260553274801,-0.037517709235046506,-0.01989470178045943,523.9626795164788,317.9789360622204,0.0,0.4444444444444444,0.0,-0.08169585525225431
3.8333333333333335,23.02994466251805,-0.19187678936168126,23.03074397106918,-0.09576890764836708,0.2647667212701832,0.04349999999999999,0.8033737687741827,-5.408217369590518,136.27732449840408,-6.599696627106121,-0.008331429041198626,-0.037483901861200174,-0.023870528870324884,523.492840806008,381.3478994875571,0.0,0.4444444444444444,0.0,-0.07499999999999998
3.85,23.042946102294657,-0.28171389230355653,23.04466809894153,-0.0913468270133502,0.265324838101013,0.03949717347734053,0.7800863865963129,-5.390226176512518,136.6593441162016,-6.639405182070796,-0.012224993142073207,-0.03735285435711852,-0.027785867557542036,521.6715466064519,443.65881241595105,0.0,0.4444444444444444,0.0,-0.06809857496093195
3.8666666666666667,23.05556180325139,-0.3710025157630069,23.058546635255375,-0.08692755958867664,0.26515604548041366,0.0353860879475947,0.756942057403875,-5.357317407567022,137.0416157556753,-6.678925887210015,-0.016090282301823425,-0.03712483241833556,-0.03163012039341701,518.5022830839227,504.7330657752771,0.0,0.4444444444444444,0.0,-0.061010496461370176
3.8833333333333333,23.06779822435621,-0.4594957159038956,23.072374200167296,-0.08252319664666488,0.2642617765207053,0.031178011610441186,0.7341852662892775,-5.30959200845332,137.42413942244622,-6.7182492296170855,-0.01991672342865397,-0.03680037968056617,-0.03539291238750853,513.9922513107267,564.398331038771,0.0,0.4444444444444444,0.0,-0.05375519243179515
3.9,23.07966583001078,-0.5469489295689681,23.086145801248932,-0.07814577192258619,0.2626454834447218,0.026884478510620466,0.7120563392742255,-5.247192819904349,137.8069149627555,-6.7573662784144695,-0.0236938687715687,-0.03638031698136775,-0.03906411561838439,508.15236603267635,622.489147447441,0.0,0.4444444444444444,0.0,-0.046352549156242186
3.9166666666666665,23.09117897643795,-0.63312065222526,23.099856888781023,-0.07380722862831135,0.26031259765649084,0.022517256923919322,0.6907887856302684,-5.170303359377515,138.18994206903926,-6.79626871103252,-0.027411422874532573,-0.03586574043850066,-0.04263387246095375,500.997241809489,678.8474109916821,0.0,0.4444444444444444,0.0,-0.038822856765378146
3.933333333333333,23.102355755419772,-0.7177730936195774,23.113503405236976,-0.06951938722307398,0.25727048431424226,0.018088317101145203,0.6706067389094157,-5.079146483659045,138.5732202867698,-6.834948837252285,-0.031059268573919285,-0.035258018341484926,-0.04609261747886703,492.54516617059164,733.3227642727074,0.0,0.4444444444444444,0.0,-0.031186753622664147
3.9499999999999997,23.11321779748944,-0.8006728095873152,23.1270818285013,-0.06529391401785964,0.2535283923128608,0.013609798458500202,0.6517225241800526,-4.973982958064269,138.95674902245509,-6.873399620929342,-0.034627492022697555,-0.03455878686760501,-0.04943109804718015,482.8180595399568,785.772888739168,0.0,0.4444444444444444,0.0,-0.023465169756034833
3.966666666666667,23.123790037095052,-0.8815913088758804,23.14058920847829,-0.06114229067517187,0.24909740056126617,0.00909397630428579,0.6343343763367427,-4.8551099573139105,139.3405275526763,-6.911614699338053,-0.03810640673896171,-0.033769944648064744,-0.05264039378347539,471.8414218010106,836.0637029809767,0.0,0.4444444444444444,0.0,-0.015679269490147914
3.9833333333333334,23.134100442620973,-0.9603056342425379,23.154023196853583,-0.057075784651882636,0.24399036139735417,0.004553228193136181,0.6186243315552908,-4.72285952199945,139.72455503403617,-6.949588400097867,-0.04148657668864347,-0.03289364622377788,-0.05571193487482393,459.64426549372075,884.0694727079292,0.0,0.4444444444444444,0.0,-0.007850393436441692
4.0,23.144179714472273,-1.0365989174573806,23.1673820698728,-0.05310542061985227,0.23822184192182216,4.2500725161431774e-17,0.6047563110779287,-4.5775969928905615,140.10883051388333,-6.987315755664929,-0.04475883842236098,-0.03193229444309947,-0.05863751939338948,446.2590357587096,929.6728397071194,0.0,0.4444444444444444,0.0,-7.347880794884119e-17
4.016666666666667,23.154060954699126,-1.110260908178436,23.180664744095495,-0.04924195288726014,0.23180806395552767,-0.004553228193136096,0.5928744136111559,-4.419719443263318,140.49335294167426,-7.024792515392878,-0.04791432229425039,-0.03088853186539168,-0.061409329695231406,431.72151726560867,972.7647784369466,0.0,0.4444444444444444,0.0,0.007850393436441545
4.033333333333333,23.163779311861855,-1.1810884769621193,23.19387078516762,-0.045495838833322234,0.22476684323627436,-0.009093976304285704,0.5831014297637342,-4.249654127020989,140.87812118083176,-7.0620151551858905,-0.05094447279623689,-0.029765231244437793,-0.06401994799517928,416.0707284826957,1013.2444899670303,0.0,0.4444444444444444,0.0,0.01567926949014777
4.05,23.173371605015124,-1.2488860929241274,23.20700040973026,-0.04187721336043205,0.21711752837341125,-0.013609798458499967,0.5755375891960663,-4.067856957720492,141.26313402095823,-7.098980884784482,-0.05384106804454716,-0.028565485174235447,-0.06646237120579314,399.34880376083214,1051.0192437150065,0.0,0.4444444444444444,0.0,0.023465169756034427
4.066666666666666,23.182875930824018,-1.3134662767705425,23.22005448064653,-0.038395864360838756,0.20888093997559762,-0.018088317101144967,0.5702595485336102,-3.874811030784897,141.64839019026303,-7.135687652740158,-0.05659623845641363,-0.02729259498647548,-0.06873002512071769,381.6008638148325,1086.0041778753512,0.0,0.4444444444444444,0.0,0.031186753622663738
4.083333333333333,23.19233125791806,-1.3746500300746798,23.23303449578181,-0.03506120918981272,0.20007931026156237,-0.02251725692391924,0.5673196256424818,-3.671025198248234,142.03388836806556,-7.172134149148274,-0.059202484653985456,-0.025950058993987495,-0.07081677801254124,362.8748752882323,1118.1220696022388,0.0,0.4444444444444444,0.0,0.038822856765378
4.1,23.20177701264455,-1.4322672417814963,23.24594257061566,-0.03188227213383888,0.19073622335843038,-0.026884478510620233,0.5667452835892542,-3.4570327024089877,142.4196271972394,-7.208319806219593,-0.0616526946295937,-0.02454156017760478,-0.0727169537029543,343.22150018171976,1147.3030859234311,0.0,0.4444444444444444,0.0,0.04635254915624178
4.116666666666666,23.211252660403087,-1.4861570729785245,23.258781414997507,-0.028867662860678395,0.18087655638962907,-0.031178011610440964,0.5685388655123564,-3.233389871821694,142.80560529646783,-7.2442447967796735,-0.0639401602019001,-0.02307095341527567,-0.0744253441489506,322.6939360096891,1173.4845260538516,0.0,0.4444444444444444,0.0,0.05375519243179477
4.133333333333333,23.220797286731635,-1.5361683209815755,23.27155430438351,-0.026025555838068287,0.17052642135660656,-0.03538608794759448,0.572677579712959,-3.000674880183065,143.19182127218616,-7.279910030791532,-0.06605859278629314,-0.021542252351909,-0.07593722157340334,301.34774762249157,1196.6105652753904,0.0,0.4444444444444444,0.0,0.061010496461369794
4.15,23.23044918227354,-1.5821597637468154,23.28426504591057,-0.02336367070927976,0.15971310772731173,-0.039497173477340594,0.5791137325141397,-2.75948656591439,143.57827373009357,-7.315317150000915,-0.06800213849539935,-0.019959616006462837,-0.07724835015195299,279.24069169261793,1216.6320098825252,0.0,0.4444444444444444,0.0,0.06809857496093207
4.166666666666667,23.240245435687164,-1.6240004855408716,23.29691793967638,-0.0208892536165965,0.14846502556099553,-0.043500000000000046,0.5877752048175725,-2.5104433076433708,143.96496128612347,-7.350468520805144,-0.06976539257698196,-0.01832733520931322,-0.07835499725111955,256.432534910562,1233.5060718883824,0.0,0.4444444444444444,0.0,0.07500000000000008
4.183333333333334,23.250221538466857,-1.661570184680523,23.309517735603357,-0.018609059467855224,0.13681164892447645,-0.047383596046307416,0.5985661667815876,-2.254181948379091,144.35188257676933,-7.3853672254458775,-0.07134341318703387,-0.016649818958084872,-0.07925394419524658,232.98486696922384,1247.196171266788,0.0,0.4444444444444444,0.0,0.08169585525225417
4.2,23.260411005527278,-1.6947594639968915,23.32206958627089,-0.01652933514634862,0.12478345929039636,-0.05113731694944512,0.6113680236251597,-1.9913567589820986,144.7390362686713,-7.420017051623464,-0.0727317344857774,-0.014931580774072153,-0.07994249652263084,208.96090943409834,1257.6717724930986,0.0,0.4444444444444444,0.0,0.0881677878438709
4.216666666666667,23.270845015263948,-1.7234701044899545,23.334578996105876,-0.014655803670452171,0.11241188855378689,-0.05475087402133584,0.6260405842002814,-1.722638429583786,145.12642106737638,-7.454422480626027,-0.07392637903379162,-0.013177225134261658,-0.0804184936743113,184.4253215992217,1264.908261056844,0.0,0.4444444444444444,0.0,0.0943980586574756
4.233333333333333,23.281552072641315,-1.7476153224221118,23.347051767327574,-0.012993649316120105,0.09972926125992393,-0.05821436275322066,0.6424234426420978,-1.448713075929441,145.51403572519487,-7.488588674060143,-0.07492386945483902,-0.011391434045984403,-0.08068031804279445,159.44400441598887,1268.8868644656734,0.0,0.4444444444444444,0.0,0.10036959095382873
4.25,23.292557698675918,-1.767120009859298,23.359493943050047,-0.01154750372271506,0.08676873560430266,-0.06151828996322965,0.6603375620762281,-1.170281246231172,145.9018790480836,-7.5225214592622915,-0.07572123932138757,-0.009578953822525466,-0.0807269032927893,134.08390355313696,1269.5946210530474,0.0,0.4444444444444444,0.0,0.10606601717798217
4.266666666666667,23.303884149476144,-1.7819209584100197,23.37191174795563,-0.010321433010300323,0.07356424274488423,-0.06465359981653322,0.6795870480136199,-0.8880569130433025,146.28994990149684,-7.556227313461298,-0.07631604320855714,-0.007744582108796139,-0.08055774185211004,108.41281260193784,1267.0243986494563,0.0,0.4444444444444444,0.0,0.11147172382160901
4.283333333333333,23.31555016777077,-1.7919670656423123,23.38431152696573,-0.009318925944337557,0.060150423957765965,-0.06761169864675641,0.6999610976776336,-0.6027664339375611,146.67824721515473,-7.589713346752104,-0.07670636585249062,-0.005893155196586827,-0.08017289145858081,82.49917738133252,1261.1749638853923,0.0,0.4444444444444444,0.0,0.11657189421854555
4.3,23.32757076960534,-1.7972195233820023,23.396699682352015,-0.00854288319149897,0.04656256517031514,-0.0703844785106204,0.7212361100743293,-0.3151474643814005,147.06676998668917,-7.622987283930671,-0.07689083034019059,-0.0040295356591538295,-0.07957298063833354,56.41190222448114,1252.0511015702161,0.0,0.4444444444444444,0.0,0.12135254915624206
4.316666666666666,23.339957068607514,-1.7976519868192264,23.40908260975122,-0.007995607717819557,0.0328365284207648,-0.0729643394112518,0.7431779401303511,-0.025947806233451498,147.45551728413756,-7.656057445228852,-0.07686860524990041,-0.0021586003251098246,-0.07875921298262188,30.220159042129737,1239.6637822418502,0.0,0.4444444444444444,0.0,0.12580058519181345
4.333333333333333,23.35271613991895,-1.79325072308067,23.42146663357059,-0.007678796387478399,0.01900867982046952,-0.07534421012924608,0.76554427868606,0.26407582431338705,147.8444882472655,-7.688932725977114,-0.07663941065436829,-0.00028522860197097155,-0.07773337008445987,3.993199861178526,1224.0303746173156,0.0,0.4444444444444444,0.0,0.12990381056766567
4.35,23.365850925561542,-1.7840147376695161,23.43385794229766,-0.007593532826902065,0.005115813634580052,-0.07751756760438795,0.7880871385554244,0.5541591246692337,148.2336820877104,-7.7216225752122485,-0.07620352289403536,0.0015857088495756233,-0.07649781299330287,-22.199826569213172,1205.174898306201,0.0,0.4444444444444444,0.0,0.1336509786282551
4.366666666666666,23.379360182649336,-1.7699558769409807,23.446262524256763,-0.007740281624420922,-0.008804927851131404,-0.07947845481490623,0.8105554252676254,0.843531643712133,148.62309808794961,-7.75413697323705,-0.07556177802354624,0.003449361098410958,-0.07505548204587004,-48.290053624340835,1183.1283107951033,0.0,0.4444444444444444,0.0,0.13703181864639005
4.383333333333333,23.3932384754746,-1.7510989045759844,23.458686104384288,-0.008118883940175224,-0.022716138945258153,-0.08122149710525647,0.8326975695158723,1.1314183418997785,149.01273559910857,-7.786486408129729,-0.07471557383319206,0.005300907598572838,-0.07340989493427591,-74.20907074039252,1157.9288213926748,0.0,0.4444444444444444,0.0,0.14003706397458013
4.4,23.407476212087804,-1.7274815498464438,23.47113408262405,-0.008728554604160874,-0.03658023983913898,-0.08274191691767839,0.8542641967921957,1.4170412837724435,149.4025940376368,-7.818681851192781,-0.07366687034714438,0.00713556854082005,-0.07156514287907345,-99.8890921951086,1129.622223569366,0.0,0.4444444444444444,0.0,0.1426584774442731
4.416666666666667,23.422059725558245,-1.6991545253400844,23.483611474570967,-0.009567880782031787,-0.05035957067225487,-0.08403554688714893,0.8750108082264517,1.6996214703815677,149.79267288089213,-7.8507347313245734,-0.07241818870278147,0.008948614929579227,-0.06952588478472903,-125.26312060263011,1098.262235965888,0.0,0.4444444444444444,0.0,0.14488887394336022
4.433333333333334,23.436971399646975,-1.6661815117374528,23.496122855014313,-0.01063482228835751,-0.06401649037954338,-0.08509884126384108,0.8947004453236824,1.9783808161578924,150.18297166168614,-7.882656908292243,-0.07097260832017083,0.010735378419809816,-0.06729733926850727,-150.2651051027254,1063.9108413174042,0.0,0.4444444444444444,0.0,0.14672214011007084
4.45,23.452189838149682,-1.6286391072150914,23.508672305048652,-0.011926713625311145,-0.07751348021721809,-0.08592888563177697,0.9131063101623976,2.252544271341677,150.57348996185712,-7.9144606448819115,-0.06933376227793873,0.012491260952140662,-0.06488527447070933,-174.83009432622927,1026.6386116882716,0.0,0.4444444444444444,0.0,0.14815325108927066
4.466666666666667,23.467690076678636,-1.5866167390919057,23.52126336342943,-0.013440267821100745,-0.09081325174737605,-0.08652340489703977,0.9300143117371501,2.521342087391138,150.96422740494958,-7.946158577901962,-0.06750583082136506,0.014211744227025869,-0.062295995574559206,-198.8943843087816,986.5250077789549,0.0,0.4444444444444444,0.0,0.149178284305241
4.483333333333333,23.483443835154706,-1.540216535444617,23.533898982848605,-0.01517158213675793,-0.10387885893943112,-0.08688076952364791,0.9452255085640848,2.7840122188373266,151.35518364809207,-7.977763688017311,-0.0654935329405662,0.015892399059507165,-0.05953632998754116,-222.39566160069748,943.658639697414,0.0,0.4444444444444444,0.0,0.14979443021318606
4.5,23.49941980877936,-1.4895531545953793,23.546581491792324,-0.01711614570210375,-0.11667381392074906,-0.087,0.9585584174793222,3.0398028509542545,151.74635837317726,-8.00928926839739,-0.0633021159709829,0.017528894655383986,-0.05661361016231406,-245.27314187973641,898.137476524535,0.0,0.4444444444444444,0.0,0.15
4.516666666666667,23.515583994759453,-1.4347535706209065,23.55931256261516,-0.019268849131816403,-0.12916220578275908,-0.08688076952364791,0.9698511588054302,3.2879750384683746,152.1377512774602,-8.04074889216802,-0.06093734318491405,0.01911700784712221,-0.05353565406400996,-267.4677044135196,850.0689922848437,0.0,0.4444444444444444,0.0,0.14979443021318606
4.533333333333333,23.531900051572663,-1.3759568133465552,23.5720931864228,-0.02162399616057749,-0.1413088217256651,-0.08652340489703979,0.9789634087926924,3.5278054364610814,152.52936206370077,-8.072156378667387,-0.058405479361295684,0.02065263232366686,-0.0503107433211923,-288.92202273789917,799.5702365895047,0.0,0.4444444444444444,0.0,0.14917828430524102
4.55,23.548329687097695,-1.3133136616673646,23.584923655296592,-0.0241753173223841,-0.15307926970839678,-0.08592888563177699,0.9857781315018513,3.7585891007514376,152.92119042998647,-8.10352575851895,-0.05571327434100475,0.022131787882494494,-0.04694759912932621,-309.5806919158295,746.7678192666898,0.0,0.4444444444444444,0.0,0.1481532510892707
4.566666666666666,23.56483307149958,-1.246986289475385,23.597803552317746,-0.02691598568346007,-0.16444010166455808,-0.0850988412638411,0.9902030641131966,3.979642331518783,153.31323605937925,-8.134871237548975,-0.05286794459628435,0.02355062972483237,-0.04345535600753221,-329.39035271810985,691.7977997387605,0.0,0.4444444444444444,0.0,0.14672214011007087
4.583333333333333,23.58136927036687,-1.177147863960866,23.610731749758003,-0.02983863462102422,-0.17535893625384896,-0.08403554688714895,0.9921719320374474,4.190305530871138,153.7054986095367,-8.166207159593394,-0.049877152864986056,0.02490545780611647,-0.03984353354081542,-348.299813023287,634.8054737333457,0.0,0.4444444444444444,0.0,0.14488887394336028
4.6,23.597896693252917,-1.103982096583974,23.623706415696393,-0.032935377621784834,-0.18580458004563688,-0.08274191691767842,0.991645373162769,4.389946042613516,154.09797770246158,-8.197547968257346,-0.04674898592269619,0.02619272624365452,-0.0361220062700061,-366.2601666704254,575.94505209484,0.0,0.4444444444444444,0.0,0.14265847744427315
4.616666666666666,23.614373552487507,-1.0276827475717165,23.636725029201443,-0.03619783005479521,-0.19574714598062276,-0.08122149710525661,0.9886115540754472,4.577960940735445,154.49067291453628,-8.228908167710644,-0.043491930587902364,0.027409052772346156,-0.0323009719194227,-383.2249099174074,515.3792289433028,0.0,0.4444444444444444,0.0,0.14003706397458038
4.633333333333333,23.63075832690574,-0.9484530853681494,23.64978440408642,-0.03961713285364427,-0.20515816793094388,-0.07947845481490634,0.9830864650940512,4.753779732214024,154.8835837669979,-8.260302282623137,-0.04011484807658833,0.028551228227489067,-0.02839091817691422,-399.15005556170155,453.27863913983134,0.0,0.4444444444444444,0.0,0.13703181864639025
4.65,23.64701022499561,-0.8665053030400345,23.66288072110502,-0.043183978023326665,-0.21401071018094345,-0.07751756760438798,0.9751138853920922,4.9168669396869,155.2767097170069,-8.291744817364773,-0.03662694684243822,0.02961622602150401,-0.02440258826165648,-413.9942446734314,389.821207875112,0.0,0.4444444444444444,0.0,0.13365097862825515
4.666666666666667,23.663089641900044,-0.7820598941996002,23.676009568310125,-0.04688863586802139,-0.22227947068168336,-0.07534421012924614,0.964765014265933,5.066724530426057,155.67005014945602,-8.323250214615662,-0.03303775405662699,0.03060121156922297,-0.020346945531176337,-427.71885577597527,325.191398101533,0.0,0.4444444444444444,0.0,0.12990381056766576
4.683333333333334,23.678958604727192,-0.6953449915355742,23.68916598915288,-0.05072098381789671,-0.22994087699251956,-0.07296433941125184,0.9521377696289601,5.202894159841562,156.06360436965878,-8.3548328135509,-0.02935708589645664,0.03150355160459123,-0.016235137390003648,-440.28811119124197,259.5793643706175,0.0,0.4444444444444444,0.0,0.12580058519181353
4.7,23.69458120072655,-0.6065956715284024,23.70234453775704,-0.05467053671643025,-0.23697317391201198,-0.07038447851062045,0.9373557599613875,5.324959200430301,156.457371597045,-8.386506807782757,-0.02559501682441976,0.03232082332065107,-0.012078458767721192,-451.6691801496463,193.1800243049546,0.0,0.4444444444444444,0.0,0.12135254915624216
4.716666666666667,23.709923983078035,-0.5160532293519304,23.715539340669938,-0.05872647841503452,-0.24335650191625616,-0.06761169864675647,0.9205669410891176,5.432546530588319,156.8513509599783,-8.418286203258521,-0.021761848048273375,0.033050823254882525,-0.007888315433804163,-461.83227815270345,126.19206131837336,0.0,0.4444444444444444,0.0,0.11657189421854565
4.733333333333333,23.72495634931423,-0.4239644283198933,23.72874416426934,-0.0628776945094082,-0.24907296566242024,-0.06465359981653329,0.901941974171745,5.52532806192223,157.24554149179426,-8.4501847763252,-0.017868075358132413,0.03369157583376199,-0.003676187410526441,-470.75076197337756,58.81687420008977,0.0,0.4444444444444444,0.0,0.11147172382160914
4.75,23.739650887747846,-0.3305807285117056,23.74195248689986,-0.0671128060423222,-0.2541066919748401,-0.061518289963229715,0.8816723060168807,5.603021988491262,157.63994212814143,-8.482216032182121,-0.013924356538307424,0.03424134148407311,0.0005464072664203909,-478.40121958931496,-8.742509286754807,0.0,0.4444444444444444,0.0,0.10606601717798228
4.766666666666667,23.75398368770085,-0.23615749940121322,23.755157574726407,-0.0714202039907486,-0.25844387690558357,-0.05821436275322074,0.8599679971801791,5.665393746629544,158.03455170568776,-8.514393163948714,-0.009941478549603354,0.034698624214354816,0.004767948206680318,-484.7635542702936,-76.28253663881146,0.0,0.4444444444444444,0.0,0.10036959095382887
4.783333333333333,23.767934609819932,-0.14095322141013567,23.76835256022811,-0.07578808435150536,-0.26207282164540563,-0.05475087402133591,0.8370553271449178,5.712256679464654,158.4293689622353,-8.546729012577263,-0.005930324672179295,0.03506217856808901,0.008976947531677132,-489.8210619860329,-143.60023409434208,0.0,0.4444444444444444,0.0,0.09439805865747572
4.8,23.781487513305038,-0.04522868131375814,23.78153052221612,-0.08020448363898118,-0.26498395724854923,-0.0511373169494452,0.8131742091064328,5.743472405782652,158.8243925382654,-8.579236027839041,-0.0019018417900770249,0.035331015850939965,0.013161983762057895,-493.56050126583517,-210.49429093424786,0.0,0.4444444444444444,0.0,0.08816778784387104
4.816666666666666,23.794630437462395,0.05075383365810955,23.79468456624384,-0.08465731461097871,-0.2671698583198518,-0.047383596046307506,0.7885754494415146,5.758950898312062,159.21962097991582,-8.611926230606906,0.0021329920134993724,0.03550440953760312,0.017311734567326455,-495.97215462855826,-276.7661069017102,0.0,0.4444444444444444,0.0,0.08169585525225433
4.833333333333333,23.807355735608596,0.14673133835210464,23.80780790428783,-0.08913440204413241,-0.26862524598922227,-0.04350000000000013,0.7635178887720752,5.758650281639706,159.61505274336957,-8.644811176648322,0.006163199395694789,0.03558189976954184,0.021415008248696986,-497.0498807103662,-342.2207863023734,0.0,0.4444444444444444,0.0,0.07500000000000023
4.85,23.81966015998548,0.24244094443005404,23.820893932611675,-0.09362351838848784,-0.2693469806613264,-0.03949717347734068,0.7382654626132117,5.742576364676964,160.01068620061716,-8.677901922130072,0.010177835090564497,0.035563296862961224,0.025460773857024274,-496.7911562483439,-406.6680640820689,0.0,0.4444444444444444,0.0,0.0680985749609322
4.866666666666666,23.831544896984347,0.33762064320899676,23.83393630678117,-0.09811241914136307,-0.26933404517251336,-0.035386087947594715,0.7130842199318396,5.710781926736565,160.4065196465325,-8.71120899101995,0.014166016523200287,0.035448683756561364,0.029438189878524153,-495.1971071291609,-469.923151306381,0.0,0.4444444444444444,0.0,0.061010496461370196
4.883333333333333,23.843015552610378,0.4320100728715828,23.846929012874654,-0.1025888777931758,-0.2685875191087639,-0.03117801161044134,0.6882393375619562,5.663365779755162,160.80255130718757,-8.74474234455189,0.018116953601149777,0.035238417340659994,0.03333663145097561,-492.2725277821748,-531.8074898921359,0.0,0.4444444444444444,0.0,0.05375519243179541
4.9,23.85408208873334,0.525351266737159,23.859866434024543,-0.10704072021209053,-0.26711054513488414,-0.026884478510620324,0.6639921673775558,5.600471631934575,161.1987793493132,-8.778511352899825,0.022019977602448854,0.03493312862281944,0.03714571610137081,-488.02588828334905,-592.149409063774,0.0,0.4444444444444444,0.0,0.04635254915624194
4.916666666666667,23.864758711258077,0.6173893797377248,23.872743411530674,-0.11145585834966618,-0.26490828825453894,-0.02251725692391933,0.6405973514842983,5.522286780033942,161.59520189080104,-8.812524769182533,0.02586456909899682,0.03453372169979004,0.04085532802183643,-482.46932863797076,-650.7846787243395,0.0,0.4444444444444444,0.0,0.03882285676537816
4.933333333333334,23.875063711900427,0.7078733907163307,23.885555299900165,-0.1158223231657051,-0.261987888962335,-0.01808831710114506,0.6183000385409464,5.429040658716357,161.99181701212856,-8.84679070589742,0.02964038487271165,0.03404137152095897,0.04445564092350378,-475.61863982339736,-707.5569576419311,0.0,0.4444444444444444,0.0,0.0311867536226639
4.95,23.88501926576302,0.7965567786455583,23.898298015287132,-0.12012829668676173,-0.25835841126339826,-0.013609798458500058,0.5973332317556623,5.321003275753657,162.38862276858117,-8.881316613856196,0.03333728379944555,0.033457520444200334,0.0479371395274125,-467.49323129584434,-762.3181369667823,0.0,0.4444444444444444,0.0,0.023465169756034587
4.966666666666667,23.894651187366684,0.8831981713382977,23.910968076926107,-0.12436214312882926,-0.25403078652405253,-0.009093976304285802,0.5779152962197782,5.198483561564365,162.7856172031363,-8.916109263670277,0.03694535169162283,0.03278387360058492,0.051290639767190095,-458.11608479390884,-814.928582032657,0.0,0.4444444444444444,0.0,0.015679269490147935
4.983333333333333,23.90398864820238,0.9675619656810094,23.92356264127107,-0.12851243903018614,-0.24901775408141233,-0.004553228193136191,0.5602476501418101,5.061827660562699,163.18279835987119,-8.951174729808953,0.040454925104663156,0.032022393099505254,0.054507307789996656,-447.5136944043535,-865.257277594776,0.0,0.4444444444444444,0.0,0.00785039343644171
5.0,23.91306385922442,1.0494189188511374,23.936079528665253,-0.13256800235489796,-0.24333379948270925,-5.2909066017292616e-17,0.544512661322294,4.911417190207684,163.5801642977518,-8.986518377229542,0.04385661412423109,0.03117529112000061,0.057578677850025725,-435.7159929894446,-913.1818835669279,0.0,0.4444444444444444,0.0,9.18485099360515e-17
5.016666666666667,23.92191172200696,1.1285467103769087,23.948517242472374,-0.13651792054073436,-0.23699509115018394,0.0045532281931360856,0.5308717669525932,4.747667491546274,163.97771310466,-9.022144850556195,0.04714132416104667,0.03024502194714525,0.060496669192789995,-422.75626520790246,-958.5887099111802,0.0,0.4444444444444444,0.0,-0.007850393436441528
5.033333333333333,23.9305694525337,1.204730475252479,23.960874980695948,-0.14035157747703242,-0.23001941617788368,0.009093976304285696,0.5194638316043327,4.571025892534225,164.37544291151704,-9.05805806576319,0.05030027678731174,0.02923427302401111,0.0632536020286726,-408.6710474908375,-1001.3726205887393,0.0,0.4444444444444444,0.0,-0.01567926949014775
5.05,23.939076181786433,1.277763308628903,23.973152640198425,-0.14405867940813738,-0.2224261158662971,0.013609798458499954,0.5104037551640679,4.381970002585442,164.77335190636336,-9.094261204299759,0.05332502965373849,0.028145955099746774,0.06584221269104666,-393.5000154582522,-1041.4368773982658,0.0,0.4444444444444444,0.0,-0.023465169756034406
5.066666666666666,23.947472537444927,1.3474467428578043,23.985350813705374,-0.14762927976635362,-0.2142360214929747,0.018088317101144957,0.5037813395095481,4.181006053734067,165.1714383482593,-9.130756709577,0.05620749552875012,0.026983191562562955,0.06825566806797237,-377.2858593788091,-1078.6929351185142,0.0,0.4444444444444444,0.0,-0.03118675362266372
5.083333333333333,23.955800211110837,1.413591197867449,23.997470779841496,-0.1510538029447785,-0.20547139070549306,0.022517256923919225,0.49966041995453503,3.9686673005786735,165.56970058087552,-9.167546285723315,0.05893996050176029,0.025749307052788474,0.07048757938742882,-360.07414838408715,-1113.0601996553378,0.0,0.4444444444444444,0.0,-0.03882285676537798
5.1,23.96410151552633,1.476016405998973,24.009514486495338,-0.15432306702495208,-0.1961558448104148,0.026884478510620223,0.4980782649295745,3.745512487891454,165.96813704564858,-9.204630898503426,0.06151510139066478,0.02444781545562867,0.07253201542460805,-341.9131842472052,-1144.46576089542,0.0,0.4444444444444444,0.0,-0.04635254915624177
5.116666666666666,23.972418936276735,1.5345518125237554,24.021484527848802,-0.1574283054769692,-0.1863143071210275,0.03117801161044095,0.49904524502433173,3.5121243914869344,166.36674629438312,-9.242010778287119,0.06392600238997435,0.023082407375809685,0.07438351518638263,-322.85384562301925,-1172.844111721511,0.0,0.4444444444444444,0.0,-0.053755192431794746
5.133333333333333,23.98079468244989,1.5890369531023365,24.033384115437045,-0.16036118785063566,-0.1759729424199868,0.03538608794759447,0.5025447703893458,3.269108434714865,166.76552700118984,-9.279685424947768,0.0661661709905819,0.021656937196990515,0.07603710011305066,-302.94942372217935,-1198.1368641792199,0.0,0.4444444444444444,0.0,-0.06101049646136978
5.15,23.989270240676017,1.6393218094327204,24.045217043625655,-0.163113839475511,-0.16515909749251984,0.039497173477340726,0.508533493567738,3.017091379823031,167.1644779736554,-9.317653614567089,0.06822955319521097,0.020175409827738792,0.07748828582124731,-282.25545045295036,-1220.2924731362273,0.0,0.4444444444444444,0.0,-0.06809857496093229
5.166666666666667,23.997885936893997,1.6852671442739215,24.056987649906294,-0.16567886018539724,-0.15390124259317428,0.04349999999999991,0.5169417730789004,2.756720090472066,167.5635981631487,-9.355913407821557,0.0701105480453686,0.01864196723312935,0.0787330933948646,-260.8295201122654,-1239.2659769719214,0.0,0.4444444444444444,0.0,-0.07499999999999984
5.183333333333334,24.006680510085317,1.7267448169224942,24.0687007704213,-0.1680493420791551,-0.1422289136254718,0.04738359604630728,0.5276743914791668,2.4886603589143546,167.96288667417522,-9.394462159927325,0.07180402146636292,0.017060874846746385,0.07976806021330049,-238.73110573985278,-1255.0187639067783,0.0,0.4444444444444444,0.0,-0.08169585525225394
5.2,24.015690702087777,1.7636380800692406,24.08036169113362,-0.17021888632482512,-0.13017265474020234,0.05113731694944511,0.5406115201475714,2.213595788804789,168.36234277269952,-9.433296532024059,0.07330531942688646,0.015436507952246353,0.08059025028870635,-216.02137126645405,-1267.518371550211,0.0,0.4444444444444444,0.0,-0.08816778784387089
5.216666666666667,24.024950867448695,1.7958418587746088,24.091976095062247,-0.17218161900807785,-0.11776396099516392,0.05475087402133583,0.555609921655075,1.9322267223220935,168.76196589336334,-9.47241250388383,0.07461028039905526,0.013773338116776918,0.08119726406645102,-192.76298058788325,-1276.7383261329505,0.0,0.4444444444444444,0.0,-0.09439805865747557
5.233333333333333,24.034492607102695,1.8232630120791193,24.103550006007204,-0.17393220601920154,-0.1050352206674211,0.05821436275322065,0.5725043792400207,1.645269198270638,169.16175564553504,-9.511805387838757,0.0757152470938689,0.012075919750689466,0.08158724762608537,-169.01990468168972,-1282.6580267109337,0.0,0.4444444444444444,0.0,-0.10036959095382872
5.25,24.044344429462694,1.8458205775146133,24.115089729192594,-0.17546586696535116,-0.09201965676897667,0.061518289963229646,0.5911093415999006,1.3534539261296403,169.56171181813338,-9.551469843830269,0.07661707743606265,0.010348876859251573,0.08175890120398516,-144.85722785173482,-1285.2626783940586,0.0,0.4444444444444444,0.0,-0.10606601717798216
5.266666666666667,24.054531442294227,1.8634459985086622,24.126601789263226,-0.17677838808682436,-0.07875126728839144,0.06465359981653332,0.611220769891899,1.0575252596429356,169.96183438317672,-9.591399895493401,0.0773131547314931,0.008596890042674499,0.08171148694387245,-120.34095413881195,-1284.5432773739356,0.0,0.4444444444444444,0.0,-0.11147172382160918
5.283333333333333,24.065075078502375,1.8760833343840355,24.138092866080154,-0.17786613414790037,-0.06526476366455962,0.0676116986467563,0.6326181724889539,0.7582401525223945,170.36212349801667,-9.631588947201314,0.07780139696977258,0.006824683790888131,0.08144483576786893,-95.53781487297417,-1280.4966492065967,0.0,0.4444444444444444,0.0,-0.11657189421854536
5.3,24.07599285869649,1.883689452353969,24.149569728773926,-0.17872605926447938,-0.051595506994739915,0.0703844785106203,0.655066811647035,0.4563670781959963,170.76257950622275,-9.67202980200766,0.078080265195078,0.005037014109303031,0.0809593532489124,-70.51507826642691,-1273.1255404548165,0.0,0.4444444444444444,0.0,-0.1213525491562419
5.316666666666666,24.087298193109703,1.8862342006088322,24.161039168531897,-0.1793557166226,-0.03777944148723793,0.07296433941125177,0.6783200647926662,0.15268489529179918,171.16320293709333,-9.712714680437626,0.07814877086914084,0.003238656501483486,0.08025602435556557,-45.34036185609189,-1262.438762416101,0.0,0.4444444444444444,0.0,-0.12580058519181342
5.333333333333333,24.09900022513695,1.8837005612877582,24.1725079306171,-0.17975326703410013,-0.023853024690008155,0.07534421012924607,0.7021219216349018,-0.1520183592644343,171.5639945037763,-9.75363524009175,0.07800648214260765,0.0014343943243770446,0.07933641693275185,-20.081448503640868,-1248.4513842640365,0.0,0.4444444444444444,0.0,-0.12990381056766565
5.35,24.1111037184161,1.8760847818373263,24.18398264614123,-0.1799174862684343,-0.009853154060049711,0.07751756760438792,0.7262095967489273,-0.4569467670259084,171.96495509999195,-9.794782596039983,0.07765352894447397,-0.0003709924782880486,0.07820268377704694,5.193893449651603,-1231.1849715225876,0.0,0.4444444444444444,0.0,-0.13365097862825506
5.366666666666666,24.123608989010833,1.863396482986278,24.195469764141592,-0.17984777109318284,0.004182910515086942,0.07947845481490623,0.7503162356839677,-0.7612979310629047,172.36608579535977,-9.83614734199633,0.0770906067943603,-0.002172738268467242,0.07685756316310191,30.41808539354514,-1210.6678643892535,0.0,0.4444444444444444,0.0,-0.13703181864639005
5.383333333333333,24.136511883861502,1.8456587413184524,24.20697548454149,-0.1795441439502983,0.01821762857307255,0.08122149710525652,0.7741736910402036,-1.0642645000695297,172.7673878293412,-9.877719572276666,0.0763189792392318,-0.003966102245204189,0.07530437767881364,55.5239086671666,-1186.9354890424463,0.0,0.4444444444444444,0.0,-0.1400370639745802
5.4,24.149803806251015,1.8229081442137538,24.218505692603266,-0.17900725619084437,0.032213265567235694,0.08274191691767835,0.7975153433708178,-1.3650358262819178,173.16886260382026,-9.919488904553475,0.07534047881496339,-0.0057463786363436825,0.07354703123119995,80.44466955061242,-1160.030693735538,0.0,0.4444444444444444,0.0,-0.142658477444273
5.416666666666667,24.16347178858831,1.7951948147569692,24.230065895511583,-0.17823838978809975,0.04613198416467812,0.08403554688714893,0.8200789402378391,-1.6627997674070722,173.57051167435563,-9.961444503431164,0.07415750643409813,-0.007508906579271474,0.07159000409273895,105.11435891701291,-1130.0041002248367,0.0,0.4444444444444444,0.0,-0.14488887394336022
5.433333333333334,24.177498612343875,1.7625824040943636,24.241661161750304,-0.1772394574476168,0.05993594042897696,0.08509884126384108,0.8416094253337894,-1.956744639756333,173.97233674014942,-10.003575104873713,0.07277302910439214,-0.009249079725644371,0.0694383458692959,129.46780654894394,-1096.9144599372476,0.0,0.4444444444444444,0.0,-0.14672214011007084
5.45,24.19186297448274,1.7251480486553046,24.253296063956505,-0.17601300103332487,0.0735873848575159,0.08592888563177697,0.8618617283318688,-2.246061326343536,174.37433963278957,-10.04586904152271,0.07119057588840133,-0.010962355610044397,0.06709766628571227,153.44083023146612,-1060.8290032964476,0.0,0.4444444444444444,0.0,-0.14815325108927066
5.466666666666667,24.206539699234533,1.6829822896570577,24.26497462594834,-0.1745621882312041,0.0870487681272475,0.08652340489703977,0.8806034851075644,-2.5299455398948107,174.77652230383654,-10.088314268947792,0.06941423202251464,-0.01264426482604207,0.06457412370360976,176.97037983104562,-1021.8237698388665,0.0,0.4444444444444444,0.0,-0.149178284305241
5.483333333333333,24.221499993522023,1.6361889523805142,24.2767002746271,-0.1728908073765554,0.10028285127892128,0.08688076952364793,0.8976176572495392,-2.8076002365926005,175.17888681133715,-10.130898392873089,0.06744863112449391,-0.014290420055146871,0.061874411307802815,199.994676652062,-979.9839062092987,0.0,0.4444444444444444,0.0,-0.14979443021318609
5.5,24.23671174384559,1.5848849828467273,24.288475797445912,-0.17100326037754127,0.11325281994084913,0.087,0.9127050194139863,-3.078238172027208,175.58143530536208,-10.173608697422162,0.06529894543169841,-0.01589652499445106,0.05900574092264722,222.45334842786025,-935.4039188770528,0.0,0.4444444444444444,0.0,-0.15
5.516666666666667,24.252139851897905,1.5292002397407323,24.300303306116113,-0.16890455367650878,0.1259224020619491,0.08688076952364793,0.9256864831389191,-3.341084586359707,175.98417001267686,-10.21643217442011,0.06297087402763589,-0.017458383227355795,0.055975824447286694,244.28756034904373,-888.1878685001863,0.0,0.4444444444444444,0.0,-0.14979443021318609
5.533333333333333,24.267746605669288,1.4692772397202116,24.31218420718577,-0.16660028720161876,0.13825598849340043,0.08652340489703979,0.9364052262828938,-3.5953800012312436,176.38709322066865,-10.259355553784772,0.06047062903210285,-0.018971907078561667,0.05279285292858908,265.4401425561292,-838.4494933242341,0.0,0.4444444444444444,0.0,-0.14917828430524102
5.55,24.28349208230825,1.4052708546098795,24.324119180071936,-0.1640966412744112,0.15021875563245274,0.08592888563177699,0.9447285983377651,-3.8403831066199303,176.79020726066386,-10.302365335029538,0.05780491974968319,-0.020433126489514383,0.04946547332196474,285.85571452569894,-786.3122498595598,0.0,0.4444444444444444,0.0,-0.1481532510892707
5.566666666666666,24.2993345785337,1.3373479594133613,24.336108163058253,-0.16140036145399858,0.1617767892247571,0.0850988412638411,0.9505497735268597,-4.075373711791092,177.1935144907828,-10.345447819887958,0.05498093479241882,-0.021838197943769302,0.04600276302250736,305.4808067583057,-731.9092603514059,0.0,0.4444444444444444,0.0,-0.14672214011007087
5.583333333333333,24.315231063964745,1.2656870305657537,24.348150347682235,-0.15851874131537877,0.17289720831718858,0.08403554688714895,0.953789125862831,-4.299655730856448,177.59701727848787,-10.38858914605562,0.0520063222146242,-0.023183413463384275,0.04241420228117911,324.2639801329745,-675.3831582360178,0.0,0.4444444444444444,0.0,-0.14488887394336028
5.6,24.331137652351572,1.1904776943924698,24.360244181832957,-0.15545960317761762,0.1835482882656688,0.08274191691767838,0.9543953032096963,-4.512560170397037,178.00071798299012,-10.431775322027688,0.048889167720597274,-0.024465209687634076,0.03870964465220396,342.1559432283355,-616.8858248433222,0.0,0.4444444444444444,0.0,-0.14265847744427307
5.616666666666666,24.347010085365852,1.1119202263216803,24.37238738176073,-0.15223127681701878,0.19369958163592968,0.08122149710525654,0.9523459808567623,-4.713448084247365,178.40461893768628,-10.474992262991515,0.04563797102884006,-0.025680177034283977,0.03489928564753147,359.1096678261205,-556.5780130201169,0.0,0.4444444444444444,0.0,-0.14003706397458027
5.633333333333333,24.362804223351382,1.0302250020049921,24.384576953068187,-0.14884257622046823,0.2033220357930327,0.0794784548149064,0.9476482791317082,-4.901713459001297,178.80872243280209,-10.51822582771326,0.04226162049875818,-0.026825068931645366,0.030993629801285456,375.08050271165865,-494.6288560458258,0.0,0.4444444444444444,0.0,-0.13703181864639036
5.65,24.37847653725299,0.9456119021187279,24.39680922060963,-0.14530277445445672,0.2123881059606903,0.077517567604388,0.9403388340964519,-5.07678599317585,179.21303069842065,-10.561461856336038,0.03876936614706226,-0.027896811096992637,0.02700345637066146,390.0262857714391,-431.2152631150832,0.0,0.4444444444444444,0.0,-0.13365097862825517
5.666666666666667,24.39398459584133,0.8583096732300756,24.409079867076198,-0.14162157674535475,0.2208718625461186,0.07534421012924614,0.9304835153005606,-5.238133733319143,179.61754588807307,-10.604686208985207,0.03517079120065215,-0.02889251082402773,0.022939783919006824,403.90745426378237,-366.52120567079373,0.0,0.4444444444444444,0.0,-0.12990381056766576
5.683333333333334,24.40928754233817,0.7685552477017523,24.42138397989179,-0.13780909188583193,0.22874909157136897,0.07296433941125184,0.9181767898104083,-5.385265531699396,180.02227006306578,-10.647884805054833,0.03147578235006249,-0.029809466229325177,0.018813834041154116,416.68715300926715,-300.73690187886103,0.0,0.4444444444444444,0.0,-0.12580058519181353
5.7,24.4243465546243,0.6765930261592551,24.433716105894234,-0.13387580210036865,0.23599738712779625,0.07038447851062037,0.9035407371677727,-5.517733292549833,180.42720517771232,-10.691043663028433,0.027694498882078825,-0.03064517539552751,0.014636994499981347,428.33134011778424,-234.05790942553932,0.0,0.4444444444444444,0.0,-0.12135254915624201
5.716666666666667,24.439125283381397,0.5826741265406352,24.44607031313114,-0.12983253151911414,0.24259623487526977,0.06761169864675638,0.8867237254257693,-5.635133977117193,180.83235306562804,-10.734148940667806,0.02383734088146609,-0.031397345337879225,0.010420782046326144,438.80888974312376,-166.68413947369916,0.0,0.4444444444444444,0.0,-0.1165718942185455
5.733333333333333,24.45359026277842,0.4870556041760183,24.45844025896604,-0.12569041342345658,0.24852708573945376,0.0646535998165334,0.8678987638213443,-5.737111341877016,181.2377154272341,-10.777186975386359,0.0199149166995548,-0.03206390071092131,0.006176805191670064,448.0916912387337,-98.81880692453018,0.0,0.4444444444444444,0.0,-0.11147172382160932
5.75,24.467711288658894,0.38999964769085005,24.470819263571148,-0.12146085643820062,0.2537734191153578,0.06151828996322973,0.8472615528284713,-5.823357389110092,181.64329381860267,-10.820144324608608,0.015938009891488556,-0.03264299216417541,0.001916727194531807,456.154743983703,-30.667333998120277,0.0,0.4444444444444444,0.0,-0.1060660171779823
5.766666666666667,24.48146175961148,0.2917727557837776,24.483200387782986,-0.11715550985388805,0.25832079505875455,0.05821436275322074,0.8250282571553003,-5.893613514424349,182.0490896417577,-10.863007805905863,0.011917545824157908,-0.033133004249762635,-0.0023477704924305723,462.9762470600122,37.56377450972591,0.0,0.4444444444444444,0.0,-0.10036959095382887
5.783333333333333,24.494818976804368,0.1926449000908437,24.495576514218772,-0.11278622826832924,0.26215689513352886,0.054750874021335924,0.8014330315731203,-5.947671341576034,182.45510413652684,-10.905764536689846,0.007864558153270243,-0.033532562781365904,-0.006605024086505473,468.537682893515,105.66806517244119,0.0,0.4444444444444444,0.0,-0.09439805865747573
5.8,24.50776439902408,0.09288867940917009,24.507940430497918,-0.10836503573872025,0.2652715517765388,0.051137316949445205,0.7767253331827322,-5.985373240900417,182.86133837401945,-10.948401973241513,0.0037901553608001054,-0.0338405415429614,-0.010843422445279973,472.82389392463676,173.44025980162453,0.0,0.4444444444444444,0.0,-0.08816778784387105
5.816666666666666,24.52028384996981,-0.007221529484306988,24.520284913385048,-0.10390408963478955,0.26765676623584245,0.047383596046307375,0.7511670567439852,-6.0066125336086245,183.2677932517831,-10.990907948851724,-0.0002945124664828537,-0.03405606824738174,-0.015051440964988665,475.8231513516431,240.67735041628666,0.0,0.4444444444444444,0.0,-0.0816958552522541
5.833333333333333,24.532367675502332,-0.10741041931684255,24.532602812669705,-0.09941564437934149,0.2693067153268834,0.043500000000000004,0.7250295319513591,-6.011333389952133,183.67446949066917,-11.033270710853706,-0.004378286450206913,-0.03417852964904696,-0.019217674257796063,477.5272149904022,307.17964752588756,0.0,0.4444444444444444,0.0,-0.07500000000000001
5.85,24.544010849218918,-0.20740259322721166,24.544887133622215,-0.0949120152555334,0.2702177474284848,0.03949717347734083,0.6985904229950931,-5.999530434622147,184.08136763341452,-11.075478956334418,-0.008450031174075051,-0.03420757572201365,-0.023330867489739022,477.9313833196759,372.7517655078848,0.0,0.4444444444444444,0.0,-0.06809857496093247
5.866666666666666,24.55521302540883,-0.3069233945202442,24.55713111691411,-0.09040554245051852,0.270388368300893,0.03538608794759486,0.6721305713947062,-5.9712480775819525,184.48848804492425,-11.11752186632268,-0.012498666244675312,-0.03414312282366757,-0.027379946292440487,477.03453282918366,437.20353088282405,0.0,0.4444444444444444,0.0,-0.06101049646137045
5.883333333333333,24.56597853912465,-0.40569972106521046,24.56932831496224,-0.08590855549306682,0.269819217447102,0.03117801161044135,0.6459308229491685,-5.9265795926979745,184.89583091421812,-11.159389138266096,-0.01651319704529961,-0.033985355775673215,-0.03135404519272822,474.83914585752507,500.3508016752558,0.0,0.4444444444444444,0.0,-0.05375519243179543
5.9,24.576316353770665,-0.5034608205642676,24.581472663745323,-0.08143333822885482,0.26851303585271996,0.026884478510620334,0.6202688787608089,-5.865665969943423,185.30339625798302,-11.201071016625814,-0.020482744588608354,-0.03373472880684907,-0.03524253453405963,471.35132619607725,562.0161886936176,0.0,0.4444444444444444,0.0,-0.04635254915624196
5.916666666666667,24.586239957249433,-0.5999390633898312,24.593558549246787,-0.07699209446175026,0.26647462602627375,0.02251725692391919,0.5954162087260937,-5.78869456953382,185.71118392565432,-11.242558321437697,-0.024396574394086358,-0.033391965317119555,-0.03903504589137214,466.5808018410804,622.0296723583282,0.0,0.4444444444444444,0.0,-0.03882285676537792
5.933333333333334,24.595767208311628,-0.694870690191294,24.605580867793886,-0.07259691437308702,0.2637108053197945,0.018088317101144922,0.5716350637316358,-5.69589760808777,186.1191936059318,-11.283842474709962,-0.028244124335928617,-0.03295805643714766,-0.042721496005975974,460.54091439577866,680.2291115474279,0.0,0.4444444444444444,0.0,-0.031186753622663658
5.95,24.60492013531408,-0.7879965319878133,24.61753507968678,-0.0682597418141098,0.2602303535386329,0.013609798458500225,0.5491756201471505,-5.587550507791155,186.52742483462052,-11.324915524550192,-0.03201503142576022,-0.03243425837429287,-0.04629210928884907,453.2485947552713,736.4606437123999,0.0,0.4444444444444444,0.0,-0.02346516975603487
5.966666666666667,24.613724690100334,-0.8790627009813194,24.629417255637847,-0.06399234254993308,0.2560439558506041,0.009093976304285965,0.5282732871751916,-5.463970139610367,186.9358770036738,-11.365770166938287,-0.03569915751198525,-0.03182208855168678,-0.04973743895879285,444.72432484483664,790.5789781536154,0.0,0.4444444444444444,0.0,-0.015679269490148216
5.983333333333333,24.622210460172155,-0.9678212508297399,24.641224115667807,-0.05980627351694011,0.2511641419795782,0.004553228193136203,0.5091462043092302,-5.325512990905231,187.34454937130474,-11.406399765085874,-0.03928661389320045,-0.031123320563105565,-0.05304838689611979,434.99208532554235,842.447586759899,0.0,0.4444444444444444,0.0,-0.007850393436441729
