t,vx,vy,speed,yaw,yaw_rate,steering_angle,ax,ay,pos_x,pos_y,sideslip,alpha_f,alpha_r,fy_f,fy_r,f_long,throttle,brake,steer_cmd
0.0,19.61204939535717,-0.005628267577832774,19.612050202957505,-6.93819967681555e-05,-0.00416291980608933,-0.028999999999999998,1.0705226937304833,-0.33769605466996644,54.66178431970666,-0.00011648317851599633,-0.0002869800758637206,0.028448115279603406,4.4225961321193544e-20,-397.7125899250724,-7.076153811390967e-16,0.0,0.4444444444444444,0.0,0.05
0.016666666666666666,19.629875021477062,-0.009789007812029515,19.629877462263565,-0.0002068293705328879,-0.008246842425883943,-0.028999999999999998,1.0695375671934564,-0.2496444140518045,54.988948862655924,-0.00034730054964991183,-0.0004986790282604107,0.02797701538432453,6.931899179680605e-05,-391.14457437744375,-1.109103854505538,0.0,0.4444444444444444,0.0,0.05
0.03333333333333333,19.647684354868318,-0.012536616563346842,19.64768835449331,-0.00041101233841657427,-0.012250978073021184,-0.028999999999999998,1.0685600034753415,-0.16485652507903958,55.316410155032784,-0.0006908348157871448,-0.000638070860441004,0.027583760910845183,0.00020494556316518668,-385.66117669670547,-3.2791286425384114,0.0,0.4444444444444444,0.0,0.05
0.05,19.665477232603507,-0.01392459053444428,19.66548216241515,-0.000680589959655764,-0.016174657274351384,-0.028999999999999998,1.0675726641114516,-0.08327843826584624,55.6441678750514,-0.0011459800263301269,-0.0007080727328726358,0.027265461437790264,0.0004039335315636307,-381.2224688731051,-6.462933686731177,0.0,0.4444444444444444,0.0,0.05
0.06666666666666667,19.683253228413985,-0.014005511152462279,19.683258211185773,-0.0010142120459818813,-0.020017325179567034,-0.028999999999999998,1.066559748628775,-0.004855237081079988,55.972221690059826,-0.0017121215772502303,-0.0007115444091631263,0.027019276511941463,0.0006634020516413773,-377.78912705155614,-10.614420341348772,0.0,0.4444444444444444,0.0,0.05
0.08333333333333333,19.701011677444896,-0.012831030619687536,19.70101585579198,-0.0014105209821201742,-0.023778536168297573,-0.028999999999999998,1.0655069418547134,0.07046883196648457,56.300571256405675,-0.0023891165602672264,-0.0006512878128067432,0.026842416496414518,0.0009805356397515697,-375.32245621174127,-15.688529923080344,0.0,0.4444444444444444,0.0,0.05
0.1,19.718751700096494,-0.010451859947929638,19.718754470083418,-0.0018681534610145165,-0.027457948733660538,-0.028999999999999998,1.0644013590959025,0.14275024030547379,56.62921621915974,-0.003177274468894872,-0.0005300466849056968,0.026732143292783853,0.0013525841230077032,-373.7844112435283,-21.64124015341978,0.0,0.4444444444444444,0.0,0.05
0.11666666666666667,19.736472224923737,-0.006917758810978475,19.73647343728289,-0.002385742138044827,-0.031055320621818643,-0.028999999999999998,1.0632314896346051,0.21204606821706978,56.95815621171459,-0.004077338267228479,-0.0003505063341030879,0.026685770947971414,0.0017768625194477263,-373.1376148257411,-28.429560420804876,0.0,0.4444444444444444,0.0,0.05
0.13333333333333333,19.754172010572884,-0.002277527066662288,19.754172141864885,-0.002961917208175707,-0.034570504207852785,-0.028999999999999998,1.0619871389487907,0.2784139046589712,57.2873908552743,-0.0050904658261705284,-0.0001152934709362608,0.026700666155643548,0.0022507508550178197,-373.345372473372,-36.011526117075725,0.0,0.4444444444444444,0.0,0.05
0.15,19.771849666739953,0.0034210021843581444,19.77184996269749,-0.003595307909661988,-0.03800344208917685,-0.028999999999999998,1.0606593700241849,0.34191175506122595,57.616919758250646,-0.0062182117307707395,0.000173023880308702,0.02677424866087856,0.002771693922345576,-374.3716850785368,-44.3461922557052,0.0,0.4444444444444444,0.0,0.05
0.16666666666666666,19.789503674141486,0.010130968121773817,19.789506267347207,-0.004284543957641185,-0.041354162878751835,-0.028999999999999998,1.0592404440919472,0.40259795624494044,57.946742515580134,-0.0074625094614767405,0.0005119363983834591,0.026903991575974007,0.003337200985630046,-376.18125923382746,-53.3936265381235,0.0,0.4444444444444444,0.0,0.05
0.18333333333333332,19.807132403493053,0.01780648641674487,19.807140407450618,-0.0050282569106656835,-0.04462277718146988,-0.028999999999999998,1.05772376109399,0.46053109769826334,58.27685870797559,-0.008825653951331867,0.0008989934159576411,0.027087421614453128,0.0039448454354242815,-378.73951559315896,-63.11490199879774,0.0,0.4444444444444444,0.0,0.05
0.2,19.824734133495536,0.026402652225454938,19.82475171506134,-0.005825081472969755,-0.047809473738244256,-0.028999999999999998,1.0561038001489835,0.5157699485226039,58.60726790112491,-0.010310284520500706,0.0013318028094372674,0.027322119249599305,0.004592264396615535,-382.01259549462327,-73.4720893290508,0.0,0.4444444444444444,0.0,0.05
0.21666666666666667,19.842307067833296,0.03587554204938209,19.842339499885203,-0.006673656735028651,-0.05091451572353379,-0.028999999999999998,1.0543760602655563,0.5683733894356292,58.93796964484901,-0.01191936818893578,0.0018080308320317627,0.027605718803191542,0.005277158292510564,-385.9673660421442,-84.42824895345026,0.0,0.4444444444444444,0.0,0.05
0.23333333333333334,19.859849351192043,0.04618221453748392,19.859903047320817,-0.007572627354749146,-0.05393823718322972,-0.028999999999999998,1.0525370015248556,0.6184003492861095,59.268963472230155,-0.013656183367506614,0.0023254018939138166,0.02793590846952748,0.005997290367600548,-390.5714238177282,-95.9474229105322,0.0,0.4444444444444444,0.0,0.05
0.25,19.87735908430758,0.057280710297469895,19.877441617227237,-0.008520644681432822,-0.05688103960102061,-0.028999999999999998,1.0505839869322589,0.6659097455991587,59.60024889872081,-0.015524303927483638,0.0028816982929117346,0.02831043027929885,0.006750486171304355,-395.79309737368226,-107.99462657123324,0.0,0.4444444444444444,0.0,0.05
0.26666666666666666,19.89483433805954,0.0691300507762847,19.894954443344506,-0.009516367824474714,-0.05974338858251352,-0.028999999999999998,1.0485152251174206,0.7109604287288881,59.93182542124282,-0.01752758364789328,0.003474759898824978,0.028727080007422124,0.007534633004763454,-401.6014486341584,-120.53584021330725,0.0,0.4444444444444444,0.0,0.05
0.2833333333333333,19.912273166626917,0.08169023626376963,19.912440733297142,-0.010558464668599958,-0.06252581064751465,-0.028999999999999998,1.046329714042804,0.7536111292490955,60.26369251728565,-0.01967014103992816,0.004102483794154553,0.029183707028520054,0.008347679332580014,-407.9662733176272,-133.53800045783424,0.0,0.4444444444444444,0.0,0.05
0.3,19.92967361972464,0.0949222430681272,19.929899669114675,-0.011645612837299134,-0.06522889012195057,-0.028999999999999998,1.0440271858632524,0.7939204082614539,60.5958496440117,-0.02195634454729955,0.004762823873785498,0.02967821412339272,0.00918763416124599,-414.85810047621794,-146.96899156436223,0.0,0.4444444444444444,0.0,0.05
0.31666666666666665,19.947033753942353,0.10878801990720989,19.947330408207282,-0.012776500605998045,-0.06785326612193467,-0.028999999999999998,1.0416080530627971,0.8319466103449615,60.928296237376316,-0.024390798121151344,0.005453790405943833,0.030208557239505336,0.010052566385899513,-422.24819123412453,-160.7976365739391,0.0,0.4444444444444444,0.0,0.05
0.3333333333333333,19.964351643208683,0.12325048355571522,19.964732084738475,-0.013949827766388836,-0.07039962962344751,-0.028999999999999998,1.0390733559797252,0.86774781891032,61.261031711269005,-0.026978327167909974,0.0061734495565703325,0.03077274520824968,0.010940604106960987,-430.10853679531317,-174.99368828400912,0.0,0.4444444444444444,0.0,0.05
0.35,19.98162538840563,0.1382735137850267,19.982103811340558,-0.015164306443255483,-0.07286872061199885,-0.028999999999999998,1.0364247118167484,0.9013818137586893,61.59405545668208,-0.02972396486821791,0.006919922879103958,0.03136883942150305,0.011849933918140283,-438.4118557804202,-189.5278200356006,0.0,0.4444444444444444,0.0,0.05
0.36666666666666664,19.998853126159293,0.15382194762962814,19.99944468112212,-0.016418661865046685,-0.07526132530747214,-0.028999999999999998,1.0336642652198993,0.9329060306760873,61.92736684091206,-0.03263293886488587,0.007691386771544768,0.03199495346980836,0.01277880016726431,-447.13159094385344,-204.37161629117287,0.0,0.4444444444444444,0.0,0.05
0.3833333333333333,20.01603303683425,0.1698615730116757,20.01675376992049,-0.017711633089381965,-0.0775782734601168,-0.028999999999999998,1.030794640497393,0.9623775229228543,62.26096520679881,-0.03571065831759688,0.008486071902565803,0.03264925274432835,0.013725504191347321,-456.2419053145585,-219.4975629806985,0.0,0.4444444444444444,0.0,0.05
0.4,20.033163351759885,0.18635912175338054,20.03403013875531,-0.019041973684621124,-0.07982043571434963,-0.028999999999999998,1.0278188955381196,0.9898529245022901,62.59484987200657,-0.038962701321901404,0.009302262608362552,0.03332995400458236,0.014688403527311548,-465.71767779756294,-234.8790375938298,0.0,0.4444444444444444,0.0,0.05
0.4166666666666667,20.05024235971786,0.20328226200528116,20.051272836442838,-0.020408452368582023,-0.08198872103765394,-0.028999999999999998,1.0247404774785316,1.015388415114037,62.92902012835063,-0.04239480268985514,0.01013829626186393,0.03403532491385161,0.015665911099759747,-475.5344982681157,-250.49029899714333,0.0,0.4444444444444444,0.0,0.05
0.43333333333333335,20.06726841272047,0.2205995901172193,20.068480902333604,-0.021809853605455783,-0.08408407421242571,-0.028999999999999998,1.0215631801565357,1.039039686716288,63.26347524117287,-0.04601284208946711,0.01099256261587758,0.03476368354403726,0.01665649438720231,-485.6686621859034,-266.30647695731597,0.0,0.4444444444444444,0.0,0.05
0.45,20.08423993111016,0.23828062197783015,20.08565336913913,-0.023244978161940974,-0.08610747338911151,-0.028999999999999998,1.0182911033814097,1.0608619116366502,63.598214448768864,-0.0498228325399457,0.011863503121702134,0.03551339785166958,0.01765867456814649,-496.09716475331095,-282.3035613534965,0.0,0.4444444444444444,0.0,0.05
0.4666666666666667,20.101155408010825,0.2562957838475759,20.102789265816345,-0.024712643623597888,-0.08805992769941488,-0.028999999999999998,1.0149286140398255,1.0809097121847466,63.933236961868715,-0.053830909259552105,0.012749610224707598,0.03628288512669612,0.018671025648463093,-506.797694638922,-298.4583910649728,0.0,0.4444444444444444,0.0,0.05
0.48333333333333334,20.118013413161652,0.27461640270975274,20.11988762048112,-0.026211684872409897,-0.08994247492872061,-0.028999999999999998,1.0114803090496698,1.0992371317306109,64.26854196317349,-0.05804331886269491,0.013649426638360445,0.03707061141561802,0.019692173571454374,-517.7486272853022,-314.7486425233724,0.0,0.4444444444444444,0.0,0.05
0.5,20.134812596164412,0.29321469616345,20.136947463324905,-0.02774095452652992,-0.09175617924720134,-0.028999999999999998,1.007950980165532,1.1158976072218343,64.6041286069486,-0.062466408902725166,0.014561544598150233,0.037875090920494854,0.020720795312054868,-528.9290178185134,-331.15281792195844,0.0,0.4444444444444444,0.0,0.05
0.5166666666666666,20.15155168917495,0.31206376188210777,20.15396782951114,-0.029299323343185472,-0.09350212899933318,-0.028999999999999998,1.0043455806324184,1.1309439431194672,64.93999601867507,-0.06710661775671914,0.015484605096858497,0.03869488537529829,0.021755617956603246,-540.3185935756612,-347.6502330780198,0.0,0.4444444444444444,0.0,0.05
0.5333333333333333,20.168229509069576,0.331137566661076,20.170947762030398,-0.03088568058571478,-0.09518143455175866,-0.028999999999999998,1.00066919367749,1.1444282867380937,65.27614329475931,-0.07197046484836576,0.016417297102596557,0.039528603401061,0.022795417769627,-551.8977462660281,-364.2210049477992,0.0,0.4444444444444444,0.0,0.05
0.55,20.18484495911663,0.35041093507739973,20.18788631449558,-0.03249893435570814,-0.09679522619960138,-0.028999999999999998,0.9969270028233268,1.1564021049794238,65.6125695023017,-0.07706454120490791,0.01735835676102605,0.040374899841238626,0.02383901924908238,-563.6475237809134,-380.84603879680736,0.0,0.4444444444444444,0.0,0.05
0.5666666666666667,20.201397030183305,0.369859537784923,20.204782553860593,-0.03413801189123247,-0.09834465213146028,-0.028999999999999998,0.9931242640004604,1.1669161624513937,65.94927367892396,-0.08239550034392182,0.018306566583163108,0.04123247507867783,0.024885294171488714,-575.5496216671222,-397.5070150316614,0.0,0.4444444444444444,0.0,0.05
0.5833333333333334,20.217884801507164,0.3894598794676952,20.221635563048043,-0.03580185983212242,-0.09983087645339665,-0.028999999999999998,0.9892662794315803,1.1760205009663347,66.28625483265492,-0.08797004948555777,0.019260754620153565,0.04210007433556124,0.025933160628388876,-587.5863742790791,-414.18637570272494,0.0,0.4444444444444444,0.0,0.05
0.6,20.234307441061414,0.4091892864745673,20.238444443473387,-0.03748944445332704,-0.10125507727227731,-0.028999999999999998,0.9853583732550278,1.1837644204123268,66.62351194187403,-0.09379494108570793,0.020219793626391973,0.04297648695767958,0.026981582055555817,-599.7407456247232,-430.86731068976405,0.0,0.4444444444444444,0.0,0.05
0.6166666666666667,20.25066420554226,0.42902589415776154,20.25520831745476,-0.039199751867307994,-0.10261844483885733,-0.028999999999999998,0.9814058688507735,1.1901964609916547,66.96104395531195,-0.09987696468541468,0.021182600212340405,0.043860545684362096,0.02802956625634883,-611.9963199206447,-447.53374358555226,0.0,0.4444444444444444,0.0,0.05
0.6333333333333333,20.266954440006064,0.44894863393808476,20.271926330499436,-0.040931788196490966,-0.10392217975097814,-0.028999999999999998,0.9774140678281755,1.195364386819393,67.29884979210692,-0.10622293907168587,0.02214813398838453,0.0447511259053763,0.029076164420602294,-624.3372918722846,-464.1703172948165,0.0,0.4444444444444444,0.0,0.05
0.65,20.283177577183253,0.46893722011931305,20.288597653459508,-0.04268457971677806,-0.10516749121722566,-0.028999999999999998,0.9733882306313113,1.1993151708736955,67.63692834191585,-0.11283970474474259,0.023115396701043206,0.04564714490608909,0.030120470140404497,-636.7484566954437,-480.7623793681187,0.0,0.4444444444444444,0.0,0.05
0.6666666666666666,20.299333136495164,0.488972136474105,20.30522148455068,-0.044457172973133764,-0.10635559538134211,-0.028999999999999998,0.9693335587146029,1.202094981287515,67.97527846507846,-0.11973411668659051,0.024083431362824113,0.046547561102159976,0.03116161842409447,-649.2151998957708,-497.29596709218384,0.0,0.4444444444444444,0.0,0.05
0.6833333333333333,20.315420722799143,0.5090346226235928,20.32179705122966,-0.04624863486826071,-0.10748771370761674,-0.028999999999999998,0.9652551782387998,1.2037491689692654,68.31389899283312,-0.12691303742567903,0.025051321376991717,0.04745137326501567,0.03219878470977117,-661.7234868233181,-513.7577923598312,0.0,0.4444444444444444,0.0,0.05
0.7,20.331440024886394,0.5291066602325513,20.338323611926693,-0.04805805272538402,-0.10856507142739845,-0.028999999999999998,0.9611581252351127,1.2043222565375085,68.65278872758233,-0.13438333039229328,0.02601818965848457,0.04835761973933188,0.033231183879572,-674.2598520196448,-530.135226344017,0.0,0.4444444444444444,0.0,0.05
0.7166666666666667,20.347390813756117,0.549170959041754,20.35480045763116,-0.04988453432616369,-0.10958889604678017,-0.028999999999999998,0.9570473321834039,1.203857928552162,68.99194644320626,-0.14215185355921284,0.026983197752187566,0.04926537765372311,0.03425806927593683,-686.8113883752991,-546.4162840015845,0.0,0.4444444444444444,0.0,0.05
0.7333333333333333,20.3632729406886,0.5692109427587879,20.37122691332893,-0.051727207924753736,-0.1105604159154031,-0.028999999999999998,0.9529276159488195,1.2023990230220416,69.3313708854221,-0.15022545336206916,0.027945544949730332,0.05017376212581447,0.03527873172102935,-699.3657361157923,-562.5896084331242,0.0,0.4444444444444444,0.0,0.05
0.75,20.379086335138933,0.5892107348282192,20.387602339291472,-0.05358522223902409,-0.11148085885622086,-0.028999999999999998,0.9488036670200576,1.1999875241658722,69.67106077218739,-0.15861095889374013,0.02890446740594656,0.05108192546284078,0.0362924985404414,-711.911071634406,-578.644455125905,0.0,0.4444444444444444,0.0,0.05
0.7666666666666666,20.394831002472127,0.6091551441015731,20.40392613221739,-0.05545774641995663,-0.1123514508559522,-0.028999999999999998,0.9446800399916274,1.196664556401238,70.01101479414494,-0.16731517636703688,0.029859237256090118,0.05198905635888788,0.03729873259225601,-724.4360961903202,-594.5706761071311,0.0,0.4444444444444444,0.0,0.05
0.7833333333333333,20.410507021559326,0.6290296504271297,20.4201977262278,-0.05734397000022058,-0.11317341481583719,-0.028999999999999998,0.9405611452319026,1.192470379533392,70.3512316151074,-0.17634488383986296,0.0308091617348634,0.052894379089858744,0.03829683130249443,-736.9300244906266,-610.3587040348768,0.0,0.4444444444444444,0.0,0.05
0.8,20.426114542253966,0.648820390179019,20.436416593717965,-0.05924310282292389,-0.11394796936219816,-0.028999999999999998,0.9364512416785259,1.1874443851133623,70.69170987257894,-0.1857068261969626,0.031753582298270404,0.05379715270721265,0.039286225707919016,-749.382573174773,-625.9995362538843,0.0,0.4444444444444444,0.0,0.05
0.8166666666666667,20.441653782765677,0.6685141417445615,20.452582246067873,-0.06115437495152713,-0.11467632771619458,-0.028999999999999998,0.9323544307027287,1.1816250939325434,71.03244817831202,-0.195407710382319,0.03269187374926346,0.054696670231490586,0.04026637950711011,-761.7839492199046,-641.484718843096,0.0,0.4444444444444444,0.0,0.05
0.8333333333333334,20.457125026948752,0.6880983109882084,20.468694234215278,-0.06307703656189466,-0.1153596966220516,-0.028999999999999998,0.9282746509844135,1.1750501546188177,71.37344511889675,-0.20545420087621985,0.03362344336810706,0.05559225784660237,0.041236788120679976,-774.124838285391,-656.8063306812599,0.0,0.4444444444444444,0.0,0.05
0.85,20.47252862152109,0.7075609167098309,20.48475214909508,-0.0650103578174436,-0.1159992753329365,-0.028999999999999998,0.9242156743403351,1.1677563432973508,71.71469925638064,-0.21585291541097176,0.03454773004833602,0.05648327409581299,0.04219697776143148,-786.3963930145827,-671.9569675562823,0.0,0.4444444444444444,0.0,0.05
0.8666666666666667,20.487864973228564,0.7268905761144561,20.5007556219494,-0.06695362872833623,-0.11659625465355718,-0.028999999999999998,0.9201811024484284,1.1597795642775084,72.05620912891638,-0.22661042091922057,0.03546420343913811,0.05736910908032582,0.04314650451521299,-798.5902213115154,-686.9297263431656,0.0,0.4444444444444444,0.0,0.05
0.8833333333333333,20.50313454596877,0.7460764903098874,20.516704324513018,-0.06890615899564392,-0.1171518160384621,-0.028999999999999998,0.9161743644122444,1.1511548517258794,72.39797325143535,-0.23773322970881866,0.03637236309494408,0.05824918366132018,0.04408495343316631,-810.6983746098928,-701.7181892744466,0.0,0.4444444444444444,0.0,0.05
0.9,20.51833785788728,0.7651084298479561,20.532597969079188,-0.07086727784139281,-0.11766713074493294,-0.028999999999999998,0.9121987151105199,1.14191637228412,72.73999011634456,-0.24922779585817506,0.03727173763295987,0.059122948666259105,0.04501193763600811,-822.7133361512115,-716.3164083259777,0.0,0.4444444444444444,0.0,0.05
0.9166666666666666,20.53347547845858,0.7839767203244453,20.548436308451077,-0.07283633382538081,-0.11814335903928015,-0.028999999999999998,0.9082572342781431,1.1320974285893513,73.08225819424486,-0.26110051182602656,0.038161883899328376,0.059989884100241725,0.04592709743093178,-834.6280092883868,-730.7188897397738,0.0,0.4444444444444444,0.0,0.05
0.9333333333333333,20.548548025563015,0.8026722280520128,20.564219135784263,-0.07481269464963544,-0.11858164945527798,-0.028999999999999998,0.9043528262661437,1.1217304636540473,73.42477593466803,-0.2733577052695811,0.039042386144560196,0.060849498363132346,0.04683009944166227,-846.4357058306522,-744.9205787044207,0.0,0.4444444444444444,0.0,0.05
0.95,20.56355616257018,0.8211863458197092,20.579946284325885,-0.07679574695135893,-0.11898313810340926,-0.028999999999999998,0.900488220429815,1.1108470660617853,73.76754176683073,-0.28600563606500473,0.03991285520882613,0.06170132747315589,0.04772063575214445,-858.1301344448948,-758.9168442122894,0.0,0.4444444444444444,0.0,0.05
0.9666666666666667,20.57850059543844,0.8395109787519576,20.595617627056136,-0.07878489608518446,-0.11934894802953176,-0.028999999999999998,0.89666597209567,1.099477975934907,74.11055410040305,-0.29905049352425356,0.040772927717657156,0.06254493429760721,0.04859842306429409,-869.7053891279303,-772.703464111474,0.0,0.4444444444444444,0.0,0.05
0.9833333333333333,20.593382069839436,0.8576385302791242,20.611233076237912,-0.08077956589554326,-0.11968018862152759,-0.028999999999999998,0.8928884640595917,1.0876530916299945,74.4538113262897,-0.3124983938022882,0.04162226528855219,0.06337990779127961,0.04946320187019093,-881.1559377635148,-786.2766103690453,0.0,0.4444444444444444,0.0,0.05
1.0,20.60820136831561,0.8755618882310766,20.626792582880356,-0.08277919847991749,-0.11997795506245386,-0.028999999999999998,0.8891579085702876,1.0754014771171472,74.79731181742163,-0.32635537748875415,0.04246055374894892,0.0642058622431758,0.050314735639045344,-892.4766107771788,-799.6328345608625,0.0,0.4444444444444444,0.0,0.05
1.0166666666666666,20.622959307478173,0.8932744110643979,20.64229613612214,-0.08478325394372879,-0.1202433278286781,-0.028999999999999998,0.8854763497539445,1.0627513699992743,75.1410539295564,-0.340627407378262,0.043287502365969566,0.06502243653202391,0.051152810019223977,-903.6625899012129,-812.7690536018141,0.0,0.4444444444444444,0.0,0.05
1.0333333333333332,20.637656735252136,0.9107699142331993,20.65774376254024,-0.08679121014758635,-0.12047737223145336,-0.028999999999999998,0.8818456664378302,1.0497301901280849,75.48503600208507,-0.3553203664134618,0.04410284308831043,0.06582929339107982,0.051977232055574835,-914.7093970613754,-825.6825357290271,0.0,0.4444444444444444,0.0,0.05
1.05,20.652294528174345,0.9280426567127661,20.673135525389913,-0.08880256244759249,-0.12068113800036806,-0.028999999999999998,0.8782675753324289,1.03636454877401,75.82925635884394,-0.370440055795169,0.044906329800603564,0.06662611868265755,0.05278782942225071,-925.6128833961133,-838.3708867492436,0.0,0.4444444444444444,0.0,0.05
1.0666666666666667,20.666873588749905,0.9450873276845668,20.68847152378151,-0.09081682342937734,-0.12085565890709113,-0.028999999999999998,0.874743634533611,1.0226802583080425,76.17371330892946,-0.38599219325387163,0.045697737590538676,0.06741262068279094,0.05358444967118878,-936.3692184183155,-850.8320365602555,0.0,0.4444444444444444,0.0,0.05
1.0833333333333333,20.681394842871708,0.9618990333904727,20.70375189179966,-0.09283352263650778,-0.12100195242782612,-0.028999999999999998,0.8712752473081955,1.0087023423543515,76.5184051475144,-0.4019824114770243,0.0464768620289952,0.06818852937639086,0.05436695949636591,-946.9748793288242,-863.064225955011,0.0,0.4444444444444444,0.0,0.05
1.1,20.69585923730718,0.9784732841633645,20.71897679757025,-0.09485220629388923,-0.12112101944288692,-0.028999999999999998,0.8678636661281723,0.9944550463735138,76.86333015666378,-0.41841625668661553,0.0472435184633983,0.06895359576322661,0.05513524401391388,-957.4266404901599,-875.065993715784,0.0,0.4444444444444444,0.0,0.05
1.1166666666666667,20.710267737255858,0.9948059816406525,20.734146442280398,-0.09687243702675276,-0.12121384397181197,-0.028999999999999998,0.864509996920708,0.9799618486372752,77.20848660614901,-0.43529918736158146,0.04799754132447681,0.06970759117502395,0.05588920605814303,-967.7215630681524,-886.8361640045773,0.0,0.4444444444444444,0.0,0.05
1.1333333333333333,20.724621323980905,1.010893406166602,20.749261059156666,-0.0988937935757935,-0.12128139294244449,-0.028999999999999998,0.8612152035029191,0.9652454715569707,77.5538727542587,-0.4526365730997287,0.04873878344656849,0.07045030660393745,0.05662876549349273,-977.8569848483933,-898.3738340548168,0.0,0.4444444444444444,0.0,0.05
1.15,20.73892099251711,1.0267322043887512,20.764320912406355,-0.10091587050900051,-0.12132461599242077,-0.028999999999999998,0.8579801121722178,0.9503278933289592,77.89948684860481,-0.4704336936139232,0.04946711540158568,0.07118155204262297,0.05735385854239537,-987.8305102337101,-909.6783621682763,0.0,0.4444444444444444,0.0,0.05
1.1666666666666667,20.75316774945752,1.042319377053114,20.779326296126737,-0.10293827793069266,-0.12134444530152848,-0.028999999999999998,0.8548054164248192,0.9352303598617726,78.24532712692266,-0.4886957378573983,0.050182424846725096,0.07190115583610346,0.058064437129014435,-997.640000428115,-920.74935602015,0.0,0.4444444444444444,0.0,0.05
1.1833333333333333,20.767362610820467,1.0576522670022979,20.79427753318684,-0.10496064118824966,-0.12134179545342047,-0.028999999999999998,0.851691681776767,0.9199733969510322,78.59139181786375,-0.5074278032731369,0.0508846158859767,0.07260896404559106,0.05876046823878974,-1007.2835638119926,-931.5866612741986,0.0,0.4444444444444444,0.0,0.05
1.2,20.781506599998192,1.0727285473801251,20.809174974086133,-0.10698260057700294,-0.12131756332519703,-0.028999999999999998,0.8486393506635119,0.9045768226696351,78.93767914178001,-0.5266348951623826,0.05157360844546046,0.07330483982440054,0.059441933293700865,-1016.759546512612,-942.1903505089832,0.0,0.4444444444444444,0.0,0.05
1.2166666666666666,20.79560074578812,1.087546210045827,20.82401899579446,-0.10900381104372628,-0.12127262800340022,-0.028999999999999998,0.8456487473957597,0.8890597599421197,79.28418731149848,-0.5463219261674429,0.052249337662594604,0.07398866280606084,0.060108827543136276,-1026.0665231733933,-952.5607124553244,0.0,0.4444444444444444,0.0,0.05
1.2333333333333334,20.809646080507303,1.1021035542003872,20.838810000577148,-0.1110239418891429,-0.12120785072499757,-0.028999999999999998,0.8427200831508954,0.8734406492736126,79.63091453308537,-0.56649371586405,0.052911753289076116,0.07466032850470582,0.06076115947023711,-1035.2032879247326,-962.6982415443335,0.0,0.4444444444444444,0.0,0.05
1.25,20.823643638190315,1.116399175227141,20.853548414809215,-0.11304267646984238,-0.1211240748419686,-0.028999999999999998,0.8398534609808455,0.8577372616052243,79.97785900659841,-0.5871549904586562,0.05356081910763238,0.07531974772780115,0.06139895021356535,-1044.168845558594,-972.6036277646087,0.0,0.4444444444444444,0.0,0.05
1.2666666666666666,20.83759445287063,1.130431953748295,20.86823468778229,-0.11505971189997814,-0.12102212580814574,-0.028999999999999998,0.8370488808187255,0.8419667112692455,80.32501892682671,-0.6083103825861484,0.054196512362482886,0.07596684600124096,0.06202223300393012,-1052.962402908513,-982.2777468265057,0.0,0.4444444444444444,0.0,0.05
1.2833333333333332,20.851499556945097,1.1442010448986109,20.882869290507678,-0.11707475875309484,-0.12090281118700166,-0.028999999999999998,0.8343062444680681,0.8261454690189525,80.67239248401732,-0.6299644312035761,0.05481882320343185,0.07660156300682656,0.06263105261619151,-1061.5833604361183,-991.7216506307699,0.0,0.4444444444444444,0.0,0.05
1.3,20.865359979621093,1.1577058678170993,20.89745271451886,-0.11908754076441344,-0.12076692067911639,-0.028999999999999998,0.8316253605597828,0.8102893751093034,81.01997786458756,-0.6521215815755969,0.055427754143495024,0.0772238520321187,0.06322546483584693,-1070.0313040247615,-1000.9365580382351,0.0,0.4444444444444444,0.0,0.05
1.3166666666666667,20.87917674544548,1.1709460953572033,20.911985470676466,-0.12109779453388178,-0.12061522616810028,-0.028999999999999998,0.8290059494633226,0.7944136524062455,81.36777325182251,-0.6747861853474569,0.05602331952994917,0.07783367943263719,0.06380553594019513,-1078.3059969803942,-1009.9238459367895,0.0,0.4444444444444444,0.0,0.05
1.3333333333333333,20.892950872914476,1.183921644015599,20.92646808797859,-0.12310526923027833,-0.1204484817837928,-0.028999999999999998,0.8264476481397824,0.7785329195037423,81.7157768265571,-0.6979625007014322,0.05660554502867808,0.07843102410636295,0.06437134219386084,-1086.407372239358,-1018.6850406013283,0.0,0.4444444444444444,0.0,0.05
1.35,20.90668337316324,1.1966326640794167,20.940901112379144,-0.12510972629663836,-0.12026742398160124,-0.028999999999999998,0.8239500149258441,0.7626612038290568,82.06398676784198,-0.7216546925927655,0.05717446712167646,0.07901587698048249,0.06492296935845604,-1094.3355247823672,-1027.2218093420286,0.0,0.4444444444444444,0.0,0.05
1.3666666666666667,20.920375248733883,1.2090795299913855,20.95528510561671,-0.12711093915725316,-0.12007277163688773,-0.028999999999999998,0.8215125342386089,0.7468119547181216,82.41240125359289,-0.7458668330612481,0.057730132617561665,0.07958824051029917,0.0654605122161446,-1102.0907042535591,-1035.5359524358782,0.0,0.4444444444444444,0.0,0.05
1.3833333333333333,20.934027492420423,1.2212628309321218,20.96962064405626,-0.1291086929264758,-0.11986522615335819,-0.028999999999999998,0.8191346211924394,0.7309980564441825,82.7610184612229,-0.7706029016147009,0.058272598174932674,0.08014812819022239,0.06598407410687215,-1109.6733077831527,-1043.629395336117,0.0,0.4444444444444444,0.0,0.05
1.4,20.947641086189087,1.2331833616185242,20.98390831754585,-0.13110278411954998,-0.11964547158445107,-0.028999999999999998,0.8168156261199262,0.7152318411841341,83.10983656825722,-0.7958667856807187,0.058801929838406916,0.08069556407673306,0.06649376647901653,-1117.083873011916,-1051.5041811539372,0.0,0.4444444444444444,0.0,0.05
1.4166666666666667,20.961217000172255,1.2448421133169945,20.99814872829026,-0.13309302036566278,-0.11941417476676809,-0.028999999999999998,0.814554838990067,0.6995251019082189,83.45885375293003,-0.8216622811231507,0.05931820258715737,0.08123058232321276,0.06698970845321087,-1124.3230713153628,-1059.1624634065852,0.0,0.4444444444444444,0.0,0.05
1.4333333333333333,20.974756191734215,1.2562402650699929,21.0123424897434,-0.13507922012340667,-0.11917198546463333,-0.028999999999999998,0.8123514937176277,0.6838891051799048,83.80806819476328,-0.847993092819893,0.05982149989576561,0.08175322672651314,0.06747202639908773,-1131.3917012253205,-1066.6064990258014,0.0,0.4444444444444444,0.0,0.05
1.45,20.988259604606856,1.267379175134225,21.026490225521137,-0.13706121239882185,-0.1189195365249099,-0.028999999999999998,0.8102047723585001,0.6683346038539255,84.15747807512697,-0.8748628352986778,0.06031191330720002,0.08226355028513364,0.0679408535246903,-1138.290682046276,-1073.8386416203853,0.0,0.4444444444444444,0.0,0.05
1.4666666666666666,21.0017281680933,1.2782603726285835,21.040592568336002,-0.13903883646617596,-0.11865744404124638,-0.028999999999999998,0.8081138091866606,0.6528718496615076,84.50708157778081,-0.9022750334276427,0.06078954201772403,0.08276161476886651,0.0683963294782956,-1145.0210476636903,-1080.8613349865489,0.0,0.4444444444444444,0.0,0.05
1.4833333333333334,21.015162796337453,1.2888855493897977,21.054650158955187,-0.1410119415916254,-0.11838630752696636,-0.028999999999999998,0.806077694649068,0.6375106056728583,84.85687688939697,-0.9302331231575697,0.06125449247353422,0.08324749029976133,0.0688385999623931,-1151.5839405412773,-1087.6771068596354,0.0,0.4444444444444444,0.0,0.05
1.5,21.027790041960667,1.2939212128632491,21.06756241604324,-0.1430461577062697,-0.12205296687865749,-0.057999999999999996,0.7576347373927836,0.3021398084070821,85.20683487374595,-0.9588496453825951,0.061456377592701374,0.11223677437432046,0.06927035898633566,-1537.6895031911638,-1094.3277191246345,0.0,0.4444444444444444,0.0,0.1
1.5166666666666666,21.04031409828387,1.3001763995338718,21.080447718783105,-0.14514022721689449,-0.12564417063748726,-0.057999999999999996,0.7514433793920973,0.3753112002373613,85.55695378366168,-0.9881259732025773,0.06171605799575103,0.11228858998585445,0.06975476954378758,-1538.369127528514,-1101.7856019871008,0.0,0.4444444444444444,0.0,0.1
1.5333333333333332,21.05273288430844,1.307603392031965,21.0933019825938,-0.1472928829864101,-0.12915934617093724,-0.057999999999999996,0.7451271614742778,0.4456195498855955,85.90723176567928,-1.0180638517464502,0.06203117702284535,0.11240060459239679,0.070289448812777,-1539.8381960446918,-1110.0127798676144,0.0,0.4444444444444444,0.0,0.1
1.55,21.065044266002737,1.3161551554109612,21.106121252417974,-0.14950285012408512,-0.1325980282605009,-0.057999999999999996,0.7386829016578329,0.5131058027397679,86.25766686076773,-1.0486653821686,0.06239941692273762,0.11257051799717724,0.0708720600278462,-1542.066244261744,-1118.9719217828588,0.0,0.4444444444444444,0.0,0.1
1.5666666666666667,21.07724607275271,1.325785361858381,21.118901695805288,-0.1517688477025923,-0.13595985471043145,-0.057999999999999996,0.7321084049984297,0.577812386845193,86.60825700506287,-1.07993300582261,0.06281849992181766,0.11279606371565343,0.07150031323058312,-1545.0231165442547,-1128.626367678147,0.0,0.4444444444444444,0.0,0.1
1.5833333333333333,21.089336113029997,1.3364484131462693,21.131639596807258,-0.15408959040339879,-0.13924456204838975,-0.057999999999999996,0.7254024166372595,0.6397830772732886,86.95900003060795,-1.111869488629537,0.06328618917318464,0.11307501021414179,0.07217196590844377,-1548.6790005057198,-1138.9401519346982,0.0,0.4444444444444444,0.0,0.1
1.6,21.101312189257065,1.3480994609327461,21.144331350625773,-0.1564637900920211,-0.14245198131733858,-0.057999999999999996,0.7185645736241042,0.6990628671886161,87.30989366610858,-1.144477905656476,0.0638002895921173,0.11340516202668943,0.07288482352798009,-1553.004458469475,-1149.878024244885,0.0,0.4444444444444444,0.0,0.1
1.6166666666666667,21.113172111854563,1.3606944250202413,21.1569734589585,-0.15889015732465056,-0.14558203395776798,-0.057999999999999996,0.7115953558499025,0.7556978452497063,87.66093553770837,-1.1777616259198354,0.06435864858397419,0.11378436075649409,0.07363673996825211,-1557.9704561571898,-1161.4054680289682,0.0,0.4444444444444444,0.0,0.1
1.6333333333333333,21.124913712461215,1.3741900096702586,21.169562525985494,-0.1613674027876369,-0.14863472777917916,-0.057999999999999996,0.7044960363990534,0.8097350790010447,88.01212316979115,-1.2117242974265008,0.0649591566702403,0.1142104859678596,0.07442561785989546,-1563.5483887671724,-1173.488716549197,0.0,0.4444444444444444,0.0,0.1
1.65,21.136534856321347,1.388543718069192,21.18209525494295,-0.1638942386712983,-0.15161015301968378,-0.057999999999999996,0.6972686316079003,0.8612225039360077,88.36345398581484,-1.2463698324648818,0.06559974801814332,0.11468145597437171,0.07524940883503567,-1569.7101045943812,-1186.0947668615368,0.0,0.4444444444444444,0.0,0.1
1.6666666666666667,21.148033453839563,1.4037138650347414,21.194568445231624,-0.16646937997950784,-0.15450847849257257,-0.057999999999999996,0.6899158510928756,0.9102088179329639,88.71492530918177,-1.2817023931567193,0.06627840087899069,0.11519522852869205,0.07610611369298591,-1576.4279263342225,-1199.1913917315492,0.0,0.4444444444444444,0.0,0.1
1.6833333333333333,21.159407471306057,1.4196595880478893,21.20697899000937,-0.1690915457764871,-0.1573299478187555,-0.057999999999999996,0.6824410479896679,0.9567433807888768,89.06653436414955,-1.31772637727948,0.06699313794012639,0.11574980141910055,0.07699378248643277,-1583.674670202955,-1212.7471496289859,0.0,0.4444444444444444,0.0,0.1
1.7,21.170654940799782,1.4363408566911584,21.21932387421924,-0.1717594603722215,-0.16007487574406382,-0.057999999999999996,0.6748481696234934,1.0008761185961452,89.41827827678628,-1.3544464043681623,0.06774202659517489,0.11634321297766381,0.07791051453260434,-1591.423662998845,-1226.7313929053078,0.0,0.4444444444444444,0.0,0.1
1.7166666666666666,21.181773969279952,1.4537184805699748,21.23160017300666,-0.17447185444789678,-0.16274364454051699,-0.057999999999999996,0.66714170881013,1.042657432728979,89.770154075973,-1.391867302104386,0.06852317913702426,0.11697354250467282,0.07885445835372178,-1599.6487572201954,-1241.1142742494862,0.0,0.4444444444444444,0.0,0.1
1.7333333333333334,21.192762746879417,1.471754115790391,21.243805050481562,-0.17722746612274323,-0.16533670049078766,-0.057999999999999996,0.6593266559678314,1.0821381132249783,90.12215869445617,-1.4299940929997432,0.0693347528778032,0.1176389106137747,0.07982381155086045,-1608.3243443489228,-1255.8667515099569,0.0,0.4444444444444444,0.0,0.1
1.75,21.203619554416107,1.490410270063154,21.2559357587834,-0.1800250419636638,-0.16785455045523412,-0.057999999999999996,0.6514084522015002,1.1193692563657751,90.47428896995243,-1.4688319813795223,0.07017495019992442,0.11833747950201969,0.0808168206151848,-1617.4253664015412,-1270.9605909642746,0.0,0.4444444444444444,0.0,0.1
1.7666666666666666,21.21434277014115,1.5096503065011109,21.267989637409528,-0.18286333793901394,-0.170297758521007,-0.057999999999999996,0.6433929435026913,1.1544021862774092,90.82654164630705,-1.5083863406721019,0.07104201854209695,0.11906745314885633,0.08183178068037292,-1626.92732584321,-1286.3683691128165,0.0,0.4444444444444444,0.0,0.1
1.7833333333333332,21.224930875744352,1.5294384461742199,21.27996411276959,-0.18574112031789508,-0.17266694273286837,-0.057999999999999996,0.6352863361919843,1.1872883803865353,91.17891337470766,-1.5486627010085352,0.07193425032405516,0.11982707744793236,0.08286703521990839,-1636.8062939547954,-1302.063473068583,0.0,0.4444444444444444,0.0,0.1
1.8,21.23538246163959,1.5497397694839294,21.291856697931028,-0.18865716651631978,-0.1749627719054815,-0.057999999999999996,0.627095153714123,1.21807939858257,91.53140071495382,-1.5896667371360966,0.07284998281360566,0.12061464027539619,0.08392097569278885,-1647.0389177378038,-1318.0200996116746,0.0,0.4444444444444444,0.0,0.1
1.8166666666666667,21.245696231554273,1.5705202164164038,21.30366499252305,-0.19161026589160374,-0.17718596251703775,-0.057999999999999996,0.6188261948809985,1.2468268159484657,91.884000136783,-1.631404256648858,0.07378759793945838,0.12142847149824308,0.08499204114107912,-1657.602425437386,-1334.2132529742396,0.0,0.4444444444444444,0.0,0.1
1.8333333333333333,21.255871006448324,1.5917465857319713,21.315386682768857,-0.19459922048633999,-0.17933727568417565,-0.057999999999999996,0.6104864936430584,1.273582158934043,92.236708021253,-1.6738811885376832,0.07474552205318102,0.1222669429261087,0.08607871774262249,-1668.474630759451,-1350.6187414194928,0.0,0.4444444444444444,0.0,0.1
1.8499999999999999,21.265905727789256,1.613386533146232,21.327019541618036,-0.19762284572331035,-0.1814175142182211,-0.057999999999999996,0.60208328045606,1.2983968448556453,92.5895206621805,-1.7171035720613832,0.0757222256434967,0.12312846820978171,0.08717953832211402,-1679.6339358541568,-1367.2131726766747,0.0,0.4444444444444444,0.0,0.1
1.8666666666666667,21.275799460210877,1.635408568556474,21.33856142895339,-0.20067997105269084,-0.18342751976282887,-0.057999999999999996,0.5936239452972152,1.3213221246145275,92.94243426763512,-1.7610775459401615,0.07671622300603084,0.12401150268958368,0.08829308182363463,-1691.0593331346706,-1383.9739482924838,0.0,0.4444444444444444,0.0,0.1
1.8833333333333333,21.285551393583756,1.6577820523653704,21.350010291848577,-0.20376944055290983,-0.18536817001313874,-0.057999999999999996,0.5851160023727304,1.342409028533781,93.29544496148797,-1.805809337871889,0.07772607187150637,0.12491454319664881,0.08941797274764218,-1702.7304059970634,-1400.8792569584757,0.0,0.4444444444444444,0.0,0.1
1.9,21.29516084452621,1.6804771909523686,21.36136416485505,-0.2068901134865194,-0.18724037601657378,-0.057999999999999996,0.5765670565474642,1.3617083152198983,93.64854878501362,-1.8513052543711916,0.07875037299528224,0.1258361278100269,0.09055288055531627,-1714.6273285044329,-1417.908066873097,0.0,0.4444444444444444,0.0,0.1
1.9166666666666667,21.304627257384826,1.7034650313417083,21.372621170298896,-0.21004086481244275,-0.18904507955540106,-0.057999999999999996,0.5679847715169279,1.3792704233603792,94.00174169854378,-1.897571670930806,0.07978776971103116,0.12677483557242852,0.09169651904305527,-1726.7308640958909,-1435.0401171963522,0.0,0.4444444444444444,0.0,0.1
1.9333333333333333,21.313950204713695,1.7267174551145936,21.383779518569966,-0.21322058565596197,-0.19078325061115278,-0.057999999999999996,0.5593768397321376,1.3951454263731229,94.35501958317126,-1.9446150225041436,0.08083694745125625,0.12772928616733334,0.09284764568982808,-1739.022363378789,-1452.2559086545461,0.0,0.4444444444444444,0.0,0.1
1.95,21.323129387281675,1.7502071716117082,21.394837508387777,-0.21642818373781136,-0.19245588491096446,-0.057999999999999996,0.5507509540788177,1.4093829898268795,94.70837824250191,-1.9924417943075423,0.08189663323725223,0.12869813956008763,0.09400506097998637,-1751.4837610604916,-1469.5366933519947,0.0,0.4444444444444444,0.0,0.1
1.9666666666666666,21.332164633636744,1.773907710470955,21.40579352703026,-0.2196625837637419,-0.19406400155583128,-0.057999999999999996,0.542114781304212,1.4220323315548096,95.06181340445278,-2.0410585129402166,0.08296559514102468,0.1296800956055249,0.09516760770404831,-1764.0975720741014,-1486.864463846075,0.0,0.4444444444444444,0.0,0.1
1.9833333333333334,21.341055899256364,1.7977934135440448,21.416646050513307,-0.22292272777592048,-0.19560864073071438,-0.057999999999999996,0.5334759371772069,1.4331421843853778,95.41532072309393,-2.0904717378195024,0.08404264172159179,0.13067389362455673,0.09633417023987015,-1776.8468869507826,-1504.2219415414465,0.0,0.4444444444444444,0.0,0.1
2.0,21.349803265312374,1.8218394262343172,21.42739364371049,-0.22620757546752626,-0.19709086149634744,-0.057999999999999996,0.5248419633606106,1.4427607614163436,95.76889578053154,-2.1406880529285877,0.0851266214380031,0.13167831195209434,0.09750367381652666,-1789.7153664896741,-1521.5925644586127,0.0,0.4444444444444444,0.0,0.1
2.0166666666666666,21.358406937078513,1.8460216882969633,21.43803496040405,-0.22951610446190132,-0.19851173966250288,-0.057999999999999996,0.5162203059682401,1.450935723758771,96.1225340888298,-2.1917140588735426,0.08621642204132285,0.13269216745857748,0.09867508376312717,-1802.6872357747823,-1538.9604744313192,0.0,0.4444444444444444,0.0,0.1
2.033333333333333,21.36686724200808,1.8703169241416084,21.448568743259504,-0.2328473105576076,-0.19987236574237693,-0.057999999999999996,0.5076182957739325,1.4577141506787021,96.4762310919688,-2.2435563652461115,0.08731096994773829,0.13371431504730633,0.09984740474469952,-1815.7472775867789,-1556.3105037864448,0.0,0.4444444444444444,0.0,0.1
2.05,21.37518462750866,1.8947026326760175,21.45899382371764,-0.23620020794073507,-0.2011738429876473,-0.057999999999999996,0.4990431300346594,1.4631425120645427,96.8299821678357,-2.296221583288407,0.08840922959486756,0.13474364712969078,0.10101967998717983,-1828.8808252561425,-1573.6281615591354,0.0,0.4444444444444444,0.0,0.1
2.0666666666666664,21.383359658440085,1.9191570767284907,21.469309121798958,-0.23957382936579585,-0.20241728550364635,-0.057999999999999996,0.4905018558856081,1.4672666431483905,97.18378263024637,-2.3497163188553327,0.08951020278325601,0.13577909308045238,0.10219099049345154,-1842.073755002663,-1590.8996192948773,0.0,0.4444444444444444,0.0,0.1
2.0833333333333335,21.391393014361107,1.9436592720853165,21.479513645816574,-0.24296722630652884,-0.2036038164439791,-0.057999999999999996,0.4820013552613204,1.4701317214095537,97.53762773099454,-2.404047165670287,0.09061292800496555,0.136819618674736,0.10336045425228449,-1855.3124778049335,-1608.1116964890377,0.0,0.4444444444444444,0.0,0.1
2.1,21.399285486549335,1.9681889761784555,21.489606491994948,-0.24637946907792552,-0.20473456628380035,-0.057999999999999996,0.4735483312937725,1.4717822455883383,97.89151266192563,-2.4592206988694443,0.09171647976107714,0.13786422550901167,0.1045272254419301,-1868.5839308420723,-1625.251845713111,0.0,0.4444444444444444,0.0,0.1
2.1166666666666667,21.407037974818262,1.9927266764574225,21.49958684399252,-0.24980964693077304,-0.20581067117085047,-0.057999999999999996,0.46514929613556893,1.4722620167380218,98.24543255703213,-2.5152434688296665,0.09281996786984323,0.1389119504075691,0.10569049363003784,-1881.8755685484973,-1642.3081374755013,0.0,0.4444444444444444,0.0,0.1
2.1333333333333333,21.414651484154167,2.0172535784781345,21.509453972327357,-0.25325686811999365,-0.20683327135323598,-0.057999999999999996,0.45681056015419863,1.4716141212427072,98.59938249456786,-2.572121995274893,0.09392253676714458,0.13996186481633316,0.1068494829714652,-1895.1753533212488,-1659.2692448631517,0.0,0.4444444444444444,0.0,0.1
2.15,21.42212712119486,2.0417515937402757,21.519207233705735,-0.2567202599480408,-0.2078035096828303,-0.057999999999999996,0.4485382224415427,1.469880915728484,98.95335749917786,-2.629862761655658,0.09502336480082342,0.1410130741856526,0.10800345140546362,-1908.4717459178905,-1676.1244280086885,0.0,0.4444444444444444,0.0,0.1
2.1666666666666665,21.429466090571218,2.0662033273035303,21.52884607025425,-0.26019896878459187,-0.20872253019306355,-0.057999999999999996,0.44033816258147407,1.467104013795276,99.30735254404112,-2.6884722097962195,0.09612166352038479,0.14206471734364112,0.1091516898536335,-1921.753695581691,-1692.8635184260593,0.0,0.4444444444444444,0.0,0.1
2.183333333333333,21.43666969113151,2.0905920652118053,21.53837000865671,-0.2636921600637547,-0.20959147674976766,-0.057999999999999996,0.43221603361745137,1.4633242744965131,99.66136255302334,-2.747956734803624,0.0972166769634774,0.14311596586157482,0.11029352141995286,-1935.0106299293102,-1709.4769032558,0.0,0.4444444444444444,0.0,0.1
2.2,21.44373931206753,2.1149017617533707,21.54777865919775,-0.2671990182599821,-0.21041149177364707,-0.057999999999999996,0.42417725616142954,1.4585817924939337,100.01538240283661,-2.8083226802329095,0.09830768094048713,0.14416602341277995,0.11142830059409925,-1948.23244463485,-1725.9555094592279,0.0,0.4444444444444444,0.0,0.1
2.216666666666667,21.45067642896062,2.1391170265836172,21.55707171471549,-0.27071874684386305,-0.211183715032855,-0.057999999999999996,0.41622701358516634,1.45291588981478,100.36940692520345,-2.8695763335025273,0.09939398231849836,0.14521412512637039,0.1125554124591987,-1961.4094929426517,-1742.2907879988816,0.0,0.4444444444444444,0.0,0.1
2.2333333333333334,21.45748259976454,2.1632231117359355,21.566248949466072,-0.2742505682189309,-0.21190928250407198,-0.057999999999999996,0.40837024823508117,1.446365109139086,100.72343090902224,-2.931723921553974,0.10047491830580302,0.1462595369371266,0.11367427190505484,-1974.5325750398201,-1758.4746980405935,0.0,0.4444444444444444,0.0,0.1
2.25,21.46415946074141,2.187205898545018,21.575310217903358,-0.27779372364060434,-0.21258932530040747,-0.057999999999999996,0.40061165861216624,1.438967208544947,101.07744910253153,-2.994771606749546,0.10154985573806226,0.14730155493273545,0.11478432284782945,-1987.5929273179843,-1774.4996912105096,0.0,0.4444444444444444,0.0,0.1
2.2666666666666666,21.47070872236573,2.211051884505691,21.584255453377306,-0.28134747311834396,-0.21322496866437693,-0.057999999999999996,0.39295569745906206,1.4307591576403715,101.43145621547045,-3.0587254830020667,0.10261819036715304,0.1483395046995444,0.11588503745706895,-2000.5822115523774,-1790.3586959383754,0.0,0.4444444444444444,0.0,0.1
2.283333333333333,21.477132165210683,2.2347481700892056,21.593084666754873,-0.28491109530207975,-0.21381733102414635,-0.057999999999999996,0.385406570697238,1.4217771350108892,101.78544692123276,-3.1235915721303966,0.10367934615366121,0.14937274066791423,0.11697591539089569,-2013.4925040248593,-1806.0451019163388,0.0,0.4444444444444444,0.0,0.1
2.3,21.483431635829987,2.2582824455377546,21.60179794496756,-0.2884838873539328,-0.21436752311118404,-0.057999999999999996,0.37796823715826866,1.4120565269129415,102.13941585901209,-3.189375820434496,0.10473277456391308,0.15040064545819062,0.11805648304010966,-2026.316284616077,-1821.5527447004686,0.0,0.4444444444444444,0.0,0.1
2.3166666666666664,21.48960904264756,2.281642977656823,21.610395449489825,-0.2920651648062231,-0.21487664713741458,-0.057999999999999996,0.37064440905439,1.4016319271440811,102.4933576359359,-3.2560840954838115,0.1057779538723709,0.15142262922824917,0.11912629278187649,-2039.046425890513,-1836.875890480164,0.0,0.4444444444444444,0.0,0.1
2.3333333333333335,21.495666351866475,2.304818596623858,21.618877414752777,-0.29565426140672196,-0.2153457960299337,-0.057999999999999996,0.3634385531349212,1.3905371380220948,102.84726682918598,-3.323722183112739,0.10681438847015229,0.1524381290235068,0.12018492224360978,-2051.676182196767,-1852.0092210386122,0.0,0.4444444444444444,0.0,0.1
2.35,21.501605583407752,2.327798682830631,21.62724414649771,-0.2992505289520772,-0.21577605272131406,-0.057999999999999996,0.35635389247661675,1.3788051724064028,103.20113798810328,-3.3922957846169384,0.10784160818037089,0.1534466081302303,0.12123197357759122,-2064.199178803995,-1866.947818925463,0.0,0.4444444444444444,0.0,0.1
2.3666666666666667,21.50742880688871,2.350573153775573,21.635496020073976,-0.3028533371103024,-0.21616848949351128,-0.057999999999999996,0.34939340885765213,1.3664682566965016,103.5549656362748,-3.461810514144294,0.10885916758093521,0.1544475554329146,0.12226707274681053,-2076.609401094064,-1881.6871528609718,0.0,0.4444444444444444,0.0,0.1
2.3833333333333333,21.513138137649822,2.3731324510213003,21.64363347868591,-0.3064620732331918,-0.21652416737336516,-0.057999999999999996,0.3425598456666502,1.3535578347436528,103.90874427360079,-3.5322718962743473,0.10986664533538354,0.1554404847764443,0.12328986882244711,-2088.9011838276033,-1896.2230633889308,0.0,0.4444444444444444,0.0,0.1
2.4,21.518735732838156,2.3954675272315282,21.651657031593366,-0.31007614215948653,-0.2168441355776856,-0.057999999999999996,0.3358557112999484,1.3401045726136696,104.26246837834026,-3.603685363780078,0.11086364353227773,0.15642493433369783,0.12430003329336088,-2101.069200500811,-1910.5517487939205,0.0,0.4444444444444444,0.0,0.1
2.4166666666666665,21.52422378755486,2.4175698333005333,21.659567252270467,-0.3136949660095851,-0.21712943100591217,-0.057999999999999996,0.32928328300215204,1.3261383641403146,104.61613240913285,-3.6760562555659617,0.11184978703362422,0.1574004659791983,0.12529725938790512,-2113.108452808572,-1924.6697512965845,0.0,0.4444444444444444,0.0,0.1
2.433333333333333,21.529604531073307,2.4394313055873766,21.667364776527208,-0.31731798397255745,-0.21738107777834362,-0.057999999999999996,0.32284461110691387,1.3116883372106067,104.96973080699554,-3.7493898147762947,0.1128247228327399,0.15836666466936378,0.12628126140832488,-2125.014260228159,-1938.573943538967,0.0,0.4444444444444444,0.0,0.1
2.45,21.53488022313392,2.4610443532661304,21.675050300598325,-0.3209446520861899,-0.21760008681794576,-0.057999999999999996,0.3165415236367981,1.296782860725214,105.3232579972926,-3.8236911870678507,0.11378811942193119,0.15932313782986046,0.12725177407795615,-2136.782249736574,-1952.2615153702627,0.0,0.4444444444444444,0.0,0.1
2.466666666666667,21.540053150320972,2.482401845802447,21.68262457920387,-0.3245744430107526,-0.21778745547376518,-0.057999999999999996,0.3103756312230245,1.2814495521790055,105.676708391677,-3.898965419041011,0.11473966617030862,0.1602695147505126,0.12820855190139774,-2148.4083456733847,-1965.7299609418121,0.0,0.4444444444444444,0.0,0.1
2.4833333333333334,21.545125622526104,2.503497100565927,21.69008842358585,-0.3282068457971526,-0.21794416718399914,-0.057999999999999996,0.3043483323078301,1.2657152858087937,106.03007639000224,-3.9752174568235983,0.11567907271201462,0.1612054459881792,0.12915136853778444,-2159.8887597597445,-1978.9770661186312,0.0,0.4444444444444444,0.0,0.1
2.5,21.55009996950267,2.5243238705868833,21.69744269952507,-0.33184136565009925,-0.21807119117680102,-0.057999999999999996,0.29846081859411755,1.24960620125738,106.38335638220298,-4.052452144801736,0.116606068345101,0.16213060277796212,0.13008001618725193,-2171.219981283197,-1992.000896213377,0.0,0.4444444444444444,0.0,0.1
2.5166666666666666,21.554978537514486,2.544876332465299,21.704688325342342,-0.33547752368688144,-0.21816948220693286,-0.057999999999999996,0.29271408070897953,1.2331477127049606,106.73654275014344,-4.130674224492149,0.11752040144125275,0.16304467645306855,0.13099430499064754,-2182.3987674567616,-2004.7997840473165,0.0,0.4444444444444444,0.0,0.1
2.533333333333333,21.55976368608198,2.5651490744389847,21.7118262698879,-0.33911485669232166,-0.21823998032641337,-0.057999999999999996,0.2871089140495785,1.2163645184211251,107.08962986943231,-4.209888333550433,0.1184218388665183,0.16394737787361258,0.1318940624425065,-2193.4221339598257,-2017.3723183415868,0.0,0.4444444444444444,0.0,0.1
2.55,21.564457784828342,2.5851370846171955,21.718857550522927,-0.3427529168704442,-0.21828361068735005,-0.057999999999999996,0.28164592478173134,1.1992806106926586,107.44261211120319,-4.290099004909914,0.11931016541317079,0.1648384368646006,0.13277913281728282,-2204.287345667328,-2029.7173324408718,0.0,0.4444444444444444,0.0,0.1
2.5666666666666664,21.569063210427732,2.604835739385271,21.725783231096777,-0.34639127159336397,-0.21830128337518703,-0.057999999999999996,0.2763255359633566,1.1819192860845278,107.7954838438596,-4.3713106660458445,0.12018518324279305,0.16571760166331173,0.13364937660879403,-2214.9919075728503,-2041.833893370515,0.0,0.4444444444444444,0.0,0.1
2.5833333333333335,21.57358234365718,2.6242407919851614,21.732604419923437,-0.35002950314787473,-0.21829389327064652,-0.057999999999999996,0.27114799376673293,1.1643031559934212,108.1482394347837,-4.453527638359785,0.12104671134064832,0.16658463837624887,0.13450466998281402,-2225.533555910297,-2053.7212912270647,0.0,0.4444444444444444,0.0,0.1
2.6,21.578017566553434,2.643348361276084,21.739322267760546,-0.35366720848018623,-0.2182623199386898,-0.057999999999999996,0.26611337377524047,1.1464541574553686,108.50087325200796,-4.536754136679144,0.12189458498136996,0.16743933044580575,0.13534490424272214,-2235.910249478053,-2065.379028901301,0.0,0.4444444444444444,0.0,0.1
2.6166666666666667,21.582371259675632,2.662154920678933,21.74593796579416,-0.35730399893923415,-0.21820742754287392,-0.057999999999999996,0.2612215873319329,1.1283935641709117,108.85337966584893,-4.620994268866962,0.12272865520597812,0.16828147812676475,0.13616998530809654,-2246.1201611686847,-2076.8068121319243,0.0,0.4444444444444444,0.0,0.1
2.6333333333333333,21.58664579947428,2.680657287307489,21.752452743632276,-0.3609395000189597,-0.21813006478353253,-0.057999999999999996,0.2564723879189138,1.1101419977133706,109.20575305050276,-4.706252035537153,0.12354878831020598,0.16911089797271203,0.13697983320611826,-2256.161669706523,-2088.004539887286,0.0,0.4444444444444444,0.0,0.1
2.65,21.590843555766746,2.698852611288951,21.75886786731,-0.3645733510999307,-0.21803106485826154,-0.057999999999999996,0.25186537754803684,1.0917194388877172,109.55798778560165,-4.792531329870528,0.1243548653440966,0.16992742233243166,0.1377743815756352,-2266.033351594779,-2098.972295071806,0.0,0.4444444444444444,0.0,0.1
2.6666666666666665,21.594966889319164,2.716738365275776,21.765184637309012,-0.3682052051906515,-0.21791124544324564,-0.057999999999999996,0.2474000131449744,1.073145239209496,109.91007825773092,-4.879835937527066,0.12514678162281034,0.17073089885631396,0.13855357718371938,-2275.73397327317,-2109.7103355530758,0.0,0.4444444444444444,0.0,0.1
2.683333333333333,21.59901814953433,2.7343123341503617,21.771404386593904,-0.37183472866888506,-0.21777140869401515,-0.057999999999999996,0.24307561291010793,1.0544381324751217,110.2620188619062,-4.968169536649997,0.12592444624856464,0.17152119001279326,0.1393173794545357,-2285.2624834864487,-2120.2190855050317,0.0,0.4444444444444444,0.0,0.1
2.7,21.602999672245016,2.751572604923641,21.77752847866774,-0.37546160102328974,-0.2176123412642791,-0.057999999999999996,0.23889136264109223,1.035616246396756,110.6138040030106,-5.057535697957406,0.12668778164360972,0.1722981726148067,0.1400657600103282,-2294.618005863651,-2130.4991270620626,0.0,0.4444444444444444,0.0,0.1
2.716666666666667,21.606913777611737,2.768517556828253,21.783558305649105,-0.37908551459564865,-0.21743481434153486,-0.057999999999999996,0.2348463220032403,1.0166971142767367,110.96542809719122,-5.147937884917182,0.12743672309413018,0.17306173735624902,0.1407987022243195,-2303.7998317073716,-2140.5511922784426,0.0,0.4444444444444444,0.0,0.1
2.7333333333333334,21.61076276812399,2.785145851606558,21.789495286372635,-0.38270617432395215,-0.2172395836982104,-0.057999999999999996,0.23093943073514034,0.9976976866982992,111.31688557321517,-5.239379454001251,0.12817121830494643,0.17381178835837757,0.14151620078530822,-2312.807412991873,-2150.3761553870568,0.0,0.4444444444444444,0.0,0.1
2.75,21.614548926703627,2.8014564239934074,21.79534086451503,-0.38632329748657135,-0.2170273897571504,-0.057999999999999996,0.22716951477807668,0.9786343432109637,111.66817087378476,-5.331863655015178,0.12889122696487879,0.17454824272610842,0.1422182612737421,-2321.640355568433,-2159.9750253510174,0.0,0.4444444444444444,0.0,0.1
2.7666666666666666,21.618274514908943,2.817448472393252,21.80109650674829,-0.3899366134477432,-0.21679895767031157,-0.057999999999999996,0.22353529231897407,0.9595229039906665,112.01927845681172,-5.425393631499312,0.1295967203226259,0.17527103011412748,0.14290489974903775,-2330.2984125758817,-2169.3489387014897,0.0,0.4444444444444444,0.0,0.1
2.783333333333333,21.621941771237903,2.833121449750855,21.806763700921806,-0.39354586340456965,-0.21655499740958645,-0.057999999999999996,0.22003537973763054,0.9403786414561881,112.37020279665059,-5.519972421197794,0.13028768077299877,0.17598009230272818,0.14357614234791183,-2338.7814780539748,-2178.499152654726,0.0,0.4444444444444444,0.0,0.1
2.8,21.625552909528736,2.8484750546146054,21.8123439542748,-0.39715080013571513,-0.21629620386872878,-0.057999999999999996,0.21666829745000282,0.9212162918250169,112.72093838529112,-5.615602956591857,0.13096410145334367,0.17667538278327435,0.1442320248934847,-2347.0895807568595,-2187.427038501146,0.0,0.4444444444444444,0.0,0.1
2.8166666666666664,21.629110117456072,2.8635092223911576,21.817838791680533,-0.4007511877519719,-0.2160232569754048,-0.057999999999999996,0.21343247564026024,0.9020500665931364,113.07147973350979,-5.712288065493966,0.13162598584997978,0.17735686635317677,0.14487259251491416,-2355.2228781636463,-2196.1340752590713,0.0,0.4444444444444444,0.0,0.1
2.8333333333333335,21.63261555512066,2.878224116789903,21.823249753923434,-0.404346801448846,-0.21573682181244652,-0.057999999999999996,0.21032625987519715,0.8828936639247185,113.42182137198061,-5.810030471699449,0.13227334741447097,0.17802451872026137,0.14549789927731457,-2363.1816506827968,-2204.621843585629,0.0,0.4444444444444444,0.0,0.1
2.85,21.636071353730582,2.892620121455551,21.828578396010368,-0.4079374272613032,-0.2154375487474327,-0.057999999999999996,0.2073479165954254,0.8637602799388722,113.77195785234525,-5.90883279569241,0.13290620918954618,0.17867832611639928,0.1461080078217151,-2370.9662960468295,-2212.892019937196,0.0,0.4444444444444444,0.0,0.1
2.8666666666666667,21.63947961437189,2.9066978317869174,21.83382628551696,-0.41152286182079945,-0.21512607356977242,-0.057999999999999996,0.20449563847854535,0.8446626198819893,114.12188374824278,-6.008697555402804,0.13352460344447856,0.17931828492025997,0.14670298901481071,-2378.577323893628,-2220.946370971707,0.0,0.4444444444444444,0.0,0.1
2.8833333333333333,21.642842406866393,2.9204580469398396,21.838995000969938,-0.415102912114708,-0.21480301763451293,-0.057999999999999996,0.2017675496702087,0.8256129091753284,114.47159365629918,-6.109627167011665,0.13412857131972986,0.17994440128904418,0.14728292160825993,-2386.015350530462,-2228.7867481851185,0.0,0.4444444444444444,0.0,0.1
2.9,21.64616176871439,2.933901762011983,21.84408613026623,-0.41867739524824366,-0.21446898801213996,-0.057999999999999996,0.19916171087967338,0.806622904328615,114.8210821970769,-6.211623945801594,0.13471816248066457,0.1805566907990454,0.14784789190728348,-2393.2810938766834,-2236.4150827742833,0.0,0.4444444444444444,0.0,0.1
2.9166666666666665,21.649439704120006,2.9470301604071754,21.849101269129523,-0.4222461382089717,-0.21412457764368314,-0.057999999999999996,0.19667612433705473,0.7877039037115567,115.17034401598484,-6.3146901070497234,0.13529343478013628,0.1811551780948859,0.14839799344832091,-2400.3753685809274,-2243.8333807185336,0.0,0.4444444444444444,0.0,0.1
2.933333333333333,21.652678183096842,2.9598446063767767,21.85404201960488,-0.42580897763397973,-0.21377036550048223,-0.057999999999999996,0.19430873861008302,0.7688667581760864,115.51937378414883,-6.418827766960453,0.13585445392974754,0.1817398965472681,0.14893332668550338,-2407.2990813085476,-2251.043718072294,0.0,0.4444444444444444,0.0,0.1
2.95,21.655879140651486,2.972346637735497,21.858909988591876,-0.4293657595797799,-0.2134069167480112,-0.057999999999999996,0.19205745327868307,0.7501218815232007,115.86816619924339,-6.524038943635378,0.13640129317958474,0.1823108879190793,0.1494539986857042,-2414.0532261949224,-2258.0482364611034,0.0,0.4444444444444444,0.0,0.1
2.966666666666667,21.659044476042588,2.984537958748981,21.863706786416717,-0.4329163392949999,-0.21303478291319813,-0.057999999999999996,0.18992012346621523,0.7314792608090697,116.21671598628474,-6.630325558077913,0.13693403300622903,0.1828682020396856,0.14996012283193183,-2420.638880460226,-2264.8491387735316,0.0,0.4444444444444444,0.0,0.1
2.9833333333333334,21.662176052113033,2.9964204331904134,21.868434025443623,-0.43646058099591184,-0.21265450205471598,-0.057999999999999996,0.18789456422664808,0.7129484664859502,116.56501789838566,-6.737689435230213,0.1374527608088458,0.18341189648724887,0.15045181853483394,-2427.057200181187,-2271.4486850415287,0.0,0.4444444444444444,0.0,0.1
3.0,21.663898944593143,3.003460295942187,21.87110631017199,-0.44005427211255727,-0.21562146699872412,-0.087,0.10337354880660266,0.42239176510642906,116.91300769046612,-6.846210385356775,0.1377608107580029,0.2125536535748397,0.15093865755470776,-2761.571836178137,-2277.9757708436805,0.0,0.4444444444444444,0.0,0.15
3.0166666666666666,21.665444495950364,3.0114650039532274,21.873737830493006,-0.44369647164144776,-0.21853197173342903,-0.087,0.09273308143318171,0.4802824806624102,117.26068045641543,-6.955888625398211,0.13811359124078348,0.2127434359247682,0.1514666447636103,-2763.687633587752,-2285.046337134014,0.0,0.4444444444444444,0.0,0.15
3.033333333333333,21.66681088521323,3.0203987452682837,21.87632287465178,-0.4473862290044062,-0.22138544177750838,-0.087,0.08198335577197813,0.536024478903375,117.6080311162078,-7.066724554473729,0.13850947825713053,0.2129796472856038,0.15203412674886688,-2766.3198888607612,-2292.6362722749664,0.0,0.4444444444444444,0.0,0.15
3.05,21.66799635896095,3.030226053246341,21.87885591491744,-0.4511225853801475,-0.2241813825444746,-0.087,0.07112842486310134,0.5896384786834314,117.95505441900252,-7.1787187439168845,0.13894686475776638,0.21326070365542912,0.15263947217785442,-2769.4502069009413,-2300.7217192405883,0.0,0.4444444444444444,0.0,0.15
3.0666666666666664,21.6689992384013,3.0409118324938125,21.881331604060048,-0.4549045749917377,-0.2269193766954112,-0.087,0.06017276642118907,0.6411467548482861,118.30174494631568,-7.291871927384165,0.1394241618258527,0.21358503463254033,0.15328107279561506,-2773.060241869854,-2309.2791056471124,0.0,0.4444444444444444,0.0,0.15
3.0833333333333335,21.66981792603424,3.0524213830783906,21.88374477202997,-0.4587312263496597,-0.2295990814753174,-0.087,0.04912125797644373,0.6905730350746921,118.64809711526009,-7.406184991051887,0.13993979977005205,0.2139510846777977,0.15395734433332997,-2777.1317264191375,-2318.2851714366107,0.0,0.4444444444444444,0.0,0.15
3.1,21.670450911889116,3.064720423071221,21.886090422827593,-0.46260156345033515,-0.23222022604052656,-0.087,0.0379791512924712,0.7379423995698362,118.99410518185029,-7.521658963915927,0.14049222913190723,0.2143573142911219,0.15466672733104672,-2781.6464991351995,-2327.716994294161,0.0,0.4444444444444444,0.0,0.15
3.1166666666666667,21.6708967793264,3.077775109465918,21.888363731550776,-0.46651460693007063,-0.23478260878412793,-0.087,0.02675204623723748,0.7832811836818285,119.33976324436924,-7.638295008207802,0.14107992161048227,0.21480220110469253,0.15540768787804368,-2786.5865302347433,-2337.5520128790045,0.0,0.4444444444444444,0.0,0.15
3.1333333333333333,21.671154210397628,3.0915520575235793,21.890560041607277,-0.47046937517450094,-0.23728609466581874,-0.087,0.015445864273516463,0.8266168834596677,119.68506524679327,-7.756094409939715,0.14170137090722315,0.21528424089545012,0.1561787182741986,-2791.933945552469,-2347.768047950027,0.0,0.4444444444444444,0.0,0.15
3.15,21.67122199075971,3.106018358593408,21.89267486207902,-0.4744648853837033,-0.23973061255214226,-0.087,0.0040668217250660055,0.8679780641897175,120.03000498227208,-7.875058569590205,0.1423550934940024,0.215801948519538,0.15697833761570443,-2797.671048864751,-2358.343321465579,0.0,0.4444444444444444,0.0,0.15
3.1666666666666665,21.671099014142452,3.121141596458834,21.894703865225296,-0.4785001545932471,-0.24211615257262623,-0.087,-0.007378597035522794,0.9073942719255488,120.37457609665994,-7.99518899294117,0.14303962930730732,0.2163538587713406,0.15780509230844111,-2803.7803425951515,-2369.2564737371613,0.0,0.4444444444444444,0.0,0.15
3.183333333333333,21.67078428637009,3.13688986225915,21.896642884111916,-0.48257420065152906,-0.24444276349691918,-0.087,-0.018883666341680705,0.9448959480189423,120.71877209209507,-8.116487282076132,0.14375354237151905,0.21693852716978962,0.15865755651227634,-2810.244546949353,-2380.486578715919,0.0,0.4444444444444444,0.0,0.15
3.2,21.670276928940005,3.153231768036679,21.898487910353655,-0.4866860431538229,-0.24671055013763166,-0.087,-0.030441445805106104,0.9805143466517396,121.06258633062315,-8.238955126548783,0.14449542135421134,0.21755453067461,0.15953433251952162,-2817.0466175284373,-2392.0131574902075,0.0,0.4444444444444444,0.0,0.15
3.216666666666667,21.6695761821635,3.170136458959361,21.900235091957597,-0.4908347043335432,-0.24891967078321803,-0.087,-0.04204480659030063,1.014281455360929,121.4060120378617,-8.362594294729973,0.1452638800563708,0.21820046833517595,0.16043405107072203,-2824.169761470575,-2403.816190071687,0.0,0.4444444444444444,0.0,0.15
3.2333333333333334,21.668681407875393,3.1875736242684085,21.901880731255396,-0.4950192099112913,-0.25107033466488604,-0.087,-0.053686457286358125,1.046229918542859,121.7490423067016,-8.487406625340567,0.14605755784040889,0.21887496187463218,0.16135537161090355,-2831.597452171979,-2415.876125546583,0.0,0.4444444444444444,0.0,0.15
3.25,21.667592091720714,3.2055135070003518,21.903421282912852,-0.49923858990231107,-0.2531627994611878,-0.087,-0.06535896928083174,1.076392963916585,122.09167010104201,-8.613394019176745,0.1468751199987986,0.21957665621191969,0.16229698248934255,-2839.3134426386073,-2428.1738906677906,0.0,0.4444444444444444,0.0,0.15
3.2666666666666666,21.66630784502821,3.2239269125323693,21.90485335200584,-0.5034918793830383,-0.25519736884363137,-0.087,-0.07705480155012046,1.1048043319210388,122.4338882595553,-8.740558431033643,0.14771525806612704,0.22030421992431942,0.1632576011058618,-2847.301777520466,-2440.6908969625365,0.0,0.4444444444444444,0.0,0.15
3.283333333333333,21.664828406281707,3.2427852159993016,21.906173692152045,-0.5077781192174775,-0.2571743900663505,-0.087,-0.08876632479012747,1.1314982080159455,122.77568949947795,-8.868901861832452,0.14857669007730823,0.22105634565309815,0.16423597400658968,-2855.5468038805643,-2453.4090464292367,0.0,0.4444444444444444,0.0,0.15
3.3,21.663153642201372,3.262060368630169,21.907379203688656,-0.5120963567441873,-0.25909425160258426,-0.087,-0.10048584481996925,1.1565091578520468,123.11706642042415,-8.998426350955434,0.14945816077465077,0.22183175045480752,0.16523087693205224,-2864.0331807506273,-2466.3107358960838,0.0,0.4444444444444444,0.0,0.15
3.3166666666666664,21.661283548448036,3.2817249030513733,21.9084669318867,-0.5164456464246947,-0.260957380830443,-0.087,-0.11220562520014732,1.1798720652722494,123.45801150821816,-9.129133968792644,0.15035844176642116,0.2226291761007473,0.16624111482039555,-2872.745887525498,-2479.3788601127117,0.0,0.4444444444444444,0.0,0.15
3.3333333333333335,21.659218249964454,3.301751937603069,21.909434065193444,-0.5208250504541977,-0.26276424177017604,-0.087,-0.12391790901487798,1.201622073101741,123.79851713874196,-9.261026809503498,0.15127633163948725,0.22344738932706382,0.16726552176846254,-2881.67023124794,-2492.596813645041,0.0,0.4444444444444444,0.0,0.15
3.35,21.656958000968185,3.3221151797144324,21.910277933494793,-0.5252336393354461,-0.26451533287490425,-0.087,-0.1356149397761719,1.2217945266818084,124.13857558179444,-9.39410698399573,0.15221065602856682,0.224285182037907,0.1683029609533726,-2890.791852835117,-2505.948491642096,0.0,0.4444444444444444,0.0,0.15
3.3666666666666667,21.654503184611272,3.3427889283827525,21.910996006390445,-0.5296704924167218,-0.2662111848765406,-0.087,-0.14728898141471725,1.2404249200992084,124.47817900495882,-9.5283766131237,0.15316026764454407,0.2251413714640236,0.1693523245171744,-2900.0967322975475,-2519.4182895422337,0.0,0.4444444444444444,0.0,0.15
3.3833333333333333,21.651854312322445,3.363748075800421,21.91158589147502,-0.5341346983948616,-0.2678523586883907,-0.087,-0.15893233732970014,1.257548845060085,124.81731947747441,-9.663837821107474,0.1541240462642543,0.22601480027911072,0.17041253341706397,-2909.5711930006864,-2532.991101784761,0.0,0.4444444444444444,0.0,0.15
3.4,21.64901202284784,3.3849681081730068,21.912045332619197,-0.53862535578429,-0.2694394433657048,-0.087,-0.17053736847631373,1.2732019423551488,125.15598897410958,-9.800492729173527,0.1551008986840698,0.2269043366762026,0.17148253724357868,-2919.201905018597,-2546.6523195914438,0.0,0.4444444444444444,0.0,0.15
3.4166666666666665,21.645977081006578,3.4064251057706807,21.912372208245433,-0.543141573353044,-0.27097305412524064,-0.087,-0.18209651047593078,1.2874198558604366,125.49417937903222,-9.938343449417514,0.15608975863955438,0.22780887440630745,0.17256131400909774,-2928.9758876283545,-2560.387827880834,0.0,0.4444444444444444,0.0,0.15
3.433333333333333,21.642750376177585,3.4280957422542824,21.912564529593446,-0.547682470526789,-0.27245383042469395,-0.087,-0.19360228973969162,1.3002381890161026,125.83188248967461,-10.077392078888987,0.1570895866933844,0.22872733278145357,0.1736478699088967,-2938.8805109929535,-2574.1840013767387,0.0,0.4444444444444444,0.0,0.15
3.4499999999999997,21.639332920534226,3.4499572833163454,21.912620438971324,-0.5522471777618333,-0.27388243410266067,-0.087,-0.20504733860160818,1.3116924637237917,126.16909002058921,-10.21764069389757,0.1580993700936654,0.22965865664424692,0.1747412390569209,-2948.903497079537,-2588.027699970459,0.0,0.4444444444444444,0.0,0.15
3.466666666666667,21.63572584704319,3.4719875846763726,21.912538207988586,-0.5568348368881602,-0.27525954757960946,-0.087,-0.21642440946222907,1.3218180816016183,126.50579360729218,-10.359091344539644,0.15911812260470293,0.23060181630598126,0.17584048319836165,-2959.032919858736,-2601.906263394713,0.0,0.4444444444444444,0.0,0.15
3.4833333333333334,21.63193040724405,3.4941650894686114,21.912316235768206,-0.5614446014234963,-0.2765858721201676,-0.087,-0.22772638794843014,1.330650287534339,126.84198481009169,-10.501746049444245,0.1601448843122152,0.23155580745528132,0.17694469140103286,-2969.2572048298443,-2615.8075052653576,0.0,0.4444444444444444,0.0,0.15
3.5,21.627947968825733,3.5164688250595297,21.911953047134997,-0.566075636859444,-0.277862126156857,-0.087,-0.23894630509900527,1.3382241354550999,127.1776551178977,-10.645606790736478,0.1611787214049044,0.2325196510391988,0.17805297972746703,-2979.5651279154135,-2629.719706545216,0.0,0.4444444444444444,0.0,0.15
3.5166666666666666,21.62378001301591,3.538878399331099,21.911447290778366,-0.5707271209206982,-0.27908904367525766,-0.087,-0.2500773485894775,1.3445744562941346,127.51279595201053,-10.790675509216449,0.16221872593423137,0.23349239311861694,0.17916449088956404,-2989.945813767665,-2643.631608482425,0.0,0.4444444444444444,0.0,0.15
3.533333333333333,21.61942813179903,3.5613739964649134,21.91079773738783,-0.575398243798372,-0.2802673726604278,-0.087,-0.26111287301287545,1.3497358280288836,127.84739866988518,-10.936954099751368,0.16326401555416772,0.2344731046997582,0.18027839388754616,-3000.3887335279255,-2657.532405073833,0.0,0.4444444444444444,0.0,0.15
3.55,21.614894024978426,3.58393637226107,21.91000327776023,-0.5800882083584431,-0.28139787360426816,-0.087,-0.2720464092362167,1.3537425477694072,128.1814545688687,-11.084444406878246,0.1643137332426277,0.23546088154352543,0.18139388363489148,-3010.8837020789992,-2671.4117351020354,0.0,0.4444444444444444,0.0,0.15
3.5666666666666664,21.61017949709751,3.60654684902461,21.90906292087781,-0.5847962303263329,-0.2824813180733864,-0.087,-0.2828716728550673,1.3566286058124035,128.51495488990815,-11.23314822061426,0.16536704700621158,0.2364548439543442,0.18251018057083768,-3021.420874829138,-2685.2596737926633,0.0,0.4444444444444444,0.0,0.15
3.5833333333333335,21.605286454234662,3.6291873100512237,21.907975791956968,-0.5895215384486144,-0.2835184873368937,-0.087,-0.2935825717708367,1.3584276615968198,128.84789082122626,-11.383067272471704,0.16642314956982154,0.2374541365501108,0.1836265302619696,-3031.990744064937,-2699.0667241365886,0.0,0.4444444444444444,0.0,0.15
3.6,21.60021690068604,3.651840193742789,21.906741130467537,-0.5942633746328386,-0.28451017105345183,-0.087,-0.3041732129174559,1.3591730214938966,129.1802535019627,-11.534203231674182,0.16748125805264222,0.23845792801478677,0.18474220299432612,-3042.5841349091615,-2712.823807919709,0.0,0.4444444444444444,0.0,0.15
3.6166666666666667,21.594972935549944,3.6744884873821957,21.905358288122997,-0.5990209940664516,-0.285457166016781,-0.087,-0.31463790816575443,1.35889761836442,129.51203402577846,-11.686557701570475,0.16854061363190834,0.23946541083511957,0.18585649335738666,-3053.192200918168,-2726.5222565009763,0.0,0.4444444444444444,0.0,0.15
3.6333333333333333,21.589556749226023,3.6971157205957983,21.90382672684222,-0.603793665315764,-0.28636027495874267,-0.087,-0.3249711794352502,1.3576339928161572,129.84322344442123,-11.840132216242406,0.16960048119581456,0.24047580102290492,0.1869687198212209,-3063.8064193522164,-2740.1538013773466,0.0,0.4444444444444444,0.0,0.15
3.65,21.583970619841953,3.7197059585307093,21.902146016683606,-0.6085806704059142,-0.2872203054090203,-0.087,-0.3351677630442016,1.3554142760946606,130.17381277124954,-11.994928237302792,0.17066014898685572,0.24148833782414694,0.1880782243080153,-3074.41858615061,-2753.710564572363,0.0,0.4444444444444444,0.0,0.15
3.6666666666666665,21.578216909619794,3.742243794773061,21.900315833752696,-0.6133813048827532,-0.28803806861034076,-0.087,-0.34522261332963,1.3522701745410837,130.503792984714,-12.150947150879487,0.17171892823681972,0.24250228341640898,0.18918437175911626,-3085.0208106422447,-2767.185048883086,0.0,0.4444444444444444,0.0,0.15
3.683333333333333,21.57229806119363,3.764714344032248,21.898335958084594,-0.618194877857555,-0.28881437848810415,-0.087,-0.35513090556970206,1.3482329555512447,130.83315503179338,-12.308190264781366,0.17277615279459188,0.24351692259559057,0.19028654969866232,-3095.6055100207727,-2780.570128018154,0.0,0.4444444444444444,0.0,0.15
3.6999999999999997,21.56621659388961,3.7871032346150937,21.896206271502642,-0.6230207120354421,-0.28955005067322587,-0.087,-0.36488803824126426,1.343333434970737,131.1618898313841,-12.466658805842007,0.17383117874786558,0.2445315624533045,0.19138416779480869,-3106.1654036122354,-2793.85903665783,0.0,0.4444444444444444,0.0,0.15
3.716666666666667,21.55997509997885,3.8093966007127915,21.89392675545504,-0.627858143728391,-0.29024590157693386,-0.087,-0.37448963464559026,1.3376019658618628,131.48998827764134,-12.626353917436733,0.17488338403979337,0.24554553204597157,0.19247665741948436,-3116.693506961683,-2807.0453604649983,0.0,0.4444444444444444,0.0,0.15
3.7333333333333334,21.55357624091326,3.8315810745224397,21.891497488831117,-0.6327065228536612,-0.29090274751621575,-0.087,-0.3839315439354418,1.3310684285788792,131.8174412432704,-12.787276657168613,0.17593216808155263,0.24655818205669303,0.19356347120755618,-3127.1831257639546,-2820.1230260742086,0.0,0.4444444444444444,0.0,0.15
3.75,21.54702274355365,3.8536437782239275,21.888918645759144,-0.6375652129184707,-0.29152140388856435,-0.087,-0.39320984157645356,1.3237622220892558,132.14423958276663,-12.94942799471894,0.1769769513617415,0.24756888445090489,0.19464408261621594,-3137.627849662477,-2833.0862910840665,0.0,0.4444444444444444,0.0,0.15
3.7666666666666666,21.540317396399058,3.8755723158319206,21.886190493387712,-0.6424335909917146,-0.29210268439463405,-0.087,-0.40232082927559687,1.3157122564795944,132.47037413560292,-13.11280880985768,0.17801717505346434,0.24857703212676416,0.19571798548534472,-3148.0215459386677,-2845.9297340764706,0.0,0.4444444444444444,0.0,0.15
3.783333333333333,21.533463045825574,3.8973547649416904,21.883313389652614,-0.6473110476635044,-0.29264740030738984,-0.087,-0.4112610344090939,1.3069469465861978,132.79583572936346,-13.277419890609348,0.1790523006199114,0.24958203856116373,0.19678469359955503,-3158.358353113221,-2858.6482446845,0.0,0.4444444444444444,0.0,0.15
3.8,21.526462592342547,3.9189796683865477,21.88028778103136,-0.6521969869932762,-0.2931563597863055,-0.087,-0.4200272089816518,1.2974942066914306,133.12061518282258,-13.443261931569722,0.18008180941918367,0.25058333745222067,0.19784374025255386,-3168.6326744793387,-2871.237013729054,0.0,0.4444444444444444,0.0,0.15
3.8166666666666664,21.519318986873408,3.9404360258236895,21.87711420028747,-0.6570908264471954,-0.29363036723514924,-0.087,-0.42861632814828554,1.287381446228519,133.44470330896786,-13.610335532368849,0.18110520230906324,0.25158038235903335,0.19889467781441955,-3178.8391715867406,-2883.691523442743,0.0,0.4444444444444444,0.0,0.15
3.8333333333333335,21.51203522706792,3.961713285264334,21.873793264206622,-0.6619919968255601,-0.2940702227018826,-0.087,-0.4370255883292863,1.2766355664386762,133.76809091796653,-13.778641196275732,0.18212199925237987,0.2525726463394523,0.19993707730233476,-3188.972757694091,-2896.0075377979697,0.0,0.4444444444444444,0.0,0.15
3.85,21.504614353652116,3.9828013345631024,21.87032567132685,-0.6668999421808799,-0.2944767213191893,-0.087,-0.4452524049481388,1.2652829579261038,134.0907688200744,-13.948179328940173,0.18313173892357676,0.25355962158656487,0.20097052795526912,-3199.0285912063396,-2908.181092954606,0.0,0.4444444444444444,0.0,0.15
3.8666666666666667,21.497059446821762,4.003690492880732,21.866712199664867,-0.6718141197272823,-0.29485065278414885,-0.087,-0.4532944098213152,1.2533494990577863,134.41272782848662,-14.118950237267175,0.18413397831703276,0.2545408190645445,0.20199463681306076,-3209.002069112333,-2920.208487841271,0.0,0.4444444444444444,0.0,0.15
3.8833333333333333,21.489373622684628,4.024371502133343,21.862953704440688,-0.6767339997418752,-0.29519280087557115,-0.087,-0.46114944822799997,1.240860555156667,134.73395876212965,-14.290954128419447,0.18512829235765446,0.2555157681444762,0.20300902830030168,-3218.8888204369887,-2932.0862748827835,0.0,0.4444444444444444,0.0,0.15
3.9,21.481560029756515,4.044835518440649,21.85905111580262,-0.6816590654586671,-0.29550394300751376,-0.087,-0.46881557568683163,1.227840978438322,135.0544524483941,-14.464191108943483,0.18611427351420956,0.2564840162407209,0.2040133438153905,-3228.6846997212374,-2943.8112508850686,0.0,0.4444444444444444,0.0,0.15
3.9166666666666665,21.47362184551542,4.065074103584697,21.85500543655462,-0.6865888129556257,-0.2957848498175143,-0.087,-0.4762910544657717,1.2143151086429436,135.37419972580776,-14.638661184014811,0.18709153141583254,0.257445128448347,0.20500724132507742,-3238.3857805419666,-2955.3804480875388,0.0,0.4444444444444444,0.0,0.15
3.933333333333333,21.465562273017916,4.085079216489964,21.850817739888097,-0.691522751035427,-0.29603628478808325,-0.087,-0.48357434985018755,1.200306774316009,135.69319144664865,-14.814364256798017,0.1880596924720951,0.25839868718211256,0.20599039496478902,-3247.988349083195,-2966.79112539175,0.0,0.4444444444444444,0.0,0.15
3.9499999999999997,21.457384537581362,4.104843204734843,21.846489167120048,-0.6964604011004274,-0.2962590039000197,-0.087,-0.49066412619320965,1.1858392946927294,136.0114184794979,-14.991300127917214,0.18901839949699786,0.2593442918174469,0.20696249464498415,-3257.4888977687556,-2978.040759774016,0.0,0.4444444444444444,0.0,0.15
3.966666666666667,21.44909188353517,4.124358796103894,21.84202092543943,-0.701401297022363,-0.2964537553161323,-0.087,-0.4975592427713623,1.170935482143041,136.328871711732,-15.169468495032703,0.1899673113372039,0.2602815583338429,0.20792324566376139,-3266.8841189659142,-2989.1270378885984,0.0,0.4444444444444444,0.0,0.15
3.9833333333333334,21.440687571044048,4.143619090189485,21.837414285663616,-0.7063449850072625,-0.2966212790939706,-0.087,-0.5042587494674208,1.1556176451354903,136.64554205195466,-15.348868952519616,0.19090610250480297,0.2612101189610372,0.20887236832590522,-3276.1708987684306,-3000.0478478670393,0.0,0.4444444444444444,0.0,0.15
4.0,21.432174873005692,4.162617550050821,21.832670580006646,-0.7112910234560325,-0.29676230692619693,-0.087,-0.5107618823013803,1.1399075916801413,136.96142043236796,-15.52950099124442,0.19183446281486213,0.26212962182832167,0.20980959756852907,-3285.3463108668043,-3010.8012713182998,0.0,0.4444444444444444,0.0,0.15
4.016666666666667,21.423557072025204,4.181347993937691,21.827791199860968,-0.7162389828211534,-0.29687756190725567,-0.087,-0.5170680588293767,1.123826633212195,137.276497811083,-15.71136399843523,0.1927520970279904,0.2630397306172985,0.21073468259344735,-3294.407610512599,-3021.3855755334434,0.0,0.4444444444444444,0.0,0.15
4.033333333333333,21.41483745746805,4.199804587085685,21.822777593594328,-0.7211884454599039,-0.29696775832502764,-0.087,-0.5231768734293515,1.107395588879676,137.59076517437,-15.894457257641951,0.19365872449811583,0.26394012421836066,0.21164738650638043,-3303.352228583062,-3031.79920589776,0.0,0.4444444444444444,0.0,0.15
4.05,21.406019322593195,4.217981833589022,21.81763126436324,-0.726139005484507,-0.29703360147618607,-0.087,-0.5290880924912156,1.0906347902002063,137.90421353884813,-16.078779948782376,0.19455407882564738,0.26483049639115197,0.21254748596307466,-3312.1777657515054,-3042.0407785124885,0.0,0.4444444444444444,0.0,0.15
4.066666666666666,21.397105961767725,4.235874568356579,21.812353767944575,-0.7310902686095738,-0.2970757875040049,-0.087,-0.5348016495282687,1.0735640860533966,138.21683395361515,-16.264331148270404,0.19543790751616855,0.26571055542923194,0.2134347708223953,-3320.881986768246,-3052.1090730275146,0.0,0.4444444444444444,0.0,0.15
4.083333333333333,21.388100667763965,4.2534779491561965,21.80694671058659,-0.7360418519971972,-0.2970950032574024,-0.087,-0.5403176402256189,1.056202847977076,138.52861750231725,-16.45110982922269,0.19630997164478708,0.2665800238291472,0.21430904380643082,-3329.462814856297,-3062.003025685799,0.0,0.4444444444444444,0.0,0.15
4.1,21.37900672913996,4.270787448751813,21.8014117468807,-0.7409933841000311,-0.2970919261700384,-0.087,-0.5456363174403891,1.0385699757369995,138.83955530515925,-16.63911486174006,0.19717004552624157,0.26743863796408446,0.21517012016762652,-3337.9183262253705,-3071.7217225796335,0.0,0.4444444444444444,0.0,0.15
4.116666666666666,21.369827427703832,4.287798847137501,21.79575057765519,-0.7459445045026698,-0.2970672241583182,-0.087,-0.5507580861675557,1.0206839031412773,139.14963852085563,-16.82834501326017,0.19801791639084682,0.26828614776225956,0.21601782736294764,-3346.246744707231,-3081.2643931182674,0.0,0.4444444444444444,0.0,0.15
4.133333333333333,21.360566036062426,4.3045082238720385,21.789964947892084,-0.7508948637616231,-0.29702155553719356,-0.087,-0.5556834984843302,1.0025626040722448,139.45885834852277,-17.018798948977935,0.19885338406633885,0.2691223163901731,0.21685200473505642,-3354.446436514857,-3090.6304037059163,0.0,0.4444444444444444,0.0,0.15
4.15,21.35122581525434,4.320911950517203,21.78405664466804,-0.7558441232441678,-0.296955568952685,-0.087,-0.5604132484851294,0.9842235987098835,139.76720602951272,-17.210475232330403,0.19967626066566388,0.2699469199408441,0.2176725032004713,-3362.5159051274313,-3099.819251628684,0.0,0.4444444444444444,0.0,0.15
4.166666666666667,21.34181001246737,4.337006683182576,21.77802749512046,-0.760791954966336,-0.29686990333008983,-0.087,-0.5649481672183077,0.9656839599223419,140.07467284918917,-17.403372325542747,0.2004863702807379,0.2707597471271145,0.21847918494466298,-3370.453786302684,-3108.8305591484955,0.0,0.4444444444444444,0.0,0.15
4.183333333333334,21.33232185884012,4.352789355179251,21.771879364439577,-0.7657380414302839,-0.2967651878368744,-0.087,-0.5692892176350086,0.9469603198004979,140.381250138646,-17.597488590232228,0.20128354868218792,0.271560598980097,0.21927192312402902,-3378.2588432176794,-3117.6640678017275,0.0,0.4444444444444444,0.0,0.15
4.2,21.32276456734746,4.368257169784497,21.765614153887363,-0.770682075461272,-0.2966420418592871,-0.087,-0.5734374895596928,0.9280688763147857,140.68692927636894,-17.792822288067047,0.20206764302507257,0.272349288552825,0.22005060157467754,-3385.929961738765,-3126.319632899887,0.0,0.4444444444444444,0.0,0.15
4.216666666666667,21.313141330769273,4.3834075931190615,21.759233798844097,-0.7756237600444681,-0.2965010749917659,-0.087,-0.5773941946911532,0.9090254000738218,140.99170168984097,-17.989371581477073,0.20283851156056465,0.2731256406291448,0.22081511452793914,-3393.4661458209976,-3134.797218229346,0.0,0.4444444444444444,0.0,0.15
4.233333333333333,21.303455319741904,4.398238347138488,21.752740266883137,-0.7805628081617723,-0.2963428870382495,-0.087,-0.5811606616420815,0.8898452411656077,141.2955588570921,-18.187134534413534,0.20359602335356775,0.27388949143787833,0.22156536633251697,-3400.866513037031,-3143.096890946855,0.0,0.4444444444444444,0.0,0.15
4.25,21.293709680891492,4.412747402739543,21.746135555874673,-0.7854989426288479,-0.29616806802453866,-0.087,-0.5847383310245833,0.8705433360632711,141.59849230819398,-18.38610911315488,0.20434005800622687,0.27464068837226785,0.22230127118317738,-3408.1302902351485,-3151.2188166673345,0.0,0.4444444444444444,0.0,0.15
4.266666666666667,21.283907535048353,4.4269329729825175,21.739421692118857,-0.7904318959325294,-0.2959771982208896,-0.087,-0.5881287505883589,0.8511342145784946,141.9004936267003,-18.58629318715607,0.2050705053872823,0.27537908971470526,0.2230227528558734,-3415.2568093257923,-3159.163254740161,0.0,0.4444444444444444,0.0,0.15
4.283333333333333,21.274051975541393,4.440793506429966,21.732600728508938,-0.7953614100687637,-0.29577084817405636,-0.087,-0.5913335704176431,0.8316320068468688,142.2015544510332,-18.787684529938655,0.2057872653672078,0.2761045643667334,0.2237297444491893,-3422.2455031957165,-3166.930553710038,0.0,0.4444444444444444,0.0,0.15
4.3,21.26414606657152,4.45432768060214,21.725674742724735,-0.800287236381231,-0.29554957874803445,-0.087,-0.5943545381924201,0.8120504503304744,142.5016664758168,-18.99028082001911,0.2064902475590642,0.276816991584298,0.22442218813198617,-3429.095901748615,-3174.5211469583114,0.0,0.4444444444444444,0.0,0.15
4.316666666666666,21.254192841662874,4.467534395549208,21.718645835456883,-0.8052091354007775,-0.29531394117279147,-0.087,-0.5971934945188445,0.7924028968240844,142.80082145315833,-19.19407964187292,0.2071793710649932,0.2775162607182188,0.22510003489712532,-3435.8076280708683,-3181.9355485204946,0.0,0.4444444444444444,0.0,0.15
4.333333333333333,21.244195302190654,4.480412767540079,21.711516128662126,-0.8101268766857826,-0.29506447710030465,-0.087,-0.5998523683332858,0.7727023194522653,143.0990111938777,-19.399078486932115,0.20785456422826776,0.27820227095983885,0.225763244321139,-3442.380394720857,-3189.174349075617,0.0,0.4444444444444444,0.0,0.15
4.35,21.234156415984256,4.492962122867508,21.70428776384997,-0.8150402386635702,-0.2948017186672574,-0.087,-0.6023331723839033,0.7529613196457028,143.39622756868587,-19.60527475461385,0.20851576439081065,0.2788749310918024,0.22641178432971804,-3448.8140001400716,-3196.2382121029377,0.0,0.4444444444444444,0.0,0.15
4.366666666666666,21.22407911600437,4.505181991768939,21.696962900400873,-0.8199490084729666,-0.2945261885637787,-0.087,-0.6046379987931979,0.7331921340858978,143.69246250931357,-19.812665753377914,0.2091629176560859,0.2795341592439051,0.22704563096887767,-3455.1083251841524,-3203.1278702014515,0.0,0.4444444444444444,0.0,0.15
4.383333333333333,21.213966299092625,4.517072102462412,21.6895437139162,-0.824852981808094,-0.2942384001076413,-0.087,-0.606769014704533,0.7134066416083193,143.98770800959002,-20.021248701810997,0.2097959786572644,0.28017988265395277,0.22766476818166592,-3461.2633297717643,-3209.844121567615,0.0,0.4444444444444444,0.0,0.15
4.4,21.203820824792373,4.5286323752966595,21.6820323946,-0.8297519627634834,-0.2939388573233632,-0.087,-0.6087284580152209,0.6936163700548486,144.2819561264734,-20.23102072973562,0.21041491033055923,0.28081203743355926,0.22826918759027143,-3467.2790496491643,-3216.3878266266006,0.0,0.4444444444444444,0.0,0.15
4.416666666666667,21.193645514239066,4.539862917014446,21.67443114567274,-0.8346457636805782,-0.293628055025689,-0.087,-0.6105186331983662,0.6738325030671737,144.57519898103328,-20.441978879341825,0.21101968369362376,0.28143056833880753,0.22885888828339038,-3473.155593268135,-3222.7599048124475,0.0,0.4444444444444444,0.0,0.15
4.433333333333334,21.183443149118812,4.5507640151280055,21.666742181817106,-0.8395342049956941,-0.2933064789069525,-0.087,-0.61214190721531,0.6540658868135623,144.86742875938586,-20.654120106339672,0.2116102776289016,0.28203542854569413,0.22943387660870743,-3478.8931387749103,-3228.961331492377,0.0,0.4444444444444444,0.0,0.15
4.45,21.173216470693475,4.561336132405374,21.658967727655728,-0.8444171150894917,-0.29297460562785377,-0.087,-0.6136007055201842,0.6343270366420866,145.15863771358295,-20.867441281130716,0.2121866786718159,0.28262657943027225,0.2299941659703486,-3484.491931107601,-3234.993135030625,0.0,0.4444444444444444,0.0,0.15
4.466666666666667,21.162968178890846,4.571579901466276,21.65111001626099,-0.8492943301380118,-0.2926329029112074,-0.087,-0.6148975081577591,0.6146261436541138,145.44881816245524,-21.081939189996724,0.2127488808036818,0.2832039903534053,0.23053977663116015,-3489.952279199586,-3240.8563939870974,0.0,0.4444444444444444,0.0,0.15
4.483333333333333,21.152700931458256,4.58149611948615,21.643171287696763,-0.8541656939653159,-0.29228182963824617,-0.087,-0.6160348459555067,0.594973081192463,145.73796249241093,-21.297610536303935,0.21329688524922588,0.2837676384500386,0.23107073551967047,-3495.274553286233,-3246.5522344462083,0.0,0.4444444444444444,0.0,0.15
4.5,21.14059360242624,4.58759634702424,21.632631326451605,-0.8590740731342389,-0.29450275013537625,-0.11599999999999999,-0.7264397419209205,0.3660136522853925,146.0259899394442,-21.51447930180893,0.21369096143240848,0.3130288575473398,0.23160634762816892,-3760.8282668459246,-3252.2880307200235,0.0,0.4444444444444444,0.0,0.2
4.516666666666667,21.128296806927473,4.594309037875561,21.62203971638954,-0.8640187910847329,-0.2966830770296423,-0.11599999999999999,-0.7378077299259875,0.4027614510792965,146.31289350394522,-21.732541119199283,0.21411496264056654,0.3133222518886834,0.23216943905964474,-3763.38434842961,-3258.3073110622418,0.0,0.4444444444444444,0.0,0.2
4.533333333333333,21.115809938085764,4.601610284289589,21.61139159216364,-0.8689991660450238,-0.29882249761745566,-0.11599999999999999,-0.7492121305024299,0.43807478484166573,146.59866605890798,-21.951791619729573,0.2145678610542461,0.3136468089903095,0.23275896637781437,-3766.2094674131863,-3264.597334103847,0.0,0.4444444444444444,0.0,0.2
4.55,21.103132494815934,4.609476377801931,21.600682247819634,-0.8740145117788873,-0.30092074403180913,-0.11599999999999999,-0.7606465961896903,0.4719656107405239,146.88330035414853,-22.17222642885928,0.21504863568175067,0.31400152059596476,0.23337389580277856,-3769.2941175987685,-3271.145472033643,0.0,0.4444444444444444,0.0,0.2
4.566666666666666,21.090264083260283,4.617883824957926,21.58990713556839,-0.879064138311223,-0.30297759194013973,-0.11599999999999999,-0.7721046933390262,0.5044468293596749,147.16678902057214,-22.393841161971213,0.2155562730941651,0.31438538349133904,0.2340132038584966,-3772.62880354978,-3277.9392258839566,0.0,0.4444444444444444,0.0,0.2
4.583333333333333,21.077204418021836,4.626809362157284,21.579061864521023,-0.8841473526315604,-0.3049928592202459,-0.11599999999999999,-0.783579914306815,0.5355322319615201,147.44912457448362,-22.616631420176233,0.2160897681173716,0.31479740027675396,0.2346758779758433,-3776.204054405066,-3284.966239764678,0.0,0.4444444444444444,0.0,0.2
4.6,21.063953323193683,4.6362299696342,21.568142199387886,-0.8892634593752062,-0.306966404618752,-0.11599999999999999,-0.7950656896892111,0.5652364486149173,147.73029942193483,-22.84059278620958,0.21664812448193732,0.3152365800987124,0.2353609170524335,-3780.0104369862834,-3292.214314065915,0.0,0.4444444444444444,0.0,0.2
4.616666666666666,21.050510733184616,4.646122884588656,21.557144059142416,-0.8944117614818127,-0.3088981263963872,-0.11599999999999999,-0.8065554005440342,0.5935748972673363,148.01030586310364,-23.065720820423774,0.21723035543181538,0.3157019393409898,0.2360673319704427,-3784.0385682010156,-3299.671417651755,0.0,0.4444444444444444,0.0,0.2
4.633333333333333,21.036876693342133,4.656465613485862,21.546063515650783,-0.8995915608312146,-0.3107879609641192,-0.11599999999999999,-0.8180423905489222,0.6205637338323848,148.28913609669908,-23.29201105688255,0.21783548429285346,0.31619250227601803,0.236794146073693,-3788.279126746442,-3307.3256990696036,0.0,0.4444444444444444,0.0,0.2
4.65,21.023051360374666,4.667235943541796,21.534896792268114,-0.9048021588564473,-0.312635881513963,-0.11599999999999999,-0.8295199780480882,0.6462198033560131,148.56678222438694,-23.519458999559923,0.21846254500215273,0.31670730167737343,0.23754039560530477,-3792.722864120458,-3315.1654968012713,0.0,0.4444444444444444,0.0,0.2
4.666666666666667,21.00903500257561,4.678411953413748,21.523640262401987,-0.910042857133915,-0.31444189664806105,-0.11599999999999999,-0.8409814679433129,0.6705605923171438,148.84323625523078,-23.748060118648034,0.21911058259935853,0.3172453793942318,0.23830513010723883,-3797.3606149490656,-3323.1793485834855,0.0,0.4444444444444444,0.0,0.2
4.683333333333334,20.994827999852475,4.689972023115607,21.512290448043803,-0.9153129579507385,-0.31620604900941507,-0.11599999999999999,-0.8524201633881555,0.6936041821115646,149.1184901101431,-23.977809846977113,0.21977865368099928,0.3178057868887046,0.23908741278307438,-3802.183306640687,-3331.3559998268047,0.0,0.4444444444444444,0.0,0.2
4.7,20.980430843565014,4.701894843178291,21.500844018268694,-0.9206117648493625,-0.3179284139174351,-0.11599999999999999,-0.8638293772477342,0.7153692037610266,149.392535626342,-24.2087035765504,0.22046582681901686,0.3183875857370071,0.23988632082538036,-3807.1819683795393,-3339.684411163,0.0,0.4444444444444444,0.0,0.2
4.716666666666667,20.96584413617685,4.714159423076345,21.489297787704484,-0.9259385831495501,-0.3196090980112612,-0.11599999999999999,-0.8752024432897194,0.7358747938832311,149.66536456180796,-24.440736655196574,0.22117118294465576,0.3189898480954488,0.24070094570904654,-3812.3477394717293,-3348.1537651518556,0.0,0.4444444444444444,0.0,0.2
4.733333333333333,20.951068590725594,4.726745098942218,21.47764871497024,-0.9312927204479436,-0.3212482379036076,-0.11599999999999999,-0.8865327270755148,0.7551405519523904,149.9369685997368,-24.67390438334187,0.22189381569889322,0.3196116571322621,0.24153039345194327,-3817.6718770589323,-3356.753472179083,0.0,0.4444444444444444,0.0,0.2
4.75,20.936105030116863,4.739631540590123,21.465893901085074,-0.936673487095405,-0.3228459988476785,-0.11599999999999999,-0.8978136365237864,0.7731864988742787,150.20733935298372,-24.90820201090366,0.22263283175060686,0.3202521074263128,0.2423737848442781,-3823.145763215676,-3365.473175577582,0.0,0.4444444444444444,0.0,0.2
4.766666666666667,20.92095438624817,4.752798757871698,21.454030587847665,-0.9420801966523968,-0.3244025734195086,-0.11599999999999999,-0.9090386321216967,0.7900330368944894,150.47646836849466,-25.143624734307004,0.22338735108368207,0.32091030533375353,0.24323025564801037,-3828.76091144721,-3374.3027560046785,0.0,0.4444444444444444,0.0,0.2
4.783333333333333,20.9056176989688,4.766227106385923,21.442056156187203,-0.9475121663226951,-0.32591818021789354,-0.11599999999999999,-0.9202012367622251,0.8057009108535098,150.7443471317202,-25.380167693625303,0.224156507254266,0.32158536932369597,0.24409895676767707,-3834.508972605786,-3383.2323351082246,0.0,0.4444444444444444,0.0,0.2
4.8,20.89009611488232,4.779897292565884,21.429968124486326,-0.9529687173657599,-0.3273930625838884,-0.11599999999999999,-0.9312950451889573,0.8202111707976165,151.01096707100868,-25.61782596984594,0.22493944761937404,0.3222764302839909,0.24497905439396814,-3840.3817402438895,-3392.252278514553,0.0,0.4444444444444444,0.0,0.2
4.816666666666666,20.87439088599844,4.793790378165053,21.41776414687683,-0.9584491754881213,-0.32882748734167744,-0.11599999999999999,-0.9423137330325626,0.833585135950166,151.27631956197428,-25.856594582261405,0.22573533353804917,0.3229826317982065,0.2458697301213742,-3846.3711554235556,-3401.353198171255,0.0,0.4444444444444444,0.0,0.2
4.833333333333333,20.858503368241344,4.807887784165783,21.405442011508804,-0.963952871214162,-0.33022174356244427,-0.11599999999999999,-0.9532510654258963,0.8458443600438468,151.5403959318365,-26.09646848598622,0.22654334054626915,0.3237031303949046,0.24677018104120974,-3852.4693110013786,-3410.5259540776206,0.0,0.4444444444444444,0.0,0.2
4.85,20.842435019821554,4.822171294132627,21.39299963879401,-0.9694791402367071,-0.33157614135270763,-0.11599999999999999,-0.9641009051873166,0.8570105980106302,151.80318746372777,-26.337442569599627,0.22736265850678355,0.32443709577030677,0.24767961981129255,-3858.6684554091757,-3419.7616554353426,0.0,0.4444444444444444,0.0,0.2
4.866666666666666,20.82618739947882,4.836623057033005,21.3804350796244,-0.9750273237478476,-0.33289101066842824,-0.11599999999999999,-0.974857220564217,0.8671057740226935,152.06468540096543,-26.5795116529138,0.22819249173504996,0.32518371098544474,0.24859727470353596,-3864.9609959505733,-3429.051661251716,0.0,0.4444444444444444,0.0,0.2
4.883333333333333,20.8097621646033,4.851225589547578,21.36774651356657,-0.9805967687504483,-0.33416670015604044,-0.11599999999999999,-0.9855140925311681,0.8761519508743687,152.32488095128565,-26.822670484867107,0.2290320591024227,0.32594217263887726,0.2495223896306835,-3871.3395016339064,-3438.387580427155,0.0,0.4444444444444444,0.0,0.2
4.9,20.793161069242647,4.865961777892448,21.354932247033194,-0.9861868283508053,-0.3354035760214162,-0.11599999999999999,-0.9960657216392202,0.8841713006921923,152.58376529103552,-27.06691374154166,0.22988059411772857,0.3267116910160498,0.2504542241533877,-3877.7967055619633,-3447.761271358318,0.0,0.4444444444444444,0.0,0.2
4.916666666666667,20.776385962002397,4.880814879175071,21.341990711432405,-0.9917968620329325,-0.3366020209276303,-0.11599999999999999,-1.0065064344149919,0.8911860769574407,152.84132956932098,-27.312236024304276,0.23073734498834353,0.32749149021635926,0.251392053468804,-3884.3255068990607,-3457.1648410875287,0.0,0.4444444444444444,0.0,0.2
4.933333333333334,20.75943878384723,4.895768522305456,21.32892046129615,-0.9974262359149703,-0.3377624329222636,-0.11599999999999999,-1.0168306893100825,0.8972185878230672,153.0975649121079,-27.558631858069656,0.23160157466186207,0.3282808082589714,0.25233516838183884,-3890.918972435913,-3466.5906440285335,0.0,0.4444444444444444,0.0,0.2
4.95,20.74232156581051,4.910806708483868,21.315720172388687,-1.0030743229882177,-0.3388852243948542,-0.11599999999999999,-1.027033082203098,0.9022911707047294,153.35246242627375,-27.806095689684536,0.23247256084942655,0.3290788971684236,0.25328287526016013,-3897.5703377725827,-3476.0312802979097,0.0,0.4444444444444444,0.0,0.2
4.966666666666667,20.72503642661954,4.925913811285928,21.30238863979634,-1.0087405033393009,-0.33997082106498944,-0.11599999999999999,-1.0371083514582469,0.9064261681235628,153.60601320360723,-28.05462188643127,0.23334959603175923,0.32988502304102674,0.2542344959740424,-3904.2730081396257,-3485.479593680663,0.0,0.4444444444444444,0.0,0.2
4.983333333333333,20.707585570243772,4.941074576365538,21.288924775999703,-1.0144241643559913,-0.3410196610014173,-0.11599999999999999,-1.047051382545917,0.9096459047765935,153.85820832475446,-28.304204734649232,0.23423198744891177,0.3306984660930586,0.25518936782208634,-3911.0205588772837,-3494.9286692577316,0.0,0.4444444444444444,0.0,0.2
5.0,20.68997128337324,4.956274120795689,21.275327608929512,-1.0201247009171988,-0.3420321936724502,-0.11599999999999999,-1.056857212232031,0.9119726658090626,154.10903886310874,-28.55483843847223,0.2351190570747202,0.331518520691723,0.25614684344381566,-3917.806735592257,-3504.371830722279,0.0,0.4444444444444444,0.0,0.2
5.016666666666667,20.67219593283417,4.971497932066714,21.261596280007513,-1.0258415155676628,-0.343008879027836,-0.11599999999999999,-1.0665210323441836,0.9134286762615194,154.35849588864284,-28.80651711868003,0.2360101415769245,0.33234449536982313,0.25710629072012076,-3924.625454011243,-3513.802637410729,0.0,0.4444444444444444,0.0,0.2
5.033333333333333,20.654261962948777,4.986731866761103,21.247730042173526,-1.0315740186778657,-0.3439501866121752,-0.11599999999999999,-1.0760381931236889,0.9140360816633502,154.60657047168144,-29.059234811661906,0.23690459226388186,0.33317571282507563,0.2580670926624807,-3931.4707995500407,-3523.214881073632,0.0,0.4444444444444444,0.0,0.2
5.05,20.636171892845883,5.001962148923492,21.233728257900115,-1.037321628589697,-0.3448565947098786,-0.11599999999999999,-1.0854042061736,0.9138169297433381,154.85325368661265,-29.312985468490105,0.23780177501877436,0.334011509904967,0.25902864729186087,-3938.3370266165716,-3532.6025824104604,0.0,0.4444444444444444,0.0,0.2
5.066666666666666,20.61792831372899,5.017175368143941,21.21959039719612,-1.0430837717483898,-0.3457285895215769,-0.11599999999999999,-1.0946147470136722,0.9127931532269669,155.09853661553674,-29.567762954100946,0.23870107022217946,0.3348512375780282,0.259990367508147,-3945.2185576657234,-3541.9599873915313,0.0,0.4444444444444444,0.0,0.2
5.083333333333333,20.59953388610809,5.032358477372099,21.205316035600468,-1.0488598828212534,-0.3465666643718192,-0.11599999999999999,-1.1036656572539405,0.9109865536894439,155.34241035185113,-29.82356104658119,0.23960187266384295,0.3356942608923783,0.2609516809509409,-3952.1099820234176,-3551.2815633892674,0.0,0.4444444444444444,0.0,0.2
5.1,20.580991337001436,5.047498790479312,21.190904852167552,-1.0546494048037172,-0.34737131894782725,-0.11599999999999999,-1.1125529463992447,0.908418786432823,155.58486600377003,-30.08037343655732,0.2405035914444619,0.3365399589223589,0.26191202985250583,-3959.006054496796,-3560.561995140022,0.0,0.4444444444444444,0.0,0.2
5.116666666666666,20.562303457113142,5.0625839795852325,21.17635662744562,-1.0604517891132006,-0.3481430585690089,-0.11599999999999999,-1.1212727932975586,0.9051113463552021,155.82589469777818,-30.338193726685162,0.24140564986825466,0.33738772470405765,0.2628708708836179,-3965.9016937868837,-3569.7961805567757,0.0,0.4444444444444444,0.0,0.2
5.133333333333333,20.543473097992386,5.077602072164892,21.161671241449483,-1.0662664956713153,-0.348882393486875,-0.11599999999999999,-1.1298215472454267,0.901085554779554,156.0654875820173,-30.597015431237374,0.24230748532706464,0.33823696516048884,0.2638276749930413,-3972.791980719549,-3578.9792264119974,0.0,0.4444444444444444,0.0,0.2
5.15,20.52450316917965,5.092541447951719,21.14684867162887,-1.0720929929748977,-0.34958983821495004,-0.11599999999999999,-1.1381957287641462,0.8963625472096428,156.30363582960473,-30.856831975786125,0.24320854917671328,0.3390871010171738,0.26478192724131255,-3979.67215631,-3588.1064439090223,0.0,0.4444444444444444,0.0,0.2
5.166666666666667,20.505396635345306,5.10739083565139,21.131888990833886,-1.077930758156368,-0.3502659108882196,-0.11599999999999999,-1.1463920300606145,0.8909632619802856,156.54033064188337,-31.117636696978416,0.244108306606287,0.3399375667088341,0.26573312662948606,-3986.537619675505,-3597.1733441593574,0.0,0.4444444444444444,0.0,0.2
5.183333333333334,20.486156513425524,5.122139309480879,21.116792365278783,-1.0837792770338948,-0.35091113265161167,-0.11599999999999999,-1.1544073151869227,0.8849084297693199,156.77556325160253,-31.37942284240127,0.24500623650101408,0.3407878102778859,0.26668078592345806,-3993.3839258104404,-3606.175633582369,0.0,0.4444444444444444,0.0,0.2
5.2,20.466785869760308,5.136776285546523,21.10155905250542,-1.0896380441518443,-0.35152602707697195,-0.11599999999999999,-1.162238619912904,0.8782185639386162,157.0093249260289,-31.64218357053417,0.24590183129935594,0.3416372932653938,0.26762443147445475,-4000.2067832371827,-3615.1092092428867,0.0,0.4444444444444444,0.0,0.2
5.216666666666667,20.44728781723821,5.151291518074386,21.086189399347695,-1.095506562811977,-0.3521111196079565,-0.11599999999999999,-1.1698831513258836,0.8709139516718034,157.2416069699876,-31.90591195078599,0.24679459684490904,0.34248549059511696,0.26856360303624,-4007.002051545799,-3623.9701541413724,0.0,0.4444444444444444,0.0,0.2
5.233333333333333,20.427665512452013,5.1656750955056605,21.070683839898237,-1.1013843450958474,-0.35266693703223534,-0.11599999999999999,-1.17733828717185,0.8630146458764933,157.47240072883278,-32.170600963613694,0.2476840522336848,0.34333189045125223,0.2694978535795645,-4013.7657388348844,-3632.7547324703896,0.0,0.4444444444444444,0.0,0.2
5.25,20.407922152869475,5.179917436469315,21.0550428934785,-1.1072709118788535,-0.353194006980373,-0.11599999999999999,-1.184601574952207,0.8545404578192368,157.7016975913477,-32.43624350072008,0.24856972965730623,0.34417599415045386,0.2704267491043505,-4020.493999065349,-3641.459384850255,0.0,0.4444444444444444,0.0,0.2
5.266666666666667,20.388060974022974,5.194009285643678,21.03926716261361,-1.1131657928363656,-0.35369285745072987,-0.11599999999999999,-1.1916707307901122,0.845510950461783,157.92948899257408,-32.702832365327815,0.249451174242632,0.34501731600868074,0.2713498684500749,-4027.1831293383443,-3650.080723555921,0.0,0.4444444444444444,0.0,0.2
5.283333333333333,20.368085246721638,5.20794170951814,21.023357331013006,-1.1190685264423608,-0.35416401635970746,-0.11599999999999999,-1.1985436380802688,0.8359454324677182,158.1557664165707,-32.97036027252706,0.2503279438882931,0.34585538320339915,0.2722668031047886,-4033.829567108012,-3658.615527746311,0.0,0.4444444444444444,0.0,0.2
5.3,20.347998274289374,5.221706092065624,21.007314161558078,-1.1249786599609715,-0.3546080111166455,-0.11599999999999999,-1.2052183459357808,0.8258629528490076,158.38052139910164,-33.23881984969396,0.2511996090985991,0.34668973563164096,0.2731771570131784,-4040.4298873391176,-3667.060738706544,0.0,0.4444444444444444,0.0,0.2
5.316666666666666,20.32780338983195,5.235294130336,20.99113849429787,-1.1308957494313492,-0.3550253682226653,-0.11599999999999999,-1.2116930674454607,0.815282296222616,158.60374553025358,-33.50820363697731,0.2520657528152463,0.3475199257643938,0.27408054638405377,-4046.9807996191394,-3675.4134551127086,0.0,0.4444444444444444,0.0,0.2
5.333333333333333,20.307503953536038,5.248697829980133,20.97483124445391,-1.1368193596462282,-0.3554166128927425,-0.11599999999999999,-1.2179661777546738,0.804221978647913,158.8254304569832,-33.77850408785069,0.25292597024723495,0.34834551849777523,0.2749765994976161,-4053.479145233819,-3683.670928328142,0.0,0.4444444444444444,0.0,0.2
5.35,20.287103350002997,5.261909500713736,20.958393400435167,-1.1427490641245663,-0.35578226870028773,-0.11599999999999999,-1.2240362119824946,0.7927002440162205,159.04556788559435,-34.04971356972746,0.2537798686993786,0.3491660910014186,0.27586495651283977,-4059.9218942146613,-3691.8305577394062,0.0,0.4444444444444444,0.0,0.2
5.366666666666666,20.26660498561987,5.274921751729813,20.941826021864106,-1.1486844450786247,-0.356122857243505,-0.11599999999999999,-1.2299018629876013,0.7807350609645747,159.26414958414549,-34.321824364635944,0.25462706739976443,0.3499812325644754,0.2767452692752754,-4066.306142366377,-3699.889886139546,0.0,0.4444444444444444,0.0,0.2
5.383333333333333,20.246012285969954,5.28772748706792,20.92513023761477,-1.154625093375838,-0.35643889783279886,-0.11599999999999999,-1.2355619789949919,0.7683441202864048,159.481167384788,-34.594828669952314,0.25546719732650247,0.3507905444396167,0.2776172011255582,-4072.6291082817443,-3707.8465951654844,0.0,0.4444444444444444,0.0,0.2
5.4,20.225328693285032,5.300319900948129,20.908307243863756,-1.160570608495813,-0.35673090719849815,-0.11599999999999999,-1.2410155610952027,0.7555448328126086,159.6966131860355,-34.868718599188476,0.25629990103407674,0.3515936396853933,0.27848042670888634,-4078.8881303509015,-3715.6985007958497,0.0,0.4444444444444444,0.0,0.2
5.416666666666667,20.204557663941245,5.3126924730770835,20.891358302154906,-1.1665205984827824,-0.3569993992181676,-0.11599999999999999,-1.2462617606273336,0.7423543277372264,159.910478954965,-35.14348618283255,0.2571248324795937,0.35239014300729377,0.27933463178571083,-4085.0806637716078,-3723.44354891491,0.0,0.4444444444444444,0.0,0.2
5.433333333333334,20.183702666000297,5.324838963933127,20.8742847374785,-1.1724746798938288,-0.3572448846627813,-0.11599999999999999,-1.251299876456769,0.7287894513626201,160.12275672934996,-35.41912336923943,0.25794165684919984,0.3531796905978192,0.2801795130438591,-4091.204277566573,-3731.0798109477114,0.0,0.4444444444444444,0.0,0.2
5.45,20.16276717679766,5.336753410037125,20.85708793636571,-1.1784324777431794,-0.3574678709610378,-0.11599999999999999,-1.256129352158077,0.7148667662399157,160.33343861972668,-35.69562202556906,0.2587500503849223,0.3539619299758716,0.28101477791229595,-4097.256651613491,-3738.605479571011,0.0,0.4444444444444444,0.0,0.2
5.466666666666667,20.14175468057911,5.348430119215145,20.839769344998956,-1.1843936254428644,-0.35766886198110276,-0.11599999999999999,-1.2607497731131407,0.7006025506811691,160.54251681139363,-35.97297393876988,0.2595497002121682,0.3547365198257373,0.2818401443767063,-4103.2355736930485,-3746.018864504063,0.0,0.4444444444444444,0.0,0.2
5.483333333333333,20.120668666186873,5.3598636658588195,20.82233046733885,-1.1903577647400156,-0.3578483578290743,-0.11599999999999999,-1.2651608635341607,0.6860127986204958,160.74998356634518,-36.25117081660533,0.26034030416809706,0.3555031298359218,0.282655340797066,-4109.13893655971,-3753.318388382827,0.0,0.4444444444444444,0.0,0.2
5.5,20.099512624796528,5.3710488861888575,20.80477286326831,-1.1963245456510736,-0.35800685466347454,-0.11599999999999999,-1.269362483420736,0.6711132198022609,160.95583122514026,-36.53020428872088,0.26112157063106783,0.3562614405380833,0.28346010572735414,-4114.964735039753,-3760.50258272076,0.0,0.4444444444444444,0.0,0.2
5.516666666666667,20.078290047705533,5.381980873526775,20.787098146754374,-1.2022936263931583,-0.3581448445250823,-0.11599999999999999,-1.2733546254598045,0.6559192402750442,161.16005220870645,-36.81006590774958,0.26189321835134155,0.3570111431462851,0.28425418773753813,-4120.711063160638,-3767.570083958851,0.0,0.4444444444444444,0.0,0.2
5.533333333333333,20.057004424174252,5.392654973579626,20.769307984028227,-1.2082646733128488,-0.3582628151814328,-0.11599999999999999,-1.2771374118768122,0.6404460031710641,161.36263902008062,-37.09074715045378,0.2626549762832066,0.3577519393967795,0.28503734523795493,-4126.376111315423,-3774.5196296072195,0.0,0.4444444444444444,0.0,0.2
5.55,20.03565923932015,5.403066779742148,20.75140409178396,-1.2142373608126042,-0.3583612499853244,-0.11599999999999999,-1.2807110912460375,0.6247083697513469,161.56358424608666,-37.372239418900925,0.2634065834186784,0.3584835413885116,0.2858093463061909,-4131.9581634656315,-3781.350054480186,0.0,0.4444444444444444,0.0,0.2
5.566666666666666,20.01425797206569,5.413212128420445,20.733388235396383,-1.2202113712750489,-0.3584406277466822,-0.11599999999999999,-1.284076035267619,0.6087209206977837,161.76288055895134,-37.654534041671404,0.26414778862291,0.35920567142452386,0.2865699685165553,-4137.455594385641,-3788.060287026374,0.0,0.4444444444444444,0.0,0.2
5.583333333333333,19.992804093140382,5.42308709438101,20.71526222715833,-1.2261863949853347,-0.35850142261714707,-0.11599999999999999,-1.287232735518384,0.5924979576339258,161.9605207178589,-37.937622275096324,0.264878350471437,0.3599180618544208,0.287318998772224,-4142.866866951363,-3794.649345755081,0.0,0.4444444444444444,0.0,0.2
5.6,19.97130106313733,5.432687986128629,20.697027924537778,-1.2321621300517809,-0.3585441039867687,-0.11599999999999999,-1.2901818001832124,0.5760535048571347,162.15649757044568,-38.2214953045233,0.2655980370893663,0.36062045491804345,0.2880562331401231,-4148.190529475668,-3801.116335759823,0.0,0.4444444444444444,0.0,0.2
5.616666666666666,19.94975233062444,5.442011341316386,20.678687228455086,-1.2381382823249842,-0.3585691363921998,-0.11599999999999999,-1.2929239507732588,0.5594013112654252,162.35080405423503,-38.50614424560834,0.2663066259926071,0.3613126025904885,0.2887814766886067,-4153.425213092807,-3807.46044533971,0.0,0.4444444444444444,0.0,0.2
5.633333333333333,19.92816133031049,5.45105392219077,20.6602420815806,-1.244114565315581,-0.3585769794358009,-0.11599999999999999,-1.295460018836976,0.5425548524630273,162.5434331980141,-38.791560145631884,0.2670039039312285,0.36199426642859345,0.28949454332797503,-4158.5696291937065,-3813.680942719003,0.0,0.4444444444444444,0.0,0.2
5.65,19.906531481266,5.459812711074594,20.64169446665283,-1.2500907001108323,-0.3585680877150842,-0.11599999999999999,-1.2977909426695153,0.5255273330294505,162.73437812315294,-39.077733984837295,0.2676896667350185,0.3626652174189979,0.2901952556538661,-4163.622566913884,-3819.7771728649623,0.0,0.4444444444444444,0.0,0.2
5.666666666666667,19.884866185198906,5.4682849058902185,20.623046404817444,-1.256066415290198,-0.35854291076193756,-0.11599999999999999,-1.2999177640257131,0.508331688937476,162.923632044867,-39.36465667778993,0.2683637191613087,0.3633252358278789,0.2908834447935494,-4168.5828906754305,-3825.7485544039096,0.0,0.4444444444444444,0.0,0.2
5.683333333333334,19.86316882478488,5.476467915725322,20.604299953987148,-1.2620414468400494,-0.3585018929910891,-0.11599999999999999,-1.3018416248415257,0.49098059010617234,163.11118827342398,-39.652319074755155,0.26902587474511713,0.36397411105244737,0.29155895025513495,-4173.449537784291,-3831.5945766351556,0.0,0.4444444444444444,0.0,0.2
5.7,19.841442762052072,5.4843593564432505,20.585457207222657,-1.2680155380676708,-0.3584454736572858,-0.11599999999999999,-1.3035637639684383,0.4734864430757213,163.29704021529597,-39.94071196309359,0.2696759556516535,0.36461164147428154,0.29222161977970795,-4178.221516083916,-3837.3147966422885,0.0,0.4444444444444444,0.0,0.2
5.716666666666667,19.81969133681999,5.491957046339774,20.566520291134776,-1.273988439514682,-0.3583740868206794,-0.11599999999999999,-1.305085513925032,0.4558613937914391,163.48118137425777,-40.22982606867206,0.2703137925312221,0.36523763431456435,0.29287130919638826,-4182.8979016660915,-3842.908836501143,0.0,0.4444444444444444,0.0,0.2
5.733333333333333,19.79791786519216,5.499259001847857,20.547491364307703,-1.2799599088700142,-0.3582881613199259,-0.11599999999999999,-1.3064082976696056,0.4381173304850101,163.66360535243248,-40.519652057288596,0.270939224376549,0.365851905491281,0.29350788228030855,-4187.477836639653,-3848.376380583593,0.0,0.4444444444444444,0.0,0.2
5.75,19.776125638102204,5.506263433291883,20.528372615743574,-1.2859297108825563,-0.35818812075252343,-0.11599999999999999,-1.3075336253974177,0.4202658866415616,163.84430585128504,-40.81018053611009,0.27155209838254996,0.3664542794784246,0.29413121061349584,-4191.960526957556,-3853.7171729561655,0.0,0.4444444444444444,0.0,0.2
5.766666666666667,19.754317919912772,5.512968740692579,20.50916626332822,-1.2918976172735883,-0.35807438346192855,-0.11599999999999999,-1.3084630913658422,0.4023184440417875,164.02327667256498,-41.10140205512106,0.27215226980855334,0.3670445891672493,0.2947411734486373,-4196.345240302637,-3858.931014872355,0.0,0.4444444444444444,0.0,0.2
5.783333333333333,19.732497947066932,5.519373509623727,20.489874552318195,-1.297863406649105,-0.35794736253100706,-0.11599999999999999,-1.3091983707504502,0.38428613586887117,164.2005117191992,-41.393307108582206,0.2727396018429783,0.3676226757296014,0.2953376575757037,-4200.631304032303,-3864.0177623573877,0.0,0.4444444444444444,0.0,0.2
5.8,19.710668926791353,5.525476507121569,20.470499753848966,-1.3038268644121283,-0.357807465781392,-0.11599999999999999,-1.3097412165347588,0.36617984987054086,164.37600499613566,-41.6858861364973,0.27331396547046755,0.36818838848335295,0.2959205571913982,-4204.818103182144,-3868.977323884069,0.0,0.4444444444444444,0.0,0.2
5.816666666666666,19.68883403585075,5.531276677647687,20.451044163464225,-1.3097877826751005,-0.35765509577833576,-0.11599999999999999,-1.3100934564361455,0.348010231567101,164.54975061113905,-41.97912952608725,0.27387523934146507,0.36874158475995333,0.2964897737713946,-4208.905078528446,-3873.8096581382697,0.0,0.4444444444444444,0.0,0.2
5.833333333333333,19.666996419352913,5.536773139105967,20.43151009966629,-1.3157459601724448,-0.3574906498406606,-0.11599999999999999,-1.3102569898701728,0.3297876874967818,164.72174277553916,-42.2730276132699,0.27442330964422296,0.36928212977410796,0.29704521594532163,-4212.8917247093905,-3878.514771872501,0.0,0.4444444444444444,0.0,0.2
5.85,19.645159189603657,5.541965178914138,20.411899902487416,-1.3217012021733685,-0.35731452005542536,-0.11599999999999999,-1.3102337849553591,0.31152238849027647,164.89197580493334,-42.56757068414456,0.2749580699792184,0.3698098964955891,0.29758679937444915,-4216.777588404653,-3883.092717845983,0.0,0.4444444444444444,0.0,0.2
5.866666666666666,19.623325425010986,5.546852250130251,20.392215932081967,-1.3276533203949843,-0.3571270932969421,-0.11599999999999999,-1.310025875560185,0.29322427296676956,165.06044411984342,-42.86274897647987,0.2754794212359545,0.3703247655231738,0.298114446632025,-4220.562266573014,-3887.5435928494935,0.0,0.4444444444444444,0.0,0.2
5.883333333333333,19.601498169037754,5.551433967634322,20.372460567339296,-1.333602132915814,-0.3569287512497908,-0.11599999999999999,-1.309635358393952,0.27490305024425243,165.2271422463284,-43.15855268120407,0.27598727147211477,0.3708266249607014,0.2986280870862088,-4224.245404747457,-3891.8675358132864,0.0,0.4444444444444444,0.0,0.2
5.9,19.57968042920204,5.555710104365278,20.352636204517186,-1.339547464089739,-0.3567198704354946,-0.11599999999999999,-1.3090643901428962,0.2565682038573467,165.3920648165537,-43.454971943896496,0.276481535795037,0.3713153702952379,0.2991276567855458,-4227.826695387228,-3896.0647259962816,0.0,0.4444444444444444,0.0,0.2
5.916666666666667,19.557875176124494,5.559680587613215,20.33274525589572,-1.3454891444604478,-0.35650082224253193,-0.11599999999999999,-1.3083151846527756,0.23822899487625815,165.5552065693178,-43.75199686627926,0.27696213624546817,0.3717909042773269,0.2996130983469209,-4231.305876286171,-3900.135381254694,0.0,0.4444444444444444,0.0,0.2
5.933333333333334,19.536085342621845,5.563345495366898,20.312790148451377,-1.3514270106764374,-0.35627197295937607,-0.11599999999999999,-1.3073900101589961,0.21989446522094713,165.71656235053732,-44.049617507708156,0.2774290016835576,0.372253136803305,0.3000843608459279,-4234.682729036619,-3904.079756388224,0.0,0.4444444444444444,0.0,0.2
5.95,19.51431382284576,5.566705052716314,20.29277332255122,-1.3573609054066085,-0.35603368381026534,-0.11599999999999999,-1.3062911865651534,0.2015734409649408,165.87612711369127,-44.347823886661786,0.2778820676770425,0.3727019847996542,0.3005413997095913,-4237.957077548074,-3907.898141561948,0.0,0.4444444444444444,0.0,0.2
5.966666666666667,19.492563471466248,5.569759628310041,20.27269723066698,-1.3632906772564988,-0.3557863109934212,-0.11599999999999999,-1.3050210827707431,0.1832745356235952,166.0338959202255,-44.64660598222803,0.27832127639157767,0.3731373721093594,0.30098417661137034,-4241.128786619808,-3911.5908608019563,0.0,0.4444444444444444,0.0,0.2
5.983333333333333,19.47083710289877,5.572509730867074,20.252564336108836,-1.3692161806851895,-0.35553020572144317,-0.11599999999999999,-1.3035821140486274,0.16500615342199687,166.18986393991798,-44.94595373558696,0.278746576483157,0.3735592293802365,0.3014126593683758,-4244.197760566495,-3915.1582705628207,0.0,0.4444444444444444,0.0,0.2
6.0,19.4448313700014,5.570195940633879,20.22692635634106,-1.3751959552265263,-0.3587864724802114,-0.174,-1.5603439738421598,-0.13882741399164367,166.34391708258335,-45.24581111607094,0.27899036134390404,0.4315819546429117,0.30188967503447894,-4628.422166886355,-3919.122700390202,0.0,0.4444444444444444,0.0,0.3
6.016666666666667,19.41856569206804,5.5687264203271445,20.201272422340416,-1.3812292885301216,-0.3619999982157175,-0.174,-1.5759406760015247,-0.08817121840410724,166.4960517506227,-45.5461671832329,0.2792784857183281,0.43165126194311804,0.3024085411869805,-4628.837709592872,-3923.42651949766,0.0,0.4444444444444444,0.0,0.3
6.033333333333333,19.392038803022253,5.56807441198728,20.175594702395966,-1.3873154523876585,-0.3651698314522115,-0.174,-1.591613342747129,-0.039120500391852886,166.6462642464474,-45.847010887370196,0.27960986200674454,0.431766121404904,0.30296810944115876,-4629.52614807334,-3928.058117842259,0.0,0.4444444444444444,0.0,0.3
6.05,19.36524956564265,5.568213105215336,20.149885556119536,-1.3934537038117747,-0.36829508544697065,-0.174,-1.6073542427760885,0.00832159368337404,166.79455077818602,-46.14833106782728,0.2799833936089773,0.43192549011573544,0.30356722683618387,-4630.480910731805,-3933.005770620841,0.0,0.4444444444444444,0.0,0.3
6.066666666666666,19.338196975406305,5.5691156657218714,20.124137535750503,-1.3996432861026415,-0.3713749374520148,-0.174,-1.6231554141806268,0.05415363039212995,166.94090746549918,-46.450116451392596,0.2803979763168439,0.43212831355988884,0.3042047371813786,-4631.695245391511,-3938.257665456475,0.0,0.4444444444444444,0.0,0.3
6.083333333333333,19.31088016411424,5.570755262967371,20.09834338727099,-1.4058834299003355,-0.37440862786164,-0.174,-1.6390086775238242,0.09837583472997125,167.08533034549035,-46.752355650794726,0.28085249966231907,0.43237352701512494,0.3048794823497462,-4633.162237644212,-3943.8019285990877,0.0,0.4444444444444444,0.0,0.3
6.1,19.283298403286594,5.573105096871276,20.07249605133771,-1.4121733542212358,-0.37739545925402107,-0.174,-1.6549056496587857,0.14099003423431355,167.2278153787011,-47.05503716330247,0.2813458482201809,0.4326600569109179,0.3055903035181534,-4634.874828876795,-3949.6266500971115,0.0,0.4444444444444444,0.0,0.3
6.116666666666666,19.25545110731658,5.576138423570807,20.046588664036634,-1.4185122674768202,-0.3803347953350695,-0.174,-1.6708377582006524,0.18199960197187526,167.36835845517945,-47.358149369433164,0.2818769028641654,0.43298682214673995,0.3063360423537722,-4636.82583392597,-3955.719907904148,0.0,0.4444444444444444,0.0,0.3
6.133333333333333,19.22733783637389,5.579828580214676,20.020614557466402,-1.4248993684733642,-0.3832260597926352,-0.174,-1.6867962565613945,0.22140939863214548,167.50695540060985,-47.661680531773094,0.28244454197587077,0.4333527353691223,0.3071155421465954,-4639.007958316294,-3962.0697908916104,0.0,0.4444444444444444,0.0,0.3
6.15,19.198958299049583,5.5841490087805274,19.99456726015618,-1.431333847391181,-0.3860687350690127,-0.174,-1.702772239458444,0.2592257139510741,167.6436019824941,-47.96561879391352,0.28304764260585175,0.4337567042064221,0.30792764888803476,-4641.41381504128,-3968.6644207449085,0.0,0.4444444444444444,0.0,0.3
6.166666666666667,19.170312354736083,5.589073278908487,19.968440497323666,-1.4378148867421736,-0.38886236105955263,-0.174,-1.7187566588098668,0.29545620767761704,167.77829391637192,-48.26995217950537,0.2836850815865383,0.43419763246042603,0.3087712122957899,-4644.035940851719,-3975.491972726981,0.0,0.4444444444444444,0.0,0.3
6.183333333333334,19.141400015737233,5.594575109746555,19.942228190978586,-1.4443416623045902,-0.391606533744999,-0.174,-1.7347403399309582,0.3301098502840354,167.91102687207118,-48.57466859143523,0.2843557365967926,0.43467442125411415,0.30964508678535074,-4646.866812019667,-3982.540695298957,0.0,0.4444444444444444,0.0,0.3
6.2,19.112221449104737,5.600628390806705,19.915924459877058,-1.4509133440340063,-0.39430090376496485,-0.174,-1.7507139979497004,0.3631968636090068,168.0417964799769,-48.87975581112502,0.2850584871780868,0.4351859701350891,0.3105481323886447,-4649.898859550716,-3989.7989285932144,0.0,0.4444444444444444,0.0,0.3
6.216666666666667,19.082776978198712,5.607207201833551,19.88952361933198,-1.4575290969496686,-0.39694517493973697,-0.174,-1.7666682543615446,0.3947286616107446,168.17059833730954,-49.18520149795711,0.28579221570244473,0.43573117813434714,0.3114792156204907,-4653.124483821222,-3997.2551217393784,0.0,0.4444444444444444,0.0,0.3
6.233333333333333,19.053067083971257,5.614285831690142,19.86302018088452,-1.4641880819954578,-0.399539102747356,-0.174,-1.7825936536472753,0.4247177913954836,168.2974280144024,-49.49099318882639,0.28655580829243293,0.43630894478023097,0.31243721029364724,-4656.536068621061,-4004.897849048561,0.0,0.4444444444444444,0.0,0.3
6.25,19.023092405973234,5.621838796268059,19.836408851841636,-1.4708894568748356,-0.4020824927626648,-0.174,-1.7984806798813362,0.45317787467501347,168.42228106096942,-49.797118297820504,0.2873481556936283,0.43691817106755554,0.31342099828336345,-4660.125994586219,-4012.71582506566,0.0,0.4444444444444444,0.0,0.3
6.266666666666667,18.992853743085536,5.629840855431316,19.809684534684592,-1.477632376859248,-0.4045751990647477,-0.174,-1.8143197732618441,0.48012354979538685,168.54515301235352,-50.10356411602892,0.28816815410010993,0.43755776038203986,0.3144294702424491,-4663.886652009076,-4020.6979185036175,0.0,0.4444444444444444,0.0,0.3
6.283333333333333,18.962352053977245,5.638267029005775,19.782842326353123,-1.4844159955695633,-0.4070171226189082,-0.174,-1.8301013464975597,0.505570414467523,168.66603939574756,-50.410317811481185,0.28901470593363987,0.4382266193803103,0.31546152626797236,-4667.810453017617,-4028.8331650772775,0.0,0.4444444444444444,0.0,0.3
6.3,18.93158845729406,5.647092611827766,19.755877517410088,-1.491239465730214,-0.409408209639045,-0.174,-1.8458158009912615,0.5295349693194593,168.784935736379,-50.717366429214486,0.28988672057730097,0.438923658825863,0.3165160765207826,-4671.8898431179905,-4037.1107792578655,0.0,0.4444444444444444,0.0,0.3
6.316666666666666,18.90056423158134,5.656293187867417,19.728785591091185,-1.498101939895814,-0.4117484499359984,-0.174,-1.8614535427632704,0.5520345623790952,168.90183756365076,-51.02469689147021,0.29078311506445326,0.4396477943814842,0.3175920417991248,-4676.117312097825,-4045.5201649721803,0.0,0.4444444444444444,0.0,0.3
6.333333333333333,18.86928081494695,5.665844643443849,19.701562222244366,-1.5050025711500996,-0.41403787525714275,-0.174,-1.8770049980632273,0.5730873345859067,169.01674041723035,-51.332295998018864,0.2917028147239565,0.4403979473587322,0.3186883540676804,-4680.485404290482,-4054.050925273272,0.0,0.4444444444444444,0.0,0.3
6.35,18.83773980446991,5.675723179550848,19.674203276163453,-1.5119405137771365,-0.41627655762220583,-0.174,-1.892460628622608,0.5927121664198785,169.12963985308025,-51.640150426612514,0.2926447537826788,0.4411730454251756,0.3198039569434197,-4684.9867282030555,-4062.6928710117645,0.0,0.4444444444444444,0.0,0.3
6.366666666666666,18.805942955361495,5.685905323312953,19.646704807320468,-1.5189149239048032,-0.41846460765999915,-0.174,-1.9078109465048383,0.6109286257263156,169.24053144942243,-51.94824673356342,0.29360787592637944,0.44197202327016966,0.32093780613969763,-4689.613965513281,-4071.436028539078,0.0,0.4444444444444444,0.0,0.3
6.383333333333333,18.773892179886257,5.696367938593047,19.619063058001142,-1.525924960120644,-0.42060217295044827,-0.174,-1.923046528514221,0.6277569168056534,169.349410812631,-52.25657135444759,0.29459113482010973,0.4427938232300267,0.3220888698700617,-4694.359879442723,-4080.270646475543,0.0,0.4444444444444444,0.0,0.3
6.4,18.741589546050772,5.707088235773524,19.59127445684798,-1.5329697840602443,-0.42268943637601847,-0.174,-1.938158030129156,0.643217830828628,169.45627358304623,-52.565110604931306,0.2955934945893252,0.44363739587350487,0.3232561292132665,-4699.217322515623,-4089.187201577912,0.0,0.4444444444444444,0.0,0.3
6.416666666666667,18.709037276068617,5.718043780733999,19.563335617315257,-1.54004856096835,-0.4247266144863438,-0.174,-1.9531361989293443,0.6573326976285241,169.561115440705,-52.873850681718885,0.29661393026294397,0.44450170054859844,0.3244385784410127,-4704.179243714591,-4098.176403741965,0.0,0.4444444444444444,0.0,0.3
6.433333333333334,18.67623774461044,5.729212503049236,19.53524333604031,-1.5471604602330098,-0.42671395587958166,-0.174,-1.9679718874906944,0.6701233389141752,169.6639321109816,-53.1827776636193,0.29765142817961815,0.4453857058916653,0.32563522530993844,-4709.23869504592,-4107.229200176882,0.0,0.4444444444444444,0.0,0.3
6.45,18.643193476848346,5.740572703431564,19.506994591135363,-1.554304655893072,-0.42865173960373715,-0.174,-1.9826560657256809,0.6816120229396976,169.76471937013432,-53.49187751272937,0.29870498635851495,0.4462883902999717,0.32684509131940126,-4714.388837528817,-4116.336778788748,0.0,0.4444444444444444,0.0,0.3
6.466666666666667,18.60990714630417,5.752103060442559,19.4785865404042,-1.5614803271194209,-0.43054027358093017,-0.174,-1.9971798326506083,0.6918214206597231,169.86347305075319,-53.80113607573092,0.2997736148359215,0.4472087423687708,0.32806721193658706,-4719.622946624012,-4125.490570811089,0.0,0.4444444444444444,0.0,0.3
6.483333333333333,18.576381572511423,5.763782636499094,19.450016519487853,-1.568686658670376,-0.4323798930573128,-0.174,-2.011534427564948,0.7007745633920939,169.96018904710442,-54.110539085299166,0.30085633596900296,0.4481457612940651,0.32930063679047733,-4724.934417118423,-4134.682252720533,0.0,0.4444444444444444,0.0,0.3
6.5,18.5426197185009,5.775590883199154,19.421282039943492,-1.5759228413217274,-0.4341709590810888,-0.174,-2.0257112406313404,0.7084948020035737,170.05486332036776,-54.420072161619345,0.30195218470805185,0.44909845724222475,0.3305444298361977,-4730.316767483407,-4143.9037474758725,0.0,0.4444444444444444,0.0,0.3
6.516666666666667,18.5086246881201,5.7875076459929575,19.392380787260645,-1.583188072271908,-0.43591385701083996,-0.174,-2.039701822848153,0.7150057676281998,170.14749190376327,-54.72972081400864,0.30306020883856954,0.45006585168765467,0.3317976694912537,-4735.76364372496,-4153.147225118619,0.0,0.4444444444444444,0.0,0.3
6.533333333333333,18.47439972319661,5.799513168224998,19.36331061881883,-1.5904815555228435,-0.4376089950561232,-0.174,-2.053497895409577,0.720331333922398,170.23807090756412,-55.03947044264014,0.3041794691945191,0.45104697771971664,0.3330594487451427,-4741.268822744894,-4162.405102772942,0.0,0.4444444444444444,0.0,0.3
6.55,18.439948200555754,5.811588094572593,19.33406956179059,-1.5978025022370448,-0.43925680285207686,-0.174,-2.0670913584511545,0.724495580855737,170.3265965239926,-55.34930634036559,0.30530903984408286,0.45204088032012124,0.3343288752438055,-4746.826215232491,-4171.670044082415,0.0,0.4444444444444444,0.0,0.3
6.566666666666666,18.405273628902734,5.823713473906453,19.304655810993935,-1.6051501310715373,-0.4408577300695517,-0.174,-2.080474299181325,0.7275227600316096,170.4130650319968,-55.659213694633515,0.30644800824924745,0.45304661661200757,0.3356050713503579,-4752.429868106558,-4180.934958120499,0.0,0.4444444444444444,0.0,0.3
6.583333333333333,18.370379645579366,5.8358707615985805,19.27506772669808,-1.6125236684892386,-0.4424122450620753,-0.174,-2.093638999402094,0.7294372615276554,170.4974728019056,-55.96917758949929,0.3075954754005254,0.4540632560819297,0.33688717418350933,-4758.0739665280635,-4190.192997810951,0.0,0.4444444444444444,0.0,0.3
6.6,18.33527001320563,5.848041821302611,19.245303832386277,-1.6199223490484178,-0.4439208335507591,-0.174,-2.1065779424242406,0.7302635822418218,170.57981629995996,-56.27918300772356,0.3087505559281049,0.4550898807759634,0.33817433563504834,-4763.752835503694,-4199.437557893659,0.0,0.4444444444444444,0.0,0.3
6.616666666666666,18.299948616215886,5.860208926231383,19.215362812479594,-1.6273454156708855,-0.44538399734806733,-0.174,-2.1192838193846018,0.730026295726347,170.66009209271917,-56.589214832955534,0.3099123781906994,0.45612558547113813,0.33946572236773526,-4769.460941100723,-4208.662272470412,0.0,0.4444444444444444,0.0,0.3
6.633333333333333,18.26441945729964,5.872354759956194,19.185243510025245,-1.634792119889572,-0.4468022531211911,-0.174,-2.1317495349748787,0.7287500234886428,170.7382968513399,-56.89925785199735,0.3110800843433451,0.4571694778233897,0.3407605157949108,-4775.192891293567,-4217.8610121642805,0.0,0.4444444444444444,0.0,0.3
6.6499999999999995,18.22868665375642,5.884462416751779,19.154944924353128,-1.6422617220761655,-0.44817613119560057,-0.174,-2.143968212593178,0.7264594077351374,170.81442735572782,-57.20929675714605,0.3122528303853698,0.45822067849321296,0.3420579120430886,-4780.943436462272,-4227.027880925141,0.0,0.4444444444444444,0.0,0.3
6.666666666666667,18.192754433774237,5.896515401510638,19.12446620870408,-1.6497534916494854,-0.4495061743991916,-0.174,-2.1559331989310224,0.7231790855315321,170.8884804985602,-57.51931614860935,0.31342978618972844,0.45927832125017776,0.3433571218987616,-4786.707469562962,-4236.157212512875,0.0,0.4444444444444444,0.0,0.3
6.683333333333334,18.156627132640736,5.908497629249814,19.093806667833327,-1.6572667072652736,-0.4507929369472952,-0.174,-2.1676380680099783,0.718933664350546,170.96045328917918,-57.829300536991546,0.3146101355148722,0.46034155305745006,0.34465737074061215,-4792.480025990054,-4245.243566688571,0.0,0.4444444444444444,0.0,0.3
6.7,18.120309188896016,5.920393424232752,19.06296575559238,-1.6648006569880849,-0.45203698336868087,-0.174,-2.1790766246832205,0.7137476989762694,171.0303428573551,-58.139234345845935,0.3157930760002861,0.46140953413744235,0.34595789845827396,-4798.256283149663,-4254.28172514294,0.0,0.4444444444444444,0.0,0.3
6.716666666666667,18.083805140435707,5.932187518728292,19.031943072492748,-1.6723546384459609,-0.4532388874725558,-0.174,-2.190242907618436,0.7076456697324067,171.09814645691992,-58.44910191429001,0.3169778191468001,0.4624814380196887,0.34725795935875314,-4804.031559763279,-4263.266687189871,0.0,0.4444444444444444,0.0,0.3
6.733333333333333,18.04711962057272,5.943865051428297,19.000738363254506,-1.6799279589685683,-0.4543992313564451,-0.174,-2.2011311917793264,0.7006519620002711,171.16386146927059,-58.758887499679844,0.31816359028274294,0.4635564515720193,0.3485568220615731,-4809.801314920334,-4272.193665251926,0.0,0.4444444444444444,0.0,0.3
6.75,18.010257354065658,5.955411565544813,18.96935151434284,-1.6875199357094803,-0.4555186044547279,-0.174,-2.211735990423743,0.6927908469909916,171.22748540674257,-59.06857528033998,0.3193496285169767,0.46463377501607916,0.34985376938366736,-4815.561146897827,-4281.0580801632195,0.0,0.4444444444444444,0.0,0.3
6.766666666666667,17.973223153121708,5.966813006607072,18.937782551495452,-1.695129895753272,-0.45659760262750415,-0.174,-2.222052056637066,0.6840864637355129,171.28901591585404,-59.37814935834531,0.3205351866798138,0.46571262192821034,0.3511480982149993,-4821.306791764621,-4289.855556313975,0.0,0.4444444444444444,0.0,0.3
6.783333333333333,17.936021913381374,5.97805571997799,18.906031637243665,-1.702757176208095,-0.4576368272893763,-0.174,-2.232074384419928,0.6745628022550241,171.34845078042102,-59.687593762351426,0.3217195312527835,0.4667922192266863,0.3524391193858501,-4827.034121787541,-4298.581916659746,0.0,0.4444444444444444,0.0,0.3
6.8,17.898658609892212,5.989126448109221,18.874099068429995,-1.7104011242843893,-0.4586368845776462,-0.174,-2.2417982093497413,0.6642436878738502,171.4057879245448,-59.996892450469815,0.32290194228818087,0.4678718071462587,0.3537261575266711,-4832.739143655772,-4307.233177617064,0.0,0.4444444444444444,0.0,0.3
6.816666666666666,17.861138293078284,6.0000123275531605,18.84198527372467,-1.7180610973603785,-0.4595983845593524,-0.174,-2.2512190088357085,0.6531527666364116,171.46102541547185,-60.306029313184716,0.32408171331929436,0.46895063920094626,0.35500855092135825,-4838.417996539507,-4315.805543866076,0.0,0.4444444444444444,0.0,0.3
6.833333333333333,17.823466084711832,6.010700885749652,18.80969081114372,-1.725736463034987,-0.4605219404765075,-0.174,-2.260332501987139,0.6413134917895205,171.5141614663277,-60.61498817630803,0.3252581512621739,0.4700279821359632,0.35628565135476425,-4844.066949998181,-4324.29540307946,0.0,0.4444444444444444,0.0,0.3
6.85,17.78564717389325,6.021180037604506,18.777216365570908,-1.7334265991688007,-0.46140816802883167,-0.174,-2.2691346491149433,0.6287491112912269,171.56519443872574,-60.923752803969194,0.32643057630976535,0.471103115869657,0.3575568239552261,-4849.68240175299,-4332.699320595793,0.0,0.4444444444444444,0.0,0.3
6.866666666666666,17.747686813045146,6.031438081876296,18.744562746285766,-1.7411308939136878,-0.4622576846932296,-0.174,-2.2776216508860996,0.6154826563073703,171.6141228452526,-61.232306901636626,0.3275983218192034,0.4721753334262896,0.3588214470328446,-4855.260875337798,-4341.0140340543285,0.0,0.4444444444444444,0.0,0.3
6.883333333333333,17.709590313925965,6.041463697387249,18.711730884499925,-1.7488487457316746,-0.4630711090792092,-0.174,-2.2857899471507777,0.6015369306571587,171.66094535183092,-61.540634119167756,0.32876073419301993,0.47324394086046906,0.36007891191421687,-4860.799017641904,-4349.236448007028,0.0,0.4444444444444444,0.0,0.3
6.8999999999999995,17.671363043668272,6.0512459390734055,18.678721830903665,-1.7565795634036645,-0.46384906031940026,-0.174,-2.293636215461591,0.586934501169389,171.7056607799615,-61.84871805388443,0.3299171727549904,0.47430825717400404,0.3613286227742843,-4866.293596357464,-4357.363628522585,0.0,0.4444444444444444,0.0,0.3
6.916666666666667,17.633010420846535,6.060774233888592,18.645536753224626,-1.7643227660285694,-0.46459215749429894,-0.174,-2.3011573693041716,0.5716976889112368,171.74826810884645,-62.156542253670835,0.3310670096213082,0.475367614225925,0.36256999646592264,-4871.74149734382,-4365.392797796119,0.0,0.4444444444444444,0.0,0.3
6.933333333333334,17.594537911578904,6.070038376576126,18.61217693380047,-1.7720777830134082,-0.46530101909033283,-0.174,-2.308350556057939,0.5558485612520156,171.7887664773946,-62.464090220090924,0.3322096295677439,0.4764213566363836,0.36380246234786634,-4877.1397219203,-4373.321328777165,0.0,0.4444444444444444,0.0,0.3
6.95,17.555951025667145,6.079028525321541,18.578643767167083,-1.7798440540549136,-0.46597626249032054,-0.174,-2.31521315470556,0.5394089247249134,171.82715518611164,-62.771345411522624,0.3333444298934135,0.4774688416851113,0.36502546211152515,-4882.485384098446,-4381.146739827618,0.0,0.4444444444444444,0.0,0.3
6.966666666666667,17.51725531277866,6.087735197299045,18.544938757663928,-1.78762102911317,-0.46661850349537864,-0.174,-2.321742773309144,0.5224003186502237,171.86343369887604,-63.07829124630608,0.3344708202817498,0.4785094392050898,0.36623844960721774,-4887.775707764072,-4388.866689420307,0.0,0.4444444444444444,0.0,0.3
6.983333333333333,17.478456358674144,6.096149264123785,18.51106351705794,-1.795408168377792,-0.4672283558773168,-0.174,-2.327937246270781,0.5048440094843913,171.89760164460336,-63.38491110590322,0.33558822265923827,0.47954253147205445,0.3674408906703167,-4893.0080238189,-4396.478970887982,0.0,0.4444444444444444,0.0,0.3
7.0,17.439559781484235,6.104261947221449,18.47701976218725,-1.8032049422271346,-0.4678064309605507,-0.174,-2.3337946313945137,0.4867609858598536,171.9296588188006,-63.691188338066254,0.33669607105245203,0.480567513090423,0.3686322629477674,-4898.179767290976,-4403.981507231616,0.0,0.4444444444444444,0.0,0.3
7.016666666666667,17.400571228038128,6.112064813126141,18.442809312625965,-1.8110108311810105,-0.4683533372325569,-0.174,-2.3393132067663016,0.4681719542814893,171.9596051850125,-63.99710626001247,0.3377938114438886,0.481583790876216,0.3698120557254149,-4903.288474422507,-4411.372345996084,0.0,0.4444444444444444,0.0,0.3
7.033333333333333,17.361496370246996,6.119549768716913,18.40843408837109,-1.8188253258473754,-0.46886967998189166,-0.174,-2.3444914674679955,0.44909733544634367,171.98744087616217,-64.30264816160313,0.3388809016270849,0.48259078373750336,0.37097976975654406,-4908.331779743195,-4418.64965422049,0.0,0.4444444444444444,0.0,0.3
7.05,17.32234090154465,6.126709056402815,18.373896107552557,-1.826647926863422,-0.4693560609627954,-0.174,-2.349328122140765,0.4295572611541072,172.01316619578793,-64.60779730852407,0.3399568110614594,0.48358792255288835,0.37213491709201196,-4913.307413136616,-4425.8117134696795,0.0,0.4444444444444444,0.0,0.3
7.066666666666666,17.28311053338777,6.133535249265761,18.339197484167208,-1.8344781448315122,-0.4698130780854101,-0.174,-2.353822089412824,0.4095715717767954,172.0367816191785,-64.9125369454659,0.3410210207273043,0.48457465004851136,0.3732770209123245,-4918.213196906702,-4432.8569149527375,0.0,0.4444444444444444,0.0,0.3
7.083333333333333,17.243810991817675,6.140021246170043,18.304340425837573,-1.8423155002503562,-0.47024132513064143,-0.174,-2.357972494205736,0.389159814256951,172.05828779440876,-65.21685029930168,0.342073022981324,0.4855504206740317,0.37440561536198624,-4923.047042850843,-4439.783754733626,0.0,0.4444444444444444,0.0,0.3
7.1,17.20444801408546,6.146160266846787,18.269327231596005,-1.8501595234418347,-0.4706413914887081,-0.174,-2.3617786639329275,0.368341240604642,172.07768554327822,-65.5207205822601,0.34311232141309433,0.4865147004780186,0.37552024538642625,-4927.806949345695,-4446.590829038472,0.0,0.4444444444444444,0.0,0.3
7.116666666666666,17.165027345342068,6.151945846961196,18.234160289694834,-1.8580097544738419,-0.4710138619204309,-0.174,-2.365240124603483,0.3471348068645099,172.09497586215434,-65.82413099509213,0.34413843070279093,0.487466966983162,0.3766204665717827,-4932.490998451311,-4453.276829663429,0.0,0.4444444444444444,0.0,0.3
7.133333333333333,17.125554735394672,6.157371833169946,18.198842075442972,-1.865865743079514,-0.4713593163403276,-0.174,-2.3683565968436566,0.3255591725249998,172.11015992272308,-66.1270647302296,0.34515087648051346,0.48840670906168643,0.37770584498780596,-4937.097353038748,-4459.840539486477,0.0,0.4444444444444444,0.0,0.3
7.1499999999999995,17.08603593553054,6.162432378175662,18.163375149069314,-1.8737270485731905,-0.4716783296205949,-0.174,-2.3711279918479384,0.30363270034296796,172.12323907264852,-66.42950497493362,0.3461491951875119,0.48933342681133085,0.3787759570341189,-4941.624253945931,-4466.280828086021,0.0,0.4444444444444444,0.0,0.3
7.166666666666667,17.046476695409357,6.167121935784958,18.12776215361329,-1.8815932397634416,-0.4719714714150736,-0.174,-2.373554407270916,0.2813734565577155,172.13421483614414,-66.73143491443139,0.3471329339395981,0.49024663143223524,0.3798303892900566,-4946.070017166119,-4472.596647468662,0.0,0.4444444444444444,0.0,0.3
7.183333333333334,17.006882760024848,6.1714352559761165,18.092005812842736,-1.88946389486348,-0.4722393060023138,-0.174,-2.375636123070578,0.2587992114695403,172.14308891445765,-67.03283773503985,0.3481016503930074,0.49114584510505327,0.38086873836828394,-4950.4330310729665,-4478.787027908058,0.0,0.4444444444444444,0.0,0.3
7.2,16.967259866736295,6.175367379982096,18.0561089291992,-1.8973386013992612,-0.47248239214687215,-0.174,-2.3773735973131185,0.23592744035878166,172.1498631862718,-67.33369662727456,0.34905491261295596,0.49203060087058953,0.3818906107723777,-4954.711753685808,-4484.85107389639,0.0,0.4444444444444444,0.0,0.3
7.216666666666667,16.927613742370482,6.178913635394133,18.020074381770723,-1.9052169561155612,-0.4727012829779964,-0.174,-2.3787674619487333,0.21277532472226213,172.15453970802307,-67.63399478894247,0.3499922989451198,0.4929004425112415,0.3828956227585382,-4958.904709978428,-4490.787960209579,0.0,0.4444444444444444,0.0,0.3
7.233333333333333,16.88795010039436,6.182069631290884,17.98390512429208,-1.913098564880309,-0.47289652588487013,-0.174,-2.3798185185673266,0.189359753805042,172.15712071414063,-67.93371542821727,0.3509133978902456,0.4937549244345063,0.3838834002015835,-4963.010489234334,-4496.596928087028,0.0,0.4444444444444444,0.0,0.3
7.25,16.84827463815865,6.184831253397653,17.947604183172313,-1.920983042587436,-0.4730686624276146,-0.174,-2.3805277341425075,0.16569732640612767,172.1576086172077,-68.23284176669594,0.3518178079820863,0.4945936115587949,0.3848535784653607,-4967.027742451141,-4502.277281526343,0.0,0.4444444444444444,0.0,0.3
7.266666666666667,16.808593034212453,6.187194659279951,17.911174655549473,-1.9288700130584904,-0.4732182282632644,-0.174,-2.3808962367717217,0.14180435293789273,172.15600600804714,-68.53135704243552,0.35270513766883693,0.4954160792017778,0.38580580227769723,-4970.955179796497,-4507.828383693241,0.0,0.4444444444444444,0.0,0.3
7.283333333333333,16.76891094568879,6.189156273575278,17.87461970737217,-1.9367591089432563,-0.4733457530859568,-0.174,-2.3809253114198294,0.11769685771957761,172.15231565573384,-68.82924451296874,0.3535750051982334,0.4962219129714724,0.3867397256100009,-4974.791568117644,-4513.249653446516,0.0,0.4444444444444444,0.0,0.3
7.3,16.729234005760908,6.190712783266717,17.837942571507767,-1.9446499716195995,-0.47345176058059696,-0.174,-2.3806163956729582,0.09339058148632517,172.14654050753555,-69.12648745829772,0.35442703850646057,0.49701070866026115,0.38765501156160354,-4978.535728506504,-4518.54056197775,0.0,0.4444444444444444,0.0,0.3
7.316666666666666,16.689567821169092,6.191861133001647,17.801146545876737,-1.9525422510927541,-0.47353676838928344,-0.174,-2.379971075508954,0.06890098409583345,172.1386836887844,-69.42306918386448,0.35526087511100146,0.4977820721420197,0.3885513322489315,-4982.186533921912,-4523.70062956523,0.0,0.4444444444444444,0.0,0.3
7.333333333333333,16.649917969817587,6.192598520458574,17.764234991612792,-1.960435605894251,-0.47360128808980156,-0.174,-2.3789910810902883,0.044243247415630016,172.12874850268116,-69.71897302349767,0.3560761620075493,0.49853561927251494,0.38942836869957637,-4985.742906870433,-4528.729422441324,0.0,0.4444444444444444,0.0,0.3
7.35,16.61028999844117,6.192922391764819,17.727211331248267,-1.968329702980676,-0.473645825185515,-0.174,-2.377678282584838,0.019432278374680756,172.11673843003416,-70.01418234233431,0.35687255557108716,0.49927097579322127,0.3902858107513255,-4989.203817146997,-4533.626549772412,0.0,0.4444444444444444,0.0,0.3
7.366666666666666,16.570689420340845,6.192830436967549,17.69007904692423,-1.976224217632443,-0.4736708791060073,-0.174,-2.376034686019502,-0.005517287836173779,172.1026571289347,-70.30868053971611,0.3576497214612307,0.4999877772386882,0.39112335695620437,-4992.568279636376,-4538.3916607503315,0.0,0.4444444444444444,0.0,0.3
7.383333333333333,16.531121713187993,6.1923205855603864,17.652841678624732,-1.9841188333527404,-0.47367694321784876,-0.174,-2.3740624291712003,-0.03059108442977454,172.0865084343712,-70.60245105205932,0.3584073345319176,0.5006856688475803,0.3919407144895702,-4995.835352176399,-4543.024441794129,0.0,0.4444444444444444,0.0,0.3
7.3999999999999995,16.491592316896337,6.191391002067583,17.615502822434497,-1.992013241766822,-0.4736645048448852,-0.174,-2.371763777499428,-0.055775009568240996,172.06829635778362,-70.89547735569762,0.35914507874551477,0.5013643054774969,0.3927375990642906,-4999.004133483598,-4547.524613860847,0.0,0.4444444444444444,0.0,0.3
7.416666666666667,16.452106631560937,6.190040081687548,17.578066128819454,-1.9999071425217798,-0.47363404529746717,-0.174,-2.3691411201241053,-0.08105522280211286,172.0480250865602,-71.18774296969735,0.3598626470914053,0.5020233515236685,0.3935137348500276,-5002.073761141886,-4551.891929863928,0.0,0.4444444444444444,0.0,0.3
7.433333333333334,16.4126700154634,6.188266445997286,17.54053530092931,-2.0078002431869475,-0.47358603991005926,-0.174,-2.366196965852156,-0.10641814141574368,172.02569898347824,-71.47923145864453,0.36055974150910564,0.5026624808416118,0.39426885439764325,-5005.043409654686,-4556.126172197801,0.0,0.4444444444444444,0.0,0.3
7.45,16.37328778314247,6.1860689387190995,17.502914092921433,-2.015692259155059,-0.4735209580866904,-0.174,-2.362933939255842,-0.1318504366911739,172.0013225860909,-71.76992643540315,0.3612360728159553,0.5032813766738184,0.3950026985687318,-5007.912288560856,-4560.227150367083,0.0,0.4444444444444444,0.0,0.3
7.466666666666667,16.333965203529043,6.183446621550733,17.46520630830523,-2.0235829135442875,-0.47343926335372577,-0.174,-2.359354776805594,-0.15733903010203232,171.97490060606145,-72.05981156384411,0.36189136063941074,0.5038797315805383,0.39571501647027746,-5010.6796406146195,-4564.194698718829,0.0,0.4444444444444444,0.0,0.3
7.483333333333333,16.294707498144714,6.1803987700599246,17.42741579830618,-2.0314719371012786,-0.47334141341946123,-0.174,-2.3554623230597365,-0.18287108944847041,171.94643792844673,-72.34887056154462,0.36252533335396564,0.5044572473747091,0.39640556539442917,-5013.34474002963,-4568.02867427622,0.0,0.4444444444444444,0.0,0.3
7.5,16.25079869831698,6.174496285534839,17.384270554535913,-2.0393890062723083,-0.4750241502617756,-0.23199999999999998,-2.634527989663941,-0.35414907150513386,171.91593040593236,-72.63699780512009,0.3631036042803027,0.5628458822939856,0.397177714505913,-5254.677209276534,-4572.30136960205,0.0,0.4444444444444444,0.0,0.4
7.516666666666667,16.206806040083347,6.168624457118387,17.341063684614078,-2.0473335672942206,-0.4766736613147299,-0.23199999999999998,-2.639559494018014,-0.35230970498713,171.8833841926254,-72.92417717614474,0.36368812492848496,0.5632420891722241,0.39795464409643594,-5256.135685560279,-4576.585285755356,0.0,0.4444444444444444,0.0,0.4
7.533333333333333,16.16273301321319,6.1627706781333496,17.29779410467334,-2.055305068599437,-0.4782900783129915,-0.23199999999999998,-2.6443816122093726,-0.35122673910226876,171.8488055873169,-73.21039253459463,0.36427819571440945,0.5636451576215752,0.3987356682504869,-5257.617092945224,-4580.87641930391,0.0,0.4444444444444444,0.0,0.4
7.55,16.118583187010202,6.156922563961644,17.254460855534955,-2.0633029611026243,-0.4798735501912414,-0.23199999999999998,-2.648989572179281,-0.35088685030232547,171.81220103538942,-73.49562772206507,0.3648731206991973,0.5640543796930613,0.3995201059959394,-5259.118718999181,-4585.170847786646,0.0,0.4444444444444444,0.0,0.4
7.566666666666666,16.074360208100945,6.1510679561166395,17.211063101986,-2.071326698476275,-0.48142424241903475,-0.23199999999999998,-2.653378734555405,-0.3512764707003049,171.7735771306445,-73.77986656501852,0.36547220785559137,0.5644690501875715,0.4003072815209856,-5260.637876584592,-4589.46473071202,0.0,0.4444444444444444,0.0,0.4
7.583333333333333,16.030067798166183,6.14519492600876,17.167600132005877,-2.0793757374152992,-0.4829423363414547,-0.23199999999999998,-2.6575445960857187,-0.35238180647273243,171.73294061704829,-74.06309287806083,0.36607476932193617,0.5648884669544103,0.4010965243787544,-5262.171905412873,-4593.754310335962,0.0,0.4444444444444444,0.0,0.4
7.6,15.985709751618781,6.139291778412202,17.124071355944515,-2.0874495378907434,-0.48442802852664874,-0.23199999999999998,-2.66148279284412,-0.35418885579346693,171.69029839039507,-74.34529046724322,0.3666801216441077,0.5653119311776837,0.4018871696800697,-5263.718173464952,-4598.035912228889,0.0,0.4444444444444444,0.0,0.4
7.616666666666666,15.941289933231994,6.133347054640749,17.08047630565477,-2.0955475633927643,-0.48588153012125634,-0.23199999999999998,-2.6651891032072035,-0.3566834262871499,171.6456574998877,-74.62644313338792,0.367287586005774,0.5657387476508321,0.4026785582748129,-5265.274078280991,-4602.305945641262,0.0,0.4444444444444444,0.0,0.4
7.633333333333333,15.896812275721956,6.127349535440877,17.036814633581354,-2.1036692811630084,-0.48730306621466296,-0.23199999999999998,-2.668659450602331,-0.35985115199232887,171.59902514963437,-74.90653467543488,0.36789648844737916,0.5661682250396265,0.40347003692235867,-5266.837048122478,-4606.560903677279,0.0,0.4444444444444444,0.0,0.4
7.6499999999999995,15.852280777288158,6.121288243610442,16.993086111808623,-2.1118141624165574,-0.4886928752129387,-0.23199999999999998,-2.6718899060278534,-0.36367750982608893,171.55040870006127,-75.18554889380745,0.3685061600742515,0.56659967613397,0.4042609584515582,-5268.404543010132,-4610.797363286336,0.0,0.4444444444444444,0.0,0.4
7.666666666666667,15.807699499115708,6.115152446351378,16.9492906310695,-2.1199816825536115,-0.4900512082232488,-0.23199999999999998,-2.674876690346968,-0.368147835543831,171.49981566924086,-75.46346959379473,0.36911593725424663,0.5670324180888489,0.405050681910745,-5269.974055641221,-4615.011985081805,0.0,0.4444444444444444,0.0,0.4
7.683333333333334,15.763072562843087,6.108931657364889,16.90542819971773,-2.128171321361102,-0.4913783284494522,-0.23199999999999998,-2.6776161763572923,-0.373247339189386,171.44725373413527,-75.7402805889483,0.36972516180534043,0.5674657726547956,0.4058385727082409,-5271.54311219005,-4619.20151299673,0.0,0.4444444444444444,0.0,0.4
7.7,15.718404147999108,6.102615638697684,16.861498942665598,-2.1363825632044278,-0.49267451059953415,-0.23199999999999998,-2.6801048906388005,-0.37896112003227334,171.3927307317551,-76.01596570449114,0.3703331811735945,0.5678990663982327,0.40662400274383886,-5273.109272995556,-4623.362773785853,0.0,0.4444444444444444,0.0,0.4
7.716666666666667,15.67369848941272,6.096194402347845,16.81750310028917,-2.1446148972095185,-0.49394004030545585,-0.23199999999999998,-2.682339515183288,-0.3852741809903293,171.33625466023312,-76.29050878073674,0.3709393486019176,0.5683316309120761,0.4074063505317386,-5274.670133139996,-4627.49267638337,0.0,0.4444444444444444,0.0,0.4
7.733333333333333,15.628959874599236,6.0896582116388895,16.773441027303072,-2.152867817435451,-0.4951752135559364,-0.23199999999999998,-2.6843168888090077,-0.39217144253736436,171.27783367981337,-76.56389367651602,0.37154302329005173,0.568762803016982,0.408185001315408,-5276.223322922889,-4631.588211125601,0.0,0.4444444444444444,0.0,0.4
7.75,15.584192641126494,6.082997582370612,16.729313191606757,-2.161140823037828,-0.4963803361426242,-0.23199999999999998,-2.686034008364551,-0.3996377560966691,171.2174761137556,-76.83610427261017,0.3721435705462118,0.5691919249536294,0.4089593471748406,-5277.76650823436,-4635.646448847687,0.0,0.4444444444444444,0.0,0.4
7.766666666666667,15.539401173964386,6.076203283755237,16.685120173104046,-2.1694334184231625,-0.49755572312005375,-0.23199999999999998,-2.6874880297264556,-0.4076579169225374,171.15519044915533,-77.1071244751874,0.3727403619308071,0.5696183445664296,0.4097287871266754,-5279.297390832188,-4639.664539863145,0.0,0.4444444444444444,0.0,0.4
7.783333333333333,15.49458990282113,6.069266339147354,16.640862662497806,-2.1777451133944914,-0.49870169827972843,-0.23199999999999998,-2.688676268595374,-0.41621667647297755,171.0909853376801,-77.3769382192415,0.37333277539267457,0.5700414154790654,0.4104927272176381,-5280.813708526805,-4643.639712835025,0.0,0.4444444444444444,0.0,0.4
7.8,15.44976329946953,6.062178026576056,16.596541460061406,-2.1860754232884685,-0.499818593638616,-0.23199999999999998,-2.6895962010959544,-0.4252987542778284,171.02486959622206,-77.64552947203029,0.3739201953982495,0.5704604972622551,0.41125058061176073,-5282.313235278581,-4647.569273547115,0.0,0.4444444444444444,0.0,0.4
7.816666666666666,15.404925875066432,6.054929879087597,16.55215747438862,-2.1944238691041735,-0.5009067489422916,-0.23199999999999998,-2.690245464185877,-0.43488884930753713,170.95685220746748,-77.91288223651227,0.3745020130540987,0.5708749555941466,0.412001767671826,-5283.793781211714,-4651.450603583447,0.0,0.4444444444444444,0.0,0.4
7.833333333333333,15.360082177468437,6.047513684906788,16.507711721123506,-2.2027899776238886,-0.5019665111829151,-0.23199999999999998,-2.6906218558797264,-0.44497165084857926,170.88694232038404,-78.17898055477936,0.37507762622323665,0.5712841624137378,0.4127457160354781,-5285.2531925490375,-4655.281158924154,0.0,0.4444444444444444,0.0,0.4
7.85,15.315236788546876,6.0399214874252465,16.463205321671744,-2.211173281526092,-0.5029982341321844,-0.23199999999999998,-2.6907233352936046,-0.45553184889244314,170.81514925062632,-78.4438085114841,0.3756464396356415,0.5716874960677281,0.41348186068643333,-5286.689351472044,-4659.0584684653995,0.0,0.4444444444444444,0.0,0.4
7.866666666666666,15.270394321504934,6.032145585024485,16.418639501894805,-2.2195733194909146,-0.5040022778893587,-0.23199999999999998,-2.69054802251656,-0.46655414404573126,170.74148248086016,-78.70735023725966,0.37620786499338343,0.5720843414511957,0.41420964402121646,-5288.100175910388,-4662.780132470955,0.0,0.4444444444444444,0.0,0.4
7.883333333333333,15.225559418199683,6.024178530741657,16.374015590788282,-2.2279896362983216,-0.5049790084444121,-0.23199999999999998,-2.69009419831506,-0.47802325696968406,170.6659516610068,-78.96958991213086,0.37676132107077087,0.5724740901424983,0.41492851591183644,-5289.4836192651055,-4666.443820962616,0.0,0.4444444444444444,0.0,0.4
7.8999999999999995,15.180736746471736,6.016013131785692,16.32933501914561,-2.2364217829192605,-0.5059287972563312,-0.23199999999999998,-2.689360303676863,-0.48992393735790785,170.58856660840786,-79.23051176891455,0.37730623380991574,0.5728561405327877,0.4156379337648118,-5290.837670069707,-4670.047272056521,0.0,0.4444444444444444,0.0,0.4
7.916666666666667,15.135930997485056,6.007642448911329,16.2845993182083,-2.2448693166000364,-0.50685202084654,-0.23199999999999998,-2.6883449392007086,-0.502240972461764,170.50933730791152,-79.49010009660802,0.37784203641211206,0.5732298979505288,0.4163373625769421,-5292.160351593296,-4673.588290252066,0.0,0.4444444444444444,0.0,0.4
7.933333333333334,15.091146883079418,5.999059795658442,16.23981011830382,-2.2533318009401597,-0.5077490604073995,-0.23199999999999998,-2.687046864338352,-0.5149591951732333,170.42827391188138,-79.74833924376364,0.3783681694254131,0.5735947747814047,0.4170262749882128,-5293.449721389724,-4677.064744679878,0.0,0.4444444444444444,0.0,0.4
7.95,15.046389133137827,5.99025873746385,16.194969147472005,-2.261808805963921,-0.5086203014256981,-0.23199999999999998,-2.685464996495453,-0.5280634916755416,170.34538674012867,-80.00521362184853,0.3788840808287887,0.573950190583986,0.4177041513322132,-5294.703870796811,-4680.474567315069,0.0,0.4444444444444444,0.0,0.4
7.966666666666667,15.001662492971196,5.981233090652646,16.15007823008102,-2.270299908185938,-0.5094661333210198,-0.23199999999999998,-2.683598409997897,-0.5415388086722377,170.26068627976903,-80.26070770858769,0.37938922611323184,0.5742955722015388,0.41837047968443414,-5295.920924389506,-4683.8157511617055,0.0,0.4444444444444444,0.0,0.4
7.983333333333333,14.956971720722361,5.9719769213158855,16.10513928543364,-2.2788046906709187,-0.5102869490988499,-0.23199999999999998,-2.6814463349300786,-0.5553701602056407,170.1741831850047,-80.51480605128938,0.37988306836017904,0.5746303538703355,0.4190247559088028,-5297.099039390815,-4687.086348414142,0.0,0.4444444444444444,0.0,0.4
8.0,14.9123215847915,5.962484544081287,16.06015432636457,-2.2873227430878895,-0.5110831450182547,-0.23199999999999998,-2.6790081558516756,-0.5695426340759235,170.0858882768335,-80.76749327015139,0.380365078317599,0.574953977324826,0.4196664837028025,-5298.236405044264,-4690.2844686006865,0.0,0.4444444444444444,0.0,0.4
8.016666666666666,14.867716861284842,5.952750520783415,16.01512545782957,-2.295853661759122,-0.5118551202739454,-0.23199999999999998,-2.6762834103993733,-0.5840413978723094,169.9958125426855,-81.01875406154693,0.38083473447409416,0.5752658919000266,0.42029517464151245,-5299.331241951518,-4693.408276714732,0.0,0.4444444444444444,0.0,0.4
8.033333333333333,14.82316233148851,5.942769659039614,15.970054875486861,-2.304397049703997,-0.5126032766925186,-0.23199999999999998,-2.6732717877799566,-0.598851704628033,169.90396713598884,-81.2685732012891,0.38129152313135234,0.5755655546314637,0.42091034822089335,-5300.381801378732,-4696.455991338293,0.0,0.4444444444444444,0.0,0.4
8.05,14.778662779369158,5.932537010737766,15.924944864271422,-2.3129525166780414,-0.5133280184426448,-0.23199999999999998,-2.6699731271610805,-0.6139588981108721,169.81036337566516,-81.5169355478727,0.3817349384752753,0.5758524303530131,0.42151153190063256,-5301.386364535117,-4699.425882762627,0.0,0.4444444444444444,0.0,0.4
8.066666666666666,14.734222989103058,5.922047870441746,15.879797796962551,-2.3215196792073574,-0.51402975175896,-0.23199999999999998,-2.666387415965969,-0.629348417761201,169.71501274555698,-81.76382604569237,0.38216448264610137,0.5761259917929609,0.4220982611468538,-5302.343241827084,-4702.316271110411,0.0,0.4444444444444444,0.0,0.4
8.083333333333334,14.68984774263509,5.9112977737202534,15.834616132745095,-2.3300981606186806,-0.5147088846793989,-0.23199999999999998,-2.662514788078143,-0.6450058032895489,169.6179268937871,-82.00922972823594,0.38257966580782904,0.5763857196686027,0.4226700794749813,-5303.250772091269,-4705.125524463677,0.0,0.4444444444444444,0.0,0.4
8.1,14.645541817269054,5.900282495404491,15.789402415764606,-2.3386875910652756,-0.515365826795693,-0.23199999999999998,-2.6583555219621933,-0.6609166989457647,169.51911763205197,-82.25313172125217,0.38298000621724054,0.5766311027796955,0.42322653849304176,-5304.10732180962,-4707.852057001537,0.0,0.4444444444444444,0.0,0.4
8.116666666666667,14.601309983290612,5.8889980477799595,15.744159273676644,-2.347287607548888,-0.5160009890167478,-0.23199999999999998,-2.6539100387064605,-0.6770668574718766,169.41859693485014,-82.49551724589188,0.38336503029280994,0.5768616381010556,0.4237671979456732,-5304.911284309669,-4710.494327151516,0.0,0.4444444444444444,0.0,0.4
8.133333333333333,14.557157001624056,5.877440678717447,15.698889416190397,-2.355897853937965,-0.5166147833445982,-0.23199999999999998,-2.649178899993356,-0.6934421437507545,169.31637693864664,-82.73637162182146,0.3837342726837749,0.5770768308745979,0.42429162575909923,-5305.661078952999,-4713.050835758057,0.0,0.4444444444444444,0.0,0.4
8.15,14.513087621524008,5.865606869748069,15.653595633606649,-2.3645179809823422,-0.5172076226626321,-0.23199999999999998,-2.6441628060028997,-0.7100285381626641,169.21246994097513,-82.97568027030826,0.38408727633963696,0.577276194701097,0.42479939808731754,-5306.355150314824,-4715.520124271679,0.0,0.4444444444444444,0.0,0.4
8.166666666666666,14.469106578303093,5.853493334087039,15.608280795350115,-2.373147646324605,-0.5177799205357654,-0.23199999999999998,-2.638862593254916,-0.7268121396617779,169.10688839947863,-83.21342871727673,0.38442359258034586,0.5774592516319352,0.4252900993597382,-5306.991967357539,-4717.900772961974,0.0,0.4444444444444444,0.0,0.4
8.183333333333334,14.425218591096508,5.841097014610629,15.562947848496105,-2.381786514508309,-0.5183320910222416,-0.23199999999999998,-2.6332792323951173,-0.7437791685846449,168.99964493089027,-83.44960259633473,0.38474278116741295,0.5776255322611038,0.4257633223304966,-5307.5700226009985,-4720.191399157533,0.0,0.4444444444444444,0.0,0.4
8.2,14.381428360664337,5.828415081790586,15.517599816291323,-2.390434256983254,-0.518864548496724,-0.23199999999999998,-2.627413825930214,-0.7609159692025385,168.89075230995525,-83.68418765176938,0.3850444103761872,0.5777745758177011,0.4262186681296557,-5308.087831292189,-4722.390655515725,0.0,0.4444444444444444,0.0,0.4
8.216666666666667,14.337740567232387,5.815444931590093,15.472239796668685,-2.3990905521079933,-0.5193777074843413,-0.23199999999999998,-2.621267605916938,-0.7782090120295644,168.7802234682954,-83.91716974151163,0.3853280570695154,0.5779059302591694,0.4266557463164999,-5308.543930576914,-4724.497228325055,0.0,0.4444444444444444,0.0,0.4
8.233333333333333,14.294159868372224,5.802184183325122,15.426870960755823,-2.407755085149749,-0.519871982505346,-0.23199999999999998,-2.6148419316097544,-0.79564489589829,168.66807149321727,-84.14853484006902,0.3855933067729994,0.5780191523654936,0.4270741749351101,-5308.9368786760015,-4726.509835842747,0.0,0.4444444444444444,0.0,0.4
8.25,14.250690896921027,5.78863067749488,15.381496551377003,-2.416427548281916,-0.5203477879300376,-0.23199999999999998,-2.608138287071822,-0.8132103498144954,168.55430962646543,-84.37826904142604,0.3858397537520489,0.5781138078345824,0.42747358057240187,-5309.265254068508,-4728.427226670015,0.0,0.4444444444444444,0.0,0.4
8.266666666666666,14.2073382589418,5.7747824735848345,15.33611988154807,-2.4251076405793093,-0.5208055378436,-0.23199999999999998,-2.601158278753599,-0.8308922346027137,168.43895126292173,-84.60635856191153,0.3860670010909174,0.5781894713790294,0.42785359841879245,-5309.527654684291,-4730.24817816741,0.0,0.4444444444444444,0.0,0.4
8.283333333333333,14.16410653172441,5.7606378478456035,15.290744332963955,-2.433795068011318,-0.5212456459205039,-0.23199999999999998,-2.593903633043306,-0.8486775443538406,168.32200994925213,-84.83278974303266,0.3862746607739005,0.5782457268244519,0.4282138723316539,-5309.722697108285,-4731.971494912463,0.0,0.4444444444444444,0.0,0.4
8.3,14.121000261827856,5.7461952910508325,15.245373354478307,-2.44248954343312,-0.5216685253081174,-0.23199999999999998,-2.586376193793277,-0.8665534076862675,168.20349938250203,-85.05754905427489,0.3864623537688572,0.5782821672095849,0.4285540549016969,-5309.849015798744,-4733.596007201811,0.0,0.4444444444444444,0.0,0.4
8.316666666666666,14.078023963164089,5.7314535062369725,15.200010460574637,-2.4511907865751064,-0.5220745885191704,-0.23199999999999998,-2.578577919826065,-0.8845070888316071,168.0834334086415,-85.28062309586751,0.3866297101132098,0.5782983948882976,0.42887380752241755,-5309.905262321651,-4735.120569599824,0.0,0.4444444444444444,0.0,0.4
8.333333333333334,14.035182115123689,5.716411406427704,15.15465922982845,-2.4598985240306517,-0.5224642473327186,-0.23199999999999998,-2.57051088242394,-0.9025259885561416,167.96182602106143,-85.5019986015145,0.38677636900256124,0.5782940216336881,0.42917280046272815,-5309.890104603461,-4736.544059535728,0.0,0.4444444444444444,0.0,0.4
8.35,13.992479160743601,5.701068112345556,15.10932330335966,-2.4686124892423726,-0.5228379127032471,-0.23199999999999998,-2.562177262805313,-0.9205976449288453,167.83869135902194,-85.72166244108999,0.3869019788820571,0.5782686687443996,0.42945071294287984,-5309.802226204277,-4737.865375951098,0.0,0.4444444444444444,0.0,0.4
8.366666666666667,13.949919504917078,5.685422950113109,15.064006383274629,-2.477332422486999,-0.5231959946775613,-0.23199999999999998,-2.5535793495913675,-0.9387097339468236,167.71404370605393,-85.93960162329826,0.3870061975406083,0.578221967153286,0.42970723321377446,-5309.640325613534,-4739.083437999575,0.0,0.4444444444444444,0.0,0.4
8.383333333333333,13.907507512645978,5.6694754489459624,15.01871223109709,-2.486058070858984,-0.523538902319106,-0.23199999999999998,-2.5447195362660606,-0.9568500700288185,167.58789748831518,-86.15580329829771,0.3870886922080758,0.5781535575385435,0.42994205863974755,-5309.403115570184,-4740.197183800523,0.0,0.4444444444444444,0.0,0.4
8.4,13.865247507335438,5.653225338839508,14.973444666187158,-2.494789188252973,-0.5238670436393591,-0.23199999999999998,-2.5356003186324445,-0.9750066063872191,167.4602672729019,-86.37025476028865,0.38714913965550635,0.5780630904374102,0.43015489578489513,-5309.089322409403,-4741.205569248392,0.0,0.4444444444444444,0.0,0.4
8.416666666666666,13.823143769130969,5.636672548251356,14.928207564147637,-2.503525535345239,-0.5241808255359434,-0.23199999999999998,-2.526224292268114,-0.9931674352891156,167.331167766117,-86.58294345006442,0.38718722629849467,0.5779502263625242,0.4303454605030014,-5308.697685437735,-4742.107566879409,0.0,0.4444444444444444,0.0,0.4
8.433333333333334,13.781200533297929,5.619817201781081,14.88300485521676,-2.5122668795741907,-0.5244806537371047,-0.23199999999999998,-2.5165941499824096,-1.011320788216529,167.20061381169614,-86.79385695752573,0.3872026483037334,0.5778146359210108,0.430513478031112,-5308.226956338618,-4742.902164797253,0.0,0.4444444444444444,0.0,0.4
8.45,13.739421988643299,5.602659617848815,14.837840522646442,-2.521012995120061,-0.524766932752203,-0.23199999999999998,-2.5067126792778236,-1.0294550359359906,167.06862038899231,-87.00298302415781,0.38719511169879994,0.5776559999363624,0.43065868308678523,-5307.6758986101595,-4743.588365659288,0.0,0.4444444444444444,0.0,0.4
8.466666666666667,13.697812275979667,5.5852003063740225,14.792718601065179,-2.5297636628838585,-0.5250400658278634,-0.23199999999999998,-2.4965827598179415,-1.0475586884875447,166.93520261112047,-87.21030954547018,0.3871643324852113,0.5774740095731543,0.43078081996903744,-5307.043287037055,-4744.165185724943,0.0,0.4444444444444444,0.0,0.4
8.483333333333333,13.656375486631266,5.567439966455639,14.74764317482461,-2.5385186704656824,-0.5253004549094397,-0.23199999999999998,-2.48620736090403,-1.0656203951029664,166.80037572306293,-87.41582457339877,0.38711003675476807,0.5772683664646259,0.43087964266298756,-5306.327907198462,-4744.631653967758,0.0,0.4444444444444444,0.0,0.4
8.5,13.615115660981894,5.5493794840545885,14.70261837632877,-2.547277812142473,-0.5255485006074384,-0.23199999999999998,-2.4755895389622884,-1.0836289440630473,166.66415509973658,-87.61951631867011,0.3870319608091899,0.5770387828431441,0.4309549149481892,-5305.528555013684,-4744.9868112526665,0.0,0.4444444444444444,0.0,0.4
8.516666666666666,13.5740367870645,5.5310199296795295,14.65764838434503,-2.5560408888452826,-0.5257846021685577,-0.23199999999999998,-2.464732435043598,-1.1015732625035488,166.5265562440229,-87.82137315312748,0.38692985128303126,0.5767849816735446,0.4310064105106253,-5304.644036327456,-4745.2297095799895,0.0,0.4444444444444444,0.0,0.4
8.533333333333333,13.533142799192209,5.512362556076538,14.61273742229575,-2.5648077081361325,-0.5260091574509933,-0.23199999999999998,-2.453639272337454,-1.119442416179469,166.3875947847619,-88.02138361201868,0.38680346526985127,0.5765066967893357,0.43103391305832417,-5303.67316653662,-4745.359411397684,0.0,0.4444444444444444,0.0,0.4
8.55,13.492437576630515,5.493408795923257,14.567889756529533,-2.573578084184527,-0.5262225629036656,-0.23199999999999998,-2.442313353701647,-1.1372256091969106,166.2472864747104,-88.21953639624518,0.38665257045159307,0.5762036730317299,0.43103721644054205,-5302.614770259991,-4745.3749889833425,0.0,0.4444444444444444,0.0,0.4
8.566666666666666,13.451924942310363,5.474160259527889,14.523109694571136,-2.582351837743677,-0.5264252135490247,-0.23199999999999998,-2.43075805920911,-1.154912183722046,166.1056471884665,-88.41582037457256,0.38647694523111453,0.5758756663914523,0.4310161247704398,-5301.467681053158,-4745.275523897449,0.0,0.4444444444444444,0.0,0.4
8.583333333333334,13.411608661581809,5.454618732533284,14.478401583348875,-2.5911287961264953,-0.5266175029690882,-0.23199999999999998,-2.418976843713191,-1.1724916196763182,165.96269292036018,-88.61022458580196,0.3862763788677929,0.5755224441532574,0.43097045255116556,-5300.230741169981,-4745.060106509384,0.0,0.4444444444444444,0.0,0.4
8.6,13.371492441007934,5.434786173626167,14.433769807398567,-2.5999087931814016,-0.5267998232943694,-0.23199999999999998,-2.4069732344325416,-1.1899535344270156,165.81843978231157,-88.80273824090222,0.3860506716161108,0.5751437850430688,0.43090002480523876,-5298.902801372539,-4744.727835597714,0.0,0.4444444444444444,0.0,0.4
8.616666666666667,13.331579927198657,5.4146647122514615,14.389218787042866,-2.6086916692679907,-0.5269725651953546,-0.23199999999999998,-2.394750828556605,-1.2072876824823124,165.6729040016573,-88.99335072510267,0.3857996348671113,0.5747394793776384,0.4308046772071152,-5297.4827207912485,-4744.277818026236,0.0,0.4444444444444444,0.0,0.4
8.633333333333333,13.291874705684114,5.394256646331467,14.34475297654499,-2.6174772712325938,-0.5271361178761867,-0.23199999999999998,-2.3823132908726423,-1.2244839551996503,165.52610191894624,-89.18205159994623,0.38552309129259354,0.5743093292165993,0.4306842562187911,-5295.969366836876,-4743.709168497313,0.0,0.4444444444444444,0.0,0.4
8.65,13.252380299827196,5.373564439989528,14.300376862235762,-2.626265452383764,-0.5272908690702139,-0.23199999999999998,-2.369664351415075,-1.241532380516313,165.3780499857052,-89.3688306053026,0.3852208749919021,0.5738531485167779,0.43053861922829273,-5294.361615166175,-4743.021009384009,0.0,0.4444444444444444,0.0,0.4
8.666666666666666,13.213100169774899,5.352590721277679,14.256094960612929,-2.635056072467715,-0.5274372050370636,-0.23199999999999998,-2.3568078031378126,-1.2584231227109948,165.22876476217527,-89.55367766134133,0.38489283164114124,0.5733707632885972,0.4303676346908724,-5292.658349702796,-4742.212470642508,0.0,0.4444444444444444,0.0,0.4
8.683333333333334,13.174037711448063,5.331338279907597,14.211911816411746,-2.64384899764373,-0.5275755105608997,-0.23199999999999998,-2.343747499610141,-1.275146482204888,165.07826291502002,-89.73658287046445,0.3845388186446306,0.5728620117543954,0.4301711822727198,-5290.858462715203,-4741.282689806366,0.0,0.4444444444444444,0.0,0.4
8.7,13.13519625556912,5.309810064984081,14.167832000645804,-2.6526441004595553,-0.5277061689495229,-0.23199999999999998,-2.3304873527366365,-1.2916928954109679,164.9265612150059,-89.91753651919856,0.3841587052883959,0.5723267445084619,0.42994915299697223,-5288.960854953233,-4740.230812064047,0.0,0.4444444444444444,0.0,0.4
8.716666666666667,13.096579066727429,5.288009182740084,14.123860108617139,-2.661441259826788,-0.5278295620339738,-0.23199999999999998,-2.317031330501464,-1.3080529346397958,164.77367653465603,-90.09652908004593,0.38375237289546954,0.5717648246785636,0.42970144939179344,-5286.964435844927,-4739.0559904212805,0.0,0.4444444444444444,0.0,0.4
8.733333333333333,13.058189342481807,5.265938894272247,14.080000757894677,-2.6702403609962597,-0.5279460701682961,-0.23199999999999998,-2.3033834547373258,-1.3242173080702315,164.61962584587778,-90.27355121329431,0.38331971498275424,0.5711761280887291,0.4294279856402644,-5284.86812375527,-4737.757385949673,0.0,0.4444444444444444,0.0,0.4
8.75,13.020030212499819,5.2436026132756925,14.036258586260077,-2.6790412955334117,-0.5280560722291204,-0.23199999999999998,-2.289547798919237,-1.3401768597932397,164.4644262175652,-90.44859376878541,0.38286063741918436,0.5705605434230219,0.42912868773181556,-5282.670846308425,-4736.334168123055,0.0,0.4444444444444444,0.0,0.4
8.766666666666666,12.982104737733431,5.221003903776745,13.992638249620148,-2.687843961293657,-0.5281599456147268,-0.23199999999999998,-2.275528485983221,-1.3559225699368902,164.30809481317692,-90.62164778764134,0.3823750585848962,0.5699179723900245,0.4288034936149031,-5280.371540774993,-4734.785515242967,0.0,0.4444444444444444,0.0,0.4
8.783333333333333,12.9444159096306,5.198146477862069,13.949144419884956,-2.6966482623977113,-0.5282580662432427,-0.23199999999999998,-2.2613296861699155,-1.3714455548804958,164.15064888829005,-90.79270450394901,0.3818629095310983,0.5692483298877259,0.42845235335061505,-5277.969154525834,-4733.110614954687,0.0,0.4444444444444444,0.0,0.4
8.8,12.906966649382383,5.175034193402642,13.905781782810905,-2.705454109206872,-0.5283508085496362,-0.23199999999999998,-2.2469556148930154,-1.3867370675656945,163.9921057881313,-90.96175534640193,0.38132413414031097,0.5685515441684899,0.4280752292668692,-5275.462645553908,-4731.308664855123,0.0,0.4444444444444444,0.0,0.4
8.816666666666666,12.869759807205176,5.151671051770772,13.862555035808038,-2.7142614182982245,-0.5284385454811611,-0.23199999999999998,-2.232410530632415,-1.4017884979121789,163.83248294508564,-91.12879193989906,0.3807586892866211,0.5678275570037516,0.4276720961128427,-5272.850983065548,-4729.378873193873,0.0,0.4444444444444444,0.0,0.4
8.833333333333334,12.832798161657646,5.128061195548347,13.819468885710934,-2.7230701124397396,-0.5285216484909103,-0.23199999999999998,-2.2176987328517876,-1.4165913733454794,163.67179787618326,-91.2938061071004,0.38016654499557895,0.5670763238480774,0.42724294121325296,-5270.133148142505,-4727.320459668661,0.0,0.4444444444444444,0.0,0.4
8.85,12.796084418991974,5.104208906224277,13.776528046512604,-2.7318801205652252,-0.5286004875291376,-0.23199999999999998,-2.202824559940349,-1.4311373594442172,163.51006818056587,-91.4567898699387,0.37954768460333765,0.5662978140021921,0.4267877646220859,-5267.30813447608,-4725.13265631629,0.0,0.4444444444444444,0.0,0.4
8.866666666666667,12.759621212539,5.080118601879046,13.733737237060884,-2.740691377749092,-0.5286754310320014,-0.23199999999999998,-2.18779238717841,-1.4454182607138337,163.34731153693264,-91.6177354510871,0.3789021049146173,0.5654920107745631,0.4263065792753449,-5264.374949174517,-4722.814708500163,0.0,0.4444444444444444,0.0,0.4
8.883333333333333,12.723411102126896,5.05579483485415,13.69110117871692,-2.7495038251808817,-0.5287468459073928,-0.23199999999999998,-2.172606624726321,-1.4594260214937451,163.18354570096676,-91.77663527538188,0.37822981635904973,0.5646589116411013,0.4257994111423714,-5261.3326136447795,-4720.365875995311,0.0,0.4444444444444444,0.0,0.4
8.9,12.687456573532957,5.031242289404074,13.648624592975388,-2.7583174101395067,-0.5288150975175021,-0.23199999999999998,-2.157271715636309,-1.473152727004555,163.01878850274335,-91.93348197120018,0.37753084314544144,0.5637985284025244,0.4252662993752675,-5258.1801645497435,-4717.785434171754,0.0,0.4444444444444444,0.0,0.4
8.916666666666666,12.65176003796818,5.006465779328379,13.606312199046247,-2.7671320859671367,-0.5288805496577865,-0.23199999999999998,-2.141792133886694,-1.486590604541706,162.8530578441193,-92.08826837179186,0.37680522341346556,0.5629108873389017,0.42470729645592425,-5254.916654841688,-4715.072675276864,0.0,0.4444444444444444,0.0,0.4
8.933333333333334,12.616323831594215,4.9814702455813515,13.564168711397853,-2.77594781204267,-0.528943564531999,-0.23199999999999998,-2.126172382437888,-1.4997320248216424,162.6863716961059,-92.24098751656506,0.37605300938227565,0.5619960293608763,0.42412246834014194,-5251.541154872881,-4712.226909817281,0.0,0.4444444444444444,0.0,0.4
8.95,12.58115021507239,4.95626075385658,13.522198837261454,-2.784764553754719,-0.5290045027229406,-0.23199999999999998,-2.110416991309546,-1.512569503486291,162.5187480962251,-92.39163265232494,0.37527426749550985,0.5610540101570469,0.4235118945983023,-5248.052753583911,-4709.247468040709,0.0,0.4444444444444444,0.0,0.4
8.966666666666667,12.546241373144419,4.930842492143725,13.480407274097132,-2.793582282474029,-0.5290637231586032,-0.23199999999999998,-2.0945305156782092,-1.5250957027713001,162.35020514584969,-92.54019723446483,0.37446907856213274,0.5600849003369606,0.42287566855203335,-5244.450559770245,-4706.133701517774,0.0,0.4444444444444444,0.0,0.4
8.983333333333333,12.511599414244507,4.905220768254675,13.438798707021416,-2.8024009755252517,-0.5291215830733694,-0.23199999999999998,-2.0785175339947073,-1.5373034333430153,162.1807610075289,-92.68667492810911,0.37363753789254245,0.5590887855691575,0.42221389740628523,-5240.733703427358,-4702.884984823884,0.0,0.4444444444444444,0.0,0.4
9.0,12.47094804478634,4.877644563753276,13.390890994480992,-2.8112422685687695,-0.5304775826110721,-0.307,-2.4390821674900183,-1.6545722700839,162.01052026111228,-92.83099428786407,0.3728283551272078,0.6329754659513669,0.421714638781759,-5480.070554906128,-4700.427346969117,0.0,0.4444444444444444,0.0,0.6
9.016666666666666,12.427033412213747,4.849701271009309,13.339818658673968,-2.8201106186044513,-0.5321010021409165,-0.348,-2.6348779543555856,-1.6765975646380404,161.83955360933555,-92.97312511196564,0.37207664573268284,0.6728827954586898,0.42130949489593417,-5582.370137690543,-4698.428742911527,0.0,0.4444444444444444,0.0,0.6
9.033333333333333,12.38329219371493,4.821767264355154,13.288918884037486,-2.8290059827316427,-0.5337218476314779,-0.348,-2.624473109929099,-1.6760403992492607,161.6678799542118,-93.1130623272502,0.3713150749220047,0.6717782448358993,0.4208964969351961,-5579.760504319352,-4696.387465858285,0.0,0.4444444444444444,0.0,0.6
9.05,12.339726013289361,4.793842291989036,13.238193305867416,-2.837928319547402,-0.5353402089455499,-0.348,-2.6139708255341056,-1.6754983419670548,161.49551829546758,-93.2508010220326,0.3705434961483907,0.6706616538442549,0.4204755139945009,-5577.110180580545,-4694.302634456442,0.0,0.4444444444444444,0.0,0.6
9.066666666666666,12.296336488117118,4.765926177696202,13.187643586336808,-2.8468775891781797,-0.5369561778466498,-0.348,-2.6033715103346284,-1.67496685757005,161.3224877290455,-93.38633644837877,0.36976176728311383,0.6695328668240416,0.42004641948452714,-5574.418343786748,-4692.173378540222,0.0,0.4444444444444444,0.0,0.6
9.083333333333334,12.253125227955557,4.738018820942364,13.13727141378928,-2.8558537533088058,-0.5385698478375585,-0.348,-2.5926756096936208,-1.6744414052302847,161.14880744556424,-93.51966402436605,0.3689697507621407,0.6683917328681619,0.4196090912514539,-5571.6841677266775,-4689.9988396473655,0.0,0.4444444444444444,0.0,0.6
9.1,12.210093834541077,4.710120196911837,13.087078502005511,-2.86485677520874,-0.5401813139960422,-0.348,-2.5818836048688745,-1.6739174418316338,160.97449672873583,-93.65077933633016,0.3681673137315779,0.66723810599523,0.41916341169483484,-5568.906822981448,-4687.778171540215,0.0,0.4444444444444444,0.0,0.6
9.116666666666667,12.167243900996159,4.682230356490337,13.037066589442881,-2.8738866197555373,-0.5417906728078302,-0.348,-2.5709960126951383,-1.6733904252899654,160.79957495374018,-93.779678141098,0.36735432819181324,0.6660718453220462,0.4187092678834602,-5566.085477254551,-4685.510540731844,0.0,0.4444444444444444,0.0,0.6
9.133333333333333,12.124577011241941,4.654349426192431,12.987237438448346,-2.882943253455486,-0.5433980219969234,-0.348,-2.56001338525308,-1.6728558178743462,160.62406158555697,-93.90635636820532,0.36653067114023347,0.6648928152353258,0.4182465516690965,-5563.219295716087,-4683.1951270175405,0.0,0.4444444444444444,0.0,0.6
9.15,12.082094739416512,4.626477608033621,12.937592834444615,-2.8920266444613745,-0.5450034603533127,-0.348,-2.5489363095257653,-1.6723090895286168,160.44797617725496,-94.03081012209837,0.3656962247123975,0.6637008855625497,0.41777515979798974,-5560.307441361908,-4680.831124011901,0.0,0.4444444444444444,0.0,0.6
9.166666666666666,12.039798649299124,4.598615179347076,12.888134585089743,-2.901136762587344,-0.546607087558188,-0.348,-2.5377654070433042,-1.671745721192698,160.27133836823825,-94.1530356843186,0.364850876321536,0.6624959317417953,0.4172949940200151,-5557.349075388227,-4678.417739691814,0.0,0.4444444444444444,0.0,0.6
9.183333333333334,11.997690293740519,4.570762492545026,12.838864519410269,-2.9102735793207897,-0.5482090040067225,-0.348,-2.526501333516361,-1.6711612081229994,160.09416788245025,-94.2730295156694,0.36399451879624845,0.6612778349904069,0.41680596119535235,-5554.3433575823465,-4675.954196945513,0.0,0.4444444444444444,0.0,0.6
9.2,11.955771214099531,4.542919974824838,12.789784486908037,-2.919437067831265,-0.5498093106285192,-0.348,-2.5151447784591903,-1.6705510632112857,159.91648452653476,-94.39078825836414,0.3631270505162585,0.6600464824723513,0.41630797339856235,-5551.289446730116,-4673.439734127905,0.0,0.4444444444444444,0.0,0.6
9.216666666666667,11.91404293968615,4.515088127819816,12.74089635664088,-2.9286272029763616,-0.5514081087058134,-0.348,-2.5036964648029203,-1.6699108203013573,159.73830818795466,-94.5063087381542,0.3622483755460885,0.658801767464102,0.41580094801993683,-5548.186501040719,-4670.8736056223215,0.0,0.4444444444444444,0.0,0.6
9.233333333333333,11.872506987211153,4.487267527194767,12.69220201627733,-2.9378439613045204,-0.5530054996895235,-0.348,-2.4921571484997482,-1.6692360375029125,159.5596588330679,-94.61958796643643,0.36135840376650585,0.6575435895188895,0.41528480786399136,-5545.033678589405,-4668.255082408793,0.0,0.4444444444444444,0.0,0.6
9.25,11.831164860242508,4.459458822186402,12.643703371125616,-2.9470873210547412,-0.5546015850132555,-0.348,-2.4805276181187605,-1.6685223005019,159.38055650516145,-94.73062314233873,0.36045705100359077,0.6562718546291455,0.41475948124496537,-5541.830137778768,-4665.583452638914,0.0,0.4444444444444444,0.0,0.6
9.266666666666666,11.790018048668607,4.431662735088625,12.595402343137145,-2.9563572621531637,-0.5561964659053624,-0.348,-2.468808694434085,-1.667765225866649,159.20102132244256,-94.83941165478305,0.3595442391552697,0.6549864753869648,0.41422490207919394,-5538.575037819155,-4662.858022217342,0.0,0.4444444444444444,0.0,0.6
9.283333333333333,11.749068028168507,4.403880060682806,12.547300869884767,-2.9656537662064832,-0.5577902431991729,-0.348,-2.457001230006039,-1.6669604643491,159.02107347598832,-94.94595108452457,0.35861989631515306,0.6536873711423998,0.41368100997420765,-5535.267539228781,-4660.078115389869,0.0,0.4444444444444444,0.0,0.6
9.3,11.70831625968924,4.376111665613135,12.499400903516088,-2.974976816492175,-0.5593830171415043,-0.348,-2.445106108756004,-1.6661037041802595,158.8407332276529,-95.05023920616621,0.35768395689351273,0.652374468159401,0.41312775031441945,-5531.906804354123,-4657.243075338023,0.0,0.4444444444444444,0.0,0.6
9.316666666666666,11.667764188930313,4.3483584877071495,12.451704409682213,-2.9843263979455013,-0.5609748871995838,-0.348,-2.4331242455356827,-1.6651906743591347,158.66002090793322,-95.15227399014752,0.35673636173522794,0.651047699769199,0.4125650743432502,-5528.491997911115,-4654.352264780067,0.0,0.4444444444444444,0.0,0.6
9.333333333333334,11.627413245835456,4.320621535241579,12.40421336644219,-2.993702497143276,-0.5625659518665082,-0.348,-2.421056585691428,-1.6642171479342203,158.47895691379293,-95.25205360470672,0.3557770582345256,0.649707006520931,0.41199293924154384,-5525.022287547683,-4651.40506657819,0.0,0.4444444444444444,0.0,0.6
9.35,11.587264844091717,4.292901886153636,12.356929763143645,-3.003105102284366,-0.5641563084653778,-0.348,-2.4089041046243045,-1.663178945276548,158.29756170644504,-95.34957641781506,0.35480600044633487,0.648352336329298,0.41141130820212046,-5521.496844428094,-4648.400884351667,0.0,0.4444444444444444,0.0,0.6
9.366666666666667,11.547320380635941,4.265200687197915,12.309855599279942,-3.0125342031669033,-0.5657460529522502,-0.348,-2.3966678073465544,-1.6620719373433062,158.11585580909338,-95.44484099908246,0.3538231491940729,0.6469836446190336,0.41082015050031373,-5517.914843839608,-4645.339143095687,0.0,0.4444444444444444,0.0,0.6
9.383333333333333,11.50758123516869,4.237519153049067,12.262992883324374,-3.0219897911622042,-0.5673352797180656,-0.348,-2.3843487280350733,-1.6608920489308794,157.9338598046333,-95.5378461216333,0.3528284721736723,0.6456008944659637,0.4102194415603353,-5514.275465821828,-4642.219289805467,0.0,0.4444444444444444,0.0,0.6
9.4,11.468048769675647,4.209858565350465,12.216343631541879,-3.0314718591853658,-0.5689240813897039,-0.348,-2.3719479295825594,-1.6596352619160992,157.75159433331163,-95.62859076395131,0.35182194405366024,0.6442040567344243,0.4096091630173095,-5510.577895819187,-4639.040794105229,0.0,0.4444444444444444,0.0,0.6
9.416666666666666,11.428724327956532,4.182220271709059,12.169909866778788,-3.040980401662538,-0.5705125486303425,-0.348,-2.3594665031469004,-1.6582976184843714,157.56908009034655,-95.71707411169268,0.35080354657109136,0.6427931102108018,0.4089893027748187,-5506.821325356885,-4635.803148881535,0.0,0.4444444444444444,0.0,0.6
9.433333333333334,11.389609235161542,4.154605684636671,12.123693617231195,-3.0505154144948596,-0.5721007699392953,-0.348,-2.3469055676994075,-1.6568752243432794,157.38633782350732,-95.80329555946615,0.34977326862313596,0.6413680417329521,0.4083598550577989,-5503.0049527406,-4632.505870920414,0.0,0.4444444444444444,0.0,0.6
9.45,11.350704797335334,4.127016280438003,12.077696915192552,-3.060076895019052,-0.5736888314515156,-0.348,-2.334266269572438,-1.6553642519200764,157.20338833065472,-95.88725471257905,0.3487311063541212,0.6399288463152529,0.40772082046062463,-5499.127983780249,-4629.1485015476255,0.0,0.4444444444444444,0.0,0.6
9.466666666666667,11.312012300968552,4.0994535980456455,12.03192179578114,-3.0696648419646677,-0.5752768167369654,-0.348,-2.3215497820069455,-1.653760943541446,157.02025245724207,-95.96895138874834,0.3476770632378193,0.63847552726903,0.40707220599022204,-5495.189632537971,-4625.730607271366,0.0,0.4444444444444444,0.0,0.6
9.483333333333333,11.273533012556879,4.071919237802417,11.986370295648102,-3.079279255408002,-0.5768648066000535,-0.348,-2.3087573047004546,-1.652061614593685,156.83695109377766,-96.04838561977543,0.3466111501547746,0.637008096318104,0.406414025104049,-5491.189122100501,-4622.251780426599,0.0,0.4444444444444444,0.0,0.6
9.5,11.235268178167614,4.044414860191394,11.941044451666814,-3.088920136722658,-0.5784528788793629,-0.348,-2.2958900633559285,-1.6502626566613783,156.65350517324876,-96.12555765318385,0.34553338546446055,0.63552657370919,0.40574629774278137,-5487.1256853760115,-4618.711639820149,0.0,0.4444444444444444,0.0,0.6
9.516666666666666,11.197219023013748,4.016942184514019,11.895946299604299,-3.0985874885267894,-0.5800411082478943,-0.348,-2.2829493092319812,-1.6483605406424982,156.46993566850793,-96.20046795381846,0.3444437950720525,0.6340309883168829,0.4050690503575463,-5482.998565915452,-4615.109831375636,0.0,0.4444444444444444,0.0,0.6
9.533333333333333,11.1593867510355,3.989502987516725,11.851077872775603,-3.108281314627024,-0.5816295660140628,-0.348,-2.269936318694822,-1.646351819837652,156.28626358962183,-96.27311720540548,0.3433424124896065,0.6325213777429558,0.40438231593154395,-5478.807018758305,-4611.446028777191,0.0,0.4444444444444444,0.0,0.6
9.55,11.121772544489295,3.96209910196654,11.806441200681936,-3.1180016199590854,-0.5832183199236989,-0.348,-2.256852392772299,-1.6442331330111077,156.1025099811834,-96.34350631207187,0.34222927889142785,0.6309977884096969,0.40368613399590314,-5474.550311302653,-4607.719934110874,0.0,0.4444444444444444,0.0,0.6
9.566666666666666,11.084377563544122,3.9347324151761893,11.762038307633526,-3.1277484105251405,-0.5848074339633139,-0.348,-2.2436988567103775,-1.6420012074210462,155.91869591958778,-96.4116363998232,0.3411044431634169,0.6294602756470038,0.4029805506396169,-5470.227724199332,-4603.931278502616,0.0,0.4444444444444444,0.0,0.6
9.583333333333334,11.04720294588525,3.9074048674792516,11.717871211358156,-3.137521693327889,-0.5863969681649001,-0.348,-2.2304770595323213,-1.6396528618162733,155.73484251027244,-96.47750881797892,0.3399679619461787,0.6279089037729567,0.4022656185134077,-5465.838552269866,-4600.079822751402,0.0,0.4444444444444444,0.0,0.6
9.6,11.010249806325236,3.8801184506559765,11.673941921596398,3.135863830878155,-0.5879869784125484,-0.348,-2.2171883736008224,-1.6371850093965161,155.55097088492266,-96.54112514056388,0.33881989967168386,0.6263437461675869,0.4015413968273776,-5461.38210544781,-4596.165357956405,0.0,0.4444444444444444,0.0,0.6
9.616666666666667,10.973519236422181,3.8528752063104217,11.630252438684606,3.126037538940635,-0.5895775162511789,-0.348,-2.203834194183278,-1.6345946607332777,155.3671021986423,-96.60248716765503,0.3376603285932708,0.6247648853395562,0.40080795134230196,-5456.857709742999,-4592.187706136605,0.0,0.4444444444444444,0.0,0.6
9.633333333333333,10.937012304105176,3.8256772241996235,11.586804752126781,3.1161847284623403,-0.5911686286976854,-0.348,-2.1904159390203404,-1.6318789266478886,155.18325762709114,-96.66159692668222,0.3364893288087805,0.6231724129854648,0.4000653543544292,-5452.264708228125,-4588.146720841446,0.0,0.4444444444444444,0.0,0.6
9.65,10.900730053306878,3.7985266405155658,11.543600839156483,3.106305389161427,-0.5927603580548129,-0.348,-2.176935047897857,-1.6290350210434603,154.9994583635893,-96.71845667368213,0.33530698827661987,0.6215664300415036,0.39931368467365846,-5447.602462046953,-4584.042287750975,0.0,0.4444444444444444,0.0,0.6
9.666666666666666,10.864673503603175,3.7714256361207816,11.500642663289993,3.0963995101326254,-0.5943527417280923,-0.348,-2.163392982222226,-1.6260602636870463,154.81572561618947,-96.77306889450404,0.3341134028245513,0.6199470467271695,0.3985530275949696,-5442.870351443374,-4579.874325263791,0.0,0.4444444444444444,0.0,0.6
9.683333333333334,10.828843649859856,3.744376434738477,11.457932172871987,3.086467079931856,-0.5959458120461691,-0.348,-2.1497912245991677,-1.6229520829382595,154.63208060471786,-96.82543630596668,0.3329086761510138,0.6183143825807635,0.3977834748629912,-5438.067776810388,-4575.642785071167,0.0,0.4444444444444444,0.0,0.6
9.7,10.793241461886259,3.717381301098137,11.41547129961504,3.076508086663775,-0.5975395960848734,-0.348,-2.136131278415841,-1.619708018420397,154.4485445577846,-96.87556185696484,0.33169291981878324,0.6166685664863953,0.3970051246295969,-5433.194159757976,-4571.347652715527,0.0,0.4444444444444444,0.0,0.6
9.716666666666667,10.757867884095823,3.6904425390376385,11.373261957134327,3.066522518072185,-0.5991341154953863,-0.348,-2.1224146674261943,-1.6163257236299122,154.2651387097645,-96.92344872952488,0.33046625324078804,0.6150097366922229,0.3962180814044318,-5428.248944198738,-4566.988948131517,0.0,0.4444444444444444,0.0,0.6
9.733333333333333,10.7227238351735,3.6635624895629726,11.33130603947889,3.0565103616332374,-0.6007293863368701,-0.348,-2.108642935339367,-1.6128029684799676,154.08188429774913,-96.969100339808,0.32922880365790347,0.613338040819659,0.3954224559982784,-5423.231597449995,-4562.56672616773,0.0,0.4444444444444444,0.0,0.6
9.75,10.687810207749985,3.6367435288667465,11.289605419660996,3.0464716046513387,-0.6023254189139341,-0.348,-2.0948176454109086,-1.6091376417735672,153.89880255847115,-97.01252033906034,0.32798070610855373,0.6116536358632847,0.39461836545918266,-5418.141611350977,-4558.081077087217,0.0,0.4444444444444444,0.0,0.6
9.766666666666666,10.65312786808271,3.6099880663067188,11.248161948185018,3.0364062343576834,-0.6039222176193196,-0.348,-2.080940380036533,-1.605327753601661,153.71591472520174,-97.05371261450898,0.3267221033899634,0.609956688181215,0.39380593300127253,-5412.978503393563,-4553.532127044771,0.0,0.4444444444444444,0.0,0.6
9.783333333333333,10.618677655743575,3.5832985423456947,11.206977451577416,3.0263142380113135,-0.605519780782193,-0.348,-2.0670127403480496,-1.6013714376614425,153.53324202462238,-97.09268129020255,0.32545314601090664,0.608247373475673,0.39298528792621146,-5407.741817864916,-4548.920038538991,0.0,0.4444444444444444,0.0,0.6
9.8,10.58446038331339,3.5566774264541965,11.166053730919419,3.0161956030026063,-0.6071181005224419,-0.348,-2.053036345811067,-1.5972669534898936,153.35080567367177,-97.12943072779592,0.32417399213581527,0.6065258767635365,0.39215656553724343,-5402.431127000217,-4544.245010837079,0.0,0.4444444444444444,0.0,0.6
9.816666666666666,10.55047683608299,3.5301272149774037,11.12539256038401,3.0060503169590835,-0.6087171626113761,-0.348,-2.0390128338240103,-1.5930126886075646,153.16862687636925,-97.1639655272778,0.32288480752011783,0.604792392336631,0.39131990704579755,-5397.046032143581,-4539.507280370285,0.0,0.4444444444444444,0.0,0.6
9.833333333333334,10.516727771761024,3.5036504289679478,11.084995685778903,2.9958783678534298,-0.6103169463392387,-0.348,-2.0249438593179225,-1.5886071605673653,152.98672682061564,-97.19629052764026,0.32158576543669454,0.6030471237115579,0.3904754594706379,-5391.586164915082,-4534.707121097946,0.0,0.4444444444444444,0.0,0.6
9.85,10.483213920188417,3.4772496119862293,11.044864823097228,2.9856797441135976,-0.6119174243899359,-0.348,-2.0108310943564724,-1.5840490189031202,152.80512667497283,-97.22641080748951,0.3202770465933471,0.6012902835688587,0.3896233755295534,-5386.051188381716,-4529.844844837972,0.0,0.4444444444444444,0.0,0.6
9.866666666666667,10.449935983059492,3.450927327870021,11.005001657077642,2.9754544347348744,-0.6135185627233963,-0.348,-1.996676227735541,-1.5793370469724852,152.62384758542302,-97.25433168559698,0.3189588390411963,0.5995220936813267,0.3887638135236037,-5380.440798229946,-4524.920801561716,0.0,0.4444444444444444,0.0,0.6
9.883333333333333,10.416894633649797,3.424686158475208,10.965407839775665,2.965202429393775,-0.6151203204659733,-0.348,-1.9824809645816879,-1.5744701636887743,152.44291067210932,-97.28005872138974,0.31763133807393606,0.5977427848313007,0.3878969372139484,-5374.754723937394,-4519.935379651113,0.0,0.4444444444444444,0.0,0.6
9.9,10.38409051655065,3.398528701389605,10.926084989148038,2.9549237185636197,-0.6167226498092993,-0.348,-1.9682470259487745,-1.5694474251361763,152.26233702605853,-97.30359771537974,0.31629474611788994,0.5959525967167856,0.3870229156913067,-5368.992729941077,-4514.8890061160155,0.0,0.4444444444444444,0.0,0.6
9.916666666666666,10.35152424741045,3.3724575676218915,10.887034687651944,2.944618293631653,-0.6183254959180039,-0.348,-1.9539761484119356,-1.5642680260628072,152.08214770588765,-97.32495470953089,0.3149492726128313,0.5941517778462648,0.3861419232381094,-5363.154616799471,-4509.782146769679,0.0,0.4444444444444444,0.0,0.6
9.933333333333334,10.319196412682816,3.3464753792677917,10.848258480860943,2.9342861470175414,-0.6199287968467015,-0.348,-1.9396700836580791,-1.5589313012459982,151.90236373449534,-97.34413598756332,0.3135951338835492,0.5923405854220924,0.3852541391834256,-5357.240222345576,-4504.615306360372,0.0,0.4444444444444444,0.0,0.6
9.95,10.287107569381615,3.3205847671557205,10.809757876099498,2.9239272722930973,-0.6215324834666485,-0.348,-1.9253305980720208,-1.55343672672426,151.7230060957398,-97.36114807519424,0.3122325530021587,0.5905192852123662,0.3843597477507602,-5351.249422828009,-4499.389028657151,0.0,0.4444444444444444,0.0,0.6
9.966666666666667,10.255258244842992,3.294788368474215,10.771534341097983,2.913541664303056,-0.6231364794024659,-0.348,-1.910959472317343,-1.5477839208903044,151.54409573110433,-97.37599774031455,0.31086175964117574,0.5886881514112124,0.38345893789884283,-5345.182134037063,-4494.103896487882,0.0,0.4444444444444444,0.0,0.6
9.983333333333333,10.223648936494474,3.269088824383554,10.7335893026701,2.9031293192867342,-0.6247407009793138,-0.348,-1.8965585009110215,-1.5419726454396825,151.36565353635217,-97.38869199310084,0.3094829899173961,0.5868474664874304,0.38255190315554155,-5339.038312412553,-4488.7605317276775,0.0,0.4444444444444444,0.0,0.6
10.0,10.192280111631293,3.2434887776140617,10.695924145414606,2.8926902350003862,-0.6263450571808923,-0.348,-1.8821294917908122,-1.5360028061695177,151.1877003581718,-97.39923808606198,0.3080964862266403,0.5849975210214717,0.3816388414450587,-5332.817956130173,-4483.359595235981,0.0,0.4444444444444444,0.0,0.6
10.016666666666666,10.161152207200052,3.2179908700536948,10.65854021044324,2.8822244108400756,-0.6279494496186339,-0.348,-1.8676742658744034,-1.5298744536220275,151.01025699081458,-97.4076435140201,0.30670249706944747,0.583138613530753,0.380719954908583,-5326.521106163,-4477.901786740623,0.0,0.4444444444444444,0.0,0.6
10.033333333333333,10.130265629589898,3.1925977403275683,10.621438794136843,2.871731847964868,-0.6295537725124372,-0.348,-1.8531946566092745,-1.5235877835675788,150.83334417272576,-97.41391601402512,0.30530127686782316,0.5812710502833289,0.37979544971859186,-5320.14784731469,-4472.387844667296,0.0,0.4444444444444444,0.0,0.6
10.05,10.099620754431362,3.1673120213721977,10.584621146931502,2.861212549420147,-0.6311579126832761,-0.348,-1.838692509512215,-1.5171431373222255,150.6569825831708,-97.41806356520287,0.30389308577317137,0.5793951450999755,0.3788655358870194,-5313.6983092208575,-4466.818545912987,0.0,0.4444444444444444,0.0,0.6
10.066666666666666,10.069217926403072,3.142136338007284,10.548088472136683,2.8506665202608468,-0.6327617495580009,-0.348,-1.824169681697422,-1.5105410018947962,150.4811928388582,-97.420094388536,0.3024781894655612,0.5775112191447682,0.377930427067522,-5307.172667315049,-4461.194705562036,0.0,0.4444444444444444,0.0,0.6
10.083333333333334,10.039057459046537,3.1170733045079695,10.511841924787214,2.840093767674403,-0.6343651551866273,-0.348,-1.8096280413921102,-1.5037820099588917,150.30599549056078,-97.42001694657777,0.3010568589445049,0.5756196007042597,0.3769903403520962,-5300.571143755692,-4455.51717654364,0.0,0.4444444444444444,0.0,0.6
10.1,10.009139634589229,3.092125522180548,10.475882610530977,2.8294943011031966,-0.6359679942723893,-0.348,-1.7950694674385563,-1.4968669396453045,150.13141101973656,-97.41783994309826,0.299629370311447,0.5737206249553994,0.37604549606231996,-5293.89400831035,-4449.78684922975,0.0,0.4444444444444444,0.0,0.6
10.116666666666667,9.979464703776204,3.067295576944703,10.440211584554195,2.818868132366283,-0.6375701242148059,-0.348,-1.7804958487815,-1.4897967141507156,149.95745983515116,-97.41357232266282,0.29819600454418865,0.5718146337223643,0.3750961175355101,-5287.141579193607,-4444.004650972483,0.0,0.4444444444444444,0.0,0.6
10.133333333333333,9.95003288571054,3.04258603692539,10.40482985054607,2.8082152757801833,-0.6391713951659875,-0.348,-1.7659090839398697,-1.4825724011587775,149.7841622695031,-97.40722327014282,0.2967570472634963,0.5699019752224972,0.37414243090610494,-5280.314223854892,-4438.171545580326,0.0,0.4444444444444444,0.0,0.6
10.15,9.920844367702843,3.0179994500575558,10.369738359704595,2.79753574827851,-0.6407716501003803,-0.348,-1.751311080461782,-1.4751952120700524,149.61153857605387,-97.3988022101585,0.29531278849216624,0.567983003801588,0.37318466488260216,-5273.412359712557,-4432.288532732591,0.0,0.4444444444444444,0.0,0.6
10.166666666666666,9.891899305130146,2.993538341706929,10.334938009785242,2.7868295695302083,-0.6423707248981146,-0.348,-1.7367037543618244,-1.467666501037609,149.43960892526414,-97.38831880645384,0.2938635224068436,0.5660580796587569,0.37222305052039556,-5266.436454830571,-4426.356647331783,0.0,0.4444444444444444,0.0,0.6
10.183333333333334,9.863197821304485,2.9692052123101704,10.300429644194237,2.776096762056173,-0.6439684484420974,-0.348,-1.7220890295396547,-1.4599877638055094,149.26839340143775,-97.37578296120383,0.2924095470829153,0.5641275685612355,0.37125782099087595,-5259.387028534198,-4420.376958793695,0.0,0.4444444444444444,0.0,0.6
10.2,9.834740007351503,2.945002535037707,10.266214051128038,2.765337351344024,-0.6455646427289495,-0.348,-1.707468837178998,-1.452160636347796,149.09791199937533,-97.36120481425395,0.2909511642328233,0.5621918415493707,0.3702892113471753,-5252.2646519611235,-4414.350570275311,0.0,0.4444444444444444,0.0,0.6
10.216666666666667,9.8065259220994,2.9209327534826057,10.23229196276059,2.754551365960793,-0.6471591229938586,-0.348,-1.692845115126173,-1.4441868933060817,148.92818462103884,-97.34459474229226,0.2894886789381645,0.5602512746322089,0.3693174582869464,-5245.069948544549,-4408.278617840733,0.0,0.4444444444444444,0.0,0.6
10.233333333333333,9.778555591978611,2.896998279378868,10.198664054479895,2.743738837663303,-0.6487516978493791,-0.348,-1.6782198072473533,-1.4360684462242652,148.7592310722289,-97.32596335795427,0.28802239937596913,0.5583062484740484,0.3683427999125909,-5237.80359442489,-4402.162269565642,0.0,0.4444444444444444,0.0,0.6
10.25,9.750829010932547,2.873201490352544,10.165330944175299,2.7328998015060004,-0.6503421694381749,-0.348,-1.6635948627638126,-1.4278073415794648,148.59107105927643,-97.30532150886101,0.28655263653956936,0.5563571480723812,0.367365475489355,-5230.466318786794,-4396.002724580944,0.0,0.4444444444444444,0.0,0.6
10.266666666666666,9.723346140339805,2.849544727709065,10.132293191576895,2.722034295946006,-0.6519303335996591,-0.348,-1.6489722355645098,-1.4194057586087263,148.42372418574996,-97.28268027659068,0.28507970395449256,0.5544043624276731,0.36638572520172974,-5223.058904118379,-4389.801212056541,0.0,0.4444444444444444,0.0,0.6
10.283333333333333,9.696106908948215,2.8260302942602036,10.099551297648313,2.711142362945165,-0.6535159800504478,-0.348,-1.6343538834954303,-1.410866006931668,148.25720994918078,-97.25805097558424,0.28360391738983265,0.5524482842054614,0.3654037899086008,-5215.582186389704,-4383.558990126368,0.0,0.4444444444444444,0.0,0.6
10.3,9.669111212821129,2.8026604521940417,10.067105704034095,2.700224048068857,-0.6550988925784992,-0.348,-1.6197417676252113,-1.4021905239697112,148.09154773780665,-97.23144515198567,0.2821255945655741,0.5504893093912818,0.364419910897604,-5208.037055147673,-4377.277344756051,0.0,0.4444444444444444,0.0,0.6
10.316666666666666,9.64235891529635,2.7794374209913206,10.034956792562781,2.689279400581344,-0.6566788492507725,-0.348,-1.605137851486662,-1.3933818721632605,147.92675682733645,-97.20287458241735,0.2806450548563585,0.5485278369389579,0.36343432963915007,-5200.424453524764,-4370.95758855479,0.0,0.4444444444444444,0.0,0.6
10.333333333333334,9.615849846958119,2.7563633753915093,10.003104884806724,2.6783084735374407,-0.6582556226341921,-0.348,-1.5905441002939111,-1.384442735988669,147.76285637773654,-97.17235127269133,0.2791626189922034,0.5465642684128202,0.36244728754059036,-5192.745378159198,-4364.6010595333,0.0,0.4444444444444444,0.0,0.6
10.35,9.589583805622535,2.733440443411884,9.97155024169952,2.6673113238702797,-0.6598289800296648,-0.348,-1.5759624801350114,-1.375375918777519,147.59986543004092,-97.13988745645712,0.2776786087566977,0.5445990076244428,0.36145902570100025,-5185.000879024344,-4358.20911980986,0.0,0.4444444444444444,0.0,0.6
10.366666666666667,9.563560556336869,2.710670704422861,9.940293063211904,2.6562880124749655,-0.6613986837188489,-0.348,-1.5613949571399743,-1.366184339341376,147.43780290318614,-97.10549559378693,0.2761933466832102,0.5426324602645114,0.3604697846670596,-5177.192059165477,-4351.783154266731,0.0,0.4444444444444444,0.0,0.6
10.383333333333333,9.53777983139313,2.6880561872827644,9.909333488086812,2.64523860428791,-0.6629644912233343,-0.348,-1.5468434966243017,-1.3568710284057808,147.27668759087274,-97.06918836969912,0.27470715574966387,0.5406650335304597,0.35947980419051445,-5169.320074342183,-4345.324569159449,0.0,0.4444444444444444,0.0,0.6
10.4,9.512241330356327,2.665598868535133,9.87867159363418,2.634163168361646,-0.6645261555758465,-0.348,-1.5323100622082433,-1.3474391248578836,147.11653815845438,-97.03097869262083,0.2732203590724364,0.538697135750532,0.3584893229877025,-5161.3861325750695,-4338.83479068169,0.0,0.4444444444444444,0.0,0.6
10.416666666666666,9.486944720107791,2.643300670671586,9.848307395586003,2.623061777934929,-0.666083425603044,-0.348,-1.51779661491212,-1.337891871812828,146.9573731398561,-96.99087969279076,0.2717332795999585,0.5367291760049467,0.35749857850162464,-5153.391493595635,-4332.315263488603,0.0,0.4444444444444444,0.0,0.6
10.433333333333334,9.461889634903988,2.6211634604631766,9.818240848011971,2.6119345104979383,-0.6676360462194374,-0.348,-1.5033051122282077,-1.3282326125045447,146.79921093452296,-96.94890472060311,0.27024623980658774,0.5347615637448564,0.35650780666704285,-5145.337468198569,-4325.7674491817215,0.0,0.4444444444444444,0.0,0.6
10.45,9.437075676451158,2.5991890473630543,9.788471843295977,2.6007814478524063,-0.6691837587319145,-0.348,-1.488837507169798,-1.3184647860073264,146.64206980440036,-96.90506734489392,0.26875956138734247,0.5327947084098124,0.35551724167907867,-5137.225417495968,-4319.192824758736,0.0,0.4444444444444444,0.0,0.6
10.466666666666667,9.412502413996188,2.5773791819831353,9.759000212173587,2.589602676166501,-0.6707263011543162,-0.348,-1.474395747298228,-1.3085919227951388,146.48596787094706,-96.8593813511707,0.2672735649540829,0.5308290190444555,0.3545271157657814,-5129.056752073354,-4312.592881031569,0.0,0.4444444444444444,0.0,0.6
10.483333333333333,9.388169384434041,2.5557355546473643,9.72982572383048,2.57839828602431,-0.6722634085314663,-0.348,-1.459981773728784,-1.2986176401462597,146.33092311218238,-96.8118607397868,0.2657885697337283,0.5288649039151643,0.3535376589651264,-5120.832931047694,-4305.969121016384,0.0,0.4444444444444444,0.0,0.6
10.5,9.357576249245867,2.5328036219948507,9.694293550746263,2.5671504216311525,-0.674871863589446,-0.423,-1.8355881112905017,-1.3759159591508165,146.1770583759129,-96.76255544931713,0.26433505564460774,0.6017346158348349,0.3527741708348484,-5387.4547712926105,-4300.83870234766,0.0,0.4444444444444444,0.0,0.8
10.516666666666666,9.32368682829965,2.50992745972038,9.655613492951485,2.555857151090675,-0.6775962324286309,-0.46399999999999997,-2.0333652567729756,-1.3725697364682468,146.02444169873596,-96.71151023141033,0.26296513830047435,0.6406405967462168,0.35213973384089103,-5501.048195545654,-4296.5626058545695,0.0,0.4444444444444444,0.0,0.8
10.533333333333333,9.29000949826156,2.487222621214978,9.617200884107262,2.5445185412795874,-0.680316588665265,-0.46399999999999997,-2.020639802285359,-1.3622903103240915,145.87309053222722,-96.65874049925978,0.26159570880683003,0.6385442201666581,0.3515087296032319,-5495.376313300606,-4292.298042745669,0.0,0.4444444444444444,0.0,0.8
10.55,9.256544677181797,2.464688334912814,9.57905569192068,2.533134669629158,-0.6830322990257659,-0.46399999999999997,-2.00788926478582,-1.3520571781298516,145.7230222095894,-96.60426190332186,0.26022679603804305,0.6364456309711171,0.3508810780717865,-5489.6493309227535,-4288.044638880968,0.0,0.4444444444444444,0.0,0.8
10.566666666666666,9.223292790735616,2.4423237788246426,9.541177880337829,2.521705624076962,-0.6857427331317671,-0.46399999999999997,-1.9951131867708436,-1.3418733652903008,145.57425394139716,-96.54809033106099,0.25885842396066466,0.6343449710665874,0.3502566926492562,-5483.867111278403,-4283.801969395857,0.0,0.4444444444444444,0.0,0.8
10.583333333333334,9.190254271931416,2.420128083157011,9.503567410274885,2.5102315030090723,-0.68844726407338,-0.46399999999999997,-1.982311128252079,-1.3317417400578755,145.42680281129836,-96.49024190661558,0.25749061179957683,0.6322423794922718,0.3496354804222216,-5478.029518387082,-4279.569559725697,0.0,0.4444444444444444,0.0,0.8
10.6,9.157429560798724,2.398100332970153,9.466224240317882,2.4987124151928573,-0.6911452689728954,-0.46399999999999997,-1.969482667961479,-1.3216650112114898,145.28068577167338,-96.4307329903826,0.25612337421513043,0.6301379925295945,0.3490173424036643,-5472.136417657559,-4275.346886738671,0.0,0.4444444444444444,0.0,0.8
10.616666666666667,9.12481910405604,2.376239570869023,9.429148327389377,2.4871484797005565,-0.6938361295380469,-0.46399999999999997,-1.9566274045609957,-1.311645726067808,145.13591963925444,-96.36958017851855,0.2547567214908865,0.6280319438217522,0.34840217378641886,-5466.187676160493,-4271.133379974079,0.0,0.4444444444444444,0.0,0.8
10.633333333333333,9.092423354758438,2.3545447997219013,9.392339627380078,2.475539825823823,-0.6965192326039963,-0.46399999999999997,-1.943744957856134,-1.3016862688273,144.9925210907069,-96.30680030235477,0.25339065973155056,0.6259243645024791,0.3477898642070375,-5460.183162938814,-4266.928422983063,0.0,0.4444444444444444,0.0,0.8
10.65,9.060242771924894,2.3330149854009594,9.355798095743769,2.4638865929794354,-0.6991939706632517,-0.46399999999999997,-1.9308349700126066,-1.2917888592565117,144.8505066581747,-96.24241042772472,0.25202519107065996,0.623815383333665,0.34718029801952605,-5454.122749356828,-4262.731354768475,0.0,0.4444444444444444,0.0,0.8
10.666666666666666,9.028277820145307,2.311649059539173,9.319523688053808,2.4521889306063893,-0.7018597423827672,-0.46399999999999997,-1.917897106775186,-1.281955551707167,144.70989272479227,-96.17642785420134,0.2506603138875619,0.6217051268514422,0.3465733545783926,-5448.006309488924,-4258.541471320365,0.0,0.4444444444444444,0.0,0.8
10.683333333333334,8.996528969167178,2.2904459222979754,9.283516360519632,2.4404469980545973,-0.7045159531075249,-0.46399999999999997,-1.904931058687733,-1.2721882344718578,144.57069552016486,-96.10887011424232,0.24929602303319387,0.6195937195203224,0.3459689085304313,-5441.833720548674,-4254.358027243366,0.0,0.4444444444444444,0.0,0.8
10.7,8.964996693461957,2.269404445140056,9.247776070461766,2.4286609644654313,-0.7071620153499495,-0.46399999999999997,-1.8919365423132608,-1.2624886294751647,144.43293111582048,-96.0397549722414,0.24793231006415742,0.6174812838949443,0.34536683011464625,-5435.604863358974,-4250.1802374720655,0.0,0.4444444444444444,0.0,0.8
10.716666666666667,8.933681471771077,2.2485234736017508,9.21230277674393,2.4168310086443556,-0.70979734926455,-0.46399999999999997,-1.8789133014527772,-1.2528582922983125,144.29661542063528,-95.96910042348354,0.2465691634845521,0.6153679407889584,0.3447669854697085,-5429.319622863749,-4246.007279070259,0.0,0.4444444444444444,0.0,0.8
10.733333333333333,8.902583786631718,2.227801830059508,9.17709644016093,2.4049573189259017,-0.7124213831072395,-0.46399999999999997,-1.8658611083615289,-1.2432986125345673,144.16176417623552,-95.89692469300225,0.24520656899501897,0.6132538094505577,0.3441692369483218,-5422.977888681653,-4241.83829310982,0.0,0.4444444444444444,0.0,0.8
10.75,8.871704123882365,2.2072383164849776,9.142157023781138,2.3930400930312543,-0.7150335536788315,-0.46399999999999997,-1.8527797649611268,-1.233810814471843,144.0283929523788,-95.82324623433723,0.24384450974842134,0.6111390077441321,0.3435734434378644,-5416.57955570199,-4237.672386624809,0.0,0.4444444444444444,0.0,0.8
10.766666666666666,8.841042972148266,2.1868317171833414,9.107484493242428,2.3810795379187164,-0.7176333067522641,-0.46399999999999997,-1.8396691040459388,-1.2243959580981745,143.8965171423173,-95.74808372819054,0.2424829666115753,0.6090236523375061,0.3429794606866624,-5410.124524722993,-4233.508634636272,0.0,0.4444444444444444,0.0,0.8
10.783333333333333,8.810600822306899,2.1665808015095918,9.073078817000598,2.3690758696273306,-0.7202200974831534,-0.46399999999999997,-1.826528990482003,-1.215054940424972,143.76615195814645,-95.67145608097962,0.24112191843242434,0.6069078588941974,0.3423871416352415,-5403.61270313244,-4229.346082243114,0.0,0.4444444444444444,0.0,0.8
10.8,8.780378166933623,2.146484326557554,9.038939966529366,2.3570293131139417,-0.7227933908033306,-0.46399999999999997,-1.8133593223966022,-1.2057884971222652,143.63731242614165,-95.59338242328572,0.2397613423120387,0.6047917422701106,0.34179633675189613,-5397.044005630387,-4225.18374677432,0.0,0.4444444444444444,0.0,0.8
10.816666666666666,8.750375499727681,2.1265410398165643,9.005067916471178,2.3449401020839904,-0.725352661797067,-0.46399999999999997,-1.8001600323565252,-1.1965972044593878,143.5100133820864,-95.51388210819603,0.23840121388080668,0.6026754167140663,0.34120689437191243,-5390.418354993709,-4221.020619997721,0.0,0.4444444444444444,0.0,0.8
10.833333333333334,8.7205933149188,2.106749681790831,8.97146264473816,2.332808478816328,-0.7278973960597415,-0.46399999999999997,-1.7869310885329353,-1.1874814815439878,143.3842694665955,-95.43297470953837,0.23704150757817283,0.6005589960715448,0.3406186610397712,-5383.735682881909,-4216.855670380459,0.0,0.4444444444444444,0.0,0.8
10.85,8.691032106654621,2.0871089885766403,8.938124132562653,2.3206346939823486,-0.7304270900387532,-0.46399999999999997,-1.7736724958506653,-1.1784415928514518,143.260095120436,-95.35068002000705,0.23568219693526798,0.5984425939910132,0.3400314818536614,-5376.995930683539,-4212.687845396236,0.0,0.4444444444444444,0.0,0.8
10.866666666666667,8.661692368369293,2.0676176943927,8.905052364496946,2.3084190064597396,-0.7329412513565342,-0.46399999999999997,-1.76038429711965,-1.1694776510364244,143.13750457985023,-95.26701804917862,0.23432325485976735,0.5963263241321858,0.3394452008116277,-5370.1990504023615,-4208.516073874442,0.0,0.4444444444444444,0.0,0.8
10.883333333333333,8.632574592133524,2.048274534059078,8.872247328361864,2.296161683141147,-0.7354393991155593,-0.46399999999999997,-1.7470665741461302,-1.160589620017312,143.0165118718836,-95.18200902141675,0.23296465392230498,0.5942103003755606,0.3388596611586782,-5363.345005582229,-4204.33926838619,0.0,0.4444444444444444,0.0,0.8
10.9,8.603679267986506,2.0290782454203398,8.839709015144045,2.2838629987380585,-0.7379210641852978,-0.46399999999999997,-1.7337194488211596,-1.151777318324286,142.89713080972152,-95.09567337366497,0.23160636664376835,0.5920946370325632,0.33827470573417934,-5356.4337722694945,-4200.156327662349,0.0,0.4444444444444444,0.0,0.8
10.916666666666666,8.575006883250108,2.0100275717086613,8.80743741884186,2.271523235580207,-0.7403857894710973,-0.46399999999999997,-1.7203430841838876,-1.143040422700719,142.77937498803863,-95.00803175312673,0.23024836578279118,0.5899794490556204,0.337690177318867,-5349.465340011541,-4195.966139038603,0.0,0.4444444444444444,0.0,0.8
10.933333333333334,8.546557921825825,1.9911212638428697,8.775432536260022,2.25914268341079,-0.7428331301650299,-0.46399999999999997,-1.7069376854569902,-1.1343784719474943,142.66325777836454,-94.91910501483198,0.228890624622761,0.587864852247482,0.3371059189808076,-5342.439712889877,-4191.767580922646,0.0,0.4444444444444444,0.0,0.8
10.95,8.518332863474965,1.9723580826595493,8.74369436675311,2.24672163917781,-0.7452626539787712,-0.46399999999999997,-1.6935035010516024,-1.1257908709992313,142.54879232446962,-94.82891421908971,0.22753311725765715,0.5857509634691044,0.3365217744196471,-5335.356910586045,-4187.559525278643,0.0,0.4444444444444444,0.0,0.8
10.966666666666667,8.490332183082648,1.953736801072532,8.712222911918294,2.234260406821833,-0.7476739413586228,-0.46399999999999997,-1.6800408235389988,-1.117276895221039,142.43599153777467,-94.73748062882612,0.22617581887603463,0.5836379008454073,0.33593758830849285,-5328.216969478413,-4183.340840124077,0.0,0.4444444444444444,0.0,0.8
10.983333333333333,8.46255634990621,1.9352562061572978,8.681018175237755,2.2217592970604527,-0.7500665856828229,-0.46399999999999997,-1.6665499905862742,-1.1088356949140517,142.32486809278888,-94.64482570680815,0.22481870604247167,0.581525783968217,0.33535320663278,-5321.0199437677165,-4179.110392034239,0.0,0.4444444444444444,0.0,0.8
11.0,8.435005826808657,1.9169151011570036,8.650080161671323,2.209218627169764,-0.7524401934413256,-0.46399999999999997,-1.653031385853199,-1.100466300017649,142.2154344225794,-94.5509711127522,0.2234617569758031,0.5794147340957078,0.33476847702548335,-5313.765906629071,-4174.867048649607,0.0,0.4444444444444444,0.0,0.8
11.016666666666666,8.407681069477867,1.898712307407071,8.619408877200081,2.1966387207631266,-0.7547943843982577,-0.46399999999999997,-1.639485439847423,-1.0921676249959482,142.1077027142771,-94.45593870031814,0.22210495182346632,0.5773048743476643,0.3341832490980441,-5306.45495138796,-4170.609681181448,0.0,0.4444444444444444,0.0,0.8
11.033333333333333,8.380582525632281,1.8806466661754715,8.589004328321767,2.184019907567505,-0.7571287917372953,-0.46399999999999997,-1.6259126307351792,-1.0839384738959756,142.00168490462232,-94.35975051398886,0.22074827293129382,0.5751963298958862,0.33359737476639245,-5299.087192717544,-4166.337166911055,0.0,0.4444444444444444,0.0,0.8
11.05,8.35371063421387,1.8627170404160631,8.558866521498876,2.1713625231976676,-0.7594430621902254,-0.46399999999999997,-1.6123134851046264,-1.075777545564498,141.89739267555456,-94.26242878583551,0.21939170510809458,0.5730892281490723,0.33301070857145876,-5291.6627678544455,-4162.048391678096,0.0,0.4444444444444444,0.0,0.8
11.066666666666666,8.327065824569221,1.8449223164325539,8.528995462560614,2.158666908928518,-0.7617368561489841,-0.46399999999999997,-1.5986885786789744,-1.067683439010552,141.7948374498505,-94.16399593216919,0.21803523588437665,0.5709836989315273,0.33242310799357666,-5284.181837830026,-4157.742252353639,0.0,0.4444444444444444,0.0,0.8
11.083333333333334,8.300648515619612,1.8272614054508822,8.49939115605985,2.1459334114658266,-0.7640098477614843,-0.46399999999999997,-1.5850385369765667,-1.0596546589003015,141.69403038681418,-94.0644745500796,0.2166788557645753,0.5688798746550501,0.3318344337601977,-5276.644588713937,-4153.417659293492,0.0,0.4444444444444444,0.0,0.8
11.1,8.274459115021028,1.8097332450980346,8.470053604586433,2.133162382715634,-0.7662617250115639,-0.46399999999999997,-1.5713640359150898,-1.051689621170862,141.59498237802353,-93.96388741386157,0.21532255847216308,0.5667778904833753,0.33124455014634974,-5269.051232866657,-4149.073538767596,0.0,0.4444444444444444,0.0,0.8
11.116666666666667,8.248498018315075,1.7923368007855418,8.440982808038283,2.120354179552577,-0.7684921897834046,-0.46399999999999997,-1.557665802357147,-1.0437866587495694,141.49770404313733,-93.86225747133044,0.21396634118703434,0.5646778844885615,0.33065332526728625,-5261.402010197482,-4144.708835361285,0.0,0.4444444444444444,0.0,0.8
11.133333333333333,8.222765608071834,1.7750710669961232,8.412178762851852,2.1075091635873973,-0.7707009579107841,-0.46399999999999997,-1.5439446145944646,-1.0359440273651188,141.4022057257667,-93.75960784002741,0.2126102047745713,0.5625799977987307,0.3300606313627917,-5253.6971894243325,-4140.322514344334,0.0,0.4444444444444444,0.0,0.8
11.15,8.1972622530257,1.7579350684721746,8.383641461193593,2.094627700933872,-0.7728877592115365,-0.46399999999999997,-1.5302013027680488,-1.0281599114369149,141.3084974894149,-93.65596180331639,0.2112541540058179,0.5604843747365963,0.3294663450726223,-5245.937069331613,-4135.913564003772,0.0,0.4444444444444444,0.0,0.8
11.166666666666666,8.17198830720534,1.7409278613050247,8.355370890114267,2.081710161975412,-0.775052337507607,-0.46399999999999997,-1.5164367492217132,-1.0204324300289969,141.21658911348993,-93.55134280637353,0.20989819776820573,0.5583911629482279,0.3288703477025828,-5238.1219800221725,-4131.480997936593,0.0,0.4444444444444444,0.0,0.8
11.183333333333334,8.146944109058898,1.7240485339241094,8.327367030667938,2.0687569211315604,-0.7771944506310922,-0.46399999999999997,-1.502651888786426,-1.0127596428549204,141.12649008939343,-93.4457744520715,0.20854234926629733,0.5563005135215379,0.3282725254807547,-5230.252284159359,-4127.023857298519,0.0,0.4444444444444444,0.0,0.8
11.2,8.12212998057568,1.7072962079854432,8.299629856997706,2.055768356624616,-0.7793138704166643,-0.46399999999999997,-1.4888477089930818,-1.0051395563199677,141.03820961668987,-93.33928049675998,0.2071866262120343,0.5542125810939934,0.32767276980341264,-5222.328378194987,-4122.541213005106,0.0,0.4444444444444444,0.0,0.8
11.216666666666667,8.097546226405491,1.6906700391589904,8.272159335390226,2.0427448502466032,-0.7814103826807817,-0.46399999999999997,-1.4750252502113363,-0.9975701295871771,140.95175659936018,-93.2318848459446,0.2058310510040008,0.5521275239490926,0.32707097747018665,-5214.350693578974,-4118.032167881573,0.0,0.4444444444444444,0.0,0.8
11.233333333333333,8.073193132976952,1.6741692178147614,8.244955423301251,2.029686787126802,-0.7834837871880844,-0.46399999999999997,-1.461185605712313,-0.9900492806537446,140.86713964214323,-93.12361154986645,0.20447565089523792,0.5500455041011706,0.3264670509080462,-5206.319697946308,-4113.495858757803,0.0,0.4444444444444444,0.0,0.8
11.25,8.049070967616068,1.6577929696076865,8.21801806835447,2.0165945555000455,-0.7855338976053816,-0.46399999999999997,-1.4473299216530773,-0.9825748924244913,140.78436704696907,-93.01448479898438,0.20312045814917082,0.5479666873681368,0.3258608983837048,-5198.2358962769185,-4108.931458505095,0.0,0.4444444444444444,0.0,0.8
11.266666666666666,8.025179977666385,1.6415405559615328,8.191347207316019,2.003468546475985,-0.7875605414436251,-0.46399999999999997,-1.4334593969809353,-0.9751448187692207,140.70344680948745,-92.90452891936278,0.201765510183237,0.5458912434317774,0.32525243420406774,-5190.09983202397,-4104.338178011288,0.0,0.4444444444444444,0.0,0.8
11.283333333333333,8.001520389612123,1.6254112744523503,8.164942765047122,1.9903091538095141,-0.7895635599882688,-0.46399999999999997,-1.4195752832557231,-0.967756890550949,140.62438661569524,-92.79376836796719,0.20041084969983405,0.5438193458852932,0.32464157890436485,-5181.912088206054,-4099.715268091016,0.0,0.4444444444444444,0.0,0.8
11.3,7.978092408205649,1.6094044590921466,8.1388046534374,1.9771167736725408,-0.791542808218402,-0.46399999999999997,-1.4056788843884491,-0.9604089216122196,140.54719383866612,-92.6822277278709,0.1990565248042341,0.541751172267781,0.3240282594236368,-5173.673288458731,-4095.0620213279262,0.0,0.4444444444444444,0.0,0.8
11.316666666666666,7.954896215600736,1.593519480513698,8.112932770321443,1.9638918044272902,-0.7934981547150413,-0.46399999999999997,-1.3917715562947885,-0.9530987147069059,140.47187553538578,-92.56993170337505,0.1977025891091433,0.5396869040854049,0.32341240926726694,-5165.384098040823,-4090.3777738457734,0.0,0.4444444444444444,0.0,0.8
11.333333333333334,7.931931970493034,1.5777557460576128,8.087326998381315,1.9506346464013076,-0.7954294815589563,-0.46399999999999997,-1.3778547064621063,-0.9458240673651197,140.398438443696,-92.45690511504577,0.19634910182561718,0.5376267268190432,0.32279396865627463,-5157.0452247909225,-4085.661907005405,0.0,0.4444444444444444,0.0,0.8
11.35,7.90919980726922,1.56211269976296,8.061987204037736,1.9373457016643343,-0.7973366842183973,-0.46399999999999997,-1.363929793428875,-0.9385827776791693,140.32688897935049,-92.34317289467118,0.1949961278400757,0.5355708299182403,0.3221728846631122,-5148.657420029533,-4080.9138490247574,0.0,0.4444444444444444,0.0,0.8
11.366666666666667,7.886699835166294,1.5465898222629813,8.036913236332683,1.9240253738072162,-0.7992196714270815,-0.46399999999999997,-1.3499983261755453,-0.9313726499987274,140.25723323318556,-92.22876008014184,0.19364373777719543,0.5335194067813298,0.3215491113337354,-5140.221479402372,-4076.1330765190587,0.0,0.4444444444444444,0.0,0.8
11.383333333333333,7.864432137442525,1.5311866305875854,8.01210492580626,1.910674067723003,-0.8010783650527856,-0.46399999999999997,-1.3360618634261205,-0.9241915005237482,140.18947696840843,-92.11369181025808,0.19229200804849195,0.531472654721644,0.3209226097957397,-5131.738243660347,-4071.319115958527,0.0,0.4444444444444444,0.0,0.8
11.4,7.8423967705615265,1.5159026778745206,7.987562083370682,1.8972921893903882,-0.8029126999568815,-0.46399999999999997,-1.322122012859893,-0.9170371627838856,140.12362561800563,-91.99799331946777,0.19094102088644072,0.5294307749197641,0.3202933483523878,-5123.208599371864,-4066.4715450409844,0.0,0.4444444444444444,0.0,0.8
11.416666666666666,7.820593763390976,1.500737552991293,7.963284499184248,1.883880145659636,-0.8047226238451399,-0.46399999999999997,-1.3081804302330355,-0.9099074929936588,140.05968428227428,-91.88168993253831,0.18959086436402184,0.5273939723618112,0.31966130256237635,-5114.63347956318,-4061.5899939768524,0.0,0.4444444444444444,0.0,0.8
11.433333333333334,7.7990231164174775,1.4856908800700788,7.93927194152824,1.870438344041134,-0.8065080971101158,-0.46399999999999997,-1.2942388184099238,-0.9028003752728457,139.9976577264783,-91.76480705916659,0.1882416323996102,0.5253624557638218,0.31902645530522244,-5106.01386428265,-4056.6741466841586,0.0,0.4444444444444444,0.0,0.8
11.45,7.777684800979071,1.4707623179580445,7.915524155689639,1.8569671924967104,-0.8082690926654187,-0.46399999999999997,-1.2802989263043445,-0.8957137267220565,139.93755037863207,-91.64737018853091,0.18689342474717166,0.5233364374822981,0.31838879683217536,-5097.350781084846,-4051.7237418912455,0.0,0.4444444444444444,0.0,0.8
11.466666666666667,7.7565787585168895,1.4559515595856474,7.892040862852605,1.8434670992338411,-0.8100055957721582,-0.46399999999999997,-1.266362547730926,-0.8886455023438202,139.87936632741298,-91.52940488378887,0.1855463469717622,0.5213161334110651,0.317748324802593,-5088.645305430723,-4046.738574145018,0.0,0.4444444444444444,0.0,0.8
11.483333333333333,7.735704899847432,1.441258331255649,7.868821759001623,1.8299384725028771,-0.8117176038578453,-0.46399999999999997,-1.2524315201674108,-0.8815936997998941,139.8231093202054,-91.4109367765252,0.18420051041036758,0.5193017628646135,0.31710504430574693,-5079.898561000112,-4041.7184947226433,0.0,0.4444444444444444,0.0,0.8
11.5,7.715063104456956,1.4266823918557143,7.845866513839255,1.8163817203974102,-0.8134051263280176,-0.46399999999999997,-1.2385077234286,-0.8745563639960867,139.76878276127695,-91.29199156115396,0.18285603211815712,0.5172935484481506,0.3164589678680552,-5071.1117199131095,-4036.6634124447964,0.0,0.4444444444444444,0.0,0.8
11.516666666666666,7.694653219819405,1.412223531997612,7.823174769721366,1.802797250657896,-0.8150681843708488,-0.46399999999999997,-1.224593078253064,-0.8675315914861352,139.71638971008935,-91.17259498927908,0.1815130348002667,0.5152917159146259,0.31581011544576826,-5062.286002857096,-4031.5732943886132,0.0,0.4444444444444444,0.0,0.8
11.533333333333333,7.674475060739339,1.3978815730861636,7.800746140612699,1.789185470478646,-0.8167068107549899,-0.46399999999999997,-1.2106895448039592,-0.860517534686907,139.6659328797442,-91.05277286401768,0.18017164672926264,0.5132964940090404,0.31515851440316706,-5053.422679116378,-4026.448166498696,0.0,0.4444444444444444,0.0,0.8
11.55,7.654528408721247,1.3836563663212063,7.778580211065631,1.775546786318298,-0.8183210496208827,-0.46399999999999997,-1.196799121085528,-0.8535124058974422,139.61741463556558,-90.93255103429058,0.17883200164847768,0.5113081143003914,0.31450419947636077,-5044.523066501706,-4021.2881140946206,0.0,0.4444444444444444,0.0,0.8
11.566666666666666,7.634813011366628,1.369547791635955,7.756676535224869,1.7618816037138685,-0.819910956265779,-0.46399999999999997,-1.1829238412771421,-0.8465144811150731,139.57083699381982,-90.8119553890841,0.1774942386614491,0.509326811001645,0.31384721272280525,-5035.588531177198,-4016.093282273581,0.0,0.4444444444444444,0.0,0.8
11.583333333333334,7.615328581800179,1.3555557565752507,7.735034635860852,1.7481903270984904,-0.8214765969226876,-0.46399999999999997,-1.1690657739869494,-0.8395221036422598,139.52620162057315,-90.69101185168793,0.1761585021077255,0.5073528207781726,0.3131876034566916,-5026.6204873825145,-4010.863876206932,0.0,0.4444444444444444,0.0,0.8
11.6,7.596074798126387,1.3416801951172783,7.713654003434479,1.7344733596229327,-0.8230180485334692,-0.46399999999999997,-1.1552270204274995,-0.832533687478346,139.4835098306881,-90.56974637391319,0.1748249414253481,0.5053863825451188,0.3125254281703875,-5017.620397048412,-4005.6001613295743,0.0,0.4444444444444444,0.0,0.8
11.616666666666667,7.577051302917789,1.3279210664424275,7.692534095195793,1.7207311029809944,-0.8245353985162918,-0.46399999999999997,-1.1414097125159037,-0.8255477204910564,139.4427625869583,-90.4481849302953,0.17349371100034686,0.5034277372542134,0.3118607504421434,-5008.589769304157,-4000.302463421289,0.0,0.4444444444444444,0.0,0.8
11.633333333333333,7.558257702736099,1.314278353653044,7.671674334319108,1.7069639572388668,-0.8260287445276561,-0.46399999999999997,-1.1276160109013849,-0.8185627673630114,139.40396049938244,-90.326353512286,0.17216497000363024,0.501477127670571,0.31119364083030815,-4999.530159875628,-3994.9711685793336,0.0,0.4444444444444444,0.0,0.8
11.65,7.539693567687378,1.30075206244789,7.65107410907703,1.693172320668547,-0.8274981942191958,-0.46399999999999997,-1.1138481029232783,-0.8115774723092359,139.36710382457642,-90.204278122439,0.17083888221567997,0.49953479814005597,0.3105241767543259,-4990.4431703732835,-3989.60672308177,0.0,0.4444444444444444,0.0,0.8
11.666666666666666,7.521358431012331,1.2873422197551876,7.630732772055675,1.6793565895853892,-0.8289438649894583,-0.46399999999999997,-1.1001082005028036,-0.8045905615621507,139.33219246532428,-90.0819847685936,0.16951561583949798,0.49760099434782384,0.30985244236282206,-4981.330447469538,-3984.209633141214,0.0,0.4444444444444444,0.0,0.8
11.683333333333334,7.503251788712795,1.2740488723281687,7.610649639413342,1.665517158189875,-0.830365883730868,-0.46399999999999997,-1.0863985379721293,-0.7976008456211314,139.29922597026655,-89.95949945806063,0.16819534330228414,0.49567596306867756,0.30917852838910737,-4972.1936819654875,-3978.7804645489105,0.0,0.4444444444444444,0.0,0.8
11.7,7.485373099215387,1.2608720853070952,7.59082399018473,1.6516544184136737,-0.8317643865720777,-0.46399999999999997,-1.0727213698445086,-0.79060722126441,139.26820353372577,-89.83684819181516,0.1668782410463554,0.49375995190990535,0.30850253199446837,-4963.034607747291,-3973.319842209226,0.0,0.4444444444444444,0.0,0.8
11.716666666666667,7.467721783073229,1.2478119407517356,7.571255065632713,1.6377687597700752,-0.8331395186159128,-0.46399999999999997,-1.0590789685294477,-0.7836086733215684,139.23912399566808,-89.71405695870007,0.16556448930984646,0.49185320904729235,0.30782455659963126,-4953.855000632946,-3967.828449564914,0.0,0.4444444444444444,0.0,0.8
11.733333333333333,7.450297222706611,1.2348685361483083,7.551942068649555,1.6238605692088566,-0.8344914336731172,-0.46399999999999997,-1.0454736219970784,-0.7766042762056413,139.2119858417998,-89.59115172964479,0.16425427189776068,0.489955982955018,0.307144711704821,-4944.656677110544,-3962.307027913701,0.0,0.4444444444444444,0.0,0.8
11.75,7.433098762183342,1.2220419828949025,7.5328841632092844,1.6099302309756547,-0.8358202939921139,-0.46399999999999997,-1.0319076313961235,-0.7695931952043482,139.18678720379748,-89.46815845190334,0.16294777594396598,0.4880685221301728,0.30646311269886134,-4935.441492969549,-3956.7563756170034,0.0,0.4444444444444444,0.0,0.8
11.766666666666666,7.41612570703951,1.2093324047693919,7.514080473872873,1.5959781264759048,-0.8371262699849976,-0.46399999999999997,-1.0183833086299812,-0.7625746875306412,139.16352585967036,-89.34510304331562,0.1616451916647555,0.4861910748126442,0.3057798806577869,-4926.21134182701,-3951.1773472018376,0.0,0.4444444444444444,0.0,0.8
11.783333333333333,7.399377324141248,1.196739936383835,7.495530085347646,1.582004634143405,-0.838409539949983,-0.46399999999999997,-1.004902973895667,-0.7555481031334121,139.14219923425296,-89.22201138659608,0.16034671210461535,0.4843238887011345,0.3050951421334649,-4916.9681535510235,-3945.570852357195,0.0,0.4444444444444444,0.0,0.8
11.8,7.382852841588074,1.1842647216293392,7.477232042102272,1.5680101293135629,-0.8396702897905387,-0.46399999999999997,-0.9914689531904723,-0.74851288526974,139.12280439982644,-89.09890932365339,0.15905253287486232,0.4824672106660861,0.30440902893274685,-4907.71389258419,-3939.9378548264626,0.0,0.4444444444444444,0.0,0.8
11.816666666666666,7.3665514486582175,1.1719069121153272,7.459185348038495,1.553994984101372,-0.8409087127314459,-0.46399999999999997,-0.9780835757913637,-0.7414685708407234,139.10533807686642,-88.97582264994503,0.1577628518858327,0.48062128646029556,0.30372167788769233,-4898.450556170152,-3934.2793711976947,0.0,0.4444444444444444,0.0,0.8
11.833333333333334,7.350472295796346,1.1596666656071009,7.4413889662206145,1.5399595672841715,-0.8421250090320274,-0.46399999999999997,-0.9647491717122543,-0.7344147904935729,139.08979663491522,-88.85277710887038,0.15647786907331995,0.4787863604280049,0.30303323061742926,-4889.180172486734,-3928.5964695938105,0.0,0.4444444444444444,0.0,0.8
11.85,7.33461449464394,1.147544144465548,7.423841818663578,1.5259042441892248,-0.8433193856968034,-0.46399999999999997,-0.9514680691443922,-0.7273512684931669,139.07617609357604,-88.72979838620576,0.1551977861199726,0.47696267521325936,0.3023438332822334,-4879.9047986895375,-3922.8902682650587,0.0,0.4444444444444444,0.0,0.8
11.866666666666667,7.31897711811252,1.135539514092766,7.406542786180384,1.5118293765861608,-0.8444920561838387,-0.46399999999999997,-0.9382425918852092,-0.7202778223669224,139.06447212362664,-88.60691210458481,0.15392280617237475,0.47515047146832057,0.3016536363304276,-4870.62651887024,-3917.161934086357,0.0,0.4444444444444444,0.0,0.8
11.883333333333333,7.303559200499836,1.12365294138731,7.389490708289317,1.4977353225843097,-0.845643240111056,-0.46399999999999997,-0.9250750567610346,-0.7131943623273651,139.05468004825,-88.48414381802743,0.15265313355454133,0.47334998756291957,0.3009627942387188,-4861.347441934164,-3911.4126809623845,0.0,0.4444444444444444,0.0,0.8
11.9,7.288359737649017,1.1118845932126868,7.372684383181406,1.483622436534963,-0.8467731629608007,-0.46399999999999997,-0.9119677710491386,-0.7061008904773924,139.0467948443788,-88.36151900652041,0.15138897347856595,0.4715614592951272,0.3002714652466029,-4852.069699402026,-3905.64376814353,0.0,0.4444444444444444,0.0,0.8
11.916666666666666,7.2733776871506075,1.1002346348826253,7.356122567748285,1.4694910689385805,-0.8478820557829537,-0.46399999999999997,-0.8989230299046095,-0.6989974998036894,139.04081114415155,-88.23906307065246,0.15013053175316365,0.46978511960461095,0.29957981108548276,-4842.795443141103,-3899.856498456127,0.0,0.4444444444444444,0.0,0.8
11.933333333333334,7.2586119685873145,1.0887032286665526,7.3398039776705195,1.4553415663569655,-0.8489701548968952,-0.46399999999999997,-0.885943113797579,-0.6918843729643616,139.03672323647643,-88.11680132630674,0.14887801449085203,0.4680211982890317,0.2988879967031529,-4833.526843031287,-3894.052216450588,0.0,0.4444444444444444,0.0,0.8
11.95,7.244061463821209,1.0772905323185973,7.3237272875662685,1.4411742713304216,-0.8500377015926376,-0.46399999999999997,-0.8730302859663094,-0.6847617808773112,139.03452506870065,-87.99475899941312,0.14763162781451244,0.4662699217243222,0.29819618998431496,-4824.266084571867,-3888.232306471344,0.0,0.4444444444444444,0.0,0.8
11.966666666666667,7.229725017323015,1.0659966976333253,7.3078911311999875,1.4269895222998974,-0.8510849418314518,-0.46399999999999997,-0.8601867898916402,-0.6776300811163161,139.0342102483814,-87.87296122076289,0.14639157756407076,0.4645315125895667,0.29750456146779275,-4815.0153664349855,-3882.398190652723,0.0,0.4444444444444444,0.0,0.8
11.983333333333333,7.215601436543045,1.0548218690312863,7.292294101750745,1.4127876535341253,-0.8521121259463215,-0.46399999999999997,-0.8474148467982306,-0.6704897161223426,139.03577204515568,-87.75143302088794,0.14515806900402844,0.46280618959718445,0.2968132840611216,-4805.776897972078,-3876.5513268451205,0.0,0.4444444444444444,0.0,0.8
12.0,7.194791591809909,1.0419764954448476,7.269851516134156,1.3985469328485776,-0.8544432411328601,-0.5389999999999999,-1.24859068398815,-0.7707224151863201,139.03921574922063,-87.63031777696831,0.14382376905616903,0.5356130254093652,0.29639010596685744,-5148.830240463886,-3872.964304227536,0.0,0.4444444444444444,0.0,1.0
12.016666666666666,7.170541586397665,1.0290244127367183,7.244001510509677,1.3842649626462722,-0.8569182121383228,-0.58,-1.4550003247346424,-0.777124962487763,139.04452597769665,-87.50970125517186,0.14253406172718674,0.5743645695728902,0.2961094018491606,-5296.163857628709,-3870.581693782841,0.0,0.4444444444444444,0.0,1.0
12.033333333333333,7.146517175910579,1.0161474163897082,7.218397558836753,1.3699424295798848,-0.859351983983248,-0.58,-1.4414646292251705,-0.7726197808206114,139.05169355504103,-87.3896083324418,0.14124101822607718,0.5721188612446516,0.2958204230337129,-5288.22279262898,-3868.1261360992517,0.0,0.4444444444444444,0.0,1.0
12.05,7.122719286660676,1.003343547915588,7.19304026901781,1.3555800154611315,-0.8617448471251996,-0.58,-1.4278733549941816,-0.7682321084472017,139.06070892876986,-87.2700637902512,0.13994444586159543,0.5698758389156379,0.2955228719952142,-5280.2205712046,-3865.594860933605,0.0,0.4444444444444444,0.0,1.0
12.066666666666666,7.0991488355216115,0.9906110176280721,7.167930271503343,1.341178396815971,-0.8640971187096329,-0.58,-1.4142270683438718,-0.7639518172509572,139.07156216933154,-87.15109230652196,0.13864417387428427,0.5676354595353642,0.2952164754936058,-5272.156771971564,-3862.9852859892744,0.0,0.4444444444444444,0.0,1.0
12.083333333333334,7.0758067274668575,0.977948203109144,7.143068215580028,1.326738244465983,-0.8664091409992785,-0.58,-1.4005264832852518,-0.7597688711356856,139.08424297022708,-87.03271844753232,0.13734005373920288,0.5653976988845318,0.294900984716174,-5264.031038419682,-3860.295018505829,0.0,0.4444444444444444,0.0,1.0
12.1,7.052693853104569,0.9653536473342498,7.118454765610337,1.312260223135612,-0.8686812798222603,-0.58,-1.3867724617373414,-0.7556733464936496,139.09874064837743,-86.91496665982268,0.13603195941302304,0.5631625518868514,0.2945761753710488,-5255.843083053874,-3857.521856525485,0.0,0.4444444444444444,0.0,1.0
12.116666666666667,7.0298110862143055,0.9528260564689196,7.094090597232859,1.2977449910849168,-0.8709139230417058,-0.58,-1.3729660134158117,-0.7516554519198131,139.1150441447387,-86.79786126210955,0.1347197875254306,0.5609300328596675,0.2942418477326523,-5247.592691424215,-3854.6637898455083,0.0,0.4444444444444444,0.0,1.0
12.133333333333333,7.0071592812907815,0.9403642973496779,7.06997639353269,1.283193199767427,-0.8731074790493861,-0.58,-1.35910829541143,-0.7477055471545038,139.13314202516494,-86.68142643721717,0.13340345751486965,0.5587001757031842,0.2938978266396852,-5239.279726031313,-3851.7190006650226,0.0,0.4444444444444444,0.0,1.0
12.15,6.984739271099792,0.9279673946623761,7.046112841191243,1.2686054935126652,-0.8752623752857159,-0.58,-1.3452006114593988,-0.7438141612381051,139.15302248151767,-86.56568622403654,0.13208291170876574,0.5564730340282428,0.29354396144628575,-5230.904130093527,-3848.685863934049,0.0,0.4444444444444444,0.0,1.0
12.166666666666666,6.962551864251434,0.9156345278313301,7.022500626624965,1.2539825092328611,-0.8773790567882407,-0.58,-1.331244410901459,-0.7399720098627549,139.1746733330215,-86.45066450952152,0.13075811534846632,0.5542486812227638,0.29318012592703313,-5222.465931162605,-3845.562947411927,0.0,0.4444444444444444,0.0,1.0
12.183333333333334,6.940597842795713,0.903365027632877,6.999140432122408,1.2393248761533522,-0.8794579847705419,-0.58,-1.31724128734328,-0.7361700119071903,139.1980820278639,-86.33638502073129,0.12942905655924192,0.5520272104571261,0.2928062181365151,-5213.965244574332,-3842.3490114416154,0.0,0.4444444444444444,0.0,1.0
12.2,6.91887795984554,0.8911583725471758,6.976032931989162,1.2246332155661304,-0.8814996352333054,-0.58,-1.303192977010352,-0.7323993051420681,139.22323564503714,-86.2228713169289,0.12809574626579712,0.5498087346289124,0.29242216022422174,-5205.402276720868,-3839.0430084457007,0.0,0.4444444444444444,0.0,1.0
12.216666666666667,6.897392937232103,0.8790141848622721,6.953178788710123,1.2099081406059784,-0.8835044976091168,-0.58,-1.2891013568062315,-0.7286512610942211,139.25012089642016,-86.11014678174489,0.1267582180538508,0.547593386247618,0.2920278982055828,-5196.777328131641,-3835.6440821493884,0.0,0.4444444444444444,0.0,1.0
12.233333333333333,6.876143463197476,0.866932226544616,6.930578649138539,1.1951502560486054,-0.885473073442378,-0.58,-1.2749684420776042,-0.7249174990593694,139.27872412909727,-85.99823461541516,0.12541652797845493,0.545381317260076,0.2916234016900104,-5188.090796349793,-3832.151566535117,0.0,0.4444444444444444,0.0,1.0
12.25,6.855130190129289,0.854912394890385,6.908233140721239,1.180360158130179,-0.8874058751055756,-0.58,-1.2607963840912202,-0.7211898992538623,139.3090313279102,-85.88715782710214,0.12407075431983644,0.5431726988175192,0.2912086635668698,-5179.343178591451,-3828.564984532971,0.0,0.4444444444444444,0.0,1.0
12.266666666666666,6.834353732342151,0.8429547179720999,6.886142867769337,1.1655384343876294,-0.8893034245529721,-0.58,-1.2465874672283173,-0.7174606150971039,139.34102811823996,-85.77693922730779,0.12272099728766032,0.5409677209853578,0.2907836996503538,-5170.535074175424,-3824.8840464505415,0.0,0.4444444444444444,0.0,1.0
12.283333333333333,6.813814663910438,0.831059349895144,6.864308407783632,1.1506856635190852,-0.8911662521126515,-0.58,-1.2323441059027307,-0.7137220846173511,139.37469976901411,-85.66760142038702,0.12136737867473098,0.5387665923969146,0.2903485482842985,-5161.667186711229,-3821.1086481455386,0.0,0.4444444444444444,0.0,1.0
12.3,6.793513516556949,0.8192265658789005,6.8427303078437705,1.1358024152637902,-0.8929948953177018,-0.58,-1.2180688412093774,-0.7099670409746084,139.41003119593478,-85.55916679716974,0.12001004146126586,0.5365695398525173,0.28990326990804,-5152.740326033871,-3817.238868944055,0.0,0.4444444444444444,0.0,1.0
12.316666666666666,6.773450777601776,0.8074567571773089,6.821409081070084,1.120889250300837,-0.8947898977771899,-0.58,-1.203764337310372,-0.706188522095494,139.44700696492254,-85.45165752769954,0.11864914937099559,0.534376807865511,0.2894479465844762,-5143.755409874241,-3813.274969307184,0.0,0.4444444444444444,0.0,1.0
12.333333333333334,6.753626887975668,0.7957504258537086,6.800345203166841,1.105946720166046,-0.8965518080874594,-0.58,-1.1894333775665236,-0.7023798794160214,139.48561129577067,-85.34509555409653,0.1172848863804648,0.5321886581569004,0.2889826814915659,-5134.713465254646,-3809.217388248454,0.0,0.4444444444444444,0.0,1.0
12.35,6.73404224030196,0.7841081794248843,6.779539109055427,1.09097536718631,-0.8982811787841597,-0.58,-1.1750788604224578,-0.6985347857294562,139.52582806600404,-85.23950258355188,0.11591745618302694,0.5300053691004919,0.2885075983785643,-5125.615629599551,-3805.0667405044755,0.0,0.4444444444444444,0.0,1.0
12.366666666666667,6.714697177051058,0.772530725389258,6.758991189605732,1.0759757244307215,-0.8999785653353084,-0.58,-1.1607037950541281,-0.6946472421375773,139.56764081493657,-85.13490008146088,0.11454708160914676,0.5278272351205486,0.2880228409883669,-5116.463151552486,-3800.823813461153,0.0,0.4444444444444444,0.0,1.0
12.383333333333333,6.695591988771259,0.7610188656541746,6.738701788473758,1.0609483156777952,-0.9016445251755802,-0.58,-1.1463112967879512,-0.6907115841050055,139.61103274792055,-85.03130926470135,0.1131740040047414,0.5256545660441173,0.2875285724474019,-5107.257391490755,-3796.489563837889,0.0,0.4444444444444444,0.0,1.0
12.4,6.6767269123995705,0.7495734908772153,6.71867119905317,1.0458936553980966,-0.9032796167819204,-0.58,-1.131904582301296,-0.6867224866175619,139.65598674078154,-84.92875109506353,0.11179848256940796,0.5234876864103241,0.28702497462458626,-5097.999821730552,-3792.06511413237,0.0,0.4444444444444444,0.0,1.0
12.416666666666666,6.658102129655995,0.7381955747364308,6.698899661548166,1.0308122487515885,-0.9048843987904861,-0.58,-1.117486964614541,-0.6826749684470652,139.70248534443144,-84.82724627283751,0.11042079365649884,0.5213269347390657,0.286512247460931,-5088.692026416055,-3787.551748828743,0.0,0.4444444444444444,0.0,1.0
12.433333333333334,6.639717765524572,0.7268861681443239,6.679387360174745,1.015704591599008,-0.9064594291548344,-0.58,-1.1030618478853693,-0.6785643955264131,139.75051078965237,-84.72681523056353,0.10904123003711676,0.5191726627616514,0.28599060827145095,-5079.335701087096,-3782.9509103723235,0.0,0.4444444444444444,0.0,1.0
12.45,6.621573886824297,0.7156463934203169,6.660134420497002,1.000571170526588,-0.9080052643451914,-0.58,-1.0886327220164769,-0.6743864834404247,139.8000449920443,-84.62747812695035,0.10766010013020799,0.5170252346160646,0.2854602910211079,-5069.9326519211345,-3778.264194914381,0.0,0.4444444444444444,0.0,1.0
12.466666666666667,6.603670500872826,0.7044774384363262,6.641140906904759,0.9854124628834453,-0.9095224585885644,-0.58,-1.0742031570882982,-0.6701372990394416,139.85106955712797,-84.52925484096627,0.10627772720103422,0.5148850260096234,0.28492154557658306,-5060.484794646452,-3773.4933478310177,0.0,0.4444444444444444,0.0,1.0
12.483333333333333,6.586007554245679,0.6933805507499186,6.62240682023835,0.9702289368309556,-0.9110115631493853,-0.58,-1.059776797628835,-0.6658132611844545,139.90356578559584,-84.43216496610701,0.1048944485303994,0.5127524233519172,0.28437463693573894,-5050.99415312472,-3768.6402590207294,0.0,0.4444444444444444,0.0,1.0
12.5,6.568584931633461,0.6823570317393474,6.603932095565965,0.9550210514034505,-0.9124731256503067,-0.58,-1.0453573567331205,-0.6614111406342733,139.9575146787022,-84.3362278048442,0.10351061455709813,0.5106278228609886,0.2838198444366978,-5041.462857602429,-3763.7069579858367,0.0,0.4444444444444444,0.0,1.0
12.516666666666666,6.551402454799373,0.6714082307545634,6.585716600118488,0.939789256579572,-0.913907689432712,-0.58,-1.030948610045272,-0.656928059087039,140.0128969437848,-84.2414623632578,0.10212658799613512,0.5085116296458044,0.28325746094852056,-5031.8931426320005,-3758.695608703677,0.0,0.4444444444444444,0.0,1.0
12.533333333333333,6.534459881639097,0.6605355392980591,6.567760131386241,0.9245339933636314,-0.9153157929564392,-0.58,-1.0165543896165439,-0.652361487390257,140.06969299990914,-84.1478873458552,0.10074274293534023,0.5064042567681275,0.282687792045526,-5022.28734466481,-3753.6085042941727,0.0,0.4444444444444444,0.0,1.0
12.55,6.517756905344878,0.6497403852491345,6.550062415381592,0.9092556938763287,-0.9166979692381667,-0.58,-1.0021785776531553,-0.647709242935476,140.1278829836272,-84.05552115057941,0.09935946391307014,0.5043061242869604,0.2821111551673408,-5012.647899319784,-3748.448061491189,0.0,0.4444444444444444,0.0,1.0
12.566666666666666,6.50129315367541,0.6390242271448735,6.5326231050708,0.8939547814541977,-0.9180547453278559,-0.58,-0.9878251001680998,-0.6429694862556561,140.1874467548418,-83.96438186400812,0.09797714497974562,0.5022176582887675,0.2815278787668148,-5002.977338332719,-3743.2168149258946,0.0,0.4444444444444444,0.0,1.0
12.583333333333334,6.485068188332885,0.6283885485307866,6.515441778977984,0.8786316707571544,-0.9193866418225999,-0.58,-0.9734979205514778,-0.6381407168452133,140.24836390276823,-83.87448725674511,0.09659618874602029,0.5001392899067173,0.2809383014479764,-4993.278286192887,-3737.917411231231,0.0,0.4444444444444444,0.0,1.0
12.6,6.469081504448314,0.6178348523937065,6.498517939963513,0.8632867678835348,-0.9206941724171823,-0.58,-0.9592010330742468,-0.6332217682248045,140.31061375198425,-83.78585477900491,0.0952170054204148,0.4980714543322001,0.28034277109623085,-4983.553456475051,-3732.5526029774146,0.0,0.4444444444444444,0.0,1.0
12.616666666666667,6.453332530175971,0.6073646556891271,6.481851014178571,0.8479204704920246,-0.9219778434906083,-0.58,-0.9449384563405787,-0.6282118022747634,140.37417536856017,-83.698501556391,0.09384001183927622,0.49601458982188024,0.2797416440030341,-4973.805647876407,-3727.1252424493127,0.0,0.4444444444444444,0.0,1.0
12.633333333333333,6.437820626397566,0.5969794839747408,6.465440350197092,0.8325331679298941,-0.923238153727833,-0.58,-0.9307142267043025,-0.6231103028631804,140.43902756626017,-83.61244438586773,0.09246563049193807,0.49396913670352977,0.2791352839872858,-4964.037739969492,-3721.638275277414,0.0,0.4444444444444444,0.0,1.0
12.65,6.422545086536481,0.5866808661614659,6.44928521832566,0.8171252413669629,-0.9244755937758758,-0.58,-0.9165323916651215,-0.6179170687964914,140.50514891280656,-83.52769973192535,0.09109428854395926,0.491935536383866,0.2785240615156992,-4954.252688683465,-3716.0947339349464,0.0,0.4444444444444444,0.0,1.0
12.666666666666666,6.407505136482139,0.5764703293927605,6.433384810091433,0.8016970639347383,-0.9256906459334759,-0.58,-0.9023970032604995,-0.612632206122318,140.57251773619856,-83.44428372293707,0.08972641686131237,0.4899142303615761,0.2779083528244012,-4944.453521527612,-3710.4977311146076,0.0,0.4444444444444444,0.0,1.0
12.683333333333334,6.392699934624318,0.566349394062491,6.4177382379075505,0.7862490008701813,-0.9268837838734137,-0.58,-0.8883121114692427,-0.6072561198161779,140.64111213107728,-83.36221214770696,0.0883624490383707,0.4879056592486593,0.27728853904400974,-4934.643332572187,-3704.8504529990932,0.0,0.4444444444444444,0.0,1.0
12.7,6.378128571996936,0.5563195689810682,6.4023445349149215,0.7707814096635714,-0.9280554723965957,-0.58,-0.8742817576429043,-0.6017895048853665,140.71090996512888,-83.2815004522067,0.08700282043251086,0.4859102618031502,0.27666500533041793,-4924.825277203039,-3699.1561524404874,0.0,0.4444444444444444,0.0,1.0
12.716666666666667,6.363790072530584,0.5463823466989844,6.3872026549987515,0.7552946402099553,-0.9292061672169718,-0.58,-0.8603099679811568,-0.5962333369250237,140.78188888551801,-83.20216373649897,0.08564796720810282,0.48392847397620703,0.2760381400034846,-4915.002566667597,-3693.4181420641926,0.0,0.4444444444444444,0.0,1.0
12.733333333333333,6.349683393412796,0.5365391989962699,6.3723114729775885,0.7397890349636831,-0.9303363147763336,-0.58,-0.8464007470672734,-0.5905888621628721,140.8540263253437,-83.12421675184476,0.08429832539260194,0.48196072797645645,0.2754083336957991,-4905.178462430958,-3687.6397873138467,0.0,0.4444444444444444,0.0,1.0
12.75,6.3358074255548,0.5267915725457591,6.357669784962143,0.7242649290955495,-0.9314463520880176,-0.58,-0.8325580714797756,-0.5848575870306449,140.92729951011037,-83.04767389799156,0.08295432994738888,0.480007451354381,0.27477597851363844,-4895.356270361756,-3681.8244994541383,0.0,0.4444444444444444,0.0,1.0
12.766666666666666,6.322160994163198,0.5171408847574032,6.34327630888063,0.7087226506520742,-0.9325367066085195,-0.58,-0.8187858834961311,-0.5790412673013581,141.00168546420653,-82.97254922063907,0.0816164138559223,0.47806906610941785,0.2741414672121827,-4885.539334768469,-3675.975728549051,0.0,0.4444444444444444,0.0,1.0
12.783333333333333,6.308742859414795,0.507588519810189,6.329129685166852,0.693162520716474,-0.933607796136008,-0.58,-0.8050880849042205,-0.573141896832845,141.07716101738455,-82.89885640907843,0.08028500723167815,0.4761459878223102,0.27350519238699056,-4875.731032307527,-3670.096956433427,0.0,0.4444444444444444,0.0,1.0
12.8,6.295551717232512,0.498135824877541,6.315228477606781,0.6775848535708955,-0.9346600287347107,-0.58,-0.7914685309369707,-0.5671616959588848,141.1537028112344,-82.82660879400119,0.07896053644824601,0.4742386248151144,0.2728675456836639,-4865.934765785335,-3664.19168969609,0.0,0.4444444444444444,0.0,1.0
12.816666666666666,6.282586200160091,0.4887841065513736,6.301571174338924,0.6619899568594932,-0.935693802684132,-0.58,-0.7779310243452326,-0.5611030995700412,141.23128730564542,-82.75581934547324,0.07764342329384091,0.47234737734111715,0.2722289170275496,-4856.1539578767915,-3658.263452693,0.0,0.4444444444444444,0.0,1.0
12.833333333333334,6.269844878333032,0.4795346274692574,6.288156189003342,0.646378131751959,-0.9367095064520512,-0.58,-0.7644793096235611,-0.5549687449269722,141.30989078524976,-82.68650067106933,0.07633408415236706,0.47047263680676155,0.2715896938752385,-4846.392044783321,-3652.315780609035,0.0,0.4444444444444444,0.0,1.0
12.85,6.257326260542981,0.4703886031484343,6.274981862033766,0.6307496731071217,-0.9377075186902396,-0.58,-0.7511170674030673,-0.5487614592493886,141.38948936584214,-82.61866501416297,0.0750329292130385,0.4686147850275171,0.2709502604895249,-4836.652469853724,-3646.3522125870395,0.0,0.4444444444444444,0.0,1.0
12.866666666666667,6.245028795392565,0.46134719902969984,6.262046462086884,0.6151048696362579,-0.9386882082518293,-0.58,-0.7378479090249865,-0.5424842471240652,141.47005900077022,-82.55232425236673,0.07374036171042353,0.46677419351945687,0.27031099723938584,-4826.938677191226,-3640.3762849426766,0.0,0.4444444444444444,0.0,1.0
12.883333333333333,6.232950872537432,0.45241152773344423,6.249348187602548,0.5994440040657703,-0.939651934229259,-0.58,-0.7246753713079689,-0.5361402777753375,141.55157548729107,-82.48748989611741,0.07245677719663375,0.46495122282813195,0.2696722799264315,-4817.254105270153,-3634.391524483434,0.0,0.4444444444444444,0.0,1.0
12.9,6.221090824012075,0.4435826465294217,6.236885168488296,0.5837673532989083,-0.9405990460117215,-0.58,-0.7116029115214544,-0.529732872241353,141.63401447288888,-82.42417308740062,0.0711825628472264,0.4631462218961498,0.2690344791391602,-4807.602180585469,-3628.4014419498344,0.0,0.4444444444444444,0.0,1.0
12.916666666666666,6.209446925635796,0.43486155502110574,6.224655467921354,0.5680751885762244,-0.9415298833610349,-0.58,-0.698633902576729,-0.5232654904989564,141.7173514615497,-82.36238459860904,0.06991809680223213,0.4613595274706823,0.2683979596362334,-4797.98631135814,-3622.4095255964917,0.0,0.4444444444444444,0.0,1.0
12.933333333333334,6.198017398495021,0.4262491930447804,6.212657084260994,0.5523677756344767,-0.9424447765048605,-0.58,-0.6857716284465144,-0.5167417185795209,141.80156181998962,-82.30213483152852,0.06866374754355827,0.45959146355194436,0.26776307975986063,-4788.4098813188475,-3616.4192349301397,0.0,0.4444444444444444,0.0,1.0
12.95,6.186800410497971,0.41774643878282597,6.200887953063948,0.5366453748637068,-0.9433440462461941,-0.58,-0.6730192798230539,-0.5101652557172631,141.88662078383294,-82.2434338164462,0.06741987330985419,0.457842340883494,0.2671301908802542,-4778.876243592042,-3610.433994621129,0.0,0.4444444444444444,0.0,1.0
12.966666666666667,6.1757940779975735,0.4093541070899824,6.189345949195387,0.520908241462239,-0.9442280040880625,-0.58,-0.6603799500238252,-0.5035399015706155,141.9725034637371,-82.18629121137457,0.066186821549758,0.4561124564850244,0.2664996368719874,-4769.388714701597,-3604.4571886042163,0.0,0.4444444444444444,0.0,1.0
12.983333333333333,6.164996467478356,0.4010729480307147,6.178028889027847,0.5051566255893662,-0.9450969523723634,-0.58,-0.6478566311530356,-0.49686954355605994,142.05918485146222,-82.13071630138558,0.06496492841427652,0.45440209322812897,0.2658717536229508,-4759.950568718579,-3598.4921543835744,0.0,0.4444444444444444,0.0,1.0
13.0,6.154405597302921,0.392903645625173,6.166934532720375,0.489390772515503,-0.9459511844317963,-0.58,-0.6354522105261231,-0.4901581443325025,142.1466398258826,-82.07671799804875,0.06375451828888334,0.4527115194553405,0.26524686857647406,-4750.565031570655,-3592.542177556176,0.0,0.4444444444444444,0.0,1.0
13.016666666666666,6.144019439513529,0.3848468168006266,6.156060586570092,0.4736109227696056,-0.9467909847538448,-0.58,-0.6231694673634811,-0.4834097294727844,142.23484315893865,-82.02430483896734,0.06255590336575217,0.45104098864256736,0.2646253003070419,-4741.235275531714,-3586.610486566622,0.0,0.4444444444444444,0.0,1.0
13.033333333333333,6.133835921684218,0.37690301054467235,6.145404705428383,0.4578173122836759,-0.9476166291557814,-0.58,-0.611011069758615,-0.47662837535725444,142.32376952152768,-81.9734849874066,0.06136938325637884,0.4493907391048726,0.26400735812990234,-4731.964413909098,-3580.700247705513,0.0,0.4444444444444444,0.0,1.0
13.049999999999999,6.1238529288188035,0.3690727072559636,6.134964495173862,0.4420101725341812,-0.9484283849696833,-0.58,-0.5989795719248866,-0.4698181973225246,142.4133934893327,-81.92426623200834,0.06019524464468318,0.4477609937453768,0.263393341744732,-4722.755495944675,-3574.8145603623198,0.0,0.4444444444444444,0.0,1.0
13.066666666666666,6.11406830529007,0.36135631828768666,6.124737515234348,0.42618973068024013,-0.9492265112364645,-0.58,-0.5870774117239872,-0.4629833380966142,142.50368954858826,-81.87665598658604,0.05903376098052423,0.44615195984689826,0.2627835409133953,-4713.611501944678,-3568.956452542573,0.0,0.4444444444444444,0.0,1.0
13.083333333333334,6.104479856815433,0.35375418567852557,6.1147212811501435,0.410356209698441,-0.950011258907948,-0.58,-0.5753069084781963,-0.45612795654966654,142.59463210178333,-81.83066128999485,0.05788519221340883,0.4445638289057925,0.2621782351717055,-4704.535338651933,-3563.128876657966,0.0,0.4444444444444444,0.0,1.0
13.1,6.0950853524643085,0.34626658206540506,6.104913267170978,0.39450982851417393,-0.950782871056024,-0.58,-0.5636702610674609,-0.44925621678722916,142.68619547330096,-81.78628880607104,0.056749784566026036,0.44299677650730174,0.2615776935749741,-4695.529834872648,-3557.3347055967383,0.0,0.4444444444444444,0.0,1.0
13.116666666666667,6.085882526692454,0.3388937107718899,6.095310908879158,0.3786508021293746,-0.9515415830879616,-0.58,-0.5521695463112823,-0.4423722776109109,142.77835391499534,-81.74354482363567,0.055627770347098426,0.44145096224158686,0.2609821744770167,-4686.597737368569,-3551.576729080454,0.0,0.4444444444444444,0.0,1.0
13.133333333333333,6.076869081398548,0.33163570606574094,6.0859116058315665,0.36277934174659177,-0.952287622966968,-0.58,-0.5408067176343664,-0.4354802823689381,142.87108161170673,-81.70243525655721,0.05451936780290642,0.43992652965948326,0.26039192534216776,-4677.741707023787,-3545.857650311993,0.0,0.4444444444444444,0.0,1.0
13.15,6.0680426879983145,0.3244926335787949,6.0767127242133725,0.3468956548893065,-0.9530212114371143,-0.58,-0.5295836040140138,-0.4285843492167647,142.9643526867153,-81.66296564386839,0.053424781006714814,0.43842360626690025,0.25980718258975005,-4668.964315294047,-3540.180082918294,0.0,0.4444444444444444,0.0,1.0
13.166666666666666,6.059400989511544,0.3174644908820356,6.067711599496508,0.33099994551844364,-0.9537425622517731,-0.58,-0.5185019092062262,-0.4216885618055555,143.05814120713526,-81.62514114993247,0.052344199785211584,0.43694230355667063,0.2592281714703421,-4660.268040944883,-3534.5465481901347,0.0,0.4444444444444444,0.0,1.0
13.183333333333334,6.050941602657434,0.3105512082084697,6.058905539096171,0.3150924141450312,-0.9544518824047478,-0.58,-0.5075632112465798,-0.41479696041395453,143.15242118925056,-81.58896656465454,0.05127779968095827,0.43548271707655817,0.25865510597309,-4651.655267083468,-3528.9594726199225,0.0,0.4444444444444444,0.0,1.0
13.2,6.042662119953751,0.3037526493162004,6.0502918250189035,0.29917325793897626,-0.9551493723632968,-0.58,-0.49676896222101496,-0.407913533536159,143.24716660379414,-81.55444630373367,0.050225741949749235,0.43404492653203464,0.2580881887632212,-4643.1282784875575,-3523.4211857372825,0.0,0.4444444444444444,0.0,1.0
13.216666666666667,6.034560111815404,0.2970686124839174,6.0418677164960055,0.283242670833938,-0.9558352263022944,-0.58,-0.48612048830081367,-0.4010422099369766,143.34235138117262,-81.52158440895197,0.04918817359168467,0.43262899592236115,0.25752761114883715,-4634.6892592335025,-3517.9339182409753,0.0,0.4444444444444444,0.0,1.0
13.233333333333333,6.026633128648149,0.2904988316308808,6.033630452596371,0.2673008436282914,-0.9565096323387993,-0.58,-0.47561899003525554,-0.3941868511821953,143.43794941663856,-81.49038454849692,0.04816522741467799,0.4312349737084338,0.2569735530759841,-4626.340290623887,-3512.499800424525,0.0,0.4444444444444444,0.0,1.0
13.25,6.018878702933239,0.2840429775533767,6.025577254813077,0.2513479640821858,-0.9571727727663355,-0.58,-0.4652655428946447,-0.3873512446502465,143.53393457541284,-81.4608500173136,0.047157022129044886,0.42986289301079506,0.2564261831509374,-4618.083349413993,-3507.120860891819,0.0,0.4444444444444444,0.0,1.0
13.266666666666666,6.011294351298977,0.27770065926955967,6.017705329618403,0.2353842170107153,-0.9578248242882292,-0.58,-0.4550610980557276,-0.3805390970290228,143.6302806977596,-81.43298373748375,0.04616366247175598,0.428512771836161,0.2558856586885722,-4609.920306334971,-3501.799025557842,0.0,0.4444444444444444,0.0,1.0
13.283333333333333,6.003877576575296,0.27147142546456937,6.010011870982238,0.21940978437322572,-0.9584659582493751,-0.58,-0.4450064834208435,-0.37375402829941784,143.72696160401622,-81.40678825862885,0.045185239358880136,0.4271846133307738,0.2553521257856432,-4601.852924910378,-3496.536116928722,0.0,0.4444444444444444,0.0,1.0
13.299999999999999,5.996625869827603,0.2653547660278166,6.002494062849153,0.20342484535879496,-0.9590963408658456,-0.58,-0.43510240486157636,-0.3669995662051653,143.82395109958165,-81.3822657583348,0.04422183006469932,0.4258784060588584,0.254825719417751,-4593.882860561538,-3491.333853654303,0.0,0.4444444444444444,0.0,1.0
13.316666666666666,5.989536712366316,0.25935011367437466,5.995149081569767,0.18742957646793174,-0.9597161334517927,-0.58,-0.42534944767715743,-0.36027914120651516,143.9212229798653,-81.35941804259588,0.04327349842593934,0.42459412430444143,0.25430656355873654,-4586.011659996063,-3486.19385034556,0.0,0.4444444444444444,0.0,1.0
13.333333333333334,5.982607577728693,0.25345684564248444,5.987974098282308,0.1714241515905463,-0.9603254926431268,-0.58,-0.4157480782573682,-0.3535960819134125,144.01875103520013,-81.33824654627627,0.042340295069532796,0.42333172839477706,0.25379477132121536,-4578.240760872872,-3481.1176176484046,0.0,0.4444444444444444,0.0,1.0
13.35,5.975835933629704,0.24767428545928338,5.980966281240663,0.1554087420802547,-0.9609245706174961,-0.58,-0.40629864593932613,-0.34695361099206323,144.11650905572253,-81.3187523335874,0.041422257662311654,0.422091165043622,0.25329044511694127,-4570.571491736039,-3476.10656256463,0.0,0.4444444444444444,0.0,1.0
13.366666666666667,5.969219243878918,0.24200170476699875,5.974122798085467,0.13938351682508596,-0.9615135153101256,-0.58,-0.39700138504717775,-0.34035484153707696,144.21447083622218,-81.30093609857988,0.04051941118101605,0.4208723677126075,0.25279367683567566,-4563.005072208984,-3471.1619890101615,0.0,0.4444444444444444,0.0,1.0
13.383333333333333,5.962754970260527,0.23643832520200037,5.967440818055169,0.12334864231466743,-0.9620924706251119,-0.58,-0.38785641710344976,-0.33380277389990365,144.31261018096498,-81.28479816564901,0.03963176820100316,0.41967525698896646,0.25230454804122826,-4555.54261343966,-3466.285098600105,0.0,0.4444444444444444,0.0,1.0
13.4,5.956440574373851,0.23098332031928845,5.960917514134281,0.10730428270397063,-0.9626615766418072,-0.58,-0.3788637532005883,-0.32730029296271557,144.41090090849235,-81.27033849005308,0.03875932920204523,0.41849974097789744,0.2518231301833367,-4548.18511878679,-3461.4769916496775,0.0,0.4444444444444444,0.0,1.0
13.416666666666666,5.950273519431833,0.22563581755519208,5.954550065136365,0.09125059987370462,-0.9632209698159601,-0.58,-0.37002329652108545,-0.3208501658457825,144.5093168563994,-81.25755665844412,0.03790208288961735,0.41734571570786977,0.2513494848240546,-4540.933484736452,-3456.738668379604,0.0,0.4444444444444444,0.0,1.0
13.433333333333334,5.944251272015259,0.22039490022127495,5.948335657719609,0.07518775348744933,-0.9637707831753182,-0.58,-0.36133484499445945,-0.31445504003502833,144.6078318860958,-81.24645188941082,0.037060006530095155,0.4162130655472124,0.25088366387732947,-4533.7885020379235,-3452.071030314237,0.0,0.4444444444444444,0.0,1.0
13.45,5.9383713037806025,0.21525960952268255,5.942271488333127,0.059115901045625474,-0.9643111465094312,-0.58,-0.3527980940793516,-0.30811744191554435,144.70641988755142,-81.23702303403371,0.036233066298307116,0.4151016636303627,0.25042570986046897,-4526.750857047138,-3447.4748818604185,0.0,0.4444444444444444,0.0,1.0
13.466666666666667,5.932631093119619,0.21022894659441788,5.936354765092454,0.04303519793640169,-0.9648421865534268,-0.58,-0.3444126396590071,-0.30183977569588105,144.80505478403066,-81.22926857645298,0.035421217635917275,0.4140113722922001,0.24997565615621314,-4519.821133265798,-3442.9509320548354,0.0,0.4444444444444444,0.0,1.0
13.483333333333333,5.927028126768978,0.2053018745492991,5.930582709582933,0.026945797483642252,-0.9653640271655662,-0.58,-0.3361779810384613,-0.2956243227071269,144.90371053681736,-81.22318663444948,0.03462440561915035,0.41294204350893526,0.24953352728415934,-4512.99981306391,-3438.4997964675727,0.0,0.4444444444444444,0.0,1.0
