t,vx,vy,speed,yaw,yaw_rate,steering_angle,ax,ay,pos_x,pos_y,sideslip,alpha_f,alpha_r,fy_f,fy_r,f_long,throttle,brake,steer_cmd
0.0,19.611130528050264,-0.014401374368640153,19.6111358158524,-0.00017753173531361138,-0.010651904118816682,-0.075,1.0153906553160184,-0.8640824621184092,54.661768964784166,-0.0002980495359585053,-0.0007343468424383296,0.07358779521871919,1.7691213400426775e-19,-1020.6112187702826,-2.830594144068284e-15,0.0,0.4444444444444444,0.0,0.2
0.016666666666666666,19.626598172827304,-0.03255788840856814,19.62662517738915,-0.0006218054833741963,-0.026656424883635094,-0.11599999999999999,0.9280586866222903,-1.0893908423956793,54.98887853368285,-0.0010440796641562494,-0.0016588640709548459,0.11264614013722576,0.0001773918213909962,-1543.057725466812,-2.8382689035537254,0.0,0.4444444444444444,0.0,0.2
0.03333333333333333,19.642101338900176,-0.045165055217075874,19.642153265104028,-0.0013279705443551347,-0.0423699036588563,-0.11599999999999999,0.9301899643723487,-0.756430008510464,55.31624560104248,-0.0022315653263791915,-0.002299396324178129,0.11100858492321426,0.0006169937107423643,-1521.568502818687,-9.87188932809317,0.0,0.4444444444444444,0.0,0.2
0.05,19.657639174905455,-0.05242247221241098,19.65770907421235,-0.0022910677766782486,-0.05778583393938685,-0.11599999999999999,0.9322701603167699,-0.4354450197201065,55.6438700590459,-0.003855886641534644,-0.002666767228550334,0.10966467531152617,0.0013075812611906584,-1503.9027766427391,-20.921204578719834,0.0,0.4444444444444444,0.0,0.2
0.06666666666666667,19.673206657703314,-0.054527991331723036,19.67328222484852,-0.003506043436933901,-0.07289853961533915,-0.11599999999999999,0.9340489678714801,-0.1263311471587234,55.97175163514314,-0.005914263841010967,-0.0027716809287101985,0.10860401630411141,0.0022381079747497805,-1489.9415219919254,-35.809248202830226,0.0,0.4444444444444444,0.0,0.2
0.08333333333333333,19.688794964782115,-0.051677436294624776,19.688862783884993,-0.0049677617621685915,-0.08770309951408144,-0.11599999999999999,0.9352984247280878,0.1710333022258954,56.29988989012043,-0.008405691159355463,-0.002624706982671774,0.10781629410951421,0.0033977141281291965,-1479.5622008852172,-54.36174879103029,0.0,0.4444444444444444,0.0,0.2
0.1,19.704391837585252,-0.044064361288504716,19.704441107451693,-0.006671016454851895,-0.10219528156099822,-0.11599999999999999,0.9358123681881177,0.4567845003672035,56.6282842141263,-0.011330869959807895,-0.0022362673356267474,0.10729129506609604,0.004775734502696838,-1472.6395925450051,-76.40709463315675,0.0,0.4444444444444444,0.0,0.2
0.11666666666666667,19.7199819344014,-0.03187984499546586,19.720007703285376,-0.008610541218271471,-0.11637148580517459,-0.11599999999999999,0.9354058089688202,0.7310709775823314,56.95693382089061,-0.014692141331026122,-0.0016166250724315805,0.10701892192796794,0.006361705187758734,-1469.0465182887322,-101.77627471157406,0.0,0.4444444444444444,0.0,0.2
0.13333333333333333,19.735547171735636,-0.015312314561008636,19.73555311195457,-0.010781019476578415,-0.13022869549841667,-0.11599999999999999,0.9339142400542293,0.9940518260674334,57.28583774036724,-0.018493418355111035,-0.0007758746871919147,0.1069892078578575,0.008145369626196846,-1468.6544731083004,-130.30280956560281,0.0,0.4444444444444444,0.0,0.2
0.15,19.75106705330693,0.005452605235128447,19.75106780594736,-0.01317709339971494,-0.14376443538819153,-0.11599999999999999,0.9311928942776775,1.245895187768225,57.61499481002487,-0.02274011821715889,0.00027606635539705596,0.10719232843590418,0.010116684035832041,-1471.3341754054825,-161.82268290889385,0.0,0.4444444444444444,0.0,0.2
0.16666666666666666,19.766518986004957,0.030232221716287033,19.766542105571332,-0.015793372339398048,-0.15697673638098647,-0.11599999999999999,0.9271159618816305,1.4867769888695153,57.944403665003,-0.02743909430238077,0.0015294649585990226,0.10761861195868877,0.012265822308562227,-1476.956045587587,-196.17428251008977,0.0,0.4444444444444444,0.0,0.2
0.18333333333333332,19.78187858229288,0.05884688647423054,19.781966110592382,-0.018624440768516402,-0.1698641057471013,-0.11599999999999999,0.921575777275265,1.7168798854766103,58.274062727342695,-0.032598568407658665,0.002974778792851596,0.10825854826941546,0.014583180462205799,-1485.390623336629,-233.1983567382303,0.0,0.4444444444444444,0.0,0.2
0.2,19.797119948668882,0.09112009293590831,19.797329646528596,-0.021664865802962698,-0.1824255020667778,-0.11599999999999999,0.9144819825602583,1.936392387700666,58.603970194492504,-0.038228063179587705,0.004602661888538868,0.10910279632861596,0.017059380696854344,-1496.508932404222,-272.73799130989187,0.0,0.4444444444444444,0.0,0.2
0.21666666666666667,19.812215959903508,0.12687856180566162,19.812622224513877,-0.02490920437225279,-0.19466031415740545,-0.11599999999999999,0.9057606740776277,2.1455081321851983,58.934124027281264,-0.044338334879936346,0.0064039695303560774,0.11014219070539422,0.019685275088172888,-1510.1828007977626,-314.63860913785896,0.0,0.4444444444444444,0.0,0.2
0.23333333333333334,19.82713851885682,0.1659523164060755,19.827833013651702,-0.028352010093411626,-0.20656834326953025,-0.11599999999999999,0.8953535371987944,2.3444252760248325,59.264521937539435,-0.05094130657142261,0.008369762539448686,0.11136774714229901,0.022451948934227747,-1526.285143245184,-358.7479947556841,0.0,0.4444444444444444,0.0,0.2
0.25,19.841858801753464,0.20817474953865178,19.842950824790826,-0.03198783989163263,-0.2181497878932604,-0.11599999999999999,0.8832169737985375,2.5333459879545774,59.595161375540606,-0.058050001811175346,0.010491311010575441,0.11277066732251384,0.025350723759804683,-1544.690211880819,-404.91634356507836,0.0,0.4444444444444444,0.0,0.2
0.26666666666666666,19.856347488857867,0.2533826831314899,19.857964104670526,-0.03581126040120851,-0.22940523057455275,-0.11599999999999999,0.8693212262642863,2.712476015570287,59.92603951742416,-0.06567847893568844,0.012760097555403754,0.11434234294621734,0.028373159972527585,-1565.2738202019884,-452.99633511156264,0.0,0.4444444444444444,0.0,0.2
0.2833333333333333,19.870574980549137,0.3014164216337229,19.872860939403157,-0.039816854171229016,-0.2403356262012306,-0.11599999999999999,0.8536495014760452,2.8820243101339775,60.2571532527492,-0.07384176601899474,0.015167820089535938,0.1160743592036622,0.03151105915811908,-1587.913544517323,-502.8432287273683,0.0,0.4444444444444444,0.0,0.2
0.3,19.884511598847443,0.3521197998535081,19.887629066285086,-0.043999225692564675,-0.2509422912801397,-0.11599999999999999,0.8361970978984496,3.042202693187112,60.58849917231851,-0.0825557965847469,0.01770639418980357,0.11795849771566404,0.034756465997574655,-1612.4889063516546,-554.3149791792255,0.0,0.4444444444444444,0.0,0.2
0.31666666666666665,19.898127774492924,0.4053402257154284,19.90225589295419,-0.04835300725570624,-0.2612268937884939,-0.11599999999999999,0.8169705387287894,3.193225551715217,60.92007355639983,-0.09183734615250783,0.020367955039555095,0.11998673899767284,0.03810166978656626,-1638.881538593047,-607.2723694128169,0.0,0.4444444444444444,0.0,0.2
0.3333333333333333,19.911394219724826,0.4609287182314118,19.916728522942257,-0.05287286464309377,-0.271191443243252,-0.11599999999999999,0.7959867139141348,3.3353095509590034,61.251872363460116,-0.10170396969848733,0.02314485897289019,0.12215126449127733,0.04153920553676669,-1666.9753375669584,-661.5791570856892,0.0,0.4444444444444444,0.0,0.2
0.35,19.924282086954204,0.5187399408336877,19.9310337867041,-0.05755350265461838,-0.2808382806914766,-0.11599999999999999,0.7732720337626539,3.468673356136553,61.5838912195165,-0.11217394011093187,0.026029684623847728,0.12444445819671386,0.04506185463971383,-1696.6566027002166,-717.1022313163099,0.0,0.4444444444444444,0.0,0.2
0.36666666666666664,19.936763113567675,0.5786322301056677,19.945158277241866,-0.062389670460974225,-0.29017006838135073,-0.11599999999999999,0.7488615968083848,3.5935373563187962,61.91612540819594,-0.12326618772014403,0.029015233683217095,0.12685890793154897,0.04866264507604318,-1727.814164991348,-773.711775938129,0.0,0.4444444444444444,0.0,0.2
0.3833333333333333,19.948809753143152,0.6404676198636757,19.959088389482954,-0.06737616677642823,-0.2991897789272401,-0.11599999999999999,0.7227983745285822,3.7101233854804825,62.248569861583654,-0.13500024098249194,0.03209453126369943,0.12938740623400652,0.05233485115614594,-1760.3395051305365,-831.2814355225481,0.0,0.4444444444444444,0.0,0.2
0.4,19.960395293400573,0.7041118604858263,19.972810362612584,-0.07250784484030111,-0.30790068383237257,-0.11599999999999999,0.695132415445246,3.818654437329033,62.58121915192879,-0.1473961683966252,0.035260825873387545,0.13202295092424118,0.056071992782310946,-1794.1268618076597,-889.6884805114789,0.0,0.4444444444444444,0.0,0.2
0.4166666666666667,19.97149396125154,0.7694344333507356,19.986310324608002,-0.07777961719494987,-0.316306341278926,-0.11599999999999999,0.6659200710579407,3.9193543718945554,62.91406748426417,-0.1604745217283405,0.03850758899775768,0.134758745333045,0.0598678342269494,-1829.0733305055444,-948.8139679657476,0.0,0.4444444444444444,0.0,0.2
0.43333333333333335,19.982081015350655,0.8363085602348936,19.999574338269284,-0.083186460247237,-0.32441058313722726,-0.11599999999999999,0.6352232459469851,4.012447613049485,63.247108689985865,-0.17425628061807982,0.04182851429138178,0.13758819820484175,0.06371638242636675,-1865.0789528921205,-1008.5428946765472,0.0,0.4444444444444444,0.0,0.2
0.45,19.99213282658817,0.9046112075202549,20.012588448092252,-0.08872341860028912,-0.33221750118312754,-0.11599999999999999,0.6031086742507173,4.0981588371216775,63.58033622142734,-0.18876279864186576,0.04521751638219411,0.1405049232802077,0.06761188479454383,-1902.0467967937623,-1068.7643396896078,0.0,0.4444444444444444,0.0,0.2
0.4666666666666667,20.001626946997444,0.9742230850799021,20.02533872738129,-0.0943856091427103,-0.33973143254527016,-0.11599999999999999,0.5696472245565071,4.17671265357883,63.913743147452614,-0.20401575089258986,0.048668729293215876,0.14350273856239534,0.07154882656634787,-1939.8830266466136,-1129.3715936419321,0.0,0.4444444444444444,0.0,0.2
0.48333333333333334,20.01054216758166,1.0450286397366508,20.037811325053283,-0.10016822488324117,-0.34695694443185265,-0.11599999999999999,0.5349132350530663,4.2483332794049256,64.24732215008285,-0.22003708314399822,0.05217650448900365,0.14657566527228216,0.07552192768436507,-1978.4969642770773,-1190.2622726951367,0.0,0.4444444444444444,0.0,0.2
0.5,20.018858565591227,1.116916043224542,20.049992511638443,-0.10606653852006828,-0.3538988182096265,-0.11599999999999999,0.49898388057386805,4.3132442092734715,64.5810655221615,-0.236848962654517,0.05573540855660757,0.14971792649667004,0.07952613924800758,-2017.8011398507958,-1251.3384152546123,0.0,0.4444444444444444,0.0,0.2
0.5166666666666666,20.02655754180659,1.189777174623888,20.061868724038305,-0.11207590573550813,-0.3605620329263908,-0.11599999999999999,0.4619385729216951,4.371667883960772,64.91496516605426,-0.25447373066229806,0.059340220533385564,0.1529239455357992,0.08355663954759958,-2057.7113328455293,-1312.506560077546,0.0,0.4444444444444444,0.0,0.2
0.5333333333333333,20.033621848400042,1.263507597284726,20.073426608655726,-0.1181917682085466,-0.36695174838230793,-0.11599999999999999,0.4238583956071523,4.4238253596502775,65.24901259337234,-0.27293385661662395,0.06298592889651841,0.1561883439571877,0.08760882970971401,-2098.1466029417147,-1373.6778047841706,0.0,0.4444444444444444,0.0,0.2
0.55,20.04003560796445,1.3380065302992483,20.084653062565124,-0.12440965633963416,-0.3730732878652535,-0.11599999999999999,0.384825573864583,4.469935980871337,65.58319892569973,-0.2922518941841837,0.0666677282314254,0.1595059393643617,0.09167832898306062,-2139.029310779915,-1434.7678441854532,0.0,0.4444444444444444,0.0,0.2
0.5666666666666667,20.045784324306666,1.4131768146293828,20.095535272443602,-0.13072519168415792,-0.3789321206714256,-0.11599999999999999,0.34492298053277143,4.5102170598080695,65.91751489629883,-0.3124504390618148,0.07038101559842265,0.1628717428906023,0.09576096969668728,-2180.2851286019663,-1495.6969882183691,0.0,0.4444444444444444,0.0,0.2
0.5833333333333334,20.05085488560851,1.4889248740397558,20.106060751033876,-0.13713408909307348,-0.3845338445349344,-0.11599999999999999,0.30423367811062085,4.5448835646223795,66.25195085276282,-0.33355208862019975,0.07412138661884611,0.16628095642942767,0.09985279192413514,-2221.8430408679883,-1556.3901596298576,0.0,0.4444444444444444,0.0,0.2
0.6,20.055235560558927,1.5651606710276629,20.116217370958168,-0.14363215856123118,-0.3898841680894622,-0.11599999999999999,0.26284049702502865,4.574147819274426,66.58649676057802,-0.355579403395808,0.07788463130344193,0.16972896961507672,0.10395003788849083,-2263.6353350206423,-1616.7768718671928,0.0,0.4444444444444444,0.0,0.2
0.6166666666666667,20.058915988057,1.6417976579794795,20.12599339574759,-0.15021530678592684,-0.39498889348174043,-0.11599999999999999,0.22082564988439668,4.598219217109005,66.9211422075548,-0.3785548704411823,0.0816667296470857,0.17321135656771383,0.10804914614402444,-2305.5975826476797,-1676.7911879118226,0.0,0.4444444444444444,0.0,0.2
0.6333333333333333,20.06188716107768,1.7187527238164932,20.135377507994235,-0.1568795384401093,-0.39985389925094755,-0.11599999999999999,0.178270381241032,4.617303950220829,67.25587640908233,-0.4025008685365677,0.08546384701481811,0.17672387241938206,0.11214674557032013,-2347.6686113710316,-1736.371661033404,0.0,0.4444444444444444,0.0,0.2
0.65,20.06414140528023,1.7959461364219684,20.14435883457226,-0.16362095716645284,-0.4044851235806119,-0.11599999999999999,0.13525465215288912,4.631604756328515,67.59068821415917,-0.42743963525896134,0.08927232934477909,0.1802624496378643,0.11623964921454027,-2389.7904678630703,-1795.461258639574,0.0,0.4444444444444444,0.0,0.2
0.6666666666666666,20.06567235292394,1.873301481165091,20.152926968910286,-0.17043576630012966,-0.4088885480206092,-0.11599999999999999,0.09185685862276383,4.641320684587358,67.92556611214927,-0.45339323589798786,0.09308869819389225,0.1838231941665431,0.1203248480167586,-2431.908372456402,-1854.0072705551734,0.0,0.4444444444444444,0.0,0.2
0.6833333333333333,20.066474912637332,1.9507455958561735,20.161071990329674,-0.17732026932957567,-0.41307018176676036,-0.11599999999999999,0.04815358280349269,4.646646881464948,68.26049824021163,-0.48038353420164964,0.096909645652116,0.18740238139906584,0.12439950445220889,-2473.970665871138,-1911.9612031832896,0.0,0.4444444444444444,0.0,0.2
0.7,20.066545235565542,2.028208502481172,20.168784480492004,-0.18427087010582097,-0.41703604657471705,-0.11599999999999999,0.004219375692567473,4.647774397499913,68.5954723913504,-0.5084321649290153,0.10073202915075602,0.190996452008115,0.12846094612287517,-2515.9287486321577,-1969.2786610816127,0.0,0.4444444444444444,0.0,0.2
0.7166666666666667,20.065880678397203,2.1056233360723353,20.176055537024244,-0.19128407281204762,-0.4207921623736,-0.11599999999999999,-0.039873430100247576,4.644890015469793,68.93047602303173,-0.5375605081813369,0.10455286618975546,0.19460200764785748,0.13250665932915628,-2557.737013787817,-2025.9192175339645,0.0,0.4444444444444444,0.0,0.2
0.7333333333333333,20.064479763746487,2.1829262710759223,20.182876784411725,-0.19835648170593947,-0.4243445336335103,-0.11599999999999999,-0.08405487904296971,4.63817610021523,69.26549626631382,-0.5677896654779649,0.10836932900807188,0.19821580654970355,0.13653428265042392,-2599.3527735706384,-2081.8462757116563,0.0,0.4444444444444444,0.0,0.2
0.75,20.06234213833901,2.2600564455777343,20.189240382267247,-0.2054848006481032,-0.4276991365298245,-0.11599999999999999,-0.1282575244487768,4.6278104701087095,69.60051993543672,-0.5991404375387792,0.11217873922024647,0.20183475903086123,0.1405416005612164,-2640.7361806598856,-2137.0269220061123,0.0,0.4444444444444444,0.0,0.2
0.7666666666666666,20.05946852942226,2.3369558837430753,20.195139031099625,-0.21266583243037515,-0.430861906936317,-0.11599999999999999,-0.17241653500493692,4.613966289920449,69.9355335378195,-0.631633303730698,0.11597856244110187,0.20545592293483844,0.14452653710761487,-2681.8501447158396,-2191.431773076737,0.0,0.4444444444444444,0.0,0.2
0.7833333333333333,20.055860699792447,2.4135694168201414,20.200565975716838,-0.2198964779181886,-0.43383872926880584,-0.11599999999999999,-0.21646977778886423,4.596811984623972,70.27052328441329,-0.6652884031321615,0.11976640291920451,0.20907649902254077,0.14848714966608534,-2722.6602448566678,-2245.03481810008,0.0,0.4444444444444444,0.0,0.2
0.8,20.051521401800503,2.4898446030451495,20.205515006407946,-0.22717373502137733,-0.43663542619132545,-0.11599999999999999,-0.2603578795166527,4.576511173500488,70.60547510036056,-0.700125517166323,0.12353999819832359,0.2126938263319585,0.15242162280477842,-2763.1346387416856,-2297.813257631767,0.0,0.4444444444444444,0.0,0.2
0.8166666666666667,20.046454330671015,2.5657316467742337,20.20998045805432,-0.23449469750784224,-0.4392577491878943,-0.11599999999999999,-0.30402426776941227,4.5532226237450555,70.94037463591229,-0.7361640537510048,0.1272972138246433,0.21630537752365314,0.1563282622649935,-2803.2439689103494,-2349.747340404907,0.0,0.4444444444444444,0.0,0.2
0.8333333333333334,20.040664077438933,2.641183317151704,20.21395720732464,-0.24185655367442294,-0.44171136999484084,-0.11599999999999999,-0.3474151939249568,4.52710022264822,71.27520727755689,-0.7734230329112757,0.13103603811596373,0.21990875422836073,0.16020548907827228,-2842.961267005435,-2400.820199291276,0.0,0.4444444444444444,0.0,0.2
0.85,20.034156081780782,2.716154866607094,20.21744066810998,-0.2492565848891132,-0.4440018728814156,-0.11599999999999999,-0.3904797394889501,4.498292967323421,71.60995815931688,-0.8119210737987647,0.13475457700758384,0.22350168241205143,0.16405183383240787,-2882.2618564824143,-2451.0176875474363,0.0,0.4444444444444444,0.0,0.2
0.8666666666666667,20.02693658498957,2.790603949454956,20.220426785355134,-0.25669216401844774,-0.44613474776007167,-0.11599999999999999,-0.4331698074726775,4.466944970871725,71.9446121741714,-0.8516763830605237,0.13845104898801947,0.22708200777273932,0.16786593109756895,-2921.123254376056,-2500.328216360001,0.0,0.4444444444444444,0.0,0.2
0.8833333333333333,20.019012583316133,2.8644905408519494,20.222912027440557,-0.2641607537534867,-0.4481153841023355,-0.11599999999999999,-0.47544010040627893,4.43319548381961,72.27915398556519,-0.8927067444993575,0.14212378013619,0.23064769118224474,0.17164651402175662,-2959.5250726605886,-2548.742594594829,0.0,0.4444444444444444,0.0,0.2
0.9,20.010391781874322,2.937776856345791,20.224893377266156,-0.2716599048473466,-0.44994906563159404,-0.11599999999999999,-0.517248086508643,4.397178929630497,72.61356803896689,-0.9350295099670264,0.14577119927022458,0.23419680418499053,0.1753924091029475,-2997.4489197023545,-2596.2538715461756,0.0,0.4444444444444444,0.0,0.2
0.9166666666666666,20.001082549283318,3.0104272722303715,20.226368322183646,-0.27918725427668584,-0.45164096576035523,-0.11599999999999999,-0.558553955460193,4.359024953074815,72.94783857344213,-0.9786615914315772,0.14939183321660826,0.2377275245647817,0.1791025311435449,-3034.878302264496,-2642.857183375523,0.0,0.4444444444444444,0.0,0.2
0.9333333333333333,19.99109387319758,3.0824082469011,20.22733484291892,-0.2867405233389617,-0.4531961437365525,-0.11599999999999999,-0.5993205651442769,4.318858480243721,73.28194963320931,-1.0236194541602204,0.1529843022070202,0.2412381319893866,0.18277587839115825,-3071.798528482676,-2688.5496038273195,0.0,0.4444444444444444,0.0,0.2
0.95,19.980435316853605,3.153688243384547,20.227791401619523,-0.29431751569664844,-0.4546195414612043,-0.11599999999999999,-0.6395133806385743,4.276799789006821,73.6158850791484,-1.0699191109596355,0.15654731540891953,0.24472700374162598,0.18641152786827073,-3108.196612189821,-2733.329999711395,0.0,0.4444444444444444,0.0,0.2
0.9666666666666667,19.96911697674275,3.224237653196904,20.227736929155675,-0.30191611537895086,-0.4559159809381462,-0.11599999999999999,-0.6791004066513,4.232964588741427,73.94962860023543,-1.1175761174163088,0.16007966659471531,0.24819261054458544,0.1900086308920294,-3144.0611789269883,-2777.1988915502075,0.0,0.4444444444444444,0.0,0.2
0.9833333333333333,19.957149441500928,3.2940287216668813,20.22717081179588,-0.30953428475087685,-0.45709016231556066,-0.11599999999999999,-0.7180521145094061,4.187464108198624,74.28316372487784,-1.1666055680804621,0.16358022995322258,0.2516335124875195,0.19356640878420406,-3179.382373937247,-2820.158319703905,0.0,0.4444444444444444,0.0,0.2
1.0,19.948318732344088,3.3743326684918444,20.23169644900895,-0.31703079725111966,-0.4497907500145669,-0.040999999999999995,-0.5298425494103063,4.818236809497781,74.61659932879613,-1.2168163851630907,0.16756754975151994,0.18109038874274136,0.19704781098528149,-2399.6077436973446,-2861.77946512212,0.0,0.4444444444444444,0.0,0.0
1.0166666666666666,19.94063253118152,3.457784078959958,20.2382088258898,-0.32432126058328137,-0.43742779992970204,0.0,-0.46117206975407155,5.0070846280867976,74.94998180780786,-1.2680975766390796,0.171696606589366,0.1450022954645449,0.20033813331988456,-1958.747934488113,-2900.736130763463,0.0,0.4444444444444444,0.0,0.0
1.0333333333333332,19.93304181497445,3.5356676950090424,20.244186870483354,-0.3314090549943707,-0.42526766466535804,0.0,-0.4554429724241802,4.6730169629450655,75.28329517486011,-1.320471816719743,0.175551320024883,0.14962471678365022,0.2033709265724767,-2016.6379099067901,-2936.3152861433987,0.0,0.4444444444444444,0.0,0.0
1.05,19.925608359467773,3.6081579807694193,20.249658577592907,-0.3382974927738668,-0.4133062667697655,0.0,-0.44600733040078877,4.349417145622624,75.61652396105042,-1.3739599937726117,0.17914024747822171,0.15396657107023895,0.20615425486003697,-2070.6483260647715,-2968.689678533426,0.0,0.4444444444444444,0.0,0.0
1.0666666666666667,19.91838873962659,3.6754234885528008,20.254652497712446,-0.3449898164016581,-0.4015394176674777,0.0,-0.4331771904710553,4.035930467002893,75.94965322913656,-1.4285813024018001,0.1824716113558835,0.1580364562553465,0.20869584328316346,-2120.9473763991227,-2998.0190677307705,0.0,0.4444444444444444,0.0,0.0
1.0833333333333333,19.911434649774545,3.7376270359740653,20.259197557462304,-0.3514891977125727,-0.38996287865487755,0.0,-0.4172453911226348,3.7322128452758605,76.28266858451248,-1.4843533303721423,0.18555331530967967,0.16184266012606155,0.21100309944349854,-2167.695109077444,-3024.4511097957043,0.0,0.4444444444444444,0.0,0.0
1.1,19.904793203967248,3.7949259002815143,20.26332290324882,-0.3577987379113487,-0.3785724119265611,0.0,-0.3984867484377306,3.437931858446931,76.61555618395793,-1.541292140532492,0.1883929606522925,0.16539317172569293,0.21308313420335023,-2211.0435128249,-3048.1222076263393,0.0,0.4444444444444444,0.0,0.0
1.1166666666666667,19.898507217373627,3.847472024810669,20.267057765289245,-0.36392146829497257,-0.3673638230174316,0.0,-0.37715919561736877,3.1527674717492706,76.94830274243316,-1.5994123479191678,0.19099786272357003,0.16869569352249975,0.21494278161612243,-2251.136679563791,-3069.158323344959,0.0,0.4444444444444444,0.0,0.0
1.1333333333333333,19.892615469549124,3.895412233387731,20.270431339450376,-0.369860351559549,-0.3563329958745851,0.0,-0.3535048694702545,2.8764125146237047,77.28089553815744,-1.6587271922380975,0.1933750670462869,0.17175765407110447,0.21658861798289342,-2288.1110255652725,-3087.6757496163796,0.0,0.4444444444444444,0.0,0.0
1.15,19.88715295055378,3.9388884492776337,20.273472684633305,-0.3756182835865009,-0.3454759216171153,0.0,-0.32775113972071446,2.60857295339418,77.61332241618112,-1.7192486059353815,0.1955313651468386,0.174586220942011,0.21802698001120108,-2322.0955560508323,-3103.7818386323324,0.0,0.4444444444444444,0.0,0.0
1.1666666666666667,19.882151090904767,3.9780379159170303,20.2762106336968,-0.3811980956181896,-0.3347887219013219,0.0,-0.30011157894082197,2.348967998363797,77.94557179063422,-1.7809872780720823,0.19747330994640608,0.1771883137378735,0.21926398206794662,-2353.2121609404203,-3117.575688688799,0.0,0.4444444444444444,0.0,0.0
1.1833333333333333,19.877637976364742,4.01299341721173,20.278673716148266,-0.3866025567462435,-0.3242676676832317,0.0,-0.2707868724014886,2.0973300776819643,78.27763264581156,-1.8439527142211811,0.19920723065257,0.17957061705136615,0.22030553253025573,-2381.575931776951,-3129.1487891463703,0.0,0.4444444444444444,0.0,0.0
1.2,19.873638548560457,4.043883495626363,20.280890091044512,-0.3918343766472289,-0.31390919405912593,0.0,-0.2399656682570126,1.8534047048779936,78.60949453623365,-1.9081532926037041,0.20073924710108906,0.1817395932496679,0.22115734924691846,-2407.295491815308,-3138.58562516991,0.0,0.4444444444444444,0.0,0.0
1.2166666666666666,19.87017479240541,4.070832666664918,20.282887488736154,-0.396896208510011,-0.3037099117669241,0.0,-0.20782536930273987,1.616950262313309,78.94114758580373,-1.9735963166777855,0.20207528351336052,0.18370149499557004,0.2218249741293071,-2430.4733328972734,-3145.9642440514367,0.0,0.4444444444444444,0.0,0.0
1.2333333333333334,19.86726591126978,4.0939616286461,20.28469316026074,-0.40179065210743886,-0.2936666158456711,0.0,-0.17453286813797408,1.3877377188708815,79.27258248616532,-2.0402880643894723,0.20322108164763378,0.1854623774358122,0.22231378689496695,-2451.2061540874383,-3151.3567851752464,0.0,0.4444444444444444,0.0,0.0
1.25,19.8649284908035,4.113387466927485,20.286333833342404,-0.4065202569720362,-0.28377629187584164,0.0,-0.14024522797675454,1.1655502968830884,79.60379049434995,-2.108233834287899,0.20418221333191097,0.1870281100041359,0.222629017989823,-2469.5851981601513,-3154.8299758235175,0.0,0.4444444444444444,0.0,0.0
1.2666666666666666,19.863176652276525,4.129223851936028,20.287835674091525,-0.41108752564134526,-0.2740361201585436,0.0,-0.10511031161840889,0.9501831005125858,79.93476342979194,-2.177437988700426,0.20496409237413116,0.18840438780029614,0.222775760716485,-2485.696582940221,-3156.4455950725214,0.0,0.4444444444444444,0.0,0.0
1.2833333333333332,19.862022196255676,4.14158123052719,20.289224253618183,-0.4154949169436098,-0.2644434781358713,0.0,-0.06926736125100352,0.7414427154696765,80.2654936707757,-2.2479039941557803,0.20557198585109832,0.18959674251740713,0.22275898259675597,-2499.6216252423465,-3156.2609080164816,0.0,0.4444444444444444,0.0,0.0
1.3,19.861474737391674,4.150567010327313,20.290524518879867,-0.41974484929871975,-0.25499594130659736,0.0,-0.032847531840216604,0.5391467880073719,80.59597415037125,-2.3196344592353784,0.20601102478201938,0.19061055289894555,0.2225835359963792,-2511.4371557535883,-3154.3290724955805,0.0,0.4444444444444444,0.0,0.0
1.3166666666666667,19.86154183104376,4.156285736819381,20.291760767178122,-0.4238397040128891,-0.24569128285016154,0.0,0.004025619125191504,0.34312358952408584,80.92619835190476,-2.392631170025027,0.20628621419575077,0.19145105471387078,0.22225416803947953,-2521.215823683402,-3150.699520409917,0.0,0.4444444444444444,0.0,0.0
1.3333333333333333,19.862229092423522,4.158839263015606,20.292956623802148,-0.42778182854850033,-0.23652747213667116,0.0,0.041235682785744965,0.15321157177352251,81.25616030400306,-2.466895123331273,0.20640244260314658,0.1921233502439571,0.2217755298392207,-2529.0263903869572,-3145.4183155828064,0.0,0.4444444444444444,0.0,0.0
1.35,19.863540308894734,4.158326911625421,20.29413502239093,-0.4315735397530106,-0.22750267227061796,0.0,0.07867298827274083,-0.030741083411085945,81.58585457524467,-2.542426557818837,0.20636449088745779,0.19263241728184194,0.2211521850700261,-2534.934011466984,-3138.5284900025936,0.0,0.4444444444444444,0.0,0.0
1.3666666666666667,19.865477546022536,4.154845629677711,20.29531818765051,-0.43521712703285353,-0.21861523679057648,0.0,0.11623422766818858,-0.20887691686262677,81.91527626844366,-2.6192249832179826,0.20617704062670694,0.1929831176416903,0.2203886179053938,-2539.0005070914417,-3130.0703601280893,0.0,0.4444444444444444,0.0,0.0
1.3833333333333333,19.86804124792327,4.148490135594355,20.296527620120248,-0.4387148554599485,-0.20986370562569742,0.0,0.1538221140440056,-0.3813296450013457,82.24442101458789,-2.697289207743301,0.20584468186249913,0.19318020518696272,0.21948924034395606,-2541.284620441361,-3120.0818247934876,0.0,0.4444444444444444,0.0,0.0
1.4,19.87123033242594,4.1393530587407605,20.29778408273256,-0.44206896879981245,-0.2012468003918369,0.0,0.19134507016032876,-0.5482246112156579,82.57328496644836,-2.7766173638583505,0.2053719203299334,0.19322833338169923,0.21845839894504607,-2541.8422643352565,-3108.5986460975355,0.0,0.4444444444444444,0.0,0.0
1.4166666666666667,19.875042281517693,4.127525071500027,20.29910758895517,-0.4452816924513996,-0.19276341909522823,0.0,0.2287169455050455,-0.7096792344440552,82.90186479187308,-2.857206932513834,0.20476318416324238,0.19313206237313485,0.21730038099369461,-2540.72675617215,-3095.6547145115273,0.0,0.4444444444444444,0.0,0.0
1.4333333333333333,19.879473227508676,4.113095013932435,20.30051739234422,-0.4483552362897216,-0.18441263029932226,0.0,0.26585675945892084,-0.8658034540554884,83.23015766677518,-2.939054765980555,0.20402283009158806,0.19289586561445324,0.21601942011371816,-2537.9890414016263,-3081.2822992932474,0.0,0.4444444444444444,0.0,0.0
1.45,19.88451803531652,4.0961500110925035,20.30203197737116,-0.4512917974030627,-0.17619366680046536,0.0,0.30268846847077613,-1.0167001703958953,83.55816126782263,-3.022157109392282,0.20315514913914015,0.19252413603715768,0.21461970134641417,-2533.6779057723375,-3065.5122851508954,0.0,0.4444444444444444,0.0,0.0
1.4666666666666666,19.890170381236913,4.076775583083054,20.3036690514167,-0.45409356271723206,-0.1681059188501606,0.0,0.33914075522356946,-1.162465680566957,83.88587376483439,-3.1065096211078123,0.20216437184320823,0.19202119178296734,0.21310536571136382,-2527.840176634908,-3048.374395963423,0.0,0.4444444444444444,0.0,0.0
1.4833333333333334,19.89642282853465,4.055055747930701,20.30544553785168,-0.456762711499824,-0.16014892695551755,0.0,0.3751468378641011,-1.3031901091411955,84.21329381288639,-3.1921073919960037,0.20105467300383245,0.19139128150540172,0.21148051426498277,-2520.5209135854275,-3029.897406232581,0.0,0.4444444444444444,0.0,0.0
1.5,19.903266900158915,4.031073117370613,20.307377570147985,-0.459301417737906,-0.15232237428492115,0.0,0.4106442974559812,-1.438957833605253,84.54042054412884,-3.2789449637422523,0.19983017597789346,0.1906385892513446,0.2097492116717585,-2511.7635887349775,-3010.1093408180573,0.0,0.4444444444444444,0.0,0.0
1.5166666666666666,19.910693148857206,4.004908985631133,20.309480486982878,-0.46171185238295176,-0.14462607870274607,0.0,0.4455749218974254,-1.5698479043688405,84.86725355931564,-3.3670163462698808,0.19849495653050192,0.18976723893292802,0.2079154893025852,-2501.6102568818087,-2989.0376633911183,0.0,0.4444444444444444,0.0,0.0
1.5333333333333332,19.91869122493425,3.976643411311334,20.311768828317206,-0.4639961854572007,-0.1370599844549386,0.0,0.4798845646226386,-1.6959344591879235,85.19379291904596,-3.4563150343650864,0.19705304625619602,0.188781298400083,0.2059833478742495,-2490.1017158482236,-2966.709453934754,0.0,0.4444444444444444,0.0,0.0
1.55,19.92724994187556,3.9463552924474405,20.31425633244317,-0.46615658801597293,-0.1296241535263305,0.0,0.5135230164784319,-1.817287131833604,85.52003913471727,-3.546834023589484,0.1955084355823232,0.18768478312409312,0.20395675964393803,-2477.2776572258613,-2943.1515755199916,0.0,0.4444444444444444,0.0,0.0
1.5666666666666667,19.936357340029506,3.9141224348674686,20.316955934009435,-0.4681952339608145,-0.1223187566904961,0.0,0.5464438892369372,-1.9339714547983062,85.84599315918948,-3.63856582555984,0.19386507636692055,0.1864816595024857,0.20183967017262505,-2463.1768077525726,-2918.3908304994175,0.0,0.4444444444444444,0.0,0.0
1.5833333333333333,19.946000748517363,3.880021613937911,20.31987976304192,-0.4701143016987093,-0.11514406427368772,0.0,0.5786045092715154,-2.0460492557734695,86.17165637715951,-3.731502482670294,0.1921268841034435,0.18517584779562038,0.1996359996713486,-2447.837061522787,-2892.4541061804816,0.0,0.4444444444444444,0.0,0.0
1.6,19.956166845517146,3.8441286298118706,20.323039144986584,-0.471915975642972,-0.10810043665576158,0.0,0.6099658199870372,-2.1535790475624164,86.49703059524639,-3.8256355823281942,0.19029773974482828,0.183771224705399,0.19734964394469204,-2431.2956032123284,-2865.368509973386,0.0,0.4444444444444444,0.0,0.0
1.6166666666666667,19.966841717044787,3.8065183562949962,20.326444601807044,-0.47360244755185404,-0.10118831453292394,0.0,0.6404922916583828,-2.25661641101246,86.82211803178711,-3.9209562707705974,0.1883814911596066,0.18227162560663676,0.19498447494623566,-2413.589022478944,-2837.161493951682,0.0,0.4444444444444444,0.0,0.0
1.6333333333333333,19.97801091433467,3.7672647834539057,20.330105854174178,-0.47517591770134526,-0.09440820896947152,0.0,0.6701518373931818,-2.35521437046542,87.14692130634492,-4.017455266524485,0.18638195423312084,0.18068084644180488,0.1925443409613263,-2394.7534196821734,-2807.8609687186045,0.0,0.4444444444444444,0.0,0.0
1.65,19.98965950990129,3.7264410541015875,20.334031824787747,-0.47663859588915136,-0.08776069126836704,0.0,0.6989157339972043,-2.4494237611390908,87.47144342893186,-4.115122873569827,0.18430291362730641,0.17900264529008728,0.19003306643320386,-2374.824503051193,-2777.4954064388417,0.0,0.4444444444444444,0.0,0.0
1.6666666666666667,20.001772152344362,3.6841194943054743,20.338230642871075,-0.4779927022673742,-0.081246382693373,0.0,0.7267585465841837,-2.539293587766804,87.79568778894951,-4.2139489942607256,0.1821481232130085,0.1772407436219862,0.18745445144931636,-2353.8376774174067,-2746.0939328742857,0.0,0.4444444444444444,0.0,0.0
1.6833333333333333,20.014333119941643,3.6403716380764513,20.342709649879595,-0.4792404680020153,-0.07486594407846364,0.0,0.7536580558369399,-2.6248713737413896,88.11965814385215,-4.313923142056018,0.17992130618937088,0.17539882725106293,0.18481227090551988,-2331.8281246202046,-2713.6864082532647,0.0,0.4444444444444444,0.0,0.0
1.7,20.027326373056543,3.5952682464108525,20.34747540646201,-0.48038413575806943,-0.0686200653632458,0.0,0.7795951868939182,-2.70620349993593,88.44335860753898,-4.415034454106876,0.17762615490546207,0.17348054699480606,0.1821102733667788,-2308.830875689704,-2680.3034968059437,0.0,0.4444444444444444,0.0,0.0
1.7166666666666666,20.04073560537163,3.5488793208723606,20.35253370070974,-0.48142596000967025,-0.06250945509604836,0.0,0.8045539389052936,-2.7833355323095095,88.76679363848268,-4.517271703745131,0.17526633039997871,0.17148951905707735,0.1793521796439349,-2284.880874909641,-2645.9767248137578,0.0,0.4444444444444444,0.0,0.0
1.7333333333333334,20.05454429394456,3.501274111916465,20.357889557725787,-0.48236820717548845,-0.05653482994909258,0.0,0.8285213143758399,-2.8563125373537432,89.08996802760386,-4.620623312912196,0.17284546167556558,0.16942932514508102,0.1765416811070708,-2260.0130358668207,-2610.738527047556,0.0,0.4444444444444444,0.0,0.0
1.75,20.06873574806936,3.45252112217651,20.36354725053845,-0.48321315558036587,-0.05069690429264364,0.0,0.8514872474880881,-2.92517938439728,89.41288688590225,-4.725077364564689,0.1703671447250068,0.16730351233433463,0.1736824377569362,-2234.262289600851,-2574.622281507122,0.0,0.4444444444444444,0.0,0.0
1.7666666666666666,20.08329315691401,3.4026881049471367,20.369510312378594,-0.4839630952449856,-0.04499637987718371,0.0,0.873444530678976,-2.9899810337624153,89.73555563185744,-4.830621615089003,0.16783494132725085,0.16511559269567166,0.1707780760768051,-2207.6636249788976,-2537.662332423056,0.0,0.4444444444444444,0.0,0.0
1.7833333333333332,20.098199635894446,3.3518420581177764,20.37578155033163,-0.48462032750622497,-0.03943393567436266,0.0,0.8943887388260969,-3.050762809761615,90.05797997861329,-4.937243506753279,0.16525237763191775,0.16286904269886865,0.16783218668796646,-2180.2521214349204,-2499.8940015398525,0.0,0.4444444444444444,0.0,0.0
1.8,20.113438271735873,3.300049213825555,20.382363060366675,-0.4851871644717034,-0.03401021792870547,0.0,0.9143181504855892,-3.1075706575332833,90.38016592096261,-5.044930180221468,0.1626229425515829,0.1605673024080532,0.16484832183279652,-2152.062974230907,-2461.3535877652,0.0,0.4444444444444444,0.0,0.0
1.8166666666666667,20.128992166164412,3.24737502411312,20.389256243736355,-0.48566592831291555,-0.02872583047272743,0.0,0.9332336657122855,-3.1604513827461203,90.70211972214948,-5.15366848715034,0.15995008598171898,0.1582137744845943,0.1618299927099939,-2123.1315124186385,-2422.0783553437614,0.0,0.4444444444444444,0.0,0.0
1.8333333333333333,20.1448444781658,3.193884142892288,20.396461824730924,-0.4860589504022186,-0.023581325358180704,0.0,0.9511387200833733,-3.209452873249903,91.02384790050894,-5.263445002886621,0.15723721686868944,0.1558118230136979,0.15878066668705956,-2093.4932097041587,-2382.1065107925574,0.0,0.4444444444444444,0.0,0.0
1.8499999999999999,20.160978464743117,3.13964040452866,20.403979869760327,-0.48636857029981184,-0.01857719385559422,0.0,0.9680391946389659,-3.2546243018176857,91.34535721596512,-5.374246039277691,0.1544877011466105,0.15336477217140743,0.15570376441545505,-2063.1836884428362,-2341.4771689178924,0.0,0.4444444444444444,0.0,0.0
1.8666666666666667,20.177377520102212,3.084706799375172,20.411809807727426,-0.486597134597696,-0.013713857873049013,0.0,0.9839433215456972,-3.2960163092092802,91.66665465641019,-5.486057657605688,0.15170485956421206,0.15087590474913543,0.15260265687405467,-2032.2387170202178,-2300.2303083188676,0.0,0.4444444444444444,0.0,0.0
1.8833333333333333,20.194025213191914,3.02914544659371,20.419950451645324,-0.4867469956284167,-0.0089916618432452,0.0,0.998861585382043,-3.3336811668877018,91.98774742398808,-5.5988656816512705,0.14889196542302835,0.14834846055320877,0.1494806623665131,-2000.694200902162,-2258.4067168681286,0.0,0.4444444444444444,0.0,0.0
1.9,20.210905323525836,2.973017564613084,20.4284000214413,-0.48682051004717286,-0.004410865125368625,0.0,1.012806620035388,-3.3676729188375867,92.3086429213082,-5.712655710889855,0.1460522422483159,0.14578563469719305,0.14634104349798296,-1968.5861676665118,-2216.047927744673,0.0,0.4444444444444444,0.0,0.0
1.9166666666666667,20.228001875214,2.9163834395786563,20.43715616787986,-0.4868200372965908,2.836503492425948e-05,0.0,1.0257931012900523,-3.3980475020656535,92.62934873761517,-5.827413133819796,0.14318886141402695,0.1431905758049504,0.1431870041562368,-1935.9507463570592,-2173.196146674645,0.0,0.4444444444444444,0.0,0.0
1.9333333333333333,20.24529916913519,2.8593023921535554,20.446215997527784,-0.4867479379641261,0.004325959947883871,0.0,1.0378376352713743,-3.4248628455060586,92.94987263494178,-5.943123141418751,0.14030493974295263,0.14056638414248304,0.1400216865216694,-1902.8241415283464,-2129.8941711121065,0.0,0.4444444444444444,0.0,0.0
1.95,20.262781813185068,2.801832743033461,20.455576098674854,-0.48660657204263863,0.008481955289248198,0.0,1.048958642992604,-3.4481789472056494,93.27022253427305,-6.0597707407214365,0.1374035371027869,0.13791610969660048,0.1368481681298794,-1869.2426023761277,-2086.185302161266,0.0,0.4444444444444444,0.0,0.0
1.9666666666666666,20.28043475054053,2.74403177753641,20.46523256811565,-0.4863982971051931,0.01249649624673139,0.0,1.0591762413276626,-3.4680579298230554,93.5904065017497,-6.177340768509063,0.13448765401835025,0.13524275021832804,0.13366945900956267,-1835.2423873726818,-2042.1132501029895,0.0,0.4444444444444444,0.0,0.0
1.9833333333333334,20.298243285887242,2.6859557096257665,20.475181038690177,-0.48612546640555276,0.01636984197842063,0.0,1.068512120802865,-3.484564074638603,93.91043273493985,-6.295817905098069,0.13156022931955197,0.1325492492487356,0.13048849891729758,-1800.8597248479718,-1997.7220344401994,0.0,0.4444444444444444,0.0,0.0
2.0,20.31702677449959,2.6415769033229592,20.488033226542328,-0.4856188630896722,0.03039619895283148,0.075,1.1270093167407578,-2.6627283781684277,94.23045057789857,-6.4149331552748805,0.12929259432127901,0.056128241981633006,0.12730298713342217,-781.5074642938501,-1952.9830757551292,0.0,0.4444444444444444,0.0,-0.2
2.0166666666666666,20.33590123480126,2.6012387969000623,20.50159316516864,-0.4847860209464938,0.04997052859070522,0.11599999999999999,1.1324676181002635,-2.420286385373809,94.5505325360399,-6.534523273050798,0.12722275599513583,0.014238870526783742,0.12395267197213704,-199.27375082138465,-1905.6277153790465,0.0,0.4444444444444444,0.0,-0.2
2.033333333333333,20.355562676542124,2.555086058900014,20.515296650231992,-0.48363360843341496,0.0691447507847305,0.11599999999999999,1.1796865044520135,-2.769164280002908,94.87068452394455,-6.654577813149075,0.12486966201627175,0.013040961167880644,0.12034582450488222,-182.51933981781863,-1854.306756474499,0.0,0.4444444444444444,0.0,-0.2
2.05,20.375953172999676,2.5033558387254895,20.52915629448898,-0.4821682953489183,0.08791878506979932,0.11599999999999999,1.2234297874531501,-3.1038132104714666,95.19091339281297,-6.775084562290702,0.12224573301684047,0.011547064614014307,0.11649482981534676,-161.62133389419492,-1799.131077760132,0.0,0.4444444444444444,0.0,-0.2
2.0666666666666664,20.39701083410139,2.446281101236198,20.543182377438868,-0.48039676179830226,0.10629201303696434,0.11599999999999999,1.2634596661029731,-3.4244842493575005,95.51122687698846,-6.896029592127524,0.11936318596326871,0.00976947525023203,0.11241192917023492,-136.74989819857083,-1740.2130579464529,0.0,0.4444444444444444,0.0,-0.2
2.0833333333333335,20.418670299414178,2.384090946460561,20.55738277206449,-0.4783257062883345,0.1242633305980674,0.11599999999999999,1.2995679187672993,-3.7314092865382076,95.83163353847851,-7.017397310491585,0.11623404423631965,0.007720245306584203,0.10810922426201089,-108.07220390305103,-1677.6677465965697,0.0,0.4444444444444444,0.0,-0.2
2.1,20.440863214893245,2.3170108905018743,20.57176289083364,-0.47596185281734454,0.14183120825939494,0.11599999999999999,1.331574928743952,-4.0248033575212006,96.15214270958573,-7.139170511437355,0.11287014553144313,0.005411197523621208,0.1035986786307478,-75.75289801866315,-1611.6139001833228,0.0,0.4444444444444444,0.0,-0.2
2.1166666666666667,20.463518694871006,2.245263105819753,20.58632565053051,-0.4733119568484841,0.15899375813162647,0.11599999999999999,1.3593287986657339,-4.304867080927288,96.47276443377106,-7.261330424528571,0.10928314758833634,0.0028539362113129407,0.09889211638940532,-39.95453956920963,-1542.1748751795772,0.0,0.4444444444444444,0.0,-0.2
2.1333333333333333,20.486563770349694,2.1690666198173245,20.601071455577507,-0.47038281007467947,0.17574880642827684,0.11599999999999999,1.3827045287212985,-4.571789160145716,96.79350940488874,-7.383856763791689,0.1054845317935887,5.985663780719297e-05,0.09400121841018104,-0.8379929240659917,-1469.4793704094598,0.0,0.4444444444444444,0.0,-0.2
2.15,20.509923824263424,2.0886374713703346,20.615998199551257,-0.46718124390447596,0.19209397021221128,0.11599999999999999,1.4016032348238414,-4.825748906819399,97.11438890495045,-7.506727776723989,0.10148560473260701,-0.002959847280441963,0.08893751616158181,41.43722899629431,-1393.6620117293712,0.0,0.4444444444444444,0.0,-0.2
2.1666666666666665,20.53352301400286,2.004188825602041,20.631101284595864,-0.46371413161869224,0.20802673714702388,0.11599999999999999,1.4159513843661085,-5.066918746097607,97.43541474059711,-7.629920293706494,0.09729749779684567,-0.0061941769841061395,0.08371238341598389,86.71267719472692,-1314.8637734165468,0.0,0.4444444444444444,0.0,-0.2
2.183333333333333,20.557284681153646,1.9159310478395155,20.64637365839507,-0.45998838916862295,0.22354454700415846,0.11599999999999999,1.4257000290472626,-5.2954666657515315,97.75659917847861,-7.753409778130571,0.09293116497966691,-0.009632324940391873,0.0783370260750113,134.83073870999107,-1233.2322324113745,0.0,0.4444444444444444,0.0,-0.2
2.2,20.581131748093963,1.8240717382814502,20.661805868287466,-0.4560109746073871,0.23864487367415155,0.11599999999999999,1.4308240164190258,-5.511558573483925,98.07795487976341,-7.877170377502811,0.08839737901875075,-0.013263671919001269,0.07282247038430731,185.6344708404134,-1148.9216537522204,0.0,0.4444444444444444,0.0,-0.2
2.216666666666667,20.60498710083138,1.7288157294608149,20.67738613200079,-0.4517888861667684,0.2533253064371226,0.11599999999999999,1.4313211642449413,-5.715360529238124,98.39949483402177,-8.001174975746176,0.08370672606459553,-0.017077785793841546,0.06717954982943385,238.9674985560474,-1062.0929080965027,0.0,0.4444444444444444,0.0,-0.2
2.2333333333333334,20.62877395723902,1.6303650490917783,20.693100424348277,-0.4473291590122921,0.26758362926857626,0.11599999999999999,1.4272113844583003,-5.907040822142198,98.72123229274554,-8.125395246867065,0.07886959907297082,-0.02106442176869859,0.06141889101997857,294.6739748607999,-972.9132250534261,0.0,0.4444444444444444,0.0,-0.2
2.25,20.65241621967888,1.5289188513420364,20.708932579079114,-0.44263886072903197,0.2814178969956077,0.11599999999999999,1.4185357463916404,-6.086771864984513,99.04318070278559,-8.249801710108548,0.07389619013386241,-0.025213523906534765,0.05555089887884059,352.59860262773583,-881.5557890557709,0.0,0.4444444444444444,0.0,-0.2
2.2666666666666666,20.675838810878446,1.42467331996144,20.72486440491318,-0.43772508560939194,0.294826507178402,0.11599999999999999,1.40535547197393,-6.254731882835784,99.36535364000183,-8.374363786660416,0.06879648196016624,-0.029515227826045085,0.049585741457609495,412.58671527484717,-788.1991875489776,0.0,0.4444444444444444,0.0,-0.2
2.283333333333333,20.698967991856474,1.3178215470181953,20.74087581462471,-0.43259494783149405,0.3078082666738751,0.11599999999999999,1.387750858681603,-6.411106376594687,99.68776474343224,-8.49904985794758,0.063580238765883,-0.0339598644157572,0.043533334696634375,474.4844125848648,-693.0267242451707,0.0,0.4444444444444444,0.0,-0.2
2.3,20.721731660674983,1.208553391238477,20.756944965878144,-0.42725557363245315,0.3203624519424555,0.11599999999999999,1.3658201291104972,-6.556089346783102,100.0104276502936,-8.623827325470675,0.05825699676566374,-0.03853796440545268,0.037403327439698784,538.1387470144776,-596.2256129462583,0.0,0.4444444444444444,0.0,-0.2
2.3166666666666664,20.744059630825443,1.0970553201091082,20.773048412368887,-0.4217140925943856,0.33248886228405267,0.11599999999999999,1.3396782090275683,-6.689884267762117,100.33335593212908,-8.748662672127152,0.05283605452520074,-0.043240263627170594,0.031205086998304453,603.3979550006578,-497.9860698588997,0.0,0.4444444444444444,0.0,-0.2
2.3333333333333335,20.765883888135168,0.983510239983081,20.789161263688907,-0.41597762817217426,0.34418786533268,0.11599999999999999,1.3094554385835457,-6.812704807561638,100.65656303241555,-8.873521524898704,0.04732646338520986,-0.048057708793649345,0.02494768553978138,670.1117270698757,-398.5003242942319,0.0,0.4444444444444444,0.0,-0.2
2.35,20.787138825200895,0.868097318423485,20.80525735222779,-0.41005328760055126,0.3554604342973789,0.11599999999999999,1.2752962239436667,-6.924775293575757,100.98006220593567,-8.998368718751935,0.0417370181708141,-0.052981463620832725,0.018639887547369206,738.1315100035549,-297.96156907713134,0.0,0.4444444444444444,0.0,-0.2
2.3666666666666667,20.807761452515123,0.7509918029347513,20.821309405338788,-0.4039481513237917,0.36630817660557297,0.11599999999999999,1.237357638853672,-7.02633092932402,101.3038664602084,-9.123168361564822,0.036076248383343265,-0.05800291512300636,0.01229013856983313,807.3108339211454,-196.56287282019036,0.0,0.4444444444444444,0.0,-0.2
2.3833333333333333,20.827691585640856,0.6323648400653288,20.83728922095016,-0.39766926209414666,0.37673335377870215,0.11599999999999999,1.1958079875439556,-7.117617772165355,101.62798849925461,-9.247883899861883,0.030352410053366197,-0.06311367991416045,0.005906555444026775,877.5056569177817,-94.49607641329764,0.0,0.4444444444444444,0.0,-0.2
2.4,20.84687200800488,0.5123832986297259,20.853167844786846,-0.3912236138850867,0.3867388925435973,0.11599999999999999,1.150825341841438,-7.198892486136172,101.95244066995396,-9.372478185116735,0.024573478412728056,-0.06830561035712557,-0.0005030818628526079,948.5747198390433,8.049304360974512,0.0,0.4444444444444444,0.0,-0.2
2.4166666666666665,20.86524860911118,0.3912096004990104,20.868915747387035,-0.3846181407625666,0.3963283873512057,0.11599999999999999,1.1025960663780685,-7.27042188784293,102.2772349112247,-9.496913540361994,0.01874714152011193,-0.07357080041265751,-0.006931336682638906,1020.3799038881523,110.88714922397106,0.0,0.4444444444444444,0.0,-0.2
2.433333333333333,20.882770498216942,0.26900156205780096,20.884502999152012,-0.37785970585203466,0.4055060946319168,0.11599999999999999,1.0513133463456419,-7.332482306472565,102.60238270623076,-9.621151826833433,0.012880794949870811,-0.07890159105363018,-0.013371120276869031,1092.7865840330412,213.83575754555955,0.0,0.4444444444444444,0.0,-0.2
2.45,20.899390093756196,0.14591224903413041,20.899899441753607,-0.37095509053104525,0.4142769192593652,0.11599999999999999,0.9971757323553211,-7.3853587814202335,102.92789503779005,-9.74515451036801,0.006981537628292212,-0.08429057512445222,-0.01981569463595809,1165.6639715992237,316.718809040571,0.0,0.4444444444444444,0.0,-0.2
2.466666666666667,20.915063189033525,0.022089846988582976,20.91507485433904,-0.363910983967404,0.4226463938184746,0.11599999999999999,0.940385716639782,-7.4293441227328465,103.25378234712653,-9.868882727273453,0.0010561688757640079,-0.08973060154231824,-0.026258673449826048,1238.8854399818379,419.3662462601062,0.0,0.4444444444444444,0.0,-0.2
2.4833333333333334,20.929748994935593,-0.10232245068676045,20.929999113113265,-0.35673397311114013,0.4306206513758317,0.11599999999999999,0.8811483541241057,-7.464737860520605,103.58005449607529,-9.99229734939045,-0.004888813311829958,-0.09521477875447826,-0.03269402128600353,1312.3288280656427,521.6150668220268,0.0,0.4444444444444444,0.0,-0.2
2.5,20.943410160616235,-0.2271865358487441,20.944642343040243,-0.3494305332356496,0.4382063925294328,0.11599999999999999,0.8196699408384734,-7.49184510971902,103.90672073281702,-10.1153590480766,-0.010847212733141036,-0.10073647738388372,-0.039116051040952865,1385.876716681403,623.3100161748492,0.0,0.4444444444444444,0.0,-0.2
2.5166666666666666,20.95601277329641,-0.35236945878440207,20.958975060580762,-0.34200701910948916,0.4454108475696254,0.11599999999999999,0.7561567608105898,-7.51097537613948,104.23378966118473,-10.238028356853722,-0.01681313421578031,-0.1062893320138765,-0.04551941975614525,1459.4166742257528,724.3041745765843,0.0,0.4444444444444444,0.0,-0.2
2.533333333333333,20.967526338480138,-0.4777434809293717,20.972968306570934,-0.33446965686592467,0.45224173461386974,0.11599999999999999,0.6908139110236541,-7.522441328698178,104.56126921355394,-10.360265732476204,-0.022780981648313995,-0.11186724208058386,-0.05189912291198232,1532.8414684036156,824.4594347916092,0.0,0.4444444444444444,0.0,-0.2
2.55,20.977923742018874,-0.6031861069485178,20.986593768536494,-0.3268245366228275,0.45870721458582975,0.11599999999999999,0.6238442123240888,-7.526557561148765,104.88916662729658,-10.482031614197373,-0.02874545486079823,-0.11746437185896148,-0.058250487329768966,1606.0492418925,923.6468696738849,0.0,0.4444444444444444,0.0,-0.2
2.5666666666666664,20.98718119555852,-0.7285800963595512,20.999823891928628,-0.31907760589122575,0.46481584389610575,0.11599999999999999,0.5554472123787033,-7.523639364662006,105.2174884247503,-10.603286481032516,-0.03470154541997884,-0.12307514954463367,-0.06456916282462521,1678.9436505530944,1021.746991239078,0.0,0.4444444444444444,0.0,-0.2
2.5833333333333335,20.995278166974796,-0.8538134551978773,21.01263197995257,-0.3112346637970583,0.47057652565004976,0.11599999999999999,0.485818284976605,-7.514001530299568,105.54624039662863,-10.723990906840749,-0.040644531417692656,-0.12869426544852136,-0.070851112760612,1751.4339635995452,1118.6499049746353,0.0,0.4444444444444444,0.0,-0.2
2.6,21.00219729744486,-0.9787794084965828,21.024992281836802,-0.30330135612771836,0.4759984601603945,0.11599999999999999,0.4151478282038166,-7.497957197922328,105.87542758877345,-10.844105613072648,-0.04656997134065725,-0.1343166693344944,-0.07709260366370085,1823.4351258776637,1214.2553649572565,0.0,0.4444444444444444,0.0,-0.2
2.6166666666666667,21.007924306817152,-1.1033763545874928,21.036880069554556,-0.295283171203019,0.4810910954819599,0.11599999999999999,0.3436205623375067,-7.475816765454598,106.2050542921305,-10.963591519055889,-0.05247369711679367,-0.13993756694177606,-0.08329019404890789,1894.8677830656607,1308.4727368210733,0.0,0.4444444444444444,0.0,-0.2
2.6333333333333333,21.01244788892969,-1.227507802417237,21.048271703158456,-0.28718543655942524,0.4858640786156269,0.11599999999999999,0.27141492675220646,-7.447886869784655,106.535124035811,-11.082409789716568,-0.05835180643763361,-0.14555241574346942,-0.08944072261536594,1965.6582711989715,1401.2208767430998,0.0,0.4444444444444444,0.0,-0.2
2.65,21.01575959849191,-1.351082293217195,21.05914468502104,-0.2790133164268888,0.49032720795218593,0.11599999999999999,0.19870257373327138,-7.414469447997481,106.86563958308706,-11.200521880658851,-0.06420065445841533,-0.15115692000033606,-0.09554129595780476,2035.7385724213184,1492.4279353952784,0.0,0.4444444444444444,0.0,-0.2
2.6666666666666665,21.01785373108982,-1.4740133079700872,21.069477703387882,-0.2707718099694475,0.49449038744647844,0.11599999999999999,0.12564795587450572,-7.375860885173523,107.19660293015717,-11.317889580549814,-0.07001684497741285,-0.1567470251748625,-0.10158927593534002,2105.0462392746635,1582.0310962763833,0.0,0.4444444444444444,0.0,-0.2
2.683333333333333,21.01872719780165,-1.596219162181746,21.079250665745285,-0.2624657502539293,0.49836358293109095,0.11599999999999999,0.05240800270979784,-7.332351252699532,107.52801530750862,-11.434475050779266,-0.07579722119413666,-0.16231891177477223,-0.10758226682913002,2173.5242901608735,1669.9762580124902,0.0,0.4444444444444444,0.0,-0.2
2.7,21.018379395824933,-1.7176228894977903,21.088444722581247,-0.2540998039056125,0.5019567808990114,0.11599999999999999,-0.020868118602927033,-7.284223638962656,107.8598771836979,-11.55024086238594,-0.0815388561425749,-0.16786898869759442,-0.11351810240981501,2241.1210788401368,1756.2176701380054,0.0,0.4444444444444444,0.0,-0.2
2.716666666666667,21.016812076418837,-1.8381521157054923,21.097042282177313,-0.24567847140547858,0.5052799500080352,0.11599999999999999,-0.09403916436585769,-7.231753572462127,108.19218827136591,-11.66515003026123,-0.08723904289089499,-0.17339388614883006,-0.11939483302414457,2307.7901409803167,1840.7175315799566,0.0,0.4444444444444444,0.0,-0.2
2.7333333333333334,21.014029211361027,-1.9577389246352859,21.10502701711056,-0.2372060879806815,0.5083430054878254,0.11599999999999999,-0.16697190346853186,-7.175208535787618,108.52494753530381,-11.779166044659771,-0.09289528459327569,-0.17889044820582586,-0.12521071279821674,2373.49002084407,1923.4455606071165,0.0,0.4444444444444444,0.0,-0.2
2.75,21.010036859009084,-2.076319717428339,21.112383863171445,-0.22868682503793944,0.5111557765645224,0.11599999999999999,-0.23954114111663127,-7.11484756758321,108.85815320238606,-11.892252900062164,-0.09850528447304947,-0.1843557250978589,-0.13096418704264093,2438.1840812047963,2004.3785444122427,0.0,0.4444444444444444,0.0,-0.2
2.7666666666666666,21.004843030944922,-2.1938350665705912,21.119099011415006,-0.22012469208863222,0.5137279769584338,0.11599999999999999,-0.31162968384976364,-7.050920948535128,109.19180277318944,-12.00437512144946,-0.10406693580934705,-0.1897869652703322,-0.13665387993298506,2501.8402995270617,2083.4998758078855,0.0,0.4444444444444444,0.0,-0.2
2.783333333333333,20.998457560069447,-2.310229566013561,21.125159894062836,-0.21152353911433117,0.5160691784580629,0.11599999999999999,-0.3831282525285792,-6.983669966578189,109.52589303512147,-12.1154977880611,-0.10957831199216465,-0.1951816072975698,-0.1422785825273116,2564.431053341409,2160.799083767736,0.0,0.4444444444444444,0.0,-0.2
2.8,20.99089197090531,-2.425451678611775,21.13055516496189,-0.202887059322186,0.5181887875287092,0.11599999999999999,-0.45393534984819506,-6.913326755892831,109.860420076887,-12.225586554718426,-0.11503765670341086,-0.20053727170465574,-0.14783724117163374,2625.9328975967182,2236.2713637663996,0.0,0.4444444444444444,0.0,-0.2
2.8166666666666664,20.98215935276006,-2.539453582009122,21.13527467528623,-0.19421879224091892,0.5200960248760252,0.11599999999999999,-0.5239570887150361,-6.840114203840825,110.19537930412817,-12.334607670804301,-0.12044337427419001,-0.20585175275425227,-0.15332894633386893,2686.326336594514,2309.9171130861537,0.0,0.4444444444444444,0.0,-0.2
2.8333333333333335,20.972274236301274,-2.6521910140047997,21.139309445140206,-0.18552212711001947,0.5217999078539663,0.11599999999999999,-0.5931069875271793,-6.764245919740664,110.53076545608094,-12.442527996996182,-0.12579402026148057,-0.21112301024950997,-0.15875292189742757,2745.5955929074066,2381.741475490719,0.0,0.4444444444444444,0.0,-0.2
2.85,20.96125247400057,-2.7636231183262803,21.14265163168855,-0.17680030651698417,0.5233092355821181,0.11599999999999999,-0.6613057380423307,-6.685926259288841,110.86657262309924,-12.549315019855104,-0.13108829228056912,-0.21634916139918448,-0.16410851493700693,2803.7283754659265,2451.753898929661,0.0,0.4444444444444444,0.0,-0.2
2.8666666666666667,20.949111124815246,-2.8737122916340776,21.145294494401035,-0.16805643024000258,0.5246325766188956,0.11599999999999999,-0.7284809511193734,-6.605350398467849,111.20279426490649,-12.654936864376722,-0.13632502112318876,-0.22152847278601856,-0.16939518599149084,2860.715648771362,2519.967709245378,0.0,0.4444444444444444,0.0,-0.2
2.8833333333333333,20.93586834339535,-2.982424032482776,21.147232357959144,-0.15929345925626898,0.5257782590240162,0.11599999999999999,-0.7945668851939184,-6.522704450921894,111.53942322944347,-12.759362304612855,-0.14150316218534034,-0.22665935247443858,-0.17461249984208138,2916.551404962909,2586.3997022161852,0.0,0.4444444444444444,0.0,-0.2
2.9,20.921543274030206,-3.089726792866219,21.148460573329537,-0.15051421987901387,0.5267543626353063,0.11599999999999999,-0.8595041619085726,-6.438165623006581,111.87645177219052,-12.862560772473117,-0.14662178722328376,-0.23174034228873044,-0.17976011679789133,2971.232440240544,2651.0697556894615,0.0,0.4444444444444444,0.0,-0.2
2.9166666666666665,20.90615594948228,-3.195591832883029,21.14897547746609,-0.14172140798933539,0.527568713380709,0.11599999999999999,-0.923239472875692,-6.351902401008599,112.2138715758511,-12.96450236481625,-0.15168007645119688,-0.2367701102881768,-0.1848377844861611,3024.75813692481,2714.00046304073,0.0,0.4444444444444444,0.0,-0.2
2.933333333333333,20.889727194797054,-3.2999930789725136,21.148774352059036,-0.13291759333190747,0.5282288794456751,0.11599999999999999,-0.9857252811135035,-6.264074765369061,112.55167377029306,-13.065157848939908,-0.15667731098951673,-0.24174744346119698,-0.18984533013998997,3077.130252224468,2775.2167887385936,0.0,0.4444444444444444,0.0,-0.2
2.95,20.872278536125837,-3.402906986091071,21.147855381707306,-0.12410522384660133,0.5287421691183686,0.11599999999999999,-1.046919520272945,-6.174834427113433,112.88984895265284,-13.16449866657597,-0.16161286566899605,-0.24667124065638238,-0.19478265337292044,3128.3527145852067,2834.745746400172,0.0,0.4444444444444444,0.0,-0.2
2.966666666666667,20.853832114553036,-3.5043124041257263,21.146217611849004,-0.11528663001093886,0.5291156301397482,0.11599999999999999,-1.1067852943681258,-6.084325082079332,113.22838720751616,-13.262496936496088,-0.16648620219201382,-0.25154050576448095,-0.19964971942683293,3178.4314283092117,2892.6160993846356,0.0,0.4444444444444444,0.0,-0.2
2.9833333333333334,20.834410604880667,-3.6041904487745495,21.143860906745523,-0.10646402917107063,0.5293560503920941,0.11599999999999999,-1.165290580342228,-5.992682678929396,113.5672781270976,-13.35912545582932,-0.17129686264964952,-0.2563543411618725,-0.20444655287732255,3227.3740869673957,2948.858083689866,0.0,0.4444444444444444,0.0,-0.2
3.0,20.814037139289905,-3.7025243770633987,21.140785907777605,-0.09763952984161248,0.5294699597674891,0.11599999999999999,-1.2224079354457253,-5.900035697330952,113.90651083134875,-13.454357700190279,-0.17604446339043744,-0.2611119414228994,-0.20917323177898162,3275.1899959742186,3003.5031526850175,0.0,0.4444444444444444,0.0,-0.2
3.0166666666666666,20.792735235771957,-3.7992994676145675,21.13699399227641,-0.08881513595716686,0.529463633066737,0.11599999999999999,-1.2781142110769301,-5.806505433070143,114.24607398793297,-13.548167822712573,-0.1807286892345337,-0.2658125873055718,-0.21382988223173205,3321.889904559352,3056.583743025161,0.0,0.4444444444444444,0.0,-0.2
3.033333333333333,20.77052873119801,-3.8945029057352283,21.132487233080305,-0.07999275106068571,0.5293430937888693,0.11599999999999999,-1.3323902744368081,-5.712206287239638,114.58595583201098,-13.640530652078288,-0.18534928802521666,-0.2704556400126422,-0.21841667334848464,3367.4858472507212,3108.1330609484357,0.0,0.4444444444444444,0.0,-0.2
3.05,20.747441718879994,-3.9881236733517613,21.12726835897795,-0.07117418241599478,0.5291141186814556,0.11599999999999999,-1.3852207390808706,-5.617246056991989,114.92614418578894,-13.731421689630125,-0.1899060655081695,-0.2750405357278356,-0.22293381260388387,3411.9909948792715,3158.1848880464463,0.0,0.4444444444444444,0.0,-0.2
3.0666666666666664,20.723498490459825,-4.080152443779798,21.121340716170764,-0.062361145033792094,0.5287822429321614,0.11599999999999999,-1.4365937052101492,-5.52172622568217,115.26662647778656,-13.820817105648482,-0.19439888052782983,-0.2795667804251051,-0.22738154154368342,3455.4195150262244,3206.773405520375,0.0,0.4444444444444444,0.0,-0.2
3.0833333333333335,20.698723481954328,-4.170581481288644,21.114708230863037,-0.05355526560225585,0.5283527658921747,0.11599999999999999,-1.4865005103298676,-5.425742250530782,115.60738976178847,-13.908693734871418,-0.1988276405291967,-0.28403394494714357,-0.2317601318343316,3497.7864417578485,3253.933035884077,0.0,0.4444444444444444,0.0,-0.2
3.1,20.673141223775712,-4.259404545392358,21.107375373065306,-0.04475808631505409,0.5278307572321054,0.11599999999999999,-1.5349354907169201,-5.329383846222843,115.94842073544764,-13.995029071331073,-0.2031922973528353,-0.28844166034800267,-0.2360698816325885,3539.107554429792,3299.6983010470253,0.0,0.4444444444444444,0.0,-0.2
3.1166666666666667,20.646776294542807,-4.346616799777621,21.09934712167663,-0.03597106859104394,0.527221063440609,0.11599999999999999,-1.5818957539741965,-5.2327352631157735,116.28970575851433,-14.07980126257575,-0.20749284331037696,-0.2927896134935193,-0.2403111122554095,3579.399265291648,3344.1036957008732,0.0,0.4444444444444444,0.0,-0.2
3.1333333333333333,20.619653278495985,-4.4322147257603595,21.090628930893388,-0.027195596681290256,0.526528314585221,0.11599999999999999,-1.6273809628092715,-5.13587555896428,116.6312308706687,-14.162989103342591,-0.21172930752755398,-0.29707754291232247,-0.24448416513087623,3618.67851558166,3387.1835749399343,0.0,0.4444444444444444,0.0,-0.2
3.15,20.5917967263284,-4.516196040148358,21.081226697976586,-0.018432981160229886,0.5257569312636221,0.11599999999999999,-1.6713931300551685,-5.03887886327994,116.97298180893918,-14.244572028741601,-0.2159017525417061,-0.30130523488945016,-0.2485893990116046,3656.962679770116,3428.9720550651855,0.0,0.4444444444444444,0.0,-0.2
3.1666666666666665,20.56323111924757,-4.598559617375535,21.07114673239567,-0.009684462298867096,0.5249111316817674,0.11599999999999999,-1.713936424849999,-4.941814633630607,117.31494402469235,-14.324530107007686,-0.22001027114072447,-0.3054725197940388,-0.2526271874327907,3694.269477586967,3469.5029265508233,0.0,0.4444444444444444,0.0,-0.2
3.183333333333333,20.533980836084098,-4.679305415764708,21.060395726355047,-0.0009512133188179575,0.5239949388029483,0.11599999999999999,-1.755016989808308,-4.8447479033503775,117.65710270018367,-14.402844031873443,-0.22405498343053948,-0.3095792686321345,-0.2565979163978365,3730.6168934535094,3508.809578189436,0.0,0.4444444444444444,0.0,-0.2
3.2,20.504070123268296,-4.758434407769312,21.04898072669901,0.007765656473164285,0.5230121875189345,0.11599999999999999,-1.7946427689482038,-4.747739520276232,117.99944276466113,-14.47949511461167,-0.22803603411849108,-0.3136253898153918,-0.2605019822753208,3766.023102928653,3546.9249314747467,0.0,0.4444444444444444,0.0,-0.2
3.216666666666667,20.473523067500246,-4.835948514040212,21.036909108182037,0.01646509866984488,0.5219665318008355,0.11599999999999999,-1.8328233460830878,-4.650846376254047,118.34194891001668,-14.554465275792921,-0.2319535900002254,-0.31761082613626346,-0.26433978989191975,3800.5064057763525,3583.88138432774,0.0,0.4444444444444444,0.0,-0.2
3.2333333333333334,20.442363570944522,-4.911850541161314,21.024188548084,0.025146122866399265,0.5208614517932632,0.11599999999999999,-1.8695697933433464,-4.554121627266112,118.6846056059828,-14.6277370368,-0.23580783763812607,-0.3215355519402165,-0.2681117508067318,3834.08516526144,3619.7107633214378,0.0,0.4444444444444444,0.0,-0.2
3.25,20.41061532878685,-4.9861441228967465,21.010827002143596,0.033807793880078714,0.5197002608207668,0.11599999999999999,-1.9048945294603428,-4.457614904125956,119.02739711487347,-14.699293511137984,-0.23959898121969855,-0.3253995704855346,-0.27181828175330497,3866.7777532856803,3654.4442836104818,0.0,0.4444444444444444,0.0,-0.2
3.2666666666666666,20.3783018089965,-5.058833664792844,20.996832681778255,0.042449229084751836,0.5184861122803872,0.11599999999999999,-1.9388111874209475,-4.361372513765819,119.37030750587093,-14.769118395575298,-0.24332724058477048,-0.32920291148135816,-0.2754598032364993,3898.60250098346,3688.112515822987,0.0,0.4444444444444444,0.0,-0.2
3.283333333333333,20.345446234145093,-5.129924291979657,20.982214032554612,0.05106959585806112,0.5172220063985568,0.11599999999999999,-1.9713344910844772,-4.265437631208822,119.71332066886109,-14.837195961148378,-0.24699284941083732,-0.33294562879476525,-0.27903673827212755,3929.5776544067744,3720.7453592230513,0.0,0.4444444444444444,0.0,-0.2
3.3,20.31207156513936,-5.199421800019214,20.96697971387052,0.05966810913863595,0.5159107968344897,0.11599999999999999,-2.002480140344153,-4.169850482373367,120.05642032782183,-14.903511044059773,-0.2505960535463671,-0.3366277983179022,-0.2825495112581083,3959.7213349414083,3752.372020502292,0.0,0.4444444444444444,0.0,-0.2
3.3166666666666664,20.27820048673251,-5.267332608650921,20.951138579806965,0.06824402909056418,0.5145551971156936,0.11599999999999999,-2.0322647044109248,-4.074648517902481,120.39959005376988,-14.968049036496865,-0.2541371094823675,-0.3402495159864116,-0.2859985469666232,3989.051504109905,3783.0209976072492,0.0,0.4444444444444444,0.0,-0.2
3.3333333333333335,20.243855394685877,-5.333663718288377,20.934699661106634,0.0767966588721362,0.5131577868943215,0.11599999999999999,-2.0607055227979507,-3.9798665782473224,120.74281327727293,-15.030795877396043,-0.25761628295301336,-0.34381089594068004,-0.28938426964749875,4017.58593243183,3812.7200680561823,0.0,0.4444444444444444,0.0,-0.2
3.35,20.209058384459407,-5.398422669126088,20.917672148234455,0.08532534250573287,0.5117210180158,0.11599999999999999,-2.0878206135882538,-3.885537050262683,121.08607330053425,-15.09173804317484,-0.26103384765662085,-0.34731206882172583,-0.2927071022337255,4045.3421720274687,3841.4962812433128,0.0,0.4444444444444444,0.0,-0.2
3.3666666666666667,20.17383124131648,-5.461617502719322,20.900065375474952,0.0938294628456255,0.5102472203935581,0.11599999999999999,-2.113628588575453,-3.7916900155940496,121.42935330905844,-15.15086253845245,-0.26439008408873876,-0.3507531801938589,-0.29596746564068743,4072.337532667185,3869.3759542708904,0.0,0.4444444444444444,0.0,-0.2
3.3833333333333333,20.13819543173519,-5.5232567259051875,20.881888806020804,0.10230843964038801,0.5087386076857506,0.11599999999999999,-2.13814857487734,-3.6983533911519437,121.77263638290697,-15.208156886777122,-0.2676852784795994,-0.3541343890865737,-0.299165778151297,4098.589060985013,3896.384670889339,0.0,0.4444444444444444,0.0,-0.2
3.4,20.102172096024624,-5.583349276938188,20.863152018007185,0.11076172768658266,0.5071972827716787,0.11599999999999999,-2.1614001426339358,-3.605553061980028,122.11590550755297,-15.263609121376994,-0.2709197218286295,-0.3574558666484675,-0.30230245487981766,4124.113522591375,3922.547283163191,0.0,0.4444444444444444,0.0,-0.2
3.4166666666666665,20.06578204205104,-5.641904493718692,20.843864691446765,0.11918881507036848,0.5056252430271495,0.11599999999999999,-2.1834032384149813,-3.5133130068302476,122.45914358434526,-15.317207775949386,-0.2740937090291687,-0.3607177949063137,-0.3053779073077092,4148.927386835947,3947.8879155156033,0.0,0.4444444444444444,0.0,-0.2
3.433333333333333,20.02904573998477,-5.698932083998043,20.82403659602106,0.12758922149369095,0.5040243853993492,0.11599999999999999,-2.204178123976274,-3.4216554167611015,122.80233344059144,-15.368941875501873,-0.27720753807696696,-0.36392036562275476,-0.30839254288534845,4173.046813987612,3972.429970836749,0.0,0.4444444444444444,0.0,-0.2
3.4499999999999997,19.991983317984445,-5.7544420974492985,20.80367757968444,0.13596249668173968,0.5023965112829233,0.11599999999999999,-2.2237453200194937,-3.3306008070752844,123.14545783927075,-15.418800927257099,-0.28026150935644545,-0.36706377924641304,-0.3113467646939613,4196.4876446137705,3996.196138371721,0.0,0.4444444444444444,0.0,-0.2
3.466666666666667,19.95461455874068,-5.808444899497801,20.782797558038414,0.14430821886840467,0.5007433311999001,0.11599999999999999,-2.242125554625833,-3.240168122910167,123.48849948838688,-15.466774911631923,-0.28325592499909397,-0.3701482439485432,-0.3142409711625541,4219.2653909562505,4019.208403131496,0.0,0.4444444444444444,0.0,-0.2
3.4833333333333334,19.91695889680652,-5.860951146810968,20.761406504434742,0.15262599335651938,0.49906646928688353,0.11599999999999999,-2.2593397160496833,-3.1503748387900012,123.8314410499717,-15.51285427330028,-0.2861910883087534,-0.37317397474067276,-0.3170755558350551,4241.395230115405,4041.488056596304,0.0,0.4444444444444444,0.0,-0.2
3.5,19.879035416646943,-5.911971764351674,20.73951444076729,0.1609154511497457,0.4973674675935796,0.11599999999999999,-2.2754088095746257,-3.0612370524423334,124.17426514875018,-15.557029912347993,-0.28906730324888413,-0.376141192667985,-0.31985090718326387,4262.891998867645,4063.055708504442,0.0,0.4444444444444444,0.0,-0.2
3.5166666666666666,19.840862851344447,-5.961517923904563,20.71713142891398,0.16917624765303313,0.49564779019724586,0.11599999999999999,-2.290353918149803,-2.9727695731733723,124.51695438047747,-15.599293175526764,-0.29188487398725455,-0.3790501240735003,-0.3225674084615741,4283.77018995478,4083.9312995413075,0.0,0.4444444444444444,0.0,-0.2
3.533333333333333,19.802459581902106,-6.009601023989369,20.694267562791406,0.1774080614386675,0.49390882713806256,0.11599999999999999,-2.3041961665403767,-2.8849860050883454,124.85949131995847,-15.639635847613595,-0.2946441044938046,-0.3819009999284048,-0.3252254375997688,4304.043949695877,4104.134114763303,0.0,0.4444444444444444,0.0,-0.2
3.55,19.763843637089757,-6.056232671079923,20.67093296098628,0.1856105930750132,0.49215189818074234,0.11599999999999999,-2.3169566887410027,-2.797898825433239,125.20185852876048,-15.678050142881041,-0.2973452981877331,-0.38469405522414846,-0.32782536713049915,4323.727076784102,4123.682797609398,0.0,0.4444444444444444,0.0,-0.2
3.5666666666666664,19.725032693782822,-6.101424662051994,20.64713775992928,0.19378356401514535,0.4903782564079293,0.11599999999999999,-2.3286565984160825,-2.7115194583242754,125.54403856262934,-15.714528696682901,-0.29998875763014016,-0.38742952842220735,-0.3303675641483472,4342.83302214201,4142.595364369665,0.0,0.4444444444444444,0.0,-0.2
3.5833333333333335,19.686044077747074,-6.145188967787342,20.622892107578313,0.20192671554266373,0.4885890916511027,0.11599999999999999,-2.3393169621448378,-2.6258583441208367,125.88601397861912,-15.749064557159237,-0.30257478425881995,-0.39010766095765453,-0.33285239029763697,4361.374889719123,4160.889218995118,0.0,0.4444444444444444,0.0,-0.2
3.6,19.646894764826023,-6.187537717865458,20.59820615757974,0.2100398077720771,0.48678553376480127,0.11599999999999999,-2.348958775263038,-2.5409250046869287,126.22776734194551,-15.781651177063926,-0.30510367816204476,-0.39272869679292965,-0.33528020178640344,4379.365438125354,4178.581168146802,0.0,0.4444444444444444,0.0,-0.2
3.6166666666666667,19.607601382490916,-6.228483186278379,20.573090063877427,0.21812261870124433,0.48496865575003456,0.11599999999999999,-2.3576029401063683,-2.456728104775282,126.56928123257266,-15.812282405717397,-0.3075757378884126,-0.3952928820184252,-0.3376513494241578,4396.817083002871,4195.687436394428,0.0,0.4444444444444444,0.0,-0.2
3.6333333333333333,19.568180211716367,-6.2680377781076695,20.547553975741078,0.22617494331345686,0.4831394767327523,0.11599999999999999,-2.3652702464730258,-2.3732755097574154,126.9105382515432,-15.840952481086614,-0.30999126029004764,-0.3978004644967279,-0.33996617868128937,4413.741900047526,4212.223681485975,0.0,0.4444444444444444,0.0,-0.2
3.65,19.52864718914745,-6.306214017106207,20.521608033186467,0.23419659272684368,0.48129896480320933,0.11599999999999999,-2.3719813541351003,-2.2905743399122187,127.25152102706069,-15.867656021993907,-0.31235054039664406,-0.4002516935475578,-0.34222502976814234,4430.151628598725,4228.205009619759,0.0,0.4444444444444444,0.0,-0.2
3.6666666666666665,19.489017909526787,-6.34302453413079,20.495262362761814,0.24218739338887701,0.47944803972199956,0.11599999999999999,-2.3777567772396617,-2.208631021474983,127.59221222033382,-15.892388020455808,-0.31465387131803074,-0.40264681967064403,-0.3444282377319754,4446.057675724084,4243.64599065952,0.0,0.4444444444444444,0.0,-0.2
3.683333333333333,19.4493076283526,-6.378482056374765,20.468527073675563,0.250147186313851,0.4775875754984413,0.11599999999999999,-2.3826168704512263,-2.127451334638499,127.93259453119119,-15.915143834152614,-0.31690154417311145,-0.40498609430395976,-0.34657613257017617,4461.471120731797,4258.560673241211,0.0,0.4444444444444444,0.0,-0.2
3.6999999999999997,19.409531264740977,-6.412599397352894,20.441412254242323,0.2580758263612991,0.4757184028468838,0.11599999999999999,-2.386581816697442,-2.047040458687718,128.27265070347536,-15.935919179029092,-0.31909384804319674,-0.4072697696149103,-0.34866903935825044,4476.402720050102,4272.962599727511,0.0,0.4444444444444444,0.0,-0.2
3.716666666666667,19.36970340446782,-6.445389447593556,20.41392796862482,0.2659731815534054,0.47384131152637576,0.11599999999999999,-2.3896716163894087,-1.9674030144396975,128.61236353022466,-15.954710122026357,-0.3212310699478954,-0.40949809832223383,-0.35070727839123866,4490.862912418871,4286.864820972622,0.0,0.4444444444444444,0.0,-0.2
3.7333333333333334,19.329838303167868,-6.476865165996074,20.386084253850935,0.2738391324295552,0.4719570525689909,0.11599999999999999,-2.391906077997045,-1.8885431041510872,128.9517158586508,-15.971513073944728,-0.3233134948418741,-0.41167133354652247,-0.35269116533733963,4504.8618243437595,4300.279910865737,0.0,0.4444444444444444,0.0,-0.2
3.75,19.289949889670062,-6.507039571813514,20.357891117085998,0.28167357143625443,0.4700663404019541,0.11599999999999999,-2.393304809868392,-1.810464349046411,129.29069059492045,-15.986324782437027,-0.32534140563092395,-0.4137897286874186,-0.35462101140263047,4518.40927576827,4313.219980626879,0.0,0.4444444444444444,0.0,-0.2
3.7666666666666666,19.250051769450234,-6.535925737223705,20.329358533141605,0.2894764023507302,0.46816985486854695,0.11599999999999999,-2.393887213189676,-1.7331699246114978,129.62927070874812,-15.999142325131658,-0.3273150832058942,-0.4158535373256729,-0.35649712350588025,4531.514785923588,4325.696692833388,0.0,0.4444444444444444,0.0,-0.2
3.783333333333333,19.21015722818373,-6.563536780453508,20.30049644220322,0.29724753973660695,0.46626824315260407,0.11599999999999999,-2.3936724759903725,-1.6566625937881883,129.9674392378081,-16.009963102884477,-0.32923480649316406,-0.41786301314837465,-0.35831980446254363,4544.187579320202,4337.721275159542,0.0,0.4444444444444444,0.0,-0.2
3.8,19.170279235381987,-6.589885859423482,20.271314747759885,0.3049869084301276,0.4643621216112398,0.11599999999999999,-2.3926795681044744,-1.5809447381984594,130.3051792919723,-16.018784833158403,-0.33110085252042726,-0.4198184098957856,-0.3600893531771113,4556.43659184916,4349.304533815457,0.0,0.4444444444444444,0.0,-0.2
3.8166666666666664,19.130430448098558,-6.614986165882121,20.24182331472015,0.31269444305546545,0.4624520775202705,0.11599999999999999,-2.390927237005659,-1.506018387518358,130.64247405738138,-16.025605543529455,-0.33291349649666074,-0.42171998132831284,-0.3618060648430699,4568.270476964279,4360.456866674679,0.0,0.4444444444444444,0.0,-0.2
3.8333333333333335,19.090623214691224,-6.6388509200007055,20.21203196769938,0.3203700875677425,0.46053867073662313,0.11599999999999999,-2.3884340044401067,-1.4318852471150398,130.9793068003551,-16.030423565317836,-0.3346730119052349,-0.4235679812122621,-0.3634702311497956,4579.697611919828,4371.188276082761,0.0,0.4444444444444444,0.0,-0.2
3.85,19.050869578628117,-6.661493365401593,20.181950489464285,0.3280137948224399,0.4586224352818463,0.11599999999999999,-2.3852181637863614,-1.358546724053208,131.31566087114913,-16.03323752734252,-0.33637967060920587,-0.4253626633231041,-0.3650821404957724,4590.726104041156,4381.508381341703,0.0,0.4444444444444444,0.0,-0.2
3.8666666666666667,19.011181282326834,-6.682926764594438,20.151588619521462,0.33562552616995106,0.4567038808506672,0.11599999999999999,-2.3812977780769047,-1.286003951570728,131.65151970756412,-16.03404634979771,-0.338033742967904,-0.42710428146507756,-0.3666420782075803,4601.3637970083555,4391.4264308673,0.0,0.4444444444444444,0.0,-0.2
3.8833333333333333,18.971569771016483,-6.703164394796388,20.12095605283736,0.3432052510740905,0.45478349424836784,0.11599999999999999,-2.3766906786209754,-1.2142578121170242,131.9868668384128,-16.032849238249412,-0.33963549796400233,-0.42879308950603157,-0.3681503267641568,4611.618277135542,4400.951314018486,0.0,0.4444444444444444,0.0,-0.2
3.9,18.932046196613605,-6.722219544113753,20.0900624386779,0.3507529467534336,0.4528617407605861,0.11599999999999999,-2.371414464172755,-1.1433089590419003,132.3216858868514,-16.029645677750388,-0.3411852033403107,-0.4304293414264873,-0.36960716602587906,4621.496879630492,4410.091572599435,0.0,0.4444444444444444,0.0,-0.2
3.9166666666666665,18.892621421603717,-6.740105508064036,20.058917379556526,0.35826859784441667,0.4509390654589829,0.11599999999999999,-2.3654865005932306,-1.073157837016974,132.6559605735805,-16.024435427071516,-0.34268312574560167,-0.43201329138196953,-0.371012873468059,4631.0066948214835,4418.855412036687,0.0,0.4444444444444444,0.0,-0.2
3.933333333333333,18.853306022921085,-6.756835586418478,20.027530430280304,0.3657521960851843,0.4490158944460574,0.11599999999999999,-2.358923920957986,-1.0038047012664961,132.98967471992057,-16.017218513047705,-0.3441295308888234,-0.433545193777722,-0.37236772441848276,4640.154574339893,4427.250712234893,0.0,0.4444444444444444,0.0,-0.2
3.9499999999999997,18.814110295819972,-6.772423080346471,19.99591109708404,0.3732037400192215,0.44709263604223604,0.11599999999999999,-2.351743626066813,-0.9352496356795621,133.32281225076775,-16.00799522503636,-0.3455246837011083,-0.4350253033549831,-0.37367199229865905,4648.947137248927,4435.285038115873,0.0,0.4444444444444444,0.0,-0.2
3.966666666666667,18.7750442577314,-6.786881289844317,19.964068836843143,0.38062323471785836,0.4451696819182091,0.11599999999999999,-2.343962285314398,-0.867492569870751,133.6553571974343,-15.996766109486403,-0.3468688485050246,-0.4364538752880509,-0.3749259488684736,4657.3907761102355,4442.965649846672,0.0,0.4444444444444444,0.0,-0.2
3.9833333333333334,18.736117652099992,-6.800223511431851,19.932013056356435,0.38801069152078077,0.443247408175343,0.11599999999999999,-2.335596337884466,-0.800533295252075,133.98729370037876,-15.983531964615784,-0.3481622891905644,-0.4378311652914203,-0.37612986447397284,4665.491662981626,4450.29951276312,0.0,0.4444444444444444,0.0,-0.2
4.0,18.697339952196113,-6.812463036101429,19.89975311169054,0.3953661277937283,0.4413261763768536,0.11599999999999999,-2.3266619942326603,-0.7343714801746595,134.31860601182984,-15.968293835195464,-0.3494052693973927,-0.43915742973632116,-0.37728400829802594,4673.255755340282,4457.293306996136,0.0,0.4444444444444444,0.0,-0.2
4.016666666666667,18.65872036489901,-6.823613147504676,19.867298307578103,0.4026895667025998,0.4394063345322882,0.11599999999999999,-2.3171752378261115,-0.6690066841948568,134.64927849830917,-15.951053007437764,-0.35059805270291877,-0.44043292577602816,-0.3783886486136336,4680.68880192703,4463.953436808574,0.0,0.4444444444444444,0.0,-0.2
4.033333333333333,18.620267834447176,-6.833687120363269,19.834657896862424,0.4099810370032287,0.4374882180377329,0.11599999999999999,-2.3071518271101135,-0.6044383715155615,134.9792956430562,-15.931811003987018,-0.3517409028157791,-0.44165791147935507,-0.3794440530396725,4687.796348508225,4470.2860396509595,0.0,0.4444444444444444,0.0,-0.2
4.05,18.5819910461526,-6.842698219090771,19.80184107998151,0.4172405728461292,0.43557215057403226,0.11599999999999999,-2.2966072976746323,-0.5406659236500904,135.30864204835964,-15.910569579010433,-0.3528340837743486,-0.4428326459717807,-0.38045048879887894,4694.583743552703,4476.296994944859,0.0,0.4444444444444444,0.0,-0.2
4.066666666666666,18.54389843007601,-6.850659696613315,19.768857004485046,0.424468213595549,0.4336584449651861,0.11599999999999999,-2.285556964595462,-0.47768865135265415,135.6373024377994,-15.88733071338708,-0.3538778601499205,-0.4439573895836861,-0.3814082229778885,4701.056143822099,4481.991932602966,0.0,0.4444444444444444,0.0,-0.2
4.083333333333333,18.50599816466056,-6.857584793377585,19.735714764578038,0.4316640036621985,0.4317474039989695,0.11599999999999999,-2.2740159249268093,-0.41550580585623553,135.9652616584021,-15.862096609992939,-0.35487249725421666,-0.4450324040052158,-0.3823175227891623,4707.218519873567,4487.376241295277,0.0,0.4444444444444444,0.0,-0.2
4.1,18.468298180321828,-6.863486736535181,19.70242340068533,0.4388279923490603,0.42983932121170804,0.11599999999999999,-2.261999060323882,-0.3541165894557947,136.29250468271417,-15.834869689079918,-0.3558182613509081,-0.4460579524472979,-0.38317865583463534,4713.075661474563,4492.455076470953,0.0,0.4444444444444444,0.0,-0.2
4.116666666666666,18.430806162992234,-6.868378739293046,19.66899189903146,0.4459602337097108,0.4279344816390298,0.11599999999999999,-2.249521039775717,-0.29352016547187887,136.6190166107954,-15.805652583746792,-0.35671541987084304,-0.44703429980838644,-0.38399189037093384,4718.632182930001,4497.233368145582,0.0,0.4444444444444444,0.0,-0.2
4.133333333333333,18.3935295576184,-6.872274000420165,19.63542919123065,0.45306078641861597,0.42603316253431067,0.11599999999999999,-2.2365963224300054,-0.2337156676271448,136.94478267213665,-15.774448135500023,-0.3575642416306933,-0.44796171284651076,-0.3847574955760126,4723.892528322574,4501.7158284637835,0.0,0.4444444444444444,0.0,-0.2
4.15,18.356475571610183,-6.875185703901259,19.601744153882063,0.46012971365288974,0.42413563405642735,0.11599999999999999,-2.223239160493096,-0.17470220886564736,137.26978822750397,-15.741259389902424,-0.35836499705474145,-0.44884046035623393,-0.3854757418170641,4728.860976667513,4505.906959047055,0.0,0.4444444444444444,0.0,-0.2
4.166666666666667,18.319651178240356,-6.877127018728635,19.567945608165683,0.4671670829850287,0.4222421599283352,0.11599999999999999,-2.209463602189654,-0.11647888964256925,137.59401877071267,-15.70608959230766,-0.3591179583995426,-0.4496708133501416,-0.3861469009195597,4733.541646983495,4509.8110581369065,0.0,0.4444444444444444,0.0,-0.2
4.183333333333334,18.283063119994228,-6.878111098823797,19.534042319434455,0.47417296628616024,0.42035299806789295,0.11599999999999999,-2.195283494767634,-0.0590448057097106,137.91745993033368,-15.668942183678594,-0.3598233999812011,-0.4504530452444972,-0.386771246437276,4737.938503281758,4513.432227543298,0.0,0.4444444444444444,0.0,-0.2
4.2,18.24671791186864,-6.878151083080796,19.50004299679858,0.4811474396393647,0.418468401192267,0.11599999999999999,-2.180712487535338,-0.0023990554199802006,138.24009747133505,-15.629820796487532,-0.36048159840501165,-0.45118743204871414,-0.3873490539231647,4742.05535947579,4516.774379408406,0.0,0.4444444444444444,0.0,-0.2
4.216666666666667,18.21062184462,-6.877260095523665,19.465956292698113,0.4880905832626507,0.4165886173971599,0.11599999999999999,-2.165764034918347,0.053459253427869946,138.56191729666068,-15.588729250696376,-0.36109283279721593,-0.45187425255830355,-0.38788060120091966,4745.8958842143,4519.84124279572,0.0,0.4444444444444444,0.0,-0.2
4.233333333333333,18.17478098796125,-6.875451245570583,19.431790802460174,0.4950024814411844,0.4147138907120237,0.11599999999999999,-2.1504513995250245,0.10853099718489023,138.882905448749,-15.545671549814813,-0.36165738503863265,-0.4525137885509701,-0.38836616863709056,4749.4636056403515,4522.636370114395,0.0,0.4444444444444444,0.0,-0.2
4.25,18.139201193707745,-6.872737628397743,19.397555063837366,0.50188322246839,0.41284446163233895,0.11599999999999999,-2.1347876552101765,0.16281703037047013,139.20304811099356,-15.500651877034606,-0.3621755399999174,-0.4531063249855329,-0.38880603941358904,4752.761916079815,4525.163143388757,0.0,0.4444444444444444,0.0,-0.2
4.266666666666667,18.103888098872293,-6.869132325396112,19.363257556524204,0.508732898595556,0.41098056762996066,0.11599999999999999,-2.1187856901272126,0.21631818009782133,139.52233160914784,-15.453674591438146,-0.36264758577821316,-0.4536521502033571,-0.389200499800427,4755.794076662418,4527.424780382741,0.0,0.4444444444444444,0.0,-0.2
4.283333333333333,18.068847128709628,-6.864648404714575,19.328906701648403,0.515551605989597,0.4091224436424583,0.11599999999999999,-2.102458209759887,0.2690352408922445,139.8407424126758,-15.404744224279384,-0.36307381393494725,-0.45415155613198616,-0.38954983942852,4758.563221878889,4529.424340588962,0.0,0.4444444444444444,0.0,-0.2
4.3,18.03408349971087,-6.859298921883084,19.29451086123435,0.5223394446986355,0.4072703225423042,0.11599999999999999,-2.085817739925381,0.3209689698894147,140.1582671360507,-15.353865475335356,-0.363454519734532,-0.4546048384906673,-0.38985435156237863,4761.072364077733,4531.164731091997,0.0,0.4444444444444444,0.0,-0.2
4.316666666666666,17.99960222254852,-6.853096920509711,19.260078337635942,0.5290965186250803,0.40542443558669405,0.11599999999999999,-2.068876629741066,0.372120082402418,140.47489254000322,-15.301043209326487,-0.3637900023837218,-0.4550122969974667,-0.39011433337250534,4763.324397905359,4532.648712315365,0.0,0.4444444444444444,0.0,-0.2
4.333333333333333,17.965408104972724,-6.846055433045583,19.225617372936366,0.5358229355058922,0.40358501284871606,0.11599999999999999,-2.0516470545478915,0.42248924784766473,140.7906055327211,-15.246282452403902,-0.36408056527137445,-0.45537423557767076,-0.39033008620730064,4765.322104693288,4533.878903661509,0.0,0.4444444444444444,0.0,-0.2
4.35,17.93150575465966,-6.838187481611898,19.191136148312484,0.5425188068997342,0.40175228363051957,0.11599999999999999,-2.034141018783823,0.4720770860210628,141.1053931710013,-15.189588388702012,-0.3643265162083606,-0.45569096257317043,-0.3905019158642733,4767.06815679627,4534.857789053984,0.0,0.4444444444444444,0.0,-0.2
4.366666666666666,17.897899582012972,-6.829506078883281,19.156642783361697,0.5491842481807186,0.39992647685907007,0.11599999999999999,-2.016370358801275,0.5208841637170831,141.4192426613568,-15.130966356954659,-0.3645281676673579,-0.4559627909525229,-0.39063013286033754,4768.565121885132,4535.587722390891,0.0,0.4444444444444444,0.0,-0.2
4.383333333333333,17.864593802919256,-6.820024229021872,19.122145335389188,0.555819378538469,0.39810782146501716,0.11599999999999999,-1.9983467456228872,0.5689109916845236,141.7321413610784,-15.070421847173106,-0.36468583702226004,-0.4561900385213849,-0.39071505270096735,4769.815467198226,4536.07093291842,0.0,0.4444444444444444,0.0,-0.2
4.4,17.83159244145875,-6.80975492865664,19.087651798653816,0.5624243209842213,0.3962965467451417,0.11599999999999999,-1.9800816876304337,0.6161580219138818,142.04407677925366,-15.007960497384243,-0.3647998467869215,-0.4563730281330077,-0.390756996147964,4770.821563755312,4536.309530533204,0.0,0.4444444444444444,0.0,-0.2
4.416666666666667,17.798899332572383,-6.798711167902436,19.053170103570874,0.5689992023627012,0.39449288270879085,0.11599999999999999,-1.9615865331820252,0.6626256452522714,142.3550365777436,-14.943588090427314,-0.3648705248529524,-0.45651208789847786,-0.3907562894855805,4771.585690537715,4536.305511022012,0.0,0.4444444444444444,0.0,-0.2
4.433333333333334,17.7665181246865,-6.786905931413389,19.01870811587023,0.5755441533695121,0.39269706040865493,0.11599999999999999,-1.9428724731531073,0.708314189342806,142.66500857211824,-14.877310550807612,-0.36489820472626483,-0.45660755139638726,-0.39071326478473034,4772.110038638508,4536.0607612470885,0.0,0.4444444444444444,0.0,-0.2
4.45,17.734452282296548,-6.774352199465284,18.98427363570841,0.5820593085737819,0.3909093122561846,0.11599999999999999,-1.9239505433971094,0.7532239168863244,142.973980732552,-14.809133941605488,-0.3648832257620652,-0.45665975788160557,-0.3906282601649936,4772.3967153864805,4535.577064285269,0.0,0.4444444444444444,0.0,-0.2
4.466666666666667,17.702705088511184,-6.761062949061548,18.949874396733414,0.5885448064458134,0.38912987232189505,0.11599999999999999,-1.9048316271218928,0.7973550242241387,143.28194118467982,-14.739064461439142,-0.36482593339797376,-0.456669052492825,-0.39050162005411687,4772.4477484475065,4534.856104528771,0.0,0.4444444444444444,0.0,-0.2
4.483333333333333,17.67127964755821,-6.747051155057525,18.915518065101157,0.5950007893894926,0.38735897662075436,0.11599999999999999,-1.8855264571784436,0.8407076402413951,143.5888782104146,-14.66710844147964,-0.36472667938494224,-0.45663578645853986,-0.3903336954446889,4772.265089906891,4533.899472755316,0.0,0.4444444444444444,0.0,-0.2
4.5,17.640178887253903,-6.732329791297671,18.881212238442544,0.601427403779206,0.38559686338280125,0.11599999999999999,-1.8660456182585334,0.8832818255912462,143.89478024872682,-14.593272342516622,-0.3645858220156283,-0.4565603173011134,-0.3901248441476541,4771.850620336125,4532.708671175039,0.0,0.4444444444444444,0.0,-0.2
4.516666666666667,17.609405561437264,-6.7169118317603225,18.846964444780475,0.6078248000010242,0.38384377330909364,0.11599999999999999,-1.8463995489983356,0.9250775722408875,144.1996358963867,-14.517562752073223,-0.3644037263498725,-0.45644300903858065,-0.38987543104231237,4771.206152847394,4531.285118461322,0.0,0.4444444444444444,0.0,-0.2
4.533333333333333,17.578962252370843,-6.700810251704638,18.812782141396017,0.6141931324979082,0.3820999498130402,0.11599999999999999,-1.826598543985226,0.9660948033410541,144.50343390866956,-14.439986381568707,-0.36418076443691205,-0.4562842323838231,-0.38958582832243327,4770.333437139009,4529.6301547724615,0.0,0.4444444444444444,0.0,-0.2
4.55,17.548851373109756,-6.684038028814285,18.778672713643306,0.6205325598186936,0.3803656392471252,0.11599999999999999,-1.806652755665259,1.0063333734211586,144.80616320002474,-14.360550063527363,-0.36391731553395046,-0.45608436494074467,-0.38925641573809683,4769.234163534798,4527.745046770778,0.0,0.4444444444444444,0.0,-0.2
4.566666666666666,17.519075169840605,-6.666608144332405,18.744643473712824,0.6268432446706101,0.3786410911149934,0.11599999999999999,-1.7865721961490215,1.045793068912829,145.10781284470823,-14.279260748832236,-0.3636137663206912,-0.45584379139706954,-0.3888875808328545,4767.909967020327,4525.6309926454305,0.0,0.4444444444444444,0.0,-0.2
4.583333333333333,17.48963572419204,-6.648533584182322,18.710701659342835,0.6331253539750905,0.37692655826882104,0.11599999999999999,-1.7663667389138222,1.0844736090050056,145.40837207737957,-14.196125504022264,-0.3632705111094278,-0.45556290371337016,-0.38847971917578683,4766.362431278606,4523.2891271449525,0.0,0.4444444444444444,0.0,-0.2
4.6,17.460534955518703,-6.629827340068418,18.676854432478965,0.6393790589266215,0.3752222970918601,0.11599999999999999,-1.7460461204003852,1.1223746468342357,145.70783029366282,-14.111151508631442,-0.3628879520502715,-0.45524210130792797,-0.38803323458801464,4764.593092727771,4520.720526625061,0.0,0.4444444444444444,0.0,-0.2
4.616666666666666,17.43177462316033,-6.610502410551517,18.64310887788203,0.6456045350543883,0.3735285676660052,0.11599999999999999,-1.72561994150244,1.1594957710140426,146.006177050672,-14.024346052568626,-0.362466499331081,-0.45488179123701666,-0.387548539363205,4762.603444562982,4517.926214117028,0.0,0.4444444444444444,0.0,-0.2
4.633333333333333,17.403356328677866,-6.590571802093057,18.609472001684413,0.6518019622864583,0.3718456339241979,0.11599999999999999,-1.7050976689478554,1.195836507507626,146.30340206750063,-13.93571653353663,-0.362006571371649,-0.45448238837018917,-0.3870260544815942,4760.394940804557,4514.907164421443,0.0,0.4444444444444444,0.0,-0.2
4.65,17.375281518068363,-6.570048530062252,18.575950729895393,0.6579715250162491,0.37017376378744965,0.11599999999999999,-1.6844886365701315,1.231396321848286,146.5994952256758,-13.845270454489283,-0.3615085950116832,-0.45404431556014047,-0.38646620981703206,4757.96900035411,4511.664309231797,0.0,0.4444444444444444,0.0,-0.2
4.666666666666667,17.34755148396054,-6.548945619700382,18.542551906856144,0.6641134121710196,0.3685132292862324,0.11599999999999999,-1.6638020464693684,1.2661746217121381,146.89444656957605,-13.753015421125141,-0.3609730056921098,-0.4535680038067077,-0.38586944433653714,4755.327011060192,4508.198542291876,0.0,0.4444444444444444,0.0,-0.2
4.683333333333334,17.32016736779284,-6.527276107036253,18.509282293645054,0.6702278172821189,0.3668643066659583,0.11599999999999999,-1.6430469700619974,1.3001707598477346,147.18824630681308,-13.658959139416538,-0.3604002476292121,-0.45305389241456046,-0.38523620629183375,4752.470333794639,4504.510724590469,0.0,0.4444444444444444,0.0,-0.2
4.7,17.29313016197586,-6.5050530397468,18.476148566434464,0.6763149385567229,0.3652272764762421,0.11599999999999999,-1.6222323490188364,1.3333840373672192,147.48088480857731,-13.563109413172729,-0.35979077398110554,-0.4525024291441256,-0.3845669534023265,4749.4003065405495,4500.6016895964185,0.0,0.4444444444444444,0.0,-0.2
4.716666666666667,17.266440712041007,-6.482289477956741,18.443157314799866,0.6823749789507831,0.363602423643616,0.11599999999999999,-1.601366996091265,1.3658137074035572,147.77235260994624,-13.46547414163586,-0.3591450470060403,-0.4519140703552803,-0.3838621530289536,4746.118248492474,4496.472248536483,0.0,0.4444444444444444,0.0,-0.2
4.733333333333333,17.24009971877725,-6.458998494971104,18.410315039982947,0.6884081462429056,0.36199003752734543,0.11599999999999999,-1.5804595958255525,1.3974589791381673,148.0626404101557,-13.366061317108539,-0.35846353821200844,-0.4512892811433424,-0.38312228233834533,4742.625464169093,4492.123195717959,0.0,0.4444444444444444,0.0,-0.2
4.75,17.21410774035782,-6.435193177934385,18.377628153109974,0.6944146531088718,0.3603904119579743,0.11599999999999999,-1.5595187051656543,1.4283190222031585,148.3517390728334,-13.264879022611776,-0.3577467284971263,-0.45062853546687615,-0.3823478284567006,4738.923247538265,4487.555313897396,0.0,0.4444444444444444,0.0,-0.2
4.766666666666667,17.188465194458736,-6.4108866284100205,18.345102973367194,0.7003947171965087,0.3588038452582138,0.11599999999999999,-1.5385527539450279,1.458392971461902,148.63963962619388,-13.161935429572143,-0.3569951082802491,-0.4499323162668272,-0.3815392886127836,4735.0128861540115,4482.769379696132,0.0,0.4444444444444444,0.0,-0.2
4.783333333333333,17.16317236037093,-6.386091962873832,18.31274572613518,0.706348561200605,0.3572306402457754,0.11599999999999999,-1.5175700452683234,1.4876799321713499,148.92633326319464,-13.057238795536948,-0.3562091776212712,-0.44920111557649295,-0.38069717026942906,4730.895665304589,4477.7661690627365,0.0,0.4444444444444444,0.0,-0.2
4.8,17.138229381107863,-6.3608223131150154,18.280562541084194,0.7122764129375673,0.35567110421773823,0.11599999999999999,-1.4965787557840615,1.5161789855289705,149.21181134165246,-12.950797461916288,-0.35538944633055447,-0.4484354346218306,-0.37982199124294025,4726.572872170395,4472.5464627817555,0.0,0.4444444444444444,0.0,-0.2
4.816666666666666,17.11363626551037,-6.335090826538239,18.248559450232793,0.7181785054195012,0.3541255489160371,0.11599999999999999,-1.4755869358497127,1.5438891946065878,149.49606538431928,-12.84261985175087,-0.35453643406692387,-0.4476357839116007,-0.37891427980974934,4722.0457999901,4467.111052027468,0.0,0.4444444444444444,0.0,-0.2
4.833333333333333,17.08939289035052,-6.308910666360361,18.216742385972264,0.7240550769273955,0.35259429047365337,0.11599999999999999,-1.4546025095909025,1.5708096106727059,149.7790870789167,-12.732714467504483,-0.3536506704236633,-0.4468026833168403,-0.3779745747997098,4717.315752232854,4461.460743960587,0.0,0.4444444444444444,0.0,-0.2
4.85,17.06549900243624,-6.282295011695292,18.18511717905947,0.7299063710830803,0.3510776493410933,0.11599999999999999,-1.4336332748567528,1.5969392799041104,150.06086827812837,-12.621089888880057,-0.35273269500194315,-0.44593666213915856,-0.377003425675382,4712.384046774142,4455.596367365127,0.0,0.4444444444444444,0.0,-0.2
4.866666666666666,17.041954220718345,-6.255257057520514,18.153689556581053,0.7357326369196261,0.34957595019274357,0.11599999999999999,-1.4126869030737148,1.622277250486679,150.34140099954934,-12.507754770658249,-0.3517830574711092,-0.445038259167348,-0.3760013925966739,4707.252020072246,4449.518778321811,0.0,0.4444444444444444,0.0,-0.2
4.883333333333333,17.01875803840167,-6.227810014518775,18.12246513989203,0.7415341289498378,0.3480895218127035,0.11599999999999999,-1.391770939000557,1.6468225801043266,150.62067742559103,-12.392717840557541,-0.35080231761526354,-0.4441080227218043,-0.3749690464701977,4701.921031341915,4443.228865913617,0.0,0.4444444444444444,0.0,-0.2
4.9,16.99590982506188,-6.199967108788543,18.09144944253209,0.7473111072324996,0.34661869695970854,0.11599999999999999,-1.3708928003875012,1.6705743438139589,150.8986899033414,-12.275987897114861,-0.34979104536556976,-0.4431465106862494,-0.37390696898270426,4696.392466721356,4436.72755795819,0.0,0.4444444444444444,0.0,-0.2
4.916666666666667,16.973408828769497,-6.171741581416824,18.06064786812311,0.7530638374360126,0.34516381221077724,0.11599999999999999,-1.350059777542868,1.6935316423031157,151.1754309443787,-12.15757380758573,-0.3487498208177203,-0.44215429052626015,-0.3728157526179653,4690.667743428123,4430.015826760996,0.0,0.4444444444444444,0.0,-0.2
4.933333333333334,16.951254178222648,-6.143146687908063,18.0300657082515,0.7587925908990665,0.3437252077832375,0.11599999999999999,-1.3292790328109039,1.7156936105256717,151.45089322453808,-12.037484505863027,-0.3476792342340104,-0.4411319392941059,-0.3716960006564775,4684.7483138990865,4423.094694882203,0.0,0.4444444444444444,0.0,-0.2
4.95,16.9294448848899,-6.114195697462901,17.99970814033935,0.7644976446879801,0.3423032273348174,0.11599999999999999,-1.3085575999648356,1.737059426709707,151.72506958362956,-11.915728990413463,-0.34657988602947204,-0.44008004361940983,-0.3705483271573768,4678.63566990909,4415.965240909395,0.0,0.4444444444444444,0.0,-0.2
4.966666666666667,16.907979845164576,-6.084901892100733,17.969580225508402,0.7701792816503388,0.34089821774151774,0.11599999999999999,-1.2879023835195498,1.7576283217300581,151.99795302510657,-11.792316322230873,-0.3454523867415322,-0.4389991996851567,-0.3693733569219598,4672.33134666246,4408.628605227285,0.0,0.4444444444444444,0.0,-0.2
4.983333333333333,16.886857842531764,-6.055278565620124,17.93968690644112,0.7758377904645558,0.33951052885302324,0.11599999999999999,-1.2673201579686317,1.77739958883659,152.2695367156834,-11.667255622805504,-0.3442973569826762,-0.4378900131885826,-0.36817172543823157,4665.836926851041,4401.0859957747,0.0,0.4444444444444444,0.0,-0.2
