t,vx,vy,speed,yaw,yaw_rate,steering_angle,ax,ay,pos_x,pos_y,sideslip,alpha_f,alpha_r,fy_f,fy_r,f_long,throttle,brake,steer_cmd,util_f,util_r,mu_surface,roll,pitch
0.0,19.80117121680301,-0.011820121630849518,19.801174744757528,-6.758063054395516e-05,-0.008846334914871619,-0.057999999999999996,1.324230798526197,-1.4220117108305974,50.323316256422984,-0.00010056321198856566,-0.0005969404585943519,0.057358955242720465,-2.7562768628214067e-06,-1614.853464207158,0.0895298912896325,2020.6456281723513,0.4444444444444444,0.0,0.1,0.27645393395664825,0.34071011017673103,1.0,-0.010119790563062767,0.0028271788979322087
0.016666666666666666,19.822618027356057,-0.03912443342188478,19.822656637790807,-0.00044692805603038983,-0.032289537453328465,-0.057999999999999996,1.2691732192242355,-2.3818358660349723,50.6535600474134,-0.0006643311945715576,-0.0019737242862501603,0.05477908406501727,0.00013925468375133797,-2702.6377699287864,-2.9902697964900367,2018.4359354660926,0.4444444444444444,0.0,0.1,0.46152805982217004,0.34117410398670456,1.0,-0.01695040901300748,0.002709633205333174
0.03333333333333333,19.843559154420216,-0.06652357829719377,19.843670660980138,-0.0012881139684930607,-0.06179366675008607,-0.057999999999999996,1.2467570945934936,-2.7584283349572223,50.98415444386067,-0.0019163034445584563,-0.003352388982775477,0.051562852981904626,0.0006581133037980508,-3115.4115462411696,-20.89542229095889,2016.2970022856978,0.4444444444444444,0.0,0.1,0.53148509387173,0.34116859039890063,1.0,-0.01963044102968747,0.002661775690918025
0.05,19.86435207602499,-0.08722760111524717,19.864543590394284,-0.0026427431970228233,-0.09301676627763475,-0.057999999999999996,1.2387422821191343,-2.897070370126757,51.31509349600973,-0.003944664371414136,-0.004391134437107736,0.04847456493739779,0.001627561481881944,-3234.8571243002243,-64.91362721600531,2014.184203091062,0.4444444444444444,0.0,0.1,0.5516545864682026,0.34109714020946447,1.0,-0.02061709138458009,0.0026446643922504428
0.06666666666666667,19.88515607053315,-0.09886451946110457,19.885401835081673,-0.004515154620255094,-0.1237972216135899,-0.057999999999999996,1.2373115456456258,-2.9461790007112865,51.646374246288914,-0.006782047053592725,-0.004971733916837621,0.04583320411547606,0.0030322949986684757,-3223.733838695673,-141.3199769237486,2012.0775347090803,0.4444444444444444,0.0,0.1,0.5497065626295607,0.3414340560627459,1.0,-0.02096657448135711,0.002641609828068046
0.08333333333333333,19.90602987541545,-0.10110599149144034,19.906286640718502,-0.006884868767135883,-0.15296302342567902,-0.057999999999999996,1.23872553214045,-2.9742264669905913,51.97799485131634,-0.0104411939530093,-0.0050791203819481505,0.043758340544095074,0.004814278670331551,-3158.5933091305774,-251.37373229728234,2009.9690364333294,0.4444444444444444,0.0,0.1,0.5386167751362928,0.34287726780546074,1.0,-0.021166175147377883,0.0026446286317271797
0.1,19.926975133312876,-0.09463611893505992,19.927199852429762,-0.009717750050706781,-0.17987054994112828,-0.057999999999999996,1.2409850762895682,-3.0142968668601204,52.309953662976035,-0.014931504824537388,-0.004749110531072917,0.04227044736721948,0.006896628246366889,-3079.245771146527,-392.5271890519734,2007.8574049928066,0.4444444444444444,0.0,0.1,0.5251266142995306,0.34627666662257656,1.0,-0.021451337394192967,0.0026494526665891104
0.11666666666666667,19.947960638795543,-0.08063139515824749,19.94812359769263,-0.012972480555883625,-0.2041985403806345,-0.057999999999999996,1.2429812187190843,-3.081202062874979,52.64224870350941,-0.0202669315083074,-0.004042065125924187,0.041337427365319326,0.009197446660809768,-3006.9936554896967,-559.7428782486566,2005.7451614688914,0.4444444444444444,0.0,0.1,0.5128436708463187,0.35243121213913176,1.0,-0.02192747030230774,0.0026537143494923293
0.13333333333333333,19.968938364545515,-0.06046257931913722,19.969029899584896,-0.01660469623180528,-0.22583663183199085,-0.057999999999999996,1.244132392025457,-3.179304591851465,52.97487733573683,-0.02646933569275341,-0.0030278221830076597,0.040899924712305046,0.01163823753567128,-2952.4829485471773,-746.6358201649483,2003.636842794782,0.4444444444444444,0.0,0.1,0.503571758427794,0.3618648747575427,1.0,-0.022625620000645275,0.0026561720576828217
0.15,19.98985456140325,-0.035514480977373274,19.989886109340727,-0.020569733620557758,-0.24481515701882944,-0.057999999999999996,1.2441903960668743,-3.306902545039557,53.30783605386896,-0.033569247489224734,-0.001776623411761964,0.04088657348446947,0.014148846180334343,-2919.8572730480787,-946.3926455142199,2001.5377606716029,0.4444444444444444,0.0,0.1,0.4980131874317622,0.37468407423923206,1.0,-0.023533674802658652,0.002656295893952203
0.16666666666666666,20.010657165513518,-0.007079363487411708,20.01065841778088,-0.024824449637642392,-0.26125680258457085,-0.057999999999999996,1.2431166006531824,-3.4590419861234993,53.6411203625129,-0.04160513561185858,-0.00035377964519132276,0.04122347301451639,0.016669967397686915,-2909.328955731658,-1152.4681256274564,1999.4531688902207,0.4444444444444444,0.0,0.1,0.49620349145568704,0.39057049818726386,1.0,-0.024616379866495036,0.0026540033844155986
0.18333333333333332,20.03130029443544,0.023700084677870027,20.03131431483873,-0.029328383702826033,-0.27534177047162883,-0.057999999999999996,1.2409966667110013,-3.6293935122810073,53.974724725355784,-0.050621906623048926,0.0011831520306052352,0.04183993299075901,0.019153921676932598,-2918.882468801749,-1359.0650206483629,1997.3877498787979,0.4444444444444444,0.0,0.1,0.49779991126165746,0.40889154558255625,1.0,-0.025828691800132447,0.0026494774116674834
0.2,20.05174652835598,0.05585419429057016,20.05182431920986,-0.03404443947113927,-0.2872821731347692,-0.057999999999999996,1.2379814755468057,-3.811466195098683,54.30864256913866,-0.06066910925036558,0.002785495505552138,0.04267170017355744,0.021564250033901528,-2945.407613274833,-1561.410164466531,1995.3453451579626,0.4444444444444444,0.0,0.1,0.5022736867262362,0.4288622579143308,1.0,-0.0271244177096565,0.0026430401011607856
0.21666666666666667,20.07196761421654,0.08858786068421044,20.07216310503724,-0.03893921311050605,-0.2973032336367956,-0.057999999999999996,1.2342474680987527,-3.9993284120052026,54.642866329708085,-0.07179914713835751,0.00441348288270082,0.043662487590908954,0.023874579333138482,-2985.4301416226263,-1755.853749632052,1993.3288609359845,0.4444444444444444,0.0,0.1,0.5090342542936881,0.4496928968702969,1.0,-0.0284613450185717,0.0026350681471225576
0.23333333333333334,20.091944138842255,0.12126886202223093,20.092310106487353,-0.0439830650923132,-0.30562979189439593,-0.057999999999999996,1.2299714421172103,-4.187970672997976,54.97738752772211,-0.08406567552830306,0.006035622467563689,0.04476439019595764,0.026067118888260844,-3035.556763602028,-1939.832419175506,1991.340289491126,0.4444444444444444,0.0,0.1,0.5175049795201961,0.4706877004437785,1.0,-0.029803823535485205,0.0026259390055594096
0.25,20.11166460320389,0.15340921426110882,20.112249687660118,-0.049150012671991865,-0.31247707302545297,-0.057999999999999996,1.22531584952535,-4.373424255792241,55.31219686283328,-0.09752226560767936,0.007627724609005534,0.045937605291916705,0.028131056171031003,-3092.7219629891238,-2111.7431040743795,1989.3807989462057,0.4444444444444444,0.0,0.1,0.5271651721999758,0.4912917055537799,1.0,-0.031123609724834776,0.0026159995047203366
0.26666666666666666,20.131124214391537,0.18464386347580825,20.131970978808322,-0.054417505133054316,-0.31804487288590927,-0.057999999999999996,1.2204214289743978,-4.552727790942587,55.647284316944926,-0.11222135869549038,0.009171802028854098,0.047149753881141405,0.030061030142278414,-3154.3020325087336,-2270.7718002899073,1987.4508564103423,0.4444444444444444,0.0,0.1,0.5375694730296596,0.5110988375894553,1.0,-0.032399628908866954,0.002605550115901818
0.2833333333333333,20.150323609375725,0.21470946526853804,20.151467482966115,-0.05976613079843029,-0.3225144062926003,-0.057999999999999996,1.2154047090065454,-4.7238112876213725,55.98263925920573,-0.128213494934268,0.010654982229772314,0.04837500763949078,0.03185578375179842,-3218.1443048556025,-2416.712201548647,1985.5503605890055,0.4444444444444444,0.0,0.1,0.548352778337597,0.5298374702733765,1.0,-0.033617149933482485,0.002594839622802177
0.3,20.169267642218085,0.24342483789274127,20.17073654766054,-0.06517929295549196,-0.3260471330177391,-0.057999999999999996,1.2103585298785413,-4.8853458405163535,56.31825054747785,-0.14554678153848175,0.012068510562972647,0.04959315769747661,0.03351703825941472,-3282.5458529867515,-2549.797359051241,1983.6787690011095,0.4444444444444444,0.0,0.1,0.5592265515976429,0.5473462556987561,1.0,-0.03476671560269935,0.0025840662355937254
0.31666666666666665,20.187964305372784,0.27067385641192193,20.189778778667947,-0.07064288128778463,-0.32878496209434477,-0.057999999999999996,1.2053542504665675,-5.036589461044069,56.65410662286016,-0.16426655822664085,0.013406881186622865,0.050788710654210464,0.03504859229310027,-3346.2053452291125,-2670.5566742406527,1981.8352116904116,0.4444444444444444,0.0,0.1,0.5699705682387317,0.5635482814211288,1.0,-0.03584304553168835,0.0025733823025749234
0.3333333333333333,20.20642381393089,0.29639101830088377,20.208597452171755,-0.07614495648416007,-0.3308513393559877,-0.057999999999999996,1.2004447278279435,-5.177246014987406,56.99019559534856,-0.1844152175863546,0.014667106219167888,0.051950060571964274,0.036455625484486394,-3408.1637301371975,-2779.7023070095497,1980.0185879767737,0.4444444444444444,0.0,0.1,0.5804227713036353,0.578427735456947,1.0,-0.036844032272083965,0.002562900671413432
0.35,20.22465785535137,0.32054958908691683,20.227197962275685,-0.08167545860739758,-0.33235283475626365,-0.057999999999999996,1.1956674836462686,-5.307344982289833,57.32650531983828,-0.20603214233050193,0.01584811739296244,0.05306876019962243,0.037744175921361985,-3467.7435271512163,-2878.0438527211054,1978.2276457504663,0.4444444444444444,0.0,0.1,0.5904689056601521,0.5920107180929906,1.0,-0.03776988561882068,0.0025527014493777174
0.36666666666666664,20.24267899234661,0.3431520671563441,20.24558732485636,-0.08722594452708964,-0.33338095144526236,-0.057999999999999996,1.1910477124083423,-5.427143956891602,57.663023462449864,-0.22915372735803524,0.016950286211185536,0.054138897873853294,0.03892075823556938,-3524.492307723414,-2966.4274354902836,1976.4610445040148,0.4444444444444444,0.0,0.1,0.6000328808882334,0.6043504102971079,1.0,-0.03862243874718518,0.002542838425672427
0.3833333333333333,20.260500199531215,0.3642226376499199,20.26377374688587,-0.09278935604988095,-0.3340139686635548,-0.057999999999999996,1.186600953655965,-5.537052565696716,57.99973755765105,-0.2538134607969659,0.01797504534273571,0.05515657627318983,0.0399920913723864,-3578.133106073216,-3045.694424295125,1974.7174041153248,0.4444444444444444,0.0,0.1,0.6090683263810754,0.6155161276956073,1.0,-0.03940460677977873,0.0025333447765873065
0.4,20.278134512329437,0.3838012770147092,20.281766262344224,-0.09835981801220586,-0.3343187014461768,-0.057999999999999996,1.1823353600501882,-5.637574964351657,58.3366350569227,-0.28004204399622734,0.018924593751911526,0.05611948359214837,0.04096490946407324,-3628.5226751013615,-3116.655088019616,1972.9953416594628,0.4444444444444444,0.0,0.1,0.6175514910328497,0.6255855483812112,1.0,-0.04011997755593817,0.00252423790772213
0.4166666666666667,20.295594767378216,0.40193919463061833,20.299574430953236,-0.10393246421629214,-0.33435211221536715,-0.057999999999999996,1.1782535591216994,-5.729267598796147,58.67370336983887,-0.3078675353962343,0.019801669455456382,0.05702654524624612,0.04184583419491736,-3675.617420384305,-3180.0731290406393,1971.293498466731,0.4444444444444444,0.0,0.1,0.6254754557628743,0.6346393913719599,1.0,-0.04077251104049838,0.002515523428748051
0.43333333333333335,20.312893415846048,0.4186953379394561,20.317208093375772,-0.10950328840071608,-0.3341627452080632,-0.057999999999999996,1.1743541424814896,-5.812709034375974,59.01092989845421,-0.3373155072546147,0.020609375922704235,0.057877643752199254,0.04264129174516874,-3719.44627256417,-3236.6578283524195,1969.610559419574,0.4444444444444444,0.0,0.1,0.6328455302477429,0.6427579126164336,1.0,-0.041366324611735374,0.0025071983328118167
0.45,20.33004239382412,0.4341337317325892,20.33467717549787,-0.11506901720774616,-0.3337919778111692,-0.057999999999999996,1.1706328323524833,-5.888479042663477,59.34830206585381,-0.3684092073842964,0.021351050439889954,0.05867339511026433,0.04335746145288094,-3760.089516690946,-3287.061307930183,1967.945266190313,0.4444444444444444,0.0,0.1,0.6396756647897821,0.650018706976509,1.0,-0.04190554423207393,0.002499253487033349
0.4666666666666667,20.347053036719338,0.4483214646463268,20.351991534361748,-0.12062700216474621,-0.3332750966726999,-0.057999999999999996,1.1670833792850872,-5.957144617045158,59.685807339649735,-0.4011697204905641,0.02203016494881668,0.05941497127542013,0.04400024662924357,-3797.662555231207,-3331.8790811600843,1966.2964258240786,0.4444444444444444,0.0,0.1,0.6459857017837506,0.656495423257929,1.0,-0.04239420492758195,0.0024916755490919334
0.48333333333333334,20.363936027121266,0.461327173563673,20.369160838820918,-0.12617512791140376,-0.33264221380897113,-0.057999999999999996,1.1636982422004458,-6.0192510621640505,60.023433251123635,-0.4356161255055248,0.022650251802511952,0.060103959775501266,0.04457526054258083,-3832.3036492975934,-3371.652594108131,1964.6629157971454,0.4444444444444444,0.0,0.1,0.6517993033222186,0.6622571009967507,1.0,-0.042836187375709905,0.0024844484190909115
0.5,20.380701367812755,0.47321990851066414,20.386194478758792,-0.13171173419526366,-0.3319190410727224,-0.057999999999999996,1.1604690959563104,-6.075316722501379,60.36116741062753,-0.47176564664114684,0.02321484851003247,0.06074225300121681,0.04508782254929052,-3864.164801617952,-3406.872865192012,1963.0436864434078,0.4444444444444444,0.0,0.1,0.6571424121223423,0.6673679187720505,1.0,-0.043235180391078376,0.0024775543231901685
0.5166666666666666,20.397358373422428,0.4840682867987826,20.403101497569196,-0.13723554947246927,-0.3311275419040325,-0.057999999999999996,1.1573872045784188,-6.125830265419655,60.698997519771325,-0.5096337968280621,0.023727456874750825,0.061331961040039545,0.04554296081333608,-3893.4050793064685,-3437.9846277732663,1961.4377614440607,0.4444444444444444,0.0,0.1,0.6620421261273742,0.6718872056071871,1.0,-0.04359466159016967,0.0024709746104399507
0.5333333333333333,20.413915675698608,0.49393986615264,20.41989054343603,-0.14274563425777853,-0.33028647836742286,-0.057999999999999996,1.1544436913389267,-6.171249713885999,61.036911380850405,-0.549234512869493,0.024191512995883496,0.06187534310258805,0.04594541912944311,-3920.185804794783,-3465.390591817288,1959.8442369155057,0.4444444444444444,0.0,0.1,0.6665258894860084,0.6758696126764416,1.0,-0.04391789050767327,0.002464690329387329
0.55,20.430381238561722,0.5029006831249829,20.43656983571515,-0.14824133265125086,-0.3294118698126622,-0.057999999999999996,1.1516297305867902,-6.212002641507516,61.37489690390018,-0.5905802820917951,0.024610365441570692,0.06237475358423134,0.04629966614267215,-3944.6671596259716,-3489.4555879312356,1958.262279503456,0.4444444444444444,0.0,0.1,0.6706209225160573,0.6793653754990826,1.0,-0.044207909984461204,0.0024586826376262676
0.5666666666666667,20.44676238001489,0.5110149160142491,20.453147143390456,-0.1537222307210525,-0.3285173775372819,-0.057999999999999996,1.1489366808743724,-6.248487107774873,61.71294211170701,-0.6336822605723041,0.024987259553977844,0.0628325996252149,0.04660990581403184,-3967.005844629644,-3510.5104571346783,1956.6911237918343,0.4444444444444444,0.0,0.1,0.6743538301292171,0.6824206201827496,1.0,-0.044467552823278,0.0024529330860175117
0.5833333333333334,20.463065798708065,0.5183446414755276,20.46962977314446,-0.1591881206406918,-0.32761462784281503,-0.057999999999999996,1.1463561745074085,-6.2810730349349075,62.051035143057184,-0.6785503832147124,0.025325326349506287,0.06325130769867655,0.0468800883767848,-3987.353521138629,-3528.8556161913602,1955.130069258193,0.4444444444444444,0.0,0.1,0.6777503420236484,0.6850776836140566,1.0,-0.04469945158729743,0.0024474238098741233
0.6,20.47929760350152,0.5249496616673316,20.486024565055754,-0.16463896966586491,-0.32671348400954836,-0.057999999999999996,1.1438801750961067,-6.310103818982466,62.38916425446442,-0.7251934660543478,0.025627574861834916,0.0636332972899823,0.04711392130531897,-4005.8558229567584,-3544.7642713759424,1953.5784769484142,0.4444444444444444,0.0,0.1,0.6808351490222697,0.6873754287564678,1.0,-0.04490605006479604,0.0024421376518307405
0.6166666666666667,20.495463344795045,0.5308873846117554,20.50233789432262,-0.17007489319374372,-0.32582227603502956,-0.057999999999999996,1.1415010118848044,-6.335898033619762,62.72731782058301,-0.7736193012342356,0.025896887068166046,0.06398096015513613,0.047314880010745644,-4022.65178002,-3558.4852805371083,1952.0357659985407,0.4444444444444444,0.0,0.1,0.6836318086431978,0.689349543877569,1.0,-0.045089615395432915,0.0024370582351359946
0.6333333333333333,20.511568046709446,0.5362127448734356,20.5185756777257,-0.17549613127938088,-0.324947995512906,-0.057999999999999996,1.1392113974582905,-6.358751133867937,63.06548433348602,-0.823834745114962,0.026136014760596956,0.06429664398084176,0.04748621810880263,-4037.8735345067275,-3570.245679482815,1950.5014100975393,0.4444444444444444,0.0,0.1,0.6861626997483313,0.6910328196656543,1.0,-0.045252250194054315,0.002432170001454792
0.65,20.52761623944927,0.5409781550068578,20.5347433837946,-0.1809030280934604,-0.3240964617683204,-0.057999999999999996,1.1370044337446552,-6.378937100137274,63.403652400964596,-0.8758457999795599,0.026347577891455396,0.0645826395315956,0.04763097719366519,-4051.6462607727335,-3580.252897706075,1948.9749339591203,0.4444444444444444,0.0,0.1,0.6884490113089838,0.6924554015808003,1.0,-0.0453959042507705,0.0024274582236841528
0.6666666666666666,20.54361199135876,0.5452334807347303,20.550846045844768,-0.1862960138961964,-0.3232724642982516,-0.057999999999999996,1.134873609952809,-6.396709987625143,63.741810743985845,-0.9296576897777725,0.026534064046556692,0.06484117057458319,0.04775199610850575,-4064.0882238411436,-3588.6966927978447,1947.4559098514517,0.4444444444444444,0.0,0.1,0.6905107542840547,0.6936450169643775,1.0,-0.04552238555729438,0.0024229090015498965
0.6833333333333333,20.559558940320834,0.5490260346980848,20.566888277211568,-0.19167558917677402,-0.32247988566834235,-0.057999999999999996,1.1328127951105125,-6.41230536265201,64.07994819343125,-0.9852749303283225,0.02669782879357889,0.06507438603308999,0.04785191973916316,-4075.3109288687115,-3595.7508342562624,1945.9439542191417,0.4444444444444444,0.0,0.1,0.6923667886002571,0.6946271777860382,1.0,-0.04563337052867139,0.0024185092456756405
0.7,20.575460324252294,0.5524005850121997,20.58287428813581,-0.19704231066894115,-0.32172180826907626,-0.057999999999999996,1.1308162271355295,-6.42594161899243,64.41805368622438,-1.042701394367579,0.02684109672173235,0.06528435394325471,0.04793320737758155,-4085.4193273305123,-3601.574566933765,1944.4387244211057,0.4444444444444444,0.0,0.1,0.6940348594759327,0.6954253607045071,1.0,-0.04573041337098996,0.0024142466542501568
0.7166666666666667,20.591319010525865,0.5553993758870771,20.598807903856468,-0.20239677900344047,-0.3210006077118021,-0.057999999999999996,1.1288784998225225,-6.4378211748968726,64.7561162609462,-1.1019403718012009,0.02696596303946052,0.06547305688497104,0.04799814071141928,-4094.512055637315,-3606.3138828143956,1942.9399155999129,0.4444444444444444,0.0,0.1,0.69553163901414,0.6960611665417025,1.0,-0.045814954600024514,0.002410109685244922
0.7333333333333333,20.60713752420729,0.5580621583157449,20.61469258354672,-0.20773962779881272,-0.3203180351293491,-0.057999999999999996,1.1269945487180733,-6.448131556415287,65.09412505302711,-1.162994625483894,0.027074395633518617,0.06564238863167064,0.04804883149875215,-4102.681689320731,-3610.1026276695243,1941.4472576922913,0.4444444444444444,0.0,0.1,0.6968727702425946,0.6965544614449699,1.0,-0.045888328750741385,0.002406087526257861
0.75,20.622918075038672,0.5604262293661524,20.63053143979375,-0.2130715140253015,-0.31967529021964425,-0.057999999999999996,1.12515963655212,-6.457046375611348,65.43206928959707,-1.2258664428226143,0.02716823751885652,0.06579415182039701,0.04808722898450344,-4110.015001405459,-3613.0634667123686,1939.9605125861128,0.4444444444444444,0.0,0.1,0.6980729117021489,0.6969235020258367,1.0,-0.04595177133879083,0.0024021700634100584
0.7666666666666666,20.63866258313088,0.5625264789851585,20.646327258374214,-0.21839310950347815,-0.3190730865191598,-0.057999999999999996,1.1233693386703703,-6.464726213865322,65.7699382840686,-1.2905576834711134,0.02724920962690508,0.06593005648679033,0.04811512710985809,-4116.593217606292,-3615.3087308551876,1938.479471425987,0.4444444444444444,0.0,0.1,0.6991457813617333,0.6971850466744973,1.0,-0.04600642514655941,0.0023983478502445526
0.7833333333333333,20.65437270335109,0.5643954434763092,20.662082518118822,-0.22370509342090045,-0.31851171010385665,-0.057999999999999996,1.121619528749269,-6.471319421114834,66.10772143052131,-1.3570698233590353,0.027318913892144397,0.06605171934232251,0.048134171558707285,-4122.492263898607,-3616.9411626872366,1937.003952067292,0.4444444444444444,0.0,0.1,0.7001041991268753,0.69735445509726,1.0,-0.046053345910991764,0.0023946120772283712
0.8,20.670049848408603,0.5660633649778439,20.67779941069326,-0.22900814576754763,-0.3179910726782445,-0.057999999999999996,1.1199063649579368,-6.476962841872524,66.44540819795128,-1.4254039952769921,0.02737883660477015,0.06616066369569529,0.048145866677026326,-4127.78300408748,-3618.054578907259,1935.5337966768172,0.4444444444444444,0.0,0.1,0.7009601275572149,0.6974457779365888,1.0,-0.04609350749031779,0.002390954542208837
0.8166666666666667,20.685695210654277,0.5675582563676768,20.69347986015055,-0.23430294160471843,-0.3175107598196829,-0.057999999999999996,1.1182262766487827,-6.481782478402586,66.78298812444383,-1.4955610262201329,0.027430352002064992,0.06625831993859072,0.04815158229266298,-4132.5314664488,-3618.7344637017427,1934.0688694770133,0.4444444444444444,0.0,0.1,0.701724710650866,0.6974718381286107,1.0,-0.04612780658356916,0.002387367621998561
0.8333333333333334,20.701309782617752,0.5689059710765938,20.70912554213316,-0.23959014609318377,-0.3170700749879793,-0.057999999999999996,1.116575951601685,-6.48589410068968,67.12045081132301,-1.567541471676521,0.02747472607365075,0.0663460265294047,0.048152560454772,-4136.799059492932,-3619.0585054802355,1932.6090546300513,0.4444444444444444,0.0,0.1,0.702408310716518,0.6974443054435236,1.0,-0.04615706707144201,0.0023838442451422945
0.85,20.716894376312755,0.5701302773139829,20.724737902622778,-0.2448704102151997,-0.31666807978375566,-0.057999999999999996,1.1149523238091574,-6.489403811907556,67.45778591732724,-1.641345647032948,0.02751312055685426,0.06642503141835551,0.04814992210440113,-4140.642777526814,-3619.097087471601,1931.1542542573352,0.4444444444444444,0.0,0.1,0.7030205434580572,0.6973737654487153,1.0,-0.04618204404047203,0.0023803778658387474
0.8666666666666667,20.73244964134502,0.5712529362131984,20.740318176152446,-0.2501443671319593,-0.3163036308379698,-0.057999999999999996,1.1133525617668059,-6.492408577073006,67.79498315285582,-1.716973656259366,0.027546597098513002,0.06649649386435742,0.048144673680739394,-4144.115397054764,-3618.9137409526707,1929.7043865897733,0.4444444444444444,0.0,0.1,0.7035703114564982,0.6972697839382566,1.0,-0.04620342754521671,0.0023769624389411983
0.8833333333333333,20.7479760818602,0.5722937833946511,20.75586740341042,-0.25541262912358065,-0.3159754136351987,-0.057999999999999996,1.1117740572208386,-6.494996721515143,68.13203227432673,-1.7944254180236334,0.02757612155909134,0.0665614865990081,0.04813771366142015,-4147.265665231561,-3618.5655683220443,1928.2593842438957,0.4444444444444444,0.0,0.1,0.7040658362619584,0.6971409676895306,1.0,-0.04622184615562751,0.0023735923959338798
0.9,20.763474072371025,0.573270813430352,20.771386448178053,-0.26067578506310213,-0.3156819735112497,-0.057999999999999996,1.110214414319497,-6.497248404744008,68.46892307868218,-1.8737006893804542,0.02760256843428736,0.06662099829652993,0.048129839030112406,-4150.138481616883,-3618.1036418427834,1926.8191926188083,0.4444444444444444,0.0,0.1,0.7045146893132758,0.6969950222404844,1.0,-0.0462378703293505,0.002370262621770728
0.9166666666666666,20.77894387250389,0.5742002666786782,20.786876013555304,-0.26593439837945804,-0.3154217440183118,-0.057999999999999996,1.1086714391157781,-6.499236074299058,68.80564539807399,-1.9547990871719638,0.027626725368613894,0.06667593631097887,0.04812175166046124,-4152.775074419335,-3617.5733826530163,1925.3837684089117,0.4444444444444444,0.0,0.1,0.7049238218916145,0.6968388072307357,1.0,-0.04625201564155326,0.0023669684324641193
0.9333333333333333,20.794385640705848,0.5750967179459893,20.802336657437927,-0.27118900546724295,-0.315193072815586,-0.057999999999999996,1.107143129373037,-6.50102490322022,69.14218909475696,-2.0377201072721043,0.02764929773489681,0.06672712964383981,0.04811406460224643,-4155.2131722930735,-3617.014923576093,1923.95307822736,0.4444444444444444,0.0,0.1,0.7052995942924246,0.6966783897171887,1.0,-0.04626474589820124,0.002363705553320249
0.95,20.80979944695301,0.5759731664247097,20.817768807219643,-0.2764401145034308,-0.3149942452178747,-0.057999999999999996,1.1056276646315837,-6.502673213927356,69.47854405621447,-2.122463141802493,0.027670913253358586,0.06677533210653215,0.04810730825337547,-4157.48717258495,-3616.4634583443694,1922.5270973352435,0.4444444444444444,0.0,0.1,0.7056478043715325,0.6965190957599641,1.0,-0.04627647615260915,0.0023604700977317176
0.9666666666666667,20.825185284501526,0.5768411263570508,20.83317277370098,-0.2816882046332307,-0.31482350551702787,-0.057999999999999996,1.1041233965022847,-6.504232890528993,69.81470019053626,-2.2090274944437023,0.027692126624010622,0.06682122564355725,0.04810193639995317,-4159.628306744484,-3615.9495790741794,1921.1058084715642,0.4444444444444444,0.0,0.1,0.705973715589194,0.6963655604769847,1.0,-0.04628757563964885,0.0023572585464547656
0.9833333333333333,20.84054308072196,0.5777107178803749,20.84854876419416,-0.2869337254890491,-0.3146790761797498,-0.057999999999999996,1.102628839161597,-6.50574978091295,70.1506474220652,-2.297412393962502,0.02771342414649387,0.06686542378317505,0.04809833210609264,-4161.664803417099,-3615.499603184693,1919.6892007791446,0.4444444444444444,0.0,0.1,0.7062820846430253,0.6962217766847139,1.0,-0.04629837063723985,0.0023540677273165577
1.0,20.855872707057824,0.5785907575244797,20.8638968948203,-0.2921770970081799,-0.3145591750186331,-0.057999999999999996,1.101142660030872,-6.507264089402321,70.48637568732565,-2.3876170060725808,0.027735228302287702,0.06690847518370711,0.04809681343526149,-4163.622049554096,-3615.1358904301233,1918.2772688217012,0.4444444444444444,0.0,0.1,0.7065771887487269,0.6960911421773557,1.0,-0.046309147260697715,0.002350894795315875
1.0166666666666666,20.871173988148517,0.5794888478525041,20.879217202001435,-0.29741870951642163,-0.31446203043016824,-0.057999999999999996,1.0996636706306815,-6.508810760288429,70.82187493124282,-2.47964044374328,0.027757902275334537,0.06695086724489059,0.04809763898569295,-4165.522749698613,-3614.877150302144,1916.8700116873968,0.4444444444444444,0.0,0.1,0.7068628525977243,0.6959765056460229,1.0,-0.0463201541921584,0.002347737213097475
1.0333333333333332,20.886446710156704,0.580411465765137,20.894509653155477,-0.3026589240463739,-0.31438589479284285,-0.057999999999999996,1.0981908176080883,-6.51041985217442,71.15713510365923,-2.5734817760679984,0.027781754388568974,0.06699302975519211,0.04810101322363222,-4167.387083451047,-3614.738739746612,1915.4674321742802,0.4444444444444444,0.0,0.1,0.7071424749942381,0.6958802112016564,1.0,-0.04633160534460597,0.002344592731795677
1.05,20.901690628339665,0.581364049021506,20.909774156607163,-0.30789807286072696,-0.31432905611943585,-0.057999999999999996,1.0967231739409682,-6.5121169027731645,71.49214615615124,-2.6691400358008974,0.027807042435552487,0.06703533854764623,0.04810709159983156,-4169.232860983572,-3614.7329509139886,1914.0695360531167,0.4444444444444444,0.0,0.1,0.7074190551514394,0.6958041414393213,1.0,-0.046343682457968265,0.0023414593722559467
1.0666666666666667,20.916905473903746,0.5823510805685368,20.92501057073243,-0.3131364601524437,-0.3142898480595101,-0.057999999999999996,1.0952599303286203,-6.5139232835940355,71.82689803914577,-2.7666142256674258,0.027833977888347,0.0670781191386057,0.04811598543665706,-4171.07567636355,-3614.8692885150167,1912.6763314032123,0.4444444444444444,0.0,0.1,0.7076952186075713,0.6957497589654368,1.0,-0.046356537623256366,0.0023383354066542046
1.0833333333333333,20.932090960180673,0.5833761703126664,20.940218712357474,-0.31837436289535886,-0.3142666583503608,-0.057999999999999996,1.093800386781847,-6.515856543816487,72.16138069933484,-2.8659033235508553,0.027862729964860253,0.06712165032576488,0.04812776657532981,-4172.929058360308,-3615.1547362708543,1911.2878280169098,0.4444444444444444,0.0,0.1,0.7079732427083363,0.6957181463019954,1.0,-0.046370295729751626,0.002335219340541981
1.1,20.947246788163845,0.5844421340124443,20.955398364437016,-0.3236120318203794,-0.31425793581683836,-0.057999999999999996,1.0923439444285792,-6.517930742575554,72.49558407738296,-2.9670062866534916,0.027893429541108506,0.06716616772391727,0.04814247177511364,-4174.8046183486385,-3615.594011919148,1909.904036868554,0.4444444444444444,0.0,0.1,0.7082550815913671,0.6957100440814384,1.0,-0.04638505682972573,0.0023321098953517643
1.1166666666666667,20.962372651442287,0.5855510690167222,20.97054928303887,-0.3288496924941629,-0.31426219602221506,-0.057999999999999996,1.0908900975528855,-6.52015676886599,72.82949810592045,-3.0699220547274746,0.027926172896114772,0.0672118672191007,0.04816010685860135,-4176.712194884056,-3616.189810254031,1908.5249696438173,0.4444444444444444,0.0,0.1,0.7085423906020039,0.6957258874511544,1.0,-0.046400898415048485,0.00232900599140061
1.1333333333333333,20.977468240569337,0.5867044266198058,20.98567120366443,-0.3340875464788667,-0.3142780256733662,-0.057999999999999996,1.089438425886002,-6.522542648298725,73.16311270781415,-3.1746495524661293,0.027961025279445915,0.06725890832403524,0.04818065059957659,-4178.659994507567,-3616.9430337291906,1907.1506383253582,0.4444444444444444,0.0,0.1,0.7088365500665724,0.695765840616272,1.0,-0.046417877600229675,0.0023259067314317984
1.15,20.992533246902422,0.5879030808511927,21.00076384693609,-0.33932577255328433,-0.31430408588385816,-0.057999999999999996,1.0879885871679462,-6.525093836006745,73.4964177947047,-3.2811876911426516,0.027998024293643658,0.06730741742003284,0.04820405835218445,-4180.654728339077,-3617.8530102302198,1905.7810548309324,0.4444444444444444,0.0,0.1,0.7091386883494959,0.695829829462355,1.0,-0.04643603320689281,0.0023228113847341882
1.1666666666666667,21.00756736594962,0.5891473935625555,21.015826923684276,-0.34456452797741116,-0.31433911439798595,-0.057999999999999996,1.086540309997416,-6.527813495088782,73.8294032657991,-3.3895353695785886,0.028037183085985466,0.06735749087281939,0.04823026542228161,-4182.7017440359605,-3618.9176977173615,1904.4162307001448,0.4444444444444444,0.0,0.1,0.7094497041234386,0.6959175722146598,1.0,-0.04645538774532841,0.0023197193718770357
1.1833333333333333,21.022570300257808,0.5904372757177426,21.030860139467396,-0.3498039497841801,-0.31438192687737715,-0.057999999999999996,1.085093386986189,-6.530702760090965,74.16205900690554,-3.499691474520082,0.028078493346087495,0.06740919801192605,0.0482591901838239,-4184.805152724094,-3620.1338755459597,1903.0561768261803,0.4444444444444444,0.0,0.1,0.7097702877868055,0.6960286081069496,1.0,-0.04647594928956928,0.002316630250094922
1.2,21.037541761876422,0.5917722448321928,21.04586319855872,-0.35504415608378354,-0.314431417349495,-0.057999999999999996,1.0836476682322602,-6.533760985151258,74.49437488969674,-3.611654880495266,0.028121928107807368,0.06746258396544835,0.04829073694495573,-4186.967950550032,-3621.49732238311,1901.7009032289557,0.4444444444444444,0.0,0.1,0.7101009419698544,0.6961623240496057,1.0,-0.04649771324331816,0.0023135436993531617
1.2166666666666666,21.05248147442976,0.5931514785458568,21.060835807434362,-0.36028524736761997,-0.3144865579142969,-0.057999999999999996,1.0822030551235722,-6.536985976563487,74.82634077118787,-3.7254244492215505,0.028167444355698925,0.06751767234401362,0.048324798570075586,-4189.192134552293,-3623.0029807506044,1900.3504188662687,0.4444444444444444,0.0,0.1,0.7104420010789482,0.6963179793033394,1.0,-0.046520663994996825,0.002310459509119024
1.2333333333333334,21.067389174829785,0.5945738643481443,21.075777677796403,-0.36552730780046905,-0.31454639780151955,-0.057999999999999996,1.0807594944815637,-6.5403742096513415,75.15794649341385,-3.8409990286268223,0.028214985437899257,0.06757446776971679,0.04836125886555391,-4191.478812604484,-3624.6451083321385,1899.004731479654,0.4444444444444444,0.0,0.1,0.7107936498376807,0.696494728180659,1.0,-0.046544776461136715,0.0023073775658584428
1.25,21.08226461466028,0.5960380455043668,21.090688529164844,-0.3707704064909969,-0.31461006186666873,-0.057999999999999996,1.0793169730509935,-6.543921029973709,75.48918188329141,-3.9583774515439383,0.028264483288781242,0.06763295824756797,0.0483999947379688,-4193.82830724093,-3626.417416283751,1897.6638474717943,0.4444444444444444,0.0,0.1,0.7111559407933477,0.6966916408119616,1.0,-0.046570017518262896,0.002304297841272017
1.2666666666666666,21.097107561261925,0.5975424632604976,21.105568091071476,-0.376014598732109,-0.3146767486089056,-0.057999999999999996,1.0778755123396488,-6.547620839007428,75.82003675265081,-4.077558534133225,0.028315860465978553,0.06769311737862668,0.04844087813470478,-4196.2402532345595,-3628.3131948785044,1896.3277718124732,0.4444444444444444,0.0,0.1,0.7115288107671772,0.6969077220264428,1.0,-0.04659634732431119,0.0023012203812779984
1.2833333333333332,21.111917798546745,0.5990853954267972,21.12041610488791,-0.38125992720400126,-0.3147457277887499,-0.057999999999999996,1.0764351638087564,-6.551467264569353,76.15050089842202,-4.1985410740831695,0.02836903200748345,0.06775490641547227,0.04848377777753577,-4198.713688855252,-3630.325426897684,1894.996507970214,0.4444444444444444,0.0,0.1,0.7119120962365715,0.6971419284097289,1.0,-0.04662372053144206,0.0022981452957440123
1.3,21.126695127568873,0.6006649914610043,21.135232325319,-0.3865064231340013,-0.31481633771797884,-0.057999999999999996,1.0749960044122204,-6.555453316344318,76.48056410296113,-4.321323848635011,0.028423907115435864,0.06781827616197242,0.048528560700394706,-4201.247140793308,-3632.4468892505492,1893.670057866883,0.4444444444444444,0.0,0.1,0.7123055476471062,0.6973931836101329,1.0,-0.046652087392860246,0.002295072748963515
1.3166666666666667,21.141439366877442,0.6022793041884822,21.15001652159187,-0.39175410740843813,-0.31488798228839854,-0.057999999999999996,1.0735581324802652,-6.559571526978108,76.810216134502,-4.44590561247267,0.028480390673970134,0.06788316872046049,0.04857509360293395,-4203.838702785855,-3634.6702433623386,1892.3484218527062,0.4444444444444444,0.0,0.1,0.7127088426609854,0.6976603919736879,1.0,-0.046681394766907254,0.0022920029508675358
1.3333333333333333,21.156150352675887,0.6039263183100989,21.16476847836932,-0.39700299163283004,-0.3149601278003899,-0.057999999999999996,1.0721216639407343,-6.563814079273791,77.13944674771987,-4.572285095515277,0.02853838460907377,0.06794951909042246,0.04862324403171517,-4206.4861080331075,-3636.988114915933,1891.0315986992807,0.4444444444444444,0.0,0.1,0.7131215983569045,0.6979424505946152,1.0,-0.046711587022258,0.002288936148957306
1.35,21.170827938810525,0.6056039758589191,21.179487996415222,-0.4022530791376355,-0.31503229964638724,-0.057999999999999996,1.07068672886922,-6.56817292009566,77.46824568439295,-4.700461000645629,0.028597789098850666,0.0680172566236281,0.04867288140095323,-4209.186795535599,-3639.3931635666704,1889.7195856083388,0.4444444444444444,0.0,0.1,0.713543382403711,0.6982382598727244,1.0,-0.04674260684852179,0.0022858726209389244
1.3666666666666667,21.185471996609976,0.6073101987742241,21.19417489303796,-0.4075043659276732,-0.3151040788987949,-0.057999999999999996,1.0692534683573247,-6.5726398616378665,77.79660267414961,-4.830432001404106,0.028658503642881816,0.06808630634132745,0.048723877864690956,-4211.937970522597,-3641.878143272906,1888.4123782341553,0.4444444444444444,0.0,0.1,0.7139737232368276,0.6985467326725096,1.0,-0.04677439597692368,0.0022828126680372253
1.3833333333333333,21.20008241459539,0.6090429087662059,21.20882900233662,-0.41275684157408216,-0.315175098846366,-0.057999999999999996,1.0678220316868332,-6.577206670754541,78.12450743528883,-4.962196739674059,0.028720427999552597,0.06815659011968103,0.04877610905211861,-4214.736659175519,-3644.4359538978815,1887.1099707176484,0.4444444444444444,0.0,0.1,0.7144121192720445,0.6988668021805229,1.0,-0.046806895816025026,0.002279756608962747
1.4,21.214659098080183,0.6108000446471683,21.22345017527304,-0.41801049004837576,-0.315245041517801,-0.057999999999999996,1.0663925737962507,-6.581865147076192,78.45194967566259,-5.095753823381326,0.028783463000280077,0.06822802775001019,0.0488294546774893,-4217.579757878267,-3647.05968474228,1885.8123557303818,0.4444444444444444,0.0,0.1,0.7148580471960124,0.6991974285581087,1.0,-0.046840048007641334,0.0022767047745028963
1.4166666666666667,21.229201968676527,0.6125795773054759,21.238038279591436,-0.4232652904987324,-0.31531363422631886,-0.057999999999999996,1.0649652530251381,-6.586607190653844,78.77891909360936,-5.23110182422742,0.028847511249540568,0.0683005378807536,0.04888379903573656,-4220.464077249176,-3649.7426506625557,1884.5195245267992,0.4444444444444444,0.0,0.1,0.7153109693765823,0.699537604485946,1.0,-0.046873794908233825,0.0022736575027061967
1.4333333333333333,21.24371096372441,0.6143795224970859,21.252593199605748,-0.42852121796918247,-0.3153806461642465,-0.057999999999999996,1.063540229120917,-6.591424859878975,79.10540537892891,-5.368239275473077,0.02891247771947921,0.06837403884820933,0.04893903139448711,-4223.3863812268055,-3652.478421418788,1883.2314670031874,0.4444444444444444,0.0,0.1,0.7157703404390799,0.6998863596951854,1.0,-0.046908080001098466,0.002270615134626896
1.45,21.258186035657857,0.6161979516265297,21.26711483587342,-0.43377824406278664,-0.31544588507227317,-0.057999999999999996,1.0621176614922747,-6.5963104204250245,79.43139821388904,-5.507164669786134,0.028978270247692513,0.06844844940323817,0.048995046292695334,-4226.3434214944855,-3655.2608448785986,1881.948171761982,0.4444444444444444,0.0,0.1,0.716235613056718,0.7002427645774771,1.0,-0.046942848244659774,0.002267578010596059
1.4666666666666666,21.272627151321494,0.6180330006849241,21.281603104772817,-0.43903633755026966,-0.3155091940039568,-0.057999999999999996,1.0606977076929904,-6.60125638594594,79.75688727425599,-5.647876457165348,0.029044799946523783,0.0685236893411174,0.0490517437556183,-4229.331967536729,-3658.084064681426,1880.669626180173,0.4444444444444444,0.0,0.1,0.7167062430047147,0.7006059329629772,1.0,-0.04697804636210323,0.002264546466984595
1.4833333333333334,21.28703429124949,0.61988287750722,21.29605793800013,-0.44429546492587735,-0.3155704482023377,-0.057999999999999996,1.0592805221199193,-6.606255551250463,80.08186223034058,-5.790373042949477,0.029111981531910604,0.06859968004167352,0.04910902943531418,-4232.348832624659,-3660.942532941482,1879.3958164806907,0.4444444444444444,0.0,0.1,0.7171816935283468,0.7009750241516634,1.0,-0.047013623077461195,0.0022615208334235124
1.5,21.30140744891763,0.6217458675046402,21.310479282000266,-0.44955559091246966,-0.31562955210212595,-0.057999999999999996,1.0578662549089082,-6.611301018648193,80.40631274805338,-5.934652785918959,0.029179733579484154,0.06867634492669919,0.04916681468529172,-4235.390896028057,-3663.8310185385026,1878.1267278057578,0.4444444444444444,0.0,0.1,0.7176614390752245,0.7013492442790794,1.0,-0.047049529303105395,0.002258501430446737
1.5166666666666666,21.31574662997821,0.6236203380213161,21.324867097344857,-0.45481667891805544,-0.3156864364678663,-0.057999999999999996,1.056455051012695,-6.6163862181366015,80.73022848996237,-6.080713996495747,0.029247978715250558,0.06875360984148386,0.04922501657737394,-4238.455121748811,-3666.74461151427,1876.862344291331,0.4444444444444444,0.0,0.1,0.7181449684415827,0.701727847093133,1.0,-0.047085718283408545,0.0022554885675224686
1.5333333333333332,21.33005185148632,0.6255047414566867,21.339221358069274,-0.46007869144611707,-0.3157410556757462,-0.057999999999999996,1.0550470494451767,-6.621504922067369,81.05359911634764,-6.228554935045176,0.029316643747793865,0.06883140336706801,0.04928355786827272,-4241.538574064995,-3669.678724060095,1875.6026491418381,0.4444444444444444,0.0,0.1,0.7186317873814302,0.702110134213817,1.0,-0.047122145699117685,0.002252482541439724
1.55,21.34432314112502,0.6273976172874088,21.35354205097934,-0.46534159046217805,-0.31579338514427874,-0.057999999999999996,1.0536423826769348,-6.626651254897281,81.37641428624816,-6.378173810282379,0.0293856597485354,0.06890965706957665,0.04934236692281068,-4244.638430166942,-3672.6290885470457,1874.3476247045298,0.4444444444444444,0.0,0.1,0.7191214207260537,0.7024954549429063,1.0,-0.04715876973674681,0.002249483635017807
1.5666666666666667,21.358560536436137,0.6292975931145007,21.36782917493742,-0.47060533771912855,-0.31584341891695533,-0.057999999999999996,1.0522411761674726,-6.6318196985936035,81.69866365849632,-6.529568777784439,0.029454962086171595,0.06898830569270577,0.04940137760017468,-4247.7519901568085,-3675.5917530169468,1873.097252542853,0.4444444444444444,0.0,0.1,0.7196134140597008,0.7028832056857686,1.0,-0.04719555112704437,0.0022464921161076553
1.5833333333333333,21.37276408406227,0.6312033848533136,21.382082740136244,-0.4758698950438571,-0.31589116739809425,-0.057999999999999996,1.0508435480202678,-6.63700509422764,82.02033689273642,-6.682737938608408,0.02952449042099867,0.06906728729913372,0.04946052910905128,-4250.876684671852,-3678.5630745188064,1871.8515135083348,0.4444444444444444,0.0,0.1,0.720107334995346,0.7032728290425944,1.0,-0.04723245315633386,0.00224350823685539
1.6,21.386933839005014,0.6331137961757966,21.396302767368148,-0.4811352245877403,-0.3159366552415036,-0.057999999999999996,1.0494496087474612,-6.642202640253169,82.34142365042406,-6.837679338014357,0.029594188664420505,0.06914654336631336,0.04951976583697708,-4254.010080379019,-3681.5397106424716,1870.6103878105523,0.4444444444444444,0.0,0.1,0.7206027740923067,0.7036638126215596,1.0,-0.04726944165426227,0.0022405322331999363
1.6166666666666667,21.40106986390347,0.6350277173064809,21.410489287296187,-0.4864012890435189,-0.3159799193902013,-0.057999999999999996,1.0480594611317267,-6.647407887929719,82.66191359580351,-6.994390964291787,0.029664004908531997,0.06922601884177605,0.04957903715874203,-4257.14988357515,-3684.518609569523,1869.3738550848302,0.4444444444444444,0.0,0.1,0.721099345455223,0.7040556876218051,1.0,-0.047306484961229696,0.002237564324578124
1.6333333333333333,21.415172228336473,0.6369441232657315,21.42464233973292,-0.4916680518310518,-0.31602100726427684,-0.057999999999999996,1.0466732001736587,-6.652616734314064,82.9817963968612,-7.152870747687089,0.029733891330275326,0.06930566216275011,0.049638297228213,-4260.2939421130395,-3687.4969989308274,1868.1418944573759,0.4444444444444444,0.0,0.1,0.7215966870515353,0.7044480272296442,1.0,-0.047343553878513044,0.002234604713812358
1.65,21.429241008151422,0.6388620716461527,21.4387619729318,-0.4969354772543744,-0.31605997509301814,-0.057999999999999996,1.0452909131137829,-6.657825413207805,83.3010617262532,-7.3131165594290986,0.029803804074285182,0.06938542524456762,0.049697504757498734,-4263.440245859357,-3690.47237373096,1866.9144846076215,0.4444444444444444,0.0,0.1,0.7220944607821811,0.7048404448671295,1.0,-0.0473806216038443,0.002231653587157612
1.6666666666666667,21.44327628482182,0.640780700000644,21.452848242895282,-0.5022035306324214,-0.31609688638664213,-0.057999999999999996,1.0439126795190856,-6.663030484414342,83.61969926220561,-7.475126210849398,0.0298737031181722,0.06946526344200857,0.04975662278695759,-4266.5869258759885,-3693.4424835720706,1865.6916038275965,0.4444444444444444,0.0,0.1,0.722592352337794,0.7052325923280596,1.0,-0.047417663654957386,0.002228711114486167
1.6833333333333333,21.457278144835303,0.642699222913511,21.466901212703252,-0.5074721784056836,-0.3161318105423427,-0.057999999999999996,1.0425385714247322,-6.668228821625468,83.93769868938672,-7.638897452593573,0.029943552123643653,0.0695451354874132,0.049815618449156725,-4269.732252502058,-3696.405319383838,1864.4732300782011,0.4444444444444444,0.0,0.1,0.7230900708702706,0.7056241578326803,1.0,-0.0474546577833827,0.0022257774495901706
1.7,21.471246679113356,0.6446169288192772,21.48092095186463,-0.5127413882209795,-0.3161648215788862,-0.057999999999999996,1.0411686535224154,-6.673417599226121,84.2550496997503,-7.804427973919413,0.030013318276527708,0.06962500340908266,0.04987446272952456,-4272.874632499761,-3699.359099841777,1863.2593410422999,0.4444444444444444,0.0,0.1,0.723587348507178,0.7060148640287505,1.0,-0.04749158388054279,0.0022228527305837554
1.7166666666666666,21.48518198246351,0.6465331766274354,21.494907535694463,-0.5180111289964201,-0.3161959969936265,-0.057999999999999996,1.0398029833874938,-6.678594278275999,84.57174199334966,-7.971715402077766,0.030082972118453524,0.06970483243319012,0.049933130226099,-4276.012605413428,-3702.3022576336666,1862.0499141745804,0.4444444444444444,0.0,0.1,0.7240839397341682,0.7064044659633031,1.0,-0.04752842387799004,0.0022199370803879714
1.7333333333333334,21.499084153064448,0.6484473922053272,21.5088610447184,-0.5232813709685413,-0.31622541673556387,-0.057999999999999996,1.0384416117378226,-6.683756591898491,84.88776527912235,-8.140757301771654,0.03015248737264393,0.06978459087213632,0.04999159891045941,-4279.144839277966,-3705.233425712991,1860.8449267481765,0.4444444444444444,0.0,0.1,0.7245796206683129,0.7067927490463461,1.0,-0.04756516164342655,0.0022170306072833755
1.75,21.512953291984193,0.6503590647656645,21.52278156410589,-0.5285520857234699,-0.3162531622879182,-0.057999999999999996,1.037084582717832,-6.688902530281035,85.20310927564572,-8.311551174689171,0.030221840766000884,0.0698642500020105,0.05004984989164159,-4282.270125800075,-3708.1514236590597,1859.644355898056,0.4444444444444444,0.0,0.1,0.7250741882431322,0.7071795270248832,1.0,-0.04760178287395872,0.0022141334055165323
1.7666666666666666,21.526789502731113,0.6522677431998938,21.536669183133068,-0.5338232462138793,-0.3162793158536203,-0.057999999999999996,1.035731934202074,-6.694030325466417,85.51776371186362,-8.484094459105615,0.03029101184940651,0.0699437839315569,0.05010786718457073,-4285.387375123544,-3711.0552442460094,1858.4481786612243,0.4444444444444444,0.0,0.1,0.72556745932404,0.707564639983027,1.0,-0.047638274987864056,0.0022112455559480685
1.7833333333333332,21.540592890837324,0.6541730323936634,21.55052399467592,-0.539094826763383,-0.31630395963712316,-0.057999999999999996,1.0343836981130758,-6.699138436091823,85.83171832778476,-8.65838452955036,0.030359982817923393,0.07002316946480211,0.05016563748430561,-4288.495610278433,-3713.944040306819,1857.2563720138103,0.4444444444444444,0.0,0.1,0.7260592697709959,0.7079479523815869,1.0,-0.047674627015986154,0.0022083671267312814
1.8,21.554363563473938,0.6560745895560725,21.564346094734105,-0.5443668030599013,-0.316327175216,-0.057999999999999996,1.033039900748888,-6.704225532211393,86.1449628751533,-8.83441869653401,0.030428738332356865,0.0701023859592676,0.0502231499471682,-4291.5939614031495,-3716.8171119640742,1856.0689129051004,0.4444444444444444,0.0,0.1,0.7265494734633302,0.7083293511483348,1.0,-0.04771082949372394,0.002205498174011441
1.8166666666666667,21.568101629097225,0.6579721205901449,21.578135581985304,-0.5496391521394307,-0.31634904299590455,-0.057999999999999996,1.0317005631162808,-6.70929048031883,86.45748711809283,-9.012194206331415,0.030497265343438947,0.07018141518147529,0.05028039597963445,-4294.681659818333,-3719.6738942861066,1854.8857782886305,0.4444444444444444,0.0,0.1,0.7270379413000032,0.7087087438281958,1.0,-0.04774687435444461,0.0022026387426371456
1.8333333333333333,21.581807197124792,0.6598653765280822,21.591892557369956,-0.5549118523615421,-0.3163696417426265,-0.057999999999999996,1.0303657012660299,-6.714332328669049,86.76928083372434,-9.191708240816334,0.03056555291970704,0.07026024116125337,0.05033736903568361,-4297.758032022006,-3722.513945415455,1853.7069451504365,0.4444444444444444,0.0,0.1,0.727524560186974,0.7090860568008385,1.0,-0.04778275482502465,0.00219978886687615
1.8499999999999999,21.59548037764067,0.6617541500512802,21.60561712370589,-0.5601848833778258,-0.3163890481851596,-0.057999999999999996,1.02903532662719,-6.719350292981737,87.08033381275916,-9.37295791734356,0.03063359207998048,0.07033885004616204,0.050394064423143,-4300.822493666754,-3725.336935206091,1852.5323905345858,0.4444444444444444,0.0,0.1,0.7280092320218811,0.7094612335715507,1.0,-0.04781846532410884,0.00219694857112902
1.8666666666666667,21.60912128112812,0.6636382721118421,21.61930938533227,-0.565458226094408,-0.3164073366839177,-0.057999999999999996,1.0277094463376906,-6.724343742595357,87.39063586006824,-9.555940288674552,0.030701375631183286,0.07041722995718624,0.050450479119422624,-4303.874543571607,-3728.1426343965845,1851.3620915661077,0.4444444444444444,0.0,0.1,0.7284918726848786,0.7098342331398787,1.0,-0.04785400136357473,0.0021941178706349454
1.8833333333333333,21.622730018228896,0.6655176086693565,21.63296944778192,-0.5707318626295641,-0.3164245789584681,-0.057999999999999996,1.0263880635689775,-6.729312187126944,87.70017679522869,-9.74065234294273,0.030768898012121154,0.07049537084668328,0.05050661159690696,-4306.913757813899,-3730.930904338178,1850.196025471463,0.4444444444444444,0.0,0.1,0.7289724110432251,0.7102050284492526,1.0,-0.047889359453596715,0.002191296772164834
1.9,21.636306699527655,0.6673920575540403,21.646597417481377,-0.576005776267366,-0.31644084386940446,-0.057999999999999996,1.0250711778427704,-6.7342552636814235,88.00894645304876,-9.927091003654787,0.030836155143694723,0.07057326435942682,0.05056246165815954,-4309.939783939613,-3733.701687289448,1849.034169596678,0.4444444444444444,0.0,0.1,0.7294507879760824,0.710573604919708,1.0,-0.047924537011620694,0.0021884852746975763
1.9166666666666667,21.649851435360176,0.6692615454649219,21.6601934014774,-0.5812799514082094,-0.31645619724924545,-0.057999999999999996,1.0237587853383474,-6.739172724643661,88.31693468407266,-10.115253129724612,0.030903144285917294,0.0706509036974557,0.05061803028099765,-4312.952335324537,-3736.454997283027,1847.876501423286,0.4444444444444444,0.0,0.1,0.7299269554249413,0.710939959064856,1.0,-0.04795953227548586,0.002185683370076087
1.9333333333333333,21.663364335643962,0.6711260251095822,21.673757507188967,-0.5865543735169914,-0.31647070177751313,-0.057999999999999996,1.0224508791890439,-6.744064426077229,88.62413135506608,-10.305135515536445,0.030969863902004218,0.07072828348931394,0.05067331947340909,-4315.951185712968,-3739.1909115643202,1846.7229985822078,0.4444444444444444,0.0,0.1,0.7304008754741516,0.7113040971933966,1.0,-0.047994344220864175,0.002182891043640316
1.95,21.67684550972992,0.6729854724900355,21.68728984218362,-0.5918290290696218,-0.3164844168954223,-0.057999999999999996,1.0211474497669295,-6.748930316745556,88.93052634948407,-10.496734891034322,0.031036313529710768,0.0708053996641583,0.05072833213820877,-4318.936163955633,-3741.909562597467,1845.5736388657099,0.4444444444444444,0.0,0.1,0.7308725194651788,0.7116660341947482,1.0,-0.04802897248312894,0.0021801082748350237
1.9666666666666666,21.690295066273666,0.6748398843376143,21.70079051397687,-0.5971039054984885,-0.316497398755884,-0.057999999999999996,1.0198484849548584,-6.753770427764116,89.23610956792199,-10.6900479218348,0.031102493660015995,0.07088224933111051,0.05078307194727007,-4321.907148963995,-3744.6111306298017,1844.4284002375775,0.4444444444444444,0.0,0.1,0.7313418671474583,0.7120257924077359,1.0,-0.048063417283714445,0.002177335037790597
1.9833333333333334,21.70371311312519,0.6766892756982088,21.71425962985354,-0.6023789911374188,-0.3165097002048017,-0.057999999999999996,1.0185539704052955,-6.758584862885793,89.54087092855133,-10.885071209360362,0.03116840562317997,0.07095883066414126,0.050837543225111664,-4324.864064893974,-3747.295836802694,1843.2872608416271,0.4444444444444444,0.0,0.1,0.7318089058680137,0.712383400570751,1.0,-0.04809767936098128,0.0021745713018756314
2.0,21.717099757235385,0.6785336776678803,21.727697296709625,-0.6076542751666207,-0.31652137078990655,-0.057999999999999996,1.0172638897855233,-6.76337378941631,89.84480036754093,-11.081801290990965,0.03123405148214105,0.07103514279269375,0.05089175084157647,-4327.806876568596,-3749.9639367937752,1842.1501990086963,0.4444444444444444,0.0,0.1,0.7322736298014263,0.7127388928513446,1.0,-0.048131759905565834,0.0021718170322204394
2.0166666666666666,21.730455104578347,0.6803731352777093,21.741103620913606,-0.6129297475580275,-0.3165324567936423,-0.057999999999999996,1.0159782250089762,-6.768137429751843,90.14788783946521,-11.280234640231408,0.03129943393316668,0.0711111856981827,0.050945700113301365,-4330.735585145783,-3752.6157149733554,1841.0171932622295,0.4444444444444444,0.0,0.1,0.7327360392211765,0.7130923079528576,1.0,-0.04816566050015742,0.002169072190210939
2.033333333333333,21.743779260088,0.6822077055257408,21.754478708185857,-0.6182053990214104,-0.3165430012868675,-0.057999999999999996,1.0146969564526136,-6.7728760535269545,90.45012331770033,-11.480367666892418,0.031364556213626466,0.07118696011644238,0.05099939671364775,-4333.650224034757,-3755.251479055877,1839.8882223225805,0.4444444444444444,0.0,0.1,0.733196139812927,0.7134436882953787,1.0,-0.04819938306361878,0.002166336733952737
2.05,21.7570723276079,0.6840374555530343,21.767822663494872,-0.6234812209515755,-0.31655304420039126,-0.057999999999999996,1.0134200631603607,-6.777589970357728,90.75149679480926,-11.68219671728347,0.0314294220167178,0.0712624674461414,0.05105284659073883,-4336.550855062019,-3757.8715552258855,1838.7632651101521,0.4444444444444444,0.0,0.1,0.7336539420298932,0.7137930792680945,1.0,-0.0482329297993424,0.002163610618705466
2.0666666666666664,21.770334409853035,0.6858624609600976,21.781135590969203,-0.6287572053769146,-0.3165626224115978,-0.057999999999999996,1.012147523032754,-6.782279523162088,91.05199828291715,-11.885718074415559,0.0314940354129419,0.07133770966313391,0.05110605589323231,-4339.437564885757,-3760.476283716859,1837.642300747476,0.4444444444444444,0.0,0.1,0.7341094604900898,0.7141405285499047,1.0,-0.04826630314771435,0.002160893797287669
2.0833333333333335,21.78356560838251,0.6876828042593908,21.794417593823866,-0.6340333449095329,-0.3165717698436463,-0.057999999999999996,1.0108793130030258,-6.786945082037174,91.35161781407744,-12.090927958212314,0.031558400778102284,0.07141268924067463,0.05115903090344474,-4342.310461655672,-3763.06601482051,1836.5253085603467,0.4444444444444444,0.0,0.1,0.7345627134149335,0.7144860854950511,1.0,-0.04829950574254244,0.002158186220452737
2.1,21.796766023581995,0.6894985734590832,21.80766877430003,-0.6393096326971404,-0.3165805175749505,-0.057999999999999996,1.009615409199933,-6.791587038671749,91.65034544063,-12.297822525727979,0.03162252272757614,0.07148740907538977,0.05121177797743557,-4345.169671913648,-3765.6411053036704,1835.4122680781002,0.4444444444444444,0.0,0.1,0.7350137221084198,0.7148298005804112,1.0,-0.048332540371291935,0.0021554878372365355
2.1166666666666667,21.809935754654973,0.6913098607728588,21.820889233616928,-0.6445860623768559,-0.31658889395685236,-0.057999999999999996,1.008355787097709,-6.79620580127028,91.94817123555227,-12.506397871370908,0.031686406056592356,0.07156187241886458,0.051264303491655706,-4348.015337729394,-3768.201915209613,1834.3031590331377,0.4444444444444444,0.0,0.1,0.7354625104758733,0.7151717249110606,1.0,-0.048365409938962614,0.0021527985952775504
2.1333333333333333,21.8230748996218,0.6931167614502569,21.83407907193492,-0.6498626280310404,-0.31659692473760387,-0.057999999999999996,1.0071004216535713,-6.800801789964315,92.24508529280374,-12.716650027131449,0.03175005568623776,0.07163608281468359,0.05131661379576379,-4350.847614064029,-3770.748805020677,1833.1979613597814,0.4444444444444444,0.0,0.1,0.7359091045810766,0.7155119097806889,1.0,-0.0483981174354337,0.00215011844111046
2.15,21.836183555325682,0.6949193727218099,21.847238388328623,-0.6551393241452467,-0.316604633190954,-0.057999999999999996,1.0058492874332468,-6.8053754326861275,92.54107772766517,-12.928574962813094,0.03181347661490414,0.07171004404073789,0.051368715171217466,-4353.666666353754,-3773.2821331591767,1832.0966551925414,0.4444444444444444,0.0,0.1,0.7363535322404479,0.7158504062834601,1.0,-0.048430665906098534,0.0021474473204341257
2.1666666666666665,21.849261817444695,0.6967177928530863,21.860367280769204,-0.6604161455683455,-0.3166120402478197,-0.057999999999999996,1.004602358725036,-6.809927161479097,92.83613867707275,-13.14216858626602,0.031876673874883174,0.07178376005659713,0.05142061379525109,-4356.472668304976,-3775.8022538039068,1830.999220863877,0.4444444444444444,0.0,0.1,0.7367958226528021,0.7161872649739514,1.0,-0.048463058425607254,0.002144785178355114
2.183333333333333,21.862309780509097,0.6985121203016538,21.873465846114833,-0.6656930874748672,-0.3166191646296805,-0.057999999999999996,1.0033596096429351,-6.814457409219309,93.1302582999481,-13.357426743622174,0.03193965249381379,0.07185723495573065,0.051472315709859266,-4359.265799891729,-3778.309515000014,1829.90563890152,0.4444444444444444,0.0,0.1,0.7372360060631532,0.7165225355718537,1.0,-0.048495298074535995,0.002142131959607861
2.2,21.87532753792315,0.7003024529709451,21.886534180108466,-0.6709701453295727,-0.3166260229824947,-0.057999999999999996,1.002121014219374,-6.818966606722749,93.42342677752482,-13.5743452195312,0.032002417460686515,0.07193047292235201,0.051523826795415235,-4362.046245545815,-3780.8042570405546,1828.815890025425,0.4444444444444444,0.0,0.1,0.7376741134589309,0.7168562667081976,1.0,-0.04852738791880011,0.0021394876087526588
2.216666666666667,21.888315181990837,0.7020888875550204,21.89957237738214,-0.6762473148542515,-0.3166326300100766,-0.057999999999999996,1.0008865464881294,-6.823455180212869,93.71563431367197,-13.792919737396605,0.03206497369611141,0.07200347819265447,0.05157515274856355,-4364.814192529806,-3783.286811098703,1827.729955144416,0.4444444444444444,0.0,0.1,0.7381101762969554,0.7171885057099526,1.0,-0.048559330991632045,0.002136852070352678
2.2333333333333334,21.90127280394474,0.7038715189682766,21.912580531466944,-0.6815245919967301,-0.3166389986060098,-0.057999999999999996,0.9996561805579717,-6.8279235491235895,94.00687113521508,-14.013145959611633,0.0321273260265603,0.0720762550202001,0.05162629906403945,-4367.569829482892,-3785.757498090322,1826.6478153525704,0.4444444444444444,0.0,0.1,0.7385442262594734,0.7175192984199542,1.0,-0.04859113027794635,0.0021342252891311964
2.25,21.91420049397761,0.7056504398542488,21.925558734807993,-0.6868019729020548,-0.3166451399832968,-0.057999999999999996,0.9984298906776254,-6.8323721242135225,94.29712749225517,-14.235019487794405,0.03218947916229999,0.07214880764522365,0.0516772710200803,-4370.313345129452,-3788.2166277473984,1825.5694519254089,0.4444444444444444,0.0,0.1,0.7389762950375517,0.7178486890492242,1.0,-0.04862278870091945,0.0021316072101102874
2.2666666666666666,21.92709834127599,0.7074257401677717,21.938507078783648,-0.692079453885806,-0.3166510638010567,-0.057999999999999996,0.9972076512926014,-6.836801305967654,94.58639365848626,-14.458535863021988,0.03225143767873985,0.072221140267612,0.051728073667108784,-4373.0449271403095,-3790.6644978836634,1824.4948463159294,0.4444444444444444,0.0,0.1,0.7394064141401328,0.7181767200588695,1.0,-0.04865430911061521,0.0021289977787321565
2.283333333333333,21.93996643405553,0.7091975068249232,21.95142565372851,-0.6973570314094887,-0.31665677828769206,-0.057999999999999996,0.9959894370944418,-6.841211483263717,94.87465993151156,-14.683690566063088,0.03231320600092579,0.07229325702332166,0.05177871181938216,-4375.764761136647,-3793.1013938346036,1823.423980150521,0.4444444444444444,0.0,0.1,0.7398346147270645,0.7185034320688672,1.0,-0.048685694274494117,0.0021263969409642753
2.3,21.952804859597432,0.7109658234153426,21.964314548959393,-0.7026347020579329,-0.31666229036003946,-0.057999999999999996,0.9947752230629443,-6.845603032281126,95.161916633159,-14.910479017609134,0.032374788390921866,0.07236516196400038,0.05182919004931749,-4378.473029826787,-3795.5275880549725,1822.3568352248094,0.4444444444444444,0.0,0.1,0.7402609274644534,0.7188288637911839,1.0,-0.04871694686964865,0.00212380464338953
2.3166666666666664,21.96561370428571,0.7127307699717117,21.977173852803926,-0.7079124625186364,-0.3166676057381087,-0.057999999999999996,0.9935649845018772,-6.849976315631369,95.44815410979605,-15.13889657850359,0.03243618893783056,0.07243685903958351,0.05187951268421767,-4381.169912266191,-3797.94333985778,1821.2933934994617,0.4444444444444444,0.0,0.1,0.740685382400716,0.7191530519847946,1.0,-0.04874806947661476,0.0021212208332824696
2.3333333333333335,21.97839305364487,0.7144924227913892,21.99000365263115,-0.713190309562969,-0.3166727290550947,-0.057999999999999996,0.992358697068706,-6.854331681689675,95.73336273264444,-15.368938549969398,0.03249741155021363,0.07250835208364126,0.051929683805139217,-4383.855583231355,-3800.3488952797134,1820.2336370959758,0.4444444444444444,0.0,0.1,0.741108008861758,0.7194760314303174,1.0,-0.048779064574615595,0.002118645458672773
2.35,21.99114299237774,0.7162508543054129,22.002804034883777,-0.7184682400291605,-0.3166776639624198,-0.057999999999999996,0.9911563367988243,-6.858669464108684,96.0175328980946,-15.600600173834433,0.03255845995068632,0.07257964480125997,0.05197970724765778,-4386.530212698507,-3802.7444870587897,1819.1775482924909,0.4444444444444444,0.0,0.1,0.7415288353637518,0.7197978349221028,1.0,-0.04880993453810054,0.0021160784683969805
2.3666666666666667,22.00386360440311,0.7180061329903019,22.01557508511162,-0.7237462508069846,-0.3166824132296289,-0.057999999999999996,0.9899578801247668,-6.862989981495967,96.30065502802054,-15.833876632754986,0.03261933767246921,0.07265074075924782,0.052029586604303325,-4389.193965418396,-3805.1303347109792,1818.125109519635,0.4444444444444444,0.0,0.1,0.7419478895420446,0.7201184932757553,1.0,-0.04884068163445029,0.002113519812139512
2.3833333333333333,22.01655497289297,0.7197583233183329,22.028316888005858,-0.7290243388240539,-0.31668697883901886,-0.057999999999999996,0.9887633038908574,-6.867293537238101,96.58271957009478,-16.06876305043724,0.03268004805769355,0.07272164337846368,0.052079325228451614,-4391.84700057879,-3807.50664469342,1817.0763033564356,0.4444444444444444,0.0,0.1,0.7423651980947887,0.7204380353491953,1.0,-0.04887130802272484,0.002110969440463941
2.4,22.029217180309118,0.7215074857421893,22.041029527433796,-0.7343025010336365,-0.31669136207493703,-0.057999999999999996,0.9875725853637267,-6.871580419455185,96.86371699810385,-16.305254491856807,0.03274059425726722,0.07279235592807615,0.052128926239474134,-4394.4894715466635,-3809.8736106427104,1816.0311125263052,0.4444444444444444,0.0,0.1,0.7427807867399419,0.720756488075502,1.0,-0.04890181575333986,0.0021084273048354485
2.4166666666666665,22.04185030843898,0.7232536767101267,22.053713086473813,-0.739580734403904,-0.3166955636077292,-0.057999999999999996,0.9863857022391125,-6.875850901070533,97.14363781226439,-16.54334596347634,0.03280097923212081,0.07286288152156899,0.052178392528962385,-4397.1215256824535,-3812.231413677601,1814.9895198931263,0.4444444444444444,0.0,0.1,0.7431946801843603,0.7210738765058993,1.0,-0.04893220676856257,0.0021058933576353412
2.433333333333333,22.054454438430433,0.7249969487080306,22.066367647450267,-0.7448590359085251,-0.3166995835723589,-0.057999999999999996,0.9852026326453251,-6.880105239981374,97.42247253953973,-16.783032413461374,0.03286120575566399,0.07293322311431827,0.05222772676785723,-4399.743304219162,-3814.5802227562585,1813.951508457434,0.4444444444444444,0.0,0.1,0.7436069021037659,0.721390223861375,1.0,-0.04896248290372664,0.0021033675521684517
2.45,22.067029650825564,0.7267373503249712,22.078993291968093,-0.7501374025185127,-0.3167034216417552,-0.057999999999999996,0.9840233551437552,-6.884343679317347,97.70021173395726,-17.024308731894436,0.03292127641729425,0.07300338350257576,0.052276931414327286,-4402.354942199463,-3816.9201950790193,1812.917061352724,0.4444444444444444,0.0,0.1,0.7440174751324398,0.7217055515915394,1.0,-0.0489926458890717,0.0021008498426642206
2.466666666666667,22.07957602559318,0.7284749263391019,22.091590100946874,-0.7554158311952404,-0.31670707709497964,-0.057999999999999996,0.9828478487267561,-6.888566447774495,97.97684597692663,-17.267169750987552,0.032981193626811164,0.07307336532370297,0.05232600872225336,-4404.956568464382,-3819.251476528362,1811.8861618418762,0.4444444444444444,0.0,0.1,0.7444264208615612,0.7220198794394449,1.0,-0.04902269735212027,0.002098340184272177
2.4833333333333334,22.092093642160048,0.7302097178209574,22.104158154654264,-0.7606943188845416,-0.31671054888032546,-0.057999999999999996,0.9816760928132355,-6.8927737600133945,98.25236587755843,-17.511610245293337,0.033040959619599984,0.07314317105750898,0.05237496075018883,-4407.548305687516,-3821.574202138497,1810.8587933137205,0.4444444444444444,0.0,0.1,0.7448337598451769,0.7223332255111984,1.0,-0.04905263882051099,0.002095838533052526
2.5,22.104582579440745,0.7319417622514395,22.116697532738538,-0.7659728625118095,-0.31671383567348976,-0.057999999999999996,0.9805080672422419,-6.896965817111063,98.52676207298384,-17.757624931914737,0.0331005764624589,0.07321280302855526,0.05242378937067731,-4410.130270449158,-3823.8884965877382,1809.8349392797293,0.4444444444444444,0.0,0.1,0.7452395116128552,0.7226456063493018,1.0,-0.049082471725214724,0.002093344845962456
2.5166666666666666,22.117042915866122,0.7336710936519838,22.129208314260236,-0.7712514589780154,-0.3167169359309741,-0.057999999999999996,0.979343752264837,-6.90114280705692,98.800025228675,-18.00520847071363,0.03316004605995477,0.07328226340929933,0.052472496279820854,-4412.702573345058,-3826.194474707393,1808.8145833708538,0.4444444444444444,0.0,0.1,0.7456436946881408,0.7229570370087585,1.0,-0.04911219740406402,0.0020908590808387862
2.533333333333333,22.129474729410266,0.735397742724609,22.14169057772265,-0.7765301051565698,-0.31671984793888786,-0.057999999999999996,0.9781831285345056,-6.905304905284149,99.07214603876592,-18.254355464518394,0.03321937016120161,0.07335155422395846,0.05252108300700236,-4415.26531912496,-3828.4922420016155,1807.7977093345032,0.4444444444444444,0.0,0.1,0.7460463266119917,0.7232675311350758,1.0,-0.04914181710553459,0.0020883811963774944
2.55,22.141878097616033,0.7371217369997443,22.154144401101256,-0.7818087978909517,-0.31672256985733827,-0.057999999999999996,0.97702617709634,-6.90945227522847,99.34311522637424,-18.505060459330654,0.03327855036696544,0.07342067735298326,0.05256955092467618,-4417.818606856404,-3830.781895173197,1806.7843010316628,0.4444444444444444,0.0,0.1,0.7464474239704422,0.7235771010433848,1.0,-0.049171331992721806,0.002085911152110623
2.5666666666666664,22.154253097619073,0.738843100989921,22.166569861871835,-0.7870875339930309,-0.31672509976060337,-0.057999999999999996,0.9758728793752214,-6.913585068907047,99.61292354392349,-18.75731794453135,0.03333758813700828,0.07348963453803957,0.052617901258150496,-4420.362530109624,-3833.063522650833,1805.7743424341588,0.4444444444444444,0.0,0.1,0.7468470024257948,0.7238857577979811,1.0,-0.049200743147460556,0.002083448908381049
2.5833333333333335,22.166599806170378,0.7405618563475964,22.178967037037356,-0.7923663102420202,-0.3167274356732888,-0.057999999999999996,0.974723217163192,-6.917703427511104,99.88156177346589,-19.011122353086225,0.03339648479759247,0.07355842738740544,0.052666135095293894,-4422.897177159759,-3835.337205113968,1804.7678176220577,0.4444444444444444,0.0,0.1,0.7472450767507006,0.724193511291673,1.0,-0.04923005157454256,0.002080994426315523
2.6,22.17891829965736,0.742278022025543,22.191336003153534,-0.7976451233839884,-0.31672957560267606,-0.057999999999999996,0.9735771726062037,-6.921807482006368,100.1490207270058,-19.266468061751027,0.03345524154907434,0.0736270573816976,0.0527142533961072,-4425.422631202879,-3837.6030160117184,1803.76471078121,0.4444444444444444,0.0,0.1,0.7476416608645464,0.7245003703243931,1.0,-0.04925925820598951,0.0020785476677963786
2.6166666666666667,22.191208654123503,0.7439916144384042,22.20367683635304,-0.802923970131877,-0.3167315175674714,-0.057999999999999996,0.9724347281904078,-6.925897353736164,100.4152912468233,-19.52334939127643,0.033513859473524164,0.07369552587984984,0.05276225700210911,-4427.938970582656,-3839.8610220729265,1802.7650062009284,0.4444444444444444,0.0,0.1,0.7480367678716153,0.7248063426806041,1.0,-0.04928836390534493,0.002076108595432261
2.6333333333333333,22.20347094528656,0.7457026476241664,22.215989612368343,-0.8082028471659575,-0.31673325962316634,-0.057999999999999996,0.9712958667281294,-6.929973155022541,100.68036420579833,-19.78176060661295,0.033572339542316275,0.07376383412527267,0.052810146645491746,-4430.446269024829,-3842.111283804711,1801.7686882717967,0.4444444444444444,0.0,0.1,0.7484304101005406,0.7251114352050849,1.0,-0.049317369471952185,0.002073677172528183
2.65,22.215705248555423,0.7474111334044431,22.228274406553243,-0.8134817511346806,-0.31673479988421904,-0.057999999999999996,0.9701605713436657,-6.934034989761439,100.94423050773491,-20.041695917115952,0.03363068262363989,0.0738319832521305,0.05285792295800871,-4432.944595876864,-3844.3538559773706,1800.7757414836087,0.4444444444444444,0.0,0.1,0.7488225991446216,0.7254156538767553,1.0,-0.04934627564518997,0.0020712533630552065
2.6666666666666665,22.227911639045608,0.7491170815425992,22.240531293902986,-0.8187606786558623,-0.3167361365432649,-0.057999999999999996,0.9690288254590232,-6.938082954008282,101.20688108768567,-20.30314947675088,0.03368888948988759,0.07389997429167945,0.05290558647956448,-4435.434016350502,-3846.5887880937457,1799.7861504234331,0.4444444444444444,0.0,0.1,0.7492133459026098,0.7257190038802366,1.0,-0.04937508310863968,0.0020688371316199884
2.683333333333333,22.240090191593477,0.7508204998988715,22.252760349073117,-0.8240396263181621,-0.31673726788756135,-0.057999999999999996,0.9679006127796983,-6.942117136551065,101.46830691227625,-20.566115384298897,0.033746960824884084,0.07396780817861467,0.05295313766647975,-4437.914591765136,-3848.8161248415886,1798.7998997737934,0.4444444444444444,0.0,0.1,0.7496026606196251,0.7260214896749148,1.0,-0.049403792494163865,0.0020664284434344267
2.7,22.25224098076921,0.7525213945817559,22.264961646396966,-0.8293185906828071,-0.316738192312866,-0.057999999999999996,0.9667759172805984,-6.946137619468235,101.72849898002977,-20.830587683563003,0.03380489723092341,0.074035485757382,0.053000576899412254,-4440.386379790174,-3851.0359065276525,1797.8169743109684,0.4444444444444444,0.0,0.1,0.7499905529278899,0.7263231150612962,1.0,-0.049432404385876316,0.0020640272642856007
2.716666666666667,22.26436408088859,0.7542197700950444,22.277135259901897,-0.834597568285524,-0.316738908334944,-0.057999999999999996,0.9656547231921752,-6.950144478669277,101.98744832169122,-21.096560363574856,0.03386269923558757,0.07410300778841432,0.05304790449091764,-4442.849434684813,-3853.248169492626,1796.8373589033968,0.4444444444444444,0.0,0.1,0.7503770318870191,0.7266238832445131,1.0,-0.04946091932398927,0.002061633560506165
2.7333333333333334,22.276459566023657,0.7559156294799872,22.289281263324284,-0.8398765556386386,-0.3167394145988936,-0.057999999999999996,0.9645370149868522,-6.954137784416121,102.24514600055149,-21.36402735880229,0.033920367298324275,0.07417037495425807,0.053095120692638935,-4445.303807533803,-3855.4529465061546,1795.8610385101897,0.4444444444444444,0.0,0.1,0.7507621060236288,0.72692379689485,1.0,-0.04948933780852392,0.0020592472989453773
2.75,22.288527510012276,0.757608974452159,22.301399730123318,-0.8451555492333099,-0.31673970988647165,-0.057999999999999996,0.9634227773657948,-6.958117601823943,102.50158311277116,-21.63298254935775,0.033977901816765785,0.07423758786555971,0.053142225702117206,-4447.749546478004,-3857.6502671415096,1794.8879981797409,0.4444444444444444,0.0,0.1,0.7511457833700615,0.7272228582052161,1.0,-0.04951766030287445,0.0020568684469408466
2.7666666666666666,22.300567986466707,0.7592998055326794,22.313490733493623,-0.8504345455418679,-0.31673979312159556,-0.057999999999999996,0.9623119952460772,-6.96208399134025,102.7567507877039,-21.90341976120768,0.03403530313277441,0.0743046470668869,0.0531892196692193,-4450.186696938721,-3859.8401581296084,1793.9182230484282,0.4444444444444444,0.0,0.1,0.75152807150206,0.7275210689455078,1.0,-0.04954588723721742,0.0020544969722911394
2.783333333333333,22.312581068781196,0.760988122173528,22.32555434637676,-0.8557135410202248,-0.31673966337418813,-0.057999999999999996,0.9612046537482901,-6.966037009201323,103.01064018821927,-22.17533276638304,0.034092571538204094,0.07437155304236275,0.053236102702181896,-4452.615301834938,-3862.0226436922794,1792.9516983394076,0.4444444444444444,0.0,0.1,0.7519089775752419,0.7278184305138372,1.0,-0.04957401901176008,0.0020521328432293227
2.8,22.32456683013867,0.7626739228767533,22.3375906414717,-0.8609925321103346,-0.31673931986252685,-0.057999999999999996,0.9601007381846189,-6.96997670786547,103.26324251102504,-22.448715283190943,0.034149707280370305,0.07443830622109548,0.05328287487327343,-4455.035401792751,-3864.197745854845,1791.988409361484,0.4444444444444444,0.0,0.1,0.7522885083602601,0.7281149439846287,1.0,-0.04960205599982361,0.0020497760283975097
2.8166666666666664,22.336525343516612,0.7643572053074463,22.349599691244254,-0.8662715152426779,-0.31673876195424827,-0.057999999999999996,0.9590002340474211,-6.973903136422686,103.51454898698874,-22.723560976427557,0.03420671056722359,0.07450490698238915,0.053329536224078315,-4457.447035346418,-3866.365484738183,1791.0283415080653,0.4444444444444444,0.0,0.1,0.7526666702765479,0.728410610153604,1.0,-0.04962999855075847,0.0020474264968224735
2.8333333333333335,22.348456681692106,0.766037966400401,22.36158156793556,-0.871550486838751,-0.3167379891661526,-0.057999999999999996,0.9579031269983198,-6.977816340980601,103.76455088145845,-22.999863457592376,0.03426358157222463,0.07457135566072422,0.053376086770409455,-4459.850239130588,-3868.52587883061,1790.0714802561824,0.4444444444444444,0.0,0.1,0.7530434694245816,0.7287054295796956,1.0,-0.04965784699269105,0.0020450842178923625
2.85,22.36036091724619,0.7677162024604386,22.373536343569633,-0.8768294433135396,-0.3167370011629433,-0.057999999999999996,0.9568094028578324,-6.981716365026687,104.01323949458279,-23.277616285103868,0.034320320438920825,0.0746376525504996,0.05342252650685746,-4462.245048063363,-3870.6789452399817,1789.1178111655809,0.4444444444444444,0.0,0.1,0.7534189116165981,0.728999402623951,1.0,-0.049685601635101315,0.0020427491613345585
2.8666666666666667,22.372238122567534,0.7693919092564167,22.385464089960102,-0.8821083810779622,-0.31673579775503014,-0.057999999999999996,0.9557190475955377,-6.985603249766951,104.26060616162995,-23.55681296451657,0.034376927285226504,0.07470379791053057,0.053468855410986005,-4464.631495519973,-3872.8246999265225,1788.1673198778724,0.4444444444444444,0.0,0.1,0.753793002405734,0.7292925294854931,1.0,-0.04971326277123307,0.0020404212971946822
2.8833333333333333,22.38408836985548,0.7710650821089828,22.397364878716136,-0.8873872965412682,-0.31673437889551503,-0.057999999999999996,0.9546320473207864,-6.989477034441421,104.50664225330566,-23.837446948739764,0.03443340220741076,0.07476979196829872,0.05351507344718418,-4467.0096134969135,-3874.963157916964,1787.2199921157417,0.4444444444444444,0.0,0.1,0.7541657471135611,0.7295848102346237,1.0,-0.04974083068033921,0.002038100595816763
2.9,22.39591173112253,0.7727357159721705,22.409238781247588,-0.8926661861133787,-0.31673274467647194,-0.057999999999999996,0.9535483882739602,-6.993337756616876,104.75133917607015,-24.119511638257677,0.03448974528379815,0.07483563492395295,0.05356118057018823,-4469.3794327665,-3877.0943335006314,1786.2758136822097,0.4444444444444444,0.0,0.1,0.7545371508560101,0.7298762448431658,1.0,-0.04976830562976487,0.0020357870278245736
2.9166666666666665,22.407708278196292,0.7744038055089628,22.421085868769456,-0.8979450462071574,-0.3167308953246247,-0.057999999999999996,0.952468056818266,-6.997185452457376,104.99468837245395,-24.403000381351344,0.03454595657818922,0.07490132695406171,0.05360717672828508,-4471.740983021845,-3879.2182404081755,1785.3347704599419,0.4444444444444444,0.0,0.1,0.754907218567685,0.7301668332121424,1.0,-0.049795687876872725,0.002033480564104118
2.933333333333333,22.419478082720993,0.7760693451609769,22.432906212305742,-0.9032238732406059,-0.3167288311965189,-0.057999999999999996,0.9513910394320662,-7.001020156973253,105.23668132137242,-24.687906474322098,0.034602036143008504,0.07496686821511855,0.05365306186621163,-4474.094293012352,-3881.33489197367,1784.3968484106015,0.4444444444444444,0.0,0.1,0.7552759550245838,0.7304565751969024,1.0,-0.04982297767081489,0.0020311811757872484
2.95,22.431221216158544,0.7777323292124448,22.44469988269265,-0.908502663638973,-0.31672655277327727,-0.057999999999999996,0.9503173227017292,-7.004841904249243,105.47730953843906,-24.974223161716782,0.03465798402218893,0.07503225884680478,0.05369883592776371,-4476.439390669854,-3883.444301280856,1783.4620335742418,0.4444444444444444,0.0,0.1,0.7556433648652487,0.7307454706298095,1.0,-0.04985017525415644,0.002028888834236407
2.966666666666667,22.44293774978923,0.7793927518486835,22.45646695058127,-0.9137814138367732,-0.31672406065501874,-0.057999999999999996,0.9492468933149916,-7.008650727652584,105.7165645762774,-25.261943636554683,0.03471380025380233,0.07509749897501358,0.05374449885812922,-4478.776303225584,-3885.5464812942982,1782.5303120687345,0.4444444444444444,0.0,0.1,0.7560094526103757,0.7310335193406068,1.0,-0.04987728086435636,0.002026603511030453
2.9833333333333334,22.45462775471206,0.7810506072092626,22.46820748643975,-0.9190601202797093,-0.3167213555550172,-0.057999999999999996,0.9481797380548151,-7.0124466600218724,105.95443802483162,-25.55106104055619,0.0347694848724461,0.07516258871464158,0.05379005060596003,-4481.105057318203,-3887.641444976255,1781.6016700892314,0.4444444444444444,0.0,0.1,0.756374222680922,0.7313207211745801,1.0,-0.04990429473511155,0.002024325177951547
3.0,22.466291301844816,0.7827058894360919,22.47992156055501,-0.9243387794264959,-0.31671843829366675,-0.057999999999999996,0.9471158437937209,-7.016229733837584,106.19092151167555,-25.841568464373257,0.03482503791139683,0.07522752817215494,0.05383549112519769,-4483.425679093174,-3889.7292053900806,1780.6760939076541,0.4444444444444444,0.0,0.1,0.7567376794147634,0.7316070760086417,1.0,-0.04993121709757033,0.0020220538069730554
3.0166666666666666,22.477928461923852,0.7843585927166576,22.491609243034052,-0.9296173877505806,-0.3167153097923165,-0.057999999999999996,0.9460551974885894,-7.019999981375066,106.42600670232036,-26.13345894782164,0.034880459404542,0.07529231744793678,0.05388082037666741,-4485.7381942937245,-3891.809775790937,1779.7535698722093,0.4444444444444444,0.0,0.1,0.7570998270819369,0.7318925837654526,1.0,-0.04995804818142121,0.0020197893702484492
3.033333333333333,22.489539305503644,0.7860087113226436,22.50327060380487,-0.9348959417417613,-0.31671197106702953,-0.057999999999999996,0.9449977861758962,-7.02375743484106,106.65968530052054,-26.426725480114918,0.034935749388101026,0.07535695663842468,0.053926038329455195,-4488.0426283437755,-3893.883169704641,1778.8340844069262,0.4444444444444444,0.0,0.1,0.7574606698985369,0.7321772444257091,1.0,-0.04998478821586445,0.0020175318401011305
3.05,22.501123902956174,0.78765623964418,22.514905712617054,-0.9401744379077001,-0.31670842322231674,-0.057999999999999996,0.9439435969673768,-7.027502126494489,106.89194904857835,-26.721361000100316,0.034990907902147095,0.07542144583804651,0.053971144962082516,-4490.33900642312,-3895.949400995411,1777.9176240112174,0.4444444444444444,0.0,0.1,0.7578202120393106,0.7324610580387082,1.0,-0.050011437430471706,0.0020152811890151784
3.0666666666666664,22.51268232447011,0.7893011722199618,22.52651463904207,-0.9454528727753316,-0.3167046674448897,-0.057999999999999996,0.9428926170460882,-7.031234088752607,107.12278972764675,-27.017358396496366,0.035045934991941384,0.07548578514096388,0.05401614026349278,-4492.627353535246,-3898.008483923308,1777.0041752594516,0.4444444444444444,0.0,0.1,0.7581784576490204,0.732744024731316,1.0,-0.05003799605594136,0.0020130373896269415
3.0833333333333335,22.524214640049898,0.7909435037634814,22.53809745247331,-0.9507312428921693,-0.3167007049974724,-0.057999999999999996,0.9418448336628555,-7.034953354283274,107.35219915803043,-27.314710508132357,0.03510083070909111,0.07554997464263215,0.05406102423386343,-4494.907694568126,-3900.06043319211,1776.0937248005446,0.4444444444444444,0.0,0.1,0.7585354108526251,0.7330261447154472,1.0,-0.050064464324755246,0.0020108004147174497
3.1,22.53572091951469,0.7925832291856176,22.549654222125856,-0.9560095448275076,-0.3166965372127065,-0.057999999999999996,0.9408002341330778,-7.038659956084405,107.58016919948543,-27.613410124189596,0.03515559511254276,0.07561401444118673,0.054105796885257205,-4497.180054348377,-3902.1052639883796,1775.186259357565,0.4444444444444444,0.0,0.1,0.7588910757643511,0.7333074182941768,1.0,-0.05009084247174408,0.0020085702372055958
3.1166666666666667,22.547201232497226,0.7942203436138213,22.561185017036106,-0.9612877751735259,-0.3166921654871808,-0.057999999999999996,0.9397588058338724,-7.042353927551361,107.8066917515168,-27.913449984444473,0.03521022826942178,0.07567790463866529,0.05415045824212568,-4499.44445768913,-3904.1429920123965,1774.2817657273463,0.4444444444444444,0.0,0.1,0.7592454564957081,0.7335878458665832,1.0,-0.05011713073456696,0.0020063468301420384
3.1333333333333333,22.558655648442624,0.7958548424081342,22.57268990606119,-0.9665659305462928,-0.31668759127560986,-0.057999999999999996,0.9387205362015396,-7.046035302533231,108.03175875367458,-28.214822779513337,0.035264730255729675,0.07574164534207528,0.054195008341677536,-4501.700929432017,-3906.173633501687,1773.3802307801107,0.4444444444444444,0.0,0.1,0.7595985571625183,0.7338674279314372,1.0,-0.050143329354111976,0.0020041301667037908
3.15,22.570084236607148,0.79748672117427,22.584168957878255,-0.971844007586676,-0.3166828160851855,-0.057999999999999996,0.9376854127293219,-7.049704115378841,108.2553621858481,-28.517521151099146,0.0353191011569092,0.07580523666431647,0.05423944723412376,-4503.949494483604,-3908.197205247787,1772.4816414590987,0.4444444444444444,0.0,0.1,0.7599503818910165,0.7341461650898334,1.0,-0.050169438574823644,0.002001920220189433
3.1666666666666665,22.58148706605692,0.7991159757739856,22.59562224098361,-0.97712200296116,-0.3166778414701195,-0.057999999999999996,0.9366534229654447,-7.0533604009732755,108.47749406855829,-28.821537692239918,0.035373341068288176,0.07586867872496798,0.05428377498281147,-4506.190177846683,-3910.213724606853,1771.5859847802076,0.4444444444444444,0.0,0.1,0.7603009348230858,0.73442405804686,1.0,-0.050195458644962734,0.0019997169640149333
3.183333333333333,22.59286420566665,0.8007426023329585,22.60704982369182,-0.9823999133625746,-0.3166726690263919,-0.057999999999999996,0.9356245545114095,-7.057004194765763,108.69814646324829,-29.126864947558925,0.035427450095411865,0.07593197165094914,0.05432799166425706,-4508.423004646734,-3912.223209504758,1770.693247831629,0.4444444444444444,0.0,0.1,0.7606502201206882,0.7347011076124027,1.0,-0.05022138981680479,0.0019975203717100013
3.2,22.604215724118347,0.8023665972463817,22.618451774134673,-0.987677735510738,-0.3166673003867182,-0.057999999999999996,0.9345987950205294,-7.060635532789642,108.91731147257224,-29.433495413516663,0.03548142835427367,0.07599511557706325,0.05437209736808955,-4510.648000153952,-3914.2256784372253,1769.8034177734953,0.4444444444444444,0.0,0.1,0.7609982419695475,0.7349773147011717,1.0,-0.05024723234678218,0.0019953304169149626
3.216666666666667,22.615541689900056,0.8039879571824796,22.62982816026012,-0.9929554661530193,-0.31666173721574514,-0.057999999999999996,0.9335761321966796,-7.064254451675165,109.13498124068211,-29.74142153866456,0.03553527597145343,0.07605811064643318,0.05441609219691384,-4512.865189801157,-3916.221150465529,1768.9164818375243,0.4444444444444444,0.0,0.1,0.7613450045821468,0.7352526803320286,1.0,-0.05027298649557524,0.0019931470733780916
3.2333333333333334,22.626842171304624,0.8056066790841386,22.64117904983118,-0.9982331020648229,-0.3166559812054814,-0.057999999999999996,0.9325565537932509,-7.067860988655823,109.35114795351272,-30.050635723900395,0.03558899308417228,0.0761209570108376,0.0544599762661031,-4515.074599197919,-3918.209645208285,1768.0324273266658,0.4444444444444444,0.0,0.1,0.7616905122000895,0.7355272056267016,1.0,-0.05029865252815727,0.001990970314953375
3.25,22.63811723642849,0.8072227601688382,22.652504510424784,-1.003510640049998,-0.3166500340709683,-0.057999999999999996,0.9315400476122886,-7.071455181568868,109.56580383906486,-30.361130322725433,0.035642579840272394,0.07618365483095586,0.05450374970352966,-4517.276254141231,-3920.1911828298234,1767.1512416147516,0.4444444444444444,0.0,0.1,0.762034769095884,0.7358008918079552,1.0,-0.05032423071379823,0.001988800115598676
3.2666666666666666,22.649366953170546,0.8088361979270587,22.663804609430674,-1.0087880769411808,-0.3166438975461934,-0.057999999999999996,0.9305266015037911,-7.075037068850645,109.77894116768651,-30.672897641503255,0.035696036398129787,0.07624620427652998,0.0545474126492419,-4519.470180623027,-3922.165784025554,1766.2729121461393,0.4444444444444444,0.0,0.1,0.7623777795741985,0.7360737401972883,1.0,-0.0503497213260316,0.001986636449374235
3.283333333333333,22.660591389231037,0.8104469901193342,22.67507941405025,-1.0140654096000694,-0.3166375733802472,-0.057999999999999996,0.929516203365168,-7.078606689527359,109.99055225235217,-30.98592993972024,0.03574936292650769,0.07630860552645097,0.05459096525509537,-4521.656404834842,-3924.133470004783,1765.3974264353617,0.4444444444444444,0.0,0.1,0.7627195479726404,0.736345752212225,1.0,-0.05037512464258856,0.001984479290441514
3.3,22.671790612110517,0.8120551347721078,22.686328991295447,-1.0193426349176378,-0.316631063333723,-0.057999999999999996,0.928508841140824,-7.082164083201764,110.20062944894023,-31.300219430247736,0.035802559604357735,0.07637085876877735,0.0546344076843452,-4523.834953169894,-3926.09426247135,1764.5247720667674,0.4444444444444444,0.0,0.1,0.7630600786621008,0.7366169293632581,1.0,-0.05040044094530333,0.001982328613062307
3.3166666666666664,22.682964689108875,0.8136606301725392,22.697553407987673,-1.024619749814292,-0.31662436917535625,-0.057999999999999996,0.9275045028218745,-7.085709290036401,110.40916515650848,-31.615758279605817,0.035855626620575634,0.07643296420069262,0.05467774011120638,-4526.005852222859,-3928.0481836024424,1763.6549366941686,0.4444444444444444,0.0,0.1,0.7633993760467157,0.7368872732505023,1.0,-0.050425670519993894,0.001980184391598134
3.3333333333333335,22.694113687324442,0.8152634748624036,22.708752730756732,-1.0298967512399733,-0.31661749267890144,-0.057999999999999996,0.9265031764459575,-7.089242350733779,110.61615181756757,-31.93253860822868,0.03590856417371759,0.07649492202840817,0.05472096272038804,-4528.169128787589,-3929.995256025939,1762.7879080404775,0.4444444444444444,0.0,0.1,0.7637374445634825,0.7371567855601086,1.0,-0.05045081365632094,0.0019780466005098387
3.35,22.70523767365316,0.8168636676312125,22.71992702603982,-1.0351736361742114,-0.3166104356202401,-0.057999999999999996,0.9255048500971492,-7.092763306514012,110.8215819183527,-32.250552490731636,0.03596137247168347,0.07655673246701826,0.054764075706607344,-4530.324809853008,-3931.9355027965726,1761.9236738973461,0.4444444444444444,0.0,0.1,0.7640742886815709,0.7374254680604883,1.0,-0.05047587064762866,0.0019759152143574085
3.3666666666666667,22.7163367147878,0.8184612075086807,22.73107636008055,-1.0404504016261318,-0.3166031997747156,-0.057999999999999996,0.9245095119059563,-7.096272199090294,111.0254479890933,-32.569791956179685,0.03601405173137208,0.07661839574031282,0.05480707927408845,-4532.472922597415,-3933.8689473711925,1761.0622221248018,0.4444444444444444,0.0,0.1,0.7644099129013692,0.7376933225983894,1.0,-0.050500841790770315,0.0019737902077999574
3.3833333333333333,22.727410877217345,0.8200560937566479,22.742200798928074,-1.0457270446344207,-0.3165957869146869,-0.057999999999999996,0.9235171500493838,-7.099769070642653,111.22774260428065,-32.890248988357584,0.03606660217831357,0.07667991208055355,0.05484997363605077,-4534.613494381399,-3935.7956135834033,1760.2035406508785,0.4444444444444444,0.0,0.1,0.7647443217532973,0.7379603510948683,1.0,-0.05052572738592138,0.0019716715555958726
3.4,22.738460227226337,0.8216483258605651,22.75330040843621,-1.0510035622672522,-0.3165881988072956,-0.057999999999999996,0.9225277527510591,-7.10325396379028,111.42845838293377,-33.211915526041516,0.03611902404628376,0.07674128172821869,0.05489275901419124,-4536.746552739575,-3937.7155256177807,1759.3476174712468,0.4444444444444444,0.0,0.1,0.7650775197964244,0.7382265555411893,1.0,-0.05055052773638265,0.0019695592326030775
3.4166666666666665,22.749484830894396,0.8232379035206372,22.764375254262685,-1.0562799516221804,-0.3165804372124364,-0.057999999999999996,0.9215413082814117,-7.106726921562797,111.6275879888632,-33.53478346327225,0.03617131757690455,0.07680250493172115,0.054935435638164186,-4538.872125371302,-3939.6287079839003,1758.4944406488396,0.4444444444444444,0.0,0.1,0.7654095116169133,0.7384919379946887,1.0,-0.050575243148375776,0.0019674532137794153
3.433333333333333,22.760484754095756,0.8248248266427133,22.775425401868382,-1.0615562098259974,-0.3165725038809247,-0.057999999999999996,0.9205578049578945,-7.110187987370806,111.82512413093288,-33.85884464962975,0.036223483019234386,0.07686358194710463,0.05497800374506249,-4540.990240130577,-3941.535185490352,1757.6439983134771,0.4444444444444444,0.0,0.1,0.7657403018263325,0.73875650057463,1.0,-0.050599873930833664,0.0019653534741831237
3.4499999999999997,22.771460062498917,0.8264090953290048,22.78645091651672,-1.0668323340345671,-0.31656440055285134,-0.057999999999999996,0.9195772311452379,-7.113637204975861,112.0210595633201,-34.18409089050937,0.03627552062935231,0.0769245130377218,0.055020463578902834,-4543.100925015231,-3943.434983218917,1756.7962786614867,0.4444444444444444,0.0,0.1,0.766069895059847,0.7390202454580798,1.0,-0.050624420395186755,0.0019632599889733756
3.466666666666667,22.78241082156637,0.8279907098687033,22.797451863273082,-1.0721083214326288,-0.31655612895611607,-0.057999999999999996,0.91859957525573,-7.11707461846029,112.21538708577346,-34.5105139473993,0.03632743066993887,0.07698529847389836,0.05506281539011816,-4545.204208155609,-3945.328126499054,1755.9512699553197,0.4444444444444444,0.0,0.1,0.7663982959743268,0.7392831748758256,1.0,-0.05064888285514832,0.001961172733410877
3.4833333333333334,22.793337096554364,0.8295696707285662,22.808428307004277,-1.077384169233582,-0.31654769080513057,-0.057999999999999996,0.9176248257495192,-7.1205002721968995,112.40809954386896,-34.838105538159695,0.03637921340985674,0.07704593853258668,0.05510505943505927,-4547.300117802828,-3947.214640882812,1755.1089605231673,0.4444444444444444,0.0,0.1,0.7667255092463819,0.7395452911083568,1.0,-0.050673261626498815,0.001959091682858514
3.5,22.804238952512804,0.8311459785435291,22.819380312378147,-1.082659874679248,-0.3165390877996819,-0.057999999999999996,0.9166529711349277,-7.12391421081894,112.59918982926403,-35.16685733730298,0.03643086912373368,0.07710643349701193,0.05514719597550821,-4549.388682316767,-3949.0945521203175,1754.2693387585737,0.4444444444444444,0.0,0.1,0.7670515395703567,0.7398065964819286,1.0,-0.050697557026872155,0.001957016812782022
3.5166666666666666,22.81511645428516,0.832719634107397,22.83030794386316,-1.0879354350396169,-0.31653032162394706,-0.057999999999999996,0.9156839999687756,-7.127316479190345,112.78865087994973,-35.49676097627572,0.03648239809155019,0.07716678365631395,0.05518922527820471,-4551.46993015385,-3950.967886135886,1753.432393120045,0.4444444444444444,0.0,0.1,0.7673763916562863,0.740067093364722,1.0,-0.0507217693755439,0.001954948098750677
3.533333333333333,22.82596966650849,0.8342906383636646,22.84121126572816,-1.0932108476125781,-0.3165213939456494,-0.057999999999999996,0.9147179008567043,-7.1307071223765215,112.97647568050083,-35.82780804374178,0.03653380059823382,0.07722698930518722,0.05523114761438765,-4553.543889854797,-3952.834669004896,1752.598112130657,0.4444444444444444,0.0,0.1,0.767700070227851,0.7403267841631159,1.0,-0.05074589899322345,0.0019528855164379876
3.55,22.83679865361352,0.8358589923965031,22.852090342042114,-1.0984861097236385,-0.31651230641534767,-0.057999999999999996,0.9137546624535022,-7.134086185615756,113.16265726232413,-36.159990085866866,0.036585076933261955,0.07728705074352152,0.055272963259352506,-4555.610590032342,-3954.6949269314346,1751.7664843776631,0.4444444444444444,0.0,0.1,0.7680225800203235,0.7405856713180801,1.0,-0.05076994620185046,0.0019508290416223875
3.5666666666666664,22.847603479824766,0.8374246974219535,22.86294523667397,-1.1037612187256294,-0.3165030606658494,-0.057999999999999996,0.9127942734634206,-7.137453714291371,113.34718870390473,-36.493298606604384,0.03663622739027466,0.07734696827604526,0.05531467249202596,-4557.670059359059,-3956.548686226838,1750.9374985120949,0.4444444444444444,0.0,0.1,0.7683439257785366,0.7408437573017005,1.0,-0.050793911324396764,0.0019487786501879135
3.5833333333333335,22.85838420916075,0.8389877547793552,22.873776013292584,-1.1090361719984068,-0.3164936583117383,-0.057999999999999996,0.9118367226404829,-7.140809753904755,113.53006313105043,-36.827725067982634,0.03668725226669891,0.0774067422119735,0.05535627559455861,-4559.722326555359,-3958.395973289114,1750.1111432483674,0.4444444444444444,0.0,0.1,0.7686641122548765,0.7411010446138437,1.0,-0.0508177946846744,0.0019467343181248618
3.6,22.86914090543425,0.8405481659230382,22.884582735366678,-1.1143109669485434,-0.3164841009490093,-0.057999999999999996,0.9108819987887824,-7.144154350049298,113.71127371713398,-37.16326089039334,0.036738151863385256,0.07746637286466217,0.05539777285193618,-4561.767420377676,-3960.2368145833257,1749.2874073638795,0.4444444444444444,0.0,0.1,0.7689831442073127,0.7413575357789661,1.0,-0.05084159660715016,0.0019446960215304281
3.6166666666666667,22.87987363225261,0.8421059324142989,22.895365466164886,-1.119585601009015,-0.31647439015480006,-0.057999999999999996,0.9099300907627619,-7.147487548385355,113.89081368333369,-37.49989745288138,0.03678892648425789,0.0775258605512701,0.05543916455160986,-4563.805369606955,-3962.071236622929,1748.4662796986136,0.4444444444444444,0.0,0.1,0.7693010263974748,0.7416132333430723,1.0,-0.050865317416767364,0.0019426637366093008
3.6333333333333333,22.89058245301812,0.8436610559136803,22.906124268755864,-1.1248600716388861,-0.3164645274872139,-0.057999999999999996,0.9089809874674794,-7.150809394616267,114.06867629887182,-37.83762609343586,0.03683957643597891,0.07758520559242996,0.055480450983146044,-4565.836203037451,-3963.899265952104,1747.6477491547341,0.4444444444444444,0.0,0.1,0.7696177635887836,0.7418681398708251,1.0,-0.050888957438775265,0.0019406374396742294
3.65,22.901267430928407,0.8452135381735695,22.916859206008446,-1.1301343763229896,-0.3164545144852234,-0.057999999999999996,0.9080346778588521,-7.1541199344654585,114.24485488125127,-38.17643810928243,0.03689010202762725,0.0776444083119293,0.05552163243789549,-4567.85994946587,-3965.720929129085,1746.8318046961886,0.4444444444444444,0.0,0.1,0.7699333605446388,0.7421222579428118,1.0,-0.05091251699856603,0.0019386171071465467
3.6666666666666665,22.91192862897691,0.8467633810311233,22.92757034059185,-1.135408512571608,-0.3164443526686497,-0.057999999999999996,0.9070911509438804,-7.157419213654692,114.41934279649006,-38.51632475717679,0.036940503570392844,0.0777034690364025,0.05556270920868205,-4569.876637680932,-3967.5362527104744,1746.0184353483025,0.4444444444444444,0.0,0.1,0.7702478220266782,0.7423755901529623,1.0,-0.050935996421520024,0.0019366027155566458
3.683333333333333,22.92256610995339,0.8483105864015317,22.938257734975963,-1.1406824779201559,-0.31643404353820825,-0.057999999999999996,0.9061503957808525,-7.1607072778834775,114.5921334593541,-38.85727725369944,0.03699078137728617,0.07776238809503441,0.05560368158951082,-4571.886296453321,-3969.345263236562,1745.2076301973796,0.4444444444444444,0.0,0.1,0.7705611527931019,0.7426281391061235,1.0,-0.050959396032859205,0.0019345942415444168
3.6999999999999997,22.93317993644446,0.849855156271623,22.94892145143166,-1.1459562699288612,-0.316423588575616,-0.057999999999999996,0.9052124014795214,-7.163984172809625,114.76322033358788,-39.199286775551684,0.03704093576286349,0.07782116581927634,0.05564454987529537,-4573.888954526096,-3971.147987217615,1744.3993783902986,0.4444444444444444,0.0,0.1,0.7708733575970729,0.7428799074157845,1.0,-0.050982716157508816,0.0019325916618596253
3.716666666666667,22.943770170834167,0.8513970926938127,22.959561552031154,-1.1512298861824508,-0.31641298924375144,-0.057999999999999996,0.9042771572012612,-7.167249944030975,114.93259693214334,-39.54234445985273,0.03709096704296778,0.07787980254257454,0.05568531436160406,-4575.884640605544,-3972.9444511211414,1743.5936691341108,0.4444444444444444,0.0,0.1,0.7711844411851929,0.7431308977019546,1.0,-0.05100595711996731,0.0019305949533622458
3.7333333333333334,22.9543368753046,0.8529363977803982,22.970178098648415,-1.1565033242898384,-0.3164022469868637,-0.057999999999999996,0.9033446521592008,-7.170504637068302,115.10025681740657,-39.886441404438024,0.03714087553448526,0.07793829860011209,0.0557259753444246,-4577.873383352506,-3974.7346813601,1742.7904916956413,0.4444444444444444,0.0,0.1,0.7714944082960572,0.7433811125891887,1.0,-0.05102911924418468,0.0019286040930227466
3.75,22.964880111836557,0.8544730736981953,22.98077115295963,-1.1617765818838168,-0.31639136323082273,-0.057999999999999996,0.9024148756183282,-7.173748297349357,115.2661936014229,-40.23156866815875,0.03719066155511746,0.07799665432856372,0.05576653311994671,-4579.855211374185,-3976.5187042820303,1741.9898354010857,0.4444444444444444,0.0,0.1,0.7718032636588895,0.7436305547047558,1.0,-0.05105220285344892,0.001926619057922315
3.7666666666666666,22.975399942210167,0.8560071226635149,22.991340776443675,-1.1670496566207547,-0.31638033938340643,-0.057999999999999996,0.9014878168955786,-7.176980970194033,115.43040094611972,-40.57771727118241,0.03724032542316865,0.07805487006586419,0.05580698798436247,-4581.830153216407,-3978.296546159083,1741.1916896356126,0.4444444444444444,0.0,0.1,0.7721110119922533,0.7438792266769498,1.0,-0.05107520827028048,0.001924639825253041
3.783333333333333,22.985896428005642,0.8575385469374724,23.00188703038266,-1.172322546180298,-0.3163691768346192,-0.057999999999999996,0.9005634653598872,-7.180202700800685,115.59287256352758,-40.92487819529461,0.03728986745734816,0.07811294615099004,0.05584734023368317,-4583.798237356395,-3980.068233178918,1740.3960438429638,0.4444444444444444,0.0,0.1,0.7724176580028502,0.7441271311335356,1.0,-0.05109813581633485,0.0019226663723180342
3.8,22.99636963060396,0.8590673488216258,23.012409975862493,-1.1775952482650773,-0.3163578769570364,-0.057999999999999996,0.8996418104322277,-7.183413534233474,115.75360221599924,-41.273042384201894,0.03733928797658748,0.07817088292375474,0.05588759016357281,-4585.759492195994,-3981.833791436437,1739.6028875250558,0.4444444444444444,0.0,0.1,0.7727232063843916,0.7443742707003267,1.0,-0.051120985812312544,0.0019206986765315035
3.8166666666666664,23.006819611187623,0.8605935306539303,23.022909673773444,-1.182867760600421,-0.316346441106172,-0.057999999999999996,0.8987228415856234,-7.18661351541083,115.91258371642681,-41.622200743835776,0.03738858729987163,0.07822868072461682,0.05592773806919715,-4587.713946055379,-3983.593246926321,1738.8122102415873,0.4444444444444444,0.0,0.1,0.7730276618165525,0.7446206479998887,1.0,-0.05114375857787695,0.001918736715418782
3.8333333333333335,23.017246430741395,0.8621170948050046,23.033386184810787,-1.1881400809340756,-0.31633487062086324,-0.057999999999999996,0.8978065483451341,-7.189802689094871,116.06981092845696,-41.97234414265771,0.0374377657460843,0.07828633989450134,0.055967784245087596,-4589.661627167223,-3985.3466255363296,1738.024001609642,0.4444444444444444,0.0,0.1,0.7733310289640025,0.7448662656503652,1.0,-0.051166454431579085,0.001916780466616298
3.85,23.027650150053088,0.8636380436746967,23.043839569475445,-1.1934122070359314,-0.31632316682366973,-0.057999999999999996,0.8968929202878224,-7.192981099881859,116.22527776670412,-42.323463411965285,0.037486823633866406,0.0783438607746339,0.056007728985019496,-4591.6025636713175,-3987.0939530413452,1737.2382513032974,0.4444444444444444,0.0,0.1,0.7736333124755124,0.7451111262644174,1.0,-0.05118907369078962,0.0019148299078715044
3.8666666666666667,23.038030829714355,0.8651563796889378,23.05426988807465,-1.1986841366977552,-0.31631133102128334,-0.057999999999999996,0.8959819470426964,-7.1961487921935685,116.3789781969618,-42.67554934619938,0.03753576128148747,0.07840124370638699,0.05604757258190391,-4593.536783609641,-3988.835255098099,1736.4549490532333,0.4444444444444444,0.0,0.1,0.7739345169831351,0.7453552324482751,1.0,-0.051211616671637504,0.0019128850170427546
3.8833333333333333,23.048388530121457,0.8666721052968743,23.064677200722624,-1.203955867732931,-0.31629936450494495,-0.057999999999999996,0.8950736182906349,-7.199305810269578,116.53090623641191,-43.02859270325244,0.03758457900672932,0.07845848903113875,0.05608731532769223,-4595.464314921854,-3990.5705572405654,1735.674084646345,0.4444444444444444,0.0,0.1,0.7742346471014583,0.7455985868008912,1.0,-0.05123408368895508,0.0019109457720991457
3.9,23.058723311476104,0.8681852229682657,23.075061567341308,-1.2092273979762056,-0.316287268550866,-0.057999999999999996,0.8941679237642869,-7.202452198160399,116.6810559538322,-43.3825842047777,0.03763327712678151,0.07851559709014311,0.05612695751329285,-4597.385185441204,-3992.2998848759735,1734.8956479253543,0.4444444444444444,0.0,0.1,0.7745337074269265,0.7458411919131952,1.0,-0.05125647505622917,0.0019090121511203
3.9166666666666665,23.069035233786234,0.8696957351911344,23.085423047661056,-1.2144987252834443,-0.31627504442065135,-0.057999999999999996,0.8932648532479586,-7.205587999721455,116.82942146980169,-43.737514536499525,0.03768185595814796,0.0785725682244114,0.056166499428499286,-4599.299422890847,-3994.0232632813986,1734.1196287884293,0.4444444444444444,0.0,0.1,0.7748317025372309,0.7460830503674384,1.0,-0.051278791085558266,0.001907084132296127
3.933333333333333,23.079324356866866,0.8712036444696579,23.095761701221406,-1.2197698475313898,-0.3162626933617223,-0.057999999999999996,0.8923643965774755,-7.208713258607806,116.97599695690411,-44.0933743485247,0.03773031581656418,0.07862940277460465,0.056205941361928836,-4601.207054880527,-3995.7407176009137,1733.3460171887984,0.4444444444444444,0.0,0.1,0.7751286369907612,0.7463241647366279,1.0,-0.051301032087614946,0.0019051616939265274
3.9499999999999997,23.089590740340903,0.872708953322288,23.106077587371797,-1.2250407626174324,-0.3162502166077353,-0.057999999999999996,0.8914665436400305,-7.21182801826964,117.1207766399295,-44.45015425565472,0.037778657016924545,0.07868610108093643,0.056245283600971314,-4603.1081089036525,-3997.452272843237,1732.574803134374,0.4444444444444444,0.0,0.1,0.7754245153261221,0.7465645375840407,1.0,-0.05132319837161385,0.0019032448144210698
3.966666666666667,23.099834443639953,0.8742116642800858,23.116370765272347,-1.2303114684593828,-0.31623761537899714,-0.057999999999999996,0.8905712843740174,-7.214932321948405,117.26375479607374,-44.80784483769909,0.03782687987321901,0.0787426634830855,0.056284526431747,-4605.002612334694,-3999.1579538798637,1731.8059766873748,0.4444444444444444,0.0,0.1,0.7757193420617048,0.7468041714628135,1.0,-0.05134529024528408,0.0019013334722986339
3.9833333333333334,23.11005552600518,0.8757117798852585,23.126641293894632,-1.235581962995255,-0.31622489088287314,-0.057999999999999996,0.8896786087688446,-7.218026212673645,117.40492575513616,-45.1664366397896,0.03787498469847863,0.07879909032011778,0.05632367013907306,-4606.890592426943,-4000.857785443637,1731.0395279639522,0.4444444444444444,0.0,0.1,0.7760131216953172,0.7470430689156051,1.0,-0.05136730801484671,0.001899427646187013
4.0,23.120254046488107,0.8772093026898872,23.136889232022426,-1.2408522441830547,-0.3162120443141871,-0.057999999999999996,0.888788506864737,-7.221109733260377,117.54428389971524,-45.52592017269551,0.03792297180472948,0.07885538193041736,0.05636271500643806,-4608.772076310553,-4002.551792127726,1730.2754471338187,0.4444444444444444,0.0,0.1,0.7763058587038635,0.7472812324743205,1.0,-0.05138925198499615,0.0018975273148224934
4.016666666666667,23.130430063951458,0.8787042352548308,23.14711463825252,-1.2461223100005747,-0.3161990768556123,-0.057999999999999996,0.8879009687525244,-7.224182926307093,117.68182366540222,-45.88628591313974,0.0379708415029542,0.07891153865162595,0.05640166131598356,-4610.6470909909085,-4004.239998384972,1729.5137244198802,0.4444444444444444,0.0,0.1,0.7765975575430766,0.7475186646598996,1.0,-0.05141112245888589,0.0018956324570493992
4.033333333333333,23.14058363706998,0.8801965801487958,23.15731757099549,-1.251392158445195,-0.31618598967805184,-0.057999999999999996,0.8870159845734168,-7.227245834194206,117.81753954097289,-46.24752430411595,0.03801859410306077,0.07896756082059006,0.05644050934849248,-4612.515663347246,-4005.922428527584,1728.7543500978688,0.4444444444444444,0.0,0.1,0.7768882226472935,0.7477553679821556,1.0,-0.051432919738117464,0.0018937430518196148
4.05,23.150714824331253,0.8816863399475585,23.16749808847647,-1.2566617875336925,-0.31617278394100745,-0.057999999999999996,0.8861335445187695,-7.230298499083069,117.95142606857733,-46.60962575520659,0.038066229913857906,0.0790234487733158,0.056479259383383475,-4614.377820131561,-4007.5991067271384,1727.9973144959827,0.4444444444444444,0.0,0.1,0.7771778584292782,0.7479913449396688,1.0,-0.05145464412273344,0.0018918590781920827
4.066666666666666,23.16082368403653,0.8831735172333297,23.177656248735975,-1.2619311953020527,-0.31615946079293655,-0.057999999999999996,0.8852536388298355,-7.233340962915344,118.08347784392765,-46.9725806429018,0.03811374924303654,0.07907920284493056,0.05651791169871081,-4616.2335879677275,-4009.2700570148722,1727.242607994524,0.4444444444444444,0.0,0.1,0.7774664692800807,0.7482265980197241,1.0,-0.05147629591121297,0.0018899805153322752
4.083333333333333,23.170910274301534,0.8846581145942469,23.18779210963066,-1.26720037980529,-0.31614602137159603,-0.057999999999999996,0.8843762577975098,-7.236373267412823,118.21368951648384,-47.33637931091927,0.0381611523971569,0.079134823369651,0.05655646657116906,-4618.082993350877,-4010.935303282209,1726.4902210255423,0.4444444444444444,0.0,0.1,0.777754059568938,0.7484611296982876,1.0,-0.051497875400470475,0.0018881073425116475
4.1,23.180974653057273,0.8861401346239883,23.197905728834126,-1.2724693391172746,-0.3161324668043731,-0.057999999999999996,0.8835013917620654,-7.239395454077629,118.34205578963751,-47.70101207052498,0.038208439681640755,0.07919031068075734,0.05659492427610244,-4619.926062646964,-4012.594869281534,1725.7401440724823,0.4444444444444444,0.0,0.1,0.7780406336432075,0.7486949424400239,1.0,-0.05151938288585711,0.0018862395391070757
4.116666666666666,23.191016878050842,0.887619579921493,23.207997163837707,-1.2777380713305593,-0.3161187982086023,-0.057999999999999996,0.882629031112879,-7.242407564192695,118.46857142089388,-48.06646920085475,0.03825561140076822,0.07924566511057278,0.05663328508751773,-4621.76282209253,-4014.2487786271604,1724.9923676698304,0.4444444444444444,0.0,0.1,0.7783261958283331,0.7489280386983455,1.0,-0.05154081866116416,0.0018843770846002702
4.133333333333333,23.201037006846217,0.88909645309078,23.21806647195124,-1.2830065745562187,-0.3161050166918682,-0.057999999999999996,0.8817591662881545,-7.245409638822615,118.59323122205153,-48.43274094923671,0.038302667857678815,0.07930088699044838,0.05667154927810104,-4623.593297794649,-4015.8970547964755,1724.2468824027692,0.4444444444444444,0.0,0.1,0.7786107504278409,0.7491604209154906,1.0,-0.05156218301862907,0.0018825199585771842
4.15,23.211035096825043,0.8905707567408555,23.228113710303855,-1.2882748469236875,-0.3160911233522948,-0.057999999999999996,0.8808917877746347,-7.248401718814692,118.71603005938026,-48.79981753151464,0.03834960935437621,0.07935597665075232,0.05670971711923717,-4625.417515731032,-4017.5397211312356,1723.5036789068322,0.4444444444444444,0.0,0.1,0.778894301723363,0.749392091522627,1.0,-0.051583476248942946,0.0018806681407274014
4.166666666666667,23.22101120518743,0.8920424934856991,23.238138935844763,-1.2935428865806067,-0.31607711927882,-0.057999999999999996,0.880026886107312,-7.251383844800282,118.83696285379709,-49.1676891323721,0.03839643619173634,0.07941093442086353,0.05674778888103183,-4627.2355017502805,-4019.176800839008,1722.7627478675602,0.4444444444444444,0.0,0.1,0.7791768539746841,0.7496230529399796,1.0,-0.051604698641260105,0.001878821610843515
4.183333333333334,23.230965388952722,0.8935116659443211,23.24814220534402,-1.2988106916926725,-0.31606300555145656,-0.057999999999999996,0.8791644518691304,-7.254356057196308,118.95602458104013,-49.53634590565738,0.03844314866951854,0.07946576062916912,0.05678576483233598,-4629.047281572271,-4020.8083169947136,1722.0240800201636,0.4444444444444444,0.0,0.1,0.7794584114198113,0.7498533075769752,1.0,-0.05162585048320883,0.001876980348820494
4.2,23.240897704960247,0.8949782767408802,23.258123575393277,-1.3040782604434913,-0.3160487832415386,-0.057999999999999996,0.8783044756906901,-7.257318396206989,119.07321027184037,-49.90577797470935,0.03848974708637918,0.07952045560306535,0.05682364524077198,-4630.852880788657,-4022.4342925422784,1721.287666149189,0.4444444444444444,0.0,0.1,0.7797389782750634,0.7500828578324078,1.0,-0.05164693206090369,0.0018751443346550504
4.216666666666667,23.250808209870108,0.8964423285048561,23.268083102406575,-1.3093455910344363,-0.3160344534119546,-0.057999999999999996,0.8774469482499403,-7.260270901825698,119.18851501209173,-50.27597543268403,0.03853623173988756,0.07957501966896152,0.05686143037276123,-4632.652324863485,-4024.0547502963495,1720.553497088181,0.4444444444444444,0.0,0.1,0.7800185587351789,0.7503117060946111,1.0,-0.051667943658958784,0.001873313548444985
4.233333333333333,23.26069696016391,0.8979038238712687,23.278020842621075,-1.3146126816845096,-0.3160200171173666,-0.057999999999999996,0.8765918602718759,-7.263213613836973,119.30193394301892,-50.64692834288195,0.03858260292654377,0.07962945315228677,0.05689912049355306,-4634.445639133903,-4025.6697129440804,1719.8215637193575,0.4444444444444444,0.0,0.1,0.7802971569734385,0.7505398547416481,1.0,-0.05168888556050199,0.001871487970388539
4.25,23.270564012145517,0.8993627654809363,23.28793685209782,-1.3198795306302078,-0.31600547540441637,-0.057999999999999996,0.8757392025282307,-7.2661465718186475,119.41346226134334,-51.01862673907636,0.03862886094179813,0.07968375637749926,0.05693671586725437,-4636.23284881095,-4027.2792030469673,1719.0918569732803,0.4444444444444444,0.0,0.1,0.780574777141803,0.750767306141507,1.0,-0.05170975804719022,0.0018696675807837399
4.266666666666667,23.280409421941787,0.9008191559807678,23.297831186722462,-1.3251461361253891,-0.3159908293119183,-0.057999999999999996,0.8748889658371664,-7.26906981514405,119.52309521944701,-51.39106062584219,0.03867500608007194,0.07973792966809749,0.05697421675686013,-4638.013978980414,-4028.8832430427087,1718.3643678285316,0.4444444444444444,0.0,0.1,0.7808514233710613,0.7509940626523026,1.0,-0.051730561399224974,0.0018678523600277356
4.283333333333333,23.290233245503295,0.9022729980240807,23.307703902206033,-1.3304124964411452,-0.31597607987104004,-0.057999999999999996,0.874041141062964,-7.271983382984299,119.63082812553445,-51.764219978885635,0.03872103863477937,0.0797919733466333,0.05701162342428398,-4639.789054603769,-4030.481855247103,1717.6390873113933,0.4444444444444444,0.0,0.1,0.7811270997709906,0.7512201266224859,1.0,-0.051751295895368726,0.0018660422886161384
4.3,23.30003553860506,0.9037242942709415,23.317555054085627,-1.3356786098656765,-0.3159612281054707,-0.057999999999999996,0.8731957191157128,-7.274887314310639,119.73665634379255,-52.13809474537472,0.038766958898350065,0.0798458877347267,0.05704893613038921,-4641.558100519139,-4032.075061855933,1716.9160064955279,0.4444444444444444,0.0,0.1,0.7814018104305243,0.7514455003910514,1.0,-0.051771961812961564,0.0018642373471423578
4.316666666666666,23.30981635684724,0.9051730473885214,23.327384697725154,-1.3409444747041679,-0.31594627503157774,-0.057999999999999996,0.8723526909510004,-7.277781647896828,119.8405752945485,-52.51267484427042,0.03881276716225248,0.07989967315308166,0.05708615513501959,-4643.321141442335,-4033.662884946878,1716.1951165016653,0.4444444444444444,0.0,0.1,0.7816755594179279,0.7516701862877512,1.0,-0.05179255942793814,0.0018624375162969418
4.333333333333333,23.319575755655865,0.9066192600514651,23.337192888316046,-1.3462100892786688,-0.3159312216585521,-0.057999999999999996,0.8715120475696025,-7.280666422321539,119.94258045442565,-52.8879501666585,0.038858463717017476,0.07995332992150332,0.057123280697030036,-4645.078201967903,-4035.24534648139,1715.4764084972883,0.4444444444444444,0.0,0.1,0.7819483507809795,0.7518941866333044,1.0,-0.051813089014844785,0.0018606427768669122
4.35,23.32931379028351,0.9080629349422644,23.34697968087796,-1.3514754519279752,-0.3159160689885431,-0.057999999999999996,0.8706737800171738,-7.283541675970795,120.0426673564973,-53.263910576082225,0.038904048852262285,0.08000685835891572,0.05716031307431684,-4646.829306570216,-4036.8224683065714,1714.7598736963246,0.4444444444444444,0.0,0.1,0.782220188547157,0.7521175037396075,1.0,-0.051833550846856806,0.001858853109735106
4.366666666666666,23.33903051580998,0.9095040747516365,23.356745130259466,-1.3567405610075138,-0.3159008180167827,-0.057999999999999996,0.8698378793839384,-7.286407447040368,120.14083159043858,-53.640545908875566,0.038949522856714325,0.08006025878338036,0.0571972525238474,-4648.574479604579,-4038.3942721570193,1714.0455033588387,0.4444444444444444,0.0,0.1,0.7824910767238265,0.7523401399099399,1.0,-0.05185394519579563,0.001857068495879514
4.383333333333333,23.348725987143016,0.9109426821789014,23.366489291138773,-1.3620054148892264,-0.31588546973170045,-0.057999999999999996,0.8690043368043852,-7.289263773538208,120.23706880267626,-54.017845974497234,0.038994886018235045,0.08011353151211517,0.05723409930168931,-4650.3137453083555,-4039.9607796566406,1713.333288790729,0.4444444444444444,0.0,0.1,0.7827610192984352,0.7525620974391684,1.0,-0.05187427233214598,0.0018552889163726308
4.4,23.358400259018943,0.9123787599323555,23.37621221802437,-1.3672700119614598,-0.3158700251150285,-0.057999999999999996,0.8681731434569613,-7.292110693286813,120.33137469653651,-54.395800555865314,0.039040138623843486,0.08016667686151378,0.05727085366303868,-4652.04712780209,-4041.522012320431,1712.6232213434257,0.4444444444444444,0.0,0.1,0.7830300202387037,0.7527833786139441,1.0,-0.05189453252507288,0.0018535143523807998
4.416666666666667,23.36805338600335,0.9138123107296383,23.385913965255746,-1.3725343506288532,-0.31585448514189846,-0.057999999999999996,0.8673442905637694,-7.294948243925606,120.42374503239067,-54.7743994096926,0.0390852809597394,0.08021969514716484,0.05730751586224756,-4653.774651090654,-4043.077991556207,1711.9152924135929,0.4444444444444444,0.0,0.1,0.783298083492821,0.7530039857128955,1.0,-0.05191472604243843,0.0018517447851635668
4.433333333333334,23.377685422491734,0.9152433372980902,23.395594587004005,-1.377798429312231,-0.31583885078093016,-0.057999999999999996,0.866517769390267,-7.297776462913236,120.51417562779899,-55.15363226682254,0.039130313311325965,0.08027258668387142,0.057344086152850506,-4655.496339064367,-4044.6287386663025,1711.2094934428314,0.4444444444444444,0.0,0.1,0.783565212989636,0.7532239210068146,1.0,-0.05193485315081827,0.001849980196073039
4.45,23.387296422710172,0.9166718423750986,23.405254137272582,-1.3830622464484934,-0.3158231229943121,-0.057999999999999996,0.865693571244969,-7.300595387529873,120.60266235765232,-55.533488832565865,0.03917523596323188,0.08032535178567018,0.05738056478759006,-4657.212215500133,-4046.1742748492015,1710.5058159173873,0.4444444444444444,0.0,0.1,0.7838314126388517,0.7534431867588365,1.0,-0.0519549141155179,0.0018482205665532494
4.466666666666667,23.39688644071595,0.9180978287084302,23.41489266989787,-1.3883258004905112,-0.3158073027378752,-0.057999999999999996,0.8648716874791489,-7.303405054879431,120.6892011543118,-55.913958787037814,0.03922004919933277,0.0803779907658504,0.05741695201844111,-4658.922304062555,-4047.714621201134,1709.8042513678583,0.4444444444444444,0.0,0.1,0.7840966863312154,0.7536617852246117,1.0,-0.05197490920058847,0.0018464658781395184
4.483333333333333,23.406455530398215,0.9195212990565487,23.424510238549875,-1.3935890899070198,-0.31579139096115966,-0.057999999999999996,0.8640521094865488,-7.3062055018917365,120.77378800774648,-56.29503178549598,0.039264753302771904,0.08043050393697249,0.05745324809663439,-4660.626628305033,-4049.249798717602,1709.1047913689085,0.4444444444444444,0.0,0.1,0.7843610379387067,0.7538797186524698,1.0,-0.05199483866884224,0.0018447161124578353
4.5,23.4160037454786,0.9209422561889157,23.434106896732853,-1.3988521131825153,-0.31577538860747567,-0.057999999999999996,0.8632348287030864,-7.308996765324643,120.8564189656689,-56.67669745867874,0.039309348555980124,0.08048289161088625,0.05748945327267852,-4662.32521167086,-4050.779828294863,1708.4074275389794,0.4444444444444444,0.0,0.1,0.7846244713147232,0.7540969892835776,1.0,-0.052014702781867615,0.0018429712512242334
4.516666666666667,23.42553113951185,0.9223607028862729,23.44368269778595,-1.4041148688171516,-0.31575929661395813,-0.057999999999999996,0.8624198366065721,-7.311778881766088,120.93709013366873,-57.058945413144315,0.03935383524069488,0.08053515409874842,0.057525567796381155,-4664.018077494286,-4052.304730731345,1707.7121515400104,0.4444444444444444,0.0,0.1,0.7848869902942635,0.7543135993520861,1.0,-0.0520345018000438,0.0018412312762441836
4.533333333333333,23.435037765886445,0.9237766419409063,23.453237694883825,-1.4093773553266375,-0.31574311591161675,-0.057999999999999996,0.8616071247164174,-7.31455188763608,121.01579767534423,-57.441765231610376,0.039398213637978394,0.08058729171103979,0.05756159191686872,-4665.7052490015685,-4053.824526729011,1707.018955077153,0.4444444444444444,0.0,0.1,0.7851485986941055,0.7545295510852705,1.0,-0.0520542359825549,0.001839496169411975
4.55,23.44452367782521,0.9251900761568902,23.462771941037275,-1.4146395712421351,-0.31572684742538004,-0.057999999999999996,0.8607966845933632,-7.317315819188612,121.09253781243177,-57.82514647329423,0.03944248402823499,0.08063930475758152,0.05759752588260521,-4667.3867493119915,-4055.3392368946534,1706.3278298984974,0.4444444444444444,0.0,0.1,0.7854093003129811,0.7547448467036626,1.0,-0.0520739055874036,0.0018377659127101324
4.566666666666666,23.453988928385947,0.9266010083503115,23.472285489093863,-1.4199015151101593,-0.31571049207413654,-0.057999999999999996,0.8599885078391933,-7.320070712513528,121.16730682493325,-58.20907867425355,0.03948664669122733,0.08069119354755089,0.05763336994140952,-4669.06260143887,-4056.848881741152,1705.638767794792,0.4444444444444444,0.0,0.1,0.7856690989317476,0.7549594884211733,1.0,-0.0520935108714244,0.0018360404882088058
4.583333333333333,23.463433570461998,0.9280094413494723,23.481778391738494,-1.4251631854924767,-0.31569405077077045,-0.057999999999999996,0.8591825860964657,-7.322816603538279,121.24010105124152,-58.59355134772764,0.0395307019060919,0.08074295838949624,0.05766912434047185,-4670.73282829052,-4058.35348168864,1704.9517605991728,0.4444444444444444,0.0,0.1,0.7859279983135532,0.7551734784452069,1.0,-0.05211305209029611,0.0018343198780651961
4.6,23.472857656782885,0.9294153779950728,23.49125070149405,-1.4304245809660063,-0.3156775244221945,-0.057999999999999996,0.8583789110482389,-7.325553528029668,121.31091688826376,-58.97855398447927,0.03957464995135331,0.08079459959135121,0.05770478932636887,-4672.397452671207,-4059.8530570656444,1704.2668001868892,0.4444444444444444,0.0,0.1,0.7861860022039991,0.7553868189767677,1.0,-0.0521325294985543,0.001832604064522972
4.616666666666666,23.48226123991489,0.9308188211403722,23.500702470721983,-1.4356857001227212,-0.3156609139293796,-0.057999999999999996,0.8575774744178046,-7.328281521595468,121.37975079154279,-59.364076053136976,0.039618491104937856,0.08084611746044805,0.0577403651450776,-4674.056497282059,-4061.3476281101516,1703.5838784750363,0.4444444444444444,0.0,0.1,0.7864431143312959,0.7555995122105581,1.0,-0.05215194334960279,0.001830893029911698
4.633333333333333,23.491644372261643,0.9322197736513287,23.51013375162291,-1.440946541569549,-0.31564422018738114,-0.057999999999999996,0.8567782679684216,-7.331000619686003,121.44659927537629,-59.7501070005379,0.03966222564418595,0.08089751230353029,0.05777585204198835,-4675.709984721963,-4062.837214970619,1702.902987422287,0.4444444444444444,0.0,0.1,0.7866993384064167,0.7558115603350684,1.0,-0.052171293895724925,0.0018291867566462658
4.65,23.501007106064712,0.9336182384067192,23.519544596237186,-1.4462071039282725,-0.31562744408536303,-0.057999999999999996,0.8559812835030576,-7.333710857595656,121.51145891293406,-60.136636252071135,0.039705853845863705,0.0809487844267645,0.057811250261916566,-4677.357937488421,-4064.321837706934,1702.2241190286277,0.4444444444444444,0.0,0.1,0.7869546781232433,0.7560229655326585,1.0,-0.052190581388094265,0.0018274852272263454
4.666666666666667,23.51034949340418,0.9350142182982378,23.5289350564455,-1.4514673858354332,-0.31561058650661944,-0.057999999999999996,0.8551865128641276,-7.336412270464291,121.5743263363732,-60.52365321202148,0.03974937598617356,0.08099993413575124,0.05784656004911339,-4679.000377978378,-4065.80151629132,1701.5472653350942,0.4444444444444444,0.0,0.1,0.7872091371587087,0.7562337299796319,1.0,-0.05220980607678476,0.0018257884242358247
4.683333333333334,23.51967158619923,0.9364077162305744,23.53830518396946,-1.4567273859422338,-0.3155936483285945,-0.057999999999999996,0.8543939479332414,-7.339104893278652,121.63519823695125,-60.91114726391379,0.03979279234076397,0.08105096173553522,0.05788178164727555,-4680.637328489033,-4067.276270609195,1700.8724184235125,0.4444444444444444,0.0,0.1,0.7874627191729351,0.7564438558463041,1.0,-0.052228968210780644,0.0018240963303422706
4.7,23.528973436208723,0.9377987351214733,23.54765503037216,-1.4619871029144398,-0.3155766304229004,-0.057999999999999996,0.8536035806309505,-7.341788760873619,121.69407136513718,-61.29910777085766,0.03983610318473823,0.08110186753061462,0.0579169152995539,-4682.268811218605,-4068.7461204599686,1700.1995704162389,0.4444444444444444,0.0,0.1,0.7877154278093662,0.7566533452970603,1.0,-0.052248068037985436,0.0018224089282963892
4.716666666666667,23.53825509503175,0.9391872779017723,23.55698464705873,-1.4672465354322826,-0.31555953365533423,-0.057999999999999996,0.8528154029165013,-7.344463907933507,121.7509425307205,-61.687524075892625,0.039879308792662396,0.08115265182494953,0.05795196124856125,-4683.894848267087,-4070.211085557803,1699.5287134759044,0.4444444444444444,0.0,0.1,0.7879672666948956,0.7568622004904098,1.0,-0.05226710580523115,0.001820726200931498
4.733333333333333,23.54751661410823,0.9405733475154238,23.56629408527695,-1.4725056821903637,-0.3155423588858934,-0.057999999999999996,0.8520294067875881,-7.347130368993201,121.8058086029182,-62.076385502333785,0.039922409438572413,0.0812033149219698,0.057986919736379205,-4685.515461636946,-4071.671185532324,1698.8598398051597,0.4444444444444444,0.0,0.1,0.788218239439988,0.7570704235790304,1.0,-0.05228608175828635,0.001819048131163001
4.75,23.556758044719437,0.9419569469194972,23.575583396117768,-1.4777645418975578,-0.3155251069687901,-0.057999999999999996,0.8512455842801119,-7.349788178439295,121.8586665104797,-62.465681354117834,0.03996540539598038,0.08125385712458191,0.05802179100456412,-4687.1306732338335,-4073.1264399292872,1698.1929416464222,0.4444444444444444,0.0,0.1,0.7884683496387997,0.757278016709811,1.0,-0.052304996141864304,0.0018173747019878696
4.766666666666667,23.565979437988602,0.9433380790841641,23.58485263051588,-1.4830231132769154,-0.3155077787524656,-0.057999999999999996,0.8504639274679404,-7.352437370511158,121.9095132417896,-62.855400916149506,0.040008296937880064,0.08130427873517515,0.05805657529415231,-4688.740504867234,-4074.5768682112016,1697.5280112816263,0.4444444444444444,0.0,0.1,0.7887176008692919,0.7574849820238825,1.0,-0.052323849199630554,0.0018157058964841345
4.783333333333333,23.575180844881434,0.944716746992667,23.594101839250268,-1.4882813950655687,-0.3154903750796032,-0.057999999999999996,0.8496844284626744,-7.35507797930194,121.95834584496869,-63.24553345464847,0.04005108433675166,0.08135458005562707,0.05809127284566433,-4690.344978251109,-4076.0224897579164,1696.865041031975,0.4444444444444444,0.0,0.1,0.7889659966933397,0.7576913216566487,1.0,-0.052342641174210065,0.0018140416978103839
4.8,23.5843623162067,0.9460929536412718,23.603331072944776,-1.493539386014634,-0.31547289678714124,-0.057999999999999996,0.8489070794134097,-7.357710038759527,122.00516142797255,-63.63606821749651,0.040093767864565845,0.08140476138730834,0.05812588389910869,-4691.944115004504,-4077.4633238671736,1696.2040232576908,0.4444444444444444,0.0,0.1,0.7892135406568386,0.7578970377378078,1.0,-0.05236137230719402,0.0018123820892052564
4.816666666666666,23.593523902616774,0.947466702039206,23.612540382068637,-1.4987970848891172,-0.3154553447062862,-0.057999999999999996,0.8481318725065101,-7.360333582687454,122.04995715868834,-64.02699443458515,0.04013634779278713,0.08145482303108667,0.05816040869398476,-4693.537936652137,-4078.899389755112,1695.5449503577738,0.4444444444444444,0.0,0.1,0.789460236289804,0.7581021323913709,1.0,-0.05238004283914633,0.0018107270539869569
4.833333333333333,23.602665654608167,0.9488379952085815,23.62172981693702,-1.5040544904678181,-0.31543771966252526,-0.057999999999999996,0.8473587999653802,-7.36294864474576,122.09273026502943,-64.41830131816364,0.040178824392376605,0.08150476528733032,0.058194847469285126,-4695.1264646249665,-4080.330706556753,1694.8878147697578,0.4444444444444444,0.0,0.1,0.7897060871064703,0.7583066077356749,1.0,-0.0523986530096097,0.0018090765755527701
4.85,23.6117876225221,0.9502068361843045,23.630899427711576,-1.509311601543235,-0.31542002247563883,-0.057999999999999996,0.8465878540502367,-7.365555258451814,122.13347803502798,-64.80997806318736,0.04022119793379405,0.08155458845591088,0.0582292004634972,-4696.7097202607265,-4081.757293326451,1694.2326089694684,0.4444444444444444,0.0,0.1,0.7899510966053835,0.7585104658833931,1.0,-0.05241720305711154,0.0018074306373785738
4.866666666666666,23.620889856545055,0.951573228013973,23.640049264400997,-1.5145684169214704,-0.3154022539597141,-0.057999999999999996,0.8458190270578893,-7.368153457181079,122.17219781692553,-65.20201384766631,0.04026346868699945,0.08160429283620536,0.058263467914604385,-4698.287724804453,-4083.179169038307,1693.5793254707835,0.4444444444444444,0.0,0.1,0.7901952682694913,0.7587137089415378,1.0,-0.052435693219169355,0.0018057892230183695
4.883333333333333,23.62997240670928,0.9529371737577622,23.6491793768615,-1.5198249354221347,-0.31538441492315805,-0.057999999999999996,0.8450523113215187,-7.370743274167851,122.20888701926148,-65.59439783301427,0.04030563692145408,0.081653878727098,0.05829765006008674,-4699.860499408982,-4084.5963525865664,1692.9279568253974,0.4444444444444444,0.0,0.1,0.7904386055662297,0.7589163390114636,1.0,-0.05245412373229607,0.0018041523161038107
4.9,23.639035322893356,0.9542986764882987,23.658289814797417,-1.5250811558782535,-0.3153665061687113,-0.057999999999999996,0.8442876992104617,-7.373324742505962,122.24354311095954,-65.98711916439802,0.04034770290612099,0.08170334642698124,0.05833174713692107,-4701.428065135426,-4086.008862785987,1692.2784956225842,0.4444444444444444,0.0,0.1,0.790681111947606,0.7591183581888646,1.0,-0.052472494832004946,0.001802519900343741
4.916666666666667,23.648078654822747,0.9556577392905244,23.667380627761684,-1.530337077136172,-0.3153485284934623,-0.057999999999999996,0.8435251831299928,-7.375897895149427,122.27616362141207,-66.38016697108704,0.04038966690946504,0.08175269623375625,0.058365759381580624,-4702.990442953638,-4087.4167183721765,1691.6309344889632,0.4444444444444444,0.0,0.1,0.7909227908502788,0.7593197685637693,1.0,-0.05249080675281426,0.0018008919595237309
4.933333333333334,23.657102452070312,0.9570143652615521,23.6764518651564,-1.5355926980554622,-0.31533048268886216,-0.057999999999999996,0.8427647555211134,-7.3784627649131,122.30674614056251,-66.77353036680331,0.04043152919945259,0.08180192844483328,0.05839968703003443,-4704.547653742667,-4088.819938001929,1690.9852660882673,0.4444444444444444,0.0,0.1,0.7911636456956364,0.7595205722205326,1.0,-0.052509059728251956,0.0017992684775056255
4.95,23.666106764056845,0.9583685575105108,23.68550357623333,-1.5408480175088277,-0.31531236954073966,-0.057999999999999996,0.8420064088603421,-7.381019384473255,122.33528831898558,-67.16719845007158,0.040473290043550665,0.08185104335713111,0.05843353031774624,-4706.099718291169,-4090.2185402535183,1690.3414831211128,0.4444444444444444,0.0,0.1,0.7914036798898698,0.7597207712378253,1.0,-0.052527253990859744,0.0017976494382270975
4.966666666666667,23.675091640051626,0.9597203191583843,23.694535810094443,-1.5461030343820112,-0.3152941898293178,-0.057999999999999996,0.841250135659504,-7.383567786368174,122.36178786796555,-67.56116030456978,0.04051494970872591,0.08190004126707652,0.05846728947967312,-4707.646657297837,-4091.612543626993,1689.6995783247703,0.4444444444444444,0.0,0.1,0.7916428968240461,0.759920367688622,1.0,-0.052545389772197325,0.0017960348257011992
4.983333333333333,23.68405712917293,0.9610696533378429,23.70354861569242,-1.5513577475737008,-0.3152759443292301,-0.057999999999999996,0.8404959284655271,-7.386108002998679,122.3862425595724,-67.95540499947981,0.040556508461443104,0.08194892247060301,0.05850096475026379,-4709.188491371789,-4093.0019665444406,1689.059544472937,0.4444444444444444,0.0,0.1,0.7918812998741768,0.7601193636401854,1.0,-0.05256346730284613,0.0017944246240159238
5.0,23.69300328038857,0.9624165631930676,23.712542041831195,-1.5566121559954371,-0.31525763380953853,-0.057999999999999996,0.8397437798602356,-7.3886400666286836,122.40865022673594,-68.34992158983839,0.040597966567663436,0.08199768726314952,0.05853455636345675,-4710.725241032963,-4094.3868273502526,1688.4213743755113,0.4444444444444444,0.0,0.1,0.7921188924012862,0.760317761154051,1.0,-0.05258148681241335,0.0017928188173337687
5.016666666666667,23.701930142516407,0.9637610518795696,23.72151613716644,-1.5618662585715202,-0.31523925903375094,-0.057999999999999996,0.8389936824601513,-7.391164009385673,122.429008763318,-68.74469911688837,0.0406393242928425,0.08204633593965861,0.05856806455267813,-4712.256926712486,-4095.767144311362,1687.7850608783708,0.4444444444444444,0.0,0.1,0.7923556777514762,0.7605155622860085,1.0,-0.0525994485295352,0.0017912173898913073
5.033333333333333,23.710837764224905,0.9651031225640042,23.730470950206122,-1.567120054238918,-0.3152208207598408,-0.057999999999999996,0.8382456289162887,-7.393679863261218,122.4473161241823,-69.13972660843004,0.04068058190192803,0.08209486879457437,0.058601489550839235,-4713.783568753044,-4097.142935617483,1687.1505968631475,0.4444444444444444,0.0,0.1,0.7925916592559903,0.7607127690860829,1.0,-0.052617352681880676,0.0017896203259987551
5.05,23.719726194033637,0.9664427784239809,23.73940652931099,-1.572373541947174,-0.3152023197402664,-0.057999999999999996,0.8374996119139608,-7.396187660111406,122.4635703252625,-69.53499307917289,0.04072173965935749,0.08214328612184016,0.058634831590334203,-4715.305187409225,-4098.514219381327,1686.517975247008,0.4444444444444444,0.0,0.1,0.792826840231274,0.7609093835985137,1.0,-0.05263519949615465,0.0017880276100395527
5.066666666666666,23.7285954803138,0.9677800226478692,23.748322922695085,-1.577626720658315,-0.31518375672199184,-0.057999999999999996,0.8367556241725793,-7.398687431657341,122.47776944362813,-69.93048753108734,0.04076279782905544,0.08219158821489607,0.05866809090303729,-4716.821802847872,-4099.881013638827,1685.8871889824356,0.4444444444444444,0.0,0.1,0.793061223979037,0.7611054078617353,1.0,-0.05265298919810134,0.0017864392264699401
5.083333333333333,23.737445671288754,0.9691148584346023,23.757220178426262,-1.58287958934676,-0.315165132446508,-0.057999999999999996,0.8360136584454633,-7.401179209485554,122.48991161754854,-70.32619895375674,0.04080375667443076,0.08223977536667618,0.05870126772030011,-4718.333435148416,-4101.243336349337,1685.258231057012,0.4444444444444444,0.0,0.1,0.7932948137863096,0.7613008439083542,1.0,-0.052670722012507255,0.0017848551598185483
5.1,23.746276815034527,0.9704472889934767,23.76609834442669,-1.58813214699923,-0.3151464476498548,-0.057999999999999996,0.8352737075196426,-7.403663025048433,122.49999504655462,-70.72211632472968,0.04084461645837372,0.0822878478696056,0.05873436227294887,-4719.840104303197,-4102.60120539584,1684.6310944932009,0.4444444444444444,0.0,0.1,0.7935276129255014,0.7614956937651265,1.0,-0.05268839816320431,0.0017832753946859792
5.116666666666666,23.755088959480343,0.9717773175439507,23.77495746847337,-1.5933843926146563,-0.3151277030626439,-0.057999999999999996,0.8345357642156679,-7.4061389096646675,122.50801799149866,-71.11822860987225,0.04088537744325299,0.08233580601559741,0.058767374791281385,-4721.341830217793,-4103.954638585139,1684.0057723481348,0.4444444444444444,0.0,0.1,0.7937596246544572,0.7616899594529362,1.0,-0.05270601787307291,0.0017816999157444005
5.133333333333333,23.76388215240913,0.9731049473154415,23.783797598198632,-1.598636325204091,-0.3151088994100825,-0.057999999999999996,0.8337998213874213,-7.408606894519632,122.51397877461213,-71.51452476372053,0.0409260398909125,0.08238365009604941,0.058800305505064175,-4722.83863271133,-4105.3036536480595,1683.3822577134017,0.4444444444444444,0.0,0.1,0.7939908522165118,0.7618836429867728,1.0,-0.05272358136404478,0.0017801287077371416
5.15,23.772656441458043,0.974430181547121,23.792618781090628,-1.6038879437906166,-0.3150900374119976,-0.057999999999999996,0.8330658719219273,-7.4110670106658,122.5178757795613,-71.91099372983335,0.04096660406266831,0.08243138040184084,0.05883315464352953,-4724.330531516794,-4106.648268239625,1682.7605437148343,0.4444444444444444,0.0,0.1,0.7942212988405445,0.7620767463757074,1.0,-0.05274108885710578,0.0017785617554782888
5.166666666666667,23.78141187411896,0.9757530234877106,23.80142106449385,-1.6091392474092572,-0.31507111778286084,-0.057999999999999996,0.8323339087391661,-7.4135192890231485,122.51970745150099,-72.30762444114498,0.041007070219305386,0.0824789972233289,0.05886592243537247,-4725.817546281327,-4107.988499939261,1682.1406235122997,0.4444444444444444,0.0,0.1,0.7944509677410321,0.762269271622872,1.0,-0.052758540572298895,0.0017769990438522877
5.183333333333334,23.790148497739022,0.9770734763952766,23.810204495609636,-1.614390235106889,-0.3150521412318145,-0.057999999999999996,0.8316039247918868,-7.415963760379536,122.51947229712614,-72.7044058203181,0.0410474386210743,0.08252650085034526,0.058898609108747835,-4727.299696566536,-4109.324366250963,1681.5224902994912,0.4444444444444444,0.0,0.1,0.7946798621181012,0.7624612207254345,1.0,-0.052775936728726894,0.001775440557813544
5.2,23.798866359521117,0.978391543537025,23.818969121496647,-1.6196409059421522,-0.3150331084626979,-0.057999999999999996,0.8308759130654257,-7.418400455391105,122.51716888472143,-73.10132678009677,0.04108770952768807,0.0825738915721925,0.05893121489126728,-4728.777001848786,-4110.655884603501,1680.9061373037218,0.4444444444444444,0.0,0.1,0.7949079851575811,0.7626525956745802,1.0,-0.05279327754455515,0.0017738862823860366
5.216666666666667,23.80756550652441,0.9797072281890971,23.827714989071378,-1.6248912589853624,-0.31501402017407404,-0.057999999999999996,0.8301498665775215,-7.420829404582658,122.5127958442088,-73.49837622365953,0.04112788319831877,0.08262116967764055,0.05896374000999645,-4730.249481519489,-4111.983072350593,1680.2915577857186,0.4444444444444444,0.0,0.1,0.7951353400310539,0.7628433984554881,1.0,-0.05281056323701438,0.001772336202662921
5.233333333333333,23.81624598566482,0.9810205336363664,23.836442145108652,-1.6301412933184234,-0.3149948770592576,-0.057999999999999996,0.8294257783781356,-7.423250638348048,122.50635186719298,-73.89554304497261,0.041167959891594434,0.082668335454923,0.05899618469145206,-4731.717154885399,-4113.305946771089,1679.67874503942,0.4444444444444444,0.0,0.1,0.7953619298959068,0.7630336310473095,1.0,-0.052827794022403375,0.0017707903038061475
5.25,23.82490784371557,0.9823314631722363,23.845150636242117,-1.6353910080347398,-0.31497567980634283,-0.057999999999999996,0.8287036415492701,-7.4256641869505575,122.49783570700498,-74.29281612914322,0.04120793986559572,0.08271538919173353,0.05902854916159914,-4733.180041168903,-4114.624525069168,1679.0676923917715,0.4444444444444444,0.0,0.1,0.7955877578953816,0.7632232954231498,1.0,-0.05284497011609173,0.0017692485710460726
5.266666666666667,23.833551127307647,0.9836400200984388,23.853840508964733,-1.64064040223913,-0.31495642909823246,-0.057999999999999996,0.8279834492047904,-7.428070080523289,122.48724617874346,-74.69018435277282,0.041247823377852814,0.08276233117522228,0.05906083364584834,-4734.638159508296,-4115.938824374517,1678.458393202527,0.4444444444444444,0.0,0.1,0.7958128271586252,0.7634123935500469,1.0,-0.05286209173252262,0.0017677109896810784
5.283333333333333,23.842175882930334,0.9849462077248361,23.86251180962927,-1.6458894750477406,-0.31493712561266674,-0.057999999999999996,0.8272651944902477,-7.430468349069536,122.47458215931421,-75.08763658431053,0.04128761068534226,0.0828091616919922,0.05909303836905321,-4736.091528958079,-4117.248861742531,1677.850840864047,0.4444444444444444,0.0,0.1,0.7960371408007401,0.7636009273889535,1.0,-0.05287915908521539,0.0017661775450771957
5.3,23.850782156931693,0.9862500293692229,23.87116458444879,-1.6511382255879605,-0.3149177700222531,-0.057999999999999996,0.8265488705827011,-7.432859022463181,122.45984258746752,-75.48516168440655,0.04132730204448394,0.08285588102809557,0.05912516355550775,-4737.540168489239,-4118.554654154499,1677.2450288011028,0.4444444444444444,0.0,0.1,0.7962607019228336,0.7637888988947196,1.0,-0.05289617238676847,0.0017646482226677228
5.316666666666666,23.859369995519085,0.9875514883571316,23.879798879497137,-1.6563866529983355,-0.3148983629944964,-0.057999999999999996,0.8258344706905444,-7.435242130449074,122.4430264638335,-75.88274850626563,0.04136689771113805,0.08290248946903037,0.059157209428943903,-4738.984096989531,-4119.856218517798,1676.6409504706778,0.4444444444444444,0.0,0.1,0.7964835136120683,0.7639763100160728,1.0,-0.05291313184886201,0.001763123007952857
5.333333333333333,23.86793944475964,0.9888505880216393,23.888414740709436,-1.6616347564284835,-0.3148789051918292,-0.057999999999999996,0.8251219880533297,-7.437617702643423,122.42413285095549,-76.28038589600048,0.0414063979406022,0.08294898729973685,0.05918917621252914,-4740.423333263766,-4121.153571666103,1676.0385993617733,0.4444444444444444,0.0,0.1,0.7967055789417108,0.7641631626956057,1.0,-0.05293003768226067,0.001761601886499317
5.35,23.876490550580776,0.9901473317031777,23.897012213882554,-1.6668825350390097,-0.31485939727164286,-0.057999999999999996,0.8244114159415967,-7.4399857685341875,122.40316087332118,-76.67806269298526,0.041445802987608554,0.08299537480459412,0.059221064128864395,-4741.857896034089,-4122.446730359575,1675.437968995215,0.4444444444444444,0.0,0.1,0.7969269009711825,0.7643494588697575,1.0,-0.05294689009681643,0.001760084843939979
5.366666666666666,23.885023358770695,0.9914417227493454,23.90559134467562,-1.672129988001425,-0.31483983988631814,-0.057999999999999996,0.8237027476566985,-7.442346357481467,122.3801097173921,-77.0757677302091,0.04148511310632111,0.08304165226741671,0.059252873399981656,-4743.287803940269,-4123.735711285075,1674.8390529234587,0.4444444444444444,0.0,0.1,0.7971474827461082,0.7645352004688011,1.0,-0.05296368930147136,0.0017585718659735038
5.383333333333333,23.893537914978857,0.9927337645147228,23.91415217861047,-1.6773771144980605,-0.3148202336832574,-0.057999999999999996,0.8229959765306329,-7.4446994987179105,122.35497863163076,-77.47348983462942,0.04152432855033304,0.0830878199714514,0.0592846042473422,-4744.713075539981,-4125.020531056372,1674.2418447304017,0.4444444444444444,0.0,0.1,0.7973673272983666,0.7647203894168298,1.0,-0.052980435504260515,0.001757062938363978
5.4,23.902034264716487,0.9940234603606904,23.92269476107214,-1.6826239137219856,-0.31480057930491584,-0.057999999999999996,0.822291095925872,-7.447045221349108,122.32776692652585,-77.87121782752551,0.041563449572664134,0.08313387819937396,0.0593162568918345,-4746.133729309094,-4126.301206214354,1673.6463380311907,0.4444444444444444,0.0,0.1,0.7975864376461401,0.764905027631745,1.0,-0.052997128912314714,0.00175555804694055
5.416666666666667,23.910512453357065,0.9953108136552492,23.931219137309373,-1.6878703848769265,-0.3147808773888335,-0.057999999999999996,0.8215880992351907,-7.449383554353988,122.29847397461558,-78.26894052485177,0.04160247642575834,0.08317982723328597,0.059347831553772504,-4747.549783641951,-4127.5777532272405,1673.0525264720338,0.4444444444444444,0.0,0.1,0.7978048167939643,0.7650891170252435,1.0,-0.053013769731863426,0.0017540571775970621
5.433333333333334,23.91897252613681,0.9965958277728443,23.939725352435055,-1.6931165271771842,-0.31476112856766747,-0.057999999999999996,0.820886979881505,-7.451714526585256,122.26709921050875,-78.66664673759118,0.041641409361481384,0.08322566735471194,0.05937932845289393,-4748.961256851663,-4128.850188490814,1672.4604037300146,0.4444444444444444,0.0,0.1,0.7980224677327786,0.76527265950281,1.0,-0.05303035816823781,0.001752560316291708
5.45,23.927414528155165,0.9978785060941925,23.948213451426717,-1.6983623398475534,-0.3147413334692241,-0.057999999999999996,0.8201877313176992,-7.454038166769773,122.23364213090404,-79.06432527210845,0.04168024863111861,0.08327139884459624,0.059410747808358734,-4750.368167170394,-4130.118528328628,1671.8699635129053,0.4444444444444444,0.0,0.1,0.798239393439976,0.7654556569637044,1.0,-0.05304689442587347,0.0017510674490466614
5.466666666666667,23.935838504375287,0.9991588520061114,23.956683479127005,-1.7036078221232416,-0.3147214927164914,-0.057999999999999996,0.8194903470264636,-7.456354503508988,122.19810229460715,-79.4619649305033,0.04171899448537276,0.0833170219833003,0.0594420898387476,-4751.7705327496515,-4131.3827889922495,1671.281199558982,0.4444444444444444,0.0,0.1,0.7984555968794539,0.7656381113009565,1.0,-0.05306337870831353,0.0017495785619477322
5.483333333333333,23.944244499624535,1.0004368689013527,23.96513548024415,-1.7088529732497897,-0.31470160692767174,-0.057999999999999996,0.8187948205201299,-7.4586635652793785,122.16047932254595,-79.85955451096355,0.04175764717436194,0.0833625370505999,0.05947335476206068,-4753.1683716605785,-4132.6429866614835,1670.6941056368428,0.4444444444444444,0.0,0.1,0.798671081001665,0.7658200244013571,1.0,-0.05307981121821169,0.0017480936411440116
5.5,23.952632558594946,1.0017125601784385,23.973569499352447,-1.7140977924829925,-0.3146816767162141,-0.057999999999999996,0.818101145340504,-7.460965380432835,122.12077289778371,-80.25708280811816,0.041796206947617764,0.08340794432568252,0.05950454279571632,-4754.561701894245,-4133.899137444604,1670.1086755452234,0.4444444444444444,0.0,0.1,0.7988858487436676,0.7660013981454522,1.0,-0.05309619215733508,0.0017466126728475182
5.516666666666667,23.96100272584371,1.0029859292414993,23.981985580892715,-1.7193422790888202,-0.3146617026908471,-0.057999999999999996,0.8174093150587083,-7.463259977197136,122.07898276553018,-80.65453861339013,0.04183467405408347,0.08345324408714477,0.05953565415655,-4755.950541361941,-4135.151257378606,1669.5249031128192,0.4444444444444444,0.0,0.1,0.7990999030291772,0.7661822344075379,1.0,-0.05311252172656756,0.0017451356433328593
5.533333333333333,23.969355045793666,1.0042569795001184,23.990383769172784,-1.724586432343339,-0.31464168545561144,-0.057999999999999996,0.8167193232750165,-7.4655473836763475,122.0351087331508,-81.05191071534936,0.04187304874211225,0.08349843661298997,0.05956668906081332,-4757.334907895472,-4136.399362429434,1668.9427821981044,0.4444444444444444,0.0,0.1,0.799313246768617,0.7663625350556561,1.0,-0.05312880012591259,0.00174366253893688
5.55,23.977689562733758,1.0055257143691758,23.998764108367936,-1.7298302515326338,-0.31462162560989254,-0.057999999999999996,0.8160311636186925,-7.46782762785128,121.98915067017386,-81.44918790006527,0.041911331259465674,0.08354352218062591,0.059597647724173176,-4758.714819247457,-4137.643468492237,1668.362306689154,0.4444444444444444,0.0,0.1,0.7995258828591706,0.7665423019515901,1.0,-0.05314502755449649,0.0017421933460583178
5.566666666666666,23.986006320819534,1.0067921372686965,24.0071266425214,-1.7350737359527313,-0.3146015237484534,-0.057999999999999996,0.8153448297478334,-7.4701007375799335,121.94110850829561,-81.84635895145935,0.0419495218533121,0.08358850106686246,0.05962853036171093,-4760.090293091625,-4138.883591391619,1667.7834705034675,0.4444444444444444,0.0,0.1,0.7997378141848325,0.7667215369508653,1.0,-0.05316120421057155,0.0017407280511574678
5.583333333333333,23.9943053640736,1.0080562516237028,24.015471415544788,-1.7403168849095234,-0.31458138046146694,-0.057999999999999996,0.8146603153492069,-7.472366740597935,121.8909822413835,-82.24341265165761,0.04198762077022537,0.08363337354790956,0.05965933718792174,-4761.461347023122,-4140.119746881882,1667.2062675877926,0.4444444444444444,0.0,0.1,0.7999490436164616,0.7669002419027432,1.0,-0.05317733029151926,0.0017392666407558357
5.6,24.0025867363861,1.0093180608640682,24.023798471218583,-1.7455596977186902,-0.3145611963345486,-0.057999999999999996,0.8139776141380961,-7.474625664518989,121.8387719254773,-82.64033778134281,0.04202562825618353,0.08367813989937524,0.059690068416714044,-4762.827998558793,-4141.351950647295,1666.6306919179517,0.4444444444444444,0.0,0.1,0.8001595740118312,0.7670784186502252,1.0,-0.053193405993853395,0.0017378091014358067
5.616666666666666,24.010850481515185,1.0105775684243745,24.03210785319258,-1.7508021737056247,-0.31454097194878894,-0.057999999999999996,0.8132967198581407,-7.476877536835345,121.78447767878835,-83.03712312010643,0.04206354455656755,0.08372280039626356,0.05972072426140907,-4764.190265137514,-4142.58021830234,1666.056737498668,0.4444444444444444,0.0,0.1,0.8003694082156843,0.7672560690300493,1.0,-0.053209431513223396,0.0017363554198403062
5.633333333333333,24.01909664308749,1.011834777743773,24.040399604986366,-1.7560443122053588,-0.31452070788078584,-0.057999999999999996,0.8126176262811815,-7.479122384918238,121.72809968169665,-83.43375744680068,0.042101369916160314,0.08376735531297294,0.05975130493474049,-4765.548164120464,-4143.804565391986,1665.4843983633941,0.4444444444444444,0.0,0.1,0.8005785490597829,0.7674331948726937,1.0,-0.05322540704441751,0.0017349055826724673
5.65,24.027325264598595,1.013089692265847,24.048673769989755,-1.7612861125624872,-0.31450040470267676,-0.057999999999999996,0.811940327207104,-7.481360236018372,121.66963817674623,-83.8302295398902,0.04213910457914559,0.08381180492329436,0.05978181064885408,-4766.901712791456,-4145.025007391949,1664.9136685741396,0.4444444444444444,0.0,0.1,0.8007869993629635,0.7676097980023776,1.0,-0.053241332781366224,0.0017334595766952975
5.666666666666667,24.035536389413487,1.0143423154384772,24.05693039146327,-1.7665275741310942,-0.3144800629821706,-0.057999999999999996,0.8112648164636853,-7.483591117266362,121.60909346863828,-84.22652817780344,0.04217674878910714,0.08385614950040982,0.059812241615307626,-4768.250928357227,-4146.241559708955,1664.344542221305,0.4444444444444444,0.0,0.1,0.8009947619311887,0.7677858802370644,1.0,-0.05325720891714539,0.0017320173887313526
5.683333333333334,24.043730060767036,1.0155926507137107,24.065169512538574,-1.77176869627468,-0.3144596832825803,-0.057999999999999996,0.8105910879064395,-7.485815055673216,121.5464659242224,-84.6226421392841,0.04221430278902787,0.08390038931689064,0.0598425980450707,-4769.595827947757,-4147.454237681013,1663.7770134235088,0.4444444444444444,0.0,0.1,0.801201839557601,0.7679614433884642,1.0,-0.05327303564397971,0.0017305790056624045
5.7,24.051906321764434,1.0168407015476328,24.073391176218937,-1.777009478366088,-0.3144392661628537,-0.057999999999999996,0.8099191354184659,-7.488032078130803,121.48175597248597,-85.01856020374206,0.04225176682128919,0.08394452464469632,0.05987288014852482,-4770.936428616567,-4148.663056577693,1663.211076327425,0.4444444444444444,0.0,0.1,0.8014082350225757,0.768136489262039,1.0,-0.05328881315324598,0.0017291444144291192
5.716666666666667,24.060065215381677,1.0180864714002398,24.08159542537968,-1.782249919787432,-0.31441881217760603,-0.057999999999999996,0.8092489529102971,-7.490242211412326,121.4149641045414,-85.41427115160427,0.042289141127670286,0.08398855575517292,0.059903088135463314,-4772.2727473410405,-4149.868031600388,1662.646725107614,0.4444444444444444,0.0,0.1,0.8016139510937745,0.7683110196570071,1.0,-0.053304541635476564,0.0017277136020307316
5.733333333333333,24.06820678446602,1.019329963735315,24.089782302768633,-1.7874900199300245,-0.3143983218771505,-0.057999999999999996,0.8085805343197474,-7.492445482172806,121.34609087361146,-85.80976376466536,0.04232642594934758,0.08403248291905198,0.0599332222150916,-4773.604801022723,-4151.069177882602,1662.0839539663596,0.4444444444444444,0.0,0.1,0.8018189905261993,0.7684850363663489,1.0,-0.05332022128036272,0.0017262865555247215
5.75,24.076331071736437,1.0205711820203085,24.097951851006584,-1.792729778194306,-0.3143777958075301,-0.057999999999999996,0.807913873611763,-7.4946419169495355,121.27513689501271,-86.20502682643797,0.04236362152689424,0.08407630640644931,0.05996328259602726,-4774.932606487642,-4152.266510490216,1661.5227571335029,0.4444444444444444,0.0,0.1,0.8020233560622457,0.7686585411768125,1.0,-0.053335852276757925,0.001724863262026495
5.766666666666667,24.084438119784057,1.0218101297262172,24.10610411258772,-1.7979691939897724,-0.3143572345105487,-0.057999999999999996,0.8072489647782739,-7.4968315421625995,121.20210284613687,-86.60004912250277,0.042400728100279825,0.08412002648686388,0.05999326948630044,-4776.256180486617,-4153.460044421781,1660.9631288662822,0.4444444444444444,0.0,0.1,0.8022270504317573,0.7688315358689214,1.0,-0.05335143481268153,0.0017234437087090661
5.783333333333333,24.09252797107264,1.0230468103274684,24.114239129880065,-1.803208266734907,-0.3143366385238013,-0.057999999999999996,0.8065858018380436,-7.499014384115314,121.12698946643029,-86.99481944085827,0.04243774590886987,0.08416364342917686,0.06002318309335408,-4777.575539695572,-4154.649794608781,1660.4050634491705,0.4444444444444444,0.0,0.1,0.8024300763520792,0.7690040222169797,1.0,-0.05336696907532191,0.0017220278828027388
5.8,24.10060066793902,1.0242812273018054,24.12235694512594,-1.8084469958571086,-0.314316008380705,-0.057999999999999996,0.8059243788365248,-7.501190468994749,121.04979755737148,-87.38932657227039,0.04247467519142567,0.08420715750165068,0.06005302362404439,-4778.89070071585,-4155.835775915935,1659.8485551937158,0.4444444444444444,0.0,0.1,0.8026324365281123,0.7691760019890835,1.0,-0.053382455251040156,0.0017206157715947967
5.816666666666666,24.108656252593544,1.0255133841301751,24.13045760044239,-1.8136853807926232,-0.3142953446105293,-0.057999999999999996,0.8052646898457103,-7.503359822872184,120.97052798244655,-87.78355931062161,0.04251151618610409,0.08425056897192823,0.06008279128464123,-4780.201680074528,-4157.018003141464,1659.2935984383817,0.4444444444444444,0.0,0.1,0.8028341336523676,0.7693474769471261,1.0,-0.05339789352537335,0.0017192073624291856
5.833333333333333,24.11669476712055,1.0267432842966173,24.138541137821644,-1.8189234209864755,-0.3142746477384262,-0.057999999999999996,0.804606728963988,-7.5055224717036175,120.88918166712298,-88.17750645325991,0.04254826913045737,0.08429387810703198,0.06011248628082868,-4781.508494224732,-4158.1964910173865,1658.7401875483883,0.4444444444444444,0.0,0.1,0.8030351704050201,0.7695184488468088,1.0,-0.053413284083038144,0.0017178026427062034
5.85,24.12471625347878,1.027970931288156,24.14660759913153,-1.8241611158923998,-0.3142539182854601,-0.057999999999999996,0.803950490315997,-7.507678441330242,120.80575959882107,-88.5711568013473,0.04258493426143305,0.08433708517336339,0.06014210881770552,-4782.811159545954,-4159.371254209795,1658.1883169155572,0.4444444444444444,0.0,0.1,0.8032355494539636,0.7696889194376488,1.0,-0.05342862710793421,0.0017164015998821938
5.866666666666666,24.132720753501854,1.0291963285946937,24.154657026115935,-1.8293984649727721,-0.31423315676863767,-0.057999999999999996,0.8032959680524827,-7.509827757478933,120.72026282688377,-88.96449916020816,0.04262151181537399,0.08438019043670215,0.06017165909978592,-4784.109692344362,-4160.542307319144,1657.6379809581542,0.4444444444444444,0.0,0.1,0.8034352734548635,0.7698588904629906,1.0,-0.05344392278314764,0.0017150042214692358
5.883333333333333,24.14070830889869,1.0304194797089066,24.162689460395214,-1.834635467698544,-0.3142123637009368,-0.057999999999999996,0.8026431563501546,-7.511970445762751,120.63269246254437,-89.35752233967713,0.04265800202801838,0.08442319416220577,0.060201137330999965,-4785.404108853125,-4161.709664880541,1657.0891741207352,0.4444444444444444,0.0,0.1,0.8036343450512136,0.7700283636600147,1.0,-0.05345917129095458,0.0017136104950348414
5.9,24.148678961253957,1.031640388126141,24.17070494346664,-1.8398721235491737,-0.3141915395913362,-0.057999999999999996,0.8019920494115436,-7.514106531681415,120.54304967889244,-89.7502151544467,0.042694405134499805,0.0844660966144089,0.06023054371469453,-4786.6944252327185,-4162.87334136403,1656.5418908739923,0.4444444444444444,0.0,0.1,0.8038327668743879,0.7701973407597498,1.0,-0.05347437281282459,0.0017122204082016493
5.916666666666667,24.15663275202852,1.0328590573443128,24.178703516704847,-1.8451084320125628,-0.31417068494484435,-0.057999999999999996,0.8013426414648611,-7.516236040621812,120.4513357108376,-90.14256642441443,0.04273072136934738,0.08450889805722298,0.06025987845363378,-4787.980657571252,-4164.033351174874,1655.9961257146012,0.4444444444444444,0.0,0.1,0.8040305415436962,0.7703658234870818,1.0,-0.05348952752942421,0.0017108339486471267
5.933333333333334,24.164569722559868,1.034075490863808,24.186685221362236,-1.8503443925849872,-0.31414980026252787,-0.057999999999999996,0.8006949267638579,-7.518358997858467,120.3575518550715,-90.53456497502975,0.04276695096648592,0.08455159875393575,0.06028914175000011,-4789.2628218847785,-4165.189708653849,1655.4518731650692,0.4444444444444444,0.0,0.1,0.804227671666439,0.7705338135607673,1.0,-0.053504635620620404,0.001709451104103264
5.95,24.17248991406255,1.0352896921873833,24.19465009856942,-1.8555800047710336,-0.31412888604154016,-0.057999999999999996,0.800048899587686,-7.520475428554055,120.26169947002796,-90.92619963764056,0.04280309415923615,0.08459419896721104,0.06031833380539483,-4790.54093411761,-4166.34242807753,1654.909127773586,0.4444444444444444,0.0,0.1,0.8044241598379601,0.7707013126934439,1.0,-0.053519697265484126,0.0017080718623562843
5.966666666666667,24.180393367628618,1.036501664820072,24.202598189335642,-1.8608152680835344,-0.3141079427751497,-0.057999999999999996,0.7994045542407582,-7.522585357759881,120.16377997584094,-91.31745924983917,0.042839151180315,0.08463669895908833,0.060347454820839044,-4791.815010142637,-4167.491523658572,1654.3678841138728,0.4444444444444444,0.0,0.1,0.8046200086417017,0.7708683225916418,1.0,-0.05353471264229377,0.0017066962112463398
5.983333333333333,24.188280124228058,1.0377114122690871,24.21052953454921,-1.8660501820435023,-0.31408697095276783,-0.057999999999999996,0.7987618850526117,-7.524688810416363,120.06379485430087,-91.7083326558081,0.042875122261835846,0.08467909899098261,0.06037650499677451,-4793.085065761642,-4168.637009546004,1653.8281367850345,0.4444444444444444,0.0,0.1,0.8048152206492587,0.7710348449557972,1.0,-0.053549681928538595,0.0017053241386672236
6.0,24.19615022470922,1.0389189380437285,24.218444174977922,-1.8712847461800672,-0.3140659710599764,-0.057999999999999996,0.7981208863777695,-7.526785811353542,119.96174564880884,-92.09880870666531,0.04291100763530887,0.0847213993236841,0.060405484533064435,-4794.351116705615,-4169.778899825516,1653.2898804114127,0.4444444444444444,0.0,0.1,0.8050097984204323,0.7712008814802644,1.0,-0.05356460530092236,0.0017039556325660714
6.016666666666667,24.20400370979925,1.04012424565529,24.226342151269467,-1.8765189600304126,-0.31404494357855556,-0.057999999999999996,0.7974815525956054,-7.5288763852915555,119.85763396432904,-92.48887626080906,0.04294680753164139,0.08476360021735811,0.06043439362899444,-4795.613178635069,-4170.917208519739,1652.7531096424377,0.4444444444444444,0.0,0.1,0.8052037445032841,0.7713664338533285,1.0,-0.05357948293536669,0.0017025906809430757
6.033333333333333,24.21184062010451,1.0413273386169688,24.23422350395188,-1.881752823139712,-0.3140238889865106,-0.057999999999999996,0.7968438781102086,-7.530960556841144,119.75146146733913,-92.87852418426235,0.04298252218113829,0.08480570193154499,0.06046323248327355,-4796.871267140361,-4172.051949588535,1652.2178191524854,0.4444444444444444,0.0,0.1,0.8053970614341915,0.771531503757218,1.0,-0.05359431500701469,0.0017012292718511937
6.05,24.219660996111013,1.0425282204437756,24.24208827343393,-1.886986335061067,-0.31400280775809936,-0.057999999999999996,0.7962078573502489,-7.533038350504112,119.64322988577888,-93.26774135101692,0.04301815181350242,0.0848477047251599,0.060492001294034925,-4798.125397741989,-4173.183136929283,1651.6840036407314,0.4444444444444444,0.0,0.1,0.8055897517378982,0.7716960928681182,1.0,-0.05360910169023421,0.0016998713933958625
6.066666666666666,24.227464878184843,1.043726894652446,24.24993650000554,-1.892219495355444,-0.31398170036385864,-0.057999999999999996,0.7955734847688434,-7.53510979067385,119.53294100899686,-93.6565166433768,0.04305369665783507,0.08488960885649297,0.06052070025883709,-4799.375585890925,-4174.310784377163,1651.1516578310082,0.4444444444444444,0.0,0.1,0.8057818179275709,0.7718602028561853,1.0,-0.053623843158621565,0.0016985170337347124
6.083333333333333,24.235252306572587,1.0449233647613534,24.257768223838237,-1.8974523035916138,-0.3139605672706308,-0.057999999999999996,0.7949407548434221,-7.537174901635786,119.42059668769508,-94.04483895230139,0.04308915694263639,0.08493141458320909,0.060549329574664634,-4800.621846968916,-4175.434905705441,1650.6207764716619,0.4444444444444444,0.0,0.1,0.8059732625048515,0.7720238353855587,1.0,-0.053638539585004766,0.0016971661810772814
6.1,24.243023321401747,1.0461176342904217,24.265583484985527,-1.902684759346089,-0.3139394089415901,-0.057999999999999996,0.794309662075598,-7.5392337075679015,119.30619883387197,-94.43269717774808,0.04312453289580594,0.08497312216234809,0.06057788943792943,-4801.8641962888,-4176.5555146257475,1650.0913543354125,0.4444444444444444,0.0,0.1,0.806164087959911,0.7721869921143756,1.0,-0.053653191141447176,0.0016958188236847365
6.116666666666666,24.25077796268116,1.047309706761041,24.273382323383323,-1.9079168622030647,-0.3139182258362689,-0.057999999999999996,0.7936802009910344,-7.541286232541202,119.18974942076336,-94.82008022901438,0.04315982474464322,0.08501473185032474,0.06060638004447152,-4803.10264909482,-4177.672624788367,1649.5633862192112,0.4444444444444444,0.0,0.1,0.8063542967715029,0.772349674694785,1.0,-0.05366779799925085,0.0016944749498695915
6.133333333333333,24.25851627030142,1.048499585695983,24.281164778850364,-1.9131486117543568,-0.31389701841058304,-0.057999999999999996,0.7930523661393156,-7.543332500520191,119.07125048278155,-95.20697702507962,0.04319503271584814,0.08505624390292876,0.06063480158956011,-4804.337220562926,-4178.786249782519,1649.0368669441032,0.4444444444444444,0.0,0.1,0.8065438914070153,0.7725118847729615,1.0,-0.05368236032895991,0.0016931345479954307
6.15,24.266238284035296,1.0496872746193169,24.288930891088597,-1.918380007599342,-0.31387578711685804,-0.057999999999999996,0.7924261520938166,-7.545372535363378,118.9507041154525,-95.59337649494603,0.043230157035521646,0.08509765857532513,0.06066315426789469,-4805.567925801099,-4179.8964031366295,1648.5117913550878,0.4444444444444444,0.0,0.1,0.8067328743225256,0.7726736239891187,1.0,-0.05369687830036421,0.0016917976064766307
6.166666666666667,24.273944043538144,1.0508727770563286,24.29668069968363,-1.923611049344899,-0.313854532403854,-0.057999999999999996,0.7918015534515745,-7.547406360823728,118.82811247535128,-95.97926757797943,0.043265197929166284,0.08513897612205398,0.06069143827360595,-4806.794779849645,-4181.003098318629,1647.988154320981,0.4444444444444444,0.0,0.1,0.8069212479628518,0.7728348939775256,1.0,-0.05371135208250243,0.0016904641137780849
6.183333333333334,24.281633588348317,1.0520560965334387,24.30441424410509,-1.9288417366053487,-0.31383325471679124,-0.057999999999999996,0.7911785648331604,-7.549434000549167,118.70347778003546,-96.3646392242494,0.043300155621686785,0.085180196797031,0.06071965380025698,-4808.0177976815185,-4182.106348736208,1647.4659507342792,0.4444444444444444,0.0,0.1,0.8071090147616063,0.7729956963665181,1.0,-0.05372578184366579,0.0016891340584149319
6.2,24.289306957887586,1.0532372365781206,24.31213156370706,-1.934072069002396,-0.3138119544973747,-0.057999999999999996,0.790557180882553,-7.551455478083038,118.57680230797676,-96.74948039486881,0.04333503033739066,0.08522132085354742,0.060747801040844096,-4809.236994202613,-4183.206167737116,1646.9451755110229,0.4444444444444444,0.0,0.1,0.8072961771412475,0.7731560327785162,1.0,-0.053740167751401224,0.0016878074289522838
6.216666666666667,24.296964191461548,1.0544162007188227,24.319832697728476,-1.9393020461650705,-0.3137906321838192,-0.057999999999999996,0.7899373962670104,-7.5534708168646,118.44808839849082,-97.13378006233293,0.04336982229998883,0.08526234854427035,0.06077588018779808,-4810.452384252082,-4184.302568609428,1646.425823590662,0.4444444444444444,0.0,0.1,0.8074827375131328,0.7733159048300374,1.0,-0.05375450997251494,0.0016864842140049535
6.233333333333333,24.30460532826002,1.0555929924848895,24.32751768529351,-1.94453166772967,-0.3137692882108738,-0.057999999999999996,0.7893192056769474,-7.5554800402294715,118.31733845166505,-97.51752721085795,0.04340453173259633,0.08530328012124302,0.06080389143298521,-4811.663982602638,-4185.395564581819,1645.9078899359235,0.4444444444444444,0.0,0.1,0.8076686982775707,0.7734753141317111,1.0,-0.05376880867307559,0.0016851644022371922
6.25,24.312230407357468,1.0567676154064816,24.335186565412005,-1.949760933339702,-0.31374792300984605,-0.057999999999999996,0.7887026038258083,-7.557483171410135,118.18455492828471,-97.90071083671893,0.04343915885773284,0.08534411583588496,0.06083183496770825,-4812.871803960854,-4186.485168823843,1645.391369532676,0.4444444444444444,0.0,0.1,0.8078540618238722,0.7736342622882939,1.0,-0.05378306401841788,0.0016838479823624193
6.266666666666667,24.319839467713397,1.0579400730145012,24.34283937697984,-1.9549898426458263,-0.3137265370086264,-0.057999999999999996,0.7880875854499436,-7.5594802335363855,118.04974034975707,-98.2833199485872,0.043473703897323475,0.08538485593899228,0.060859710982707566,-4814.075862967477,-4187.571394446205,1644.8762573897993,0.4444444444444444,0.0,0.1,0.8080388305304038,0.7737927508986849,1.0,-0.05379727617314569,0.0016825349431429568
6.283333333333333,24.32743254817276,1.0591103688405141,24.350476158779337,-1.9602183953057997,-0.3137051306317118,-0.057999999999999996,0.7874741453084881,-7.561471249635808,117.91289729803376,-98.66534356786721,0.04350816707269937,0.08542550068073808,0.06088751966816224,-4815.2761741977165,-4188.654254501034,1644.362548539053,0.4444444444444444,0.0,0.1,0.8082230067646371,0.7739507815559395,1.0,-0.053811445301135546,0.0016812252733897704
6.3,24.33500968746635,1.0602785064166738,24.35809694947966,-1.965446590984418,-0.31368370430022996,-0.057999999999999996,0.7868622781832357,-7.563456242634242,117.77402841553129,-99.04677072903274,0.04354254860459837,0.08546605031067256,0.060915261213691105,-4816.472752161559,-4189.733761982152,1643.850238034946,0.4444444444444444,0.0,0.1,0.8084065928832024,0.774108355847286,1.0,-0.05382557156553991,0.0016799189619622027
6.316666666666666,24.342570924211238,1.0614444892756467,24.365701787637228,-1.9706744293534622,-0.3136622584319624,-0.057999999999999996,0.7862519788785203,-7.565435235356248,117.63313640504973,-99.42759047996257,0.04357684871316575,0.08550650507772352,0.06094293580835375,-4817.665611304053,-4190.809929825344,1643.3393209546066,0.4444444444444444,0.0,0.1,0.8085895912319379,0.7742654753541384,1.0,-0.05383965512879048,0.0016786159977677172
6.333333333333333,24.35011629691111,1.0626083209505393,24.373290711696058,-1.97590191009164,-0.31364079344136825,-0.057999999999999996,0.7856432422210947,-7.567408250525576,117.49022402968953,-99.8077918822755,0.043611067617954934,0.08554686523019661,0.06097054364065176,-4818.854766005627,-4191.882770908627,1642.8297923976559,0.4444444444444444,0.0,0.1,0.8087720041459425,0.7744221416521138,1.0,-0.053853696152601514,0.0016773163697616428
6.35,24.357645843956725,1.0637700049748227,24.38086375998821,-1.9811290328845332,-0.31361930973960733,-0.057999999999999996,0.7850360630600086,-7.5693753107656105,117.34529411276658,-100.18736401166477,0.043645205537928174,0.0855871310157757,0.060998084898529696,-4820.040230582371,-4192.952298052521,1642.3216474860774,0.4444444444444444,0.0,0.1,0.8089538339496251,0.7745783563110464,1.0,-0.053867694797973036,0.001676020066946909
6.366666666666666,24.365159603626275,1.0649295448822609,24.388420970734142,-1.9863557974245423,-0.3135978077345631,-0.057999999999999996,0.7844304362664907,-7.571336438599852,117.19834953772535,-100.56629595823195,0.04367926269145725,0.08562730268152326,0.06102555976937617,-4821.22201928634,-4194.018524020311,1641.8148813640921,0.4444444444444444,0.0,0.1,0.8091350829567561,0.7747341208950032,1.0,-0.05388165122519425,0.0016747270783737977
6.383333333333333,24.37265761408578,1.0660869442068386,24.3959623820431,-1.9915822034108315,-0.31357628783086566,-0.057999999999999996,0.7838263567338305,-7.573291656452355,117.04939324805028,-100.94457682682001,0.04371323929632428,0.08566738047388078,0.06105296844002501,-4822.400146305848,-4195.081461518312,1641.3094891980327,0.4444444444444444,0.0,0.1,0.8093157534705171,0.7748894369622984,1.0,-0.05389556559384663,0.0016734373931396901
6.4,24.380139913389513,1.067242206482689,24.403488031913522,-1.9968082505492755,-0.31355475042991443,-0.057999999999999996,0.7832238193772594,-7.575240986648196,116.8984282471754,-101.32219573734594,0.04374713556972234,0.08570736463866907,0.06108031109675627,-4823.574625765763,-4196.141123196131,1640.8054661762174,0.4444444444444444,0.0,0.1,0.8094958477835513,0.77504430606551,1.0,-0.05390943806280726,0.001672151000388812
6.416666666666667,24.387606539480352,1.0683953352440245,24.410997958233416,-2.0020339385524055,-0.3135331959299007,-0.057999999999999996,0.7826228191338329,-7.577184451413919,116.74545759839205,-101.69914182513253,0.04378095172825633,0.08574725542108878,0.06110758792529737,-4824.745471727801,-4197.197521646939,1640.3028075088257,0.4444444444444444,0.0,0.1,0.8096753681780142,0.775198729751494,1.0,-0.05392326879025207,0.0016708678893119825
6.433333333333334,24.39505753019019,1.0695463340250648,24.418492198780733,-2.007259267139355,-0.3135116247258299,-0.057999999999999996,0.7820233509623165,-7.579122072877998,116.5904844247548,-102.07540424123974,0.04381468798794362,0.08578705306572075,0.061134799110824194,-4825.912698190816,-4198.250669407719,1639.801508427776,0.4444444444444444,0.0,0.1,0.809854316925622,0.7753527095614001,1.0,-0.05393705793365899,0.0016695880491463715
6.45,24.402492923240324,1.0706952063599686,24.42597079122376,-2.0124842360358106,-0.31349003720954394,-0.057999999999999996,0.7814254098430686,-7.581053873071272,116.4335119089857,-102.45097215279516,0.04384834456421487,0.08582675781652646,0.06116194483796212,-4827.076319091089,-4199.300578959538,1639.301564186603,0.4444444444444444,0.0,0.1,0.8100326962877015,0.7755062470306886,1.0,-0.0539508056498112,0.001668311469175248
6.466666666666667,24.40991275624183,1.071841955782764,24.43343377312149,-2.0177088449739538,-0.31346843376974315,-0.057999999999999996,0.780828990777926,-7.582979873927405,116.27454329337657,-102.8258347433239,0.04388192167191475,0.08586636991684851,0.06118902529078719,-4828.2363483026265,-4200.347262727793,1638.8029700603347,0.4444444444444444,0.0,0.1,0.8102105085152405,0.7756593436891427,1.0,-0.0539645120948003,0.0016670381387277366
6.483333333333333,24.417317066695965,1.0729865858272816,24.440881181924013,-2.022933093692414,-0.31344681479200825,-0.057999999999999996,0.7802340887900885,-7.5849000972833265,116.11358187968966,-103.1999812130778,0.04391541952530278,0.08590588960941103,0.06121604065282715,-4829.392799637434,-4201.390733082484,1638.3057213453721,0.4444444444444444,0.0,0.1,0.8103877558489352,0.7758120010608875,1.0,-0.05397817742402946,0.0016657680471785714
6.5,24.424705891994545,1.0741291000270852,24.448313054972893,-2.028156981936213,-0.313425180658822,-0.057999999999999996,0.7796406989240067,-7.586814564879677,115.9506310290564,-103.57340077936396,0.043948838338054005,0.08594531713632023,0.061242991107062585,-4830.545686845818,-4202.431002338454,1637.8098133593694,0.4444444444444444,0.0,0.1,0.8105644405192401,0.775964220664403,1.0,-0.05399180179221664,0.0016645011839478564
6.516666666666667,24.432079269420317,1.0752695019154055,24.455729429501535,-2.033380509456716,-0.313403531749591,-0.057999999999999996,0.7790488162452691,-7.588723298361247,115.78569416187442,-103.94608267687246,0.043982178323259846,0.08598465273906475,0.061269876835928015,-4831.69502361666,-4203.468082755661,1637.3152414411145,0.4444444444444444,0.0,0.1,0.8107405647464168,0.7761160040125411,1.0,-0.054005385353397654,0.0016632375385008235
6.533333333333333,24.43943723614734,1.0764077950250743,24.463130342635548,-2.0386036760115807,-0.3133818684406668,-0.057999999999999996,0.7784584358404907,-7.590626319277418,115.61877475770285,-104.3180161580035,0.04401543969342891,0.08602389665851627,0.06129669802131293,-4832.840823577711,-4204.501986539415,1636.822000950411,0.4444444444444444,0.0,0.1,0.8109161307405814,0.7762673526125402,1.0,-0.05401892826092936,0.0016619771003475955
6.55,24.446779829241393,1.0775439828884585,24.470515831393154,-2.0438264813647042,-0.31336019110536745,-0.057999999999999996,0.7778695528171997,-7.592523649082603,115.4498763551558,-104.68919049319369,0.0440486226604877,0.08606304913492996,0.06132345484456299,-4833.983100295865,-4205.532725840641,1636.3300872679583,0.4444444444444444,0.0,0.1,0.811091140701754,0.7764182679660414,1.0,-0.05403243066749274,0.001660719859042944
6.566666666666666,24.45410708566032,1.0786780690373947,24.477885932685535,-2.0490489252861748,-0.3133385001139987,-0.057999999999999996,0.777282162303728,-7.594415309136682,115.27900255179401,-105.0595949712418,0.04408172743578149,0.08610211040794502,0.06135014748648105,-4835.121867277451,-4206.560312756132,1635.8394957952378,0.4444444444444444,0.0,0.1,0.8112655968199054,0.7765687515691041,1.0,-0.054045892725096065,0.0016594658041860558
6.583333333333333,24.46141904225442,1.079810057003125,24.48524068331721,-2.054271007552222,-0.3133167958338748,-0.057999999999999996,0.7766962594491009,-7.596301320705432,115.10615700401495,-105.42921889963348,0.0441147542300751,0.08614108071658517,0.06137677612732831,-4836.257137968508,-4207.584759328792,1635.3502219543936,0.4444444444444444,0.0,0.1,0.8114395012750063,0.7767188049122221,1.0,-0.05405931458507788,0.001658214925420297
6.6,24.468715735766825,1.0809399503162334,24.492580119986393,-2.059492727945165,-0.3132950786293394,-0.057999999999999996,0.7761118394229289,-7.598181704960967,114.93134342694093,-105.79805160486553,0.04414770325355374,0.08617996029925921,0.0614033409468254,-4837.3889257550645,-4208.606077547891,1634.8622611881196,0.4444444444444444,0.0,0.1,0.8116128562370732,0.7768684294803383,1.0,-0.054072696398110194,0.0016569672124329832
6.616666666666666,24.475997202833863,1.082067752506582,24.499904279285374,-2.064714086253366,-0.31327334886178665,-0.057999999999999996,0.7755288974152977,-7.600056482982156,114.75456559430566,-106.16608243276919,0.04418057471582379,0.08621874939376159,0.0614298421241535,-4838.517243963424,-4209.624279349307,1634.3756089595438,0.4444444444444444,0.0,0.1,0.8117856638662182,0.7770176267528607,1.0,-0.05408603831420143,0.001655722654955142
6.633333333333333,24.483263479985443,1.083193467103249,24.507213197700878,-2.069935082271179,-0.31325160688968123,-0.057999999999999996,0.7749474286366611,-7.601925675755065,114.57582733833891,-106.53330074883279,0.04421336882591367,0.0862574482372729,0.06145627983795543,-4839.642105860432,-4210.639376615781,1633.890260752114,0.4444444444444444,0.0,0.1,0.811957926312693,0.7771663982036789,1.0,-0.05409934048269959,0.0016544812427612876
6.6499999999999995,24.49051460364542,1.0843170976344658,24.514506911614436,-2.0751557157989016,-0.31322985306857914,-0.057999999999999996,0.7743674283177331,-7.603789304173372,114.39513254964957,-106.89969593852358,0.044246085792274605,0.08629605706636043,0.06148265426633677,-4840.76352465376,-4211.651381177159,1633.406212069485,0.4444444444444444,0.0,0.1,0.8121296457169387,0.7773147453011796,1.0,-0.054112603052295184,0.0016532429656691886
6.666666666666667,24.497750610131956,1.0854386476275568,24.52178545730274,-2.0803759866427285,-0.3132080877511482,-0.057999999999999996,0.773788891709382,-7.605647389038806,114.21248517710688,-107.26525740760879,0.04427872582278157,0.0863345761169789,0.061508965586867026,-4841.881513492181,-4212.660304810635,1632.9234584354072,0.4444444444444444,0.0,0.1,0.8123008242096308,0.7774626695082618,1.0,-0.054125826171024356,0.0016520078135396415
6.683333333333334,24.50497153565791,1.0865581206088775,24.529048870938013,-2.085595894614702,-0.31318631128718794,-0.057999999999999996,0.7732118140825242,-7.60749995106155,114.02788922772001,-107.62997458247581,0.04431128912473402,0.08637300562447082,0.06153521397658063,-4842.996085465836,-4213.6661592409955,1632.441995393613,0.4444444444444444,0.0,0.1,0.8124714639117264,0.7776101722823536,1.0,-0.054139009986271774,0.001650775776276245
6.7,24.512177416331177,1.0876755201037551,24.53629718858836,-2.090815439532664,-0.3131645240236496,-0.057999999999999996,0.7726361907280184,-7.609347010860683,113.84134876651588,-107.99383691045172,0.044343775904856844,0.08641134582356728,0.06156139961197816,-4844.10725360651,-4214.668956140863,1631.961818507708,0.4444444444444444,0.0,0.1,0.8126415669345098,0.7777572550754268,1.0,-0.05415215464477375,0.0016495468438251744
6.716666666666667,24.51936828815508,1.0887908496364287,24.543530446218142,-2.0960346212202094,-0.31314272630465656,-0.057999999999999996,0.7720620169565623,-7.611188588964582,113.6528679164153,-108.35683386012194,0.04437618636930115,0.08644959694838844,0.06158752266902748,-4845.215030887916,-4215.668707130937,1631.4829233610587,0.4444444444444444,0.0,0.1,0.8128111353796409,0.7779039193340146,1.0,-0.05416526029262112,0.0016483210061749602
6.733333333333333,24.526544187028712,1.08990411272999,24.55074867968832,-2.1012534395066402,-0.31312091847152385,-0.057999999999999996,0.7714892880985873,-7.613024705811353,113.46245085810735,-108.71895492164798,0.04440852072364518,0.08648775923244417,0.06161358332316474,-4846.319430225943,-4216.665423780234,1631.005305556685,0.4444444444444444,0.0,0.1,0.8129801713391974,0.7780501664992254,1.0,-0.054178327075262295,0.001647098253356263
6.75,24.533705148747316,1.0910153129063256,24.557951924756807,-2.106471894226918,-0.31309910086277765,-0.057999999999999996,0.7709179995041548,-7.614855381749233,113.27010182992207,-109.08018960708449,0.044440779172895135,0.0865258329086347,0.06163958174929562,-4847.4204644789415,-4217.659117606329,1630.5289607171499,0.4444444444444444,0.0,0.1,0.813148676895724,0.7781959980067613,1.0,-0.05419135513750614,0.001645878575441653
6.766666666666667,24.540851209002625,1.0921244536860586,24.56514021707885,-2.1116899852216156,-0.3130772738141752,-0.057999999999999996,0.7703481465428557,-7.616680637037015,113.07582512770158,-109.44052745069537,0.04447296192148613,0.08656381820925128,0.06166551812179643,-4848.518146447987,-4218.649800075589,1630.0538844844525,0.4444444444444444,0.0,0.1,0.8133166541222754,0.7783414152869313,1.0,-0.054204344623525,0.0016446619625453947
6.783333333333333,24.54798240338324,1.0932315385884925,24.572313592207344,-2.1169077123368747,-0.3130554376587243,-0.057999999999999996,0.7697797246037072,-7.618500491844452,112.87962510466927,-109.79995800926915,0.04450506917328303,0.08660171536597679,0.061691392614515284,-4849.612488877146,-4219.637482603413,1629.5800725199213,0.4444444444444444,0.0,0.1,0.8134841050824633,0.7784864197646694,1.0,-0.054217295676857534,0.0016434484048232284
6.8,24.555098767374986,1.0943365711315534,24.579472085593224,-2.122125075424359,-0.3130335927267021,-0.057999999999999996,0.7692127290950503,-7.620314966252686,112.68150617129756,-110.15847086243338,0.04453710113158131,0.08663952460988637,0.061717205400773106,-4850.703504453742,-4220.622176554474,1629.1075205041052,0.4444444444444444,0.0,0.1,0.8136510318305006,0.77863101285955,1.0,-0.054230208440411806,0.0016422378924721478
6.816666666666666,24.562200336361258,1.0954395548317344,24.586615732585788,-2.127342074341207,-0.313011739345675,-0.057999999999999996,0.7686471554444504,-7.622124080254625,112.48147279517376,-110.5160556129683,0.044569057999108035,0.08667724617144817,0.0617429566533649,-4851.791205808624,-4221.603893242941,1628.6362241366696,0.4444444444444444,0.0,0.1,0.8138174364112463,0.7787751959858036,1.0,-0.054243083056467974,0.0016410304157301913
6.833333333333333,24.56928714562339,1.096540493204041,24.593744568433067,-2.1325587089499907,-0.3129898778405173,-0.057999999999999996,0.7680829990985962,-7.623927853755378,112.27952950086447,-110.87270188711949,0.04460093997802269,0.08671488028052393,0.06176864654456087,-4852.875605516423,-4222.582643932725,1628.1661791362912,0.4444444444444444,0.0,0.1,0.8139833208602508,0.7789189705523337,1.0,-0.05425591966668137,0.001639825964876225
6.85,24.576359230340998,1.0976393897619363,24.600858628282147,-2.1377749791186673,-0.3129680085334302,-0.057999999999999996,0.7675202555232011,-7.62572630657264,112.0756808697781,-111.22839933490978,0.04463274726991819,0.08675242716636979,0.06179427524610755,-4853.9567160958195,-4223.558439837706,1627.6973812405522,0.4444444444444444,0.0,0.1,0.8141486872037995,0.7790623379627315,1.0,-0.054268718412085255,0.0016386245302297312
6.866666666666666,24.58341662559233,1.0987362480172862,24.60795794717954,-2.1429908847205366,-0.3129461317439609,-0.057999999999999996,0.7669589202029039,-7.627519458437112,111.8699315400259,-111.58313763045017,0.04466448007582172,0.08678988705763688,0.06181984292922897,-4855.0345500098065,-4224.531292121969,1627.2298262058378,0.4444444444444444,0.0,0.1,0.8143135374589585,0.7792052996152941,1.0,-0.05428147943309373,0.0016374261021505966
6.883333333333333,24.590459366354644,1.0998310714803063,24.615042560071522,-2.148206425634197,-0.31292424778902095,-0.057999999999999996,0.7663989886411695,-7.6293073289929,111.6622862062813,-111.9369064722499,0.04469613859619569,0.08682726018237208,0.06184534976462777,-4856.109119665945,-4225.501211900033,1626.763509807232,0.4444444444444444,0.0,0.1,0.814477873633617,0.7793478569030388,1.0,-0.054294202869504725,0.0016362306710389026
6.8999999999999995,24.597487487504523,1.1009238636595091,24.62211250180448,-2.1534216017435006,-0.3129023569829053,-0.057999999999999996,0.7658404563601926,-7.6310899377978965,111.45274961963743,-112.28969558352568,0.044727723030938665,0.08686454676801875,0.06187079592248645,-4857.180437416626,-4226.468210237078,1626.2984278384156,0.4444444444444444,0.0,0.1,0.8146416977265325,0.7794900112137202,1.0,-0.054306888860502577,0.0016350382273347165
6.916666666666667,24.60450102381825,1.1020146280616518,24.62916780712526,-2.158636412937512,-0.3128804596373105,-0.057999999999999996,0.7652833189007988,-7.632867304324207,111.24132658746333,-112.64149471250987,0.04475923357938633,0.08690174704141743,0.06189618157246842,-4858.248515559325,-4227.432298149185,1625.8345761115638,0.4444444444444444,0.0,0.1,0.8148050117273737,0.779631763929847,1.0,-0.05431953754466113,0.0016338487615178824
6.933333333333334,24.611500009972136,1.1031033681916846,24.636208510681474,-2.1638508591104637,-0.31285855606135304,-0.057999999999999996,0.7647275718223501,-7.634639447958527,111.02802197325819,-112.99229363275784,0.04479067044031245,0.08693886122880662,0.0619215068837193,-4859.313366336866,-4228.3934866035515,1625.3719504572464,0.4444444444444444,0.0,0.1,0.814967817616765,0.7797731164286966,1.0,-0.054332149059946405,0.0016326622641078187
6.95,24.61848448054287,1.1041900875526998,24.643234647021885,-2.1690649401617117,-0.3128366465615879,-0.057999999999999996,0.7641732107026487,-7.636406388002544,110.81284069650414,-113.34208214345435,0.044822033811929826,0.0869758895558235,0.061946772024868,-4860.375001937671,-4229.351786518728,1624.9105467243269,0.4444444444444444,0.0,0.1,0.8151301173663287,0.779914070082333,1.0,-0.05434472354371946,0.0016314787256633135
6.966666666666667,24.62545447000789,1.1052747896458806,24.650246250596734,-2.1742786559956966,-0.3128147314420265,-0.057999999999999996,0.7636202311378384,-7.638168143673332,110.59578773251737,-113.69085006971909,0.0448533238918912,0.08701283224750471,0.06197197716402793,-4861.433434496018,-4230.307208764841,1624.4503607798601,0.4444444444444444,0.0,0.1,0.8152919129387294,0.7800546262576226,1.0,-0.05435726113273922,0.0016302981367823123
6.983333333333333,24.632410012745684,1.1063574779704517,24.65724335575806,-2.179492006521899,-0.3127928110041547,-0.057999999999999996,0.7630686287423148,-7.639924734103743,110.3768681122977,-114.03858726291114,0.04488454087729031,0.08704968952828712,0.061997122468798134,-4862.488676092294,-4231.259764163817,1623.9913885089973,0.4444444444444444,0.0,0.1,0.8154532062877156,0.7801947863162496,1.0,-0.05436976196316518,0.0016291204881017285
7.0,24.639351143036162,1.1074381560236302,24.664225996760052,-2.184704991654798,-0.31277088554695087,-0.057999999999999996,0.7625183991486263,-7.641676178342791,110.15608692237639,-114.38528360093254,0.04491568496466282,0.0870864616220086,0.06202220810626456,-4863.540738753246,-4232.20946348961,1623.5336258148832,0.4444444444444444,0.0,0.1,0.8156139993581635,0.7803345516147338,1.0,-0.05438222617056028,0.0016279457702972299
7.016666666666667,24.64627789506099,1.1085168273005768,24.67119420775939,-2.189917611313829,-0.3127489553669038,-0.057999999999999996,0.761969538007385,-7.643422495356055,109.93344930466247,-114.73092898853098,0.04494675634998734,0.08712314875190882,0.062047234243001195,-4864.589634452236,-4233.156317468427,1623.0770686185622,0.4444444444444444,0.0,0.1,0.8157742940861196,0.780473923504446,1.0,-0.05439465388989363,0.0016267739740830505
7.033333333333333,24.65319030290392,1.1095934952943476,24.678148022815556,-2.1951298654233447,-0.31272702075803005,-0.057999999999999996,0.7614220409871689,-7.645163704026053,109.70896045628746,-115.07551335760141,0.044977755228686425,0.08715975114063007,0.0620722010450713,-4865.63537510949,-4234.100336778945,1622.6217128588778,0.4444444444444444,0.0,0.1,0.8159340923988422,0.780612903331625,1.0,-0.05440704525554327,0.001625605090211781
7.05,24.66008840055114,1.1106681634958466,24.68508747589119,-2.200341753912571,-0.31270508201189184,-0.057999999999999996,0.7608759037744335,-7.646899823152632,109.4826256294484,-115.41902666748663,0.04500868179562755,0.0871962690102181,0.06209710867802854,-4866.677972592345,-4235.041532052541,1622.1675544923778,0.4444444444444444,0.0,0.1,0.8160933962148444,0.7807514924373942,1.0,-0.05441940040129889,0.001624439109474179
7.066666666666666,24.66697222189161,1.1117408353937792,24.69201260085241,-2.2055532767155688,-0.3126831394176144,-0.057999999999999996,0.760331122073417,-7.6486308714533555,109.25445013124944,-115.76145890527714,0.04503953624512414,0.08723270258212283,0.06212195730691823,-4867.7174387155055,-4235.979913873502,1621.714589493217,0.4444444444444444,0.0,0.1,0.8162522074439368,0.7808896921577765,1.0,-0.05443171946036461,0.0016232760226989676
7.083333333333333,24.673841800717387,1.112811514474605,24.69892343146915,-2.2107644337711916,-0.3126611932619033,-0.057999999999999996,0.7597876916060501,-7.650356867563876,109.02443932354166,-116.1028000861097,0.04507031877093658,0.08726905207719932,0.06214674709627856,-4868.753785241278,-4236.915492779254,1621.262813853063,0.4444444444444444,0.0,0.1,0.8164105279872671,0.7810275038237124,1.0,-0.05444400256536163,0.0016221158207526429
7.1,24.680697170723978,1.1138802042224925,24.705820001415482,-2.2159752250230476,-0.312639243829062,-0.057999999999999996,0.7592456081118649,-7.6520778300383325,108.79259862276153,-116.4430402534651,0.04510102956627324,0.08730531771570854,0.062171478210141774,-4869.78702387983,-4237.848279260582,1620.8122235810006,0.4444444444444444,0.0,0.1,0.816568359737364,0.7811649287610765,1.0,-0.05445624984833107,0.0016209584945392796
7.116666666666666,24.687538365510637,1.1149469081192742,24.71270234426993,-2.2211856504194576,-0.31261729140100863,-0.057999999999999996,0.7587048673479058,-7.6537937773497156,108.5589334997677,-116.78216947946487,0.04513166882379154,0.08734149971731825,0.06219615081203543,-4870.817166289427,-4238.778283761842,1620.362814703438,0.4444444444444444,0.0,0.1,0.8167257045781777,0.7813019682906926,1.0,-0.05446846144073652,0.001619804035000339
7.133333333333333,24.694365418580748,1.116011629644402,24.71957049351583,-2.226395709913416,-0.31259533625729313,-0.057999999999999996,0.7581654650886374,-7.655504727890247,108.32344947967613,-117.12017786516691,0.04516223673559896,0.08737759830110385,0.06222076506498356,-4871.844224076685,-4239.705516681182,1619.9145832640133,0.4444444444444444,0.0,0.1,0.816882564385122,0.7814386237283516,1.0,-0.05448063747346683,0.001618652433114476
7.1499999999999995,24.701178363342112,1.1170743722749026,24.726424482541624,-2.2316054034625523,-0.31257337867511437,-0.057999999999999996,0.757627397125856,-7.657210699971772,108.08615214169379,-117.45705554086015,0.04519273349325406,0.0874136136855493,0.062245321131507915,-4872.868208796806,-4240.629988370762,1619.4675253235005,0.4444444444444444,0.0,0.1,0.817038941025114,0.7815748963848275,1.0,-0.05449277807683877,0.0016175036798973467
7.166666666666667,24.7079772331073,1.1181351394853336,24.733264344641217,-2.2368147310290913,-0.3125514189293367,-0.057999999999999996,0.7570906592686031,-7.658911711826098,107.84704711895087,-117.79279266635822,0.045223159287767586,0.08744954608854788,0.06226981917362919,-4873.889131953822,-4241.551709136958,1619.0216369597183,0.4444444444444444,0.0,0.1,0.8171948363566162,0.7817107875658934,1.0,-0.054504883380599604,0.0016163577664014247
7.183333333333334,24.714762061093975,1.1191939347477426,24.740090113014265,-2.242023692579816,-0.31252945729250686,-0.057999999999999996,0.7565552473430734,-7.660607781605423,107.60614009833127,-118.12737943129203,0.04525351430960351,0.08748539572740327,0.062294259352868316,-4874.9070050008395,-4242.470689240596,1618.5769142674376,0.4444444444444444,0.0,0.1,0.8173502522296774,0.7818462985723396,1.0,-0.054516953513929996,0.0016152146837158058
7.2,24.721532880425208,1.1202507615316228,24.74690182076651,-2.247232288086026,-0.31250749403487055,-0.057999999999999996,0.7560211571925304,-7.662298927382644,107.36343682030166,-118.46080605540129,0.04528379874868009,0.08752116281883027,0.062318641830247594,-4875.92183934028,-4243.386938897145,1618.1333533582904,0.4444444444444444,0.0,0.1,0.8175051904859725,0.7819814306999882,1.0,-0.05452898860544629,0.0016140744229660262
7.216666666666667,24.728289724129823,1.121305623303872,24.753699500910113,-2.2524405175235027,-0.3124855294243889,-0.057999999999999996,0.7554883846772185,-7.6639851671517825,107.11894307873902,-118.79306278882505,0.04531401279437096,0.08755684757895588,0.06234296676629199,-4876.9336463241125,-4244.300468276947,1617.6909503606796,0.4444444444444444,0.0,0.1,0.8176596529588431,0.7821161852397113,1.0,-0.054540988783203494,0.0016129369753138762
7.233333333333333,24.7350326251427,1.1223585235287517,24.760483186363942,-2.2576483808724688,-0.3124635637267548,-0.057999999999999996,0.754956925674275,-7.665666518828315,106.87266472075663,-119.1241399123911,0.045344156635506214,0.08759245022332006,0.0623672343210304,-4877.9424372541,-4245.21128750542,1617.2497014196888,0.4444444444444444,0.0,0.1,0.8178136414733383,0.7822505634774469,1.0,-0.05455295417469765,0.0016118023319572118
7.25,24.741761616305112,1.1234094656678453,24.767252909953925,-2.2628558781175525,-0.3124415972054093,-0.057999999999999996,0.7544267760776465,-7.667343000249566,106.6246076465285,-119.45402773790437,0.04537423046037346,0.08762797096687683,0.06239144465399689,-4878.948223382035,-4246.119406663276,1616.8096026969931,0.4444444444444444,0.0,0.1,0.817967157846255,0.7823845666942162,1.0,-0.05456488490686864,0.0016106704841297762
7.266666666666667,24.748476730365052,1.1244584531800192,24.77400870441335,-2.2680630092477494,-0.31241963012155755,-0.057999999999999996,0.7538979317979998,-7.66901462917506,106.37477780911242,-119.7827166084342,0.045404234456718956,0.08766341002399505,0.062415597924231826,-4879.951015909972,-4247.024835786723,1616.3706503707676,0.4444444444444444,0.0,0.1,0.818120203886176,0.7825181961661388,1.0,-0.054576781106102666,0.001609541423101009
7.283333333333333,24.755177999977537,1.1255054895213823,24.780750602383186,-2.2732697742563843,-0.31239766273418523,-0.057999999999999996,0.7533703887626406,-7.670681423286883,106.12318121427134,-120.1101968986006,0.04543416881174865,0.0876987676084595,0.062439694290283315,-4880.950825990464,-4247.92758486768,1615.9328406356035,0.4444444444444444,0.0,0.1,0.818272781393512,0.7826514531644502,1.0,-0.05458864289823483,0.0016084151401758735
7.3,24.761865457704932,1.1265505781452472,24.787478636412377,-2.278476173141077,-0.3123756953000742,-0.057999999999999996,0.7528441429154273,-7.67234340019005,105.86982392029343,-120.43645901485931,0.045464033712129384,0.08773404393347174,0.06246373391020833,-4881.947664726799,-4248.827663853986,1615.496169702417,0.4444444444444444,0.0,0.1,0.8184248921605393,0.7827843389555189,1.0,-0.05460047040855181,0.0016072916266946726
7.316666666666666,24.768539136017278,1.127593722502092,24.794192838958192,-2.2836822059037027,-0.3123537280738186,-0.057999999999999996,0.7523191902166857,-7.674000577412879,105.61471203781048,-120.76149339578586,0.045493829343989926,0.08776923921165115,0.06248771694157405,-4882.941543173235,-4249.72508264961,1615.0606337983627,0.4444444444444444,0.0,0.1,0.8185765379714408,0.7829168548008621,1.0,-0.054612263761794386,0.0016061708740328655
7.333333333333333,24.775199067292604,1.128634926039521,24.800893242386504,-2.288887872550358,-0.31233176130784046,-0.057999999999999996,0.7517955266431277,-7.675652972407333,105.35785172961498,-121.08529051235857,0.04552355589292206,0.08780435365503586,0.06251164354145901,-4883.9324723352265,-4250.619851114852,1614.6262291667479,0.4444444444444444,0.0,0.1,0.818727720602344,0.7830490019571635,1.0,-0.05462402308216,0.0016050528736008965
7.35,24.781845283817223,1.129674192202229,24.807579878972106,-2.294093173091324,-0.31230979525240543,-0.057999999999999996,0.751273148187767,-7.677300602549377,105.09924921047558,-121.40784086824027,0.04555321354398186,0.08783938747508377,0.06253551386645453,-4884.920463169658,-4251.511979066557,1614.1929520669457,0.4444444444444444,0.0,0.1,0.8188784418213602,0.7831807816762889,1.0,-0.054635748493305276,0.0016039376168440124
7.366666666666666,24.788477817786085,1.1307115244319634,24.814252780899047,-2.2992981075410306,-0.31228783015563805,-0.057999999999999996,0.7507520508598379,-7.678943485139351,104.83891074695117,-121.72913500005906,0.045582802481690665,0.08787434088267351,0.06255932807266586,-4885.905526585079,-4252.401476278311,1613.7607987743102,0.4444444444444444,0.0,0.1,0.8190287033886239,0.7833121952053032,1.0,-0.0546474401183486,0.0016028250952420911
7.383333333333333,24.79509670130305,1.1317469261674868,24.820911980260895,-2.3045026759180205,-0.31226586626353764,-0.057999999999999996,0.7502322306847102,-7.680581637402316,104.5768426572035,-122.04916347768781,0.04561232289003628,0.08790921408810551,0.0625830863157135,-4886.887673441928,-4253.288352480656,1613.3297655800898,0.4444444444444444,0.0,0.1,0.8191785070563314,0.7834432437864868,1.0,-0.054659098079872646,0.0016017153003094586
7.3999999999999995,24.801701966381227,1.1327804008445426,24.827557509061094,-2.3097068782449153,-0.31224390381999334,-0.057999999999999996,0.7497136837038112,-7.682215076488407,104.3130513108083,-122.36791690452276,0.0456417749524741,0.0879440073011029,0.06260678875073442,-4887.866914552759,-4254.17261736129,1612.8998487913445,0.4444444444444444,0.0,0.1,0.8193278545687782,0.7835739286573539,1.0,-0.054670722499926896,0.001600608223594723
7.416666666666667,24.808293644943276,1.1338119518958185,24.83418939921323,-2.3149107145483785,-0.3122219430667994,-0.057999999999999996,0.7491964059745422,-7.683843819473181,104.04754312856497,-122.68538591776067,0.045671158851928316,0.08797872073081262,0.06263043553238345,-4888.843260682479,-4255.054280565259,1612.471044730861,0.4444444444444444,0.0,0.1,0.8194767476623991,0.7837042510506658,1.0,-0.05468231350003009,0.0015995038566805962
7.433333333333334,24.814871768821728,1.1348415827509122,24.840807682541367,-2.3201141848590825,-0.31219998424367035,-0.057999999999999996,0.7486803935701989,-7.685467883357988,103.78032458230484,-123.00156118867505,0.04570047477079295,0.0880133545858064,0.06265402681483445,-4889.816722548564,-4255.933351695183,1612.0433497370693,0.4444444444444444,0.0,0.1,0.8196251880658053,0.7838342121944514,1.0,-0.05469387120117284,0.001598402191183725
7.45,24.821436369759258,1.1358692968362956,24.847412390780313,-2.3253172892116734,-0.31217802758825597,-0.057999999999999996,0.7481656425798915,-7.6870872850702865,103.51140219469804,-123.3164334228912,0.045729722890933126,0.08804790907408185,0.06267756275178163,-4890.787310821287,-4256.809840311431,1611.6167601639606,0.4444444444444444,0.0,0.1,0.8197731774998219,0.7839638133120207,1.0,-0.05470539572381995,0.0015973032187545184
7.466666666666667,24.827987479409032,1.1368950975752825,24.854003555575957,-2.330520027644736,-0.3121560733361563,-0.057999999999999996,0.747652149108464,-7.688702041464029,103.24078253905881,-123.62999336066,0.04575890339368619,0.08808238440306339,0.06270104349644084,-4891.755036123948,-4257.683755932341,1611.1912723810037,0.4444444444444444,0.0,0.1,0.8199207176775278,0.7840930556219841,1.0,-0.0547168871879131,0.0015962069310769763
7.483333333333333,24.834525129335002,1.137918988387994,24.860581208485566,-2.335722400200762,-0.3121341217209365,-0.057999999999999996,0.7471399092764166,-7.690312169319978,102.96847223914955,-123.94223177713066,0.04578801645986284,0.08811678077960344,0.0627244692015509,-4892.719909033091,-4258.555108034409,1610.766882773064,0.4444444444444444,0.0,0.1,0.8200678103042907,0.7842219403382663,1.0,-0.0547283457128731,0.0015951133198685251
7.5,24.8410493510122,1.138940972691325,24.867145380978062,-2.3409244069261135,-0.31211217297414134,-0.057999999999999996,0.7466289192198245,-7.691917685346073,102.6944779689833,-124.25313948262216,0.04581706226974835,0.08815109840998336,0.06274784001937478,-4893.68194007873,-4259.423906052492,1610.3435877403217,0.4444444444444444,0.0,0.1,0.8202144570778064,0.7843504686701258,1.0,-0.054739771417602515,0.001594022376879842
7.516666666666667,24.84756017582704,1.1399610538989131,24.873696104434345,-2.346126047870992,-0.3120902273253102,-0.057999999999999996,0.7461191750902626,-7.693518606177757,102.41880645262506,-124.5627073228937,0.04584604100310373,0.08818533749991456,0.06277115610170099,-4894.641139744566,-4260.290159380005,1609.9213836981914,0.4444444444444444,0.0,0.1,0.8203606596881355,0.7844786418221692,1.0,-0.054751164420488,0.0015929340938946961
7.533333333333333,24.85405763507765,1.140979235421105,24.880233410147575,-2.351327323089402,-0.3120682850019913,-0.057999999999999996,0.7456106730547256,-7.6951149483783325,102.14146446399135,-124.87092617941369,0.0458749528391669,0.08821949825453958,0.06279441759984482,-4895.597518468217,-4261.153877369115,1609.5002670772417,0.4444444444444444,0.0,0.1,0.820506419817741,0.784606460994369,1.0,-0.05476252483940281,0.001591848462729777
7.55,24.860541759974126,1.1419955206649255,24.886757329323483,-2.3565282326391213,-0.3120463462297561,-0.057999999999999996,0.745103409295552,-7.696706728439289,101.86245882664876,-125.17778696962783,0.04590379795665386,0.08825358087843316,0.06281762466464967,-4896.551086641425,-4262.015069330945,1609.0802343231146,0.4444444444444444,0.0,0.1,0.8206517391415245,0.7847339273820801,1.0,-0.05477385279170914,0.0015907654752345326
7.566666666666666,24.867012581638875,1.1430099130340468,24.893267893080655,-2.361728776581666,-0.31202441123221386,-0.057999999999999996,0.7445973800103456,-7.698293962780654,101.58179641361079,-125.48328064722587,0.04593257653375997,0.0882875855756033,0.06284077744648832,-4897.501854610288,-4262.873744535758,1608.6612818964472,0.4444444444444444,0.0,0.1,0.8207966193268638,0.7848610421760561,1.0,-0.05478514839426064,0.0015896851232910015
7.583333333333333,24.87347013110689,1.1440224159287564,24.89976513245083,-2.36692895498226,-0.3120024802310259,-0.057999999999999996,0.7440925814119007,-7.699876667751328,101.29948414713358,-125.78739820240709,0.045961288748160994,0.0883215125494924,0.06286387609526423,-4898.449832675468,-4263.729912213163,1608.2434062727925,0.4444444444444444,0.0,0.1,0.820941062033649,0.7849878065624659,1.0,-0.05479641176340475,0.001588607398813654
7.6,24.87991443932606,1.1450330327459282,24.9062490783792,-2.3721287679098007,-0.31198055344591935,-0.057999999999999996,0.7435890097281257,-7.7014548596294095,101.0155289985101,-126.09013066214467,0.04598993477701441,0.08835536200297833,0.06288692076041288,-4899.395031092411,-4264.5835815523,1607.8266039425412,0.4444444444444444,0.0,0.1,0.8210850689143194,0.7851142217229108,1.0,-0.05480764301498508,0.0015875322937492279
7.616666666666666,24.88634553715746,1.1460417668789913,24.912719761724695,-2.3773282154368265,-0.31195863109470157,-0.057999999999999996,0.7430866612019662,-7.703028554622547,100.72993798786302,-126.39146909044882,0.04601851479696056,0.0883891341383755,0.06290991159090299,-4900.3374600715615,-4265.4347617020385,1607.4108714108424,0.4444444444444444,0.0,0.1,0.8212286416138996,0.7852402888344407,1.0,-0.05481884226434386,0.0015864598000765642
7.633333333333333,24.892763455375636,1.1470486217179017,24.919177213260266,-2.382527297639487,-0.311936713393274,-0.057999999999999996,0.7425855320913324,-7.704597768868265,100.44271818393626,-126.69140458862869,0.04604702898412392,0.08842282915743599,0.06293284873523787,-4901.277129778583,-4266.283461771166,1606.9962051975292,0.4444444444444444,0.0,0.1,0.8213717817700358,0.7853660090695704,1.0,-0.05483000962632427,0.001585389909806454
7.6499999999999995,24.89916822466892,1.1480536006491124,24.925621463673192,-2.387726014597511,-0.3119148005556459,-0.057999999999999996,0.742085618669023,-7.706162518434282,100.15387670388517,-126.989928295553,0.0460754775141142,0.08845644726135071,0.06295573234145677,-4902.214050334563,-4267.129690828581,1606.5826018370396,0.4444444444444444,0.0,0.1,0.8215144910130312,0.7854913835962969,1.0,-0.05484114521527276,0.001584322614981474
7.666666666666667,24.905559875639717,1.1490567070555455,24.93205254356537,-2.392924366394174,-0.3118928927939482,-0.057999999999999996,0.7415869172226502,-7.707722819318871,99.8634207130654,-127.28703138790947,0.04610386056202764,0.08848998865075047,0.06297856255713606,-4903.148231816232,-4267.973457903482,1606.1700578783402,0.4444444444444444,0.0,0.1,0.821656770965883,0.7856164135781145,1.0,-0.054852249145041505,0.001583257907675827
7.683333333333334,24.911938438804786,1.1500579443165637,24.93847048345357,-2.3981223531162676,-0.31187099031844706,-0.057999999999999996,0.7410894240545675,-7.709278687451156,99.57135742482032,-127.58270508046301,0.046132178302448236,0.0885234535257071,0.06300133952939066,-4904.079684256173,-4268.814771985558,1605.7585698848507,0.4444444444444444,0.0,0.1,0.8217986232443166,0.785741100174033,1.0,-0.05486332152899063,0.0015821957799951884
7.7,24.918303944595543,1.1510573158079425,24.944875313769774,-2.4033199748540683,-0.3118490933375576,-0.057999999999999996,0.7405931354817954,-7.710830138691469,99.27769410026731,-127.87694062631276,0.04616043090944887,0.08855684208573465,0.06302406340487529,-4905.008417643038,-4269.653642025175,1605.348134434369,0.4444444444444444,0.0,0.1,0.8219400494568229,0.7858654445385932,1.0,-0.054874362479990675,0.0015811362240765467
7.716666666666667,24.924656423358343,1.1520548249018427,24.951267064861415,-2.408517231701307,-0.31182720205785713,-0.057999999999999996,0.7400980478359498,-7.712377188831652,98.9824380480826,-128.1697293171475,0.046188618556592634,0.08859015452979044,0.06304673432978578,-4905.934441921747,-4270.49007693357,1604.9387481189958,0.4444444444444444,0.0,0.1,0.8220810512046914,0.7859894478218837,1.0,-0.054885372110424775,0.0015800792320880507
7.733333333333333,24.930995905354777,1.1530504749667845,24.957645766991682,-2.413714123755139,-0.3118053166840988,-0.057999999999999996,0.7396041574631671,-7.713919853595391,98.68559662428474,-128.46106248350034,0.046216741416933986,0.08862339105627626,0.06306935244986035,-4906.857766993707,-4271.324085583029,1604.5304075450595,0.4444444444444444,0.0,0.1,0.8222216300820473,0.7861131111695573,1.0,-0.05489635053219103,0.001579024796228851
7.75,24.937322420761955,1.1540442693676194,24.96401145033981,-2.418910651116113,-0.31178343741922454,-0.057999999999999996,0.7391114607240341,-7.715458148638546,98.38717723201702,-128.75093149500174,0.04624479966301999,0.0886565518630395,0.06309191791038095,-4907.778402717019,-4272.155676807079,1604.1231093330423,0.4444444444444444,0.0,0.1,0.8223617876758859,0.7862364357228467,1.0,-0.05490729785670486,0.0015779729087289475
7.766666666666667,24.94363599967279,1.1550362114655057,24.970364145001348,-2.4241068138881405,-0.31176156446437864,-0.057999999999999996,0.7386199539935165,-7.7169920895494695,98.08718732132824,-129.0393277606313,0.04627279346689158,0.0886896371473743,0.0631144308561746,-4908.69635890668,-4272.984859400672,1603.7168501175074,0.4444444444444444,0.0,0.1,0.8225015255661065,0.7863594226185824,1.0,-0.054918214194901255,0.00157692356184904
7.783333333333333,24.949936672096282,1.1560263046178814,24.97670388098845,-2.4293026121784687,-0.31173969801892054,-0.057999999999999996,0.7381296336608855,-7.718521691849308,97.78563438895254,-129.32624272896854,0.04630072300008477,0.08872264710602273,0.06313689143161462,-4909.611645334793,-4273.81164212037,1603.3116265470255,0.4444444444444444,0.0,0.1,0.8226408453255486,0.7864820729892077,1.0,-0.05492909965723694,0.0015758767478803689
7.8,24.956224467957814,1.1570145521784394,24.98303068823014,-2.4344980460976475,-0.3117178382804379,-0.057999999999999996,0.7376404961296501,-7.720046970992346,97.48252597808774,-129.61166788844204,0.04632858843363186,0.08875558193517592,0.063159299780622,-4910.524271730774,-4274.636033684526,1602.907435284102,0.4444444444444444,0.0,0.1,0.8227797485200256,0.7866043879627954,1.0,-0.0549399543536928,0.0015748324591445726
7.816666666666666,24.96249941709942,1.1580009574971026,24.989344596572618,-2.439693115759501,-0.31169598544475974,-0.057999999999999996,0.7371525378174845,-7.721567942366327,97.1778696781724,-129.89559476757756,0.04635638993806272,0.08878844183047524,0.06318165604666667,-4911.434247781552,-4275.458042773472,1602.5042730051043,0.4444444444444444,0.0,0.1,0.8229182367083587,0.7867263686630652,1.0,-0.05495077839377621,0.0015737906879935313
7.833333333333333,24.968761549280075,1.1589855239199998,24.99564563577951,-2.4448878212811014,-0.3116741397059689,-0.057999999999999996,0.7366657551561584,-7.723084621292729,96.87167312466181,-130.1780149352446,0.04638412768340604,0.08882122698701349,0.06320396037276887,-4912.341583131777,-4276.277678029694,1602.102136400191,0.4444444444444444,0.0,0.1,0.8230563114424125,0.7868480162093985,1.0,-0.054961571886522925,0.001572751426809218
7.85,24.975010894175977,1.15996825478944,25.001933835532164,-2.4500821627827354,-0.311652301256415,-0.057999999999999996,0.7361801445914682,-7.724597023027136,96.56394399880247,-130.45892000090194,0.046411801839190484,0.08885393759933603,0.06322621290150035,-4913.246287384019,-4277.0949480580175,1601.7010221732398,0.4444444444444444,0.0,0.1,0.8231939742671275,0.7869693317168548,1.0,-0.054972334940499794,0.0015717146680035525
7.866666666666666,24.98124748138082,1.160949153443891,25.00820922542991,-2.4552761403878782,-0.3116304702867272,-0.057999999999999996,0.7356957025831674,-7.726105162759497,96.25469002740552,-130.7383016148417,0.046439412574446066,0.08888657386144203,0.06324841377498577,-4914.148370098971,-4277.909861425791,1601.300927041777,0.4444444444444444,0.0,0.1,0.8233312267205546,0.7870903162961899,1.0,-0.05498306766380657,0.0015706804040182534
7.883333333333333,24.98747134040608,1.161928223217953,25.014471834990356,-2.460469754223165,-0.31160864698582635,-0.057999999999999996,0.7352124256048977,-7.7276090556144785,95.94391898261877,-131.01615146843204,0.046466960057705294,0.08891913596678558,0.063270563134904,-4915.0478407956525,-4278.722426663058,1600.9018477369063,0.4444444444444444,0.0,0.1,0.8234680703338895,0.7872109710538692,1.0,-0.05499377016407839,0.0015696486273246884
7.8999999999999995,24.9936825006813,1.1629054674423382,25.020721693649644,-2.4656630044183605,-0.311586831540938,-0.057999999999999996,0.7347303101441206,-7.729108716651755,95.63163868169768,-131.2924612943587,0.046494444457004444,0.08895162410827695,0.06329266112248942,-4915.944708951605,-4279.532652262741,1600.5037810032402,0.4444444444444444,0.0,0.1,0.823604506631505,0.7873312970920867,1.0,-0.05500444254848791,0.0015686193304237305
7.916666666666667,24.999880991554342,1.1638808894438464,25.026958830762734,-2.4708558911063343,-0.3115650241376043,-0.057999999999999996,0.7342493527020497,-7.730604160866321,95.31785698677496,-131.56722286686514,0.046521865939884825,0.08898403847828368,0.06331470787853315,-4916.838984003091,-4280.340546680816,1600.1067235988285,0.4444444444444444,0.0,0.1,0.8237405371309849,0.7874512955087785,1.0,-0.05501508492374747,0.0015675925058456133
7.933333333333334,25.00606684229168,1.1648544925453428,25.033183275603655,-2.476048414423029,-0.31154322495969655,-0.057999999999999996,0.7337695497935834,-7.732095403188797,95.00258180462895,-131.84042800199126,0.04654922467339404,0.0890163792686319,0.0633367035433845,-4917.730675345298,-4281.146118336494,1599.710672295091,0.4444444444444444,0.0,0.1,0.8238761633431582,0.7875709673976413,1.0,-0.055025697396111295,0.0015665681461497869
7.95,25.012240082078687,1.1658262800657373,25.039395057365816,-2.481240574507435,-0.31152143418942746,-0.057999999999999996,0.7332908979472366,-7.733582458485744,94.68582108645091,-132.11206855781086,0.046576520824087204,0.08904864667060747,0.06335864825695216,-4918.619792332526,-4281.949375612391,1599.315623876747,0.4444444444444444,0.0,0.1,0.8240113867721301,0.7876903138481475,1.0,-0.055036280071377744,0.0015655462439247713
7.966666666666667,25.01840074001987,1.1667962553199607,25.04559420516222,-2.486432371501563,-0.3114996520073631,-0.057999999999999996,0.7328133937050754,-7.735065341559955,94.36758282761105,-132.38213643466773,0.04660375455802824,0.08908084087495713,0.06338054215870557,-4919.506344278392,-4282.750326854708,1598.9215751417487,0.4444444444444444,0.0,0.1,0.8241462089153169,0.7878093359455602,1.0,-0.05504683305489133,0.0015645267917880185
7.983333333333333,25.02454884513919,1.1677644216189453,25.051780748025802,-2.4916238055504154,-0.311477878592435,-0.057999999999999996,0.7323370336226491,-7.736544067150769,94.04787506742329,-132.65062357541058,0.04663092604079109,0.08911296207188982,0.06340238538767619,-4920.390340456024,-4283.548980373406,1598.5285229012118,0.4444444444444444,0.0,0.1,0.8242806312634781,0.7879280347709517,1.0,-0.05505735645154503,0.0015635097823857667
