t,vx,vy,speed,yaw,yaw_rate,steering_angle,ax,ay,pos_x,pos_y,sideslip,alpha_f,alpha_r,fy_f,fy_r,f_long,throttle,brake,steer_cmd,util_f,util_r,mu_surface,roll,pitch
0.0,19.801029354191222,-0.0124359947160671,19.801033259390962,-6.941459222575719e-05,-0.009286485718504104,-0.075,1.2901728497645402,-1.578535435301639,50.32331566504996,-0.00010328061958896081,-0.0006280478079455702,0.07435895524272047,-2.7562768628214067e-06,-1794.554309144958,0.0895298912896325,2020.6456281723513,0.4444444444444444,0.0,0.25,0.3072177194142838,0.34071011017673103,1.0,-0.011233696515969635,0.0027544665624745406
0.016666666666666666,19.81845759893737,-0.05320413560631012,19.8185290140546,-0.0005460164448582191,-0.0431952245798658,-0.145,0.8794568364549576,-3.77240543655391,50.65352364650397,-0.0008103251416025315,-0.0026845685406244805,0.1408771089583084,0.0001501944506466746,-4318.620656993004,-3.0898912054744683,2018.694766875866,0.4444444444444444,0.0,0.25,0.7299106944924494,0.3447606984595147,1.0,-0.026846440606727737,0.0018776045780198537
0.03333333333333333,19.83188690581844,-0.10148557696551669,19.83214656983719,-0.0017668999124102766,-0.09213910149540128,-0.145,0.7703688158145521,-4.561398759401472,50.983970781501405,-0.0026189197771969187,-0.005117248379054116,0.13546306690321694,0.0008661502269899152,-5202.943536624227,-25.797533802871584,2017.2842860141288,0.4444444444444444,0.0,0.25,0.8732216088620344,0.3470182587588654,1.0,-0.03246133612556181,0.0016447060905998402
0.05,19.8446381916453,-0.13907777079123765,19.845125537109496,-0.0038477869593910984,-0.14463008322285362,-0.145,0.7407249220863521,-4.810023178909723,51.314627402785966,-0.005711530631477267,-0.007008215141143043,0.13013298680255977,0.0023527873343534116,-5432.855757453229,-88.8694813116928,2015.9798633628047,0.4444444444444444,0.0,0.25,0.9105366772838188,0.3475998013568733,1.0,-0.03423067953892719,0.001581417583117469
0.06666666666666667,19.857333116741646,-0.162062916824198,19.857994432929374,-0.006806898688660616,-0.19718910467977624,-0.145,0.7316148842898148,-4.956229156012945,51.645483565400724,-0.010150982848218356,-0.008161182460608422,0.12548336743979324,0.004595063653933468,-5498.045341351295,-204.90653267063706,2014.6919834329321,0.4444444444444444,0.0,0.25,0.9210663599187852,0.3489852093402748,1.0,-0.03527115892182083,0.0015619680229302267
0.08333333333333333,19.870147274942394,-0.1702032257511037,19.870876222903625,-0.01062811460268076,-0.2482689918855229,-0.145,0.7300018627968279,-5.096906812246883,51.97653277044372,-0.015978122907002432,-0.00856556626546912,0.1216654053500988,0.007506890721918644,-5506.107804961799,-377.39471350074706,2013.39617847787,0.4444444444444444,0.0,0.25,0.9223230684438408,0.35305050535259574,1.0,-0.03627229583732377,0.0015585242876448376
0.1,19.883106762148323,-0.1644162666616208,19.883786541394254,-0.015276105388967266,-0.29688963708570165,-0.145,0.7316121842147079,-5.25966802246445,52.30776878072599,-0.02323429358595932,-0.008268955211908468,0.11870879875776469,0.010977107504331476,-5491.438540606758,-603.1285655279696,2012.0871114548718,0.4444444444444444,0.0,0.25,0.9198990747401786,0.3620124856740724,1.0,-0.03743059105152446,0.0015619622583796864
0.11666666666666667,19.896163331920615,-0.14610178171796911,19.89669975300134,-0.020702373987832135,-0.34236009037296383,-0.145,0.7344875572886056,-5.451558711543757,52.63918444618908,-0.03196759920264718,-0.007343081844159751,0.11659285003742334,0.014887220512039624,-5469.034498652041,-874.332912516162,2010.7682114197607,0.4444444444444444,0.0,0.25,0.9162316735969627,0.37784841055974755,1.0,-0.03879618710793817,0.0015681010629500476
0.13333333333333333,19.909225618974443,-0.11686575888789012,19.909568612926517,-0.026849246889025,-0.3842096216799859,-0.145,0.7375167842667095,-5.671205158931062,52.97077106718568,-0.0422342501985357,-0.005869862490234733,0.11526939436684938,0.019121684006896515,-5446.874167601542,-1180.3311040660683,2009.4478667413769,0.4444444444444444,0.0,0.25,0.9126165456681941,0.40155591847269023,1.0,-0.04035930788152307,0.0015745683393485984
0.15,19.922178669167767,-0.07836248719045344,19.92233278523481,-0.03365326100530965,-0.42216237788676725,-0.145,0.7400257521694633,-5.913068385264861,53.30251798044547,-0.05409784875605183,-0.00393340931017005,0.11467379134450478,0.023574810505904754,-5429.466326921277,-1509.0052850187126,2008.1372343219016,0.4444444444444444,0.0,0.25,0.9097848817673537,0.43277950790557207,1.0,-0.042080535053397095,0.0015799248837803917
0.16666666666666666,19.934898513091305,-0.032189554918837314,19.934924501855928,-0.04104819781255464,-0.45611648881600986,-0.145,0.7416318258890194,-6.169638980289107,53.634412296524474,-0.06762766141803044,-0.0016147324211908591,0.11473212647617226,0.02815520460852358,-5419.14883417554,-1848.1466061098924,2006.8486515099535,0.4444444444444444,0.0,0.25,0.9081146588452181,0.4700127631914344,1.0,-0.043906427671939016,0.0015833537858520744
0.18333333333333332,19.94726313043606,0.020180994581452588,19.947273339165836,-0.048967720092704815,-0.4861180391095676,-0.145,0.7421671252974151,-6.4329319399818505,53.96643877174154,-0.0828964441913109,0.0010117171244959182,0.11536667246090007,0.03278794517439412,-5416.757222013976,-2186.619592150806,2005.5944408475596,0.4444444444444444,0.0,0.25,0.9077394513902719,0.5111560283766566,1.0,-0.04578016020770216,0.0015844966283181886
0.2,19.959160114290583,0.07744163888728192,19.959310350694025,-0.05734751543842106,-0.5123295890306325,-0.145,0.741619799735151,-6.695551749696148,54.29857980249483,-0.09997820955215402,0.0038799854219264155,0.11650010920034007,0.03741477487338103,-5422.094709693533,-2515.2007146731403,2004.386063029236,0.4444444444444444,0.0,0.25,0.9086249856822805,0.554070360261841,1.0,-0.04764910225070949,0.0015833281105026734
0.21666666666666667,19.970491358782105,0.1384640344146049,19.970971368464205,-0.06612688580667275,-0.5349963672056748,-0.145,0.7400826212382272,-6.951352791764702,54.63081552262327,-0.11894620640928814,0.006933320428703593,0.1180586231804503,0.04199275807465726,-5434.3098934533455,-2827.002363480538,2003.2335857486075,0.4444444444444444,0.0,0.25,0.91063070584255,0.5969310645351832,1.0,-0.04946951832171002,0.0015800462969293183
0.23333333333333334,19.981175280851556,0.2022958286890075,19.98219930854505,-0.0752497850503227,-0.5544140228152072,-0.145,0.7377090727818796,-7.195723859341985,54.96312397778338,-0.13987127261964966,0.010123974909902078,0.11997396936076725,0.046491999510567004,-5452.199766853738,-3117.498333856933,2002.1454181201188,0.4444444444444444,0.0,0.25,0.9135591861889821,0.6383706203500323,1.0,-0.051208592623784285,0.0015749788675080466
0.25,19.99114719671556,0.2681462208127354,19.992945471752893,-0.0846653643565329,-0.570901035056693,-0.145,0.7346786938375589,-7.425578347887943,55.29548134871361,-0.1628206198559591,0.013412443954003303,0.12218462808015428,0.05089299911689614,-5474.438428979728,-3384.2547188601598,2001.1282471649429,0.4444444444444444,0.0,0.25,0.9171934150767694,0.6774795649370271,1.0,-0.05284435923973314,0.0015685091317084743
0.26666666666666666,20.000358465589322,0.335365901182246,20.003169974775155,-0.09432812224145325,-0.5847774127434656,-0.145,0.7311723100108541,-7.639160281333194,55.62786219774623,-0.18785703567480982,0.016766423258751016,0.1246362366923216,0.055184083675781447,-5499.734805082758,-3626.5038401887296,2000.187111738996,0.4444444444444444,0.0,0.25,0.921322476316565,0.7137360960535121,1.0,-0.05436432171124997,0.0015610231448442934
0.2833333333333333,20.008774921235876,0.40342545976673966,20.012841526136807,-0.10419776773942065,-0.5963498936574524,-0.145,0.7273563375309166,-7.835768882341948,55.96023971824469,-0.21503844301771138,0.02015969530273578,0.12728149294706795,0.05935917779585717,-5526.928785990299,-3844.6826220614894,1999.3255577257833,0.4444444444444444,0.0,0.25,0.925757162342909,0.7469130019732648,1.0,-0.05576349293463125,0.0015528761987965375
0.3,20.016374983989273,0.47189479499371917,20.02193677437859,-0.11423889799422832,-0.6059028707733276,-0.145,0.7233744359748135,-8.015475628493537,56.292585972819616,-0.2444177395206594,0.02357107108268524,0.13007971436103866,0.06341601876600247,-5555.039021542646,-4040.015596975889,1998.5458313506879,0.4444444444444444,0.0,0.25,0.9303376874961525,0.7769886986508963,1.0,-0.05704238158229318,0.0015443750009195608
0.31666666666666665,20.023147719260756,0.5404248132746435,20.03043942518836,-0.12442057312139816,-0.6136938088876107,-0.145,0.719344488435613,-8.178875410625285,56.62487211180746,-0.2760428396235237,0.0269834519615674,0.132996205831133,0.06735481184297401,-5583.276348092696,-4214.180349869798,1997.8490809267971,0.4444444444444444,0.0,0.25,0.9349357938400945,0.8040738974799274,1.0,-0.05820522121337999,0.0015357712268227182
0.3333333333333333,20.029091003317152,0.6087318713303197,20.038339275257652,-0.13471584955822094,-0.6199518545693831,-0.145,0.715359041138387,-8.32688801974258,56.957068567908095,-0.3099568530114192,0.030383033711963364,0.13600154876479903,0.07117726560364293,-5611.035307856156,-4369.062268576439,1997.2355487976743,0.4444444444444444,0.0,0.25,0.9394532914716718,0.82835649843606,1.0,-0.05925855754918598,0.0015272624589326505
0.35,20.034209879577297,0.6765849257406404,20.045631261217295,-0.1451013130826964,-0.6248785130167059,-0.145,0.7114877093268073,-8.460610505295023,57.289145225954904,-0.34619834696360574,0.03375865021564024,0.13907088800718478,0.0748859277427917,-5637.8735781984615,-4506.588262792263,1996.7047438287946,0.4444444444444444,0.0,0.25,0.9438186406529906,0.8500629299656671,1.0,-0.06021019777623619,0.0015189973229633217
0.36666666666666664,20.038515136853228,0.7437951147328066,20.052314581179807,-0.15555663655595128,-0.6286495236021754,-0.145,0.7077804808637838,-8.581213369045159,57.6210715687171,-0.3848016539020308,0.03710124227276235,0.14218326253857877,0.0784837444004216,-5663.4862928713055,-4628.622553447676,1996.2555906133116,0.4444444444444444,0.0,0.25,0.9479827165919217,0.8694325800328428,1.0,-0.06106847180672508,0.0015110825409690206
0.3833333333333333,20.04202210947817,0.8102074107759594,20.058391916733708,-0.1660641756815274,-0.6314173222124349,-0.145,0.7042712256376725,-8.689871219547737,57.95281680069481,-0.42579719705371866,0.04040343271814234,0.14532100361021413,0.08197377856446214,-5687.67974915743,-4736.907423090094,1995.8865551326485,0.4444444444444444,0.0,0.25,0.951914489067743,0.8867018589521962,1.0,-0.06184173877896148,0.001503590423783888
0.4,20.04474968222072,0.8756939792086172,20.06386876372824,-0.17660860816278176,-0.6333136913372421,-0.145,0.7009810094205245,-8.787718923262421,58.28434995234094,-0.46921181619248903,0.04365918898302093,0.14846920899399135,0.08535903786944495,-5710.347074552869,-4833.034506595697,1995.5957485744004,0.4444444444444444,0.0,0.25,0.9555970343303091,0.902094959035666,1.0,-0.06253807500539864,0.0014965659459745002
0.4166666666666667,20.046719475266613,0.940148913623985,20.06875286857213,-0.18717661671157876,-0.634452357563156,-0.145,0.6979210133225545,-8.875825806488914,58.6156399672475,-0.515069082086655,0.04686355613142511,0.15161529281436287,0.08864237553982546,-5731.447084229706,-4918.435664662762,1995.3810119085383,0.4444444444444444,0.0,0.25,0.959024077205727,0.9158190632536442,1.0,-0.06316509037990321,0.0014900329787564262
0.43333333333333335,20.047955182609556,1.0034840679337338,20.073053760664276,-0.1977566135540974,-0.6349314056345596,-0.145,0.6950949891681442,-8.955182192088813,58.946655774728754,-0.5633895929816733,0.050012445966188604,0.154748605368575,0.0918264390121519,-5750.986703155818,-4994.385672240561,1995.239984075063,0.4444444444444444,0.0,0.25,0.9621971215969669,0.9280623893983276,1.0,-0.06372983256591766,0.0014839995321221328
0.45,20.04848203837159,1.0656257550572008,20.07678236901395,-0.2083385026802163,-0.63483544912647,-0.145,0.6925012561938837,-9.026694096626565,59.277366350018994,-0.6141912496558478,0.053102470391380836,0.1578601150217453,0.0949136488337363,-5769.006830775786,-5062.011495033979,1995.1701565299827,0.4444444444444444,0.0,0.25,0.9651231470925815,0.938993963301498,1.0,-0.06423874925849897,0.0014784620177100971
0.4666666666666667,20.048326388244153,1.1265121272969363,20.079950710659475,-0.2189134755627653,-0.6342375409173427,-0.145,0.6901342829877656,-9.091183142035943,59.60774076404715,-0.6674895077097697,0.0561308095469286,0.16094214362605744,0.09790619619385875,-5785.571276324421,-5122.304788226835,1995.1689166164253,0.4444444444444444,0.0,0.25,0.9678128091729037,0.9487643887197513,1.0,-0.06469768755569032,0.0014734086261806478
0.48333333333333334,20.047515346433727,1.1860910917211278,20.082571639193922,-0.22947383606690308,-0.6332008311077255,-0.145,0.6879859142302115,-9.149389654945358,59.93774822448768,-0.7232976071071102,0.059095107201981564,0.16398814722338456,0.1008060514312604,-5800.758297764043,-5176.135540267577,1995.2335818843735,0.4444444444444444,0.0,0.25,0.9702790654990602,0.9575071435773559,1.0,-0.0651119160149661,0.001468821946258165
0.5,20.04607652167718,1.2443186451936379,20.084658642947197,-0.2400128505396677,-0.6317799925372418,-0.145,0.6860463042202972,-9.20197758789097,60.267358109540176,-0.7816267798145602,0.061993387504213064,0.16699253457127347,0.1036149785650581,-5814.654271610455,-5224.265640868151,1995.361427137288,0.4444444444444444,0.0,0.25,0.9725361502612567,0.9653401093782156,1.0,-0.0654861596751981,0.0014646809577716028
0.5166666666666666,20.044037798797234,1.3011575387854162,20.08622568379511,-0.25052461946720533,-0.6300224392775268,-0.145,0.6843046147038054,-9.249540360080514,60.596539995666106,-0.8424864368636125,0.06482398847089821,0.16995051699333355,0.1063345527011712,-5827.349061259713,-5267.361702559205,1995.5497056673237,0.4444444444444444,0.0,0.25,0.9745988254737771,0.9723671571022311,1.0,-0.06582464162263275,0.0014609625214890036
0.5333333333333333,20.041427164793152,1.3565762011353395,20.08728706896966,-0.26100396752475014,-0.6279693644981655,-0.145,0.6827495270479155,-9.292607034457085,60.925263680314835,-0.9058843363966901,0.06758550862498033,0.17285798403198113,0.10896617835758243,-5838.932711131736,-5306.006807899933,1995.7956658653682,0.4444444444444444,0.0,0.25,0.9764818480834042,0.9786796878453315,1.0,-0.06613112695015791,0.0014576424725896275
0.55,20.038272570587168,1.4105478658732142,20.087857349529976,-0.2714463492734625,-0.6256566228596968,-0.145,0.6813696105560213,-9.33164846455376,61.25349920050162,-0.9718267343476157,0.07027676397580607,0.17571140028915494,0.11151110753025745,-5849.4931576869485,-5340.711061050363,1996.0965641601886,0.4444444444444444,0.0,0.25,0.9781996023217048,0.9843580736911447,1.0,-0.0664089665015847,0.0014546964070011107
0.5666666666666667,20.03460182130081,1.4630498603363764,20.087951240280827,-0.28184776815412577,-0.623115480263725,-0.145,0.6801535808533297,-9.367083190157128,61.5812168479562,-1.0403185193979472,0.07289675316450281,0.1785077196420193,0.11397045682538445,-5859.114708163789,-5371.920941915736,1996.449675049764,0.4444444444444444,0.0,0.25,0.9797658565944647,0.9894729734213819,1.0,-0.06666113882832049,0.0014521002330422097
0.5833333333333334,20.030442489361285,1.5140630222299483,20.08758355688643,-0.29220470678011545,-0.6203732510741985,-0.145,0.679090475330148,-9.399282957375718,61.90838718143863,-1.1113633337841686,0.0754446290755944,0.18124431370610483,0.1163452233059521,-5867.877090191165,-5400.02752608964,1996.8522988326458,0.4444444444444444,0.0,0.25,0.9811936128019798,0.9940865151479369,1.0,-0.06689028947310749,0.0014498305459870835
0.6,20.0258167005767,1.5635851946610444,20.086765124978683,-0.3025141145639522,-0.6174652942480049,-0.145,0.6769614314855659,-9.42544964844901,62.234981032711794,-1.184963623347456,0.07792038922288508,0.18391891199250898,0.11863629890377148,-5875.854919242814,-5421.34844169182,1995.8199181245031,0.4444444444444444,0.0,0.25,0.9824950231700365,0.9975127182889179,1.0,-0.06707650554388472,0.0014452851239678446
0.6166666666666667,20.02067042541996,1.6118333674774374,20.08544874001572,-0.3127751932293986,-0.6145981743935376,-0.145,0.6698823222352945,-9.436377718897862,62.56096936682801,-1.2611186559088254,0.0803351929590979,0.18652948249186838,0.1208630834336149,-5884.320886067173,-5422.597923119234,1988.7491850582094,0.4444444444444444,0.0,0.25,0.9836781121506893,0.9975376102361351,1.0,-0.06715427549708446,0.001430171513628319
0.6333333333333333,20.015002844762826,1.6589178992370188,20.083633821404757,-0.32298960892661566,-0.6118379267772688,-0.145,0.6635350835079646,-9.44647330764193,62.88632331215787,-1.3398244889022621,0.08269470313105073,0.18907664821429027,0.12304237700435612,-5892.109883479683,-5423.616828708301,1982.4369843567104,0.4444444444444444,0.0,0.25,0.9847571488676176,0.9975614709823531,1.0,-0.06722612106834287,0.001416620417089848
0.65,20.008838449697354,1.70488151577112,20.0813405202169,-0.3331590720026717,-0.6091778201521008,-0.145,0.6578364855733437,-9.455813045851942,63.21101438066221,-1.4210765933484382,0.08500111141071204,0.191563075957571,0.12517593097666507,-5899.204198210488,-5424.521262004505,1976.783256784155,0.4444444444444444,0.0,0.25,0.9857425611051827,0.99758287985839,1.0,-0.06729258760576959,0.0014044541422633667
0.6666666666666666,20.002199726428245,1.7497637496797822,20.07858727788436,-0.34328518685277626,-0.606611724531612,-0.145,0.6527108530428234,-9.464473492612404,63.535014455999914,-1.5048700183239188,0.08725644180507858,0.19399125304445902,0.12726533838219659,-5905.676073861818,-5425.32613416729,1971.7089071364983,0.4444444444444444,0.0,0.25,0.986643795401247,0.997602130260787,1.0,-0.0673542199444704,0.0013935111252719407
0.6833333333333333,19.995107485269127,1.7936012857111119,20.075391127436845,-0.353369461611511,-0.6041340694549903,-0.145,0.6480966910725808,-9.47252130640841,63.858295770683654,-1.5911994134222534,0.08946256838298394,0.1963634739165296,0.12931208116096812,-5911.589294279558,-5426.04330054145,1967.1504978551416,0.4444444444444444,0.0,0.25,0.9874693973283151,0.9976194579637903,1.0,-0.06741149246162748,0.0013836600771250243
0.7,19.987581091670958,1.8364282623134989,20.071767900679454,-0.36341331686625433,-0.601739785560343,-0.145,0.6439422703345655,-9.480014833390218,64.18083088706155,-1.6800590488790261,0.09162123091252805,0.19868186042826086,0.13131754169433638,-5917.000103134838,-5426.682544220474,1963.0551056966572,0.4444444444444444,0.0,0.25,0.9882269958611163,0.9976350598787678,1.0,-0.06746482037943362,0.0013747905578110795
0.7166666666666667,19.979638640165184,1.8782765343026782,20.06773238138514,-0.3734180934357769,-0.5994242502126662,-0.145,0.6402031079413658,-9.487005362981144,64.50259268103099,-1.7714428335858665,0.09373404856730176,0.2009483798165022,0.13328301273173085,-5921.958125395952,-5427.252136572593,1959.3774486911486,0.4444444444444444,0.0,0.25,0.9889233634770362,0.9976491045717876,1.0,-0.06751456870066491,0.0013668075981746164
0.7333333333333333,19.971297093003905,1.9191759022679586,20.063298425754233,-0.3833850592990977,-0.5971832386228441,-0.145,0.6368404154669999,-9.493538147630124,64.82355432784529,-1.8653443312347437,0.09580253194105286,0.20316486051265437,0.13520970602552373,-5926.507215010415,-5427.759181741495,1956.078159558389,0.4444444444444444,0.0,0.25,0.9895645017933797,0.9976617386136373,1.0,-0.06756105946578152,0.0013596283865037024
0.75,19.96257239508024,1.9591543135098908,20.058479061308812,-0.39331541576838525,-0.595012880575434,-0.145,0.6338200620629031,-9.499653245328522,65.14368928960818,-1.9617567748220668,0.09782809359506536,0.20533300603200577,0.13709875989443857,-5930.686205168802,-5428.209845543034,1953.122660756608,0.4444444444444444,0.0,0.25,0.990155730646948,0.9976730907372567,1.0,-0.0676045777487247,0.0013531800548247659
0.7666666666666666,19.95347957166054,1.9982380385653125,20.053286570421413,-0.4032103029956088,-0.5929096223669508,-0.145,0.6311118282282194,-9.50538622368625,65.46297130417665,-2.0606730797195745,0.09981205733778176,0.2074544071805578,0.13895124588180519,-5934.529560317711,-5428.6095186782195,1950.4803723185034,0.4444444444444444,0.0,0.25,0.9907017715646094,0.9976832747776392,1.0,-0.06764537666749654,0.0013473980857325162
0.7833333333333333,19.944032812885634,2.0364518267431957,20.047732562165343,-0.41307080489401643,-0.5908701933931422,-0.145,0.6286888355903192,-9.510768753099185,65.78137437526568,-2.1620858554938787,0.10175566640981903,0.20953055280134245,0.1407681746404307,-5938.06793812075,-5428.962939908796,1948.1241164813855,0.4444444444444444,0.0,0.25,0.991206822516258,0.9976923918882138,1.0,-0.0676836816054542,0.0013422250949945414
0.8,19.934245547633157,2.0738190435610004,20.041828034856717,-0.42289795354589205,-0.5888915768094677,-0.145,0.6265270917543112,-9.515829109565173,66.09887276359305,-2.2659874166324276,0.1036600907228446,0.2115628392563185,0.14255050115170256,-5941.3286723332685,-5429.274292971076,1946.0296478423413,0.4444444444444444,0.0,0.25,0.9916746234560915,0.9977005322933223,1.0,-0.0677196937896157,0.0013376098598235284
0.8166666666666667,19.924130508568677,2.110361792524965,20.035583430931737,-0.4326927331588599,-0.5869709837324588,-0.145,0.6246051160447609,-9.52059260304528,66.41544097893308,-2.372369792311956,0.10552643327896837,0.21355257881350753,0.14429912936845118,-5944.336187618996,-5429.547285060696,1944.175269823194,0.4444444444444444,0.0,0.25,0.9921085132288601,0.9977077767202291,1.0,-0.06775359333910608,0.0013335065198510504
0.8333333333333334,19.913699789756336,2.146101023325849,20.029008685375864,-0.44245608362476074,-0.5851058305109609,-0.145,0.6229036256650223,-9.525081943957938,66.73105377296919,-2.4812247353265593,0.10735573587856037,0.2155010070848366,0.14601491635691738,-5947.112356346949,-5429.785211647651,1942.5415144825765,0.4444444444444444,0.0,0.25,0.9925114787859356,0.9977141975950687,1.0,-0.06778554187332436,0.0013298739070905065
0.85,19.902964897905125,2.1810566282118016,20.022113268651495,-0.4521889037279314,-0.5832937186587389,-0.145,0.6214052690858038,-9.529317557934846,67.0456861328526,-2.592543730276269,0.10914898420850773,0.21740928963900627,0.14769867600172437,-5949.676806107794,-5429.991010721019,1941.1108712356126,0.4444444444444444,0.0,0.25,0.9928861977159505,0.9977198600561116,1.0,-0.06781568475191378,0.0013266749767325517
0.8666666666666667,19.89193679812343,2.215247528041389,20.014906224887255,-0.46189205404351474,-0.5815324170972089,-0.145,0.6200943975509622,-9.533317857082105,67.3593132753869,-2.7063180011031167,0.11090711238952101,0.2192785278956084,0.149351182328357,-5952.047185396786,-5430.167308615451,1939.8675547228893,0.4444444444444444,0.0,0.25,0.9932350750290688,0.9977248228205878,1.0,-0.06784415300519998,0.0013238763193192601
0.8833333333333333,19.88062595490472,2.248691749303424,20.007396205958848,-0.4715663595611046,-0.5798198464072523,-0.145,0.6189568680162308,-9.537099474511647,67.6719106417698,-2.8225385180498876,0.11263100704982121,0.22110976439138597,0.15097317248984263,-5954.23939374595,-5430.316458995679,1938.7973047973971,0.4444444444444444,0.0,0.25,0.9935602750256394,0.9977291389313065,1.0,-0.06787106500324129,0.0013214477400263253
0.9,19.86904236895197,2.2814064932084874,19.999591501989794,-0.4812126120644734,-0.5781540648321635,-0.145,0.6179798723856479,-9.540677467731227,67.98345389283156,-2.941196004106703,0.1143215109830367,0.2229039874965784,0.15256534945779435,-5956.26778158412,-5430.440576201241,1937.8872132977876,0.4444444444444444,0.0,0.25,0.9938637489652664,0.9977328564029955,1.0,-0.06789652790325992,0.0013193618940897786
0.9166666666666666,19.857195610356623,2.313408197803979,19.99150006872003,-0.4908315722942172,-0.5765332558104429,-0.145,0.617151788967741,-9.54406549553397,68.29391890471796,-3.06228094100204,0.11597942644012536,0.22466213564836707,0.1541283844524766,-5958.145324256287,-5430.5415638957975,1937.1255734113863,0.4444444444444444,0.0,0.25,0.9941472591458164,0.997736018784096,1.0,-0.06792063890848192,0.0013175939696709843
0.9333333333333333,19.84509484857291,2.3447125939351268,19.98312955212504,-0.5004239719167989,-0.5749557168482262,-0.145,0.616462052838496,-9.54727597225982,68.60328176497167,-3.1857835747875023,0.11760551809835529,0.22638510115919735,0.1556629191419018,-5959.883773926219,-5430.621139778031,1936.5017482370151,0.4444444444444444,0.0,0.25,0.9944123999084142,0.9977386656467165,1.0,-0.06794348636594359,0.0013161214110868514
0.95,19.832748879566406,2.375334755764611,19.974487310614155,-0.5099905153205765,-0.5734198495674858,-0.145,0.6159010423776677,-9.550320202673259,68.91151876897165,-3.3116939210594,0.11920051574462659,0.22807373364992556,0.15716956763601794,-5961.493792497802,-5430.680856969911,1936.0060557606123,0.4444444444444444,0.0,0.25,0.9946606160046098,0.9977408330151994,1.0,-0.06796515072635291,0.001314923676569471
0.9666666666666667,19.820166150463848,2.4052891464700488,19.965580435091777,-0.519531881256914,-0.5719241507884921,-0.145,0.6154599796988519,-9.553208500186,69.21860641669481,-3.4400017698548733,0.12076511670552169,0.22972884315109124,0.15864891829868205,-5962.985068201758,-5430.722122588311,1935.6296679245047,0.4444444444444444,0.0,0.25,0.9948932186945536,0.9977425537420008,1.0,-0.06798570538542509,0.0013139820256883698
0.9833333333333333,19.807354781987403,2.4345896596588457,19.956415767127048,-0.529048724342311,-0.570467204524028,-0.145,0.6151308430577102,-9.555950290727763,69.52452140976864,-3.570696690255675,0.12229998805229515,0.23135120290995087,0.16010153539723784,-5964.366418087758,-5430.746213919035,1935.3645218440734,0.4444444444444444,0.0,0.25,0.9951113998885585,0.9977438578381805,1.0,-0.06800521742308209,0.0013132793323456324
1.0,19.794322588919503,2.46324965697162,19.94699991544542,-0.5385416764356227,-0.5690476747790459,-0.145,0.6149062896192737,-9.558554204215536,69.82924064878674,-3.7037680347287742,0.12380576860543913,0.2329415519360707,0.16152796060704877,-5965.6458783232265,-5430.754292542373,1935.2032415282126,0.4444444444444444,0.0,0.25,0.9953162445971694,0.9977447727646623,1.0,-0.06802374825439655,0.001312799919887236
1.0166666666666666,19.781077098812794,2.4912820022867654,19.937339270928153,-0.5480113479028123,-0.5676642990632937,-0.145,0.6147795872095958,-9.561028155278413,70.1327412308624,-3.8392049432295106,0.12528307076039089,0.23450059731413014,0.16292871438621562,-5966.8307839171275,-5430.747416702587,1935.139068708743,0.4444444444444444,0.0,0.25,0.9955087419153208,0.9977453236894933,1.0,-0.06804135420407256,0.0013125294153956042
1.0333333333333332,19.76762556913255,2.5186990928881925,19.927440020282056,-0.5574583287802659,-0.5663158825362886,-0.145,0.6147445538800739,-9.563379414649972,70.43500044739841,-3.976996347090065,0.1267324821533075,0.23602901630902584,0.16430429723387638,-5967.927839250041,-5430.7265521671325,1935.1658015903445,0.4444444444444444,0.0,0.25,0.9956897947330041,0.9977455337155481,1.0,-0.06805808701451174,0.0013124546206618923
1.05,19.753975002995855,2.5455128879146782,19.917308158521944,-0.5668831898464631,-0.5650012927141951,-0.145,0.6147955042823656,-9.565614672434956,70.7359957820533,-4.1171309727134275,0.128154567183552,0.2375274582852972,0.1656551908439033,-5968.943180592665,-5430.692581783273,1935.2777405048384,0.4444444444444444,0.0,0.25,0.9958602283370106,0.9977454240824899,1.0,-0.06807399429605253,0.0013125633976986148
1.0666666666666667,19.740132163651758,2.5717349343714835,19.906949500390695,-0.5762864836107128,-0.5637194546769242,-0.145,0.6149272019943746,-9.56774009428439,71.03570490888633,-4.259597345090796,0.1295498684075619,0.2389965464602448,0.16698185916443686,-5969.882431627236,-5430.646313907853,1935.4696395983053,0.4444444444444444,0.0,0.25,0.9960207980448695,0.9977450143462379,1.0,-0.06808911992674223,0.0013128445669575628
1.0833333333333333,19.726103587829385,2.597376390952117,19.896369690826788,-0.5856687452267224,-0.5624693467213284,-0.145,0.6151348170579152,-9.56976137136784,71.33410569066575,-4.40438379115839,0.13091890781705945,0.2404368795078176,0.16828474937250376,-5970.750752844525,-5430.588489859791,1935.7366638014275,0.4444444444444444,0.0,0.25,0.9961721959922839,0.997744322538757,1.0,-0.06810350440796599,0.001313287816674446
1.1,19.71189559806607,2.6224480498896043,19.885574214576415,-0.5950304933379278,-0.5612499964129084,-0.145,0.6154138880903597,-9.571683764908235,71.63117617732594,-4.551478443007923,0.13226218801307277,0.24184903302835326,0.1695642927719222,-5971.552885569084,-5430.519790522708,1936.0743504365653,0.4444444444444444,0.0,0.25,0.9963150571785989,0.9977433653105746,1.0,-0.06811718518138046,0.0013138836219788003
1.1166666666666667,19.697514314114567,2.6469603570317566,19.874568405035767,-0.6043722308607851,-0.5600604769941097,-0.145,0.6157602884189166,-9.57351214594052,71.9268946045611,-4.700869240963518,0.13358019328594053,0.2432335608975213,0.17082090562179114,-5972.293191263367,-5430.440842206718,1936.4785749026591,0.4444444444444444,0.0,0.25,0.9964499648606093,0.9977421580581219,1.0,-0.06813019691185726,0.0013146231725920492
1.1333333333333333,19.68296566351719,2.6709234303131937,19.86335745239945,-0.6136944457115745,-0.558899904112216,-0.145,0.6161701957596589,-9.575251030866347,72.22123939254365,-4.8525439365364615,0.1348733906103376,0.24459099650631075,0.1720549899020602,-5972.97568667445,-5430.352221862837,1936.945519953519,0.4444444444444444,0.0,0.25,0.996577455372883,0.9977407150377026,1.0,-0.06814257174050925,0.0013154983080934616
1.15,19.668255391424854,2.694347076777852,19.85194641118231,-0.6229976114816982,-0.5577674328341267,-0.145,0.6166400650262281,-9.576904613301439,72.51418914475744,-5.006490095268107,0.13614223056336727,0.24592185390257915,0.17326693402198023,-5973.604075312894,-5430.254461730425,1937.4716481487494,0.4444444444444444,0.0,0.25,0.9966980224424464,0.9977390494676599,1.0,-0.06815433951133311,0.0013165014598678427
1.1666666666666667,19.65338906973038,2.7172408082889974,19.840340207174588,-0.6322821880659454,-0.5566622549190465,-0.145,0.6171666039068308,-9.578476792647395,72.80572264693632,-5.162695099470143,0.13738714817289432,0.2472266288435266,0.17445711347661877,-5974.181775689729,-5430.148053486964,1938.0536771109869,0.4444444444444444,0.0,0.25,0.9968121210568315,0.9977371736201162,1.0,-0.06816552797454158,0.001317625598963412
1.1833333333333333,19.638372105577957,2.739613856049075,19.828543643883645,-0.6415486222477536,-0.5555835963233859,-0.145,0.6177467508942486,-9.579971199764184,73.09581886609965,-5.321146150870578,0.13860856370252733,0.24850579976744186,0.17562589145608284,-5974.711946683074,-5430.033451960059,1938.6885572698575,0.4444444444444444,0.0,0.25,0.9969201709368936,0.997735098903463,1.0,-0.06817616296926256,0.001318864189186772
1.2,19.623209749304042,2.7614751840388014,19.816561408509887,-0.6507973482450937,-0.5545307149150245,-0.145,0.6183776554932918,-9.581391220071962,73.38445694967717,-5.481830273172976,0.13980688337898425,0.2497598286921752,0.17677361941161268,-5975.197510358929,-5429.9110784536015,1939.373451813304,0.4444444444444444,0.0,0.25,0.9970225596592969,0.997732835936658,1.0,-0.06818626858794387,0.0013202111448466227
1.2166666666666666,19.607907101859098,2.7828335014734686,19.80439807749934,-0.660028788220253,-0.5535028983766083,-0.145,0.6190566603642628,-9.582740014369616,73.67161622471636,-5.644734314535758,0.14098250006698038,0.2509891620470081,0.17790063758228858,-5975.641172530356,-5429.78132373314,1940.1057186015587,0.4444444444444444,0.0,0.25,0.9971196454679432,0.997730394616228,1.0,-0.06819586732450908,0.0013216607926307845
1.2333333333333334,19.59246912175457,2.8036972743643447,19.792058121710948,-0.6692433527564763,-0.5524994622797536,-0.145,0.6197812851905941,-9.584020537622083,73.95727619716592,-5.809844949977753,0.14213579389625094,0.25219423144389386,0.1790072754857161,-5976.04544130423,-5429.6445507097205,1940.8828938290055,0.4444444444444444,0.0,0.25,0.9972117598087744,0.9977277841767873,1.0,-0.06820498020805807,0.0013232078371642614
1.25,19.576900631574883,2.824074736264113,19.779545911232702,-0.6784414413041414,-0.5515197483139717,-0.145,0.6205492120844093,-9.585235555937745,74.24141655122982,-5.977148683715643,0.14326713284485554,0.25337545439343206,0.18009385237572334,-5976.41264383459,-5429.501096856411,1941.7026772451334,0.4444444444444444,0.0,0.25,0.9972992096181811,0.9977250132457689,1.0,-0.06821362692368715,0.0013248473298507065
1.2666666666666666,19.561206324090346,2.843973898267353,19.766865719877245,-0.687623442598896,-0.5505631226558468,-0.145,0.6213582723659521,-9.586387661930676,74.52401714878651,-6.146631851438394,0.14437687328249693,0.25453323497039504,0.1811606776698073,-5976.744941475345,-5429.351276387417,1942.5629187682582,0.4444444444444444,0.0,0.25,0.9973822793916145,0.9977220898929879,1.0,-0.06822182592181503,0.0013265746406470407
1.2833333333333332,19.545390768003145,2.863402558330023,19.754021729384462,-0.6967897350539559,-0.5496289744655071,-0.145,0.6222064345721567,-9.587479288639308,74.80505802886871,-6.318280622523361,0.1454653604772206,0.2556679644331442,0.18220805134880375,-5977.0443435022835,-5429.195382226012,1943.4616063453043,0.4444444444444444,0.0,0.25,0.997461233055841,0.9977190216755856,1.0,-0.06822959451723534,0.0013283854324622397
1.3,19.529458413355716,2.8823683099656283,19.741018033355942,-0.7059406871285638,-0.5487167144987704,-0.145,0.6230917935664538,-9.588512722153107,75.08451940719942,-6.492081002198338,0.14653292906853355,0.2567800218008443,0.18323626433101847,-5977.312719554519,-5429.033687784267,1944.396854927963,0.4444444444444444,0.0,0.25,0.9975363156655283,0.9977158156788326,1.0,-0.0682369489789749,0.0013302756379072096
1.3166666666666667,19.513413596627718,2.9008785503701793,19.727858640943605,-0.715076657674426,-0.5478257738245347,-0.145,0.6240125606365846,-9.589490113081196,75.36238167577999,-6.668018833653436,0.14757990350968964,0.2578697743920043,0.1842455988228491,-5977.551810928128,-5428.866448574814,1945.366896450444,0.4444444444444444,0.0,0.25,0.9976077549424496,0.9977124785532222,1.0,-0.06824390461191038,0.001332241438154026
1.3333333333333333,19.497260545545565,2.9189404880230274,19.714547480312802,-0.7241979962617828,-0.5469556026380316,-0.145,0.624967054480064,-9.590413486981664,75.6386254025269,-6.846079800106412,0.14860659848162897,0.25893757832753217,0.18523632864773795,-5977.763240839627,-5428.693903672444,1946.3700707070573,0.4444444444444444,0.0,0.25,0.9976757626735102,0.9977090165482289,1.0,-0.06825047583098894,0.001334279243690262
1.35,19.48100338362613,2.936561149806245,19.701088401898108,-0.7333050434866208,-0.5461056691615005,-0.145,0.6259536929881437,-9.59128475385677,75.91323133095366,-7.026249426824696,0.14961331928082502,0.25998377900119035,0.18620871955512777,-5977.948523763672,-5428.516277041259,1947.4048170392516,0.4444444444444444,0.0,0.25,0.9977405359819538,0.9977054355430657,1.0,-0.06825667622880104,0.0013363856767780857
1.3666666666666667,19.464646134474293,2.9537473876811817,19.687485181468414,-0.7423981312604038,-0.5452754586246731,-0.145,0.6269709857490384,-9.592105716807644,76.18618037989494,-7.2085130831071895,0.15060036218308623,0.2610087115200642,0.18716302951094135,-5978.109073937729,-5428.333778741294,1948.4696667517592,0.4444444444444444,0.0,0.25,0.997802258484509,0.9977017410747462,1.0,-0.06826251863717193,0.0013385575554489498
1.3833333333333333,19.448192725852188,2.9705058849572907,19.673741523016304,-0.7514775830835797,-0.5444644723182002,-0.145,0.6280175271998344,-9.592878079931634,76.45745364326979,-7.39285598422859,0.1515680147851712,0.26201270111741737,0.18809950897097139,-5978.246213116229,-5428.146606026902,1949.5632361862883,0.4444444444444444,0.0,0.25,0.9978611013458236,0.9976979383637097,1.0,-0.06826801518336342,0.001340791878883199
1.4,19.43164699353651,2.9868431621850746,19.65986106148536,-0.7605437143040152,-0.5436722267138144,-0.145,0.6290919903641419,-9.593603455536469,76.72703238988188,-7.579263193348848,0.15251655632590883,0.262996063540086,0.1890184011384415,-5978.361177647797,-5427.9549443477945,1950.6842203889416,0.4444444444444444,0.0,0.25,0.9979172242402916,0.9976940323372466,1.0,-0.06827317734141357,0.0013430858140402097
1.4166666666666667,19.41501268497875,3.002765582702134,19.64584736534788,-0.7695968323614086,-0.5428982526456175,-0.145,0.6301931211192919,-9.594283370737418,76.99489806325371,-7.767719623390132,0.1534462579883642,0.26395910541237266,0.1899199422068932,-5978.455124941128,-5427.758968262478,1951.8313873143763,0.4444444444444444,0.0,0.25,0.9979707762302886,0.9976900276509422,1.0,-0.06827801597908571,0.0013454366834190893
1.4333333333333333,19.398293462781837,3.018279357858709,19.631703939044122,-0.778637237018649,-0.5421420945474048,-0.145,0.6313197329428255,-9.594919273496405,77.2610322814931,-7.958210038883509,0.15435738318445597,0.26490212457822326,0.19080436158945135,-5978.529139378172,-5427.558842272675,1953.0035725157481,0.4444444444444444,0.0,0.25,0.9980218965688641,0.9976859287083188,1.0,-0.06828254140084589,0.001347841953842644
1.45,19.38149290800583,3.0333905519467477,19.617434225293582,-0.7876652205810036,-0.5414033097414219,-0.145,0.6324707020932836,-9.595512538156111,77.52541683718954,-8.150719057787402,0.15525018782330693,0.26582541042331204,0.19167188213543232,-5978.584237727083,-5427.354721586426,1954.199674274819,0.4444444444444444,0.0,0.25,0.9980707154340897,0.9976817396788535,1.0,-0.06828676338724654,0.0013502992261685614
1.4666666666666666,19.36461452331382,3.048105086854445,19.603041607287487,-0.7966810681039516,-0.5406814677743675,-0.145,0.6336449631849708,-9.596064470516279,77.78803369733869,-8.345231153279714,0.1561249205645012,0.2667292441785191,0.19252272033517742,-5978.621374101894,-5427.146752816735,1955.4186491313292,0.4444444444444444,0.0,0.25,0.9981173546015099,0.9976774645145147,1.0,-0.06829069123105214,0.0013528062258417119
1.4833333333333334,19.34766173596868,3.062428746466285,19.588529410771233,-0.805685057590405,-0.539976149796843,-0.145,0.6348415051204881,-9.596576312494697,78.04886500329314,-8.541730655525418,0.15698182305732,0.26761389920615597,0.1933570865139214,-5978.641444511069,-5426.935074621881,1956.6595077749255,0.4444444444444444,0.0,0.25,0.9981619280604708,0.9976731069649637,1.0,-0.06829433377040926,0.00135536079421027
1.5,19.330637900690185,3.076367180826894,19.573900906024548,-0.8146774601780102,-0.5392869479827905,-0.145,0.6360593673485109,-9.597049246411059,78.30789307073789,-8.74020175342124,0.15782113016693838,0.2684796412701771,0.1941751850154378,-5978.645291032749,-5426.719818292878,1957.921311266657,0.4444444444444444,0.0,0.25,0.9982045425795132,0.9976686705915333,1.0,-0.06829769941933275,0.0013579608805362234
1.5166666666666666,19.313546302381337,3.0899259100854723,19.559159309746555,-0.8236585403171611,-0.5386134649857728,-0.145,0.6372976364175538,-9.597484398927831,78.5651003896888,-8.94062849631901,0.15864307018848442,0.2693267287915143,0.1949772143761447,-5978.633705650713,-5426.50110829299,1959.2031675603705,0.4444444444444444,0.0,0.25,0.9982452982254896,0.9976641587800995,1.0,-0.06830079619575109,0.001360604534637802
1.5333333333333332,19.29639015873206,3.1031103282361343,19.544307786852347,-0.8326285559403057,-0.537955313429226,-0.145,0.6385554427993503,-9.597882844679054,78.82046962451285,-9.142994795729091,0.15944786504978653,0.2701554130895718,0.19576336749029705,-5978.607433781644,-5426.2790627537215,1960.5042282972656,0.4444444444444444,0.0,0.25,0.9982842888405973,0.9976595747529426,1.0,-0.0683036317473309,0.0013632899001075202
1.55,19.279172622707744,3.1159257066682455,19.52934945218708,-0.8415877586230898,-0.5373121154280672,-0.145,0.639831957958106,-9.598245609614887,79.0739836139687,-9.347284427005283,0.1602357305035692,0.27096593861083673,0.19653383176684455,-5978.567177521277,-5426.053793931239,1961.8236858495243,0.4444444444444444,0.0,0.25,0.9983216024810998,0.9976549215796925,1.0,-0.06830621337527831,0.0013660152080551538
1.5666666666666667,19.261896784929636,3.1283771975396495,19.514287372163214,-0.8505363937378293,-0.5366835021392687,-0.145,0.6411263916441468,-9.598573674086772,79.32562537126618,-9.55348103101242,0.16100687630979496,0.2717585431454815,0.19728878927848595,-5978.5135986342775,-5425.825408626747,1963.160770591241,0.4444444444444444,0.0,0.25,0.9983573218211418,0.9976502021874254,1.0,-0.06830854805629492,0.0013687787713297884
1.5833333333333333,19.24456567595337,3.1404698369846447,19.499124566325868,-0.8594747005997758,-0.536069113339212,-0.145,0.6424379893926067,-9.598867975696097,79.57537808414392,-9.761568115777912,0.16176150640879577,0.2725334580327608,0.19802841690341125,-5978.447321310325,-5425.594008574094,1964.514748377022,0.4444444444444444,0.0,0.25,0.9983915245247276,0.9976454193700015,1.0,-0.06831064246285012,0.0013715789791796196
1.6,19.227182268451717,3.1522085481676108,19.483864008851146,-0.8684029126065977,-0.5354685970258253,-0.145,0.6437660302095998,-9.599129411926551,79.82322511496352,-9.97152905812828,0.1624998190857858,0.27329090835594727,0.19875288646018444,-5978.368934706662,-5425.359690797435,1965.8849182104452,0.4444444444444444,0.0,0.25,0.9984242835886381,0.9976405757966991,1.0,-0.06831250298191452,0.001374414292312024
1.6166666666666667,19.20974947930691,3.163598144192302,19.468508629981628,-0.8773212573714719,-0.5348816090436715,-0.145,0.6451098244300157,-9.599358842578852,80.06915000081968,-10.183347105311816,0.16322200712730203,0.2740311131274844,0.19946236483618587,-5978.278995295469,-5425.1225479415725,1967.2706100863118,0.4444444444444444,0.0,0.25,0.9984556676587931,0.9976356740202018,1.0,-0.06831413573228665,0.0013772832383200397
1.6333333333333333,19.192270171617782,3.174643330876044,19.453061317403115,-0.8862299568501505,-0.5343078127303122,-0.145,0.6464687117325438,-9.59955709202446,80.3131364536649,-10.397005376608309,0.16392825797007665,0.2747542854649879,0.2001570141100001,-5978.178029032693,-5424.882668577356,1968.671182992072,0.4444444444444444,0.0,0.25,0.9984857413223347,0.9976307164840051,1.0,-0.06831554658063164,0.001380184407444524
1.65,19.174747156626328,3.185348709397334,19.437524917566247,-0.8951292274623416,-0.5337468785824054,-0.145,0.647842059298875,-9.59972495129357,80.55516836044818,-10.61248686492679,0.16461875384280733,0.275460632758674,0.20083699166810892,-5978.066533363379,-5424.640137484243,1970.0860230552094,0.4444444444444444,0.0,0.25,0.9985145653774834,0.9976257055292792,1.0,-0.0683167411563405,0.001383116448644124
1.6666666666666667,19.15718319556822,3.1957187788246886,19.421902236956456,-0.9040192802077172,-0.533198483940126,-0.145,0.6492292601052283,-9.599863180011063,80.79522978326662,-10.8297744383922,0.16529367190125527,0.27615035683075073,0.20150245031622002,-5977.944979077169,-5424.395035911964,1971.5145418245515,0.4444444444444444,0.0,0.25,0.9985421970830386,0.9976206434012395,1.0,-0.0683177248653073,0.0013860780659477555
1.6833333333333333,19.1395810014513,3.205757938533981,19.406196043315372,-0.9129003207768401,-0.532662312688609,-0.145,0.6506297313354301,-9.599972508192995,81.03330495952913,-11.048850841921787,0.16595318435707046,0.27682365408726717,0.20215353838553918,-5977.813812026388,-5424.147441823032,1972.9561746745885,0.4444444444444444,0.0,0.25,0.9985686903892136,0.9976155322550597,1.0,-0.06831850290271399,0.0013890680150665904
1.7,19.121943240765916,3.215470490520954,19.390409066816623,-0.9217725496572821,-0.5321380549752207,-0.145,0.6520429129057386,-9.600053637914943,81.26937830213157,-11.269698698792077,0.1665974586007129,0.2774807156628786,0.20279039983427216,-5977.673454717993,-5423.897430117683,1974.4103793228614,0.4444444444444444,0.0,0.25,0.9985940961513473,0.9976103741613721,1.0,-0.06831908026490328,0.0013920851002446194
1.7166666666666666,19.104272535130644,3.224860641615087,19.374544001198714,-0.9306361622351839,-0.53162540694156,-0.145,0.6534682660924958,-9.60010724486261,81.50343439964243,-11.49230051219711,0.16722665731881167,0.2781217275589507,0.20341317434462017,-5977.524307789624,-5423.645072842701,1975.8766344513654,0.4444444444444444,0.0,0.25,0.9986184623278898,0.99760517111138,1.0,-0.06831946176041347,0.0013951281713287422
1.7333333333333334,19.086571462876787,3.2339325056005417,19.35860350485753,-0.9394913488924934,-0.5311240704691738,-0.145,0.6549052722544728,-9.600133979774021,81.73545801649846,-11.716638666798726,0.16784093860628016,0.2787468707753965,0.2040219974155155,-5977.366751379131,-5423.390439385405,1977.3544384237346,0.4444444444444444,0.0,0.25,0.9986418341639374,0.9975999250216169,1.0,-0.06831965202024194,0.0013981961210410296
1.75,19.068842560574694,3.2426901052494745,19.34259020190077,-0.9483382951000998,-0.5306337529380533,-0.145,0.656353431642487,-9.600134469782,81.96543409320947,-11.942695430269513,0.1684404560734812,0.2793563214366091,0.20461700045132686,-5977.201146396056,-5423.133596654031,1978.8433080906752,0.4444444444444444,0.0,0.25,0.9986642543614769,0.9975946377383805,1.0,-0.06831965550739898,0.0014012878824373003
1.7666666666666666,19.05108832450489,3.2511373742726284,19.326506683166485,-0.9571771815070671,-0.5301541669970501,-0.145,0.6578122622895204,-9.600109319664671,82.19334774657179,-12.170452954829107,0.16902535894871723,0.27995025091182973,0.2051983108467471,-5977.027835702857,-5422.874609245554,1980.3427776767917,0.4444444444444444,0.0,0.25,0.998685763237396,0.9975893110418685,1.0,-0.06831947652580686,0.0014044024265375732
1.7833333333333332,19.03331121207668,3.259278159191747,19.31035550720774,-0.9660081840261598,-0.5296850303454133,-0.145,0.6592812989751549,-9.600059113011152,82.4191842698896,-12.39989327877446,0.1695957921762995,0.2805288259302635,0.20576605206806178,-5976.847145212935,-5422.613539601958,1981.852397742526,0.4444444444444444,0.0,0.25,0.9987063988702278,0.9975839466500313,1.0,-0.06831911922859572,0.0014075387601151766
1.8,19.015513643196886,3.2671162211380325,19.29413920124529,-0.9748314739158349,-0.5292260655247134,-0.145,0.6607600922586643,-9.599984413309016,82.64292913320372,-12.63099832800462,0.17015189651043322,0.2810922086912353,0.20632034373098387,-5976.659384911956,-5422.350448155854,1983.3717342154855,0.4444444444444444,0.0,0.25,0.998726197236507,0.9975785462221738,1.0,-0.06831858762584239,0.0014106959236324385
1.8166666666666667,18.997698001591047,3.2746552375805655,19.27786026209004,-0.983647217858869,-0.5287769997204713,-0.145,0.6622482075755896,-9.599885764959414,82.86456798352707,-12.863749917540652,0.17069380860514036,0.28164055696965773,0.2068613016752271,-5976.464849808361,-5422.085393466258,1984.9003674859075,0.4444444444444444,0.0,0.25,0.9987451923375457,0.9975731113623167,1.0,-0.0683178855917946,0.001413872989311913
1.8333333333333333,18.97986663607937,3.28189880398833,19.261521157036867,-0.9924555780377742,-0.5283375645728604,-0.145,0.6637452243930495,-9.59976369422535,83.08408664508656,-13.098129753041142,0.17122166110042517,0.28217402421706284,0.20738903803597916,-5976.263820818496,-5421.8184323453015,1986.437891561455,0.4444444444444444,0.0,0.25,0.9987634163173649,0.9975676436223427,1.0,-0.06831701687161937,0.0014170690593330022
1.8499999999999999,18.96202186180956,3.288850435429228,19.24512432473136,-1.0012567122071483,-0.5279074959959005,-0.145,0.6652507354194623,-9.599618710118165,83.30147111957059,-13.334119432313882,0.17173558270487527,0.28269275965843443,0.20790366131242566,-5976.056565591301,-5421.549619976529,1987.9839132769519,0.4444444444444444,0.0,0.25,0.9987808995724551,0.9975621445049339,1.0,-0.06831598508771175,0.0014202832641447432
1.8666666666666667,18.94416596144857,3.295513568109224,19.228672176010974,-1.0100507737630948,-0.5274865340045986,-0.145,0.6667643458646662,-9.59945130522668,83.51670758638174,-13.57170044682415,0.17223569827487606,0.2831969083850592,0.2084052764334644,-5975.843339277084,-5421.2790100254515,1989.538051555012,0.4444444444444444,0.0,0.25,0.998797670853982,0.9975566154663273,1.0,-0.0683147937455954,0.001423514760886197
1.8833333333333333,18.926301186335074,3.3018915608545703,19.2121670947218,-1.0188379118098398,-0.5270744225495363,-0.145,0.6682856727468067,-9.599261956493324,83.7297824028943,-13.810854183200103,0.17272212889060803,0.2836866114436022,0.20889398482074267,-5975.624385244582,-5421.006654742882,1991.0999367138595,0.4444444444444444,0.0,0.25,0.9988137573630067,0.9975510579188913,1.0,-0.06831344623944595,0.0014267627319066805
1.9,18.90842975759456,3.307987696539822,19.195611438512355,-1.0276182712236677,-0.5266709093584357,-0.145,0.6698143442426248,-9.599051125941049,83.94068210471603,-14.051561924735685,0.17319499192898116,0.2841620059215979,0.2093698844491403,-5975.399935750071,-5420.732605061642,1992.6692098189462,0.4444444444444444,0.0,0.25,0.9988291848392346,0.9975454732335444,1.0,-0.06831194585726408,0.0014300263833786574
1.9166666666666667,18.89055386721861,3.3138051834642095,19.17900753960544,-1.0363919927142795,-0.5262757457842692,-0.145,0.6713499990780538,-9.598819261354524,84.14939340595365,-14.2938048528915,0.17365440113365485,0.2846232250295355,0.209833069904814,-5975.170212562063,-5420.456910687054,1994.2455220752342,0.4444444444444444,0.0,0.25,0.998843977643772,0.9975398627420183,1.0,-0.06831029578572337,0.0014333049439966892
1.9333333333333333,18.87267567911002,3.319347156678724,19.162357705549233,-1.0451592128836913,-0.5258886866595105,-0.145,0.672892285956302,-9.598566796918954,84.35590319948169,-14.53756404879404,0.17410046668227874,0.2850703981797057,0.21028363244091072,-5974.9354275447995,-5420.179620181729,1995.8285342572758,0.4444444444444444,0.0,0.25,0.9988581588363258,0.9975342277389888,1.0,-0.06830849911471627,0.001436597663756412
1.95,18.854797330095263,3.324616679266147,19.145664219948653,-1.0539200642827586,-0.5255094901561517,-0.145,0.6744408630207981,-9.598294153819419,84.56019855721443,-14.782820494733679,0.1745332952510841,0.28550365106196496,0.21072166003105156,-5974.69578320349,-5419.90078104499,1997.4179161744473,0.4444444444444444,0.0,0.25,0.9988717502472497,0.9975285694840677,1.0,-0.06830655884161954,0.0014399038128079503
1.9666666666666666,18.836920930905695,3.3296167435760906,19.128929343177973,-1.062674675465427,-0.525137917651134,-0.145,0.6759953973505977,-9.598001740803538,84.76226673038008,-15.029555075661765,0.17495299007694495,0.2859231057165638,0.21114723742068167,-5974.451473194022,-5419.62043978738,1999.0133461688943,0.4444444444444444,0.0,0.25,0.9988847725448037,0.9975228892036824,1.0,-0.06830447787529831,0.0014432226803786277
1.9833333333333334,18.81904856712883,3.3343502724169722,19.112155313075522,-1.0714231710407927,-0.524773733596868,-0.145,0.6775555644860489,-9.597689954709944,84.96209514979721,-15.277748580687213,0.17535965101702253,0.28632888060417694,0.21156044617637468,-5974.20268279965,-5419.338642000527,2000.61451064397,0.4444444444444444,0.0,0.25,0.9988972452979689,0.997517188092838,1.0,-0.06830225903986706,0.001446553573760283
2.0,18.801182300131032,3.338820120206748,19.09534434562147,-1.080165671723055,-0.5244167053965371,-0.145,0.6791210479826526,-9.597359180964952,85.15967142615284,-15.527381704572905,0.17575337460609844,0.28672109067326257,0.21196136473317656,-5973.9495893769545,-5419.055432422724,2002.221103621072,0.4444444444444444,0.0,0.25,0.998909187035128,0.9975114673167736,1.0,-0.06829990507822414,0.0014498958173567804
2.0166666666666666,18.78332416795272,3.3430290740840847,19.078498635599402,-1.0889022943794389,-0.5240666032839014,-0.145,0.6806915389912642,-9.597009794049495,85.35498335028183,-15.778435049232241,0.1761342541116963,0.2870998474248729,0.21235006844006651,-5973.692362773202,-5418.770855000508,2003.8328263230042,0.4444444444444444,0.0,0.25,0.9989206152989019,0.997505728012525,1.0,-0.06829741865537475,0.0014532487517877578
2.033333333333333,18.76547618617735,3.3469798549815573,19.061620357242496,-1.097633152076157,-0.5237232002073354,-0.145,0.68226673586287,-9.596642157938343,85.54801889344708,-16.03088912522615,0.17650237958708478,0.287465258975028,0.2127266296036101,-5973.431165717059,-5418.484952946491,2005.4493867820775,0.4444444444444444,0.0,0.25,0.9989315466974038,0.997499971290391,1.0,-0.06829480236155668,0.0014566117330448386
2.05,18.747640348775185,3.3506751186623536,19.044711664865034,-1.106358354122483,-0.5233862717178499,-0.145,0.683846343776362,-9.596256626513467,85.73876620762042,-16.28472435326087,0.17685783792225007,0.28781743011476,0.21309111752987336,-5973.166154184472,-5418.197768793705,2007.0704994713587,0.4444444444444444,0.0,0.25,0.9989419969521612,0.997494198235317,1.0,-0.06829205871518197,0.0014599841316969477
2.0666666666666664,18.72981862892294,3.354117456721873,19.027774693479927,-1.1150780061129955,-0.5230555958608668,-0.145,0.6854300743878086,-9.595853543953128,85.92721362576353,-16.53992106568674,0.17720071289292025,0.28815646236792725,0.21344359856466424,-5972.89747774136,-5417.909344446691,2008.6958849575421,0.4444444444444444,0.0,0.25,0.9989519809429239,0.9974884099081999,1.0,-0.0682891901656059,0.0014633653321415186
2.0833333333333335,18.712012979800203,3.357309397555523,19.010811559402875,-1.1237922099680577,-0.5227309530715292,-0.145,0.6870176454998724,-9.595433245098327,86.11334966210877,-16.796459507998375,0.1775310852077195,0.28848245404689254,0.21378413613216277,-5972.625279864668,-5417.619721229506,2010.325269574088,0.4444444444444444,0.0,0.25,0.9989615127495723,0.9974826073471122,1.0,-0.0682861990957349,0.0014667547318987127
2.1,18.694225335363704,3.360253407293932,18.993824360843835,-1.132501063972585,-0.52241212607334,-0.145,0.6886087807500909,-9.594996055798026,86.29716301243937,-17.054319840336372,0.17784903255352477,0.28879550030615475,0.21411279077199832,-5972.349698243211,-5417.328939930891,2011.9583851133289,0.4444444444444444,0.0,0.25,0.9989706056913158,0.9974767915684636,1.0,-0.06828308782448322,0.0014701517409459123
2.1166666666666667,18.67645761110018,3.3629518907067215,18.976815178486344,-1.141204662813158,-0.5220988997799398,-0.145,0.6902032093168669,-9.594542293234454,86.47864255436875,-17.313482138990903,0.17815462963909423,0.28909569319401496,0.21442962017482853,-5972.070865059586,-5417.037040846739,2013.5949685363782,0.4444444444444444,0.0,0.25,0.9989792723633566,0.9974709635680907,1.0,-0.06827985860908807,0.0014735557810900217
2.1333333333333333,18.65871170475879,3.3654071920759097,18.95978607605526,-1.1499030976135285,-0.5217910611998428,-0.145,0.691800665642085,-9.594072266229714,86.6577773476186,-17.573926397907343,0.1784479482370321,0.2893831217023579,0.21473467921647196,-5971.788907254392,-5416.744063820038,2015.2347616997483,0.4444444444444444,0.0,0.25,0.9989875246711862,0.997465124322288,1.0,-0.06827651364729154,0.0014769662853752652
2.15,18.640989497063853,3.3676215960399616,18.942739100873442,-1.1585964559685669,-0.5214883993439599,-0.145,0.6934008891693446,-9.593586275534852,86.83455663429537,-17.835632530194253,0.17872905722415156,0.28965787181462166,0.215028019990643,-5971.503946773861,-5416.450048278447,2016.87751109766,0.4444444444444444,0.0,0.25,0.9989953738626638,0.99745927478878,1.0,-0.06827305507939779,0.0014803826975243245
2.1666666666666665,18.623292852408653,3.3695973284094203,18.92567628440789,-1.1672848219766965,-0.521190705135753,-0.145,0.6950036240968931,-9.593084614102379,87.0089698391648,-18.098580369633883,0.17899802262029282,0.2899200265520245,0.2153096918403348,-5971.216100801936,-5416.155033269626,2018.5229676191216,0.4444444444444444,0.0,0.25,0.9990028305580162,0.9974534159076383,1.0,-0.0682694849902125,0.0014838044714108605
2.183333333333333,18.60562361953112,3.3713365569550193,18.9085996428058,-1.1759682762708565,-0.5208977713238676,-0.145,0.6966086191444039,-9.59256756734328,87.18100656992426,-18.362749672195424,0.17925490762565166,0.2901696660181165,0.2155797413878944,-5970.925481977767,-5415.859057494477,2020.1708863189106,0.4444444444444444,0.0,0.25,0.9990099047778904,0.9974475486021489,1.0,-0.06826580541087182,0.0014872310705615964
2.2,18.587983632172016,3.3728413921690996,18.891511177421037,-1.1846468960480327,-0.5206093923971021,-0.145,0.6982156273327971,-9.592035413369326,87.35065661747244,-18.628120117551205,0.1794997726566688,0.2904068674417162,0.21583821256383026,-5970.632198599476,-5415.562159338365,2021.8210262016592,0.4444444444444444,0.0,0.25,0.999016605969576,0.9974416737796286,1.0,-0.06826201832056679,0.001490661967686241
2.216666666666667,18.57037470971636,3.3741138880011206,18.874412875331384,-1.193320755097394,-0.520325364501583,-0.145,0.699824405776386,-9.591488423221588,87.51790995617613,-18.894671310596067,0.17973267538052984,0.2906317052182919,0.21608514663439077,-5970.336354815043,-5415.2643769004735,2023.473150018308,0.4444444444444444,0.0,0.25,0.9990229430315095,0.9974357923321954,1.0,-0.06825812564816963,0.0014940966442337318
2.2333333333333334,18.55279865781871,3.3751560425680047,18.857306709847062,-1.201989923827072,-0.5200454853600169,-0.145,0.701434715486658,-9.590926861085846,87.68275674413385,-19.162382782970028,0.17995367074832083,0.2908442509498429,0.21632058222795125,-5970.038050801043,-5414.965748021393,2025.1270240742515,0.4444444444444444,0.0,0.25,0.9990289243361624,0.9974299051375024,1.0,-0.06825412927376669,0.0014975345899733137
2.25,18.535257269012888,3.375969798839999,18.840194641010875,-1.2106544692896126,-0.5197695541929018,-0.145,0.7030463211870634,-9.59035098449564,87.84518732343585,-19.431233994584474,0.18016281102688325,0.29104457348333257,0.21654455536024284,-5969.7373829299595,-5414.666310308973,2026.7824180485297,0.4444444444444444,0.0,0.25,0.9990345577514067,0.9974240130594199,1.0,-0.0682500310301034,0.0015009753025991223
2.2666666666666666,18.517752323306823,3.376557045302711,18.82307861609037,-1.219314455206137,-0.5194973716415846,-0.145,0.7046589911382437,-9.589761044523609,88.00519222042031,-19.701204335152024,0.1803601458294093,0.2912327389477233,0.2167570994584567,-5969.43444392669,-5414.366101162602,2028.4391048235038,0.4444444444444444,0.0,0.25,0.9990398506604472,0.9974181169486875,1.0,-0.06824583270394598,0.0015044182873570513
2.283333333333333,18.500285588762974,3.376919616595925,18.80596057006239,-1.2279699419892354,-0.5192287396930566,-0.145,0.7062724969731584,-9.589157285961706,88.16276214592529,-19.97227312572024,0.18054572214481626,0.29140881078965974,0.2169582453842533,-5969.129323014854,-5414.06515779594,2030.096860324467,0.4444444444444444,0.0,0.25,0.9990448099803967,0.9974122176435266,1.0,-0.06824153603736399,0.001507863056692758
2.3,18.482858822064966,3.377059294129777,18.78884242609036,-1.2366209867646274,-0.518963461606388,-0.145,0.707886613541604,-9.58853994749084,88.31788799553628,-20.244419620209317,0.18071958436593644,0.29157284980784504,0.2171480214557072,-5968.822106053475,-5413.763517258186,2031.7554633686982,0.4444444444444444,0.0,0.25,0.9990494421795755,0.9974063159702171,1.0,-0.06823714272893755,0.0015113091299197143
2.3166666666666664,18.465473769070886,3.376977806678821,18.771726095994644,-1.2452676433916101,-0.518701341840702,-0.145,0.7095011187636866,-9.587909261840478,88.47056084982889,-20.517623006953905,0.18088177431655778,0.2917249141861507,0.2173264534682132,-5968.512875664511,-5413.461216453948,2033.4146955234987,0.4444444444444444,0.0,0.25,0.9990537532935976,0.9974004127436417,1.0,-0.06823265443489315,0.001514756032906379
2.3333333333333335,18.448132165353798,3.3766768309545014,18.75461348071632,-1.253909962482323,-0.5184421859846006,-0.145,0.7111157934918266,-9.587265455938644,88.62077197460643,-20.791862410249205,0.1810323312773476,0.2918650595255022,0.21749356471438153,-5968.201711351719,-5413.158292161766,2035.0743409728057,0.4444444444444444,0.0,0.25,0.99905774894031,0.9973945087677996,1.0,-0.06822807277017112,0.0015182032977815825
2.35,18.430835736729886,3.376157992156495,18.737506470774644,-1.262547991419848,-0.5181858006869497,-0.145,0.7127304213808918,-9.58660875105281,88.76851282113223,-21.06711689190147,0.18117129201069057,0.29199333887457535,0.2176493760029451,-5967.888689611303,-5412.8547810513655,2036.7341863919805,0.4444444444444444,0.0,0.25,0.9990614343336451,0.9973886048362898,1.0,-0.0682233993094283,0.001521650462657266
2.3666666666666667,18.41358619977479,3.3754228645033755,18.72040694671857,-1.271181774375174,-0.5179319935889465,-0.145,0.7143447887661176,-9.585939362921982,88.91377502635613,-21.343365452783043,0.1812986907844702,0.29210980275934084,0.217793905676702,-5967.573884034707,-5412.550719699631,2038.3940208304214,0.4444444444444444,0.0,0.25,0.9990648142964349,0.9973827017327633,1.0,-0.06821863558797807,0.0015250970713678474
2.3833333333333333,18.396385262328423,3.3744729717430255,18.70331677957251,-1.2798113523230372,-0.5176805732573838,-0.145,0.7159586845484989,-9.585257501880415,89.05655041313486,-21.620587034392003,0.18141455939482248,0.29221449921148934,0.21792716962951686,-5967.257365403965,-5412.246144605411,2040.0536356016964,0.4444444444444444,0.0,0.25,0.9990678932722441,0.9973768002313507,1.0,-0.06821378310267066,0.0015285426732255356
2.4,18.379234623988875,3.3733097876431635,18.68623783127681,-1.2884367630566624,-0.51743134911904,-0.145,0.7175719000873233,-9.58456337297333,89.1968309904464,-21.898760520416584,0.1815189271878862,0.29230747379577093,0.21804918132239884,-5966.939201779899,-5411.94109220315,2041.7128241808698,0.4444444444444444,0.0,0.25,0.9990706753362597,0.9973709010970618,1.0,-0.06820884331271677,0.0015319868227908961
2.4166666666666665,18.362135976595642,3.371934736462378,18.66917195512296,-1.297058041201424,-0.5171841313961189,-0.145,0.7191842290996124,-9.583857176064786,89.33460895359751,-22.177864738304464,0.18161182108057702,0.2923887696362768,0.2181599517986778,-5966.619458583512,-5411.635598875384,2043.3713821087854,0.4444444444444444,0.0,0.25,0.9990731642052858,0.9973650050861602,1.0,-0.0682038176404552,0.001535429079658159
2.433333333333333,18.345091004702695,3.370349193401995,18.65212099618403,-1.3056752182274387,-0.5169387310426706,-0.145,0.7207954675661978,-9.58313910593816,89.46987668442442,-22.457878460836977,0.1816932655804069,0.2924584274416939,0.21825948969829617,-5966.298198670823,-5411.329700964147,2045.0291069030434,0.4444444444444444,0.0,0.25,0.9990753632468761,0.9973591129465132,1.0,-0.06819870747206792,0.0015388690082546973
2.45,18.328101386041702,3.368554485039105,18.635086791740488,-1.3142883224611086,-0.5166949596819274,-0.145,0.7224054136442215,-9.582409352389389,89.6026267514864,-22.738780407708372,0.18176328280437265,0.29251648552955956,0.2183478012712335,-5965.975482401448,-5411.023434781291,2046.6857979754623,0.4444444444444444,0.0,0.25,0.9990772754876437,0.9973532254179182,1.0,-0.06819351415824358,0.0015423061776542177
2.466666666666667,18.31116879197579,3.3665518897410456,18.618071171701622,-1.32289737909563,-0.5164526295444878,-0.145,0.7240138675858576,-9.581668100313198,89.73285191025171,-23.02054924711022,0.18182189249693367,0.29256297984954044,0.21842489039008006,-5965.65136770109,-5410.71683661776,2048.341256555831,0.4444444444444444,0.0,0.25,0.9990789036207757,0.9973473432324056,1.0,-0.06818823901479128,0.001545740161403237
2.4833333333333334,18.294294887944194,3.3643426380616153,18.60107595902292,-1.331502410200479,-0.5162115534072897,-0.145,0.7256206316630811,-9.58091552978257,89.86054510327594,-23.303163597320992,0.18186911204709924,0.2925979440057621,0.2184907585617751,-5965.325910118227,-5410.409942751819,2049.9952856217765,0.4444444444444444,0.0,0.25,0.9990802500127841,0.9973414671145198,1.0,-0.06818288332320599,0.0015491705373604624
2.5,18.27748133389816,3.361927913119278,18.584102970119545,-1.3401034347298888,-0.5159715445333091,-0.145,0.7272255100983165,-9.580151816121607,89.98569946037209,-23.58660202830095,0.18190495650464392,0.2926214092782115,0.21854540493852276,-5964.999162875124,-5410.10278945627,2051.6476898345954,0.4444444444444444,0.0,0.25,0.9990813167095188,0.99733559778158,1.0,-0.06817744833118712,0.0015525968875487331
2.5166666666666666,18.26072978472834,3.3593088509575986,18.56715401527619,-1.3487004685303272,-0.515732416611929,-0.145,0.7288283090008427,-9.579377129971924,90.1083082987724,-23.870843063292337,0.1819294385954693,0.29263340464323456,0.21858882632790064,-5964.671176913375,-5409.795413004644,2053.298275480924,0.4444444444444444,0.0,0.25,0.9990821054414629,0.9973297359439164,1.0,-0.06817193525311105,0.001556018798019245
2.533333333333333,18.244041890684123,3.3564865408881257,18.550230899053528,-1.3572935243469886,-0.5154939836999205,-0.145,0.7304288363088185,-9.578591637352753,90.22836512328155,-24.15586518042502,0.1819425687361285,0.29263395679314985,0.21862101720217236,-5964.342000934106,-5409.487849676387,2054.9468504201263,0.4444444444444444,0.0,0.25,0.9990826176283342,0.9973238823050891,1.0,-0.0681663452704588,0.001559435858727778
2.55,18.22741929778509,3.3534620258159245,18.53333542069149,-1.3658826118293075,-0.5152560601629818,-0.145,0.7320269017368547,-9.57779549971488,90.34586362642082,-24.44164681432756,0.18194435504752868,0.29262309015499827,0.21864196970681601,-5964.011681432976,-5409.180135761056,2056.5932240373254,0.4444444444444444,0.0,0.25,0.9990828543830091,0.9973180375620848,1.0,-0.0681606795321999,0.001562847663422766
2.5666666666666664,18.21086364822499,3.3502363025479545,18.51646937450962,-1.374467737535503,-0.5150184606177821,-0.145,0.7336223167290168,-9.57698887398846,90.46079768856309,-24.728166357743778,0.18193480336782789,0.2926008269084466,0.2186516736682792,-5963.680262730093,-5408.872307561489,2058.237207201981,0.4444444444444444,0.0,0.25,0.9990828165147866,0.9973122024054937,1.0,-0.0681549391551327,0.0015662538095449563
2.5833333333333335,18.194376580768413,3.3468103220844476,18.499634550304638,-1.3830489049361616,-0.5147809998744574,-0.145,0.7352148944172282,-9.576171912624877,90.57316137805832,-25.01540216315495,0.18191391726453884,0.2925671870028644,0.21865011660097192,-5963.347786994929,-5408.564401395999,2059.8786122319902,0.4444444444444444,0.0,0.25,0.999082504532001,0.997306377519669,1.0,-0.06814912522418219,0.0015696538981386063
2.6,18.17795973114055,3.3431849898934516,18.482832733745557,-1.3916261144168667,-0.5145434928795083,-0.145,0.7368044495850117,-9.575344763632621,90.68294895134913,-25.303332544407496,0.1818816980458535,0.29252218817358955,0.2186372837135039,-5963.014294266322,-5408.256453599514,2061.517252863249,0.4444444444444444,0.0,0.25,0.9990819186440019,0.9973005635828615,1.0,-0.06814323879265542,0.0015730475337740696
2.6166666666666667,18.16161473241022,3.3393611661686764,18.466065706766436,-1.4001993632798797,-0.514305754659049,-0.145,0.738390798636536,-9.574507570607311,90.79015485307642,-25.591935778346368,0.18183814477120058,0.292465845957399,0.21861315791417862,-5962.679822467624,-5407.948500523732,2063.1529442246697,0.4444444444444444,0.0,0.25,0.9990810587625031,0.9972947612673413,1.0,-0.06813728088245506,0.0015764343244817135
2.6333333333333333,18.145343215366484,3.3353396660707633,18.44933524795708,-1.4087686457448787,-0.5140676002623586,-0.145,0.7399737595709714,-9.573660472755854,90.8947737161745,-25.881190106454078,0.181783254261048,0.2923981737071995,0.21857771981574844,-5962.344407417039,-5407.640578536205,2064.7855028186623,0.4444444444444444,0.0,0.25,0.9990799245023136,0.9972889712394947,1.0,-0.06813125248425139,0.0015798138816971684
2.65,18.129146808889033,3.33112125995209,18.432643132951828,-1.4173339529487583,-0.5138288447056868,-0.145,0.7415531519621492,-9.572803604914741,90.99680036195561,-26.171073736495394,0.18171702110596036,0.2923191826059536,0.21853094773944054,-5962.008082833184,-5407.332724018394,2066.414746507078,0.4444444444444444,0.0,0.25,0.9990785151814505,0.9972831941599045,1.0,-0.06812515455761249,0.0015831858202179023
2.6666666666666665,18.113027140312695,3.3267066735652073,18.415991134816707,-1.4258952729444967,-0.5135893029162656,-0.145,0.7431287969435533,-9.57193709756253,91.09622980018345,-26.461564844167764,0.18163943767492213,0.2922288816798524,0.2184728177182585,-5961.6708803358815,-5407.02497336264,2068.0404945026744,0.4444444444444444,0.0,0.25,0.9990768298206403,0.997277430683412,1.0,-0.0681189880310931,0.0015865497581711773
2.683333333333333,18.0969858357862,3.322096588254989,18.399381024435083,-1.4344525906990895,-0.5133487896764802,-0.145,0.7447005171986759,-9.571061076826405,91.19305722913549,-26.75264157475744,0.1815504941229359,0.2921272778107503,0.21840330349956666,-5961.332829442197,-5406.717362968014,2069.662567366142,0.4444444444444444,0.0,0.25,0.9990748671422081,0.9972716814591545,1.0,-0.06811275380228123,0.001589905316993462
2.7,18.081024520625483,3.317291641134564,18.382814570892055,-1.443005888090555,-0.5131071195681516,-0.145,0.7462681369568166,-9.570175664482877,91.28727803565371,-27.044282044801335,0.18145017839790395,0.29201437574787137,0.21832237654696157,-5960.993957557683,-5406.40992923507,2071.2807870087768,0.4444444444444444,0.0,0.25,0.9990726255683535,0.9972659471305879,1.0,-0.06810645273780319,0.0015932521214214587
2.716666666666667,18.06514481966176,3.3122924252450923,18.366293541857818,-1.4515551439040126,-0.5128641069168842,-0.145,0.7478314819943753,-9.569280977952499,91.37888779518363,-27.33646434375463,0.18133847624680235,0.29189017811880036,0.21823000604143555,-5960.6542899628175,-5406.102708559423,2072.894976700886,0.4444444444444444,0.0,0.25,0.9990701032188111,0.997260228335489,1.0,-0.06810008567328603,0.0015965897994948668
2.7333333333333334,18.049348357584588,3.307099489699412,18.349819703970162,-1.4601003338268326,-0.5126195657364335,-0.145,0.7493903796417491,-9.568377130288551,91.46788227180113,-27.629166535664112,0.1812153712211532,0.2917546854397679,0.2181261588818362,-5960.313849794582,-5405.7957373241225,2074.5049610860387,0.4444444444444444,0.0,0.25,0.9990672979078894,0.9972545257059323,1.0,-0.06809365341327692,0.0015999179825711078
2.75,18.03363675928011,3.3017133398096115,18.333394823216338,-1.468641430442858,-0.512373309673044,-0.145,0.7509446587959498,-9.5674642301596,91.554257418227,-27.92236666084724,0.18108084468180366,0.29160789612524074,0.21801079968462514,-5959.972658023109,-5405.489051890807,2076.1105662013047,0.4444444444444444,0.0,0.25,0.9990642071408816,0.9972488398682537,1.0,-0.06808715673111909,0.0016032363053522592
2.7666666666666666,18.018011650164734,3.296134437198521,18.31702066531449,-1.4771784032257005,-0.512125151949713,-0.145,0.7524941499390573,-9.56654238182582,91.63800937582866,-28.216042737576956,0.18093487580301684,0.29144980649682584,0.217883890782939,-5959.630733423332,-5405.182688589561,2077.71161950362,0.4444444444444444,0.0,0.25,0.9990608281098404,0.9972431714429857,1.0,-0.06808059636878333,0.0016065444059244567
2.783333333333333,18.002474656514426,3.2903631998951517,18.300698996094887,-1.485711218531103,-0.5118749053103328,-0.145,0.7540386851626821,-9.565611685108976,91.71913447460918,-28.51017276377221,0.18077744157588058,0.2912804107914975,0.21774539222495432,-5959.288092541533,-5404.876683707454,2079.3079499024666,0.4444444444444444,0.0,0.25,0.9990571576887034,0.9972375210447759,1.0,-0.0680739730366543,0.0016098419258101181
2.8,17.987021827958905,3.2843977997371243,18.284425699113118,-1.4942398318360572,-0.5116212714812872,-0.145,0.7547962004837315,-9.564959271254477,91.79762921760587,-28.80473468461643,0.1806084531003386,0.29109971091845244,0.21759519802420144,-5959.037350332334,-5404.837005710818,2079.977265579507,0.4444444444444444,0.0,0.25,0.9990531699252431,0.9972335229213614,1.0,-0.06806933011316943,0.0016114591902121505
2.8166666666666664,17.97163920347036,3.2782319946217227,18.268186025718983,-1.502764173916772,-0.5113636377751671,-0.145,0.7549936370061908,-9.564511341837743,91.87349019009766,-29.099706195828222,0.18042768183287977,0.29090754049720946,0.21743300905056445,-5958.970553059435,-5404.866912266637,2080.001711638764,0.4444444444444444,0.0,0.25,0.9990488374539055,0.9972328014370688,1.0,-0.06806614240954516,0.0016118807091577898
2.8333333333333335,17.956327690993398,3.2718652239084967,18.251980883996072,-1.511284184754329,-0.5111023943676786,-0.145,0.7551920228267133,-9.56405226466427,91.94671412685548,-29.395064883004444,0.1802350581807576,0.2907037553102396,0.21725877915933264,-5958.901770406717,-5404.896206076429,2080.028145682047,0.4444444444444444,0.0,0.25,0.9990441986792048,0.9972320771570974,1.0,-0.06806287537256335,0.001612304254816186
2.85,17.94108916762249,3.2652973059423775,18.235812211600983,-1.519799802156147,-0.5108373460822375,-0.145,0.755391378402504,-9.563582015527594,92.01729795799871,-29.690788317259084,0.1800305234035617,0.2904883148529304,0.21707243173758947,-5958.8309225264575,-5404.92490977742,2080.0566127822763,0.4444444444444444,0.0,0.25,0.9990392471936169,0.997231349347388,1.0,-0.06805952882995799,0.0016127298708626394
2.8666666666666667,17.925925519273026,3.258528018683492,18.21968195581551,-1.5283109606603023,-0.5105682961994084,-0.145,0.7555917197485158,-9.563100574808175,92.08523880905314,-29.986854057243438,0.17981401650966408,0.2902611765888776,0.21687388769976362,-5958.757968782761,-5404.953009416684,2080.0871572578208,0.4444444444444444,0.0,0.25,0.9990339767226117,0.9972306179506483,1.0,-0.06805610264210599,0.0016131575914884232
2.8833333333333333,17.91083864095966,3.2515570995242644,18.203592073927616,-1.536817591511699,-0.5102950466184792,-0.145,0.7557930647564347,-9.562607920273374,92.15053400086799,-30.2832396510633,0.1795854742477282,0.29002229591373063,0.2166630655036241,-5958.682867574971,-5404.980490631275,2080.1198253522703,0.4444444444444444,0.0,0.25,0.9990283808880105,0.9972298829034538,1.0,-0.06805259665078808,0.0016135874548915596
2.9,17.895830437075077,3.2443842451605653,18.187544533630394,-1.5453196226397559,-0.5100173979165239,-0.145,0.7559954337872017,-9.562104025818735,92.21318104951285,-30.579922638202586,0.17934483110138905,0.28977162614536767,0.2164398811481036,-5958.605575353246,-5405.00733853434,2080.1546658757643,0.4444444444444444,0.0,0.25,0.9990224530661838,0.9972291441338064,1.0,-0.06804901067023111,0.001614019504541829
2.9166666666666665,17.88090282166747,3.237009111485012,18.171541313431632,-1.5538169786364766,-0.509735149353999,-0.145,0.7561988500546886,-9.561588860717434,92.27317766615512,-30.876880551453336,0.1790920192854287,0.2895091185201041,0.21620424816847889,-5958.526046024518,-5405.033537638918,2080.1917306218975,0.4444444444444444,0.0,0.25,0.9990161863031993,0.9972284015595814,1.0,-0.06804534448176665,0.001614453789999904
2.933333333333333,17.866057718716082,3.229431313485141,18.155584403070392,-1.5623095807342846,-0.5094480988505435,-0.145,0.7564033398989384,-9.561062389144887,92.33052175691714,-31.174090918852063,0.1788269687425422,0.28923472219201174,0.21595607762982977,-5958.444230569805,-5405.059071801485,2080.2310746660337,0.4444444444444444,0.0,0.25,0.9990095732608836,0.9972276550874537,1.0,-0.06804159783044796,0.0016148903675007053
2.95,17.851297062404644,3.221650425136867,18.139675803938758,-1.5707973467832634,-0.509156042943959,-0.145,0.7566089330033011,-9.560524569850298,92.38521142271328,-31.47153126562241,0.17854960714019377,0.2889483842337455,0.21569527811928216,-5958.360076774209,-5405.083924175318,2080.2727566034173,0.4444444444444444,0.0,0.25,0.9990026061794479,0.9972269046120636,1.0,-0.06803777042271245,0.0016153293004169775
2.966666666666667,17.83662279739256,3.2136659792878386,18.123817529507853,-1.579280191227608,-0.5088587767394763,-0.145,0.7568156625856368,-9.559975355904273,92.43724495906658,-31.769179116124015,0.17825985986728798,0.2886500496379931,0.21542175573730857,-5958.273529015012,-5405.108077168167,2080.3168387594974,0.4444444444444444,0.0,0.25,0.9989952768487429,0.9972261500153027,1.0,-0.06803386192458565,0.0016157706596675013
2.9833333333333334,17.822036879084003,3.2054774675276234,18.108011605757756,-1.5877580250811654,-0.5085560938531885,-0.145,0.7570235655804943,-9.559414694483285,92.48662085590449,-32.0670119958075,0.1779576500305021,0.2883396613190622,0.21513541408823378,-5958.184528077547,-5405.13151240112,2080.363387390617,0.4444444444444444,0.0,0.25,0.9989875765837357,0.9972253911656435,1.0,-0.06802987196014726,0.0016162145241060358
3.0,17.807541273894937,3.197084340042917,18.092260071611268,-1.596230755901991,-0.5082477863517467,-0.145,0.7572326828219252,-9.558842526669011,92.53333779733381,-32.365007433175485,0.177642898450194,0.28801716011433975,0.2148361542700236,-5958.093010981859,-5405.154210666879,2080.4124728854454,0.4444444444444444,0.0,0.25,0.9989794962017489,0.9972246279174747,1.0,-0.0680258001101032,0.0016166609809116208
3.0166666666666666,17.793137959518265,3.188486005456666,18.076564979371575,-1.6046982877658724,-0.5079336446894452,-0.145,0.7574430592326138,-9.558258787250189,92.577394661394,-32.6631429617496,0.1773155236558373,0.28768248478547503,0.21452387486339541,-5957.998910810554,-5405.176151886386,2080.464169973259,0.4444444444444444,0.0,0.25,0.9989710260000739,0.9972238601104167,1.0,-0.06802164591037553,0.00161711012599236
3.033333333333333,17.778828925187252,3.179681830650354,18.060928395164044,-1.6131605212387827,-0.5076134576432704,-0.145,0.7576547440228589,-9.55766340451988,92.61879051978906,-32.961396122043226,0.1769754418809539,0.2873355720192077,0.2141984719202676,-5957.902156532183,-5405.1973150631,2080.518557942873,0.4444444444444444,0.0,0.25,0.998962155733152,0.9972230875686047,1.0,-0.06801740885065957,0.0016175620644102403
3.05,17.764616171937394,3.170671140568919,18.045352399382402,-1.6216173533482323,-0.507287012246198,-0.145,0.757867790901777,-9.557056300063714,92.65752463759745,-33.25974446354009,0.1766225670575265,0.2869763564277946,0.21385983895155197,-5957.802672816791,-5405.217678234469,2080.575720874792,0.4444444444444444,0.0,0.25,0.9989528745888427,0.9972223100999281,1.0,-0.068013088372917,0.0016180169108320405
3.0666666666666664,17.75050171286698,3.161453218007859,18.02983908713957,-1.6300686775534927,-0.5069540937188491,-0.145,0.7580822583024976,-9.556437388536484,92.6935964729596,-33.558165546678424,0.17625681080987843,0.2866047705490141,0.2135078669142868,-5957.700379841405,-5405.237218420224,2080.6357478884956,0.4444444444444444,0.0,0.25,0.9989431711634784,0.9972215274952224,1.0,-0.06800868386978604,0.0016184747900101163
3.0833333333333335,17.736487573396523,3.1520273033821304,18.01439056872354,-1.638514383714664,-0.5066144853995234,-0.145,0.7582982096228268,-9.555806577425065,92.72700567674302,-33.85663694484074,0.17587808244801115,0.28622074484573035,0.21314244419810344,-5957.595193083892,-5405.255911567153,2080.6987334064697,0.4444444444444444,0.0,0.25,0.9989330334354879,0.9972207395274016,1.0,-0.06800419468289412,0.0016189358372962048
3.1,17.722575791527266,3.142392594476483,17.999008970058572,-1.6469543580605583,-0.506267968672574,-0.145,0.7585157134827278,-9.555163766796204,92.75775209218453,-34.15513624634893,0.1754862889603916,0.28582420770501427,0.2127634566110159,-5957.48702310393,-5405.273732490091,2080.764777436457,0.4444444444444444,0.0,0.25,0.9989224487374319,0.9972199459505359,1.0,-0.06799962010106315,0.0016194001991911367
3.1166666666666667,17.708768418099094,3.1325482461768543,17.983696433172174,-1.6553884831553727,-0.5059143228950554,-0.145,0.7587348439999471,-9.554508849027899,92.78583575450924,-34.453641056464846,0.17508133500618062,0.2854150854368134,0.21237078736452178,-5957.375775310016,-5405.290654808783,2080.833985873389,0.4444444444444444,0.0,0.25,0.9989114037263104,0.9972191464988592,1.0,-0.06799495935839782,0.0016198680339332865
3.1333333333333333,17.69506751704803,3.1224933701824598,17.96845511666826,-1.6638166378641202,-0.5055533253215537,-0.145,0.7589556810851463,-9.553841708523047,92.81125689052612,-34.75212899939599,0.17466312290689529,0.2849933022721687,0.21196431705800015,-5957.2613497114435,-5405.306650880325,2080.9064708224955,0.4444444444444444,0.0,0.25,0.9988998843520138,0.9972183408857106,1.0,-0.06799021163224772,0.0016203395121286669
3.15,17.681475165663585,3.1122270346981877,17.953287196206837,-1.6722386973167882,-0.5051847510270971,-0.145,0.7591783107579774,-9.553162221404259,92.83401591819984,-35.05057772030648,0.17423155263749654,0.28455878036097715,0.21154392366239197,-5957.143640654215,-5405.321691726847,2080.982350945164,0.4444444444444444,0.0,0.25,0.9988878758237906,0.997217528802398,1.0,-0.0679853760410356,0.001620814817425736
3.1666666666666665,17.66799345484633,3.101748264106912,17.93819486499082,-1.6806545328711915,-0.5048083728280318,-0.145,0.7594028254856244,-9.55247025518848,92.85411344619835,-35.34896488733298,0.1737865218168928,0.2841114397692959,0.21110948250314512,-5957.022536539811,-5405.335746958057,2081.0617518292397,0.4444444444444444,0.0,0.25,0.9988753625746019,0.9972167099169813,1.0,-0.06798045164194165,0.0016212941472381714
3.183333333333333,17.65462448936589,3.091056038621306,17.923180334260298,-1.6890640120744829,-0.504423961200739,-0.145,0.7596293245454603,-9.551765668440114,92.87155027341635,-35.647268193605676,0.1733279256978512,0.2836511984761886,0.21066086624240804,-5956.897919525652,-5405.348784688295,2081.144806385578,0.4444444444444444,0.0,0.25,0.9988623282232273,0.9972158838729712,1.0,-0.06797543742843506,0.0016217777135191264
3.2,17.641370388119828,3.0801492939147277,17.90824583379496,-1.6974669986232862,-0.5040312841980609,-0.145,0.7598579144135901,-9.551048310401292,92.88632738847382,-35.94546535927405,0.17285565715630483,0.28317797237010967,0.21019794486045087,-5956.769665206055,-5405.360771447638,2081.2316552728007,0.4444444444444444,0.0,0.25,0.9988487555339762,0.9972150502879324,1.0,-0.06797033232764277,0.001622265743590755
3.216666666666667,17.628233284393627,3.069026920730729,17.89339361242504,-1.705863352322413,-0.5036301073632956,-0.145,0.7600887091812013,-9.550318020597622,92.8984459691897,-36.24353413353759,0.17236960668004647,0.2826916752448259,0.20972058563629548,-5956.637642272377,-5405.371672086615,2081.322447352386,0.4444444444444444,0.0,0.25,0.998834626373852,0.9972142087519893,1.0,-0.06796513519754378,0.0016227584810331026
3.2333333333333334,17.615215326122268,3.057687764470728,17.878625938551508,-1.7142529290421153,-0.5032201936416106,-0.145,0.7603218310007984,-9.549574628417954,92.90790738203019,-36.54145229668107,0.17186966235679643,0.282192218794873,0.2092286531275306,-5956.501712150922,-5405.381449674049,2081.417340176372,0.4444444444444444,0.0,0.25,0.9988199216670033,0.9972133588262219,1.0,-0.06795984482397853,0.001623256186636798
3.25,17.602318676153775,3.0461306247593503,17.863945100676077,-1.7226355806738374,-0.5028013032887155,-0.145,0.7605574105645813,-9.548817952666251,92.91471318153155,-36.83919766211469,0.1713557098616322,0.2816795126105436,0.20872200914929057,-5956.361728617133,-5405.390065387457,2081.516500510183,0.4444444444444444,0.0,0.25,0.9988046213462852,0.9972125000409483,1.0,-0.0679544599174598,0.0016237591394243724
3.2666666666666666,17.589545512515144,3.0343542549869427,17.849353407941674,-1.731011155084413,-0.5023731937766284,-0.145,0.7607955876174091,-9.548047801083744,92.91886510969684,-37.136748078418655,0.1708276324437672,0.2811534641724054,0.20820051275237164,-5956.217537384423,-5405.397478395463,2081.620104893274,0.4444444444444444,0.0,0.25,0.9987887043017422,0.9972116318938835,1.0,-0.06794897910977203,0.0016242676377454174
3.283333333333333,17.576898028681185,3.0223573618287305,17.834853190684157,-1.7393794960686615,-0.5019356196963553,-0.145,0.7610365115070087,-9.54726396983932,92.92036509536656,-37.434081431392435,0.17028531091266416,0.28061397884534633,0.20766402020046015,-5956.068975665917,-5405.403645731533,2081.7283402405305,0.4444444444444444,0.0,0.25,0.9987721483258076,0.9972107538481618,1.0,-0.06794340095034485,0.0016247820004512553
3.3,17.564378433846738,3.010138604740078,17.820446800995953,-1.747740443300327,-0.5014883326572942,-0.145,0.7612803417743104,-9.546466242985888,92.91921525356278,-37.73117564610849,0.16972862362346922,0.28006095987214463,0.20711238494644507,-5955.915871707185,-5405.408522158404,2081.841404487622,0.4444444444444444,0.0,0.25,0.9987549300550006,0.9972098653302187,1.0,-0.067937723902384,0.0016253025681552836
3.3166666666666664,17.55198895320285,2.9976965954272767,17.80613661330248,-1.7560938322813053,-0.5010310811831641,-0.145,0.7615272487870572,-9.545654391880342,92.91541788480625,-38.02800868897048,0.16915744646175015,0.27949430836655986,0.2065454576077842,-5955.758044287963,-5405.412060022381,2081.9595072837856,0.4444444444444444,0.0,0.25,0.9987370249078836,0.9972089657275164,1.0,-0.06793194633874375,0.0016258297045857054
3.3333333333333335,17.539731828217555,2.9850298972932916,17.791925024952267,-1.7644394942890989,-0.5005636106042439,-0.145,0.7617774144200815,-9.544828174564561,92.90897547440657,-38.324558569775995,0.16857165282752362,0.27891392330594406,0.20596308594089394,-5955.595302190651,-5405.41420909673,2082.082870735807,0.4444444444444444,0.0,0.25,0.9987184070190313,0.9972080543860996,1.0,-0.06792606653752158,0.00162636379803789
3.35,17.52760931692178,2.97213702485784,17.77781445682157,-1.7727772563224347,-0.500085662945697,-0.145,0.7620310327859766,-9.543987335104571,92.8998906917248,-38.620803343783706,0.16797111361855344,0.27831970152336927,0.2053651148145287,-5955.427443633217,-5405.414916413238,2082.2117302073293,0.4444444444444444,0.0,0.25,0.9986990491687318,0.9972071306079752,1.0,-0.06792008267735541,0.00162690526293433
3.3666666666666667,17.515623694201256,2.959016443151189,17.763807353934673,-1.7811069410449776,-0.4995969768117388,-0.145,0.7622883110201957,-9.54313160288496,92.88816638940828,-38.91672111378503,0.16735569721290258,0.27771153769926993,0.20475138618211622,-5955.254255663945,-5405.414126080966,2082.3463351779615,0.4444444444444444,0.0,0.25,0.9986789227081326,0.9972061936482919,1.0,-0.06791399283240226,0.0016274545415007936
3.3833333333333333,17.50377725209507,2.9456665670810143,17.749906186100805,-1.7894283667270683,-0.4990972872653945,-0.145,0.7625494701249795,-9.542260691855118,92.87380560259736,-39.2122900321803,0.16672526945072003,0.27708932435259803,0.2041217390530098,-5955.075513515258,-5405.411779091135,2082.486950167072,0.4444444444444444,0.0,0.25,0.9986579974795107,0.9972052427123143,1.0,-0.06790779496697405,0.0016280121055680767
3.4,17.49207230010173,2.932085760771647,17.736113448568883,-1.7977413471854087,-0.49858632570357203,-0.145,0.7628147458769069,-9.541374299723863,92.85681154810374,-39.50748830305946,0.1660796936152429,0.27645295183148877,0.20347600946262126,-5954.890979913637,-5405.407813106938,2082.633855727598,0.4444444444444444,0.0,0.25,0.9986362417313281,0.9972042769521641,1.0,-0.06790148692980619,0.0016285784585095857
3.4166666666666665,17.480511165493663,2.9182723368750287,17.722431662701332,-1.8060456917206125,-0.498063819727163,-0.145,0.7630843898033025,-9.54047210709852,92.83718762355996,-39.80229418428743,0.16541883041299466,0.2758023083034371,0.2028140304413915,-5954.700404342393,-5405.402162237036,2082.7873495156828,0.4444444444444444,0.0,0.25,0.998613622027708,0.9972032954633181,1.0,-0.06789506644793078,0.0016291541373259293
3.433333333333333,17.46909619364114,2.9042245558526436,17.70886337666833,-1.8143412050525385,-0.4975294930058633,-0.145,0.7633586702331999,-9.539553776564336,92.81493740653998,-40.09668598959415,0.16474253795315674,0.2751372797449835,0.20213563198255663,-5954.503522253776,-5405.3947567912965,2082.947747442479,0.4444444444444444,0.0,0.25,0.9985901031519318,0.9972022972808366,1.0,-0.06788853112012523,0.001629739714888681
3.4499999999999997,17.45782974834663,2.889940625227711,17.6954111661639,-1.8226276872533111,-0.4969830651373848,-0.145,0.7636378734290972,-9.538618951699636,92.79006465365013,-40.39064209066942,0.16405067172609455,0.2744577499309091,0.20144064100866424,-5954.300054226671,-5405.38552301727,2083.115384915059,0.4444444444444444,0.0,0.25,0.9985656480035349,0.9972012813753047,1.0,-0.0678818784099036,0.0016303358023566318
3.466666666666667,17.446714212190845,2.875418698806873,17.68207763514543,-1.8309049336779326,-0.49642425150071023,-0.145,0.763922304806306,-9.537667256021836,92.76257329959051,-40.68414091926277,0.16334308458101357,0.27376360042294323,0.20072888133679212,-5954.089705065736,-5405.374382815701,2083.290618174012,0.4444444444444444,0.0,0.25,0.9985402174885393,0.9972002466484601,1.0,-0.0678751056380159,0.0016309430517790506
3.4833333333333334,17.43575198689166,2.8606568758706117,17.66886541659827,-1.839172734892386,-0.49585276310301835,-0.145,0.7642122902473257,-9.536698291858931,92.73246745618607,-40.97716096928842,0.16261962670272456,0.27305471055798314,0.20000017364241965,-5953.87216283758,-5405.361253433212,2083.4738257359936,0.4444444444444444,0.0,0.25,0.9985137704023285,0.9971991919284761,1.0,-0.06786820997441692,0.0016315621589018206
3.5,17.42494549367736,2.8456532003315966,17.655777173327273,-1.8474308765991156,-0.4952683064198835,-0.145,0.7645081775193922,-9.53571163914068,92.69975141138738,-41.26968079893557,0.16188014558749378,0.27233095743583197,0.19925433542189955,-5953.647097839127,-5405.346047130173,2083.6654099503344,0.4444444444444444,0.0,0.25,0.9984862633046276,0.9971981159648831,1.0,-0.06786118842966371,0.0016321938661938453
3.5166666666666666,17.414297173675653,2.8304056598601637,17.642815598777204,-1.8556791395597714,-0.4946705832283272,-0.145,0.7648103378040857,-9.534706854103096,92.66442962824055,-41.56167903278425,0.16112448601795581,0.2715922159064581,0.1984911809534756,-5953.414161492969,-5405.32867082148,2083.865798679606,0.4444444444444444,0.0,0.25,0.9984576503860136,0.9971970174230814,1.0,-0.06785403784569607,0.0016328389661127037
3.533333333333333,17.403809488320185,2.814912184976094,17.629983417884166,-1.8639172995150906,-0.4940592904322709,-0.145,0.7651191673487711,-9.533683467899442,92.62650674382581,-41.853134363927026,0.16035249003706464,0.2708383585567844,0.19771052125678862,-5953.172985164021,-5405.309025687834,2084.0754471150594,0.4444444444444444,0.0,0.25,0.9984278833253273,0.997195894878424,1.0,-0.06784675488595163,0.001633498304630403
3.55,17.39348491977627,2.799170648105857,17.6172833879603,-1.8721451271017888,-0.4934341198799102,-0.145,0.7654350892505267,-9.53264098511013,92.5859875681647,-42.144025556096906,0.1595639969210598,0.27006925569701545,0.19691216405081188,-5952.923178891351,-5405.287006754794,2084.2948397388504,0.4444444444444444,0.0,0.25,0.9983969111373178,0.9971947468098206,1.0,-0.06783933602476147,0.0016341727850419992
3.5666666666666664,17.383325971387865,2.7831788626044736,17.604718299614344,-1.8803623877663178,-0.4927947581724969,-0.145,0.765758555384314,-9.531578882143462,92.54287708309509,-42.434331445801675,0.15875884315142427,0.26928477534651496,0.1960959137101533,-5952.664330028471,-5405.262502436668,2084.524492446179,0.4444444444444444,0.0,0.25,0.9983646800097863,0.9971935715928306,1.0,-0.06783177753596899,0.0016348633720821564
3.5833333333333335,17.373335168147914,2.7669345817411326,17.592290977710665,-1.8885688416753408,-0.492140886463984,-0.145,0.7660900484882179,-9.53049660551819,92.4971804411139,-42.7240309444652,0.15793686238581056,0.2684847832192467,0.19526157121966028,-5952.39600178485,-5405.235394041944,2084.764954841701,0.4444444444444444,0.0,0.25,0.9983311331294421,0.9971923674921891,1.0,-0.06782407548070768,0.0016355710963770532
3.6,17.36351505719441,2.7504354976477092,17.580004282369718,-1.8967642436227696,-0.4914721802509488,-0.145,0.766430084419894,-9.529393570018245,92.44890296418696,-43.013103040576205,0.15709788542791284,0.2676691427087975,0.19440893412726035,-5952.117731660751,-5405.205555236676,2085.016812726049,0.4444444444444444,0.0,0.25,0.998296210495619,0.9971911326537242,1.0,-0.06781622569426918,0.0016362970592618035
3.6166666666666667,17.353868208334752,2.7336792402293115,17.567861110013148,-1.9049483429331922,-0.4907883091521725,-0.145,0.7667792145997399,-9.528269156708985,92.39805014252566,-43.3015268018449,0.15624174019626327,0.26683771487300295,0.1935377964949682,-5951.829029766793,-5405.172851461861,2085.2806907898294,0.4444444444444444,0.0,0.25,0.9982598487209279,0.9971898650956094,1.0,-0.06780822377198586,0.00163704243799653
3.6333333333333333,17.344397214601265,2.716663376036003,17.55586439445701,-1.9131208833615143,-0.49008893667721215,-0.145,0.7671380286578501,-9.52712271080336,92.34462763332972,-43.58928137736811,0.1553682516919321,0.26599035841820085,0.19264794884798733,-5951.5293770189055,-5405.13713930035,2085.557255534233,0.4444444444444444,0.0,0.25,0.9982219808178475,0.997188562698878,1.0,-0.06780006505404533,0.0016378084914175043
3.65,17.335104692840865,2.6993854070948458,17.54401710805681,-1.9212816029886217,-0.4893737199832554,-0.145,0.7675071573035379,-9.525953539365299,92.28864125949592,-43.876345999803696,0.15447724196511306,0.26512692968314355,0.19173917812183394,-5951.218223198484,-5405.098265788539,2085.8472184393377,0.4444444444444444,0.0,0.25,0.998182535970171,0.9971872231971542,1.0,-0.06779174460914647,0.001638596566063459
3.6666666666666665,17.3259932843424,2.6818427697014364,17.532322262908522,-1.9294302341128613,-0.48864230961950195,-0.145,0.7678872754381179,-9.524760908836416,92.23009700829192,-44.162699987554795,0.15356853008057686,0.26424728262260433,0.19081126760740605,-5950.894984866649,-5405.056067667358,2086.151339403318,0.4444444444444444,0.0,0.25,0.9981414392881347,0.9971858441655063,1.0,-0.06778325721689824,0.0016394081028212521
3.683333333333333,17.317065655505264,2.664032833170116,17.520782912110075,-1.937566503137124,-0.4878943492582636,-0.145,0.7682791055337239,-9.52354404237089,92.16900102999502,-44.44832274696488,0.15264193208197943,0.2633512687907202,0.189863996893922,-5950.559043120535,-5405.01037056668,2086.4704304781744,0.4444444444444444,0.0,0.25,0.9980986115459625,0.9971844230083535,1.0,-0.06777459734885316,0.0016402446441395068
3.6999999999999997,17.308324498553443,2.645952898542087,17.5094021510881,-1.945690130451303,-0.487129475411922,-0.145,0.7686834213033341,-9.522302116961761,92.10535963649497,-44.73319377452448,0.15169726095501362,0.26243873732412026,0.18889714180964973,-5950.209741178386,-5404.960988116506,2086.805359930262,0.4444444444444444,0.0,0.25,0.9980539689004413,0.9971829569463317,1.0,-0.06776575914805663,0.0016411078418639632
3.716666666666667,17.299772532299446,2.6276001972506955,17.498183118995364,-1.9538008303098744,-0.4863473171348232,-0.145,0.7691010516897442,-9.521034260340407,92.03917929986036,-45.017292659090614,0.1507343265893982,0.26150953492489754,0.18791047436034714,-5949.846381779084,-5404.907720977638,2087.157056656848,0.4444444444444444,0.0,0.25,0.9980074225890425,0.997181443002022,1.0,-0.06775673640698188,0.0016419994657537777
3.7333333333333334,17.291412502963063,2.6089718897432133,17.48712900018461,-1.9618983107043457,-0.4855474957091289,-0.145,0.7695328852041593,-9.519739547629175,91.97046665086802,-45.300599084120044,0.14975293573970191,0.26056350584348986,0.18690376266533432,-5949.468224380359,-5404.850355783648,2087.5265149932247,0.4444444444444444,0.0,0.25,0.9979588786059594,0.9971798779844271,1.0,-0.06774752254370832,0.0016429214127442367
3.75,17.283247185050357,2.590065064058508,17.47624302576522,-1.9699822732302932,-0.48472962431357675,-0.145,0.7699798746483147,-9.518416997725014,91.89922847749459,-45.58309282991764,0.14875289198500755,0.2596004918615493,0.18587677089111823,-5949.074482138502,-5404.788663985169,2087.914799948594,0.4444444444444444,0.0,0.25,0.9979082373543061,0.9971782584720846,1.0,-0.06773811057618556,0.0016438757170282943
3.7666666666666666,17.27527938229891,2.5708767343600853,17.46552847524963,-1.9780524129486887,-0.48389330767403455,-0.145,0.770443042257638,-9.517065569390006,91.82547172336976,-45.86475377590121,0.14773399568742585,0.25862033227488745,0.18482925918249127,-5948.664318650781,-5404.722400586362,2088.323052913019,0.4444444444444444,0.0,0.25,0.9978553932725649,0.9971765807946734,1.0,-0.0677284930944116,0.001644864561037014
3.783333333333333,17.26751192869582,2.5514038394241085,17.454988678297116,-1.9861084182412023,-0.48303814169465814,-0.145,0.7709234853070115,-9.515684157022008,91.74920348619023,-46.145561902884396,0.1466960439494805,0.25762286387660027,0.18376098359102705,-5948.23684443999,-5404.651302762396,2088.7524978823494,0.4444444444444444,0.0,0.25,0.9978002344332066,0.9971748410129708,1.0,-0.0677186622303344,0.0016458902874076423
3.8,17.25994768957577,2.5316432410821093,17.44462701656326,-1.9941499706591448,-0.48216371306838507,-0.145,0.7714223822251886,-9.514271586076138,91.67043101609357,-46.42549729537923,0.14563883057039306,0.256607920940492,0.18267169600090066,-5947.791113158617,-5404.575088345397,2089.2044482531273,0.4444444444444444,0.0,0.25,0.9977426421112281,0.9971730348969979,1.0,-0.06770860962526878,0.0016469554120376415
3.8166666666666664,17.252589562807106,2.5115917226182765,17.4344469256643,-2.0021767447656895,-0.4812695988654151,-0.145,0.7719409992689591,-9.512826608104644,91.58916171399126,-46.704540143920354,0.14456214600130832,0.25557533520493264,0.1815611440519635,-5947.326117487956,-5404.493454164876,2089.680314245225,0.4444444444444444,0.0,0.25,0.9976824903201549,0.9971711579021653,1.0,-0.06769832639459748,0.0016480626383337583
3.8333333333333335,17.245440480074787,2.491245987121411,17.4244518972664,-2.0101884079709933,-0.4803553660982398,-0.145,0.7724806978138067,-9.511347895379528,91.50540312985969,-46.98267074741281,0.1434657772995171,0.25452493585730607,0.1804290710600099,-5946.8407847051285,-5404.406074227044,2090.1816110163945,0.4444444444444444,0.0,0.25,0.997619645312843,0.9971692051432244,1.0,-0.06768780308950292,0.0016492148727772827
3.85,17.23850340826992,2.4706026557918355,17.41464548131082,-2.0181846203598135,-0.47942057126169463,-0.145,0.77304294232411,-9.509834035058402,91.41916296098827,-47.25986951550584,0.14234950808174615,0.2534565495192269,0.1792752159341804,-5946.33397188833,-5404.312597715483,2090.7099675400996,0.4444444444444444,0.0,0.25,0.997553965044179,0.997167171365794,1.0,-0.0676770296554483,0.0016504152419401033
3.8666666666666667,17.231781350996677,2.449658266203839,17.405031288387207,-2.0261650345111777,-0.47846475984640996,-0.145,0.7736293090730175,-9.50828352285007,91.33044905018355,-47.53611697099511,0.1412131184766066,0.2523700002327313,0.1780993130914558,-5945.804460727771,-5404.212646793597,2091.2671363260815,0.4444444444444444,0.0,0.25,0.9974852985925243,0.997165050915218,1.0,-0.06766599538709855,0.0016516671111012837
3.8833333333333333,17.225277350208465,2.4284092705245506,17.39561299226832,-2.034129295309656,-0.47748746582393997,-0.145,0.7742414956901118,-9.506694756131548,91.23926938392778,-47.81139375225611,0.14005638507631304,0.25126510944767355,0.17690109236821105,-5945.250951906524,-5404.10581418683,2091.8550040722143,0.4444444444444444,0.0,0.25,0.9974134855364679,0.9971628377024732,1.0,-0.06765468887933737,0.0016529741046309402
3.9,17.218994487986606,2.4068520336905115,17.38639433262093,-2.0420770397477415,-0.47648821110174316,-0.145,0.7748813316238881,-9.505066026463142,91.14563209049119,-48.08568061571182,0.13887908088781237,0.2501416960105969,0.17568027892881102,-5944.672059011978,-5403.991660519957,2092.475603346391,0.4444444444444444,0.0,0.25,0.9973383552831497,0.9971605251668182,1.0,-0.06764309797400053,0.0016543401283272054
3.9166666666666665,17.212935888476068,2.384982831543649,17.37737911790916,-2.050007896718812,-0.4754665049460844,-0.145,0.7755507896161409,-9.503395511442358,91.04954543799589,-48.35895843833802,0.13768097528349058,0.24899957615538076,0.17443659317125285,-5944.066301934669,-5403.869711381634,2093.131125408694,0.4444444444444444,0.0,0.25,0.9972597263440818,0.9971581062348427,1.0,-0.06763120970190402,0.0016557693939135787
3.933333333333333,17.207104719994494,2.3627978489288974,17.368571228508113,-2.057921486800122,-0.47442184337081794,-0.145,0.7762519982966826,-9.501681265830976,90.95101783243014,-48.63120822020982,0.13646183395166242,0.2478385634960129,0.17316975062988224,-5943.432099706926,-5403.739454084901,2093.823934297063,0.4444444444444444,0.0,0.25,0.9971774055540354,0.9971555732755246,1.0,-0.06761901021969953,0.0016572664459281374
3.9499999999999997,17.20150419733253,2.3402931777563,17.35997462004773,-2.065817422025234,-0.47335370848990227,-0.145,0.7769872560195782,-9.499921211882244,90.85005781561128,-48.90241108709357,0.1352214188470884,0.24665846902188004,0.17187946187524084,-5942.767762728902,-5403.60033408833,2094.5565823142892,0.4444444444444444,0.0,0.25,0.9970911872281589,0.9971529180508735,1.0,-0.06760648474103771,0.0016588361912633356
3.966666666666667,17.196137584265355,2.317464815031151,17.351593327008644,-2.07369530564526,-0.4722615678313858,-0.145,0.7777590460765008,-9.498113128787034,90.7466740630952,-49.172548293088624,0.13395948814181294,0.24545910109602825,0.17056543241113936,-5942.071484324293,-5403.451751037898,2095.33182707069,0.4444444444444444,0.0,0.25,0.9970008522520657,0.9971501316616729,1.0,-0.06759361746146135,0.0016604839316458986
3.9833333333333334,17.19100819629773,2.29430866085657,17.343431466594414,-2.0815547318782444,-0.47114487361049495,-0.145,0.7785700534390774,-9.496254641148578,90.64087538203034,-49.44160122332386,0.1326757961766711,0.24424026545690508,0.16922736256909102,-5941.341331562034,-5403.293054384482,2096.152650255471,0.4444444444444444,0.0,0.25,0.9969061670991546,0.9971472044877843,1.0,-0.06758039147638543,0.0016622153993810518
4.0,17.18611940366721,2.2708205164138824,17.335493242906956,-2.0893952856459856,-0.47000306195935,-0.145,0.7794231832005387,-9.494343206384979,90.53267070895402,-49.709551396714375,0.13137009341387837,0.24300176522416833,0.1678649474002961,-5940.575235273696,-5403.123538525844,2097.0222783309564,0.4444444444444444,0.0,0.25,0.9968068827689063,0.9971441261224142,1.0,-0.06756678869144685,0.0016640367967246915
4.016666666666667,17.181474634633034,2.246996081927321,17.327782951455013,-2.0972165422975433,-0.46883555211073585,-0.145,0.7803215809078144,-9.492376100947103,90.42206910752827,-49.97638046878441,0.1300421263911913,0.2417434009092258,0.16647787656542792,-5939.770979189027,-5402.942437415051,2097.944205367792,0.4444444444444444,0.0,0.25,0.9967027336393466,0.9971408852996545,1.0,-0.06755278972442348,0.001665954839291582
4.033333333333333,17.177077379081492,2.222830954620894,17.32030498402883,-2.105018067318638,-0.46764174553326576,-0.145,0.7812686549988935,-9.490350405226078,90.30907976621272,-50.24207023456304,0.12869163767821457,0.24046497043126422,0.16506583422254714,-5938.9261881037855,-5402.74891856948,2098.9222182664644,0.4444444444444444,0.0,0.25,0.9965934362262416,0.9971374698145513,1.0,-0.06753837379782798,0.0016679768039582073
4.05,17.172931192481908,2.198320626676828,17.31306383397782,-2.112799416026109,-0.46642102501520216,-0.145,0.7822681015870935,-9.48826298700989,90.19371199587091,-50.50660263155992,0.12731836583553224,0.23916626913962946,0.1636284989135584,-5938.038314985111,-5402.542076405285,2099.9604246413123,0.4444444444444444,0.0,0.25,0.9964786878409303,0.9971338664348313,1.0,-0.06752351862117616,0.0016701105817761785
4.066666666666666,17.169039700231615,2.1734604832068265,17.306064101932332,-2.120560133246537,-0.46517275369414424,-0.145,0.7833239318644166,-9.486110483331395,90.07597522730715,-50.769959742829286,0.12592204537745896,0.23784708984354203,0.16216554344973302,-5937.104626909385,-5402.320924811797,2101.0632836784193,0.4444444444444444,0.0,0.25,0.9963581651379667,0.9971300608033327,1.0,-0.06750820026180775,0.0016723647364772834
4.083333333333333,17.165406602432633,2.1482458002494975,17.29931050201503,-2.128299752978112,-0.4638962740297652,-0.145,0.7844405024308906,-9.483889280531105,89.95587900872961,-51.032123800130805,0.12450240673934483,0.2365072228502674,0.1606766347969457,-5936.122189716364,-5402.084388868104,2102.2356403187478,0.4444444444444444,0.0,0.25,0.9962315225429553,0.9971260373300501,1.0,-0.06749239300300262,0.001674748569225397
4.1,17.162035679148072,2.1226717428098008,17.292807868593076,-2.1360177980347546,-0.4625909067167918,-0.145,0.7856225488963606,-9.481595492335991,89.83343300313565,-51.293077187197404,0.12305917625052708,0.23514645601301887,0.15916143396142457,-5935.087851250734,-5401.831295589954,2103.4827631635617,0.4444444444444444,0.0,0.25,0.9960983905500993,0.9971217790725649,1.0,-0.0674760691879779,0.0016772721903549402
4.116666666666666,17.158930796191875,2.0967333629592773,17.2865611636279,-2.1437137796714767,-0.4612559495354749,-0.145,0.7868752231463739,-9.479224935730882,89.70864698561456,-51.552802443120676,0.12159207611420987,0.23376457479004883,0.15761959587699473,-5933.998223048152,-5401.5603635788,2104.810386551316,0.4444444444444444,0.0,0.25,0.9959583738780481,0.9971172676034853,1.0,-0.06745919904817604,0.0016799465989320267
4.133333333333333,17.1560959115122,2.0704255980192325,17.280575484686235,-2.1513871971899086,-0.45989067613691625,-0.145,0.7882041347153647,-9.476773104370547,89.58153084056254,-51.81128226586611,0.12010082439577113,0.2323613623165917,0.15605076929500755,-5932.849660307177,-5401.270191425696,2106.224757314792,0.4444444444444444,0.0,0.25,0.9958110494716192,0.9971124828633203,1.0,-0.06744175051405107,0.0016827837710845321
4.15,17.15353508223615,2.0437432688530164,17.27485607368375,-2.159037537522878,-0.4584943347608154,-0.145,0.7896153967693866,-9.474235139248156,89.45209455880382,-52.068499515931244,0.1185851350212488,0.2309365994915549,0.154454596678402,-5931.638239970902,-5400.959244700569,2107.7326867955508,0.4444444444444444,0.0,0.25,0.9956559643358733,0.9971074029970166,1.0,-0.06742368900632978,0.0016857967581733568
4.166666666666667,17.15125247245196,2.016681078298233,17.26940832644117,-2.1666642747968936,-0.4570661468834908,-0.145,0.7911156772682619,-9.471605796298608,89.32034823461176,-52.32443722016161,0.11704471778805706,0.2294900650811264,0.15283071410164573,-5930.3597367224265,-5400.625841331485,2109.341608771033,0.4444444444444444,0.0,0.25,0.9954926331878367,0.9971020041721507,1.0,-0.06740497720545975,0.0016889997960215326
4.183333333333334,17.149252361814305,1.989233609775186,17.264237803142446,-2.17426686987136,-0.455605305794455,-0.145,0.7927122559545877,-9.468879410572628,89.18630206262208,-52.579078575740866,0.11547927839033101,0.22802153584177742,0.15117875115866364,-5929.009596676336,-5400.268135148031,2111.059644039534,0.4444444444444444,0.0,0.25,0.9953205359098972,0.9970962603764835,1.0,-0.06738557479665333,0.0016924084265834349
4.2,17.147539155069435,1.9613953261142971,17.25935023979589,-2.1818447698533046,-0.45411097510040044,-0.145,0.794413087906178,-9.4660498565685,89.04996633463057,-52.83240695437313,0.11388851846170374,0.22653078666549534,0.14949833088128522,-5927.582908523677,-5399.88409732732,2112.8956725116313,0.4444444444444444,0.0,0.25,0.9951391147875337,0.9970901431922832,1.0,-0.06736543818758707,0.0016960396336266606
4.216666666666667,17.146117392609185,1.9331605686527988,17.254751560811567,-2.1893974075864184,-0.4525822871562316,-0.145,0.7962268744910712,-9.463110504251759,88.91135143626583,-53.08440590667791,0.11227213563879758,0.22501759075049407,0.1477890696712526,-5926.07437186029,-5399.471495439091,2114.85941377569,0.4444444444444444,0.0,0.25,0.9949477715125745,0.9970836215444587,1.0,-0.0673445201954145,0.0016999119942180843
4.233333333333333,17.144991762177067,1.9045235566599104,17.250447892822727,-2.196924201113187,-0.45101834142381075,-0.145,0.7981631426823956,-9.460054170227945,88.77046784352675,-53.33505916681993,0.11062982364927215,0.22348171980112405,0.1460505772494351,-5924.478262397313,-5399.027869736843,2116.961517242319,0.4444444444444444,0.0,0.25,0.994745863931635,0.9970766614191304,1.0,-0.06732276969928554,0.00170404584805787
4.25,17.144167111866057,1.8754783871601788,17.246445579895433,-2.204424553108937,-0.4494182027604247,-0.145,0.8002323338267354,-9.456873063457804,88.62732611917332,-53.58435065739898,0.1089612724289272,0.2219229442612501,0.14428245662661474,-5922.788393717935,-5398.550506283224,2119.2136631312164,0.4444444444444444,0.0,0.25,0.9945327025177356,0.9970692255487824,1.0,-0.06730013125402705,0.0017084634869963212
4.266666666666667,17.143648464566084,1.8460190352370602,17.242751200289256,-2.211897850286653,-0.44778089964071544,-0.145,0.8024459031172138,-9.453558724816705,88.48193690895775,-53.83226449462769,0.10726616827313518,0.22034103358600146,0.14248430410107152,-5920.998075205322,-5398.036406428505,2121.6286757472176,0.4444444444444444,0.0,0.25,0.9943075465413846,0.9970612730595968,1.0,-0.06727654466001552,0.0017131893674048695
4.283333333333333,17.14344103404068,1.8161393549134368,17.239371584953297,-2.2193434627715223,-0.4461054223180405,-0.145,0.8048164312049028,-9.450101959697786,88.33431093768138,-54.07878499382829,0.1055441940287902,0.2187357565575312,0.1406557092892196,-5919.100065722736,-5397.482252078168,2124.2206507048268,0.4444444444444444,0.0,0.25,0.9940695999155997,0.9970527590759272,1.0,-0.0672519444835453,0.0017182503484618943
4.3,17.14355024283664,1.7858330807230884,17.236313837966314,-2.2267607434442818,-0.4443907209340626,-0.145,0.807357749593532,-9.446492762739194,88.18445900506103,-54.32389667528341,0.10379502933403818,0.217106881651274,0.13879625519677966,-5917.086522577552,-5396.884366087078,2127.005098006958,0.4444444444444444,0.0,0.25,0.9938180066875131,0.9970436342761247,1.0,-0.06722625952114758,0.0017236759598653264
4.316666666666666,17.143981742258717,1.7550938301076757,17.23358535915792,-2.23414902725263,-0.44263570358896276,-0.145,0.8100850817078925,-9.442720233616214,88.03239198138597,-54.5675842704796,0.10201835091432801,0.2154541774601823,0.13690551833943967,-5914.9489452452635,-5396.238666999796,2129.9991031700183,0.4444444444444444,0.0,0.25,0.9935518461473124,0.9970338443930797,1.0,-0.06719941220032255,0.0017294987030079523
4.333333333333333,17.144741434673776,1.7239151067982035,17.231193869180014,-2.2415076304902137,-0.44083923438922024,-0.145,0.8130152018116046,-9.438772482675434,87.87812080294519,-54.809832728787555,0.10021383294483556,0.21377741318557203,0.13498306892372572,-5912.678113267215,-5395.5406172151315,2133.2215089207098,0.4444444444444444,0.0,0.25,0.9932701275234158,0.9970233296518368,1.0,-0.06717131790798196,0.001735754390260387
4.35,17.145835498446164,1.6922903053689788,17.229147437334863,-2.248835850043053,-0.439000131495637,-0.145,0.816166614282058,-9.434636524995256,87.721656467201,-55.050627224627945,0.0983811474911058,0.21207635920455475,0.13302847110092317,-5910.264017665523,-5394.785163482923,2136.6931203782624,0.4444444444444444,0.0,0.25,0.992971784230977,0.9970120241354897,1.0,-0.06714188423652741,0.001742482527715778
4.366666666666666,17.147270415849366,1.6602127171867418,17.227454512509137,-2.2561329626036946,-0.4371171652015057,-0.145,0.8195597561376033,-9.430298161229434,87.5630100276823,-55.28995316517797,0.09651996504189311,0.21035078772560264,0.13104128330944173,-5907.695785139595,-5393.966668435733,2140.436937089033,0.4444444444444444,0.0,0.25,0.9926556676391444,0.9969998550692012,1.0,-0.0671110101358698,0.001749726747577123
4.383333333333333,17.149053004348815,1.6276755380190713,17.226123957612483,-2.2633982238540016,-0.43518905607989994,-0.145,0.8232172261641698,-9.425741843320772,87.40219258856756,-55.52779619868084,0.09462995515072563,0.20860047354563305,0.129021058724096,-5904.961594219832,-5393.078831609648,2144.478415810019,0.4444444444444444,0.0,0.25,0.9923205403210555,0.9969867420106242,1.0,-0.06707858495777654,0.001757535297333281
4.4,17.15119045170879,1.5946718776158069,17.225165087976528,-2.2706308676182383,-0.4332144732504742,-0.145,0.8271640445170367,-9.420950522851431,87.23921529892309,-55.764142223428045,0.09271078720576001,0.20682519492415571,0.12696734583448954,-5902.0485824541365,-5392.114598106752,2148.8457685575727,0.4444444444444444,0.0,0.25,0.9919650687494509,0.9969725959331598,1.0,-0.06704448737665189,0.001765961593998194
4.416666666666667,17.153690355443402,1.5611947716368384,17.224587714236243,-2.2778301049890866,-0.43119203283048435,-0.145,0.8314279472920929,-9.415905479414238,87.07408934655783,-55.99897739749362,0.09076213135113573,0.20502473459256382,0.12487968917919244,-5898.9427435905955,-5391.06605268423,2153.5703011636647,0.4444444444444444,0.0,0.25,0.991587815400201,0.996957318186326,1.0,-0.06700858416813603,0.0017750648530085495
4.433333333333334,17.156560767209918,1.5272371963713627,17.22440219029232,-2.2849951234305066,-0.4291202966527371,-0.145,0.8360397212857197,-9.410586125931783,86.90682595145043,-56.23228814930972,0.0887836595874101,0.20319888091963775,0.12275763026785885,-5895.6288135936975,-5389.92429660601,2158.686798433565,0.4444444444444444,0.0,0.25,0.9911872302261687,0.9969407993150009,1.0,-0.06697072882365232,0.0017849108029225108
4.45,17.159810242833437,1.4927920867803157,17.22461946704209,-2.2921250858629585,-0.4269977713557789,-0.145,0.8410335850124686,-9.4049697873007,86.73743635869877,-56.4640611891851,0.08677504708391759,0.20134742925786084,0.12060070873007002,-5892.090144190291,-5388.679304042137,2164.2339629984494,0.4444444444444444,0.0,0.25,0.9907616414649495,0.9969229177163482,1.0,-0.06693075997512253,0.0017955724988769676
4.466666666666667,17.163447898758033,1.45785235849846,17.225251152670054,-2.2992191297385283,-0.42482290798005734,-0.145,0.8464476230471816,-9.399031448076293,86.56593183093433,-56.6942835218816,0.08473597374224581,0.19947018349932338,0.11840846373777532,-5888.3085624835885,-5387.319754123467,2170.254916130662,0.4444444444444444,0.0,0.25,0.9903092457464909,0.9969035381097622,1.0,-0.06688849959935649,0.001807131249890294
4.483333333333333,17.167483475843,1.4224109345597475,17.226309580409193,-2.3062763661161165,-0.4225941022395468,-0.145,0.8523242819293174,-9.392743464111398,86.3923236401366,-56.92294246037971,0.08266612605770128,0.1975669578749486,0.11618043575808404,-5884.264214997602,-5385.832833923043,2176.7977701694167,0.4444444444444444,0.0,0.25,0.9898280974708544,0.9968825097911271,1.0,-0.0668437509659212,0.0018196776775979196
4.5,17.17192741156744,1.386460777764243,17.22780788482446,-2.3132958787501114,-0.42030969568338056,-0.145,0.8587109372420854,-9.38607523209054,86.21662305877344,-57.15002564098271,0.08056519933495393,0.1956375790366697,0.11391616870526187,-5879.93539431901,-5384.204006599405,2183.916283826546,0.4444444444444444,0.0,0.25,0.9893160974330154,0.9968596646379027,1.0,-0.06679629628537037,0.001833312926943215
4.516666666666667,17.176790921875096,1.349994929793611,17.229760087832886,-2.320276723210123,-0.4179679780188604,-0.145,0.8656605430923722,-9.378992809714717,86.03884135018235,-57.37552103993025,0.07843290032538322,0.1936818884692165,0.11161521257564502,-5875.298346287873,-5382.416737649714,2191.670613547228,0.4444444444444444,0.0,0.25,0.9887709806813707,0.99683481482598,1.0,-0.0667458940062776,0.0018481500527907215
4.533333333333333,17.182086094089193,1.3130065584131092,17.232181195865167,-2.327217926054603,-0.41556719093900935,-0.145,0.87323237710864,-9.371458477841962,85.8589897580962,-57.59941699171673,0.07626895036747147,0.19169974528657335,0.10927712666747716,-5870.327055452425,-5380.452170615021,2200.128176336587,0.4444444444444444,0.0,0.25,0.9881903036104726,0.9968077502127074,1.0,-0.06669227569919604,0.0018643156104663644
4.55,17.18782599255811,1.2754890143814597,17.23508730979521,-2.334118484087822,-0.4131055338887,-0.145,0.881492896286497,-9.363430234108563,85.67707949520259,-57.82170220933921,0.07407308912850362,0.189691029478242,0.10690148351026137,-5864.993006247376,-5378.288741571338,2209.3646420820937,0.4444444444444444,0.0,0.25,0.9875714303076742,0.9967782353328384,1.0,-0.06663514245299812,0.0018819514829529376
4.566666666666666,17.194024778963506,1.2374359000388853,17.238495749522812,-2.34097736373806,-0.4105811723185943,-0.145,0.8905167215922758,-9.354861205363232,85.49312173061065,-58.04236580673267,0.071845079066582,0.1876556456825417,0.10448787365617879,-5859.26491708226,-5375.9017192192,2219.465076460465,0.4444444444444444,0.0,0.25,0.9869115181994128,0.9967460059452593,1.0,-0.06657416069344498,0.0019012169829787024
4.583333333333333,17.20063971814696,1.1989828796761213,17.242377059421106,-2.3477943131603616,-0.408111326750544,-0.145,0.8934616246377429,-9.330220799316816,85.30712848172911,-58.261397662097735,0.06959314500685464,0.18559340646875425,0.1020445284695043,-5854.021744392766,-5352.529709435889,2222.222222222222,0.4444444444444444,0.0,0.25,0.9862053431467057,0.9930446185484364,1.0,-0.06639880647752723,0.0019075042312105565
4.6,17.207572732428243,1.1604355227895207,17.246656775861222,-2.35457303218997,-0.40592792578175624,-0.145,0.8940783005181073,-9.298387166571477,85.11911587697958,-58.47878964201938,0.0673355374809339,0.1835046170689294,0.09961154225980723,-5849.407266947284,-5319.304623015046,2222.222222222222,0.4444444444444444,0.0,0.25,0.9854488503965785,0.9877678382748265,1.0,-0.06617226144010548,0.0019088208091347148
4.616666666666666,17.214815419204964,1.121918296646616,17.251335327494143,-2.361318594322892,-0.40405782531547885,-0.145,0.8947392125735316,-9.264452288243517,84.92910131424156,-58.69453457948792,0.06507963710188362,0.18139414968677564,0.0972013967429483,-5844.479208711383,-5283.746434438155,2222.222222222222,0.4444444444444444,0.0,0.25,0.984641006176125,0.9821261264049438,1.0,-0.06593076282314866,0.0019102318294935254
4.633333333333333,17.222359231760024,1.0835612744788812,17.25641221527059,-2.3680364611721894,-0.4025239450229346,-0.145,0.8954454429382466,-9.228471931882389,84.73710254155716,-58.90862595214364,0.06283314129653056,0.1792679576491173,0.09482350518354085,-5839.222500769703,-5245.934806253527,2222.222222222222,0.4444444444444444,0.0,0.25,0.9837793069881421,0.9761332654269884,1.0,-0.06567470749815679,0.0019117396025995605
4.65,17.230194988856216,1.0454998596761422,17.261885450627595,-2.3747324660485947,-0.40134818778983056,-0.145,0.8961977150598642,-9.190520738136234,84.54313764392153,-59.121057865788416,0.06060404763668199,0.17713237485727773,0.0924875148994215,-5833.625471696606,-5205.969438084928,2222.222222222222,0.4444444444444444,0.0,0.25,0.982861806436354,0.9698062705517922,1.0,-0.06540462664762359,0.0019133456729840486
4.666666666666667,17.238312917698135,1.0078740291081258,17.267751512777483,-2.3814127940446856,-0.40055113614043336,-0.145,0.896996361609002,-9.15070308080545,84.34722502701405,-59.33182503256004,0.05840060709679481,0.17499409229825086,0.09020324320117455,-5827.679850484255,-5163.983937275894,2222.222222222222,0.4444444444444444,0.0,0.25,0.9818871171308429,0.9631675476705075,1.0,-0.06512126305094548,0.0019150507508852285
4.683333333333334,17.246702695969685,0.9708273147536055,17.274005313135678,-2.388083955691761,-0.40015162272057475,-0.145,0.8978412766955757,-9.109161127777819,84.14938339606216,-59.540922741792464,0.056231262213446966,0.17286012912635101,0.08798058747296929,-5821.381064604284,-5120.1558233341175,2222.222222222222,0.4444444444444444,0.0,0.25,0.9808544594744307,0.9562464245200467,1.0,-0.06482562845031715,0.0019168546102320766
4.7,17.25535349334535,0.9345055349761316,17.280640172609537,-2.3947527525030274,-0.40016621351901405,-0.145,0.8987318589585558,-9.066080589345379,83.94963172857494,-59.748346821951934,0.05410457088304955,0.17073779602385444,0.08582941328230853,-5814.728718174771,-5074.713407827463,2222.222222222222,0.4444444444444444,0.0,0.25,0.9797637404894407,0.9490801710554202,1.0,-0.06451904445880725,0.0019187559671432527
4.716666666666667,17.264254012184516,0.8990552927929237,17.28764781619316,-2.401426233306197,-0.4006086378639517,-0.145,0.8996669493223717,-9.021694274153052,83.74798924016478,-59.954093592462094,0.052029116894563,0.16863464928517288,0.08375942423196171,-5807.727177711997,-5027.939778865731,2222.222222222222,0.4444444444444444,0.0,0.25,0.9786156506163077,0.9417145475536316,1.0,-0.06420316786637746,0.0019207523470395535
4.733333333333333,17.273392526723455,0.8646222681779554,17.29501838822078,-2.408111640824486,-0.4014891984711989,-0.145,0.9006447666880942,-8.976283379740043,83.54447534312315,-60.158159804661246,0.050013408861953136,0.16655843470671136,0.08178001768091218,-5800.386207242054,-4980.173857421735,2222.222222222222,0.4444444444444444,0.0,0.25,0.9774117687978409,0.934203879371719,1.0,-0.06387999982406044,0.0019228399473472035
4.75,17.282756919919027,0.8313493431698356,17.302740490552296,-2.4148163485282828,-0.4028141957527871,-0.145,0.9016628447853163,-8.930176376607637,83.33910959786108,-60.360542571602544,0.04806576990037039,0.16451702098279988,0.07990013117327872,-5792.721600308147,-4931.808399420737,2222.222222222222,0.4444444444444444,0.0,0.25,0.9761546671246532,0.9266106446982868,1.0,-0.06355187790239364,0.0019250135026791866
4.766666666666667,17.2923347171387,0.7993746107543729,17.31080124482628,-2.4215477883612393,-0.4045854016100485,-0.145,0.9027179736996838,-8.883745372151886,83.13191165777657,-60.56123928692062,0.04619422108927276,0.16251832294011212,0.07812808519872891,-5784.755757653218,-4883.284850624982,2222.222222222222,0.4444444444444444,0.0,0.25,0.9748480065293676,0.9190045690456138,1.0,-0.06322145021523318,0.001927266159998906
4.783333333333333,17.302113116108714,0.7688293296128538,17.319186378715777,-2.4283133705325293,-0.406799617820171,-0.145,0.9038061500791612,-8.837399941169966,82.92290120855868,-60.7602475335369,0.04440636239507414,0.16057021559229928,0.07647142857342527,-5776.518158938155,-4835.085089307915,2222.222222222222,0.4444444444444444,0.0,0.25,0.9734966149556853,0.9114612421808368,1.0,-0.06289163151436049,0.0019295893723125835
4.8,17.312079012896987,0.7398358953986326,17.327880334908496,-2.435120397133235,-0.40944835201952384,-0.145,0.9049225405725951,-8.791578560854113,82.71209790336029,-60.957564983536464,0.042709255200583336,0.15868044064416537,0.07493679311720379,-5768.045676922668,-4787.720284139306,2222.222222222222,0.4444444444444444,0.0,0.25,0.9721065394508388,0.9040603043814338,1.0,-0.06256554223635022,0.0019319728206120801
4.816666666666666,17.32221902417984,0.7125059039633893,17.33686640038622,-2.441975971840521,-0.4125176397046692,-0.145,0.906061463511006,-8.746737965567599,82.49952129563938,-61.153189291087585,0.041109310836516005,0.1568565076853186,0.07352976429023886,-5759.382684749495,-4741.717318436002,2222.222222222222,0.4444444444444444,0.0,0.25,0.9706850640113218,0.8968832836332273,1.0,-0.06224643274550255,0.0019344043747652005
4.833333333333333,17.332519506567678,0.6869383820015995,17.346126852592082,-2.4488869083757985,-0.4159880335354566,-0.145,0.9072163940324156,-8.703340913283917,82.28519077175217,-61.347117980751776,0.03961218948156213,0.15510559284187111,0.07225477397191409,-5750.580912554849,-4697.603451299967,2222.222222222222,0.4444444444444444,0.0,0.25,0.9692406859528396,0.8900111977540813,1.0,-0.06193759627332707,0.001936870104456989
4.85,17.342966574279885,0.663218255518017,17.35564311833594,-2.455859640642913,-0.41983477187271523,-0.145,0.9083799976022797,-8.661843004527942,82.06912548555104,-61.53934833390764,0.03822271347122266,0.1534344380539512,0.07111502060771047,-5741.699019316594,-4655.890066138317,2222.222222222222,0.4444444444444444,0.0,0.25,0.9677830451954977,0.8835220598999995,1.0,-0.0616422751151277,0.0019393543507544922
4.866666666666666,17.353546116894606,0.6414151165227875,17.36539594086158,-2.462900137559548,-0.42402812762745234,-0.145,0.9095441960530355,-8.62267929293446,81.85134429727809,-61.729877276252566,0.03694479844475745,0.15184925437407737,0.07011242057162653,-5732.801859812791,-4617.056468010155,2222.222222222222,0.4444444444444444,0.0,0.25,0.9663228031784648,0.8774884381817033,1.0,-0.06136356534362608,0.001941839867098505
4.883333333333333,17.364243819190108,0.621582334160269,17.375365550411363,-2.4700138254944513,-0.428533927122305,-0.145,0.9107002687851657,-8.586251458539804,81.63186571894231,-61.918701269428894,0.035781404909567445,0.15035563270631347,0.06924759290351855,-5723.959444320819,-4581.5347137140925,2222.222222222222,0.4444444444444444,0.0,0.25,0.9648714710627213,0.8719752178332882,1.0,-0.061104325527292544,0.0019443080353637283
4.9,17.37504518519189,0.6037565392838471,17.385531833860817,-2.47720552093756,-0.4333142178757722,-0.145,0.9118389896659479,-8.55291627506767,81.41070786812868,-62.10581620973658,0.034734511785142946,0.14895846521543946,0.06851987773504528,-5715.24560911158,-4549.69638652689,2222.222222222222,0.4444444444444444,0.0,0.25,0.9634411902569878,0.8670376975396104,1.0,-0.06086709465742704,0.001946739158132029
4.916666666666667,17.38593556841674,0.5879574927989772,17.39587449950352,-2.4844793755805807,-0.43832805507601924,-0.145,0.912950797573886,-8.522975995885043,81.18788843183094,-62.29121733664843,0.03380511239276778,0.14766188023627091,0.06792738688515101,-5706.736437183857,-4521.842069307118,2222.222222222222,0.4444444444444444,0.0,0.25,0.9620444718287103,0.8627201224513227,1.0,-0.060654023729515456,0.0019491128227978676
4.933333333333334,17.396900209962848,0.5741883294989903,17.40637323376522,-2.491838835408843,-0.4435323698705853,-0.145,0.9140259957183259,-8.496671124420569,80.96342464145265,-62.47489915345685,0.032993232275228865,0.14646919293316435,0.06746708345040626,-5698.508488955554,-4498.194045874761,2222.222222222222,0.4444444444444444,0.0,0.25,0.9606939046955807,0.859054719154223,1.0,-0.06046682429368714,0.001951408327107569
4.95,17.40792428556386,0.5624361520874217,17.41700784742026,-2.4992866147490123,-0.4488828789977886,-0.145,0.9150549721420588,-8.474175844325227,80.73733325962101,-62.65685536188439,0.03229796724809532,0.14538287324337254,0.06713488587279577,-5690.636919586112,-4478.892499859352,2222.222222222222,0.4444444444444444,0.0,0.25,0.9594018452734334,0.8560612573558912,1.0,-0.06030673593331117,0.0019536051499234146
4.966666666666667,17.418992962057793,0.5526729358113164,17.427758409680724,-2.5068246855344007,-0.4543349948858856,-0.145,0.9160284315399533,-8.455596185493247,80.50963057894268,-62.83707881192318,0.03171753926894836,0.14440453184198632,0.06692579102934333,-5683.193571263836,-4463.995214017417,2222.222222222222,0.4444444444444444,0.0,0.25,0.9581801031593744,0.8537471241796476,1.0,-0.06017451321342726,0.0019556834461469915
4.983333333333333,17.430091462989342,0.5448566934312469,17.43860536925332,-2.514454281391788,-0.45984469794168253,-0.145,0.9169376270107571,-8.440970815710116,80.28033243233601,-63.01556146757261,0.03124936710858625,0.14353492405267612,0.06683401039471369,-5676.245133691431,-4453.480530321391,2222.222222222222,0.4444444444444444,0.0,0.25,0.9570396382169898,0.8521078637095095,1.0,-0.060070431314533344,0.0019576245414998656
5.0,17.441205142341534,0.5389328435115934,17.44952966205841,-2.522175915565842,-0.46536933783464063,-0.145,0.9177745798201389,-8.430274191139352,80.04945421413552,-63.19229438855944,0.030890148439164315,0.14277397085753904,0.06685311327025312,-5669.851463442617,-4447.25313437056,2222.222222222222,0.4444444444444444,0.0,0.25,0.9559902839910289,0.8511281094357828,1.0,-0.059994308453122716,0.0019594114017087373
5.016666666666667,17.452319564751154,0.5348357222150311,17.46051280575554,-2.5299894112137036,-0.47086833744862816,-0.145,0.918532275776797,-8.423421682961182,79.81701091079962,-63.367267727585336,0.030635949815660382,0.14212079548328427,0.06697617139999783,-5664.064143022762,-4445.15209056455,2222.222222222222,0.4444444444444444,0.0,0.25,0.9550405107438575,0.8507828216321567,1.0,-0.0599455423655676,0.0019610290517604475
5.033333333333333,17.463420590058647,0.5324901795824795,17.47153698152043,-2.5378939422445574,-0.47630378102828247,-0.145,0.9192048283517673,-8.420276226650406,79.58301713978324,-63.54047074217923,0.030482301097087366,0.14157377349933906,0.06719589992630202,-5658.925344382955,-4446.960481559149,2222.222222222222,0.4444444444444444,0.0,0.25,0.95419723874699,0.8510387352426878,1.0,-0.05992315762791188,0.001962464924155065
5.05,17.474494459715544,0.5318132050901488,17.482585103689257,-2.545888082655386,-0.48164087611757644,-0.145,0.9197876010156893,-8.420656013356918,79.34748719496301,-63.711891819855055,0.030424291097093117,0.1411305939805749,0.06750479048033126,-5654.467041038648,-4452.415993325378,2222.222222222222,0.4444444444444444,0.0,0.25,0.9534657090630303,0.8518559253866455,1.0,-0.059925860391819706,0.0019637091200909746
5.066666666666666,17.48552788243587,0.532715533377187,17.493640877957443,-2.553969862221038,-0.4868482865057499,-0.145,0.920277284148042,-8.424342754078493,79.11043509692558,-63.881518514996316,0.03045666162697749,0.14078832907180466,0.06789523315922731,-5650.710589987165,-4461.221826254437,2222.222222222222,0.4444444444444444,0.0,0.25,0.9528494152709802,0.8531894053544301,1.0,-0.05995209719681821,0.001964754573662966
5.083333333333333,17.496508116527522,0.5351031886646247,17.50468884882655,-2.56213682642116,-0.4918983400490587,-0.145,0.9206719249597476,-8.431090088606046,78.87187464643793,-64.04933759571041,0.03057389755252758,0.14054350923708783,0.06835962512420192,-5647.666681573663,-4473.057390297097,2222.222222222222,0.4444444444444444,0.0,0.25,0.9523500957941964,0.8549906840299851,1.0,-0.060000114812817924,0.0019655971157457805
5.1,17.507423046551896,0.5388789348046047,17.515714436965244,-2.5703860986086404,-0.4967671205952589,-0.145,0.9209709118456728,-8.440631773310173,78.6318194795006,-64.21533509880967,0.03077031098648351,0.1403922015665132,0.06889046448948873,-5645.335634404294,-4487.588344019827,2222.222222222222,0.4444444444444444,0.0,0.25,0.9519677830271485,0.857209224178233,1.0,-0.060068018508750314,0.0019662354405873316
5.116666666666666,17.51826125230021,0.5439436064617048,17.52670396711411,-2.578714442620667,-0.5014344571478802,-0.145,0.9211749171750785,-8.452689355640223,78.39028312252343,-64.37949639107428,0.031040118243383687,0.1403300887204999,0.0694804290072999,-5643.707994999046,-4504.475650319612,2222.222222222222,0.4444444444444444,0.0,0.25,0.9517009025955764,0.8597937583751311,1.0,-0.06015382666837912,0.001966670983668646
5.133333333333333,17.52901206850102,0.5501973051109015,17.53764468713532,-2.5871183242799134,-0.5058838258696192,-0.145,0.9212858045427881,-8.466979120706107,78.14727904634171,-64.5418062350184,0.03137750866282648,0.140352546386178,0.0701224397546401,-5642.76538918635,-4523.383433974919,2222.222222222222,0.4444444444444444,0.0,0.25,0.9515464140004275,0.8626934342590457,1.0,-0.060255520225865826,0.0019669077236888783
5.15,17.53966563414353,0.5575404509514515,17.54852477879559,-2.5955939705067963,-0.5101021816583653,-0.145,0.9213065078391492,-8.48321817007743,77.90282071799405,-64.70224885750237,0.03177670483876871,0.14045471747037688,0.07080971057801695,-5642.4815647127725,-4543.985529532825,2222.222222222222,0.4444444444444444,0.0,0.25,0.95149998266204,0.8658587743196565,1.0,-0.060371085925732704,0.0019669519243845995
5.166666666666667,17.550212930775796,0.5658746882305644,17.55933336087535,-2.60413742504401,-0.5140797360353966,-0.145,0.9212408901379299,-8.50112956031336,77.65692164939475,-64.86080801969291,0.03223201416229174,0.1406315816292667,0.07153578445076761,-5642.823562042499,-4565.970696456823,2222.222222222222,0.4444444444444444,0.0,0.25,0.9515561729754768,0.8692424470166192,1.0,-0.06049855289137045,0.0019668118332611907
5.183333333333334,17.560645809584322,0.5751036467160688,17.57006048521568,-2.6127446000653727,-0.5178096972057318,-0.145,0.9210935904063737,-8.520446485821774,77.40959544224383,-65.01746708705761,0.03273787188641232,0.14087801910979592,0.07229455815524165,-5643.752952259453,-4589.046548926508,2222.222222222222,0.4444444444444444,0.0,0.25,0.9517086523127439,0.8727998553240095,1.0,-0.060636022392485334,0.0019664973543250487
5.2,17.570957007457483,0.5851335661272677,17.580697126340812,-2.6214113231902485,-0.5212879866383511,-0.145,0.9208698655206939,-8.540915536064391,77.16085582871534,-65.17220909827563,0.033288876153072106,0.1411888682319924,0.07308029683630902,-5645.227086457948,-4612.942299426009,2222.222222222222,0.4444444444444444,0.0,0.25,0.9519503968141501,0.876489555754307,1.0,-0.06078169102510096,0.0019660197107930905
5.216666666666667,17.58114015256449,0.5958737932811411,17.59123516532124,-2.630133379644461,-0.5245129446075864,-0.145,0.9205754341615573,-8.562299090744006,76.91071670764393,-65.32501683214377,0.03387981558803598,0.14155897615893231,0.0738876400055293,-5647.200308965145,-4637.4104492649,2222.222222222222,0.4444444444444444,0.0,0.25,0.9522738911260835,0.8802735256365697,1.0,-0.060933867756982514,0.001965391111815958
5.233333333333333,17.59118976023752,0.6072371636457301,17.60166736856477,-2.6389065494942843,-0.52748503504404,-0.145,0.9202163280125126,-8.584376939210285,76.65919217608665,-65.47587287174696,0.03450569017583194,0.14198324287331035,0.07471160052995698,-5649.625096123004,-4662.227577595565,2222.222222222222,0.4444444444444444,0.0,0.25,0.9526713157917339,0.8841172991462566,1.0,-0.06109098545218862,0.001964624434792718
5.25,17.601101220125898,0.619140280056031,17.61198736223443,-2.6477266400305037,-0.5302065579316753,-0.145,0.919798754424723,-8.60694722327444,76.40629655626849,-65.62475966533911,0.03516172618268856,0.14245665850165057,0.07554755803814568,-5652.453092214637,-4687.194386119432,2222.222222222222,0.4444444444444444,0.0,0.25,0.9531347176274908,0.8879899936268156,1.0,-0.06125160758064119,0.0019637329321656486
5.266666666666667,17.61087077570354,0.6315037016968049,17.622189602991615,-2.656589513495736,-0.5326813754824029,-0.145,0.9193289734569269,-8.629826807616226,76.15204441802754,-65.77165958354024,0.03584338591004523,0.14297433429898404,0.07639124803824518,-5655.636023669086,-4712.135152514763,2222.222222222222,0.4444444444444444,0.0,0.25,0.9536561599922609,0.8918642474586108,1.0,-0.061414430854138384,0.0019627299689055568
5.283333333333333,17.62049549726153,0.6442520562482823,17.632269345747698,-2.665491110432851,-0.5349146565051774,-0.145,0.9188131910361937,-8.652851180771446,75.89645059695869,-65.91655497259578,0.03654637304392187,0.14353152773109287,0.0772387478857719,-5659.126481344506,-4736.896734559582,2222.222222222222,0.4444444444444444,0.0,0.25,0.9542278512850346,0.8957160894708355,1.0,-0.061578284521729164,0.00196162879441434
5.3,17.62997324951772,0.6573140874713466,17.642222609079013,-2.6744274689892347,-0.5369126418124175,-0.145,0.9182574689700411,-8.675873984001525,75.63953020851596,-66.05942820356421,0.037266634324863455,0.144123662173107,0.07808646057482475,-5662.878568105214,-4761.347251527983,2222.222222222222,0.4444444444444444,0.0,0.25,0.9548422512273109,0.8995247579809525,1.0,-0.06174212701689886,0.001960442350404511
5.316666666666666,17.639302654934678,0.6706226496081739,17.65204613891979,-2.683394740544977,-0.5386824321926853,-0.145,0.9176676517051696,-8.698766256678951,75.38129865837556,-66.20026171739907,0.038000358206905074,0.14474634178847712,0.078931097165995,-5666.848414891954,-4785.374551828873,2222.222222222222,0.4444444444444444,0.0,0.25,0.9554921554717167,0.9032724852632369,1.0,-0.06190504058733124,0.001959183114532081
5.333333333333333,17.648483053767436,0.6841146589018878,17.66173737109803,-2.692389202047249,-0.5402317994233959,-0.145,0.9170493090817537,-8.72141547644356,75.1217716493869,-66.33903806597203,0.03874397110839699,0.1453953621677516,0.07976965851373642,-5670.994573008071,-4808.884557680207,2222.222222222222,0.4444444444444444,0.0,0.25,0.9561707598217584,0.9069442608192896,1.0,-0.062066224464150895,0.001957862978179295
5.35,17.65751446177253,0.6977310113829294,17.671294393222908,-2.701407265432226,-0.541569019984122,-0.145,0.9164076938679927,-8.743724461301417,74.86096518545027,-66.47573994914764,0.0394941317876891,0.14606671729868007,0.08059941681972295,-5675.278293490887,-4831.7995600584245,2222.222222222222,0.4444444444444444,0.0,0.25,0.9568717058640821,0.9105275844202888,1.0,-0.062224987048675726,0.0019564931557926263
5.366666666666666,17.666397526408133,0.7114164748986114,17.68071590637202,-2.7104454845038046,-0.5427027305336649,-0.145,0.9157477125593345,-8.765610189805484,74.59889557266048,-66.61035024806806,0.04024772430650427,0.14675660341400187,0.08141789741889167,-5679.663706364907,-4854.056521018826,2222.222222222222,0.4444444444444444,0.0,0.25,0.957589110130013,0.9140122176335169,1.0,-0.062380737516196036,0.0019550841225403075
5.383333333333333,17.675133482248686,0.725119562225596,17.69000118696522,-2.719500559618213,-0.54364180380166,-0.145,0.9150739077659253,-8.787002585003803,74.33557941804756,-66.74285205484071,0.04100184997616356,0.14746142022616923,0.08222286110208689,-5684.117913479221,-4875.605426202143,2222.222222222222,0.4444444444444444,0.0,0.25,0.9583175790502164,0.9173899405102806,1.0,-0.06253297716190388,0.001953645576710251
5.4,17.683724106231445,0.7387923910370292,17.699150049151097,-2.7285693404982556,-0.5443952432860121,-0.145,0.9143904504634438,-8.807843298303805,74.07103362623124,-66.8732286988449,0.041753818618583426,0.14817777001369456,0.0830122871930357,-5688.611008726059,-4896.407718122969,2222.222222222222,0.4444444444444444,0.0,0.25,0.9590522119798527,0.920654318338734,1.0,-0.06268129074622568,0.001952186423165896
5.416666666666667,17.69217167325076,0.7523905355182,17.70816280797401,-2.737648827472536,-0.5449720950101309,-0.145,0.9137011404198302,-8.828084520965934,73.80527539428739,-67.001463769887,0.04250113941632044,0.14890245497541868,0.08378435752664203,-5693.116038924628,-4916.434830687358,2222.222222222222,0.4444444444444444,0.0,0.25,0.9597885944852504,0.923800481865775,1.0,-0.06282533803677957,0.0019507147742572571
5.433333333333334,17.70047891252137,0.7658728735481887,17.717040243535337,-2.7467361714053684,-0.5453813745507262,-0.145,0.9130094132090478,-8.847687843675336,73.5383222051023,-67.12754113843985,0.04324151157448564,0.14963247321958717,0.08453744141871714,-5697.608917717977,-4935.666837195307,2222.222222222222,0.4444444444444444,0.0,0.25,0.9605227839272475,0.926824923160053,1.0,-0.06296484569248194,0.00194923796479502
5.45,17.70864896504627,0.7792014325936972,17.725783566313517,-2.755828672553443,-0.5456320075734021,-0.145,0.9123183523617417,-8.866623178534066,73.27019181946835,-67.25144497320187,0.04397281497224316,0.15036501370626915,0.08527008167251704,-5702.068303627995,-4954.091217658733,2222.222222222222,0.4444444444444444,0.0,0.25,0.9612512891768759,0.929725308303415,1.0,-0.06309959959187134,0.0019477625779917033
5.466666666666667,17.716685342448365,0.7923412367933548,17.734394383763092,-2.764923778556684,-0.5457327821889381,-0.145,0.911630705364068,-8.88486775279939,73.00090226714974,-67.37315975620643,0.0446931009426908,0.1510974504158154,0.0859809816330507,-5706.475452072193,-4971.7017463788,2222.222222222222,0.4444444444444444,0.0,0.25,0.9619710460770247,0.9325003073335192,1.0,-0.0632294376720159,0.0019462944796185095
5.483333333333333,17.72459188735888,0.8052601571407243,17.74287466827477,-2.7740190817437074,-0.5456923115512508,-0.145,0.9109489023864212,-8.902405179665376,72.73047183712441,-67.49267029570413,0.04540058328682862,0.15182733597366202,0.08666899327435681,-5710.814049764844,-4988.497497139956,2222.222222222222,0.4444444444444444,0.0,0.25,0.9626793900353939,0.9351494412855816,1.0,-0.0633542433157016,0.0019448388579903948
5.5,17.732372735498412,0.8179287661942082,17.75122672654528,-2.7831123159072755,-0.5455190052454224,-0.145,0.9102750767931129,-8.919224608225926,72.45891906718452,-67.60996173702938,0.04609362959956408,0.15255239492337413,0.08733310628626359,-5715.070038576292,-5004.4819608609705,2222.222222222222,0.4444444444444444,0.0,0.25,0.9633740269113229,0.9376729457654541,1.0,-0.06347393930211773,0.0019434002677533998
5.516666666666667,17.740032279538802,0.8303201983429721,17.759453170378162,-2.7922013526823717,-0.5452210481507754,-0.145,0.9096110866451463,-8.935319952346003,72.18626273305694,-67.72501957165076,0.046770752962721394,0.15327051680560877,0.08797243811416151,-5719.231434657984,-5019.662268884797,2222.222222222222,0.4444444444444444,0.0,0.25,0.9640530031501405,0.9400716502004731,1.0,-0.06358848231909503,0.0019419826757921985
5.533333333333333,17.74757513479423,0.8424100163303941,17.76755688891357,-2.8012841976390472,-0.5448063856023496,-0.145,0.9089585365564516,-8.950689196383397,71.91252183718429,-67.83782964459107,0.04743060404124203,0.15397974917064328,0.08858622489684498,-5723.288147487852,-5034.048514102446,2222.222222222222,0.4444444444444444,0.0,0.25,0.964714675928596,0.9423468717323961,1.0,-0.06369785802225306,0.0019405895078922714
5.55,17.75500610675777,0.8541760844709837,17.775541022266744,-2.8103589861839824,-0.5442827138090017,-0.145,0.9083187993967189,-8.96533377443603,71.63771559728912,-67.94837816038896,0.04807196360361804,0.15467829062610047,0.08917381324249878,-5727.231802467597,-5047.653161632477,2222.222222222222,0.4444444444444444,0.0,0.25,0.9653576839063837,0.9445003226153135,1.0,-0.06380207661739422,0.001939223695074572
5.566666666666666,17.762330160473887,0.8655984487842836,17.783408936540205,-2.8194239793487026,-0.5436574746141658,-0.145,0.9076930374501684,-8.979258018939529,71.361863434826,-68.05665168776045,0.04869373547555506,0.15536448399922886,0.08973465278058718,-5731.055569815651,-5060.490540684471,2222.222222222222,0.4444444444444444,0.0,0.25,0.9659809190326144,0.9465340299411562,1.0,-0.06390116893643145,0.00193788771876864
5.583333333333333,17.7695523917173,0.8766592241017656,17.791164200163763,-2.828477559528379,-0.5429378538038879,-0.145,0.90708222273923,-8.992468673920314,71.08498496341173,-68.16263716310498,0.04929493992643267,0.15603680967423728,0.09026828942705876,-5734.754001744698,-5072.57640941432,2222.222222222222,0.4444444444444444,0.0,0.25,0.9665834997319137,0.9484502665201745,1.0,-0.06399518297343845,0.0019365836542028305
5.6,17.77667799993335,0.8873424880727455,17.798810561508137,-2.8375182262230583,-0.5421307822748802,-0.145,0.9064871563059438,-9.004974467945916,70.80709997730922,-68.26632189298695,0.04987470748087527,0.15669387914937782,0.09077435930136218,-5738.3228792829805,-5083.927584945748,2222.222222222222,0.4444444444444444,0.0,0.25,0.9671647456913146,0.9502514917804576,1.0,-0.06408418084553753,0.0019353132115693206
5.616666666666666,17.783712262883814,0.8976341818963727,17.806351927712562,-2.8465445918227092,-0.5412429394726105,-0.145,0.9059084863131578,-9.01678574174552,70.52822844002955,-68.36769355571181,0.05043227314228548,0.15733442884535667,0.09125258323583918,-5741.759069583166,-5094.5616312191305,2222.222222222222,0.4444444444444444,0.0,0.25,0.9677241543844675,0.951940301608804,1.0,-0.06416823614284951,0.0019340777746694297
5.633333333333333,17.790660512934295,0.9075220175330951,17.81379234466336,-2.8555553774685807,-0.5402807585959203,-0.145,0.9053467248837572,-9.027914125548147,70.24839047310446,-68.46674020210355,0.05096697101118827,0.15795731418587997,0.09170276182078338,-5745.060394148975,-5104.496597884742,2222.222222222222,0.4444444444444444,0.0,0.25,0.9682613794018295,0.9535193861269866,1.0,-0.06424743163226092,0.0019328784368646897
5.65,17.797528114914204,0.9169953910958398,17.821135978058543,-2.864549409015761,-0.5392504331408156,-0.145,0.9048022636408593,-9.038372261362419,69.96760634507338,-68.56345025557921,0.05147822927840575,0.15856150396237995,0.092124770931569,-5748.225508084637,-5113.750804044887,2222.222222222222,0.4444444444444444,0.0,0.25,0.9687762106022086,0.9549914944765445,1.0,-0.06432185728101923,0.0019317160342545282
5.666666666666667,17.804320445477575,0.926045302084325,17.828387095493614,-2.8735256131154214,-0.5381579244225457,-0.145,0.9042753879466872,-9.048173565667604,69.68589646072014,-68.65781251160614,0.05196556557118764,0.15914607498791827,0.0925185576875606,-5751.2537902230515,-5122.342661240404,2222.222222222222,0.4444444444444444,0.0,0.25,0.9692685560602516,0.9563594057671139,1.0,-0.06439160856791643,0.001930591176075686
5.683333333333334,17.81104287389181,0.9346642781020199,17.835550049504285,-2.882483013429822,-0.5370089697727086,-0.145,0.9037662898642669,-9.057332028274779,69.40328135058765,-68.74981613661797,0.052428582629261686,0.15971020703965516,0.09288413679587901,-5754.145243802862,-5130.290530652562,2222.222222222222,0.4444444444444444,0.0,0.25,0.969738425754134,0.9576259054246795,1.0,-0.06445678505187809,0.0019295042723749124
5.7,17.817700744181888,0.9428463046814245,17.842629261503788,-2.8914207269886236,-0.5358090911577281,-0.145,0.9032750798855469,-9.065862043429773,69.11978166079234,-68.83945066645663,0.052866964287175744,0.16025317808487125,0.09322158723640815,-5756.90040723174,-5137.612610038206,2222.222222222222,0.4444444444444444,0.0,0.25,0.9701859169160408,0.9587937662547157,1.0,-0.06451748917000232,0.0019284555590480237
5.716666666666667,17.824299358558928,0.9505867598372082,17.849629206555022,-2.9003379606912825,-0.5345636040075297,-0.145,0.9028017974832476,-9.073778269550774,68.83541814315561,-68.92670600439983,0.05328047173914329,0.16077435978212248,0.09353104924761596,-5759.520274383054,-5144.32684642614,2222.222222222222,0.4444444444444444,0.0,0.25,0.9706112009533915,0.9598657336094081,1.0,-0.06457382523937799,0.0019274451203676727
5.733333333333333,17.830843962064232,0.957882352966445,17.856554398920498,-2.9092340079571612,-0.5332776260794204,-0.145,0.9023464205529048,-9.08109551431251,68.55021164566438,-69.01157241882623,0.05366894006276885,0.16127321324652155,0.09381272157578542,-5762.0062238172195,-5150.45087107152,2222.222222222222,0.4444444444444444,0.0,0.25,0.9710145118397487,0.9608445141171281,1.0,-0.06462589863928282,0.0019264729091417272
5.75,17.83733972836274,0.9647310677191756,17.863409378336776,-2.9181082455224074,-0.5319560862128762,-0.145,0.9019088738169767,-9.087828642097298,68.26418310326945,-69.09404054056387,0.05403227497843024,0.16174928506621902,0.09406685895307845,-5764.359956290247,-5156.001953590428,2222.222222222222,0.4444444444444444,0.0,0.25,0.9713961358697636,0.9617327674954707,1.0,-0.06467381515255584,0.0019255387646556965
5.766666666666667,17.843791746623026,0.9711321084696218,17.870198696963406,-2.926960130380512,-0.5306037328568625,-0.145,0.9014890362655172,-9.093992501125776,67.97735352902718,-69.17410135996161,0.0543704498216633,0.16220220355577536,0.09429376977247642,-5766.583439903816,-5160.996972578883,2222.222222222222,0.4444444444444444,0.0,0.25,0.9717564026713131,0.9625331010263671,1.0,-0.06471768044702096,0.001924642428558268
5.783333333333333,17.85020500942446,0.9770858500276354,17.876926906960446,-2.9357891968617285,-0.5292251422731714,-0.145,0.9010867477082942,-9.099601867853337,67.68974400558737,-69.25174622371814,0.054683502706578166,0.16263167523116448,0.09449381393005497,-5768.678862258767,-5165.4524003603565,2222.222222222222,0.4444444444444444,0.0,0.25,0.9720956773693503,0.9632480663229935,1.0,-0.06475759967978255,0.0019237835588498105
5.8,17.856584401635654,0.9825937902406724,17.883598548652262,-2.944595053845119,-0.5278247263376187,-0.145,0.9007018145120359,-9.10467140646975,67.40137567702808,-69.32696683149771,0.05497153385909349,0.16303748149054223,0.0946674008072621,-5770.64858899284,-5169.384299805366,2222.222222222222,0.4444444444444444,0.0,0.25,0.9724143537992065,0.9638801580636456,1.0,-0.0647936772090031,0.0019229617421311642
5.816666666666666,17.862934690212192,0.9876585051482079,17.890218139239604,-2.953377382095848,-0.5264067398763791,-0.145,0.900334014594083,-9.109215641568307,67.11226974103643,-69.39975523235844,0.05523470309957675,0.16341947548457508,0.09481498736789029,-5772.495128110354,-5172.808331428719,2222.222222222222,0.4444444444444444,0.0,0.25,0.972712848671606,0.9644318144077224,1.0,-0.06482601639940248,0.0019221765042648838
5.833333333333333,17.869260514865026,0.9922836063626668,17.896790162025436,-2.9621359317194424,-0.5249752874877118,-0.145,0.8999831017405441,-9.1132489422571,66.8224474414331,-69.47010382101425,0.0554732274553041,0.16377757915999813,0.09493707634628341,-5774.221099543668,-5175.739769196824,2222.222222222222,0.4444444444444444,0.0,0.25,0.972991596597015,0.964905418843787,1.0,-0.06485471950918531,0.0019214273195943244
5.85,17.875566379554595,0.9964737003633898,17.90331905612416,-2.970870519724035,-0.5235343298102569,-0.145,0.8996488093133308,-9.11678551616861,66.53193006103699,-69.53800533394855,0.055687378883986616,0.16411178046010955,0.09503421450501233,-5775.829209421468,-5178.193523672562,2222.222222222222,0.4444444444444444,0.0,0.25,0.973251045882807,0.9653033032497471,1.0,-0.06487988764740997,0.0019207136188580118
5.866666666666666,17.88185664476919,1.0002343494027162,17.909809206627553,-2.979581027681031,-0.5220876892083587,-0.145,0.8993308534064676,-9.119839411986135,66.24073891486584,-69.60345284539476,0.05587748209044465,0.16442213066607245,0.09510699094181332,-5777.322228555527,-5180.184171290992,2222.222222222222,0.4444444444444444,0.0,0.25,0.973491655022808,0.9656277519709174,1.0,-0.06490162079196805,0.0019200347959282345
5.883333333333333,17.888135520549294,1.0035720337358702,17.916264935204385,-2.988267399474259,-0.5206390548527865,-0.145,0.8990289355079587,-9.122424529247112,65.94889534366806,-69.66643976319574,0.05604391241934223,0.1647087418631577,0.09515603542702922,-5778.702974694323,-5181.7259886988995,2222.222222222222,0.4444444444444444,0.0,0.25,0.9737138898048704,0.9658810067434915,1.0,-0.06492001785934999,0.001919390213494023
5.9,17.894407060222772,1.0064941148989803,17.922690491114242,-2.9969296391273663,-0.5191919871820813,-0.145,0.8987427447194142,-9.12455463430609,65.65642070778027,-69.72695982455217,0.05618709380772087,0.16497178451640024,0.09518201675414832,-5779.97429812776,-5182.832991207144,2222.222222222222,0.4444444444444444,0.0,0.25,0.9739182209680659,0.966065272309121,1.0,-0.06493517681824604,0.0019187792077999578
5.916666666666667,17.900675154818654,1.0090087997722648,17.929090042619556,-3.0055678086990305,-0.517749921735785,-0.145,0.8984719595816817,-9.126243381444898,65.36333638130532,-69.7850070916676,0.0563074967818977,0.1652114851405387,0.09518564108732065,-5781.1390702617055,-5183.518974499995,2222.222222222222,0.4444444444444444,0.0,0.25,0.9741051223467903,0.9661827225813058,1.0,-0.06494719483977746,0.0019182010925438238
5.933333333333334,17.90694352813007,1.011125105178271,17.935467668783026,-3.0141820262354835,-0.5163161723562157,-0.145,0.8982162495509362,-9.127504338206244,65.06966374660479,-69.84057594729622,0.05640563648412109,0.16542812404955728,0.09516765029096431,-5782.200174813388,-5183.797558822212,2222.222222222222,0.4444444444444444,0.0,0.25,0.9742750694444133,0.966235507236451,1.0,-0.06495616847778389,0.0019176551620279966
5.95,17.913215732399287,1.0128528227781644,17.941827351640832,-3.022772463769834,-0.5148939337604148,-0.145,0.8979752761661564,-9.128351014100902,64.77542418910063,-69.89366109019781,0.056482070715216125,0.16562203317163746,0.0951288202277818,-5783.160501308852,-5183.682234925078,2222.222222222222,0.4444444444444444,0.0,0.25,0.9744285383840926,0.9662257586121146,1.0,-0.06496219387311888,0.001917140693651962
5.966666666666667,17.91949514460012,1.014202484042528,17.948172968744906,-3.0313393453577473,-0.5134862834885617,-0.145,0.8977486939456276,-9.128796891899858,64.48063909237999,-69.94425753050292,0.05653739798030585,0.16579359391585471,0.0950699590126986,-5784.02294059135,-5183.186411099115,2222.222222222222,0.4444444444444444,0.0,0.25,0.9745660051889344,0.9661555988024996,1.0,-0.06496536697634143,0.0019166569498263097
5.983333333333333,17.92578496329514,1.015185325087144,17.954508286070393,-3.0398829451392,-0.5120961832396382,-0.145,0.8975361510470979,-9.128855460771995,64.18532983359782,-69.99236058499038,0.056572255525574516,0.16594323507752073,0.09499190521143853,-5784.790382074642,-5182.323460655773,2222.222222222222,0.4444444444444444,0.0,0.25,0.9746879453478295,0.9660271468469356,1.0,-0.06496578378354143,0.0019162031793821417
6.0,17.932088206046867,1.0158132511788498,17.96083695128698,-3.0484035854162483,-0.5107264796095354,-0.145,0.8973372897235018,-9.128540250567982,63.889517779171996,-70.0379658722784,0.05658731735494949,0.16607143076967207,0.09489552597367346,-5785.4657124978075,-5181.106769245281,2222.222222222222,0.4444444444444444,0.0,0.25,0.9747948336270192,0.96584252591127,1.0,-0.06496354058032189,0.0019157786185440224
6.016666666666667,17.938407707363883,1.016098800732021,17.967162487395193,-3.0569016347370495,-0.5093799042512095,-0.145,0.8971517466036966,-9.127864866582232,63.593224280765604,-70.0810693079298,0.056583292216530766,0.1661786983688493,0.0947817150919458,-5786.051815958369,-5179.5497814147175,2222.222222222222,0.4444444444444444,0.0,0.25,0.9748871440907794,0.9656038703650676,1.0,-0.06495873418918363,0.0019153824915293404
6.033333333333333,17.94474611716423,1.0160551086325833,17.973488286731072,-3.065377505976748,-0.5080590734809449,-0.145,0.896979152825469,-9.126843024149883,63.29647067155156,-70.1216670994712,0.0565609215495958,0.166265596463995,0.0946513909788706,-5786.5515750183595,-5177.66604582148,2222.222222222222,0.4444444444444444,0.0,0.25,0.9749653502975436,0.9653133326595708,1.0,-0.0649514622157357,0.0019150140108322728
6.05,17.95110589973969,1.0156958687438638,17.9798176053444,-3.0738316544062885,-0.5067664873593336,-0.145,0.8968191340461129,-9.125488582455642,62.99927826275485,-70.15975574132645,0.05652097738406027,0.16633272279803046,0.09450549455649172,-5786.967872693692,-5175.4692585242965,2222.222222222222,0.4444444444444444,0.0,0.25,0.9750299256403768,0.9649730899128258,1.0,-0.06494182328929704,0.0019146723772463662
6.066666666666666,17.957489333205736,1.0150352954671382,17.986153557757753,-3.0822645757407408,-0.5055045282802162,-0.145,0.8966713103541505,-9.12381557694791,62.70166834046786,-70.19533200966364,0.056464260185386445,0.16638071219245537,0.0943449870530976,-5787.303595150878,-5172.97330377874,2222.222222222222,0.4444444444444444,0.0,0.25,0.9750813438029642,0.9645853501094968,1.0,-0.06492991729357271,0.0019143567796760669
6.083333333333333,17.963898509422666,1.0140880842494884,17.992499112114878,-3.0906768041593207,-0.5042754591055726,-0.145,0.8965352961042313,-9.121838249766482,62.40366216273456,-70.22839295715572,0.056391596639105895,0.1664102344461523,0.09417084770430367,-5787.561634947151,-5170.192291768694,2222.222222222222,0.4444444444444444,0.0,0.25,0.975120079304249,0.9641523578239738,1.0,-0.06491584558319347,0.0019140663947842355
6.1,17.970335334374333,1.0128693709525862,17.99885708572843,-3.0990689102899887,-0.5030814208891504,-0.145,0.8964106996958844,-9.1195710776067,62.105280956899385,-70.25893590765476,0.056303837370361244,0.16642199220047774,0.09398407135677875,-5787.744894660421,-5167.14059271106,2222.222222222222,0.4444444444444444,0.0,0.25,0.975146608106563,0.9636763993767026,1.0,-0.06489971118201192,0.0019138003865197936
6.116666666666666,17.976801528991338,1.0113946900182866,18.005230141037977,-3.10744149915225,-0.5019244302364617,-0.145,0.8962971233155794,-9.11702879645913,61.806545917216845,-70.28695845078084,0.05620185459517438,0.16641671876367967,0.09378566597462962,-5787.856290764592,-5163.832866779999,2222.222222222222,0.4444444444444444,0.0,0.25,0.9751614082635799,0.9631598073354798,1.0,-0.0648816189591632,0.001913557905567033
6.133333333333333,17.98329863040596,1.0096799313903944,18.011620781989983,-3.1157952080526483,-0.5008063763535803,-0.145,0.8961941626604564,-9.11422642268249,61.50747820271816,-70.31245843642617,0.056086539701513595,0.16639517588870853,0.09357665005015821,-5787.898757613809,-5160.284089310773,2222.222222222222,0.4444444444444444,0.0,0.25,0.9751649605857442,0.9626049642760497,1.0,-0.06486167577903112,0.0019133380887557904
6.15,17.98982799362646,1.0077412961765932,18.01803135085201,-3.124130704428343,-0.4997290178418804,-0.145,0.896101406661061,-9.111179269891021,61.20809893533094,-70.33543396917699,0.05595880075965275,0.1663581514995761,0.09335804992245438,-5787.875251406381,-5156.509570763277,2222.222222222222,0.4444444444444444,0.0,0.25,0.9751577493019998,0.9620143057199065,1.0,-0.06483999062142767,0.0019131400584694994
6.166666666666667,17.996390793618378,1.005595251060167,18.024464025473463,-3.132448683635181,-0.49869397930037074,-0.145,0.8960184372194878,-9.10790296116596,60.908429198248186,-70.35588340265589,0.05581955996278655,0.16630645736257155,0.09313089700907665,-5787.788754005704,-5152.524970953104,2222.222222222222,0.4444444444444444,0.0,0.25,0.9751402626977214,0.9613903221719987,1.0,-0.06481667466849632,0.0019129629220861367
6.183333333333334,18.002987455359474,1.003258481497614,18.030920245470764,-3.1407498666777345,-0.4977027478014999,-0.145,0.8958074479065711,-9.10441315124064,60.608490036927954,-70.37380533378675,0.05566975276678981,0.1662409266998574,0.09289622495788281,-5787.6422765018015,-5148.346307094527,2222.057364936033,0.4444444444444444,0.0,0.25,0.9751129937097739,0.96072436705316,1.0,-0.06479183932763369,0.001912512468484067
6.2,18.009610408653327,1.000747713689166,18.037393466294635,3.1341502970656268,-0.4967581714679143,-0.145,0.8950473469744165,-9.100757477484718,60.30830254207541,-70.38919859470124,0.05551034026600425,0.16616235326772377,0.09265516101709896,-5787.569242663019,-5143.886238311546,2221.2408757747744,0.4444444444444444,0.0,0.25,0.9750759366731983,0.9599921387353358,1.0,-0.0647658236116624,0.0019108896839074828
6.216666666666667,18.01625759512507,0.9980803000455598,18.0438826758334,3.1258803879286847,-0.49586256287275166,-0.145,0.8942931083864156,-9.096924841943036,60.0078878619952,-70.4020622452389,0.055342299761716514,0.16607150375841698,0.09240889638880068,-5787.449793221015,-5139.261334136465,2220.4220148798013,0.4444444444444444,0.0,0.25,0.9750300233935033,0.9592348554271463,1.0,-0.06473854854163943,0.0019092794151972434
6.233333333333333,18.02292942002656,0.9952739348498802,18.05038933332604,3.1176248861168707,-0.49501694174691757,-0.145,0.8935451068131042,-9.092931440207082,59.70726710791386,-70.41239557282034,0.055166618544703463,0.1659692961828333,0.09215848923983597,-5787.279543451539,-5134.496097296253,2219.600733407943,0.4444444444444444,0.0,0.25,0.9749757711837295,0.9584551144849549,1.0,-0.0647101293739953,0.0019076824622597042
6.25,18.029626120172907,0.9923463042991123,18.05691472042988,3.109382949408923,-0.49422216067894204,-0.145,0.8928028567094612,-9.088795381811272,59.406461348633485,-70.42019808697694,0.054984282648272244,0.16585666223302353,0.09190498286864635,-5787.061645451541,-5129.6090980879535,2218.777003123689,0.4444444444444444,0.0,0.25,0.9749136951169115,0.9576558554604314,1.0,-0.06468069498579483,0.001906097788475993
6.266666666666667,18.03634776876063,0.9893150333829046,18.063459941853722,3.101153723098271,-0.4934789067001779,-0.145,0.8920658754933704,-9.084534925719579,59.10549161041121,-70.425469513096,0.05479627388626263,0.1657345413050476,0.09164940514777434,-5786.799352883329,-5124.618987350572,2217.9508161812437,0.4444444444444444,0.0,0.25,0.9748443273805613,0.9568400313445303,1.0,-0.06465037531752299,0.0019045243635529181
6.283333333333333,18.04309428059407,0.9861976325842055,18.070025926625593,3.092936342756306,-0.4927877008048488,-0.145,0.8913336864831338,-9.080168485978898,58.8043788770567,-70.42820978617614,0.054603566884280315,0.16560387753425918,0.09139276555616642,-5786.495990807912,-5119.5445407682,2217.1221844166776,0.4444444444444444,0.0,0.25,0.9747682123124305,0.9560106152587974,1.0,-0.06461930141331716,0.0019029611697944416
6.3,18.04986541760875,0.9830114444576347,18.076613429891204,3.0847299370092536,-0.49214889700649017,-0.145,0.8906058204663659,-9.075714614180525,58.50314409023951,-70.42841904459782,0.05440712610805429,0.1654656168679288,0.09113605215792234,-5786.154937845951,-5114.404659751446,2216.291138605109,0.4444444444444444,0.0,0.25,0.9746859034586031,0.9551706003855378,1.0,-0.06458760529615372,0.001901407205451203
6.316666666666666,18.056660794669433,0.9797735903466309,18.083223035236085,3.0765336303311734,-0.4915626814014274,-0.145,0.8898818165492821,-9.071191965772181,58.20180814999769,-70.42609762391952,0.05420790290385803,0.16532070415298572,0.09088022858175895,-5785.779614798144,-5109.218344437822,2215.45772768599,0.4444444444444444,0.0,0.25,0.974597961690962,0.9543229955579229,1.0,-0.06455541972810655,0.001899861486533717
6.333333333333333,18.06347988562253,0.9765009175206726,18.089855157524298,3.0683465458497086,-0.491029071536424,-0.145,0.8891612226524521,-9.066619254479653,57.90039191543879,-70.42124605071416,0.05400683256699904,0.16517008023164778,0.09062623104171727,-5785.373476417818,-5104.0046479314215,2214.622017959255,0.4444444444444444,0.0,0.25,0.9745049538411676,0.9534708179322967,1.0,-0.06452287788598718,0.0018983230478707858
6.35,18.07032202958376,0.9732099470294946,18.096510046245307,3.060167808157376,-0.4905479162758021,-0.145,0.8884435958596548,-9.06201519753662,57.598916205623844,-70.41386503646255,0.053804831455183944,0.16501467904665984,0.09037496543181628,-5784.9400044731265,-5098.782617292889,2213.784092254934,0.4444444444444444,0.0,0.25,0.9744074515454466,0.9526170836030956,1.0,-0.0644901129715712,0.0018967909438542916
6.366666666666666,18.077186437442087,0.969916822582694,18.103187789358234,3.0519965461186263,-0.4901188963016902,-0.145,0.8877285027361173,-9.057398453566186,57.29740180062393,-70.40395547152313,0.053602794164134236,0.16485542476333886,0.09012730452276722,-5784.482701055076,-5093.571224782441,2212.944049078766,0.4444444444444444,0.0,0.25,0.9743060301289334,0.9517647967080273,1.0,-0.06445725776953015,0.001895264249118622
6.383333333333333,18.084072198560996,0.9666372607704475,18.109888317620197,3.0438318956610844,-0.4897415253417656,-0.145,0.8870155196807931,-9.052787554507374,56.99586944273822,-70.3915184191984,0.05340159078316033,0.1646932289190629,0.089884085285975,-5784.0050815555,-5088.3892917601,2212.102001736343,0.4444444444444444,0.0,0.25,0.9742012674351153,0.9509169373999353,1.0,-0.06442444416298443,0.0018937420592927703
6.4,18.090978287657734,0.9633865029441151,18.11661140938223,3.0356730025381284,-0.4894151521918134,-0.145,0.8863042333474422,-9.048200832759537,56.69433983786147,-70.37655510992009,0.05320206424849275,0.16452898761304702,0.08964610636799482,-5783.510667009757,-5083.255407063342,2211.258077438354,0.4444444444444444,0.0,0.25,0.974093742550378,0.9500764489705841,1.0,-0.06439180261502414,0.001892223491899326
6.416666666666667,18.097903571840927,0.9601792690740774,18.12335669583348,3.0275190250490347,-0.48913896357998266,-0.145,0.8855942411515154,-9.043656344624445,56.39283365698802,-70.3590669355749,0.05300502781200855,0.16436357875066523,0.0894141257368814,-5783.002975658964,-5078.187841385074,2210.4124163895035,0.4444444444444444,0.0,0.25,0.9739840343999185,0.949246224364987,1.0,-0.06435946162388238,0.0018907076874366483
6.433333333333334,18.104846817786424,0.9570297138961396,18.130123666671203,3.0193691367023408,-0.48891198790262624,-0.145,0.8848851518689742,-9.039171791100255,56.09137153783832,-70.33905544399435,0.052811262642573666,0.16419785935745435,0.0891888585201886,-5782.485513684169,-5073.204459033629,2209.5651708637406,0.4444444444444444,0.0,0.25,0.9738727202073234,0.948429092302554,1.0,-0.064327547159263,0.0018891938106573275
6.45,18.111806699030787,0.9539513856471703,18.136911676171184,3.0112225288077172,-0.4887330998463882,-0.145,0.8841765863261606,-9.03476443708726,55.78997408659334,-70.31652233363118,0.052621515576546735,0.16403266297840255,0.08897097505259811,-5781.9617651273675,-5068.32262839506,2208.716504268473,0.4444444444444444,0.0,0.25,0.9737603738203656,0.9476278032113485,1.0,-0.06429618208736586,0.0018876810520410243
6.466666666666667,18.118781803361596,0.9509571876753861,18.143719949630473,3.0030784129815653,-0.48860102589689636,-0.145,0.8834681781750238,-9.030451030080847,55.48866187972112,-70.29146944844555,0.05243649703305968,0.16386879717826125,0.08876109914920446,-5781.4351810563185,-5063.559132392184,2207.8665902004464,0.4444444444444444,0.0,0.25,0.9736475639124871,0.9468450151772978,1.0,-0.0642654855922627,0.00188616862944955
6.483333333333333,18.125770640282994,0.9480593431909998,18.150547590151564,2.994936023551676,-0.4885143507206562,-0.145,0.8827595747445336,-9.026247719439768,55.18745546587918,-70.26389877302294,0.05225687910851861,0.16370704115846177,0.08855980661833475,-5780.909168060482,-5058.930080218656,2207.0156114960496,0.4444444444444444,0.0,0.25,0.9735348520744096,0.9460832801072456,1.0,-0.06423557260136731,0.0018846557899445983
6.5,18.13277164853492,0.9452693633990784,18.15739358573506,2.986794619846668,-0.4884715243934336,-0.145,0.8820504379564522,-9.02216997731943,54.88637536787565,-70.23381242794571,0.05208329386336712,0.163548143505793,0.08836762402543724,-5780.387076188092,-5054.450821604855,2206.1637592787865,0.4444444444444444,0.0,0.25,0.9734227908140483,0.9453450303009525,1.0,-0.06420655322275481,0.001883141811742881
6.516666666666667,18.139783203643816,0.9425980192287684,18.164256816645494,2.9786534883564824,-0.4884708704356212,-0.145,0.8813404452915219,-9.018232522345992,54.58544208467151,-70.20121266543826,0.051916331812548434,0.16339282008732398,0.08818502771705852,-5779.8721864521185,-5050.135864836799,2205.3112320067044,0.4444444444444444,0.0,0.25,0.9733119214858121,0.9446325656212157,1.0,-0.064178532201986,0.0018816260062789003
6.533333333333333,18.146803625482534,0.9400553168419905,18.171136063013478,2.970511944751017,-0.48851059460295215,-0.145,0.8806292907904658,-9.014449247075213,54.28467609340579,-70.16610186530512,0.05175654062931626,0.16324175210514777,0.08801244311127554,-5779.367698046774,-5045.998799695268,2204.4582345225617,0.4444444444444444,0.0,0.25,0.9732027721726467,0.9439480414425158,1.0,-0.06415160840586596,0.0018801077203420434
6.55,18.153831185816813,0.9376504770708142,18.17803001263575,2.9623693357449437,-0.48858879436965125,-0.145,0.8799166860729346,-9.010833150229136,53.98409785142532,-70.1284825311789,0.051604424070109164,0.16309558432340196,0.08785024425820429,-5778.876715426542,-5042.052226408004,2203.6049771095463,0.4444444444444444,0.0,0.25,0.9730958555458761,0.9432934575467274,1.0,-0.06412587434020438,0.0018785863382519926
6.566666666666666,18.160864115815667,0.9353919188965827,18.18493726893382,2.9542250407979185,-0.4887034690308914,-0.145,0.8792023613565656,-9.007396274634065,53.68372779830038,-70.08835728709366,0.0514604411261525,0.16295492347870122,0.08769875367141436,-5778.40223540718,-5038.307691613062,2202.751674555316,0.4444444444444444,0.0,0.25,0.9729916667291127,0.9426706481194648,1.0,-0.06410141570814916,0.0018770612840343763
6.583333333333333,18.167900613502802,0.9332872470461249,18.19185635903094,2.9460784736407146,-0.48885253034245096,-0.145,0.8784860664578059,-9.004149651696112,53.3835863578077,-70.04572887439676,0.05132500540532319,0.16282033688362774,0.08755824242829256,-5777.947134452245,-5034.7756322175965,2201.898545227158,0.4444444444444444,0.0,0.25,0.9728906811931725,0.9420812729827726,1.0,-0.06407831101504496,0.001875532023557484
6.6,18.174938851126335,0.931343243741723,18.1987857419072,2.9379290836192413,-0.4890338136079125,-0.145,0.8777675717559074,-9.001103253147255,53.08369393986214,-70.00060014900983,0.051198484745642266,0.16269235123128462,0.08742893053466548,-5777.514156309831,-5031.465327905702,2201.0458101610016,0.4444444444444444,0.0,0.25,0.9727933527091079,0.941526810179499,1.0,-0.06405663122503251,0.0018739980665903565
6.616666666666666,18.181976982424146,0.9295658646025975,18.205723816592293,2.929776356849986,-0.48924508911775466,-0.145,0.8770466691016956,-8.998265950678395,52.78407094237905,-69.95297407904708,0.0510812010595875,0.16257145160715997,0.08731098754636447,-5777.10590016215,-5028.384862904408,2200.193692167014,0.4444444444444444,0.0,0.25,0.9727001113861325,0.9410085500022175,1.0,-0.064036439473776,0.001872458968742973
6.633333333333333,18.189013149762314,0.9279602386572104,18.21266893035601,2.921619817182043,-0.4894840738403588,-0.145,0.8763231726532237,-8.995645483948177,52.48473775304951,-69.90285374279652,0.05097343040628244,0.1624580807127033,0.08720453343793784,-5776.724809445442,-5025.541097462092,2199.342414954437,0.4444444444444444,0.0,0.25,0.9726113618203397,0.9405275905356068,1.0,-0.06401779084079691,0.0018709143332503344
6.6499999999999995,18.196045491124632,0.9265306723883131,18.21961938685749,2.9134590269626086,-0.48974844326235445,-0.145,0.8755969196213194,-8.993248437321602,52.1857147510113,-69.85024232706658,0.0508754032865514,0.16235263830311314,0.08710963970642943,-5776.373161489581,-5022.939649332177,2198.492202278266,0.4444444444444444,0.0,0.25,0.9725274813787891,0.9400848347562685,1.0,-0.06400073218393347,0.0018693638125641787
6.666666666666667,18.20307214693141,0.9252806576970154,18.226573454215096,2.9052935876045183,-0.4900358432748742,-0.145,0.8748677709092578,-8.991080225552786,51.88702230839954,-69.79514312589838,0.05078730515387172,0.16225548083991034,0.0870263306960846,-5776.053058115737,-5020.584885391085,2197.6432771103,0.4444444444444444,0.0,0.25,0.9724488186417043,0.9396809892087317,1.0,-0.06398530203745179,0.0018678071097186558
6.683333333333334,18.210091266666534,0.924212883638774,18.233529372960373,2.8971231399561415,-0.4903439020031579,-0.145,0.8741356116323433,-8.989145088486072,51.58868079176151,-69.73755953964039,0.05070927713242964,0.1621669213569557,0.08695458512804438,-5775.766417316885,-5018.4799233569265,2196.795860837003,0.4444444444444444,0.0,0.25,0.9723756920232918,0.9393165642514273,1.0,-0.06397153057433598,0.0018662439794396126
6.7,18.217101015292375,0.923329251753589,18.240485363841344,2.888947364475619,-0.4906702414794706,-0.145,0.8734003515049791,-8.987446094711554,51.29071056332148,-69.67749507438006,0.050641416931825695,0.1620872295366983,0.08689433781756804,-5775.514966130079,-5016.626643418318,2195.950172486488,0.4444444444444444,0.0,0.25,0.9723083885890673,0.9389918758423114,1.0,-0.06395943963230286,0.0018646742289709717
6.716666666666667,18.22409957943303,0.9226308947852807,18.247439635442102,2.880765981213063,-0.49101248906337486,-0.145,0.8726619250849187,-8.985985153978351,50.99313198208259,-69.614953341724,0.05058377994649879,0.16201663199164007,0.08684548156010094,-5775.30023479158,-5015.025709434326,2195.106427986851,0.4444444444444444,0.0,0.25,0.9722471630846434,0.9387070488111157,1.0,-0.06394904280214143,0.0018630977185961988
6.733333333333333,18.2310851733074,0.9221181985608122,18.254390391588153,2.8725787496058772,-0.4913682885188863,-0.145,0.8719202918665878,-8.984763038044736,50.695965404754055,-69.54993805891579,0.05053638052666362,0.1619553127443011,0.08680786916658423,-5775.123552246559,-5013.676599230337,2194.2648394578982,0.4444444444444444,0.0,0.25,0.9721922371877356,0.9384620215443611,1.0,-0.06394034557609345,0.00186151436183754
6.75,18.23805604439461,0.9217908267804863,18.261335838509062,2.864385468093803,-0.4917353106647733,-0.145,0.871175436217833,-8.983779409530456,50.39923118649356,-69.48245304927799,0.050499193406495946,0.1619034138973969,0.0867813156277893,-5774.9860430647195,-5012.577643393004,2193.4256145382105,0.4444444444444444,0.0,0.25,0.9721437989917926,0.9382565519907071,1.0,-0.06393334555318185,0.0018599241253209834
6.766666666666667,18.24501047881579,0.9216477484536091,18.268274191732715,2.8561859735616015,-0.4921112635220523,-0.145,0.8704273671568854,-8.983032858235836,50.10294968145591,-69.41250224296319,0.05047215527446077,0.16186103648450778,0.08676560038714391,-5774.888625792097,-5011.726071862727,2192.588955749272,0.4444444444444444,0.0,0.25,0.9721020027261845,0.9380902248782299,1.0,-0.0639280326976768,0.001858327028300086
6.783333333333333,18.251946806417283,0.9216872677019673,18.275203682687916,2.847980140618471,-0.4924939018913679,-0.145,0.869676117968867,-8.982520944305847,49.80714124314094,-69.34008967799616,0.05045516647006365,0.1618282414902597,0.08676046970149075,-5774.832012748149,-5011.11806753568,2191.755059898243,0.4444444444444444,0.0,0.25,0.9720669687144046,0.9379624600220494,1.0,-0.06392438964627409,0.001856723141837229
6.8,18.258863405542208,0.9219070556451595,18.28212256499493,2.839767880724312,-0.49288103630222324,-0.145,0.8689217456636686,-8.982240247546589,49.51182622453494,-69.26521950158806,0.05044809279091047,0.16180505102794612,0.08676563906946173,-5774.816711256409,-5010.748826020402,2190.924117520761,0.4444444444444444,0.0,0.25,0.972038783568312,0.9378725215905114,1.0,-0.06392239205905748,0.0018551125876462111
6.816666666666666,18.265758707478618,0.9223041840773802,18.2890291204262,2.8315491411738307,-0.4932705412857257,-0.145,0.8681643302793972,-8.982186422146981,49.21702497804158,-69.18789597170192,0.05045076739378093,0.16179144966162334,0.08678079570764279,-5774.843026276917,-5010.6126206464705,2190.0963123649362,0.4444444444444444,0.0,0.25,0.9720175006131486,0.9378195281908981,1.0,-0.06392200900892726,0.0018534955366051353
6.833333333333333,18.272631200574335,0.9228751606444944,18.29592166452232,2.823323903950168,-0.49366036293241705,-0.145,0.8674039740379129,-8.982354256020402,48.92275785519997,-69.10812345884709,0.05046299277344512,0.16178738585900196,0.08680560105541815,-5774.911064389743,-5010.7028717948915,2189.271820917525,0.4444444444444444,0.0,0.25,0.9720031405349522,0.9378024636313832,1.0,-0.0639232034039069,0.001851872206953516
6.85,18.279479434010334,0.9236159652329347,18.302798551851023,2.815092184460274,-0.49404852570667346,-0.145,0.866640800361018,-8.98273773395884,48.62904520618897,-69.02590644808016,0.05048454280316523,0.1617927735609437,0.08683969329029145,-5775.020739061617,-5011.012219610496,2188.4508119730103,0.4444444444444444,0.0,0.25,0.9719956922391557,0.9378201882145102,1.0,-0.06392593243658153,0.0018502428621918806
6.866666666666666,18.28630202122624,0.9245220872878211,18.309658180899664,2.806854030164634,-0.49443313849889853,-0.145,0.86587495275779,-8.983330103785649,48.33590737911836,-68.94124954118803,0.0505151648212121,0.1618074938530453,0.08688268983655445,-5775.17177711217,-5011.532599165006,2187.633446246137,0.4444444444444444,0.0,0.25,0.9719951139066076,0.9378714504187342,1.0,-0.06393014805487604,0.001848607808706274
6.883333333333333,18.293097642993448,0.9255885637864225,18.316498998594263,2.798609519114155,-0.494812399906115,-0.145,0.8651065935951474,-8.984123944700881,48.043364719109036,-68.8541574590294,0.05055458174826729,0.16183139672465097,0.08693418985137967,-5775.363726282921,-5012.255317163687,2186.8198760281994,0.4444444444444444,0.0,0.25,0.9720013342310629,0.9379548988282295,1.0,-0.06393579744843683,0.0018469673931434628
6.8999999999999995,18.299865050133267,0.9268100176043029,18.323319504440803,2.7903587584070904,-0.49518460274045717,-0.145,0.8643359027651002,-8.985111237034165,47.75143756716573,-68.76463504401008,0.05060249422125748,0.16186430290066556,0.08699377667372311,-5775.595963800985,-5013.171129327041,2186.010244887162,0.4444444444444444,0.0,0.25,0.9720142538203632,0.9380690941770078,1.0,-0.06394282354503031,0.0018453219995655727
6.916666666666667,18.306603065879255,0.9281806960248653,18.330118254286656,2.782101882578797,-0.4955481377733387,-0.145,0.86356307626321,-8.986283432652899,47.46014625884706,-68.67268726266802,0.05065858272995887,0.16190600573173414,0.08706102022280418,-5775.867705820805,-5014.2703176296745,2185.204687411475,0.4444444444444444,0.0,0.25,0.9720337467421006,0.9382125213810814,1.0,-0.06395116551160497,0.0018436720464151564
6.933333333333334,18.31331058788486,0.9296945091581289,18.336893863702613,2.773839051936921,-0.49590149673062456,-0.145,0.8627883246935497,-8.987631525316203,47.169511122738925,-68.57831920834388,0.050722509743591056,0.16195627312869565,0.0871354793343558,-5776.1780176207885,-5015.542766639131,2184.403328997226,0.4444444444444444,0.0,0.25,0.972059662193522,0.938383601441606,1.0,-0.06396075925496751,0.001842017983323344
6.95,18.319986589879154,0.9313450680511045,18.343645010987732,2.765570450854265,-0.4962432745609009,-0.145,0.8620118717159304,-8.989146120316125,46.879552478738404,-68.48153610391383,0.05079392181557556,0.16201484952769002,0.08721670402428058,-5776.525824427912,-5016.978038266089,2183.6062856780727,0.4444444444444444,0.0,0.25,0.972091826274795,0.938580703112375,1.0,-0.06397153791738663,0.0018403602877947358
6.966666666666667,18.32663012297531,0.9331257222896829,18.35037043980161,2.7572962860311723,-0.4965721710048598,-0.145,0.861233952451342,-8.990817502805013,46.5902906361562,-68.38234330456159,0.05087245165563948,0.1620814578728872,0.08730423767078485,-5776.909922741654,-5018.565444311477,2182.813663997173,0.4444444444444444,0.0,0.25,0.9721300438444979,0.9388021542362979,1.0,-0.06398343236284688,0.0018386994618030832
6.983333333333333,18.333240316638047,0.9350295969101992,18.357068961430112,2.749016784738735,-0.49688699149886567,-0.145,0.8604548118614705,-8.992635704270269,46.30174589164669,-68.28074630056805,0.05095772015948429,0.1621558016044902,0.0873976191074693,-5777.328992029308,-5020.294116273886,2182.025560920174,0.4444444444444444,0.0,0.25,0.9721741004363066,0.9390462526673626,1.0,-0.06399637165011836,0.0018370360283316229
7.0,18.339816379317817,0.9370496284574408,18.36373945669254,2.7407321930535447,-0.49718664744995184,-0.145,0.8596747031178044,-8.994590566682897,46.01393852697528,-68.17675072009727,0.05104933838729284,0.16223756664043068,0.08749638462121721,-5777.781606667301,-5022.153071960157,2181.2420637881137,0.4444444444444444,0.0,0.25,0.9722237642162794,0.9393112767066891,1.0,-0.0640102834892718,0.001835370527891186
7.016666666666667,18.346357598761013,0.9391786000445471,18.370380877499453,2.7324427740940345,-0.4974701559228095,-0.145,0.8588938859752726,-8.996671803913124,45.72688880663349,-68.07036233195933,0.05114690948339959,0.16232642334100067,0.08760006985001748,-5778.26624800757,-5024.131278521346,2180.463250308949,0.4444444444444444,0.0,0.25,0.9722787879608846,0.9395954949933888,1.0,-0.06402509467874483,0.001833703515047982
7.033333333333333,18.352863342006795,0.9414091752887307,18.376992248071897,2.724148806267776,-0.49773663878181723,-0.145,0.8581126251645681,-8.998869060073112,45.4406169753126,-67.96158704833148,0.051250030530485054,0.16242202844653733,0.08770821157708328,-5778.781316454138,-5026.217711614025,2179.6891885862506,0.4444444444444444,0.0,0.25,0.9723389110369058,0.9398971758028452,1.0,-0.06404073152053953,0.0018320355549912733
7.05,18.359333055082313,0.9437339310148125,18.38357266583367,2.715850581538344,-0.4979853213328526,-0.145,0.8573311888163706,-9.001171964512517,45.155143255247296,-67.8504309274203,0.05135829433266329,0.16252402697917842,0.08782034941876511,-5779.3251434423655,-5028.40141046152,2178.919937183505,0.4444444444444444,0.0,0.25,0.9724038613655809,0.940214595716448,1.0,-0.06405712021160025,0.001830367220169156
7.066666666666666,18.365766262409224,0.9461453886359906,18.390121301989446,2.70754840371961,-0.4982155305105888,-0.145,0.856549846929578,-9.003570183255901,44.87048784344078,-67.73690017604925,0.05147129112279885,0.1626320541006214,0.08793602740480183,-5779.896003221839,-5030.671528660385,2178.1555452223092,0.4444444444444444,0.0,0.25,0.9724733573547222,0.9405460476376754,1.0,-0.0640741872098694,0.0018286990870182967
7.083333333333333,18.372162565935326,0.9486360441379108,18.396637401802344,2.6992425868045675,-0.4984266926572646,-0.145,0.8557688698944643,-9.006053466731185,44.5866709087833,-67.62100115215702,0.05158861019031091,0.16274573691873562,0.08805479545040365,-5780.492124353145,-5033.017380642925,2177.3960525126763,0.4444444444444444,0.0,0.25,0.9725471097840949,0.9408898481394886,1.0,-0.06409185957394853,0.0018270317328109333
7.1,18.37852164400593,0.9511983966078198,18.403120284584993,2.6909334533350115,-0.49861833093860064,-0.145,0.8549885270803905,-9.00861169369446,44.30371258907587,-67.50274036719416,0.05170984142658711,0.16286469623678157,0.0881762107205103,-5781.111700838694,-5035.428483766663,2176.6414897135705,0.4444444444444444,0.0,0.25,0.9726248236309629,0.9412443441372748,1.0,-0.0641100652756906,0.0018253657326396957
7.116666666666666,18.38484324999027,0.9538249752652784,18.409569343418998,2.68262133281766,-0.4987900624416851,-0.145,0.8542090854963813,-9.01123491130821,44.02163298797121,-67.38212448840596,0.05183457678593527,0.16298854823987366,0.08829983888731988,-5781.752902817944,-5037.894596055498,2175.891878521726,0.4444444444444444,0.0,0.25,0.9727061998243824,0.9416079188898973,1.0,-0.06412873348541792,0.001823701656557993
7.133333333333333,18.39112721067877,0.9565083649645073,18.41598404461777,2.674306560191557,-0.49894159499834434,-0.145,0.8534308085315293,-9.013913371376702,43.740452171843515,-67.25916034099211,0.05196241166074315,0.16311690611417462,0.08842525528283814,-5782.4138867678,-5040.405749664882,2175.147231886764,0.4444444444444444,0.0,0.25,0.9727909369185361,0.9419789973388053,1.0,-0.0641477948297924,0.0018220400668908254
7.1499999999999995,18.397373424467414,0.959241230150884,18.422363926948172,2.6659894743509,-0.4990727237758187,-0.145,0.8526539547808345,-9.016637562784052,43.46019016659897,-67.13385491013416,0.05209294617019178,0.16324938159512184,0.08855204594875768,-5783.092805159167,-5042.952280184525,2174.407554250564,0.4444444444444444,0.0,0.25,0.9728787326770855,0.9423560508015668,1.0,-0.06416718162266202,0.0018203815157280007
7.166666666666667,18.403581859345646,0.9620163372653989,18.428708600626408,2.657670416726742,-0.49918332767455603,-0.145,0.8518787769608123,-9.01939824021675,43.180866954438216,-67.0062153428836,0.05222578636247787,0.16338558644175413,0.08867980858644652,-5783.787815530797,-5045.524851926885,2173.672841808865,0.4444444444444444,0.0,0.25,0.972969285562168,0.9427376010416363,1.0,-0.06418682806946574,0.0018187265426090015
7.183333333333334,18.409752550704525,0.9648265756009873,18.435017746103682,2.6493497299304054,-0.4992733655706758,-0.145,0.8511055209179053,-9.02218644928384,42.902502470582014,-66.87624894990485,0.05236054533104316,0.16352513383492562,0.08880815341021124,-5784.497088951093,-5048.1144793784,2172.943082793028,0.4444444444444444,0.0,0.25,0.9730622961232493,0.9431222237406877,1.0,-0.0642066704460018,0.0018170756724059836
7.2,18.41588559898174,0.9676649766236235,18.441291112657133,2.6410277564608085,-0.4993428724382155,-0.145,0.8503344247315628,-9.024993548173802,42.62511659997085,-66.74396320706795,0.05249684424578718,0.163667639697859,0.08893670390730544,-5785.218817847771,-5050.712545013115,2172.2182577699236,0.4444444444444444,0.0,0.25,0.9731574682825381,0.9435085514034581,1.0,-0.06422664725254977,0.001815429413408889
7.216666666666667,18.421981167160144,0.9705247317789062,18.44752851680131,2.6327048374773816,-0.49939195538370346,-0.145,0.8495657179127382,-9.027811226008586,42.34872917394887,-66.60936575688822,0.0526343133006548,0.16381272393810117,0.08906509750838838,-5785.951223193689,-5053.310813685674,2171.49833995792,0.4444444444444444,0.0,0.25,0.973254510515062,0.9438952757278235,1.0,-0.06424669934448757,0.0018137882556142687
7.233333333333333,18.42803947813616,0.9733992088116387,18.453729840535217,2.62438131163971,-0.49942078962295733,-0.145,0.8487996206975168,-9.030631518071774,42.0733599669421,-66.47246440980975,0.05277259257934567,0.1639600116104994,0.08919298617230699,-5786.69256104506,-5055.901443832761,2170.7832955569897,0.4444444444444444,0.0,0.25,0.9733531369227887,0.9442811494748249,1.0,-0.0642667700406631,0.0018121526692172077
7.25,18.43406081197432,0.9762819666316604,18.459895029439835,2.6160575140145825,-0.49942961442734185,-0.145,0.8480363434346785,-9.033446818100137,41.7990286931405,-66.33326714533197,0.05291133284119084,0.164109134001315,0.0893200368891822,-5787.441128435218,-5058.476995719729,2170.073084090972,0.4444444444444444,0.0,0.25,0.973453068203325,0.9446649878746506,1.0,-0.06428680521086755,0.0018105231033037964
7.266666666666667,18.440045503063725,0.97916676876399,18.46602409064042,2.6077337750506935,-0.49941872906406093,-0.145,0.8472760860651544,-9.036249887836165,41.52575500319283,-66.19178211297864,0.05305019622948826,0.16425972963403596,0.08944593210583791,-5788.195268633484,-5061.03043697249,2169.3676587601035,0.4444444444444444,0.0,0.25,0.9735540325147584,0.9450456696052232,1.0,-0.06430675334381626,0.0018088999847397905
7.283333333333333,18.445993937191837,0.9820475954252454,18.47211709064769,2.5994104196208707,-0.4993884887524562,-0.145,0.8465190376906457,-9.039033864044029,41.25355848092281,-66.04801763310998,0.05318885690478548,0.1644114451978395,0.0895703700776212,-5788.953375784095,-5063.555145634659,2168.6669668019786,0.4444444444444444,0.0,0.25,0.9736557662391041,0.9454221373801295,1.0,-0.064326565597078,0.0018072837172496319
7.3,18.451906548550614,0.9849186542714132,18.478174153091448,2.5910877661313476,-0.4993393006557572,-0.145,0.8457653762280163,-9.041792263192988,40.982458640074675,-65.90198219757904,0.05332700160575014,0.16456393639999634,0.08969306515063376,-5789.713898944898,-5066.044910986584,2167.970949859151,0.4444444444444444,0.0,0.25,0.9737580146475869,0.9457933981822282,1.0,-0.06434619583040461,0.0018056746806785885
7.316666666666666,18.45778381668941,0.9877743898643869,18.48419545635983,2.582766125697318,-0.4992716199253031,-0.145,0.8450152681455966,-9.044518984011091,40.71247492109543,-65.75368447023475,0.05346433014038097,0.16471686874379618,0.08981374797833241,-5790.475345549436,-5068.493932356887,2167.2795443516857,0.4444444444444444,0.0,0.25,0.9738605324716291,0.9461585231784364,1.0,-0.06436560062390455,0.001804073230429776
7.333333333333333,18.463626263428473,0.9906094919063874,18.490181231156733,2.5744458013837352,-0.4991859458119577,-0.145,0.8442688682770993,-9.04720830810856,40.44362668796097,-65.60313328727406,0.0536005558103874,0.1648699182338209,0.08993216567636687,-5791.236284319232,-5070.896816149035,2166.592681853028,0.4444444444444444,0.0,0.25,0.973963084383939,0.946516647350039,1.0,-0.06438473928247909,0.001802479697066873
7.35,18.469434449746405,0.9934189022924703,18.496131757989595,2.5661270875101083,-0.49908281785727154,-0.145,0.8435263197085103,-9.049854898864483,40.17593322505233,-65.45033765744671,0.05373540577160944,0.16502277201059093,0.09004808191941098,-5791.995347655602,-5073.248571295406,2165.9102894676225,0.4444444444444444,0.0,0.25,0.9740654453945017,0.946866968871396,1.0,-0.06440357382789956,0.0018008943860726406
7.366666666666666,18.475208972654183,0.9961978210318936,18.50204736459915,2.557810269017847,-0.4989628121749317,-0.145,0.8427877537331175,-9.052453798763517,39.90941373408798,-65.2953067621162,0.05386862133336501,0.16517512891677377,0.09016127698361309,-5792.75123354216,-5075.544603340047,2165.2322902088317,0.4444444444444444,0.0,0.25,0.9741674011665727,0.9472087482682539,1.0,-0.06442206897985385,0.001799317577752909
7.383333333333333,18.480950462067717,0.9989417110892314,18.50792842334211,2.5494956208985666,-0.4988265378311735,-0.145,0.8420532898696592,-9.055000425360328,39.644087331117646,-65.13804995518153,0.05399995819960317,0.165326699997269,0.09027154773814944,-5793.502706990427,-5077.780707338872,2164.5586033757504,0.4444444444444444,0.0,0.25,0.9742687482579789,0.9475413073850095,1.0,-0.06444019212722722,0.001797749527275323
7.3999999999999995,18.486659577690414,1.001646302195847,18.513775348537514,2.5411834076816175,-0.498674633331124,-0.145,0.8413230359384846,-9.057490566040226,39.3799730435825,-64.97857676286426,0.0541291866547122,0.1654772089355774,0.0903787075892102,-5794.248601061695,-5079.953059752988,2163.889144927608,0.4444444444444444,0.0,0.25,0.9743692942931473,0.9478640281883102,1.0,-0.06445791329081624,0.0017961904648319431
7.416666666666667,18.492337005916287,1.004307593681724,18.51958859378652,2.532873882979029,-0.4985077632165025,-0.145,0.8405970881906323,-9.05992037173379,39.117089807446135,-64.81689688336559,0.05425609169678503,0.16562639242892646,0.09048258637959142,-5794.987817498481,-5082.058209497291,2163.223827854547,0.4444444444444444,0.0,0.25,0.9744688580713164,0.948176351432329,1.0,-0.06447520507859868,0.0017946405959148226
7.433333333333334,18.497983456763716,1.006921856376778,18.525368649275332,2.5245672890859554,-0.498326614778707,-0.145,0.8398755314847389,-9.062286349732528,38.85545646440024,-64.65302018639909,0.05438047312108395,0.16577400050466273,0.09058303024690322,-5795.719326998763,-5084.093068292774,2162.562562543621,0.4444444444444444,0.0,0.25,0.9745672696163493,0.9484777752089707,1.0,-0.0644920426346059,0.0017931001016936992
7.45,18.503599660849176,1.0094856336296665,18.531116039070135,2.516263856634678,-0.49813189489008336,-0.145,0.8391584395068078,-9.064585355741315,38.595091759148545,-64.48695671260417,0.054502145556374317,0.16591979678043722,0.09067990144324461,-5796.442169165588,-5086.054900457343,2161.905257138971,0.4444444444444444,0.0,0.25,0.9746643701734802,0.9487678534041828,1.0,-0.06450840358236389,0.0017915691394851932
7.466666666666667,18.509186366409608,1.011995741490844,18.53683131841251,2.507963804300173,-0.49792432695508027,-0.145,0.8384458750279871,-9.066814585292025,38.336014336771974,-64.31871667284614,0.05462093845671728,0.1660635586707067,0.09077307811903511,-5797.155452163778,-5087.941312256392,2161.2518178951905,0.4444444444444444,0.0,0.25,0.9747600121581711,0.9490461940794758,1.0,-0.064524267963788,0.001790047843303153
7.483333333333333,18.514744336381458,1.0144492681051935,18.54251507102336,2.499667338555232,-0.4977046479820457,-0.145,0.8377378901956885,-9.068971564631525,38.07824274017771,-64.14831044740842,0.0547366960512243,0.1662050775420535,0.09086245407353859,-5797.858352114323,-5089.750240921381,2160.6021495229875,0.4444444444444444,0.0,0.25,0.9748540590620786,0.949312457795755,1.0,-0.06453961817433713,0.0017885363244801817
7.5,18.5202743455438,1.0168435723580818,18.54816790642283,2.4913746534731365,-0.49747360577560507,-0.145,0.8370345268535674,-9.071054141186073,37.82179540763437,-63.9757485850826,0.05484927725418607,0.16634415881979187,0.090947938474465,-5798.550112255712,-5091.479943431987,2159.956155526324,0.4444444444444444,0.0,0.25,0.9749463853208996,0.9495663558946204,1.0,-0.06455443889515333,0.0017870346723507817
7.516666666666667,18.525777177732305,1.0191762818171248,18.553790457273298,2.4830859305758723,-0.49723195624887007,-0.145,0.836335816886115,-9.073060473693351,37.56669067039513,-63.80104180216229,0.05495855553789553,0.16648062204828432,0.09102945554889243,-5799.2300418999175,-5093.128985145334,2159.3137385302807,0.4444444444444444,0.0,0.25,0.9750368761486242,0.9498076487504175,1.0,-0.06456871702283601,0.0017855429549870452
7.533333333333333,18.531253623130166,1.0214452900103728,18.55938337675202,2.4748013387259036,-0.4969804608541573,-0.145,0.835641782583865,-9.07498902208307,37.31294675041039,-63.62420098134669,0.05506441877039132,0.16661430090733573,0.09110694424761813,-5799.897515209142,-5094.696228344511,2158.6748005989866,0.4444444444444444,0.0,0.25,0.9751254273424494,0.950036144004583,1.0,-0.0645824415974271,0.0017840612199783547
7.55,18.53670447564165,1.0236487530800433,18.564947335959655,2.466521034059553,-0.49671988413042606,-0.145,0.8349524370254466,-9.076838537177062,37.06058175813087,-63.44523717055934,0.05516676902025497,0.16674504318697211,0.09118035788491934,-5800.5519698176695,-5096.180820767798,2158.039243542994,0.4444444444444444,0.0,0.25,0.9752119450623264,0.9502516947921443,1.0,-0.0645956037291113,0.0017825894952470521
7.566666666666666,18.54213053035317,1.0257850858493829,18.570483021370396,2.4582451599600574,-0.49645099136528137,-0.145,0.8342677844730113,-9.078608050270548,36.80961369040229,-63.26416158168816,0.05526552233050588,0.1668727107228446,0.09124966375558873,-5801.19290532145,-5097.582184170191,2157.4069692155813,0.4444444444444444,0.0,0.25,0.9752963455888257,0.9504541979687077,1.0,-0.06460819652407092,0.001781127789892657
7.583333333333333,18.54753258108645,1.0278529573387138,18.575991132329207,2.4499738470684207,-0.49617454636910996,-0.145,0.8335878207777981,-9.080296862647309,36.560060428451784,-63.080985589252236,0.05536060846354898,0.16699717929442814,0.09131484273100202,-5801.819881656178,-5098.900002959577,2156.7778797975,0.4444444444444444,0.0,0.25,0.9753785550627074,0.9506435923448204,1.0,-0.06462021500987028,0.0017796760950577338
7.6,18.55291141804764,1.0298512857652795,18.58147237860108,2.441707213330223,-0.49589130935871933,-0.145,0.8329125337928835,-9.081904535073567,36.31193973596666,-62.895720729001006,0.05545197061904803,0.16711833848811392,0.09137588883587591,-5802.432517382893,-5100.134212941599,2156.151878069756,0.4444444444444444,0.0,0.25,0.9754585092092883,0.950819856933301,1.0,-0.06463165606068852,0.0017782343848090948
7.616666666666666,18.558267825575843,1.0317792330601088,18.58692747797703,2.433445364076581,-0.49560203494772637,-0.145,0.8322419037904344,-9.083430877307586,36.06526925726503,-62.70837869645137,0.055539565126517296,0.16723609152722058,0.09143280880728895,-5803.030487898314,-5101.28499019961,2155.528867674085,0.4444444444444444,0.0,0.25,0.9755361530504149,0.9509830092139204,1.0,-0.0646425183226644,0.0017768026170286182
7.633333333333333,18.563602579994036,1.0336361989338265,18.592357153941176,2.425188392137521,-0.4953074702408792,-0.145,0.8315759038810133,-9.084875937655339,35.82006651555831,-62.51897134536806,0.05562336111435108,0.1673503550708789,0.0914856216374568,-5803.613523585432,-5102.352740129296,2154.9087533608126,0.4444444444444444,0.0,0.25,0.9756114406065606,0.9511331034187576,1.0,-0.06465280213956891,0.0017753807343084491
7.6499999999999995,18.568916447564824,1.035421814522119,18.597762133402817,2.4169363779860533,-0.4950083530294899,-0.145,0.8309145004327821,-9.086239992596258,35.57634891130492,-62.32751068619248,0.055703340156941554,0.16746105898367286,0.09153435810168699,-5804.181407918186,-5103.338086641508,2154.291441223873,0.4444444444444444,0.0,0.25,0.9756843345913027,0.9512702288405868,1.0,-0.0646625094789765,0.001773968664845981
7.666666666666667,18.574210182553177,1.0371359356404486,18.603143144497356,2.4086893899112964,-0.49470541008519536,-0.145,0.8302576534886301,-9.087523536497468,35.33413372065436,-62.134008884425135,0.05577949590147236,0.1675681460778532,0.09157906027287609,-5804.733975532485,-5104.2418615414745,2153.6768389227736,0.4444444444444444,0.0,0.25,0.9757548061001633,0.9513945081658172,1.0,-0.06467164385906622,0.0017725663233344072
7.683333333333334,18.579484525397703,1.0387786356765911,18.608500914459253,2.400447484219037,-0.49439935554934417,-0.145,0.8296053171795525,-9.088727271430006,35.09343809398073,-61.938478258966605,0.055851833675918776,0.16767157182987363,0.09161978102386314,-5805.2711102743115,-5105.065094087961,2153.064855891387,0.4444444444444444,0.0,0.25,0.9758228342955658,0.9515060958327649,1.0,-0.0646802102761484,0.001771173611845268
7.7,18.584740200991803,1.0403501981486478,18.613836167570316,2.3922107054581643,-0.4940908894154215,-0.145,0.8289574401327661,-9.089852097096134,34.854279054504474,-61.74093128042175,0.05592037007973282,0.16777130407293867,0.09165658351890812,-5805.79274323422,-5105.809000732014,2152.4554035334468,0.4444444444444444,0.0,0.25,0.9758884060894133,0.9516051764154183,1.0,-0.06468821513298219,0.001769790420699761
7.716666666666667,18.589977917075526,1.0418511089553568,18.619149623185997,2.383979086671445,-0.4937806961020608,-0.145,0.8283139658732882,-9.090899100873118,34.61667349700087,-61.541380569371974,0.05598513255864667,0.1678673226671945,0.09168954069553066,-5806.298850776248,-5106.474975031585,2151.848395404706,0.4444444444444444,0.0,0.25,0.975951515824591,0.9516919630323196,1.0,-0.06469566616792172,0.0017684166293260948
7.733333333333333,18.595198362738703,1.043282048344811,18.624441993842357,2.3757526496691677,-0.49346944311435315,-0.145,0.8276748332178886,-9.09186954797569,34.38063818659385,-61.339838894619746,0.05604615896498723,0.1679596191491413,0.09171873473791452,-5806.78945256799,-5107.0645777357195,2151.2437473817404,0.4444444444444444,0.0,0.25,0.976012164956487,0.9517666957797688,1.0,-0.06470257238490697,0.0017670521071005614
7.75,18.600402207035508,1.0446438826270426,18.62971398344595,2.367531405324188,-0.4931577797913367,-0.145,0.8270399766604934,-9.092764871736664,34.14618975763327,-61.13631917140985,0.0561034971048595,0.16804819636179485,0.09174425654306233,-5807.264609617501,-5107.579527029846,2150.64137781741,0.4444444444444444,0.0,0.25,0.976070361735448,0.9518296401882049,1.0,-0.06470894398429548,0.0017656967141703565
7.766666666666667,18.60559009771038,1.045937655655396,18.634966285548693,2.359315353886977,-0.4928463361377333,-0.145,0.8264093267482985,-9.093586664003265,33.91334471265382,-60.930834459631456,0.05615720427352658,0.1681330680670831,0.09176620518086813,-5807.724422321676,-5108.021688932146,2150.0412076830457,0.4444444444444444,0.0,0.25,0.9761261208909218,0.9518810857003728,1.0,-0.06471479229451756,0.0017643503022565688
7.783333333333333,18.61076266003485,1.0471645801011449,18.640199581709577,2.3511044853192766,-0.4925357217381844,-0.145,0.8257828104479927,-9.094336665644851,33.682119421413404,-60.72339796200484,0.05620734678028869,0.16821425854192035,0.09178468734926427,-5808.169028529793,-5108.39306782998,2149.4431606974476,0.4444444444444444,0.0,0.25,0.9761794633178813,0.9519213441697039,1.0,-0.0647201297045241,0.0017630127154360492
7.8,18.61592049575456,1.0483260285454101,18.645414539944678,2.3428987796450027,-0.49222652475242523,-0.145,0.825160351501622,-9.09501675716671,33.452530120009015,-60.51402302225669,0.05625399946414232,0.16829180215936856,0.0917998168255926,-5808.598601625164,-5108.6957971447255,2148.8471634428206,0.4444444444444444,0.0,0.25,0.9762304157660076,0.9519507483772476,1.0,-0.06472496959698948,0.0017616837909011666
7.816666666666666,18.62106418214556,1.049423524412128,18.65061181326698,2.3346982073170715,-0.4919193109900206,-0.145,0.8245418707717553,-9.095628949423876,33.22459291006753,-60.302723123287485,0.056297245201482944,0.16836574295626153,0.09181171391534505,-5809.013348627048,-5108.932130113242,2148.253145467793,0.4444444444444444,0.0,0.25,0.9762790105319754,0.9519696505654465,1.0,-0.06472932628222607,0.001760363359696725
7.833333333333333,18.626194271178633,1.050458732765539,18.655792038316978,2.3265027295988223,-0.4916146230634564,-0.145,0.8239272865757218,-9.096175374428379,32.99832375800919,-60.08951188533445,0.05633717440710116,0.1684361341886412,0.09182050489941998,-5809.413508314409,-5109.104430674475,2147.6610393777087,0.4444444444444444,0.0,0.25,0.9763252851550983,0.9519784209870927,1.0,-0.0647332149327638,0.0017590512474335437
7.85,18.631311288790144,1.0514334509954646,18.66095583408501,2.3183122989587543,-0.4913129796185445,-0.145,0.8233165150087761,-9.096658276243577,32.773738494381135,-59.87440306413328,0.05637388452971001,0.1685030378763309,0.09182632148104003,-5809.799349372563,-5109.21516445025,2147.0707809123965,0.4444444444444444,0.0,0.25,0.9763692821164982,0.9519774464678796,1.0,-0.06473665151854935,0.001757747274978404
7.866666666666666,18.63641573425782,1.0523495994134602,18.666103800726013,2.3101268594772915,-0.49101487464124977,-0.145,0.8227094702561387,-9.097080001959425,32.55085281325826,-59.65741054908177,0.056407479543232296,0.16856652433794925,0.09182930023348097,-5810.171168563293,-5109.2668898103,2146.482309011641,0.4444444444444444,0.0,0.25,0.9764110485418945,0.9519671289811094,1.0,-0.06473965274272137,0.0017564512591202416
7.883333333333333,18.641508079679536,1.0532092117827956,18.671236518467158,2.3019463472643067,-0.4907207768401745,-0.145,0.8221060648939281,-9.097442992743177,32.32968227170873,-59.438548361408294,0.05643806943506916,0.16862667171765158,0.09182958204976355,-5810.529288918694,-5109.2622490127615,2145.8955658686214,0.4444444444444444,0.0,0.25,0.9764506359080507,0.9519478842332967,1.0,-0.06474223597792254,0.0017551630132126251
7.8999999999999995,18.646588769552967,1.0540144258050916,18.6763545466085,2.2937706908861637,-0.49043112910405157,-0.145,0.821506210179057,-9.097749774961,32.110242289321285,-59.217830652347835,0.056465769692565046,0.16868356550486968,0.09182731159546383,-5810.874057958696,-5109.203959412833,2145.310496971586,0.4444444444444444,0.0,0.25,0.9764880997528708,0.951920140259638,1.0,-0.06474441920311626,0.0017538823477926725
7.916666666666667,18.65165822045394,1.054767473586335,18.681458422616867,2.285599811801018,-0.49014634803368856,-0.145,0.8209098163282212,-9.098002951367002,31.892548147791373,-58.995271701328164,0.05649070078887774,0.16873729804830817,0.09182263676579909,-5811.205845932011,-5109.094804733972,2144.7270511340653,0.4444444444444444,0.0,0.25,0.9765234993891059,0.9518843360285625,1.0,-0.06474622094088306,0.001752609071176681
7.933333333333334,18.65671682081091,1.0554706721048857,18.68654866131256,2.2774336248011506,-0.4898668235478726,-0.145,0.8203167927861401,-9.098205192357538,31.67661499056302,-58.77088591416865,0.056512987669457206,0.16878796806544405,0.09181570814814748,-5811.52504408016,-5108.937626397863,2144.145180513934,0.4444444444444444,0.0,0.25,0.9765568976216125,0.951840920054881,1.0,-0.06474766019518167,0.0017513429900328087
7.95,18.66176493077309,1.0561264137039768,18.691625754148713,2.2692720384611045,-0.4895929185627939,-0.145,0.8197270484832424,-9.098359227290178,31.46245782252353,-58.5446878212939,0.056532759240329765,0.16883568014876638,0.09180667849115781,-5811.832062924063,-5108.7353149113405,2143.5648406216574,0.4444444444444444,0.0,0.25,0.9765883604680832,0.9517903490213371,1.0,-0.06474875638957012,0.0017500839099312254
7.966666666666667,18.66680288216933,1.0567371566310757,18.69669016858251,2.2611149555903993,-0.4893249687445653,-0.145,0.8191404920830128,-9.09846783586829,31.250091509747698,-58.31669207596438,0.05655014785937772,0.16888054426998303,0.09179570218160192,-5812.127330572787,-5108.490801310595,2142.985990318075,0.4444444444444444,0.0,0.25,0.9766179568831848,0.9517330864087125,1.0,-0.06474952930589385,0.0017488316358721852
7.983333333333333,18.671830978554958,1.057305415646315,18.701742347537557,2.252962273689614,-0.48906328233441526,-0.145,0.8185570322192243,-9.098533839593816,31.039530779288434,-58.0869134525259,0.056565288831794985,0.16892267528341248,0.09178293473011455,-5812.411291053948,-5108.207048665054,2142.408591802079,0.4444444444444444,0.0,0.25,0.9766457584860245,0.9516696011349405,1.0,-0.06474999902345921,0.0017475859727925096
