t,vx,vy,speed,yaw,yaw_rate,steering_angle,ax,ay,pos_x,pos_y,sideslip,alpha_f,alpha_r,fy_f,fy_r,f_long,throttle,brake,steer_cmd,util_f,util_r,mu_surface,roll,pitch
0.0,8.06629962048166,-0.005267098516585046,8.066301340125433,-2.8354264571924078e-05,-0.0038158816042984057,-0.075,3.950090373615302,-0.6428699715163206,0.13402527774390033,-4.0846420757038174e-05,-0.000652975715732231,0.07435939843042802,-9.114648544147017e-06,-755.6702614245132,0.08608644567372879,5000.0,1.0,0.0,0.8,0.14269403358087762,0.7720503349727104,1.0,-0.004575004144816292,0.008433282296136999
0.016666666666666666,8.129890375805717,-0.027679593733504156,8.12993749561014,-0.00024609396535990016,-0.02064881820736135,-0.15,3.703886963370273,-1.9835911917673574,0.26913194299027804,-0.00035399473436782973,-0.0034046568284268786,0.14523129396573273,1.9736915162826625e-06,-2350.9898315088403,0.257928647203062,5000.0,1.0,0.0,0.8,0.4407004449627705,0.7767191004551044,1.0,-0.014116288403628389,0.007907648028441084
0.03333333333333333,8.187184120474905,-0.06953098038058177,8.18747936667868,-0.0009149783886683822,-0.053690537340204555,-0.22499999999999995,3.2580365029300107,-3.3019524910307307,0.4052363141992092,-0.001314090379918973,-0.008492456964732123,0.21122367235210338,0.0002427513260910708,-3966.020295699088,-2.5089551862188015,5000.0,1.0,0.0,0.8,0.7318189599229736,0.7870795108961992,1.0,-0.023498447589363824,0.006955775428292423
0.05,8.236484643081203,-0.1222684809647587,8.237392115053764,-0.0022641698599467257,-0.0983137068997885,-0.29999999999999993,2.768048375723866,-4.072037361475879,0.5422101168924368,-0.0032482405268198676,-0.014843650679192171,0.27367443561556304,0.0009988580942276335,-4976.869291657623,-16.16152177520872,5000.0,1.0,0.0,0.8,0.9013134102414606,0.7999781399948855,1.0,-0.02897878051864489,0.005909670704692665
0.06666666666666667,8.278314694934279,-0.17586486918637365,8.280182524593208,-0.004416993963220574,-0.14798892167528208,-0.3749999999999999,2.3299356998141714,-4.367769079091689,0.679919345638672,-0.006336259543631913,-0.02124084748428218,0.334903610220163,0.0024493619682946356,-5445.567076852635,-51.29079333848694,5000.0,1.0,0.0,0.8,0.9696605173491502,0.8122521457874253,1.0,-0.03108336448397577,0.004974317959818412
0.08333333333333333,8.313682750258407,-0.2247281307299503,8.316719521823828,-0.00741033807609558,-0.19850633122879546,-0.44999999999999984,1.94242981250316,-4.439856815512386,0.8182431794789008,-0.010645262148639652,-0.0270245361271476,0.39645284663762276,0.004609466149321208,-5651.298772018229,-117.21664836085945,5000.0,1.0,0.0,0.8,0.9916991746012465,0.8234885445420813,1.0,-0.03159637910205977,0.004147008650406882
0.1,8.345681842576472,-0.2678581781175591,8.34997924674637,-0.011239444236273297,-0.24842579149154037,-0.46399999999999997,1.8563836623140668,-4.5472241091300605,0.957090000414745,-0.016199053724850063,-0.032084407837109495,0.39788039927365454,0.007379964734830932,-5720.7990768512045,-220.55009291574913,5000.0,1.0,0.0,0.8,0.9974458804249783,0.8290928250234807,1.0,-0.03236046178608991,0.003963303619279638
0.11666666666666667,8.377932295458631,-0.30598950093474614,8.383518302119406,-0.015890905442292526,-0.2973068116077995,-0.46399999999999997,1.8521124637855162,-4.67102492928704,1.0964374468075524,-0.023030114033238264,-0.03650704502861169,0.3861554036661909,0.01059940015630648,-5730.328957452324,-363.99590459910723,5000.0,1.0,0.0,0.8,0.9989025204188029,0.830641280132399,1.0,-0.03324149417280088,0.003954184784132292
0.13333333333333333,8.41056690464111,-0.3395935788457325,8.417419999990353,-0.021339978885923348,-0.3444756630971188,-0.46399999999999997,1.8504022181196604,-4.820001839391595,1.2362778255284077,-0.031176929424812046,-0.04035509332053264,0.3753280043940297,0.014098535323890552,-5733.552013356791,-544.7031139023793,5000.0,1.0,0.0,0.8,0.9993883901191645,0.8334106633679875,1.0,-0.034301692986571354,0.003950533479191969
0.15,8.4436260101277,-0.3693207452727582,8.451699119809806,-0.027552132651062586,-0.3893721396768054,-0.46399999999999997,1.8495693786242642,-4.992768255666018,1.3766024630292706,-0.04068519919865035,-0.04371172913153981,0.3653989309773142,0.017704247710890998,-5734.8855465898405,-756.8433606141103,5000.0,1.0,0.0,0.8,0.999585211835872,0.8379749944431389,1.0,-0.03553119056082611,0.003948755400741166
0.16666666666666666,8.477125758197955,-0.39581235715088736,8.486361325231009,-0.034485709375574304,-0.43165862065262883,-0.46399999999999997,1.8491299958070142,-5.183734442894917,1.5174011554173747,-0.05160715476537328,-0.04665792438749323,0.35633788038717173,0.02127485433869299,-5735.503301219481,-992.1297929690096,5000.0,1.0,0.0,0.8,0.9996742445823787,0.8447052773649603,1.0,-0.036890207371070446,0.003947817336296187
0.18333333333333332,8.511069819054736,-0.4196344600893692,8.521408483632205,-0.04209495712724119,-0.4711328194827278,-0.46399999999999997,1.8489074457545396,-5.385657969971525,1.6586619442109336,-0.06399983382794344,-0.04926465519721351,0.34809809380627527,0.024704424829781673,-5735.791919595105,-1241.270001327325,5000.0,1.0,0.0,0.8,0.9997148945302117,0.8537094916969923,1.0,-0.038327202431101735,0.003947342200985341
0.2,8.545453977572294,-0.44125272839623375,8.556838648304831,-0.050331900013091485,-0.5077020349680714,-0.46399999999999997,1.8488189809503397,-5.591194326735737,1.8003710163269748,-0.07792300477310715,-0.051590142439195165,0.34062836870941937,0.027917575651328668,-5735.902853999801,-1495.0606343259744,5000.0,1.0,0.0,0.8,0.9997300045395883,0.8648097638362162,1.0,-0.03978990830595973,0.003947153332226268
0.21666666666666667,8.580268670162628,-0.4610256045901447,8.592645405244072,-0.059148080658266405,-0.5413739689912269,-0.46399999999999997,1.8488194414917405,-5.793747794323379,1.9425126864208306,-0.09343711872902186,-0.05367928760204308,0.3338755640595849,0.03086905201392022,-5735.903919710478,-1745.2958866730467,5000.0,1.0,0.0,0.8,0.9997295125113954,0.8775895462995733,1.0,-0.041231386357228214,0.003947154315463428
0.23333333333333334,8.61550061713752,-0.4792101305721364,8.628817603422844,-0.06849606523810006,-0.5722397789600067,-0.46399999999999997,1.848882040908868,-5.9880137723391424,2.0850694459044035,-0.11060150803725778,-0.055564600969003376,0.32778661450879,0.03354037858609738,-5735.8288961363305,-1985.3917966797462,5000.0,1.0,0.0,0.8,0.9997182070981017,0.8914919409500296,1.0,-0.042613886231226986,0.0039472879626730566
0.25,8.651133908447536,-0.4959762877110569,8.66533959980002,-0.07833061501482157,-0.6004526977904017,-0.46399999999999997,1.8489901343371113,-6.170221796858664,2.228022063161095,-0.1294729629155969,-0.05726809541321338,0.3223101155016868,0.03593462083620302,-5735.696316774602,-2210.670226049413,5000.0,1.0,0.0,0.8,0.9996986425280963,0.9059306498050309,1.0,-0.04391057530418121,0.003947518737746159
0.26666666666666666,8.687150724092472,-0.5114255829631784,8.702191898022566,-0.0886094888322867,-0.6262058592913045,-0.46399999999999997,1.8491329039105195,-6.3381192128585955,2.371349717187593,-0.1501047369537916,-0.058803626504396564,0.31739746775137834,0.03807039294171718,-5735.517540054964,-2418.332581716343,5000.0,1.0,0.0,0.8,0.9996723645981629,0.9203799829995868,1.0,-0.0451054224865622,0.0039478235449788976
0.2833333333333333,8.723531812693144,-0.5256102495886792,8.739352002382214,-0.09929389490554054,-0.6497122273975271,-0.46399999999999997,1.8493028183977185,-6.490773478959627,2.515030146988615,-0.17254596479172463,-0.060179248621967156,0.31300359565443536,0.03997607367579357,-5735.300578564145,-2607.213262438219,5000.0,1.0,0.0,0.8,0.9996404737469995,0.934427854115883,1.0,-0.04619179131864318,0.003948186305498587
0.3,8.760256817819585,-0.5385505682073151,8.776795327946923,-0.11034864645390426,-0.6711883457853645,-0.46399999999999997,1.8494940971818763,-6.628282185383907,2.6590398017535986,-0.19684143064624177,-0.061399300647973734,0.30908729245460365,0.041684863034211206,-5735.052027359964,-2777.4205618722335,5000.0,1.0,0.0,0.8,0.9996038980453706,0.9477926592595476,1.0,-0.04717037630427496,0.00394859467792339
0.31666666666666665,8.797304514156304,-0.550249018416773,8.81449605462862,-0.12174209219652095,-0.6908424871973932,-0.46399999999999997,1.8497018124123308,-6.751465474055994,2.8033539809980197,-0.22303160559382296,-0.06246608136096882,0.3056112695786314,0.04323096726558811,-5734.778037173989,-2929.956398270664,5000.0,1.0,0.0,0.8,0.9995635254635628,0.9603143370209469,1.0,-0.048047014008969165,0.003949038141492561
0.3333333333333333,8.834652993430947,-0.5607009272311491,8.852427861560706,-0.13344589334322224,-0.7088669611774531,-0.46399999999999997,1.849921403342734,-6.861589318350628,2.9479469582095486,-0.2511528698279215,-0.06338108781654073,0.30254199432278717,0.044646931385126966,-5734.484762999698,-3066.374379488687,5000.0,1.0,0.0,0.8,0.999520261372088,0.971931708930666,1.0,-0.04883071377161746,0.0039495069591981334
0.35,8.872279823873006,-0.5699018792602378,8.890564516670938,-0.14543470958492416,-0.7254338927532951,-0.46399999999999997,1.8501484482721986,-6.96014259244967,3.0927920852737563,-0.2812378462172348,-0.06414585870919558,0.29984939323013127,0.04596197699863636,-5734.178509656585,-3188.50439311225,5000.0,1.0,0.0,0.8,0.9994750437568961,0.9826556702783633,1.0,-0.04953207121163733,0.003949991690888545
0.36666666666666664,8.91016219629927,-0.5778524354614305,8.928880321828114,-0.15768584330287175,-0.7406936398424933,-0.46399999999999997,1.8503785893657296,-7.0486724379459025,3.237861877721594,-0.313315786765006,-0.06476249525418815,0.2975064844040519,0.04720113585228583,-5733.865701826155,-3298.2492385762607,5000.0,1.0,0.0,0.8,0.999428834175957,0.9925440934378394,1.0,-0.05016209661028815,0.003950483032763316
0.3833333333333333,8.947886981140298,-0.5843203826686121,8.966945507633133,-0.17018079861920543,-0.7550221254344468,-0.46399999999999997,1.8105895429458987,-7.106216563514058,3.383125318954962,-0.34741066188861125,-0.06521002161495648,0.295481282826394,0.04842243098147915,-5739.549420529522,-3364.1077635045344,4954.644858224691,1.0,0.0,0.8,0.999381538998752,0.9933489363787912,1.0,-0.05057161116945038,0.0038655350368911557
0.4,8.985096587357404,-0.5891056687171015,9.004388162060557,-0.18290855349908336,-0.7687848999056446,-0.46399999999999997,1.7683408004620094,-7.156724239905864,3.52854366016746,-0.3835383696449839,-0.06547104939110028,0.2937279001731113,0.049730830280869026,-5748.200196026509,-3418.437944495695,4907.6565944231825,1.0,0.0,0.8,0.9993343517047344,0.9935048632198555,1.0,-0.0509310506192236,0.0037753356899589137
0.4166666666666667,9.021807089363985,-0.5922043714369692,9.041222769915988,-0.1958603327718696,-0.7820386463662267,-0.46399999999999997,1.7283684293783337,-7.203510639760283,3.6740770200503325,-0.42171211823942034,-0.06554740028831678,0.29223231568542196,0.051140055142642374,-5756.330259746203,-3468.627554016842,4863.149904002072,1.0,0.0,0.8,0.9992886287490109,0.9936516010882724,1.0,-0.051264007488791064,0.003689996303385322
0.43333333333333335,9.058020839733823,-0.5936321632086342,9.0774523231052,-0.20902795020531975,-0.7948084328557247,-0.46399999999999997,1.6897239541442075,-7.247821279248304,3.8196854830257942,-0.46194362726380184,-0.06544304367844295,0.2909853923194222,0.05265257313627919,-5764.15357590157,-3516.05723622163,4820.083479259902,1.0,0.0,0.8,0.9992450860342692,0.9937928102241207,1.0,-0.051579345532717744,0.0036074919204445383
0.45,9.093726939540664,-0.5934199263395957,9.113068465665366,-0.22240351396448224,-0.8071120762993874,-0.46399999999999997,1.651758348712742,-7.290519862515151,3.9653288514941423,-0.5042433868171358,-0.06516357350299899,0.28997837024788975,0.05426675828690731,-5771.823347735348,-3561.610960671546,4777.7530629171315,1.0,0.0,0.8,0.9992043982071168,0.9939310966654449,1.0,-0.05188321132841333,0.003526436896922567
0.4666666666666667,9.128905940551958,-0.591607563832596,9.148055704958773,-0.2359794567903627,-0.8189683517517995,-0.46399999999999997,1.614065658850869,-7.332114880857544,4.110966482546571,-0.5486208164942399,-0.06471546915908906,0.2892009943892323,0.055980480965854555,-5779.438818752369,-3605.8225396342627,4735.718629202044,1.0,0.0,0.8,0.9991671735557048,0.9940681318423611,1.0,-0.05217922357000444,0.0034459645370421062
0.48333333333333334,9.163533432734846,-0.5882398227524528,9.182394625691117,-0.24974848428673949,-0.8303924805897446,-0.46399999999999997,1.5764249567961972,-7.372879817493037,4.256557198457129,-0.5950843437113353,-0.0641055996822006,0.28864310840216406,0.057790528632153004,-5787.057605988265,-3648.9768711144266,4693.742913785532,1.0,0.0,0.8,0.99913393570752,0.9942048687929376,1.0,-0.0524693285093138,0.0033656031690156574
0.5,9.197582764423714,-0.5833635061101935,9.216064327503652,-0.26370353691857273,-0.8413980740014227,-0.46399999999999997,1.5387548512171363,-7.412924537344615,4.4020592543464225,-0.643641429714313,-0.0633408959052087,0.28829476934020953,0.05969321578469157,-5794.7056089910675,-3691.18595768016,4651.741487748728,1.0,0.0,0.8,0.9991051122221922,0.9943417157419965,1.0,-0.05275430800348252,0.0032851790256604894
0.5166666666666666,9.231027056717407,-0.5770254239321889,9.249044213415402,-0.27783777724502323,-0.8519984111187829,-0.46399999999999997,1.5010749079373664,-7.4522496791138275,4.547430349573055,-0.6942985624174552,-0.062428115276977315,0.28814632399638423,0.061684830665150424,-5802.385317232705,-3732.4483711904168,4609.740216526925,1.0,0.0,0.8,0.9990810277539304,0.9944786815371284,1.0,-0.05303416659785002,0.0032047338792144105
0.5333333333333333,9.263840622079314,-0.5692709514688306,9.281315234786128,-0.2921445929963107,-0.8622072113398622,-0.46399999999999997,1.463473528897377,-7.49078862417335,4.6926276712253205,-0.7470612300010918,-0.06137368204030708,0.2881884765743152,0.06376192525427168,-5810.082791678151,-3772.694635199426,4567.839879099453,1.0,0.0,0.8,0.9990619016781139,0.9946154976964349,1.0,-0.053308430198883205,0.003124456464225028
0.55,9.29599989373,-0.5601430748692945,9.312860693071286,-0.30661760898217494,-0.872039033893096,-0.46399999999999997,1.4260820024982022,-7.528438882627783,4.837607959743792,-0.8019338855491406,-0.060183587189898524,0.2884123439642783,0.06592148625147143,-5817.77336866228,-3811.820739508349,4526.187623284352,1.0,0.0,0.8,0.9990478498309804,0.9947517178839117,1.0,-0.053576369434054125,0.003044627076089006
0.5666666666666667,9.327483965912213,-0.5496818165279269,9.343666691067853,-0.32125070279171614,-0.8815094144182528,-0.46399999999999997,1.389054248091714,-7.565084609009992,4.9823275884064815,-0.8589199099767256,-0.05886333432513404,0.28880949714567206,0.06816101876102945,-5825.42617331764,-3849.7118103056946,4484.954721545703,1.0,0.0,0.8,0.9990388897877223,0.9948867963433966,1.0,-0.053837159885493265,0.002965574326362638
0.5833333333333334,9.358274835612882,-0.5379239455779138,9.373722316672893,-0.33603802084872797,-0.890634826910943,-0.46399999999999997,1.3525516216178866,-7.600611893398188,5.126742650065814,-0.9180215780419109,-0.05741791936688543,0.2893719888288339,0.0704785688395543,-5833.007563438638,-3886.2578489778007,4444.319919922865,1.0,0.0,0.8,0.9990349489647307,0.9950201474311481,1.0,-0.054089990909699744,0.0028876427034153673
0.6,9.388357424649662,-0.5249028936323917,9.403019630986531,-0.3509739926508113,-0.8994325396133636,-0.46399999999999997,1.3167320480597002,-7.634918380085787,5.270809046063344,-0.9792400303150407,-0.05585183409173401,0.2900923684850389,0.07287270577727228,-5840.48364829298,-3921.363317957631,4404.457562070032,1.0,0.0,0.8,0.9990358747741301,0.9951511888131201,1.0,-0.05433413408910452,0.0028111693706629947
0.6166666666666667,9.417719448215756,-0.5106488109385073,9.431553520678033,-0.36605334197658307,-0.9079204157769504,-0.46399999999999997,1.2817427083035366,-7.667918617648718,5.414482573606069,-1.0425752525421819,-0.05416908542911925,0.2909636864946091,0.0753424801160599,-5847.822037967495,-3954.9521608680307,4365.529630190237,1.0,0.0,0.8,0.9990414460719447,0.995279371093243,1.0,-0.05456898130599075,0.002736468553312046
0.6333333333333333,9.446351183085579,-0.4951887125289379,9.459321462726509,-0.38127109453350455,-0.9161166951563321,-0.46399999999999997,1.2477155289755593,-7.699546349167312,5.557719009034425,-1.1080260628191285,-0.05237322433481194,0.29197948937584567,0.07788736912154287,-5854.992977537488,-3986.969606141249,4327.680869770462,1.0,0.0,0.8,0.9990513852083808,0.9954041966177374,1.0,-0.05479406104092907,0.0026638219093438795
0.65,9.474245176601643,-0.4785466768573486,9.486323238657363,-0.3966225819854449,-0.9240397798711875,-0.46399999999999997,1.2147647905280015,-7.729754732302141,5.70047418533769,-1.1755901063141694,-0.05046737969801549,0.2931338080457709,0.08050721784385875,-5861.970008986464,-4017.3818443549185,4291.036240408441,1.0,0.0,0.8,0.9990653700909615,0.995525229999288,1.0,-0.05500903993895423,0.0025934734228761896
0.6666666666666666,9.501395926900605,-0.4607440702793004,9.51256062572118,-0.41210344259144677,-0.9317080388584685,-0.46399999999999997,1.18298626411192,-7.758515260152665,5.842704062988002,-1.2452638568654688,-0.04845429410597907,0.29442114089905647,0.08320218105746918,-5868.730285745905,-4046.1744166580925,4255.700041550027,1.0,0.0,0.8,0.9990830457907813,0.9956421025837549,1.0,-0.05521371512982198,0.0025256275614214353
0.6833333333333333,9.527799555913301,-0.4417997794279989,9.53803708436722,-0.4277096188495517,-0.9391396382657717,-0.46399999999999997,1.1524573950748689,-7.785815954043745,5.984364793693166,-1.317042624562622,-0.046336359368503964,0.2958364332473472,0.0859726692256627,-5875.254643417951,-4073.349924902024,4221.75618135193,1.0,0.0,0.8,0.9991040353442754,0.9957545127024298,1.0,-0.05540800136691819,0.0024604496676469165
0.7,9.553453489559038,-0.4217304401386061,9.562757454903227,-0.4434373526102724,-0.9463524004049056,-0.46399999999999997,1.123238157074601,-7.811659229591368,6.125412777041068,-1.3909205683421313,-0.04411565051526831,0.2973750543907223,0.08881930010111637,-5881.52750856185,-4098.92548448706,4189.269174633041,1.0,0.0,0.8,0.9991279495169058,0.9958622231658917,1.0,-0.055591915841049146,0.002398067782872786
0.7166666666666667,9.578356154136525,-0.4005506563593016,9.58672767130656,-0.45928317813436464,-0.9533636908442293,-0.46399999999999997,1.0953722969361497,-7.836059701608649,6.265804710256904,-1.4668907126355764,-0.04179395755938855,0.29903277333099376,0.09174285653763027,-5887.5367073892685,-4122.9301916729455,4158.285562272573,1.0,0.0,0.8,0.9991543953943729,0.9959650570974677,1.0,-0.055765562558986875,0.002338575304791291
0.7333333333333333,9.602506693972963,-0.37827320578515594,9.609954496562954,-0.47524391354261847,-0.9601903314399354,-0.46399999999999997,1.0688887717364728,-7.859042090566955,6.405497631448473,-1.5449449671713056,-0.03937281471577621,0.30080573390255017,0.09474425043497862,-5893.27321898531,-4145.402765862903,4128.835534286825,1.0,0.0,0.8,0.9991829837482022,0.99606289289604,1.0,-0.05592911744473466,0.0022820340555840435
0.75,9.6259047126618,-0.3549092311004144,9.632445281420754,-0.491316651058531,-0.9668485362187271,-0.46399999999999997,1.0438032446648862,-7.8806393193730235,6.544448956800624,-1.6250741491200553,-0.03685352701651804,0.3026904298990867,0.0978244923647524,-5898.730903703409,-4166.389448785416,4100.934610576692,1.0,0.0,0.8,0.9992133351852708,0.9961556588677387,1.0,-0.056082814795182144,0.0022284774755232046
0.7666666666666666,9.648550038429656,-0.33046841702043467,9.654207746818425,-0.5074987463895769,-0.9733538667289364,-0.46399999999999997,1.0201195556728013,-7.90089083882045,6.682616512218687,-1.7072680068750112,-0.03423719441639433,0.3046836806151044,0.10098466624364574,-5903.906226625036,-4185.942190037817,4074.5852878114893,1.0,0.0,0.8,0.9992450851362963,0.9962433278732264,1.0,-0.05622693536312884,0.002177913762748866
0.7833333333333333,9.67044251124542,-0.3049592442477892,9.67524979026148,-0.5237877820637515,-0.9797173466816165,-0.46399999999999997,0.997831869935562,-7.91982085529558,6.819958560474976,-1.7915152439831246,-0.031524742886392405,0.3067828279301031,0.10422566160705483,-5908.797901609596,-4204.117037673406,4049.7787958315985,1.0,0.0,0.8,0.9992778881725382,0.9963259106335538,1.0,-0.056361651414075946,0.002130330460147691
0.8,9.691581786763896,-0.27839022373165084,9.69557933525393,-0.5401814373739262,-0.9859441927979307,-0.46399999999999997,0.9769254294099812,-7.937483943545756,6.956433826122697,-1.8778035404147106,-0.028717055587582932,0.30898641331697735,0.10754721274619782,-5913.406614074863,-4220.9713224215875,4026.4982310053997,1.0,0.0,0.8,0.9993114246991953,0.9964034501594438,1.0,-0.05648735133091015,0.00208569605989769
0.8166666666666667,9.711967227795027,-0.2507697184954426,9.715204212237584,-0.5566775629960615,-0.992046776423325,-0.46399999999999997,0.9573781205448482,-7.953939941889242,7.092001512809126,-1.9661195809994338,-0.025814956416705327,0.3112921576469832,0.11095001945268836,-5917.7348343080685,-4236.564144633501,4004.7182538018856,1.0,0.0,0.8,0.999345399017776,0.9964760186598935,1.0,-0.056604460954884285,0.0020439633504663935
0.8333333333333334,9.731597782521241,-0.22210535686569327,9.73413202038686,-0.573274213722194,-0.9980370940270091,-0.46399999999999997,0.939160443320356,-7.969241384378095,7.22662131782225,-2.0564490822824775,-0.022819151530000564,0.3136978273457811,0.11443496595986566,-5921.786655160666,-4250.956736176604,3984.404910829772,1.0,0.0,0.8,0.9993795375675077,0.9965437148569937,1.0,-0.05671335414621356,0.00200506935051129
0.85,9.750471845925372,-0.19240415050007428,9.75236999786785,-0.5899696373382955,-1.003926475793965,-0.46399999999999997,0.9222362440036503,-7.983442733800806,7.360253444035256,-2.148776817447409,-0.01973024345577337,0.31620139214245796,0.11800292857984299,-5925.567751321212,-4264.211299844779,3965.5169908367166,1.0,0.0,0.8,0.9994135904699825,0.9966066630916502,1.0,-0.056814418491025996,0.0019689368732831204
0.8666666666666667,9.768587141690105,-0.16167261377031544,9.769924911627346,-0.6067622635988354,-1.0097255940054177,-0.46399999999999997,0.9065638690923148,-7.996599589803507,7.4928586087978,-2.2430866405254846,-0.016548744721295198,0.31880100681706014,0.12165476652027288,-5929.085139508868,-4276.39025050855,3948.0073034391535,1.0,0.0,0.8,0.9994473324298037,0.9966650089924014,1.0,-0.05690804966593239,0.0019354769902482874
0.8833333333333333,9.785940623240187,-0.1299168741510482,9.78680296500199,-0.6236506933984284,-1.0154444767299469,-0.46399999999999997,0.8920971886729879,-8.008768049050953,7.624398050224246,-2.339361509677175,-0.013275089988653965,0.32149499416494864,0.1253913146154039,-5932.346962614471,-4287.555622236952,3931.8238115764393,1.0,0.0,0.8,0.9994805630215111,0.9967189156264379,1.0,-0.056994646884591986,0.001904591215917884
0.9,9.802528392067053,-0.09714277468585114,9.803009721302654,-0.6406336882138818,-1.0210925254134127,-0.46399999999999997,0.8787865096621047,-8.020004184966057,7.754833531288863,-2.4375835093852865,-0.009909646872450327,0.32428182915366155,0.12921337760691456,-5935.362294580488,-4297.768604223178,3916.9106408497146,1.0,0.0,0.8,0.9995131064811478,0.9967685600655972,1.0,-0.05707460919526279,0.0018761734575795334
0.9166666666666666,9.818345631757833,-0.0633559693418817,9.818550041809093,-0.657710159869986,-1.0266785352867336,-0.46399999999999997,0.8665793955778507,-8.030363621456553,7.884127342102984,-2.537733871443736,-0.006452725579645822,0.3271601242392231,0.1331217256934801,-5938.140962955038,-4307.089176709196,3903.2089843807025,1.0,0.0,0.8,0.9995448111045026,0.9968141303039566,1.0,-0.05714833244721403,0.001850111765477172
0.9333333333333333,9.83338655636873,-0.028562011863075408,9.833428036829014,-0.674879160667142,-1.0322107177683406,-0.46399999999999997,0.8554214056836642,-8.039901180801209,8.012242300718462,-2.639792994663747,-0.002904587486410866,0.3301286158031558,0.13711709113239004,-5940.693386790152,-4315.575824543493,3890.6579175797624,1.0,0.0,0.8,0.999575548339078,0.9968558224778026,1.0,-0.05721620678489745,0.0018262899108523636
0.95,9.84764437194505,0.0072335614192076125,9.847647028641502,-0.6921398738973404,-1.037696724236943,-0.46399999999999997,0.8452567631116354,-8.048670590579485,8.139141752774382,-2.7437404632513114,0.000734547252623777,0.33318615166741733,0.14120016572568625,-5943.030428182952,-4323.285311245358,3879.195133612606,1.0,0.0,0.8,0.9996052116435284,0.9968938383509802,1.0,-0.05727861456230316,0.0018045888123605857
0.9666666666666667,9.861111250106548,0.04402515446841776,9.861209525266355,-0.7094916047662374,-1.0431436707017807,-0.46399999999999997,0.8360289589603589,-8.056724238296995,8.264789570278928,-2.8495550638371605,0.004464492981849797,0.336331679641532,0.14537159906024968,-5945.163256267205,-4330.272500636295,3868.757607444537,1.0,0.0,0.8,0.9996337151766249,0.9969283830385677,1.0,-0.05733592859674405,0.001784887825795573
0.9833333333333333,9.873778312697292,0.0818070398434603,9.87411720408763,-0.7269337717324181,-1.0485581630117404,-0.46399999999999997,0.8276812973435684,-8.06411296531675,8.38915014979492,-2.9572148011639587,0.008285092638687387,0.33956423705397865,0.1496319973986158,-5947.103222853832,-4336.590216393806,3859.282194093203,1.0,0.0,0.8,0.999660992367728,0.9969596629496148,1.0,-0.05738851070236109,0.0017670659077459894
1.0,9.885635626553196,0.12057329219150245,9.886370904420271,-0.7444658982698872,-1.0539463223296932,-0.46399999999999997,0.8201573848855143,-8.070885893982483,8.512188410275066,-3.0666969124555523,0.012196212601546493,0.3428829412182394,0.15398192313719516,-5948.861749202431,-4342.2891324358925,3850.706165070654,1.0,0.0,0.8,0.9996869944120711,0.9969878839354553,1.0,-0.05743671045984111,0.0017510026606481464
1.0166666666666666,9.896672207475895,0.16031772673405198,9.89797062815055,-0.7620876050559353,-1.0593138106608064,-0.46399999999999997,0.8134015671423898,-8.077090283535433,8.633869790771332,-3.177977880510226,0.01619773823455522,0.34628698078270587,0.15842189476278626,-5950.45022359563,-4347.41768899115,3842.9676858601456,1.0,0.0,0.8,0.9997116887267726,0.9970132496341036,1.0,-0.0574808641910441,0.0017365792645280028
1.0333333333333332,9.906876032525659,0.201033842559079,9.90891554761092,-0.7797986025835023,-1.0646658562687317,-0.46399999999999997,0.8073593137976559,-8.082771411685588,8.75416024822142,-3.2910334455744272,0.020289570075598767,0.34977560791282813,0.162952387248212,-5951.879909499864,-4352.022030664785,3836.006236565223,1.0,0.0,0.8,0.9997350573972132,0.9970359600038268,1.0,-0.05752129411620126,0.0017236792993775142
1.05,9.916234059764138,0.24271477053228357,9.91920401987281,-0.7975986841947382,-1.0700072788457549,-0.46399999999999997,0.801977554155967,-8.087972479591777,8.873026255494372,-3.4058386160654384,0.024471620616794858,0.3533481312534608,0.16757383283473434,-5953.161864145086,-4356.145963871922,3829.7629775026194,1.0,0.0,0.8,0.9997570956380749,0.9970562100403163,1.0,-0.057558307677702904,0.0017121894614205207
1.0666666666666667,9.924732254594227,0.2853532256332373,9.928833606661073,-0.8154877195304782,-1.0753425143256305,-0.46399999999999997,0.7972049643748226,-8.092734538608413,8.990434799856489,-3.52236767822131,0.028743811628364223,0.35700390961929307,0.17228662215350568,-5954.306867356383,-4359.830931756919,3824.181061407961,1.0,0.0,0.8,0.9997778102888061,0.9970741886723544,1.0,-0.057592197018789384,0.0017020001763406421
1.0833333333333333,9.932355621862712,0.3289414635100375,9.93780109911463,-0.8334656483886642,-1.080675639243652,-0.46399999999999997,0.7929922079613189,-8.097096437534317,9.106353381998332,-3.6405942047640987,0.03310607197825024,0.36074234636155034,0.17709110564141362,-5955.325360435528,-4363.116005217529,3819.2058940132893,1.0,0.0,0.8,0.9997972183594139,0.9970900778306172,1.0,-0.057623238608145645,0.0016930061127320615
1.1,9.939088242913586,0.37347124103175444,9.946102546641114,-0.8515324749832778,-1.0860103945596455,-0.46399999999999997,0.7892921312680486,-8.101094789302797,9.220750015743464,-3.760491062668249,0.037558335901041705,0.3645628843598058,0.18198759520882574,-5956.227394831364,-4366.037888960829,3814.785344976717,1.0,0.0,0.8,0.9998153456391758,0.9971040516835548,1.0,-0.0576516930028502,0.001685106599475319
1.1166666666666667,9.944913316807868,0.41893378060328124,9.953733289140967,-0.8696882625940291,-1.0913502088677411,-0.46399999999999997,0.7860599159998196,-8.104763956128725,9.333593228540135,-3.8820304201299916,0.04210054167093593,0.3684650015887379,0.18697636611836263,-5957.022590264585,-4368.630941680366,3810.869911444347,1.0,0.0,0.8,0.9998322253780301,0.997116276033285,1.0,-0.057677804742673804,0.0016782059513329546
1.1333333333333333,9.949813204959666,0.465319737993749,9.960687991908808,-0.8879331285958486,-1.0966982209232126,-0.46399999999999997,0.7832531910519136,-8.108136052112894,9.444852062818262,-4.005183752835994,0.046732630634774376,0.3724482072109848,0.19205765903524455,-5957.720101892938,-4370.927209499299,3807.4128368592174,1.0,0.0,0.8,0.9998478970479483,0.9971269078632946,1.0,-0.05770180236861346,0.0016722137077196427
1.15,9.953769478478664,0.5126191734185921,9.966960682557636,-0.9062672398561257,-1.1020573014223685,-0.46399999999999997,0.7808321063088447,-8.111240962229905,9.554496078276138,-4.129921849630381,0.051454546562673446,0.3765120381488634,0.19723168221119267,-5958.32859602412,-4372.9564718052,3804.3701879657838,1.0,0.0,0.8,0.9998624051894764,0.9971360950285766,1.0,-0.05772389855802033,0.0016670447902595383
1.1666666666666667,9.956762967555612,0.5608215256074613,9.972544789353995,-0.9246908084866278,-1.1074300739770764,-0.46399999999999997,0.778759371314913,-8.114106376517523,9.662495355144332,-4.256214817678768,0.05626623527550685,0.38065605608959985,0.20249861376547337,-5958.856233810792,-4374.746298535651,3801.70089326355,1.0,0.0,0.8,0.9998757983467776,0.997143976077764,1.0,-0.05774429036790926,0.001662619585346338
1.1833333333333333,9.958773812278926,0.6099155885859772,9.977433180399292,-0.9432040879361246,-1.1128189352314708,-0.46399999999999997,0.7770002619653288,-8.116757838165086,9.76882049845853,-4.384032087226332,0.061167644510490705,0.38487984488082727,0.20785860402855033,-5959.310662299328,-4376.322117882315,3799.366746419056,1.0,0.0,0.8,0.9998881280929128,0.9971506801958805,1.0,-0.05776315957718157,0.0016588639584285568
1.2,9.959781514326593,0.659889490899057,9.981618203143253,-0.9618073694089306,-1.1182260740749617,-0.46399999999999997,0.7755225985465332,-8.119218804081987,9.873442643358473,-4.5133424160442335,0.06615872398837054,0.3891830082754063,0.21331177791598369,-5959.699012153932,-4377.70729328285,3797.332378337379,1.0,0.0,0.8,0.9998994481456916,0.9971563272556156,1.0,-0.05778067311766242,0.0016557092071265065
1.2166666666666666,9.959764989036525,0.7107306770072279,9.985091723768836,-0.9805009785938962,-1.1236534899129222,-0.46399999999999997,0.7742966985687032,-8.121510716427926,9.976333461417092,-4.644113893655195,0.07123942564818586,0.3935651679870691,0.21885823730270146,-5960.027901342366,-4378.923208479075,3795.5652017141147,1.0,0.0,0.8,0.9999098135732244,0.9971610279645483,1.0,-0.05779698358314814,0.0016530919605316128
1.2333333333333334,9.958702617419567,0.7624258905947902,9.987845166043003,-0.9992852726878068,-1.1291030099643684,-0.46399999999999997,0.7732953078793099,-8.123653083513064,10.077465167992086,-4.776313945424842,0.0764097040182513,0.39802596202094126,0.2244980633705215,-5960.303444049424,-4379.989359346694,3794.0353319331216,1.0,0.0,0.8,0.9999192800872662,0.997164884095509,1.0,-0.0578122298051347,0.0016509540321366612
1.25,9.956572297740983,0.8149611595395972,9.989869549283478,-1.0181606376967351,-1.1345763055644003,-0.46399999999999997,0.7724935135246771,-8.12566356843415,10.176810530582063,-4.909909336600571,0.08166951669479584,0.40256504324561,0.23023131890478138,-5960.5312640795055,-4380.923451153617,3792.715488145137,1.0,0.0,0.8,0.9999279034215627,0.9971679887872928,1.0,-0.05782653748359939,0.0016492422337987718
1.2666666666666666,9.953351496357246,0.8683217823081076,9.991155525146617,-1.0371274859986044,-1.140074907458008,-0.46399999999999997,0.7718686417408509,-8.12755808380517,10.27434287816038,-5.044866176374669,0.08701882490258728,0.40718207817604535,0.23605805051906162,-5960.716512019299,-4381.7414998848735,3791.58087826215,1.0,0.0,0.8,0.9999357387916774,0.9971704269031997,1.0,-0.05784001986115451,0.001647908157954053
1.2833333333333332,9.949017297554336,0.9224923155557552,9.991693412995357,-1.0561862541500948,-1.1456002200807882,-0.46399999999999997,0.7714001443120803,-8.12935089096782,10.37003611145249,-5.1811499220429,0.09245759411478305,0.4118767459393061,0.24197829079019434,-5960.863885454571,-4382.457936283462,3790.6090714393863,1.0,0.0,0.8,0.9999428404321764,0.9971722754353503,1.0,-0.05785277842908175,0.0016469079349975787
1.3,9.943546452190434,0.9774565627309844,9.991473233657528,-1.075337400921046,-1.1511535348309685,-0.46399999999999997,0.7710694763431347,-8.131054702126656,10.463864714116562,-5.318725383324341,0.09798579471213524,0.4166487373975358,0.24799206028895737,-5960.977651569425,-4383.085711297774,3789.7798614000812,1.0,0.0,0.8,0.9999492612065797,0.997173603943396,1.0,-0.05786490365418019,0.00164620197233226
1.3166666666666667,9.936915424999013,1.0331975635009638,9.990484741433102,-1.0945814055396612,-1.1567360423456652,-0.46399999999999997,0.7708599682598876,-8.132680783942506,10.55580376478231,-5.457556726902695,0.10360340266448698,0.42149775440525317,0.2540993694949865,-5961.061671500469,-4383.636401694895,3789.075123698237,1.0,0.0,0.8,0.9999550522851359,0.9971744750170628,1.0,-0.05787647571599197,0.0016457546810952932
1.3333333333333333,9.929100440457301,1.0896975838374512,9.988717454253601,-1.113918766132134,-1.1623488438022667,-0.46399999999999997,0.7707566945909218,-8.134239061230904,10.645828949899489,-5.597607481243913,0.10931040022018584,0.4264235091803315,0.2603002205874355,-5961.119425869685,-4384.120314691409,3788.478669722314,1.0,0.0,0.8,0.9999602628852337,0.9971749447529037,1.0,-0.057887565244775493,0.0016455341960122266
1.35,9.920077527169408,1.1469381066220312,9.98616068193744,-1.1333499983407211,-1.167992961273104,-0.46399999999999997,0.7707463418012597,-8.13573821954503,10.733916577344996,-5.738840541739714,0.11510677659156912,0.43142572377033134,0.26659460910571,-5961.15404097664,-4384.546590564681,3787.9760999290747,1.0,0.0,0.8,0.9999649400691207,0.9971750632366604,1.0,-0.05789823405154007,0.0016455120932273497
1.3666666666666667,9.909822560752666,1.2048998226505077,9.982803552520993,-1.1528756341048518,-1.1736693471679693,-0.46399999999999997,0.7708170771571213,-8.137185805568729,10.820043590735994,-5.881218176221624,0.12099252862701748,0.43650412959797713,0.27298252547716295,-5961.168315190643,-4384.9233023330125,3787.5546584721055,1.0,0.0,0.8,0.9999691285935567,0.9971748750236958,1.0,-0.057908535842496,0.0016456631103352827
1.3833333333333333,9.898311305249981,1.2635626219362113,9.978635036676804,-1.1724962205904648,-1.1793788928044862,-0.46399999999999997,0.7709584203065388,-8.138588324399473,10.904187584395872,-6.024702030885508,0.1269676614622064,0.44165846707154255,0.27946395641092203,-5961.164745144859,-4385.257551727252,3787.2030910634085,1.0,0.0,0.8,0.9999728708060517,0.9971744196110487,1.0,-0.05791851691137173,0.0016459648722108148
1.4,9.885519453119988,1.3229055852310474,9.973643970257271,-1.1922123192535066,-1.1851224361507637,-0.46399999999999997,0.7711611189722564,-8.139951332958361,10.986326818919876,-6.169253136662226,0.13303218914509635,0.4468884852477256,0.2860388861590082,-5961.145551395387,-4385.555560814604,3786.9115075871473,1.0,0.0,0.8,0.9999762065824498,0.9971737318957171,1.0,-0.057928216804169055,0.0016463976256182976
1.4166666666666667,9.871422663880828,1.3829069757009969,9.967819075024513,-1.2120245050242848,-1.1909007687881694,-0.46399999999999997,0.7714170298772012,-8.141279528919172,11.066440237287932,-6.314831916066111,0.13918613523088735,0.4521939415362449,0.29270729764759607,-5961.112703267447,-4385.822758772892,3786.671250679395,1.0,0.0,0.8,0.9999791733007806,0.9971728426148145,1.0,-0.05793766895202955,0.0016469439849923703
1.4333333333333333,9.855996601502659,1.4435442307093156,9.961148977645406,-1.2319333656002005,-1.1967146421444173,-0.46399999999999997,0.7717190057638977,-8.142576834697893,11.144507481473303,-6.461398190549416,0.1454295333446222,0.45757460143688,0.2994691734826477,-5961.067942667015,-4386.063863446433,3786.474771202029,1.0,0.0,0.8,0.9999818058465197,0.9971717787642069,1.0,-0.05794690126894854,0.0016475886912290043
1.45,9.839216970658729,1.5047939536757198,9.953622227044672,-1.2519395008352348,-1.2025647730485953,-0.46399999999999997,0.7720607891315685,-8.143846476183665,11.220508909497317,-6.608911188387704,0.15176242771036264,0.46303023830100726,0.30632449683524615,-5961.012806688338,-4386.282957439785,3786.315511277055,1.0,0.0,0.8,0.9999841366446556,0.9971705639931193,1.0,-0.05795593671206643,0.0016483183848185344
1.4666666666666666,9.821059551955603,1.5666319059933476,9.945227310219448,-1.2720435222154305,-1.2084518486602513,-0.46399999999999997,0.7724369131009585,-8.145091056020277,11.294425612882069,-6.7573295531183355,0.15818487364689476,0.468560633110858,0.3132732522127706,-5960.948648895272,-4386.4835586204335,3786.1877953125904,1.0,0.0,0.8,0.9999861957142517,0.9971692189730346,1.0,-0.057964793803178684,0.0016491213941960915
1.4833333333333334,9.801500236270078,1.6290329989972359,9.935952666625598,-1.2922460524104777,-1.2143765308243597,-0.46399999999999997,0.7728426096285754,-8.146312621361423,11.36623943445511,-6.90661135255183,0.16469693803075997,0.4741655742707581,0.32031542612262176,-5960.876659196802,-4386.668685003959,3786.0867292449075,1.0,0.0,0.8,0.9999880107415091,0.9971677617398838,1.0,-0.05797348711091824,0.0016499875397827364
1.5,9.780515195683172,1.6919704239347402,9.925786689651321,-1.3125475421429922,-1.2203167759987372,-0.46399999999999997,0.7732551736252455,-8.147419524823825,11.435932993312283,-7.056714085129965,0.17129861179031403,0.47984650108582516,0.3274493467839448,-5960.800581188815,-4386.838303220398,3786.0074368458218,1.0,0.0,0.8,0.9999896072089192,0.9971662554986946,1.0,-0.05798136442383185,0.0016508683471365077
1.5166666666666666,9.758081615308482,1.7554120331643328,9.914717757818401,-1.3329480097104027,-1.2262545126952744,-0.46399999999999997,0.7736828150941539,-8.14849845815118,11.503489713138764,-7.207594685900386,0.17798943894450422,0.4856062869905035,0.3346712298561269,-5960.720931568822,-4386.994982538801,3785.946428885362,1.0,0.0,0.8,0.9999910086377389,0.9971647068744146,1.0,-0.057989042686409566,0.0016517813442803017
1.5333333333333332,9.734177397958499,1.8193234530937314,9.902734341680736,-1.3534474141599089,-1.2321898202404316,-0.46399999999999997,0.7741241635247382,-8.149557448234994,11.56889382736258,-7.359209545620105,0.184768829964,0.4914442449994604,0.34198030668592244,-5960.637238592415,-4387.1418065974285,3785.90095496591,1.0,0.0,0.8,0.9999922363533127,0.997163105328468,1.0,-0.057996579022274404,0.0016527236052298068
1.55,9.70878097903372,1.883669432522184,9.889825005017299,-1.3740457157047674,-1.2381227644820647,-0.46399999999999997,0.7745763545147124,-8.15059693897513,11.632130396099537,-7.511514524965563,0.19163619884482117,0.49735959141306557,0.3493758947552957,-5960.550231372825,-4387.2803135921295,3785.8683929285635,1.0,0.0,0.8,0.9999933096138237,0.9971614616710628,1.0,-0.05800397659045357,0.001653689014602639
1.5666666666666667,9.681871363677184,1.9484138491686502,9.875978413829412,-1.3947428755580344,-1.2440534021393341,-0.46399999999999997,0.7750368758416237,-8.15161708983049,11.693185325373502,-7.664464968240589,0.19859096331381534,0.5033515413072536,0.35685731056305214,-5960.460552789507,-4387.4117886494905,3785.8465163175133,1.0,0.0,0.8,0.9999942458234772,0.9971597853893082,1.0,-0.05801123652574125,0.0016546722089060344
1.5833333333333333,9.653428164428686,2.0135197169413552,9.861183345638421,-1.415538855799949,-1.2499817826440773,-0.46399999999999997,0.7755035201093654,-8.152617812550291,11.752045386327508,-7.818015717792654,0.20563254498347971,0.5094193081612497,0.3644238699285859,-5960.368769959085,-4387.537297818295,3785.833442162446,1.0,0.0,0.8,0.9999950606986591,0.9971580848140728,1.0,-0.05801835820009804,0.0016556684754390804
1.6,9.623431638365586,2.078949193985863,9.845428698105035,-1.4364336192733356,-1.2559079497291117,-0.46399999999999997,0.7759743416209581,-8.153598804515761,11.808698234388022,-7.9721211291430585,0.21276036947664353,0.5155621034608566,0.372074888235537,-5960.275384272536,-4387.657718165412,3785.827583616837,1.0,0.0,0.8,0.9999957684086431,0.9971563672818713,1.0,-0.05802533945992804,0.0016566736602178582
1.6166666666666667,9.591862723784212,2.144663591539428,9.828703497043538,-1.4574271295030856,-1.261831942790441,-0.46399999999999997,0.776447617892368,-8.1545595787216,11.863132428345848,-8.126735086835055,0.219973866522738,0.5217791362746433,0.37980968062031695,-5960.180840369561,-4387.773764607264,3785.827607670199,1.0,0.0,0.8,0.9999963817000997,0.997154639279743,1.0,-0.05803217683944287,0.00165768408580901
1.6333333333333333,9.558703076474071,2.2106233836227323,9.810996903904032,-1.4785193506362293,-1.2677537980494786,-0.46399999999999997,0.7769218156506845,-8.155499490539968,11.915337449318361,-8.281811021002897,0.22727247002747453,0.5280696128009463,0.38762756210994925,-5960.0855341068345,-4387.886013599414,3785.8323977681307,1.0,0.0,0.8,0.999996912010854,0.9971529065735482,1.0,-0.05803886575112847,0.0016586964787372296
1.65,9.523935105632297,2.2767882176018084,9.792298222792528,-1.4997102473995183,-1.2736735495400668,-0.46399999999999997,0.7773955610481371,-8.156417761480247,11.965303719558987,-8.437301924664006,0.2346556181177364,0.5344327358836305,0.3955278477134869,-5959.98981958955,-4387.994923883146,3785.841021046316,1.0,0.0,0.8,0.9999973695759643,0.9971511743205833,1.0,-0.058045400654832144,0.0016597079058934033
1.6666666666666667,9.487542009459736,2.3431169256535025,9.772596907094204,-1.520999785071847,-1.2795912299432326,-0.46399999999999997,0.77786761376331,-8.157313500194201,12.013022621080829,-8.593160371735639,0.24212275316338933,0.5408677044945386,0.40350985247094434,-5959.894015341845,-4388.100854528145,3785.8526998159355,1.0,0.0,0.8,0.9999977635277487,0.9971494471676766,1.0,-0.05805177520724644,0.0016607157192417513
1.6833333333333333,9.449507810473143,2.409567537167602,9.75188256575954,-1.54238792946919,-1.2855068712905302,-0.46399999999999997,0.7783368446347345,-8.15818572099076,12.058486514062308,-8.74933853577683,0.24967332177757895,0.5473737131804972,0.41157289146330645,-5959.7984096934715,-4388.204080527099,3785.8667869078004,1.0,0.0,0.8,0.9999981019905297,0.9971477293360413,1.0,-0.05805798239367022,0.001661717508068462
1.7,9.409817390560955,2.4760972921179762,9.73014496930736,-1.563874646940065,-1.291420505554662,-0.46399999999999997,0.778802216467545,-8.15903336012473,12.101688755003456,-8.905788209455652,0.2573067747969114,0.5539499514726528,0.41971627978676324,-5959.70326545919,-4388.304806199594,3785.8827444771287,1.0,0.0,0.8,0.9999983921703893,0.9971460246942077,1.0,-0.05806401464392772,0.0016627110580046801
1.7166666666666666,9.368456525802943,2.542662655433914,9.707374055592892,-1.5854599043698188,-1.2973321651439436,-0.46399999999999997,0.7792627676635284,-8.159855290114898,12.142623714602179,-9.062460824741223,0.2650225672427331,0.5605956032557669,0.42793933249390514,-5959.60882398444,-4388.403176654572,3785.900125881415,1.0,0.0,0.8,0.999998640439981,0.9971443368203173,1.0,-0.05806986393426384,0.0016636943160773295
1.7333333333333334,9.325411921067277,2.6092193324014223,9.68355993538332,-1.6071436691922847,-1.3032418833151451,-0.46399999999999997,0.7797175983431801,-8.160650332332281,12.181286795320347,-9.219307473819283,0.27282015826453865,0.5673098460949347,0.4362413645042089,-5959.515308626858,-4388.4992875467115,3785.918560264249,1.0,0.0,0.8,0.9999988524183426,0.9971426690550173,1.0,-0.05807552187692876,0.0016646653610802658
1.75,9.28067124439194,2.6757222851226756,9.658692897777915,-1.6289259094075879,-1.30914969451736,-0.46399999999999997,0.7801658586518072,-8.16141726808163,12.217674448610024,-9.376278930729457,0.28069901106635115,0.5740918505169859,0.4446216904857626,-5959.4229277384275,-4388.5931933446345,3785.937739504051,1.0,0.0,0.8,0.9999990330456334,0.9971410245460962,1.0,-0.05808097979903982,0.0016656223786082843
1.7666666666666666,9.234223161151439,2.742125750060091,9.632763415504831,-1.6508065936050647,-1.3150556346778188,-0.46399999999999997,0.7806067389677778,-8.162154848379686,12.25178419177051,-9.533325673721684,0.2886585928167396,0.5809407792435886,0.4530796247098178,-5959.331877207876,-4388.684914309839,3785.9574072158184,1.0,0.0,0.8,0.9999991866527457,0.9971394062859216,1.0,-0.05808622881216883,0.0016665636401521275
1.7833333333333332,9.18605736800404,2.808383256689776,9.605762150122018,-1.6727856909904248,-1.3209597414390117,-0.46399999999999997,0.7810394617580898,-8.162861802613767,12.283614624407113,-9.690397908328615,0.29669837454296477,0.5878557863728169,0.46161448087942586,-5959.242342617672,-4388.77444236561,3785.977349524151,1.0,0.0,0.8,0.9999993170257925,0.9971378171426303,1.0,-0.05809125987396114,0.0016674874857104593
1.8,9.13616462660963,2.874447647287288,9.577679957145598,-1.6948631714164335,-1.3268620543550838,-0.46399999999999997,0.7814632748532113,-8.163536846244533,12.313165444462806,-9.847445591150018,0.30481783100958193,0.594836016505636,0.4702255719331137,-5959.154501064676,-4388.86174601592,3785.997387355736,1.0,0.0,0.8,0.9999994274655227,0.9971362598859349,1.0,-0.058096063842952565,0.0016683923094319196
1.8166666666666667,9.084536797103597,2.9402710978668796,9.54850789112522,-1.7170390054165054,-1.332762615054246,-0.46399999999999997,0.7818774459390747,-8.164178687697804,12.340437463794064,-10.004418454344522,0.3130164405816723,0.6018806038134323,0.47891220982427696,-5959.068522688395,-4388.946774455739,3786.0173700282744,1.0,0.0,0.8,0.9999995208417779,0.9971347372083037,1.0,-0.05810063152761531,0.0016692765478557579
1.8333333333333333,9.03116687130778,3.00580514029361,9.518237210682589,-1.7393131642407018,-1.338661467372864,-0.46399999999999997,0.7822812580884073,-8.164786034572444,12.365432623262256,-10.161266030823192,0.32129368507272943,0.6089886710423429,0.4876737052767211,-5958.984571945975,-4389.029460996864,3786.0371699399425,1.0,0.0,0.8,0.9999995996431481,0.9971332517421868,1.0,-0.05810495373053648,0.001670138670371404
1.8499999999999999,8.976049005655769,3.071000685585977,9.48685938352643,-1.7616856198937125,-1.344558657465951,-0.46399999999999997,0.7826740061762125,-8.165357599274808,12.388154007312068,-10.31793768013866,0.3296490495770889,0.6161593284497379,0.49650936751655295,-5958.902808668495,-4389.109725917348,3786.0566781885746,1.0,0.0,0.8,0.9999996660220302,0.9971318060738805,1.0,-0.05810902128851586,0.0016709771715656687
1.8666666666666667,8.919178553806265,3.1358080484249524,9.454366091454483,-1.7841563451744693,-1.3504542338979864,-0.46399999999999997,0.7830549940448064,-8.165892104175134,12.408605858008483,-10.474382615062623,0.33808202228665424,0.6233916726677567,0.5054185039804211,-5958.823388928936,-4389.187478827925,3786.0758009726246,1.0,0.0,0.8,0.9999997218353225,0.997130402754529,1.0,-0.058112825109261516,0.001671790565170209
1.8833333333333333,8.860552098915171,3.200176972883645,9.420749235350911,-1.8067253137170984,-1.3563482477172921,-0.46399999999999997,0.7834235323024301,-8.166388286367578,12.426793588503875,-10.63054992884368,0.3465920942915507,0.6306847854883111,0.5144004199999171,-5958.746465748387,-4389.262620635848,3786.094456646616,1.0,0.0,0.8,0.9999997686810101,0.9971290443087194,1.0,-0.058116356205264744,0.0016725773793616584
1.9,8.800167485534203,3.2640566593901132,9.38600094018546,-1.8293925000329643,-1.362240752516606,-0.46399999999999997,0.7837789366560788,-8.166844902103344,12.442723795906762,-10.786388623136485,0.3551787593642144,0.638037732563422,0.5234544184617806,-5958.672189663573,-4389.335045174719,3786.1125733221584,1.0,0.0,0.8,0.9999998079309189,0.9971277332410293,1.0,-0.05811960572534855,0.0016733361532022813
1.9166666666666667,8.738023851101358,3.327395792934208,9.35011356001907,-1.8521578795536007,-1.3681318044820006,-0.46399999999999997,0.7841205266939122,-8.167260730955528,12.456404273523892,-10.941847636592325,0.3638415137263065,0.6454495620141624,0.5325797994433906,-5958.600709175676,-4389.404640558659,3786.1300869219226,1.0,0.0,0.8,0.9999998407599131,0.9971264720408669,1.0,-0.058122564984306915,0.0016740654340404713
1.9333333333333333,8.674121656986328,3.390142572527691,9.313079683019142,-1.8750214286743518,-1.3740214624318745,-0.46399999999999997,0.7844476250454413,-8.1676345797647,12.467844022447288,-11.096875874100142,0.37257985579772535,0.6529193029408171,0.5417758598228832,-5958.5321710977,-4389.471290310101,3786.1469396081625,1.0,0.0,0.8,0.9999998681718238,0.9971252631858644,1.0,-0.05812522549098366,0.0016747637757177835
1.95,8.608462719051861,3.452244741925262,9.274892136486352,-1.8979831247985706,-1.3799097878473963,-0.46399999999999997,0.784759556859032,-8.167965286405895,12.477053262457979,-11.251422236666098,0.3813932859268752,0.6604459638261415,0.551041892863097,-5958.466720815141,-4389.5348743026425,3786.163078519813,1.0,0.0,0.8,0.9999998910223835,0.9971241091440612,1.0,-0.05812757897508033,0.0016754297374534258
1.9666666666666666,8.541050237690362,3.5136496216125264,9.23554399189395,-1.9210429463822474,-1.3857968448954867,-0.46399999999999997,0.7850556495458578,-8.168251723410338,12.484043442218216,-11.405435651918644,0.39028130610123135,0.6680285308227987,0.5603771877684128,-5958.404502472612,-4389.595269553627,3786.178454762886,1.0,0.0,0.8,0.9999999100394381,0.9971230123750701,1.0,-0.0581296174129303,0.0016760618832976078
1.9833333333333334,8.471888827293332,3.5743041420653303,9.195028569939463,-1.944200872978951,-1.391682700445195,-0.46399999999999997,0.7853352327478618,-8.16849280146906,12.488827248724089,-11.55886510522509,0.3992434196371222,0.675665965915157,0.5697810292134321,-5958.3456590972155,-4389.652350895342,3786.193022608061,1.0,0.0,0.8,0.9999999258406993,0.99712197533039,1.0,-0.05813133305243246,0.0016766587820631416
2.0,8.377163148762124,3.6171155005232776,9.124712979875252,-1.9673798026371085,-1.3913097716745566,-0.389,-0.5645271319833336,-9.187706802528373,12.491361913045694,-11.71135881750194,0.40760173825661283,0.6081485505233319,0.5786316782566276,-6244.587524591753,-5182.949875299056,1880.1210302918307,0.4,0.0,0.0,0.9977646259389903,1.0,1.0,-0.06538460118736007,-0.0012052424672721416
2.0166666666666666,8.28727299625222,3.655478954391195,9.057671891849925,-1.9905862520333137,-1.3930294610592484,-0.31400000000000006,-0.17808591745186497,-9.337242895962092,12.491582577839816,-11.862732423558507,0.41542432847023464,0.5397468787876711,0.5871353120942898,-6172.762211728014,-5266.920735263201,1883.2355797789553,0.4,0.0,0.0,0.9990682660044083,1.0,1.0,-0.06644877944668251,-0.00038020619094432704
2.033333333333333,8.202900695567577,3.6899095742281505,8.994610190960117,-2.0138195693345344,-1.3945305289688987,-0.2390000000000001,0.20899753778533192,-9.451613045284505,12.489436268203928,-12.013014535892088,0.4227124186986201,0.4708668693918743,0.5950632562202637,-6098.155721989618,-5348.679834793162,1886.158980022015,0.4,0.0,0.0,0.9999996389845255,0.9995881383882752,1.0,-0.06726269817111621,0.00044620124317006716
2.05,8.124142124427642,3.721159214488484,8.935810604386836,-2.037072331124862,-1.3954523231336153,-0.16400000000000015,0.5941667346088497,-9.525402597198818,12.484876895650277,-12.16223529702917,0.42951751757505585,0.4016212085339334,0.6024149455368044,-6017.936691032573,-5424.09337220778,1888.7642118815352,0.4,0.0,0.0,0.9999989818935475,0.9981717217335554,1.0,-0.06778782381208505,0.0012685218134248035
2.0666666666666664,8.051036192051898,3.749796374028143,8.881450141300357,-2.0603312568594454,-1.3954490007808316,-0.08900000000000016,0.9736832954163042,-9.568898521286322,12.477865318172427,-12.310425901166115,0.43587683926530196,0.33211233894009107,0.6091853358329312,-5938.764660046226,-5498.242740554188,1891.2439342136029,0.4,0.0,0.0,0.9999965587913532,0.9967779056937538,1.0,-0.06809736390852722,0.002078774235679892
2.0833333333333335,7.983591485775249,3.776296239665229,8.831655920689665,-2.0835775040629154,-1.3941942708774862,-0.014000000000000155,1.3455017169542955,-9.583032474144387,12.468367901593655,-12.457617541305568,0.4418211336499704,0.262429050315511,0.6153634435945563,-5861.045672207917,-5570.732009811075,1893.5928124505679,0.4,0.0,0.0,0.9999866226732258,0.9954142214144938,1.0,-0.06819794862359141,0.0028725914436806437
2.1,7.919138571692704,3.800995470816412,8.784094847327074,-2.1067895112984396,-1.3917919448698017,0.0,1.413731203473029,-9.580497926028833,12.456365892517622,-12.603823947510522,0.4475003681048944,0.25366979867587613,0.6210388580807212,-5827.525712650605,-5601.758140765454,1894.5761116193928,0.4,0.0,0.0,0.9999527463006966,0.9948302317449291,1.0,-0.06817991143310552,0.003018258622481498
2.1166666666666667,7.854290773044403,3.823877809965519,8.73566969688513,-2.1299602372721607,-1.3893141267897493,0.0,1.4133898115864616,-9.580145931622651,12.441876297855076,-12.748999154847242,0.45307405794838707,0.2588080625272224,0.6265898628328551,-5827.1742190264695,-5601.692058905866,1894.5740202333166,0.4,0.0,0.0,0.9998802462343053,0.9948314758412462,1.0,-0.0681774064539673,0.0030175297646882018
2.1333333333333333,7.789092125052701,3.8449378687365914,8.686397604703728,-2.1530896228901546,-1.386831830961133,0.0,1.4130508282376129,-9.579547746978164,12.424923760583303,-12.893085869895184,0.45853949486624457,0.2638119398533714,0.6320573012534955,-5826.577424903146,-5601.626440091472,1894.5719457117632,0.4,0.0,0.0,0.9997657430895547,0.9948327112048654,1.0,-0.06817314945434196,0.003016806049024979
2.15,7.72358690798803,3.864176313678917,8.636298588425557,-2.176177570468372,-1.3843429585464757,0.0,1.412714617159688,-9.578770303852663,12.405534250606667,-13.036027525049969,0.463894392329836,0.26867883785750574,0.6374391476414935,-5825.812843238722,-5601.561329557302,1894.569888868483,0.4,0.0,0.0,0.9996225467295496,0.9948339369880851,1.0,-0.06816761675616172,0.0030160882520474295
2.1666666666666665,7.657819275972912,3.8815930064906876,8.585392264276555,-2.19922395939311,-1.3818466329330765,0.0,1.4123819295086562,-9.577930505158282,12.383735022642279,-13.1777682968201,0.46913619617768015,0.27340571406807823,0.6427333021980196,-5825.016577322991,-5601.496859181629,1894.5678534358187,0.4,0.0,0.0,0.9994740354443309,0.9948351507109032,1.0,-0.06816164030263638,0.0030153779774429973
2.183333333333333,7.591833191976222,3.8971869226917706,8.53369774044005,-2.222228669261022,-1.3793433826640717,0.0,1.4120535890064865,-9.577140025894256,12.359554566475841,-13.318253115976662,0.4742620738549312,0.2779889749482449,0.6479376050660859,-5824.318734859624,-5601.433190306126,1894.5658441966357,0.4,0.0,0.0,0.9993425630982229,0.9948363493378909,1.0,-0.06815601483237095,0.0030146769838245865
2.2,7.525672372162583,3.9109567608236215,8.48123383937521,-2.245191579987098,-1.3768308371155136,0.0,1.4117181685681235,-9.576446718677524,12.333022562282732,-13.457427677190935,0.47926897500737314,0.28242469566321765,0.6530497530005308,-5823.80247907347,-5601.369799874343,1894.5638444642761,0.4,0.0,0.0,0.9992423016968878,0.9948375427172464,1.0,-0.06815108089000202,0.0030139608748303453
2.216666666666667,7.459381026518846,3.9229002738806074,8.428019450476008,-2.2681123268728487,-1.3742901070948914,0.0,1.41137493378951,-9.575876418998657,12.304169854333054,-13.595238454960565,0.48415351505574283,0.28671162070392764,0.6580650258149902,-5823.5000050216595,-5601.302508302852,1894.5617224612115,0.4,0.0,0.0,0.9991780039162999,0.9948388095326616,1.0,-0.0681470223346017,0.003013228082537482
2.2333333333333334,7.393003747202506,3.933015259594188,8.374073885412706,-2.290990532002326,-1.3717324079402875,0.0,1.4110497056158424,-9.575465940836116,12.273028417377326,-13.731632722746125,0.488912075562419,0.29084450327047895,0.6629811023630514,-5823.389964162824,-5601.23884856039,1894.5597152749956,0.4,0.0,0.0,0.9991473936555939,0.9948400079731204,1.0,-0.06814410115399257,0.0030125337336138432
2.25,7.326584031269589,3.9413026875801407,8.319417073472215,-2.31382605303046,-1.369170748183451,0.0,1.41073968109366,-9.57517813488649,12.239631328813845,-13.866558576328714,0.4935412110388511,0.2948167693744551,0.6677968330019233,-5823.437730604682,-5601.178251386686,1894.5578048920945,0.4,0.0,0.0,0.9991444239014602,0.9948411487559446,1.0,-0.06814205297400162,0.0030118718438677874
2.2666666666666666,7.260164328099489,3.9477665219845792,8.264069613883375,-2.336618927805302,-1.366614718833116,0.0,1.4104425914891756,-9.57497227127632,12.204012754118102,-13.999964961110377,0.49803763201280377,0.2986225215898413,0.6725108278205741,-5823.601980263355,-5601.120254353486,1894.5559766816382,0.4,0.0,0.0,0.9991619184900984,0.9948422405871339,1.0,-0.0681405879392177,0.0030112375696449496
2.283333333333333,7.1937861754930434,3.9524132644686736,8.20805276249262,-2.3593693250792462,-1.3640712148891045,0.0,1.4101566125683007,-9.574811469119222,12.166207932075626,-14.13180169963412,0.5023981528786405,0.30225638287029405,0.6771214947256128,-5823.843999242269,-5601.064485013207,1894.5542188602776,0.4,0.0,0.0,0.999193166038742,0.9948432904786405,1.0,-0.06813944358566597,0.0030106270162797424
2.3,7.127490306636192,3.955251515993127,8.15138838640135,-2.3820775060145953,-1.361545038859549,0.0,1.409880285864765,-9.57466588090934,12.126253158256782,-14.262019518136494,0.5066196420402933,0.3057133553597689,0.6816270659854108,-5824.131876573969,-5601.010645227548,1894.5525219954732,0.4,0.0,0.0,0.9992326363306614,0.9948443040434186,1.0,-0.06813840750264272,0.003010037070005996
2.3166666666666664,7.061316733151347,3.9562915934216645,8.094098910815344,-2.404743792924382,-1.3590389995905265,0.0,1.4096109022042826,-9.574510437617922,12.084185766363538,-14.390570071577521,0.5106989780046934,0.30898869952209207,0.6860256168847926,-5824.441447921402,-5600.958497283462,1894.5508785659297,0.4,0.0,0.0,0.9992761395769445,0.9948452857568193,1.0,-0.06813730128562523,0.003009461946846792
2.3333333333333335,6.995305068892786,3.9555447536726955,8.036207271168701,-2.4273684316251116,-1.3565423992250913,0.0,1.4093312424488085,-9.57430207549296,12.040044111062308,-14.51740596821241,0.5146329469624545,0.31207920110149423,0.6903140593827413,-5824.758896404987,-5600.904776548721,1894.5491857224172,0.4,0.0,0.0,0.9993207036374654,0.9948462970771017,1.0,-0.06813581847008311,0.003008864884642713
2.35,6.92949519470731,3.9530219278893557,7.977736898133817,-2.449951500338229,-1.354049629400969,0.0,1.4090568468525464,-9.574060815639333,11.99386754735879,-14.642480792407211,0.5184180618827253,0.31498190400046777,0.6944887270653235,-5825.070511971597,-5600.851498072516,1894.5475069023166,0.4,0.0,0.0,0.9993643476362165,0.9948473000702931,1.0,-0.06813410153683187,0.0030082790612044564
2.3666666666666667,6.863926667968043,3.9487347392018703,7.9187117224850745,-2.472493061673489,-1.351560563080705,0.0,1.4087877273938285,-9.573781430233165,11.945696400705097,-14.765749123694807,0.5220507028365795,0.3176921515287165,0.6985469060083678,-5825.3684297745685,-5600.799238288519,1894.5458602412841,0.4,0.0,0.0,0.999405828534606,0.9948482838849574,1.0,-0.0681321132819003,0.003007704502105274
2.3833333333333333,6.798638563454488,3.942695692330664,7.859156165824247,-2.49499317552266,-1.3490750193189627,0.0,1.4085239056965402,-9.573461394759931,11.895571940565285,-14.887166555961644,0.5255271450435193,0.32020517811636573,0.7024858034660323,-5825.648470656448,-5600.74800085822,1894.5442458392554,0.4,0.0,0.0,0.9994444301172937,0.9948492484523082,1.0,-0.0681298357395023,0.0030071412535112828
2.4,6.733669459599971,3.934918117431734,7.7990951386710154,-2.5174518984350347,-1.3465927883668665,0.0,1.408265412171617,-9.573100003669689,11.84353635364648,-15.006689715581208,0.5288435518846918,0.32251609824407207,0.7063025451560506,-5825.908559921494,-5600.697791305625,1894.5426638577749,0.4,0.0,0.0,0.9994797975733046,0.9948501936684765,1.0,-0.06812726388856974,0.003006589380348592
2.4166666666666665,6.669057424544239,3.925416127715315,7.738554045013586,-2.539869283321594,-1.3441136484711809,0.0,1.4080122830413915,-9.572697752824533,11.789632716549496,-15.12427627847514,0.531995969447855,0.3246198994369874,0.7099941724775563,-5826.148007525692,-5600.648616407547,1894.5411145002543,0.4,0.0,0.0,0.9995118138780501,0.9948511194059932,1.0,-0.06812440125792066,0.0030060489599504094
2.433333333333333,6.6048400021935745,3.914204586809065,7.677558791827877,-2.5622453793735485,-1.341637376628214,0.0,1.4077645580537395,-9.572255896202773,11.733904967988833,-15.239884986198913,0.5349803222108079,0.32651143801976257,0.7135576399120619,-5826.366991688166,-5600.600483720216,1894.5395979966277,0.4,0.0,0.0,0.9995405111059509,0.994852025522703,1.0,-0.06812125677153066,0.0030055200771768324
2.45,6.541054198444088,3.901299082761885,7.616135802369976,-2.5845802321137485,-1.3391637550816249,0.0,1.407522278782177,-9.571776137018773,11.676397880691253,-15.35347566112604,0.537792409565036,0.3281854370344691,0.7169898125418298,-5826.56619951794,-5600.553401224851,1894.5381145918393,0.4,0.0,0.0,0.9995660087067445,0.9948529118684406,1.0,-0.06811784255037777,0.003005002820785628
2.466666666666667,6.477736467683873,3.886715906414628,7.554312032338751,-2.6068738835245364,-1.3366925749034366,0.0,1.40728548738812,-9.571260417657994,11.617157033052008,-15.465009220785813,0.5404279029687041,0.32963648589046624,0.7202874636428799,-5826.746583132044,-5600.507377068413,1894.5366645373906,0.4,0.0,0.0,0.9995884716156472,0.9948537782899104,1.0,-0.0681141724175085,0.003004497280789703
2.4833333333333334,6.414922699657907,3.870472032531713,7.492114988252413,-2.6291263722138924,-1.3342236376226162,0.0,1.4070542257314527,-9.570710779827863,11.556228780606459,-15.574447691394901,0.5428823435901378,0.33085904145991535,0.7234472723273923,-5826.909197879281,-5600.462419376853,1894.535248085227,0.4,0.0,0.0,0.9996080824644592,0.9948546246342052,1.0,-0.06811026090279727,0.00300400354655821
2.5,6.3526482067554255,3.8525851025925038,7.4295727475751,-2.65133773359469,-1.3317567555755812,0.0,1.406828534735487,-9.570129273276434,11.493660227359948,-15.68175422061232,0.5451511403590349,0.3318474304485424,0.7264658212232777,-5827.05509738308,-5600.41853612164,1894.5338654833406,0.4,0.0,0.0,0.9996250235512316,0.9948554507513199,1.0,-0.06810612259333984,0.003003521705460753
2.5166666666666666,6.290947711761596,3.8330734085082634,7.366713980271776,-2.673508000060782,-1.329291751438482,0.0,1.4066084539333605,-9.569517897287167,11.429499197008866,-15.786893089539586,0.547229568385178,0.33259585296045946,0.729339594188309,-5827.185266947709,-5600.37573502449,1894.5325169726134,0.4,0.0,0.0,0.999639465399028,0.9948562564959456,1.0,-0.06810177171709912,0.003003051841898975
2.533333333333333,6.2298553361024025,3.811955876790171,7.303567971571066,-2.695637201149636,-1.3268284572469076,0.0,1.4063940211410797,-9.568878563702432,11.363794204079104,-15.889829723982567,0.5491127677363784,0.33309838724326934,0.7320649740633858,-5827.300582176193,-5600.334023488936,1894.5312027845303,0.4,0.0,0.0,0.9996515596451382,0.9948570417287588,1.0,-0.06809722187976082,0.0030025940366085104
2.55,6.169404588602281,3.789252052874174,7.240164645785207,-2.717725363685144,-1.3243667130998404,0.0,1.4061852722170043,-9.568213073583912,11.29659442500371,-15.990530704988073,0.5507957425916145,0.33334899565046566,0.734638240475017,-5827.401783566574,-5600.293408550304,1894.5299231394956,0.4,0.0,0.0,0.9996614346749815,0.9948578063173633,1.0,-0.06809248589863638,0.0030021483661455003
2.5666666666666664,6.109628354767556,3.764982085431947,7.176534591082468,-2.7397725118966787,-1.321906365668646,0.0,1.4059822408785676,-9.56752310201121,11.227949669158697,-16.088963778665992,0.5522733608041257,0.3333415318967862,0.7370555677014874,-5827.489460648916,-5600.253896837983,1894.5286782455553,0.4,0.0,0.0,0.9996691928950705,0.9948585501370019,1.0,-0.06808757569448193,0.003001714902495292
2.5833333333333335,6.0505588866040805,3.7391667105811246,7.112709085136386,-2.761778667511914,-1.3194472665788444,0.0,1.4057849585551185,-9.566810187179453,11.15791034987406,-16.185097865306712,0.553540353924404,0.33306974971220704,0.7393130226208815,-5827.564041164041,-5600.215494545574,1894.5274682973804,0.4,0.0,0.0,0.9996749088723487,0.9948592730711175,1.0,-0.06808250221391089,0.003001293712758268
2.6,5.992227792974302,3.711827235964983,7.048720121592651,-2.783743849821649,-1.316989270695043,0.0,1.405593454261659,-9.5660757210733,11.086527455435753,-16.27890306780298,0.5545913177458986,0.33252731302430716,0.7414065627624317,-5827.62578208984,-5600.178207405725,1894.5262934754132,0.4,0.0,0.0,0.9996786277913321,0.9948599750118293,1.0,-0.0680772753630254,0.0030008848588802773
2.6166666666666667,5.934666030496839,3.682985524710817,6.984600437302231,-2.805668075715082,-1.314532234312353,0.0,1.4054077544822192,-9.565320939716177,11.013852520093549,-16.37035067938553,0.5554207134477874,0.33170780781866666,0.7433320344857611,-5827.674760163638,-5600.142040667301,1894.5251539450942,0.4,0.0,0.0,0.9996803638252134,0.9948606558603601,1.0,-0.06807190393802459,0.0030004883974036473
2.6333333333333333,5.877903894990254,3.652663979304034,6.920383540270494,-2.8275513596838198,-1.3120760132369482,0.0,1.4052278830545433,-9.56454691142629,10.939937595088931,-16.45941319068227,0.556022869420085,0.33060475584409826,0.7450851713156327,-5827.7108600538095,-5600.106999073183,1894.5240498561193,0.4,0.0,0.0,0.9996800981038109,0.9948613155274566,1.0,-0.06806639554162823,0.0030001043792209922
2.65,5.821971013461885,3.6208855254360177,6.8561037382687315,-2.849393713792439,-1.3096204607212618,0.0,1.4050538610494665,-9.563754521727867,10.864835219716683,-16.546064296111663,0.5563919838671444,0.3292116303447478,0.7466615924628991,-5827.733758585902,-5600.073086837313,1894.5229813416802,0.4,0.0,0.0,0.9996777760045646,0.994861953933821,1.0,-0.06806075647569698,0.002999732849317688
2.6666666666666665,5.766896336642217,3.587673595901603,6.791796168047666,-2.871195147612672,-1.3071654252034415,0.0,1.4048857066396678,-9.562944453613937,10.788598392433107,-16.630278899622233,0.5565221282966717,0.32752187401503186,0.7480568015655207,-5827.742903482147,-5600.0403076199445,1894.5219485176524,0.4,0.0,0.0,0.9996733035020396,0.9948625710105773,1.0,-0.06805499160077201,0.002999373846491665
2.683333333333333,5.712708132065257,3.5530521146391605,6.727496825083333,-2.8929556681172772,-1.304710747784248,0.0,1.4047234349529973,-9.562117161761368,10.711280542023298,-16.712033119791574,0.556407252012999,0.32552891938640466,0.7492661856868088,-5827.737484958147,-5600.008664500118,1894.5209514817034,0.4,0.0,0.0,0.9996665422916862,0.9948631666997881,1.0,-0.06804910415257537,0.0029990274030402687
2.7,5.659433977695706,3.5170454810251344,6.663242593774893,-2.91467527952836,-1.3022562593559455,0.0,1.404567057905846,-9.561272839068275,10.632935498838993,-16.791304294300257,0.5560411877458258,0.32322621186738404,0.7502850146114795,-5827.716398246451,-5599.978159944525,1894.5199903122884,0.4,0.0,0.0,0.9996573033566195,0.994863740955044,1.0,-0.06804309550387251,0.002998693544404509
2.716666666666667,5.6071007561043285,3.4796785545573985,6.59907127800211,-2.936353983113249,-1.2998017772752282,0.0,1.404416584011917,-9.560411373511915,10.553617466117712,-16.868070983798315,0.5554176585591825,0.32060723567035465,0.7511084404836263,-5827.678194675514,-5599.948795771805,1894.5190650675077,0.4,0.0,0.0,0.9996453385704949,0.9948642937421326,1.0,-0.06803696485745007,0.0029983722887607952
2.7333333333333334,5.555734649193863,3.440976640090334,6.535021631938231,-2.957991776918952,-1.2973471014439653,0.0,1.4042720181612882,-9.559532292789868,10.473380991392583,-16.942312975185054,0.5545302862002878,0.3176655428707359,0.7517314978343312,-5827.621018298485,-5599.9205731114025,1894.518175783795,0.4,0.0,0.0,0.9996303298207958,0.9948648250398144,1.0,-0.06803070885215322,0.0029980636465492456
2.75,5.50536113347912,3.40096547382156,6.4711333910026,-2.979588655433576,-1.2948920096253118,0.0,1.4041333613640186,-9.558634693471706,10.39228093800094,-17.014011284326422,0.553372601064574,0.3143947858565858,0.7521491040502288,-5827.5425241949215,-5599.893492355836,1894.517322474401,0.4,0.0,0.0,0.9996118749873686,0.9948653348407226,1.0,-0.06802432105869122,0.0029977676199262945
2.7666666666666666,5.456004975926578,3.3596712102790063,6.407447302827639,-3.0011446091597547,-1.2924362517756314,0.0,1.4040006104515128,-9.55771715039483,10.310372456697754,-17.08314815823889,0.5519380539719029,0.3107887534402824,0.7523560603378572,-5827.439773392025,-5599.8675531051595,1894.5165051276317,0.4,0.0,0.0,0.9995894699092199,0.9948658231524055,1.0,-0.06801779133485009,0.00299748420212712
2.783333333333333,5.407690230360963,3.3171204106216297,6.344005158108245,-3.0226596240808394,-1.2899795431110346,0.0,1.4038737577276375,-9.556777600705757,10.227710957377646,-17.149707076774412,0.5502200299704589,0.30684141091963035,0.7523470532418918,-5827.3090977741795,-5599.842754102129,1894.5157237047997,0.4,0.0,0.0,0.9995624852019076,0.9948662899985511,1.0,-0.06801110500026887,0.00299721337672079
2.8,5.360440234448935,3.2733400326530098,6.280849821199975,-3.0441336809951114,-1.2875215555461377,0.0,1.4037527905599667,-9.55581319516259,10.14435208090604,-17.213672753848332,0.5482118644098251,0.30254694439520213,0.7521166567781999,-5827.145926234907,-5599.819093156293,1894.514978137824,0.4,0.0,0.0,0.9995301364251056,0.9948667354204124,1.0,-0.06800424177822902,0.002996955116737589
2.8166666666666664,5.314277607273397,3.2283574230617056,6.218025260338291,-3.065566754686151,-1.2850619070352833,0.0,1.40363769089964,-9.554820106917365,10.060351671056033,-17.27503113826157,0.5459068615544639,0.2978998096763291,0.751659335244785,-5826.944560486781,-5599.796567054882,1894.5142683264187,0.4,0.0,0.0,0.9994914456129668,0.9948671594784874,1.0,-0.06799717443484796,0.002996709383643934
2.8333333333333335,5.269224247515985,3.1822003125556346,6.155576577367841,-3.086958812888244,-1.2826001482038587,0.0,1.4035284347160792,-9.55379328477043,9.975765746542116,-17.3337694141802,0.5432983160449054,0.29289478614352377,0.7509694467747595,-5826.697885123422,-5599.775171457949,1894.5135941347844,0.4,0.0,0.0,0.999445191524391,0.9948675622544914,1.0,-0.0679898670231063,0.002996476126135519
2.85,5.22530133227038,3.1348968147635037,6.093550036903034,-3.108309814993575,-1.2801357454672242,0.0,1.403424991330282,-9.55272613353023,9.89065047313491,-17.389876001351308,0.540379537558699,0.2875270359854162,0.7500412476949976,-5826.396991365614,-5599.754900774757,1894.5129553877148,0.4,0.0,0.0,0.999389845084798,0.9948679438536859,1.0,-0.06798227260811825,0.0029962552787139198
2.8666666666666667,5.182529316515128,3.086475430053263,6.0319930948950224,-3.1296197104320544,-1.2776680595803032,0.0,1.4033273226276681,-9.55161009820361,9.805062135831589,-17.443340555154254,0.5371438790799662,0.2817921693010671,0.7488688977514102,-5826.030686926018,-5599.735748017833,1894.5123518659962,0.4,0.0,0.0,0.9993234852906815,0.9948683044076237,1.0,-0.06797433030800894,0.002996046760006058
2.8833333333333333,5.1409279425436605,3.036965039954738,5.970954426583197,3.1322968887349063,-1.2751926855221685,0.0,1.4032265523447527,-9.55041925788861,9.719057111271159,-17.494153967004177,0.5335847661873822,0.27568648000948515,0.7474463628210878,-5825.585318881393,-5599.7172728846235,1894.5117696960401,0.4,0.0,0.0,0.9992436892693594,0.9948686522050866,1.0,-0.06796585565587346,0.002995831619550396
2.9,5.100516886626632,2.98639383341909,5.910483959799485,3.1110697762707025,-1.272681932197297,0.0,1.4031129237683935,-9.549124058340514,9.632691843309974,-17.54230837081005,0.5296955192176342,0.2692119036719537,0.7457641681667487,-5825.047734997752,-5599.695114902844,1894.5110714725752,0.4,0.0,0.0,0.9991473980341574,0.9948690693326817,1.0,-0.06795663832801022,0.0029955890271611825
2.9166666666666665,5.061316175475351,2.934788676037964,5.850632957307193,3.089884962134886,-1.2701272685612068,0.0,1.403003496770861,-9.547734837934662,9.546022813165477,-17.5877971427097,0.5254692513077196,0.2623684359406327,0.7438138049064763,-5824.390544143364,-5599.673763655518,1894.5103986686418,0.4,0.0,0.0,0.9990307405349669,0.9948694712732499,1.0,-0.0679467518977888,0.0029953554049718836
2.933333333333333,5.023345291649028,2.8821766832158717,5.79145407927972,3.0687432190320822,-1.267524731781977,0.0,1.402898343807724,-9.546228000513459,9.459106506492375,-17.63061489726908,0.5208992050344702,0.25515446855264895,0.7415880159686256,-5823.584892364696,-5599.653234942646,1894.5097517832176,0.4,0.0,0.0,0.9988887707028526,0.9948698577293611,1.0,-0.06793602844241989,0.0029951309076721934
2.95,4.986623086901935,2.828585419190195,5.733001420240427,3.0476453893310262,-1.2648700014066276,0.0,1.4027975314214314,-9.54457299257821,9.3719993828868,-17.670757489251525,0.5159788339295925,0.2475692697272745,0.7390794126959003,-5822.593743976105,-5599.633541941987,1894.5091312327527,0.4,0.0,0.0,0.9987151386737139,0.9948702284529485,1.0,-0.06792425052697984,0.0029949156773275334
2.966666666666667,4.95116777588149,2.7740429878562245,5.675330549263324,3.0265923919872244,-1.2621583037441924,0.0,1.4027011184484892,-9.54273014594088,9.284757844767523,-17.708222016739555,0.510701867183242,0.23961310387012252,0.7362804834387835,-5821.3693261305625,-5599.614696433181,1894.5085373897607,0.4,0.0,0.0,0.9985016527139328,0.9948705832222648,1.0,-0.06791113585157486,0.0029947098395514504
2.9833333333333334,4.916996930415767,2.7185781576971486,5.618498555061316,3.0055852313620552,-1.259384286055341,0.0,1.4026091540349341,-9.540647790174706,9.197438205275441,-17.74300682607315,0.5050623852370386,0.2312873673704794,0.7331836031672384,-5819.849709835544,-5599.596708421122,1894.5079705709782,0.4,0.0,0.0,0.9982376927370507,0.9948709218489705,1.0,-0.067896316702006,0.0029945134992687347
3.0,4.884127474499906,2.662220532868334,5.562564098757927,2.9846250085467783,-1.2565418500483678,0.0,1.40252167559314,-9.53825837374032,9.110096654796516,-17.77511151938164,0.499054908813412,0.22259474490465278,0.729781043967886,-5817.954216455635,-5599.579585740944,1894.5074310249486,0.4,0.0,0.0,0.9979094223684523,0.9948712441855712,1.0,-0.06787931234564257,0.0029943267363532824
3.0166666666666666,4.852575680092617,2.605000786847827,5.507587478243456,2.9637129360123375,-1.253623930442345,0.0,1.402438706911627,-9.535473236700934,9.022789225558126,-17.804536965747204,0.4926745047987944,0.21353939241665357,0.7260649861936033,-5815.577226537317,-5599.563333680116,1894.5069189201597,0.4,0.0,0.0,0.9974987269849384,0.9948715501325299,1.0,-0.06785949183128721,0.002994149601592617
3.033333333333333,4.822357163820828,2.54695098103945,5.453630709469782,2.9428503566943363,-1.2506221992481537,0.0,1.4023602567820763,-9.532175546996843,8.935571753532034,-17.831285317389337,0.48591691360849315,0.20412715539794288,0.7220275298944512,-5812.579812614166,-5599.547954679293,1894.506434335677,0.4,0.0,0.0,0.9969817785454708,0.9948718396438996,1.0,-0.06783602371995368,0.00299398211375662
3.05,4.793486884652354,2.4881049988719175,5.400757631920317,2.9220387690148066,-1.2475266694532985,0.0,1.4022863187488175,-9.528210735198211,8.848499836573936,-17.855360032733504,0.47877870433895253,0.19436583448092723,0.7176607059681783,-5808.77840782202,-5599.533448215267,1894.5059772575337,0.4,0.0,0.0,0.9963270920479735,0.9948721127295247,1.0,-0.0678078080134876,0.002993824259062697
3.0666666666666664,4.765979142516561,2.4284991370146845,5.3490340478804175,2.9012798598756753,-1.2443251623489733,0.0,1.4022168729588005,-9.523373526174304,8.761628787305705,-17.876765908865444,0.47125746632681254,0.18426551501776003,0.7129564862069383,-5803.929441879774,-5599.5198110340325,1894.5055475861825,0.4,0.0,0.0,0.9954928903873227,0.994872369450655,1.0,-0.0677733838650373,0.0029936759951253956
3.0833333333333335,4.739847577706398,2.368172910243268,5.298527908079685,2.8805755483824607,-1.2410025900228463,0.0,1.4021518916542377,-9.517390356279478,8.675013578653992,-17.895509126729355,0.46335204889678644,0.17383898363704234,0.7079067910599345,-5797.708508754906,-5599.507038000498,1894.5051451634133,0.4,0.0,0.0,0.9944235314203428,0.9948726099039452,1.0,-0.06773080445041103,0.0029935372626829658
3.1,4.715105170643548,2.307170146285985,5.249309559755722,2.859928044034678,-1.2375399876390218,0.0,1.4020913506829689,-9.5098955709601,8.58870877913335,-17.911597313572564,0.4550628653450963,0.16310226322341875,0.702503493447364,-5789.6821636681825,-5599.495123977848,1894.504769831772,0.4,0.0,0.0,0.9930446710288896,0.994872834186079,1.0,-0.06767746757760644,0.0029934080101715285
3.1166666666666667,4.691764241175909,2.2455404727099944,5.2014520770026875,2.8393399244313415,-1.2339132080904525,0.0,1.4020352505929632,-9.500399322347057,8.502768473817632,-17.925039628653654,0.446392282837753,0.15207530882894854,0.6967384163077257,-5779.269883591481,-5599.484067360683,1894.5044215461576,0.4,0.0,0.0,0.9912567393587102,0.9948730423272514,1.0,-0.06760988722902925,0.002993288238760977
3.1333333333333333,4.669836445923341,2.1833413301955633,5.155031696877728,2.81881423927931,-1.2300911637499345,0.0,1.401983652506896,-9.488244563783429,8.417246165369896,-17.93584688020636,0.4373451271043611,0.14078292105005175,0.690603320685775,-5765.693105732097,-5599.473876178984,1894.5041005665337,0.4,0.0,0.0,0.988926201177213,0.9948732341762622,1.0,-0.06752338751171211,0.002993178078945735
3.15,4.649332771185087,2.1206406847850494,5.110128386956751,2.7983546497556073,-1.226033466575776,0.0,1.4019367360493231,-9.472550072871881,8.332194647366682,-17.944031684171627,0.42792933953750695,0.1292559502881106,0.6840898800083332,-5747.907706467885,-5599.464578070872,1894.5038077726856,0.4,0.0,0.0,0.9858739766665677,0.9948734092127722,1.0,-0.06741169717905937,0.0029930779142169255
3.1666666666666665,4.630263517433754,2.0575206522766027,5.066826568516307,2.7779656151347307,-1.2216872811676547,0.0,1.4018948889239224,-9.452136271129726,8.24766583931649,-17.94960867831176,0.4181568339161396,0.11753288385118534,0.677189634677225,-5724.516088576677,-5599.456235867013,1894.5035451560036,0.4,0.0,0.0,0.9818603656373988,0.9948735662539226,1.0,-0.06726642172411545,0.002992988572306132
3.183333333333333,4.6126382692956565,1.994082281039767,5.025216009976844,2.757652642035926,-1.2169831726174243,0.0,1.4018588396257228,-9.425431251348169,8.163710569125174,-17.95259480891656,0.4080446085003434,0.10566192450950751,0.6698939191600276,-5693.655805275941,-5599.448970936117,1894.5033165560978,0.4,0.0,0.0,0.9765659486235062,0.9948737030148488,1.0,-0.06707637462034445,0.002992911608520613
3.2,4.596465842040236,1.9304517434704616,4.985392880296477,2.737422615455966,-1.2118297182723357,0.0,1.4018298445403594,-9.390356823730254,8.080378284313511,-17.953009711041023,0.39761617218317696,0.09370367584379632,0.6621937513278126,-5652.864491773399,-5599.442996544731,1894.503128713357,0.4,0.0,0.0,0.9695684256848935,0.9948738154806679,1.0,-0.066826766365427,0.0029928497051926023
3.216666666666667,4.581754192008407,1.8667881186017279,4.947460899869668,2.7172842342892425,-1.2061066918456316,0.0,1.4018099348413744,-9.34420018410456,7.997716668356186,-17.950876206183242,0.3869033316663314,0.08173453048149348,0.6540796708857779,-5598.927736595251,-5599.4386627162685,1894.5029926843824,0.4,0.0,0.0,0.9603165302293807,0.994873897061996,1.0,-0.06649829120411208,0.0029928071987950036
3.2333333333333334,4.568510274526403,1.803292733888346,4.911532430163504,2.6972485758743683,-1.1996567769375375,0.0,1.4018022108772614,-9.283488490651846,7.915771134026801,-17.946220941683414,0.37594834387845827,0.06985078321052404,0.645541510524622,-5527.730367320224,-5599.4365113722115,1894.5029255821398,0.4,0.0,0.0,0.9481045284470155,0.9948739375568912,1.0,-0.06606623454959165,0.0029927907084457586
3.25,4.556739829913105,1.7402195546293115,4.877729182296896,2.677329811521176,-1.1922761160844557,0.0,1.4018111327288547,-9.203904319190539,7.834584163689535,-17.939075190564203,0.3648063377956668,0.05817331538409385,0.6365680803400736,-5434.1561347474435,-5599.437334222752,1894.5029524037093,0.4,0.0,0.0,0.9320550169836663,0.9948739220610334,1.0,-0.0654998713184106,0.0029928097562360555
3.2666666666666666,4.546447078853272,1.6778852095386823,4.84618198350022,2.6575460833808986,-1.1837046728233436,0.0,1.4018426853487298,-9.10031181653327,7.754194471002117,-17.92947581368026,0.35354771698712795,0.046852355804557815,0.6271467441288212,-5312.118525099128,-5599.4422139370245,1894.5031073324335,0.4,0.0,0.0,0.9111242027760003,0.9948738301926561,1.0,-0.06476265205164188,0.0029928771197962334
3.283333333333333,4.537634317369317,1.616675785274266,4.8170287307488495,2.6379205258186826,-1.1736184901681792,0.0,1.4019041950145275,-8.967003262469804,7.674635975808431,-17.91746635057515,0.3422599356140791,0.036071252196703235,0.6172628673325034,-5154.852714879618,-5599.4525107437075,1894.5034333222675,0.4,0.0,0.0,0.8841519561504343,0.9948736363447374,1.0,-0.06381395758090574,0.0029930084404310915
3.3,4.5303014254904195,1.5570455606001918,4.790409364927521,2.6184823642800645,-1.1616274516131992,0.0,1.4020034743899277,-8.79830689340123,7.595936622374427,-17.903098143967284,0.33104760119831167,0.026047379151258945,0.6068991241396628,-4955.635618224202,-5599.469736067396,1894.5039781251062,0.4,0.0,0.0,0.8499852626261168,0.9948733120637293,1.0,-0.06261342462416523,0.002993220397859845
3.3166666666666664,4.5244453485899845,1.499500929640163,4.766456624198867,2.5992679478661715,-1.1472837096348307,0.0,1.4021469780209581,-8.589679004736238,7.518117137633543,-17.886431313459738,0.3200294096582677,0.017027430508678627,0.596034671028802,-4709.079892724202,-5599.495247910324,1894.5047847054761,0.4,0.0,0.0,0.8077000896975954,0.994872831783914,1.0,-0.06112871776639224,0.002993526772275753
3.3333333333333335,4.520059674997625,1.4445622849343336,4.74528183152427,2.580321477484099,-1.130106525105728,0.0,1.402336935475919,-8.33927535118095,7.441189918840871,-17.867535291042998,0.30933026452075707,0.009273894832439336,0.5846442328409691,-4412.996150014166,-5599.52974073543,1894.5058751877584,0.4,0.0,0.0,0.7569207003276366,0.994872182430252,1.0,-0.05934671237859896,0.0029939323237164594
3.35,4.5171344980800425,1.3926997843839828,4.726956395310626,2.561695112343433,-1.109627229396122,0.0,1.4025681377928934,-8.049718348376992,7.3651583362654645,-17.84648855596211,0.2990675609757342,0.0030403628508218635,0.5726972104942577,-4070.4875934160455,-5599.572618720661,1894.5072311430554,0.4,0.0,0.0,0.6981788718424187,0.9948713752167252,1.0,-0.05728607096325319,0.0029944259312601226
3.3666666666666667,4.515656769234308,1.3442474101310127,4.711492030893777,2.543448132651704,-1.0854520386015414,0.0,1.4028260025322385,-7.729421059754967,7.290016785253601,-17.82337722818635,0.28933242946111215,-0.0014636767596357904,0.5601570014122275,-3691.5199185366223,-5599.621522366615,1894.5087787335049,0.4,0.0,0.0,0.6331832215446238,0.9948704545577021,1.0,-0.05500666534789543,0.002994976461991177
3.3833333333333333,4.515611260959722,1.2993121016059725,4.698825065639918,2.5256449666146104,-1.0573313918015406,0.0,1.403087972565677,-7.392653125280261,7.2157517579493815,-17.79829236148419,0.28016946419970207,-0.004112891381525988,0.5469807964847582,-3293.000719577764,-5599.67240563464,1894.5103912433879,0.4,0.0,0.0,0.5648330252124093,0.9948694966153195,1.0,-0.05261004586910883,0.0029955357573581568
3.4,4.516982043031428,1.2577045978015895,4.688810897487723,2.5083521641499193,-1.0252168572488862,0.0,1.403329247698409,-7.05784854612542,7.142343995163808,-17.771326113753197,0.27156073274914927,-0.0049005153526427295,0.5331201267747375,-2896.7753645098396,-5599.720440017065,1894.5119177258173,0.4,0.0,0.0,0.49687474174274965,0.99486859227936,1.0,-0.05022739866951415,0.002996050869953797
3.4166666666666665,4.519754099908818,1.218917510879024,4.68123242554459,2.4916347290932515,-0.9892866098647914,0.0,1.4035313378374594,-6.7444613909004,7.069771475481775,-17.742567344731853,0.2634197873579407,-0.003955546201691886,0.5185223261893085,-2525.9015349573006,-5599.761587358607,1894.513232814194,0.4,0.0,0.0,0.43326321043792315,0.9948678175570822,1.0,-0.04799716923337342,0.0029964823241815943
3.433333333333333,4.5239145411732755,1.1821613779670164,4.675821671043057,2.4755524472669053,-0.9499302945938614,0.0,1.403689703822772,-6.469459160669095,6.998012736399005,-17.712097412516805,0.25559829123900796,-0.001535900124707296,0.5031328559313708,-2200.4935630093064,-5599.794196528608,1894.5142874448588,0.4,0.0,0.0,0.3774488535330668,0.9948672035128817,1.0,-0.0460401073096777,0.0029968204291194378
3.4499999999999997,4.529452915505403,1.1464487377554593,4.672289419768587,2.460156850156323,-0.907698589478915,0.0,1.4038168622381673,-6.244681980351052,6.927049932524005,-17.679986888174422,0.2479033471635928,0.002000836860876128,0.4868981909993421,-1934.5921773621915,-5599.819866581426,1894.5151367558392,0.4,0.0,0.0,0.33184057841842146,0.9948667200145527,1.0,-0.044440473515631275,0.00299709190716473
3.466666666666667,4.536360425374211,1.1107020546213582,4.670355978192818,2.445489246437351,-0.8632332375273801,0.0,1.4039398114888466,-6.075718810349907,6.856871147944004,-17.64629362265081,0.24012039700449367,0.0062402946165900286,0.4697688205923961,-1734.8318008624642,-5599.843210930144,1894.5159338797455,0.4,0.0,0.0,0.29757696462807454,0.99486628016493,1.0,-0.04323804186175691,0.002997354398814542
3.4833333333333334,4.5446282011296315,1.0738598836896918,4.669777354039568,2.431579961591268,-0.8171950201950225,0.0,1.4040934514327144,-5.962188205162761,6.78747170987419,-17.611062243674514,0.23203611539914093,0.010756888917925955,0.4517019239717192,-1600.772499651669,-5599.870728061945,1894.5168965314867,0.4,0.0,0.0,0.27458306939659893,0.9948657615471503,1.0,-0.04243009777927068,0.002997682413846111
3.5,4.554245052831162,1.034963682533339,4.670363778700765,2.418448681146237,-0.770202153727202,0.0,1.404312955163907,-5.898884406428192,6.718854481280524,-17.574324884779614,0.22345738995321443,0.015153503425191025,0.43266341330762503,-1526.2577211532464,-5599.909323385756,1894.5182643477451,0.4,0.0,0.0,0.26180329536566743,0.9948650340264108,1.0,-0.04197959432690043,0.0029981510453849147
3.5166666666666666,4.5651951911022,0.9932177419474119,4.6719897919175475,2.4061056551622295,-0.7227849354756155,0.0,1.4046276179141688,-5.877246913212279,6.651029269850001,-17.536102812021312,0.21422466314205477,0.01909081369587028,0.4126292002479884,-1501.155596456686,-5599.965013333142,1894.5202652530875,0.4,0.0,0.0,0.2575001046238486,0.994863984100033,1.0,-0.04182561043352811,0.002998822837559282
3.533333333333333,4.577456318054069,0.9480219568852442,4.674596450436085,2.3945534787054132,-0.6753575721098701,0.0,1.405057467211042,-5.886809724241483,6.584011570212592,-17.496408591559433,0.20421951077288117,0.022305198873565715,0.39158568077710204,-1513.0761983656087,-5600.0421227618335,1894.5231036823016,0.4,0.0,0.0,0.2595485963222583,0.9948625299212215,1.0,-0.04189366447560992,0.002999740548325988
3.55,4.590998313580432,0.8989808369374018,4.67818683471268,2.38378917661539,-0.6282055811273173,0.0,1.4056127320612237,-5.916467875916549,6.517820878446607,-17.455248481472665,0.19336714867149377,0.024616167534881325,0.36952952577988374,-1548.872192854182,-5600.143043447535,1894.5269788580138,0.4,0.0,0.0,0.265693889691808,0.9948606256823268,1.0,-0.042104727634340096,0.003000926016198313
3.5666666666666664,4.60578255808598,0.8458936099994481,4.682816350424916,2.3738063600727886,-0.5814860848229297,0.0,1.406295506713725,-5.955492359519884,6.452478806195613,-17.4126247953168,0.18163487293522046,0.025925132756823645,0.34646692045832217,-1595.8411822739795,-5600.26844928134,1894.532142209953,0.4,0.0,0.0,0.27375731068777165,0.9948582572447068,1.0,-0.042382446585520005,0.003002383712312724
3.5833333333333335,4.621761790852641,0.7887307845926188,4.688579561226353,2.3645972725339766,-0.5352378424210075,0.0,1.4071026403915634,-5.9942610086054415,6.388007189650872,-17.36853805482959,0.16902753685278846,0.026207744434430778,0.32241242380815216,-1642.5914015417447,-5600.417779499392,1894.5390137680886,0.4,0.0,0.0,0.2817848357451547,0.9948554324045841,1.0,-0.042658344882398,0.003004106909888505
3.6,4.638880325330659,0.7276025687534105,4.69559540109627,2.3561545974377203,-0.48939768487519153,0.0,1.4080289519061728,-6.024699604102043,6.324426343438191,-17.322988817646156,0.15558116648594295,0.025502085480490606,0.2973876229465527,-1679.564066207443,-5600.589788673143,1894.548405987837,0.4,0.0,0.0,0.28813666638041635,0.9948521692385718,1.0,-0.04287496209385505,0.003006084547298789
3.6166666666666667,4.657074426852194,0.6627240504980719,4.703992494078755,2.348472954453614,-0.4438201850064918,0.0,1.4090701885071382,-6.040462211640295,6.261753558205692,-17.2759791277361,0.14135571797502167,0.02389489028604217,0.27141973788292045,-1699.2468638380346,-5600.782992682152,1894.5619685271304,0.4,0.0,0.0,0.29152385725898156,0.9948484849947089,1.0,-0.04298713718060008,0.0030083075450944
3.6333333333333333,4.676272688494944,0.5943809952106252,4.7138959497035255,2.34155005836635,-0.3982979673261368,0.0,1.4102256102535677,-6.036913221406872,6.200001892026576,-17.22751358581703,0.12642777621254522,0.021507544924287036,0.2445402963666742,-1696.1526962941946,-5600.9958755205325,1894.583113019922,0.4,0.0,0.0,0.291004702292251,0.9948443864144448,1.0,-0.04296188068123438,0.0030107743235316285
3.65,4.696396296978266,0.5228987226246189,4.725416516286541,2.3353875492818483,-0.3525809153037578,0.0,1.4115006494427345,-6.010990235690695,6.1391792672503644,-17.17760007002578,0.110883725054795,0.018483060852975162,0.21678395643332554,-1666.657547059166,-5601.226714532298,1894.6190084832256,0.4,0.0,0.0,0.2859569703363094,0.9948398604171271,1.0,-0.04277739894721003,0.0030134964803442176
3.6666666666666665,4.717359148023159,0.4486151583910898,4.738642515718616,2.3299915224784464,-0.30639342482460397,0.0,1.4129109202622818,-5.961020948109301,6.079287859961815,-17.126250153070888,0.09481365387118694,0.014974627395993652,0.18818751751323834,-1608.7843584651162,-5601.47276261874,1894.685012021551,0.4,0.0,0.0,0.27604088855177344,0.9948348614185686,1.0,-0.04242179095814938,0.003016507351187753
3.683333333333333,4.7390678485474655,0.37185813743444596,4.753634667021911,2.3253727927669265,-0.25944955226563304,0.0,1.4144904637625728,-5.886543922153553,6.0203237577648006,-17.073479264132562,0.07830606781261251,0.011135884302360476,0.1587891373244158,-1521.9926422574833,-5601.728160457116,1894.8147475769895,0.4,0.0,0.0,0.2611631227731341,0.9948292867124797,1.0,-0.04189177288678502,0.0030198796123202974
3.6999999999999997,4.761421753658902,0.29292652848530976,4.770423782779331,2.3215469654939276,-0.21145688087599626,0.0,1.4163081057781364,-5.788108287020487,5.962276857970576,-17.01930663771236,0.06144337205915568,0.007112790050115839,0.12862776487643227,-1406.998859134964,-5601.979012818118,1895.0835512491287,0.4,0.0,0.0,0.2414460659804883,0.994822920398889,1.0,-0.04119125262812496,0.0030237602040994005
3.716666666666667,4.78431362166974,0.21206961437490562,4.7890114169665265,2.3185356659487844,-0.16200687859467433,0.0,1.4185167032603117,-5.667197868930557,5.905130962725849,-16.963755095632447,0.0442970305495588,0.003065210092841453,0.09771137478479885,-1265.7657432276708,-5602.189817561684,1895.664222913469,0.4,0.0,0.0,0.21722610068440443,0.9948153344567915,1.0,-0.040330789877612336,0.003028475469899427
3.7333333333333334,4.807631256653697,0.1294651957805431,4.80937413151359,2.31636643079175,-0.1108101517525201,0.0,1.421484833095127,-5.526633547360743,5.848864097849474,-16.906850614529176,0.02692259606407083,-0.0008769246661010666,0.06605245966250578,-1101.4950575913874,-5602.282548734899,1896.9633281984575,0.4,0.0,0.0,0.1890529367532545,0.9948054168996598,1.0,-0.03933045951177123,0.0030348123063818986
3.75,4.831261627686536,0.04521884882901546,4.831473239028214,2.315070590124694,-0.05765907990359824,0.0,1.4260443539063483,-5.369561418828952,5.793449003347052,-16.84862167733383,0.009359362408980382,-0.004631998854644993,0.03368696885694136,-918.1040805774813,-5602.055562237333,1899.9601090306994,0.4,0.0,0.0,0.15759966886367466,0.994790731167869,1.0,-0.038212650824311294,0.003044546697876579
3.7666666666666666,4.85510434202004,-0.04063560349331426,4.855274392263851,2.3146824627823537,-0.0023922662475563544,0.0,1.4342283323847926,-5.199227231814164,5.738853586996578,-16.789098465978828,-0.008369470934404951,-0.008146738661039682,0.000654019547073936,-719.9257621041834,-5600.9994625303725,1907.074458328097,0.4,0.0,0.0,0.12361153977368726,0.994765382507413,1.0,-0.03700046228522228,0.0030620191590828433
3.783333333333333,4.879108046793337,-0.12812714156824226,4.880790089390235,2.315238497216803,0.05509649265536294,0.0,1.4511788832586419,-5.018305125665635,5.685041074688771,-16.728311759584212,-0.026254327651618437,-0.01139630865744845,-0.03300003224310108,-511.4162397425305,-5597.781858499008,1924.4579673460262,0.4,0.0,0.0,0.08785412300673505,0.9947145918355421,1.0,-0.03571292449034582,0.0030982078958137877
3.8,4.9033691333915606,-0.2173188505970962,4.908182590442408,2.316776183201718,0.11483987072447538,0.0,1.4904162206285965,-4.827379858831087,5.6319691771987594,-16.666291155297248,-0.044291326990928186,-0.014382441557058792,-0.06721086688088711,-296.87518267142957,-5588.691943505303,1968.322157553104,0.4,0.0,0.0,0.05105642475981362,0.9945999258039037,1.0,-0.03435419889136046,0.0031819780153026587
3.8166666666666664,4.927929243212982,-0.3068838276758349,4.937475499666063,2.319325548223149,0.1756470803889375,0.0,1.5193455106303773,-4.4323562604119235,5.579582489018858,-16.60306920427095,-0.062194082807241036,-0.017132457695943536,-0.10164193296975668,-80.39301467238533,-5332.574012054404,2000.0,0.4,0.0,0.0,0.013846546843676432,0.9546243757419647,1.0,-0.03154300116842865,0.0032437408728923037
3.8333333333333335,4.95199396235416,-0.3899603234375247,4.9673245572488565,2.3228489906687098,0.2318779184999512,0.0,1.5205773739304547,-3.5784451225558414,5.527769568674457,-16.53873831249966,-0.07858596544162644,-0.019695233707478527,-0.13381689334349176,135.0812848954475,-4515.064433017821,2000.0,0.4,0.0,0.0,0.0232672063434447,0.8276751705358664,1.0,-0.025466116000216688,0.003246370850937666
3.85,4.975440210666196,-0.4564453933782571,4.996333424327315,2.327191443193289,0.2755444790831335,0.0,1.51902316292945,-2.0719129973593997,5.476320575258735,-16.473489201617316,-0.09148362635948137,-0.022065821158184555,-0.1600447651722948,347.40463130009465,-2896.983529186045,2000.0,0.4,0.0,0.0,0.05983751804031099,0.5900405458926089,1.0,-0.014744833279831235,0.003243052673660816
3.8666666666666667,4.99836942491835,-0.49367761486514805,5.022689966081675,2.332041206990735,0.29701945357625137,0.0,1.514141617426088,0.03571072442921097,5.424894397647896,-16.407639715638503,-0.09844843750327582,-0.024150807496363266,-0.17548937356078176,553.7466109639071,-537.7418841305695,2000.0,0.4,0.0,0.0,0.09536395095319732,0.3471775858070253,1.0,0.00025413648096314135,0.0032326307725452697
3.8833333333333333,5.0210868892185525,-0.49596372883475554,5.045522130503652,2.3369797258937313,0.29291068995454705,0.0,1.5085083797579733,2.079023518123994,5.373065741399721,-16.34159431551998,-0.0984567927158029,-0.025705413493445545,-0.17733334092614725,749.5901486353847,1754.9631588117402,2000.0,0.4,0.0,0.0,0.12906459743740326,0.44613488584763117,1.0,0.01479543552198153,0.003220604039229555
3.9,5.043947521323338,-0.4689587769211139,5.06570122809421,2.3416351472731085,0.2692992714903539,0.0,1.5048960987764353,3.510535388339899,5.32045712566636,-16.27571907525872,-0.09270803710015302,-0.02635364569129639,-0.16748572016416644,927.4662326476301,3319.830364304822,2000.0,0.4,0.0,0.0,0.15966720079335125,0.6499352308981684,1.0,0.02498283426475392,0.003212891966246679
3.9166666666666665,5.067186624487757,-0.4219829940145437,5.084727124893243,2.3457718694090404,0.23459165230881035,0.0,1.5035377220758759,4.35152666199656,5.266815200355631,-16.2102653480509,-0.08308585389162876,-0.025822114591888053,-0.15000449261775836,1077.7836211548781,4192.548419867164,2000.0,0.4,0.0,0.0,0.18553267062568726,0.7790133984912765,1.0,0.0309677748175977,0.0032099918872366315
3.933333333333333,5.090894357751435,-0.36207618463942653,5.10375396402182,2.3492688151103076,0.19452006618223472,0.0,1.5036274694321194,4.809395431566431,5.211994355239375,-16.145381876095218,-0.07100275486886475,-0.024056620108204054,-0.12809358889265404,1191.4036403936805,4635.6597848960155,2000.0,0.4,0.0,0.0,0.20509007858723008,0.8466951302797457,1.0,0.03422621215543643,0.003210183494192156
3.9499999999999997,5.1150631338575065,-0.29367524570847664,5.123486704705118,2.3520711872409112,0.15214922437047423,0.0,1.504517556689858,5.030615851705899,5.155917729841259,-16.08115028373998,-0.057350845873584515,-0.021165439894738094,-0.10367390686499273,1261.4140121045743,4835.06764664186,2000.0,0.4,0.0,0.0,0.21714746781516958,0.8774786490155491,1.0,0.03580053415506085,0.0032120837942872732
3.966666666666667,5.139630366374925,-0.21976571283143445,5.144326707305783,2.3541583928592944,0.10905942096487561,0.0,1.5058384101686806,5.086496310185978,5.098551450299285,-16.01760900599869,-0.042733019438209126,-0.017347426161609156,-0.07788899040857473,1283.6916804420484,4882.037356526776,2000.0,0.4,0.0,0.0,0.22099225739118825,0.8847243995945634,1.0,0.03619820917565264,0.0032149037627449946
3.9833333333333334,5.164503768339861,-0.14275180647628716,5.166476289643539,2.355528854872946,0.06621042068125384,0.0,1.5073737880068154,5.002423304933997,5.039892509646699,-15.954764562889247,-0.027633916896430535,-0.012843842703316415,-0.051537253511284395,1256.790612272484,4808.998048252554,2000.0,0.4,0.0,0.0,0.21637272734844287,0.8733571166611648,1.0,0.03559990101920267,0.003218181731985069
4.0,5.189576279450991,-0.06498963846249359,5.189983199717305,2.3561954562072196,0.024466378940398603,0.0,1.5089591458852027,4.776408806254074,4.979964960175059,-15.892595021620098,-0.01252245614628876,-0.007910062663673858,-0.025333089710276143,1181.6436377649773,4612.480009417669,2000.0,0.4,0.0,0.0,0.20344675883661892,0.8429787062975272,1.0,0.03399146181055474,0.003221566406578377
4.016666666666667,5.214737371870595,0.010842017336518208,5.214748642736653,2.356187767891291,-0.01505182019753721,0.0,1.5104173892327375,4.387883067812627,4.918821204051022,-15.831048666409641,0.0020791079092059793,-0.0027995578853234047,-7.422162323385819e-05,1061.3295683516903,4264.075386396728,2000.0,0.4,0.0,0.0,0.18274182254156726,0.7896817689560325,1.0,0.03122650631023036,0.003224679696818106
4.033333333333333,5.239885054857332,0.08147298572078553,5.240518412859503,2.3555590174926495,-0.050723576324857786,0.0,1.5115263825226333,3.805889622951821,4.856546700120271,-15.770039520051458,0.015547367965976935,0.0022443322437245513,0.023242925914451092,900.964311886611,3720.5460577442473,2000.0,0.4,0.0,0.0,0.15513658141213343,0.708202413918049,1.0,0.02708473186054835,0.0032270473523888952
4.05,5.264940619002915,0.14298634456803352,5.26688188745103,2.35439532613668,-0.08037614335717382,0.0,1.5120416524990996,3.0071420144411047,4.793266029957689,-15.709441797053353,0.027151532448752912,0.006991194068270457,0.043383261493255464,707.6625169695437,2945.921540851919,2000.0,0.4,0.0,0.0,0.1218550276065425,0.5969703955586717,1.0,0.02140041966444532,0.003228147432832444
4.066666666666666,5.28986439415214,0.19123583082359724,5.293319983857898,2.3528220447205723,-0.10162085553875817,0.0,1.5118094244015778,2.00877963837288,4.729145987826375,-15.649087607484095,0.03613563066716846,0.01122300147251615,0.05899328419705473,490.4700166413141,1951.6199884282935,2000.0,0.4,0.0,0.0,0.0844557193046797,0.46850368610011206,1.0,0.014295542767228452,0.0032276516352890317
4.083333333333333,5.314665182922563,0.2228650616152494,5.319335939970148,2.350999443955039,-0.11265955334017977,0.0,1.5109248367045442,0.8966335130020462,4.6643891933170565,-15.588774221928388,0.04190942582560359,0.014734639842154538,0.06894592017692348,260.15588881194225,831.2685690612227,2000.0,0.4,0.0,0.0,0.044795940216090194,0.36313210862057416,1.0,0.006380920279555185,0.0032257630765323503
4.1,5.339393826059461,0.23645420823869795,5.344626930137938,2.349103447545338,-0.11314957403762105,0.0,1.5097534469850487,-0.19165870994656903,4.599214632327394,-15.528284093903935,0.04425592562259106,0.017342918073417913,0.07277678817146621,28.745849299700257,-259.37755677055316,2000.0,0.4,0.0,0.0,0.004949512194121077,0.33814325331171896,1.0,-0.0013639451697012985,0.0032232622071220493
4.116666666666666,5.3641200066484895,0.2328987943407289,5.369173613707416,2.3472979343411806,-0.10442333232366129,0.0,1.50872458723922,-1.1299853489773775,4.53383087958739,-15.467411553953738,0.04339064235489749,0.018904920541422572,0.07087987917959794,-191.27905355923141,-1178.9427323068194,2000.0,0.4,0.0,0.0,0.03293347962953274,0.3892745967989104,1.0,-0.008041575877248675,0.003221065633408784
4.133333333333333,5.38890494187363,0.21477621153853077,5.393183224552349,2.3457124855229745,-0.08885709541737004,0.0,1.5080940536113916,-1.8518239673212082,4.468413947868046,-15.40598430895269,0.03983417823761757,0.01934181930171622,0.06429667263518789,-388.0274423393794,-1858.2927443886333,2000.0,0.4,0.0,0.0,0.06680687190823481,0.4577723717712138,1.0,-0.013178562853047486,0.0032197194697573895
4.15,5.413784498669153,0.18537672763633306,5.416957368226149,2.344434386385988,-0.06899528617101838,0.0,1.5078988343207012,-2.3466777016699467,4.403096681609819,-15.343873226398994,0.034228242356197244,0.018666841204555747,0.05430809634448575,-551.3833042166252,-2294.966954726486,2000.0,0.4,0.0,0.0,0.09493091611368278,0.5104436499970507,1.0,-0.016700204842925098,0.003219302684511401
4.166666666666667,5.438766198156418,0.14805116947782548,5.440780909666604,2.343511509606858,-0.04706171951449901,0.0,1.508043757649306,-2.6313365112357143,4.337967757348437,-15.280992668328766,0.02721474159779019,0.016981509284759694,0.04214888500378224,-673.9229809741755,-2517.078272075392,2000.0,0.4,0.0,0.0,0.1160287064712702,0.5390756169444871,1.0,-0.01872598811376309,0.003219612089923891
4.183333333333334,5.463835063758423,0.10597039906185302,5.464862608468152,2.3429591244893704,-0.0248553745946843,0.0,1.5083882366101706,-2.7279054996651904,4.273075036735476,-15.217296731954841,0.01939244386161376,0.01445532305632477,0.028906241981033087,-751.3012993131996,-2556.057776812218,2000.0,0.4,0.0,0.0,0.1293522866559141,0.5442022976436333,1.0,-0.019413224323106482,0.0032203475384952594
4.2,5.488962735554354,0.062104708574539896,5.489314065266394,2.3427662441462553,-0.0038317019834531105,0.0,1.508792282947603,-2.6557667931285454,4.2084296694349606,-15.152774975368443,0.011313988017777998,0.011301836620460226,0.015524908308191289,-782.1969603934646,-2436.882418401485,2000.0,0.4,0.0,0.0,0.134673556126623,0.5286004305272765,1.0,-0.01889984697460723,0.0032212101609929746
4.216666666666667,5.514116694751555,0.019244134783584083,5.514150275433322,2.342900241451245,0.014795048563760453,0.0,1.509136234579005,-2.4325639475849274,4.144009805256575,-15.087448723577273,0.0034899618050736898,0.00775725622223277,0.002837608804686025,-768.029547661109,-2179.5702920378094,2000.0,0.4,0.0,0.0,0.13223604667026562,0.495999098110312,1.0,-0.017311416982943018,0.003221944483737386
4.233333333333333,5.539268177701724,-0.02003754828848768,5.539304419134265,2.3433103329322678,0.03001044470241993,0.0,1.5093335525999378,-2.0790329595702555,4.079764288577993,-15.021367548618487,-0.003617348040772612,0.004063188121621778,-0.008423803388779344,-712.6224542011937,-1805.4396574114933,2000.0,0.4,0.0,0.0,0.12269734206343354,0.4517694714065876,1.0,-0.014795502712327466,0.0032223657496870868
4.25,5.56439788720834,-0.053506349912716356,5.564655135464338,2.343931227752095,0.041039980048748904,0.0,1.5093437431539916,-1.6239486428049723,4.015617282687803,-14.954604944897767,-0.009615541869140126,0.0004527488354611041,-0.017651372653923456,-621.8796913399565,-1343.5002730934232,2000.0,0.4,0.0,0.0,0.10707372831773394,0.4039802549829386,1.0,-0.011556881019465887,0.0032223875061055374
4.266666666666667,5.589498665656328,-0.07945317473871653,5.590063339565119,2.344688074689889,0.04744353692417131,0.0,1.5091800719214588,-1.1059587917816966,3.95147462549436,-14.887252349775498,-0.01421376562502057,-0.0028614767324970864,-0.02441068965508651,-503.44827352350467,-833.0567615601391,2000.0,0.4,0.0,0.0,0.08668211041002531,0.36327202234611544,1.0,-0.00787059013576718,0.0032220380746806453
4.283333333333333,5.614574666463667,-0.09686676201259739,5.615410212520399,2.3455029903808646,0.049201487087194705,0.0,1.5089021391112394,-0.5703108236138236,3.8872319844790812,-14.819411368740472,-0.017251022288419723,-0.00569871999184523,-0.028491666939733543,-366.2929560976973,-320.1536489244842,2000.0,0.4,0.0,0.0,0.06306656850841692,0.3396168731819752,1.0,-0.004058634712261712,0.00322144469943445
4.3,5.639637527359445,-0.10551133670672783,5.640624440802152,2.346302329729012,0.04672811890704992,0.0,1.5085911899146864,-0.06154760526737446,3.8227839115300224,-14.751185024836158,-0.018706703814751473,-0.007920465964313166,-0.02992965389334878,-220.12737089444,150.76757718261985,2000.0,0.4,0.0,0.0,0.037900056880773164,0.33630260625716846,1.0,-0.00043800544694535745,0.00322078083554622
4.316666666666666,5.664701125202949,-0.10587222698355134,5.665690405089394,2.3470232206821176,0.04079461095752076,0.0,1.5083195724615788,0.38391241543316706,3.758032313492764,-14.68266946342659,-0.018687641208922686,-0.009437969161754748,-0.028981798511527133,-74.71491832766363,545.218007325908,2000.0,0.4,0.0,0.0,0.012863782476077697,0.3475922079557014,1.0,0.0027321246436668944,0.00322020094333061
4.333333333333333,5.689776868970408,-0.09900050681882118,5.690638094187776,2.3476180527837047,0.032382276689686754,0.0,1.508129155878325,0.7416904783694379,3.692893049309569,-14.613947397834458,-0.01739796130970603,-0.010216314930116476,-0.026066833806594848,60.87106170025277,842.7252136987634,2000.0,0.4,0.0,0.0,0.010480184675853628,0.3639119498375384,1.0,0.005278263355041172,0.0032197944116696712
4.35,5.714870923314794,-0.0863212237400714,5.715522812815715,2.3480563223785507,0.022527802014310705,0.0,1.5080270746134143,0.9993296955035196,3.627300110536913,-14.545083878030646,-0.015103518704049504,-0.010275324432475712,-0.021691076525478123,178.93271299099717,1035.975478119928,2000.0,0.4,0.0,0.0,0.030806750607619043,0.37767834753234375,1.0,0.007111760856060668,0.003219576472320767
4.366666666666666,5.739983680103654,-0.0694579447611812,5.740403910348707,2.348324336911217,0.012212038640380509,0.0,1.5079940148867188,1.153927652343743,3.561207553466906,-14.476124267758118,-0.012100131071133806,-0.009683228917795193,-0.016386356509524774,273.65082545065513,1127.3988544954009,2000.0,0.4,0.0,0.0,0.04711423786538614,0.38497058676144896,1.0,0.00821196202373365,0.0032195058911488224
4.383333333333333,5.765110969206996,-0.05009297739211802,5.765328593727754,2.3484235406785494,0.0022938202146059153,0.0,1.507997185603807,1.2095696840574366,3.494589681814794,-14.40709397465098,-0.008688768883804881,-0.008546436270122072,-0.010665845974962286,341.3429135661751,1125.763531901227,2000.0,0.4,0.0,0.0,0.05876872370721513,0.3848360430288376,1.0,0.008607940272827658,0.003219512660500852
4.4,5.790246175438936,-0.029858242313304452,5.790323159100817,2.3483681021536764,-0.006523493717421511,0.0,1.5080024029299297,1.1755451751411554,3.4274399560112476,-14.337999480021123,-0.0051565990045162186,-0.0069973200717688665,-0.004995030825904322,380.4907718054911,1043.9672330512392,2000.0,0.4,0.0,0.0,0.06550879553693245,0.37829712919805875,1.0,0.008365803797001654,0.003219523799279933
4.416666666666667,5.815382468542064,-0.010245098515053078,5.815391493052723,2.348182128152229,-0.013709507440949353,0.0,1.5079829389857633,1.0653153410980574,3.359768942295182,-14.268830358167733,-0.0017617221173936107,-0.005181834703824636,0.0002284369247255104,391.5940293640778,897.9286277240507,2000.0,0.4,0.0,0.0,0.06742040708628756,0.3676074644843094,1.0,0.007581349755012259,0.003219482244550743
4.433333333333334,5.84051455939454,0.007473597479417883,5.840519341048267,2.3478966603714087,-0.018917798480889647,0.0,1.5079244796137021,0.8957318391979309,3.2916014859200406,-14.199562090709023,0.0012796121513452073,-0.003247986360803775,0.004690237860265013,376.9119048270352,705.9013953559326,2000.0,0.4,0.0,0.0,0.06489248667739819,0.3556352136446614,1.0,0.006374503489887174,0.0032193574361689555
4.45,5.865639651711142,0.02230753696974286,5.865682070307908,2.347546543825937,-0.02199126466635279,0.0,1.5078260955382599,0.6860160729647231,3.2229732661663797,-14.130159502383286,0.0038030685052467543,-0.0013356728737174983,0.008170964317275918,340.1373222173307,487.5648676965867,2000.0,0.4,0.0,0.0,0.058560863005704636,0.345182009942139,1.0,0.0048820547175682264,0.0032191473901692
4.466666666666667,5.890757521528829,0.03359179434675197,5.890853298639842,2.3471673047961374,-0.02295731966201398,0.0,1.5076976090717253,0.4563016692291105,3.1539269496516846,-14.060580587267642,0.0057023956797057134,0.000431834799276035,0.010551969871455756,286.02643087488724,262.6249525636482,2000.0,0.4,0.0,0.0,0.04924446773286566,0.3382409948171239,1.0,0.003247285019528674,0.0032188730767887374
4.483333333333333,5.915869892785285,0.041001147241144086,5.916011974500936,2.346792257353287,-0.02200847172821349,0.0,1.5075545268852224,0.22590271741114323,3.084508240217106,-13.990780419033566,0.006930593726867978,0.001954531797128538,0.011813269313074437,219.99586812113392,49.11114642377776,2000.0,0.4,0.0,0.0,0.03787595706752828,0.33546477355330817,1.0,0.0016076437137723834,0.0032185676021397555
4.5,5.940979436041397,0.044533623142664985,5.941146345871053,2.3464500906182284,-0.019468224421653194,0.0,1.5074124019671216,0.011688966586190383,3.014762162730306,-13.920714808403048,0.007495866554271862,0.003160158055093188,0.01202283304657961,147.70273707857336,-138.1780685071223,2000.0,0.4,0.0,0.0,0.02542935847837549,0.33616480426661477,1.0,8.318489422410753e-05,0.0032182641712198796
4.516666666666667,5.966088755943825,0.0444677111338131,5.9662544717044055,2.3461631309087014,-0.015747346597301967,0.0,1.5072824541322312,-0.17307539089342747,2.944729882274357,-13.850343414188373,0.007453272912466845,0.004006153231120624,0.011319036155892106,74.63369340647276,-288.6744341244574,2000.0,0.4,0.0,0.0,0.012849307386738023,0.3388423008194876,1.0,-0.0012316964017396613,0.0032179867378774115
4.533333333333333,5.991199654057494,0.04130206001093297,5.991342016188008,2.3459463972832904,-0.011294861209015574,0.0,1.5071695024943548,-0.3192806554688452,2.8744462623511016,-13.779632115877277,0.006893678750568335,0.004479646845135556,0.009888755359046486,5.73381140641689,-396.3342501563954,2000.0,0.4,0.0,0.0,0.0009871573130692535,0.3418898719584018,1.0,-0.002272170713907029,0.0032177455907243272
4.55,6.016312804572927,0.03568722259716603,6.016418647361971,2.3458074307348173,-0.006554353108044178,0.0,1.5070723138718949,-0.421988570632259,2.803938249024069,-13.708554572097398,0.005931673635779956,0.004595178031774882,0.007944938097051225,-54.895218717184406,-459.3450598083942,2000.0,0.4,0.0,0.0,0.009450959850902147,0.3441010802880892,1.0,-0.0030030947862660826,0.00321753809696807
4.566666666666666,6.041427824837676,0.028357327587650093,6.041494376456111,2.3457467564348735,-0.0019294553830440802,0.0,1.506985531034136,-0.48008868868734417,2.733224069955335,-13.63709298397708,0.004693777722347032,0.004390326291401966,0.00570643114462834,-104.19907878754726,-479.4954666572872,2000.0,0.4,0.0,0.0,0.017939234198490597,0.344874221667277,1.0,-0.003416566083252277,0.0032173528191389426
4.583333333333333,6.066543617826738,0.02006668696939263,6.066576805655744,2.345758823949508,0.002241296988429741,0.0,1.5069021978650203,-0.4957647490359547,2.662313172797966,-13.565238142364443,0.0033077506812495727,0.003920181004378543,0.0033810104093885303,-140.26813206974018,-461.42277947802353,2000.0,0.4,0.0,0.0,0.02414892131329618,0.34418130095804617,1.0,-0.0035281252542307003,0.0032171749062120695
4.6,6.091658822962554,0.011534252983204898,6.0916697427199225,2.345833268937705,0.0057003418689201835,0.0,1.5068160406694973,-0.4738697585096388,2.591206792879992,-13.49298886800451,0.0018934479974046104,0.0032512104350186383,0.0011520902399967925,-162.3347317476534,-411.85150131780387,2000.0,0.4,0.0,0.0,0.02794787879143444,0.34240944888215574,1.0,-0.0033723088732410256,0.0032169909641036705
4.616666666666666,6.116772226108884,0.0033978396405878364,6.11677316985118,2.3459563537447585,0.008278892177956129,0.0,1.50672297446656,-0.42124575661230546,2.5198990222069773,-13.42035096831397,0.0005554954746537869,0.002455095932609673,-0.0008308609333807307,-170.68632484950302,-338.851389074216,2000.0,0.4,0.0,0.0,0.029385610380766945,0.3401529396834738,1.0,-0.0029978085271924176,0.0032167922715454337
4.633333333333333,6.141883029232558,-0.0038203905868756816,6.141884217417252,2.3461124630699,0.0098976392593013,0.0,1.506621648616378,-0.34600259148328544,2.4483782405558356,-13.34733584368874,-0.0006220226070691804,0.0016030110176754179,-0.002458274458310995,-166.51469523142376,-251.11111149047363,2000.0,0.4,0.0,0.0,0.02866731468472605,0.33800781495885673,1.0,-0.0024623382025754214,0.003216575944976252
4.65,6.166990942677348,-0.009736050625857936,6.16699862799938,2.346285543976251,0.010561075825595193,0.0,1.5065131275449202,-0.2567806808817899,2.376628762243502,-13.273958882982917,-0.0015787346904888515,0.0007606855174390938,-0.003662866114338425,-151.72171495894898,-157.23691006799987,2000.0,0.4,0.0,0.0,0.02612044247706767,0.3364108035636193,1.0,-0.0018273877010805668,0.003216344256902279
4.666666666666667,6.192096119568485,-0.01411184878830112,6.192112200069643,2.3464603921711595,0.010346269006939282,0.0,1.5063999999105746,-0.1620451835673779,2.30463255169747,-13.2002377890461,-0.0022790060238245553,-1.5510756858812052e-05,-0.004418622219191692,-128.7002829091376,-65.11498430443449,2000.0,0.4,0.0,0.0,0.02215697893634927,0.3355549565423379,1.0,-0.001153199588277005,0.003216102734003891
4.683333333333334,6.217198989539164,-0.016854724452692996,6.217221835937912,2.346623704335665,0.00938732408179904,0.0,1.506285295297102,-0.06947115175145152,2.232370870955281,-13.126190966863838,-0.0027109769512525155,-0.0006813234859142907,-0.0047367888378376894,-100.10747501468903,18.606982770052856,2000.0,0.4,0.0,0.0,0.01723438424360342,0.33539310767861463,1.0,-0.0004943936119125197,0.003215857844319203
4.7,6.242300062042569,-0.018002503727303807,6.242326021181296,2.346764842740646,0.00785734244017595,0.0,1.5061715544664784,0.014528937152259253,2.159825743761607,-13.051836087290964,-0.0028839456031517236,-0.0012061401069547973,-0.004659546004225055,-68.64577288693661,88.87218598360943,2000.0,0.4,0.0,0.0,0.011817926652939681,0.33571087886776657,1.0,0.00010339563307737112,0.0032156150122717004
4.716666666666667,6.267399760065616,-0.01770259512372608,6.267424760964,2.346876288267636,0.005949468480097272,0.0,1.5060602685005549,0.08510599945594328,2.08698115141727,-12.977188910682496,-0.0028245442646086414,-0.001573341912698801,-0.004252195741754493,-36.86692100633684,142.38165717386647,2000.0,0.4,0.0,0.0,0.0063469141022964954,0.33623003954668523,1.0,0.000605659491827406,0.003215377421260492
4.733333333333333,6.292498321313346,-0.016185570092977573,6.292519137548213,2.346953783085306,0.0038587902246756357,0.0,1.5059517519608647,0.13910493839044985,2.013823909968366,-12.902262421560549,-0.002572195266631309,-0.001779666486437865,-0.003594669324001572,-7.009480664699958,177.58635617858948,2000.0,0.4,0.0,0.0,0.0012067294146486359,0.3367020308461972,1.0,0.000989944620060025,0.0032151457428616585
4.75,6.317595775839889,-0.013736460576345175,6.317610709537204,2.346996199123848,0.0017669945447340166,0.0,1.5058453698972791,0.17504428238191946,1.9403442112262572,-12.827066293167231,-0.0021743143146074643,-0.0018336302218631905,-0.002773290938229687,19.12102069414263,194.53835401563558,2000.0,0.4,0.0,0.0,0.0032918002182391205,0.33696660499346986,1.0,0.0012457080792477866,0.003214918621482498
4.766666666666667,6.3426919859149535,-0.010666280516835241,6.342700954461738,2.3470051855893024,-0.0001695784837928642,0.0,1.5057399604705466,0.19297508425863388,1.8665358383920994,-12.751606672544082,-0.0016816630045738406,-0.0017532870849245857,-0.0018733774192915362,40.22462227252624,194.64334497478595,2000.0,0.4,0.0,0.0,0.0069248876855859,0.33696954847562605,1.0,0.0013733131884308427,0.0032146935766434615
4.783333333333333,6.367786720906898,-0.0072857945626233385,6.367790888978739,2.3469846555535994,-0.0018281973939457369,0.0,1.5056342866677779,0.19425134958329457,1.7923960891222723,-12.67588625446728,-0.001144163852001785,-0.001563607578794555,-0.0009730661978221965,55.53260613317123,180.35330626148374,2000.0,0.4,0.0,0.0,0.009560204371978272,0.33674711387871104,1.0,0.0013823957703041814,0.0032144679673723406
4.8,6.392879737788566,-0.0038830660422192365,6.392880917084995,2.346940174220207,-0.0031242287224755795,0.0,1.5055273883647184,0.18124206268151405,1.7179254546351648,-12.599904596466956,-0.0006074047571591423,-0.0012937207962551982,-0.00013862549984948978,64.79078464673164,154.83122665921056,2000.0,0.4,0.0,0.0,0.01115400170324528,0.3363909845185477,1.0,0.001289814775493726,0.003214239743842899
4.816666666666666,6.417970844163433,-0.0007058465488839886,6.417970882977831,2.346878309513374,-0.00401210940479646,0.0,1.5054187665925327,0.15701193149367618,1.6431271135049932,-12.52365861686199,-0.00010997970591904892,-0.000974239342153319,0.0005786437610051424,68.20751530851825,121.61400524846309,2000.0,0.4,0.0,0.0,0.011742160611440363,0.3360082075449477,1.0,0.0011173802933661272,0.0032140078407769676
4.833333333333333,6.443059931532557,0.0020505978819726034,6.443060257848904,2.3468059990731067,-0.004483252437755624,0.0,1.505308395377109,0.12499643843291808,1.5680063036366534,-12.44714321280323,0.0003182645877155794,-0.0006348564063039517,0.0011439346665137013,66.37526920642459,84.29565135718647,2000.0,0.4,0.0,0.0,0.011426688159720243,0.33568778334087374,1.0,0.0008895410413540476,0.0032137722027208732
4.85,6.468146977755045,0.004250083972700341,6.468148374075497,2.3467299789316804,-0.004561461329747885,0.0,1.5051966036342892,0.08869488677462586,1.4925696358853104,-12.370351935405887,0.0006570789710956117,-0.00030235171660388405,0.0015390071488478546,60.17519472390047,46.25003536690084,2000.0,0.4,0.0,0.0,0.010359286712322363,0.3354809837990233,1.0,0.0006311999200410989,0.0032135335318965617
4.866666666666666,6.493232026190944,0.0058168177191315175,6.493234631623913,2.34665630843188,-0.004296531805059678,0.0,1.5050838932698811,0.05140199631422679,1.416824408271676,-12.293277663698307,0.0008958275539294668,9.067199633547581e-07,0.0017610118537893162,50.673933811167416,10.408807012031163,2000.0,0.4,0.0,0.0,0.008723589503960977,0.33539717444669037,1.0,0.0003658039053134545,0.0032132928998525193
4.883333333333333,6.518315153277727,0.00673206088105131,6.518318629684632,2.346590013953591,-0.0037567805047430776,0.0,1.5049707594445936,0.01599358107474175,1.3407779714184476,-12.215913227560947,0.0010327911936053782,0.0002579261117149386,0.001820337201336985,39.02119926839598,-20.89524141523449,2000.0,0.4,0.0,0.0,0.006717527584997499,0.33541225718861317,1.0,0.00011381881710046761,0.003213051363736722
4.9,6.543396436255692,0.007027079438964154,6.543400209512568,2.346534861468305,-0.003021244264450616,0.0,1.5048575608471397,-0.015224515440336983,1.2644371847237312,-12.138251940975941,0.0010739188441312771,0.000457519427161059,0.0017377950953900371,26.355477195307756,-46.01577542969566,2000.0,0.4,0.0,0.0,0.004537096034869427,0.3354840366835843,1.0,-0.000108345737596165,0.003212809689334984
4.916666666666667,6.568475929578305,0.006773448549690886,6.568479421986099,2.3464932572667387,-0.00217212779205922,0.0,1.5047444613540062,-0.04060174390139873,1.187807990135295,-12.060288019477376,0.0010312051412510645,0.0005942606289966778,0.0015414488710855196,13.723607955426072,-64.0144659968815,2000.0,0.4,0.0,0.0,0.002362509884580811,0.33556835377577277,1.0,-0.0002889435731420737,0.003212568226516939
4.933333333333334,6.593553653922294,0.006071827408904363,6.5935564496135255,2.34646626611144,-0.0012881353611444595,0.0,1.5046314398074287,-0.059166237841147565,1.110895117525394,-11.982016868361821,0.0009208730240595969,0.0006680281730607047,0.001263389296064158,2.018182229324198,-74.62482649535643,2000.0,0.4,0.0,0.0,0.0003474273101029845,0.33563130945936076,1.0,-0.0004210583715988121,0.0032123269301116207
4.95,6.618629597273484,0.00504027066068676,6.618631516426405,2.3464537275693407,-0.00043907847113700883,0.0,1.504518346501487,-0.07059397512910597,1.0337019236964773,-11.903435239918117,0.0007615276867038605,0.000683222391824596,0.0009367215223859674,-8.064939584022625,-78.17050395876893,2000.0,0.4,0.0,0.0,0.0013883627052511927,0.33565532789701147,1.0,-0.0005023842193981195,0.0032120854805029794
4.966666666666667,6.643703724483542,0.0038030110592268533,6.643704812949594,2.3464544469818467,0.0003180369791164616,0.0,1.504404978433771,-0.07513457072422815,0.9562303567552543,-11.824541267934693,0.0005724232749627849,0.0006477678822482738,0.0005929518171921261,-16.04859848304633,-75.45165494786501,2000.0,0.4,0.0,0.0,0.0027627219187542316,0.3356391540751167,1.0,-0.0005346975091581332,0.0032118434442891235
4.983333333333333,6.668775990424008,0.0024804687067600216,6.66877645173241,2.346466435595757,0.0009413817532226312,0.0,1.5042911480485672,-0.07350589921271622,0.8784810295183904,-11.745334395551545,0.0003719526035860148,0.0005720089678597286,0.00025990379281609546,-21.677084621774792,-67.61301096619916,2000.0,0.4,0.0,0.0,0.0037316350974972616,0.33559349706226904,1.0,-0.0005231070176966384,0.003211600421046234
5.0,6.6938463522464,0.001181037989851778,6.6938464564354305,2.3464871744672435,0.0014051758010455296,0.0,1.5041767289207102,-0.06677005636582622,0.8004533799956379,-11.665815217942717,0.00017643637386452333,0.00046759452404020397,-3.976305617773697e-05,-24.90223849616618,-56.0062605278693,2000.0,0.4,0.0,0.0,0.00428681666219735,0.33553470631411386,1.0,-0.0004751711825997419,0.0032113561408617245
5.016666666666667,6.71891477773299,-5.008220417412001e-06,6.718914777734857,2.346513878710532,0.0016992238191723655,0.0,1.5040616725331621,-0.05620255947186302,0.7221458938557814,-11.585985264342927,-7.45391269734319e-07,0.00034643574376821534,-0.00028941663169361313,-25.856348590114962,-42.05780741699939,2000.0,0.4,0.0,0.0,0.004451044457247119,0.3354787191074731,1.0,-0.00039996726231679306,0.0032111105001536924
5.033333333333333,6.743981248596969,-0.0010093639896342867,6.743981324132148,2.346543742202732,0.0018273506738231103,0.0,1.5039459996829674,-0.04316548344922513,0.6435563629714706,-11.50584674471535,-0.00014966885951935797,0.00021980328687137106,-0.0004787307660834951,-24.815786831929792,-27.15092678813378,2000.0,0.4,0.0,0.0,0.004271899175000459,0.3354368215533646,1.0,-0.0003071885053635462,0.0032108635433229812
5.05,6.769045759250215,-0.0017873387836677274,6.76904599521995,2.3465741473059127,0.0018050189525179161,0.0,1.5038297758485244,-0.028993407449711274,0.5646821553840372,-11.425402285159159,-0.00026404589445821856,9.760921173536769e-05,-0.0006034501628082874,-22.159435132499542,-12.529004704617693,2000.0,0.4,0.0,0.0,0.0038146072250902765,0.335413854012526,1.0,-0.00020633248577766117,0.0032106154101633087
5.066666666666666,6.794108312617642,-0.0023175183082030253,6.794108707878558,2.346602829115396,0.0016564309604054945,0.0,1.5037130815485116,-0.014898810570007753,0.48552047493761,-11.344654673343431,-0.0003411070462351726,-1.2101566269657023e-05,-0.0006647403411422991,-18.325745740548864,0.7759744593849378,2000.0,0.4,0.0,0.0,0.003154648586876396,0.33540865995955244,1.0,-0.0001060278487574183,0.003210366272578779
5.083333333333333,6.819168914921796,-0.002599764585745678,6.819169410493599,2.346627988773377,0.001411414299546099,0.0,1.503595986992177,-0.001901089381789161,0.4060685929382197,-11.26360663126885,-0.00038124359320402266,-0.00010344466447508865,-0.0006682373795045626,-13.771815832638497,11.988063069208955,2000.0,0.4,0.0,0.0,0.002370711579032273,0.3354160269006518,1.0,-1.352916170720668e-05,0.00321011628046328
5.1,6.844227571097275,-0.002651957440082899,6.844228084878993,2.34664835508561,0.001102356620630978,0.0,1.5034785365589054,0.009219042635397922,0.32632403900318,-11.182260627973436,-0.00038747357241072016,-0.0001727857798991116,-0.00062291692670809,-8.937216417679073,20.605818963482534,2000.0,0.4,0.0,0.0,0.0015384662269001088,0.33542917418779367,1.0,6.560760361648475e-05,0.003209865528564995
5.116666666666666,6.869284281862964,-0.0025059114571293357,6.869284738940569,2.346663197560963,0.0007614082910268025,0.0,1.5033607444816206,0.017940296615612812,0.24628474330317943,-11.100618739874175,-0.00036479948174289445,-0.00021865324997731567,-0.0005398941576292071,-4.2145340506465105,26.397226785264206,2000.0,0.4,0.0,0.0,0.0007254933426554792,0.3354419616023195,1.0,0.00012767267878770197,0.0032096140472706357
5.133333333333333,6.894339042752269,-0.0022028978975985997,6.894339394690213,2.3466722973580314,0.0004181373161331195,0.0,1.5032425997251107,0.023999000429066795,0.16594912723232208,-11.01868256169647,-0.0003195226995612156,-0.00024150489115513512,-0.00043125857810622187,0.07218852857822826,29.375135973536295,2000.0,0.4,0.0,0.0,1.2426539973855864e-05,0.335450303673356,1.0,0.00017078963289490212,0.003209361813020475
5.15,6.919391844798854,-0.001789164707375962,6.919392076113279,2.3466758848382034,9.773996713638424e-05,0.0,1.503124076150077,0.027368390745175757,0.08531614384174566,-10.936453166713726,-0.00025857253175312866,-0.0002433894751098396,-0.000309025125879686,3.680681234909577,29.758158639707872,2000.0,0.4,0.0,0.0,0.0006335901249626149,0.3354526369114944,1.0,0.00019476800386367436,0.0032091087700081727
5.166666666666667,6.9444426762242255,-0.0013117864727402876,6.944442800120686,2.346674553554285,-0.00018014546021782865,0.0,1.5030051437645122,0.028223521167996455,0.004385272898494715,-10.853931111543995,-0.00018889729792557667,-0.00022754479301624302,-0.00018426081748937746,6.455617593981788,27.92227637260112,2000.0,0.4,0.0,0.0,0.0011112611825220189,0.3354495859523385,1.0,0.00020085356611125536,0.0032088548542020126
5.183333333333334,6.9694915243955515,-0.0008150998502059845,6.969491572059557,2.3466691607274592,-0.0004020274177861452,0.0,1.5028857777731823,0.026896667034878828,-0.07684352195985601,-10.77111647817527,-0.00011695255581222498,-0.0001979723331011912,-6.642333678159435e-05,8.326571062612704,24.348263024902423,2000.0,0.4,0.0,0.0,0.0014333184423683234,0.3354431473785754,1.0,0.00019141096740927873,0.003208600012665179
5.2,6.994538377460068,-0.00033789673810353095,6.994538385621737,2.3466607237291806,-0.0005605998728219192,0.0,1.502765963660168,0.02382804821034949,-0.1583698648623798,-10.688008944268667,-4.8308654496707304e-05,-0.0001590234815948787,3.707331426861388e-05,9.300013771927354,19.569534292568047,2000.0,0.4,0.0,0.0,0.0016008779734153532,0.3354357471579309,1.0,0.00016957304611398203,0.003208344214406775
5.216666666666667,7.019583225317962,8.853565118950217e-05,7.019583225876298,2.3466503209008716,-0.0006543147142438878,0.0,1.5026456980988576,0.01951628426415989,-0.2401930583154836,-10.6046078720911,1.2612664932225671e-05,-0.00011502608592227515,0.00012107078150166818,9.446868793726372,14.124276838384239,2000.0,0.4,0.0,0.0,0.0016261501946517646,0.3354294587748357,1.0,0.00013888824389999952,0.0032080874523246193
5.233333333333333,7.044626059867334,0.00044151564789270717,7.044626073703133,2.3466390034074,-0.000686593141523038,0.0,1.5025249866512922,0.014472329389338325,-0.322312183105381,-10.520912406563555,6.267410698062294e-05,-6.997263117088147e-05,0.00018267655763304352,8.887230358522748,8.514780146129427,2000.0,0.4,0.0,0.0,0.0015298094407162738,0.33542554337173314,1.0,0.00010299278217210769,0.003207829738293443
5.25,7.069666874665709,0.0007072626116953141,7.069666910043642,2.3466277229406987,-0.0006647919469653293,0.0,1.5024038397923798,0.009179784715379682,-0.40472619864830034,-10.436921573737479,0.0001000418579650885,-2.728324040118502e-05,0.00022110474259381656,7.773829897816915,3.1758914318694043,2000.0,0.4,0.0,0.0,0.0013381477047797973,0.33542434062666787,1.0,6.532822340779856e-05,0.0032075710946767493
5.266666666666667,7.094705664264438,0.000880492296198533,7.094705718901425,2.34661727814271,-0.0005990408657282215,0.0,1.5022822687940303,0.004063548791457244,-0.4874340363107382,-10.352634372358434,0.000124105541983653,1.035099046375301e-05,0.00023738710702847181,6.275675325676346,-1.5464792493294914,2000.0,0.4,0.0,0.0,0.0010802582736995508,0.3354254371757563,1.0,2.8918371346122458e-05,0.003207311545539607
5.283333333333333,7.119742423484078,0.0009634528952218752,7.119742488671933,2.346608280756359,-0.0005010589402390413,0.0,1.5021602825957863,-0.0005321736060226534,-0.57043467993138,-10.268049852858846,0.0001353213124906188,4.1045636053806546e-05,0.00023399745983119445,4.563056373523451,-5.406786833148628,2000.0,0.4,0.0,0.0,0.000785454579170689,0.3354279866605136,1.0,-3.7872300172503273e-06,0.0032070511099675765
5.3,7.144777146836479,0.0009645619156079165,7.144777211945556,2.3466011408810727,-0.0003830406856287632,0.0,1.502037886198536,-0.004356348446647496,-0.65372722964592,-10.183167179959602,0.00013500237865012756,6.372871546780471e-05,0.00021443156421433192,2.794820075169652,-8.261963160925053,2000.0,0.4,0.0,0.0,0.0004810798834536802,0.33543105185869154,1.0,-3.100208919801808e-05,0.0032067897986373505
5.316666666666666,7.169809828200937,0.0008968081057473591,7.169809884287834,2.3465960693928745,-0.0002566846419166975,0.0,1.5019150805599226,-0.007254673918026959,-0.7373109469794378,-10.097985676889941,0.00012508115592452826,7.808595876514301e-05,0.00018278112520018239,1.1085051072009287,-10.065547217996919,2000.0,0.4,0.0,0.0,0.00019080912334257675,0.33543387148210857,1.0,-5.1628112549695266e-05,0.003206527613593459
5.333333333333333,7.19484046076381,0.0007760740782117147,7.1948405026195665,2.3465930945900526,-0.00013241524432557568,0.0,1.501791863578265,-0.009165389522359292,-0.8211852808876686,-10.012504850918607,0.00010786536260728546,8.445917859624245e-05,0.00014333487876601832,-0.3863792812535881,-10.855563588572073,2000.0,0.4,0.0,0.0,6.650791860675246e-05,0.3354360029661021,1.0,-6.522577956899494e-05,0.0032062645503488966
5.35,7.219869037159379,0.0006195162251096037,7.219869063738833,2.3465920895395858,-1.882443759525133e-05,0.0,1.5016682315859702,-0.01010889677690532,-0.905349875893844,-9.926724401324954,8.580712758092883e-05,8.371306713953996e-05,0.00010023182053762408,-1.6119258040019606,-10.738072353532038,2000.0,0.4,0.0,0.0,0.0002774614528728455,0.33543733993607955,1.0,-7.194027828796759e-05,0.0032060006010735027
5.366666666666666,7.244895549715439,0.0004441122552664934,7.244895563327485,2.346592806373909,7.766100118513256e-05,0.0,1.5015441808099743,-0.01017296748293875,-0.9898045646111455,-9.840644212058063,6.1300021741191e-05,7.708550802306304e-05,5.718357507462982e-05,-2.522487962653863,-9.868326636590488,2000.0,0.4,0.0,0.0,0.00043419496850586334,0.33543803671642475,1.0,-7.239623945998013e-05,0.0032057357577119396
5.383333333333333,7.269919990708357,0.0002654564113302087,7.269919995554841,2.346594913879301,0.00015289826852786563,0.0,1.5014197084260652,-0.009495359772380734,-1.074549347728137,-9.75426433210228,3.6514351127867914e-05,6.603523369839519e-05,1.7274875943051116e-05,-3.1028423461979817,-8.431338180726527,2000.0,0.4,0.0,0.0,0.0005340887904258148,0.3354383873035717,1.0,-6.757402311496968e-05,0.0032054700142346276
5.4,7.294942352558128,9.685109490789629e-05,7.294942353201049,2.346598035064222,0.0002049593064301728,0.0,1.5012948130514148,-0.008245559697494513,-1.1595843649642277,-9.667584946987922,1.32764715910665e-05,5.209851784865373e-05,-1.7156164040998758e-05,-3.364392278863946,-6.623402308404556,2000.0,0.4,0.0,0.0,0.0005791065049436108,0.3354387041881847,1.0,-5.867978201468986e-05,0.0032052033676892872
5.416666666666667,7.319962627930345,-5.1286281894507686e-05,7.3199626281100105,2.346601781938337,0.0002339094956481571,0.0,1.5011694947138143,-0.006607152352309697,-1.244909860600269,-9.580606344981582,-7.00635843385026e-06,3.676402999597631e-05,-4.456260863783899e-05,-3.340011640971871,-4.635807479190157,2000.0,0.4,0.0,0.0,0.0005749073382073505,0.3354392289238835,1.0,-4.7020005190088716e-05,0.00320493581813525
5.433333333333334,7.344980809746145,-0.00017170886576744617,7.344980811753226,2.3466057853945004,0.000241475680456859,0.0,1.501043754462153,-0.004762033716777097,-1.3305261470024394,-9.493328881307372,-2.3377714684880175e-05,2.1372097272454565e-05,-6.41675206017735e-05,-3.0781335946719826,-2.6415889519339038,2000.0,0.4,0.0,0.0,0.0005298285855472823,0.3354400884175848,1.0,-3.3889161039243e-05,0.0032046673678118526
5.45,7.369996891124919,-0.00026034757494341354,7.369996895723351,2.346609718796536,0.000230646420034287,0.0,1.5009175938275943,-0.002877337769611298,-1.4164335691463055,-9.405752943347713,-3.5325330346968616e-05,7.041752863604523e-06,-7.588979177270884e-05,-2.6366479106219103,-0.7858154260432464,2000.0,0.4,0.0,0.0,0.00045383512274782827,0.33544129465901984,1.0,-2.0476663719350535e-05,0.0032043980199880657
5.466666666666667,7.395010865294634,-0.0003160850407072684,7.3950108720498475,2.346613314573902,0.0002052453713668493,0.0,1.5007910143211718,-0.001095605863476435,-1.5026324725801004,-9.317878919215948,-4.274301231904718e-05,-5.373687395461584e-06,-8.023150557523685e-05,-2.077093482831439,0.8204491575993442,2000.0,0.4,0.0,0.0,0.0003575197544763877,0.3354427748395497,1.0,-7.796913199518564e-06,0.0032041277778898855
5.483333333333333,7.420022725502617,-0.00034035125658189665,7.420022733308454,2.3466163737600962,0.000169513990636466,0.0,1.500664017088027,0.00047160478778581556,-1.5891231766103024,-9.229707171450313,-4.586930107011809e-05,-1.530402294532053e-05,-7.814175261308233e-05,-1.4595312524868083,2.1026667744277994,2000.0,0.4,0.0,0.0,0.00025122070444670114,0.3354444147430003,1.0,3.3561901386469394e-06,0.003203856643962143
5.5,7.445032464949601,-0.00033660006440371207,7.445032472558675,2.3466187689446087,0.0001277327955314454,0.0,1.5005366027611209,0.001746766735083634,-1.675905953812262,-9.141238016911718,-4.5211362846172126e-05,-2.2455835701281276e-05,-7.087098567657701e-05,-0.8383685634624425,3.022225810516859,2000.0,0.4,0.0,0.0,0.0001443028932697021,0.3354460999810565,1.0,1.2430919792669097e-05,0.0032035846195561826
5.516666666666667,7.470040076756949,-0.0003097246456663019,7.4700400831778895,2.346620441518087,8.390299688199107e-05,0.0,1.500408771492131,0.0026864118773223524,-1.762981016319044,-9.052471713330675,-4.146224682950853e-05,-2.678690693452352e-05,-5.9828307111518586e-05,-0.2592897564067987,3.573285459889413,2000.0,0.4,0.0,0.0,4.462964480132976e-05,0.3354477448995113,1.0,1.9117933669299505e-05,0.003203311704995831
5.533333333333333,7.495045553965349,-0.00026546508104740115,7.495045558666569,2.3466213943693113,4.150206033106643e-05,0.0,1.5002805230976102,0.0032786443088236848,-1.85034850876643,-8.963408452384282,-3.5418741490629895e-05,-2.846651845737072e-05,-4.6451754492600287e-05,0.24266020060168533,3.777726927687334,2000.0,0.4,0.0,0.0,4.176712994550174e-05,0.33544930532302597,1.0,2.333257418582959e-05,0.003203037899889435
5.55,7.520048889555656,-0.00020985279868537444,7.520048892483708,2.3466216813343275,3.318830810852043e-06,0.0,1.5001518572472505,0.0035387416069571722,-1.9380085073016942,-8.87404835872253,-2.7905775841744715e-05,-2.7826991828545364e-05,-3.2098899708494484e-05,0.643886754075632,3.6789050999305397,2000.0,0.4,0.0,0.0,0.00011082648931948345,0.3354507767230772,1.0,2.5183564696724862e-05,0.003202763203531801
5.566666666666666,7.545050076479676,-0.00014872652123200993,7.545050077945509,2.346621394719226,-2.8633011819064565e-05,0.0,1.5000227736324665,0.0035034912423067546,-2.0259610237160426,-8.784391494021738,-1.9711800412879305e-05,-2.531154987754437e-05,-1.796230492921897e-05,0.9320744424713292,3.3348674108792475,2000.0,0.4,0.0,0.0,0.00016042892838756678,0.33545218273510885,1.0,2.4932704380444168e-05,0.003202487615264112
5.583333333333333,7.570049107689878,-8.734324236327719e-05,7.5700491081937615,2.3466206521372115,-5.3130001510579694e-05,0.0,1.4998932720775908,0.003224894869598996,-2.1142060135409304,-8.694437864927295,-1.1538002081211795e-05,-2.142298537039542e-05,-5.01174402305976e-06,1.1052095621441254,2.8116339320388293,2000.0,0.4,0.0,0.0,0.00019022811639539308,0.3354535599700278,1.0,2.2950064630041044e-05,0.003202211134711326
5.6,7.5950459761606615,-3.0096795019459314e-05,7.595045976220294,2.3466195837413135,-6.969345491866965e-05,0.0,1.4997633525825003,0.00276381372751029,-2.202743386851738,-8.60418743365274,-3.962687666904142e-06,-1.6676788809140196e-05,6.037219284904415e-06,1.1700042284378076,2.1770275888643056,2000.0,0.4,0.0,0.0,0.00020137960738652444,0.33545494420724237,1.0,1.966876634327092e-05,0.003201933761873178
5.616666666666666,7.62004067489828,1.965348704237752e-05,7.620040674923625,2.3466183207208164,-7.849722562090507e-05,0.0,1.4996330153068038,0.0021840360252859082,-2.291573020534939,-8.513640130014714,2.579184007124253e-06,-1.1561431300479797e-05,1.473059507695958e-05,1.139939492859181,1.4954191657779259,2000.0,0.4,0.0,0.0,0.00019620399073430017,0.3354563611265902,1.0,1.5542760294968084e-05,0.0032016554970904277
5.633333333333333,7.645033196940355,5.96500615705547e-05,7.645033197173064,2.3466169856879366,-8.024345673662877e-05,0.0,1.4995022605177837,0.0015471342042858234,-2.380694770877568,-8.42279586378399,7.80245945736599e-06,-6.507499047459206e-06,2.0862951503332787e-05,1.03313724847256,0.8236211760458472,2000.0,0.4,0.0,0.0,0.00017782058230040286,0.33545782257486606,1.0,1.1010228678903235e-05,0.0032013763409337115
5.65,7.670023535348292,8.871312250131217e-05,7.67002353586133,2.3466156853344717,-7.602098993829734e-05,0.0,1.4993710885268159,0.0009083585050961929,-2.4701084855075135,-8.331654536399457,1.1566212553131079e-05,-1.8664236173598565e-06,2.4448562035627952e-05,0.8702481928042987,0.20803876563852883,2000.0,0.4,0.0,0.0,0.0001497838893882828,0.33545932761035957,1.0,6.4643615504270155e-06,0.0032010962940678053
5.666666666666667,7.695011683196742,0.00010664247339464456,7.695011683935702,2.346614505505386,-6.715986119305824e-05,0.0,1.4992394996343095,0.00031369398083818604,-2.5598140139259264,-8.240216051300683,1.3858649964195338e-05,2.101290587581095e-06,2.5681630230138537e-05,0.6725102915648914,-0.31692666223790483,2000.0,0.4,0.0,0.0,0.00011574943160030079,0.3354608665596186,1.0,2.2324129701587554e-06,0.00320081535713407
5.683333333333334,7.7199976335636995,0.00011406512106911133,7.719997634406371,2.346613508632675,-5.509329198972713e-05,0.0,1.4991074940947253,-0.0002019003391905796,-2.649811216105614,-8.148480322362998,1.4775279277923328e-05,5.229128132406332e-06,2.4890446795378795e-05,0.46009325685854036,-0.7293182491595996,2000.0,0.4,0.0,0.0,7.918879834132892e-05,0.3354624260881875,1.0,-1.4368300427192486e-06,0.0032005335306757683
5.7,7.744981379523573,0.00011224899554862759,7.744981380336992,2.3466127333088487,-4.123602794283208e-05,0.0,1.498975072104439,-0.0006151426670413233,-2.7400999688609757,-8.056447280146257,1.4493126586144638e-05,7.4402135307919285e-06,2.248991744538087e-05,0.25080348095148075,-1.0190755366247164,2000.0,0.4,0.0,0.0,4.316675378299602e-05,0.3354639936495728,1.0,-4.377681920232537e-06,0.003200250815112155
5.716666666666667,7.76996291414404,0.00010290219696948692,7.769962914825437,2.346612195660044,-2.6885167237540826e-05,0.0,1.4988422338084006,-0.0009141128410867076,-2.830680169908766,-7.964116875878255,1.3243589203772513e-05,8.737169700181187e-06,1.8936234769244165e-05,0.059184165959019014,-1.1867089144689855,2000.0,0.4,0.0,0.0,1.0186366585404988e-05,0.3354655603525432,1.0,-6.505312461456778e-06,0.0031999672107526915
5.733333333333333,7.7949422304863045,8.797490242287987e-05,7.794942230982754,2.346611892105133,-1.3146864375737069e-05,0.0,1.4987089793179804,-0.0010971597993948228,-2.9215517397218473,-7.871489083273034,1.1286151945433473e-05,9.187947214208214e-06,1.4686636915948918e-05,-0.10399007043538891,-1.2414295264264297,2000.0,0.4,0.0,0.0,1.789796172217337e-05,0.33546712200046536,1.0,-7.8079718328074e-06,0.0031996827178351504
5.75,7.819919321607608,6.94779156419996e-05,7.819919321916254,2.346611803057526,-8.897742360196805e-07,0.0,1.4985753087318732,-0.0011712470735220082,-3.0127146214219405,-7.778563898425479,8.884735606951027e-06,8.909379420539841e-06,1.0166289733661263e-05,-0.23185424902539,-1.1989675149160235,2000.0,0.4,0.0,0.0,3.9904758636842206e-05,0.3354686786089625,1.0,-8.335216223162953e-06,0.00319939733657024
5.766666666666667,7.84489418056463,4.9328201280530674e-05,7.844894180719717,2.3466118971347147,9.276031109901231e-06,0.0,1.4984412221537227,-0.0011499556870731872,-3.10416877905815,-7.6853413381224165,6.2879371148292784e-06,8.050076156796333e-06,5.743438356132714e-06,-0.32128195919380514,-1.079294022737394,2000.0,0.4,0.0,0.0,5.529602190690069e-05,0.3354702330061231,1.0,-8.183695409362166e-06,0.003199111067179236
5.783333333333333,7.8698668004166334,2.9227970442213252e-05,7.869866800470908,2.346612135479674,1.6997600807323336e-05,0.0,1.498306719702987,-0.0010513511249943086,-3.195914194675829,-7.591821436967063,3.7139091655949668e-06,6.774031421660171e-06,1.7131584381523191e-06,-0.3724687120165182,-0.9044318094036228,2000.0,0.4,0.0,0.0,6.410549525929839e-05,0.3354717891656519,1.0,-7.48197297683879e-06,0.003198823909917176
5.8,7.894837174227628,1.058028021554192e-05,7.894837174234717,2.346612475859745,2.2159182870593826e-05,0.0,1.4981718015184031,-0.0008958950469940166,-3.287950864598234,-7.498004243731254,1.340151795666474e-06,5.246022987650822e-06,-1.7106563269698408e-06,-0.38834309450466237,-0.6965002984931803,2000.0,0.4,0.0,0.0,6.683730909792117e-05,0.3354733507857434,1.0,-6.3756649632435955e-06,0.0031985358650802585
5.816666666666666,7.919805295067306,-5.559084694286541e-06,7.919805295069257,2.346612876284065,2.48485702964271e-05,0.0,1.4980364677555296,-0.0007045474944378751,-3.3802787953271523,-7.4038898173338845,-7.019218891338142e-07,3.619557458702023e-06,-4.39597532190546e-06,-0.3738792346762211,-0.47609777074104326,2000.0,0.4,0.0,0.0,6.434763881000278e-05,0.3354749203995411,1.0,-5.013934154787912e-06,0.0031982469330005944
5.833333333333333,7.944771156010915,-1.8496298649807352e-05,7.944771156032445,2.346613297961831,2.5314621275642987e-05,0.0,1.4979007185808864,-0.000497165639836967,-3.472897999425369,-7.309478222801519,-2.3281096820239896e-06,2.027791042070554e-06,-6.287261214116138e-06,-0.3353786626799884,-0.26108024013258196,2000.0,0.4,0.0,0.0,5.772109924924002e-05,0.3354764990744988,1.0,-3.538094737182205e-06,0.003197957114033696
5.85,7.969734750138425,-2.7885548916463764e-05,7.96973475018721,2.3466137075036215,2.39206388138926e-05,0.0,1.4977645541652929,-0.00029126449731966674,-3.565808491681467,-7.214769527505956,-3.4989306157103446e-06,5.775590324056532e-07,-7.395542037038609e-06,-0.279780053684594,-0.06575656837592471,2000.0,0.4,0.0,0.0,4.815194137804107e-05,0.3354780865878206,1.0,-2.0727928531679443e-06,0.0031976664085442575
5.866666666666666,7.994696070533438,-3.369250673853707e-05,7.9946960706044345,2.346614078340895,2.1097764898625756e-05,0.0,1.497627974678358,-0.00010116667131512082,-3.6590102857840257,-7.119763797901503,-4.214357424107744e-06,-6.536067549493302e-07,-7.785480796498569e-06,-0.21404302231175806,0.09951496651182017,2000.0,0.4,0.0,0.0,3.6837997019850245e-05,0.3354796818788963,1.0,-7.199557625817574e-07,0.0031973748168943866
5.883333333333333,8.01965511028219,-3.614184984330417e-05,8.01965511036363,2.3466143914005064,1.730179971048555e-05,0.0,1.4974909802851697,6.246534986953569e-05,-3.7525033916551322,-7.024461096909027,-4.5066588707438504e-06,-1.617792333264684e-06,-7.5609344085584185e-06,-0.1446385162883401,0.22837054740045065,2000.0,0.4,0.0,0.0,2.4892972930748063e-05,0.33548128357268164,1.0,4.4453660494744473e-07,0.0031970823394365387
5.9,8.044611862472879,-3.5655462015172475e-05,8.044611862551895,2.3466146351189883,1.2975988595022776e-05,0.0,1.4973535711453057,0.00019274797267871064,-3.8462878135186624,-6.928861482020813,-4.432216572345439e-06,-2.2948070472803936e-06,-6.850330671543261e-06,-0.07716468611047998,0.3181861766550716,2000.0,0.4,0.0,0.0,1.3280342362456407e-05,0.33548289041647805,1.0,1.3716969418094088e-06,0.0031967889765114055
5.916666666666667,8.069566320195367,-3.2787440119303134e-05,8.069566320261977,2.3466148049143727,8.521425402757796e-06,0.0,1.49721574741368,0.000286399770467842,-3.940363548712008,-6.832965004134764,-4.063098166386829e-06,-2.6886190047167337e-06,-5.792961279195951e-06,-0.016094433435615257,0.369596699833725,2000.0,0.4,0.0,0.0,2.769900906041655e-06,0.3354845015460122,1.0,2.0381728732394956e-06,0.003196494728449723
5.933333333333334,8.094518476541236,-2.816118086076685e-05,8.094518476590222,2.346614902251784,4.275859697391346e-06,0.0,1.4970775092424056,0.0003433349301868385,-4.034730587194435,-6.736771707072006,-3.4790433726561116e-06,-2.822684472322558e-06,-4.527019252826898e-06,0.03535004636994388,0.3858644475709134,2000.0,0.4,0.0,0.0,6.083820371634999e-06,0.3354861165679701,1.0,2.4433537079980438e-06,0.003196199595576246
5.95,8.11946832460403,-2.241272637978121e-05,8.119468324634964,2.3466149334440263,5.009325468739214e-07,0.0,1.496938856782868,0.00036609775852815946,-4.129388911663069,-6.640281627690605,-2.760368719194099e-06,-2.734714389244974e-06,-3.179927689034135e-06,0.07520902335994738,0.3721708663850531,2000.0,0.4,0.0,0.0,1.2943573473427574e-05,0.3354877354974727,1.0,2.605346083786965e-06,0.0031959035782141766
5.966666666666667,8.144415857479622,-1.6143343048380502e-05,8.144415857495622,2.3466149083220986,-2.6227593362341135e-06,0.0,1.49679979018742,0.000359208118678173,-4.224338498159417,-6.543494796480505,-1.982136390240158e-06,-2.471363321107928e-06,-1.8612374654061495e-06,0.10270267040851566,0.334896928122311,2000.0,0.4,0.0,0.0,1.767517909440426e-05,0.335489358613628,1.0,2.556315747534622e-06,0.003195606676688781
5.983333333333333,8.169361068266502,-9.88310091341958e-06,8.16936106827248,2.3466148388955115,-4.993837581826188e-06,0.0,1.4966603096103837,0.0003284816479934602,-4.31957931703482,-6.4464112385106,-1.2097764844554611e-06,-2.083242923368161e-06,-6.58131865117221e-07,0.1180770984391493,0.28094700452275767,2000.0,0.4,0.0,0.0,2.0321024334052074e-05,0.3354909862966194,1.0,2.337649863348789e-06,0.003195308891329532
