t,vx,vy,speed,yaw,yaw_rate,steering_angle,ax,ay,pos_x,pos_y,sideslip,alpha_f,alpha_r,fy_f,fy_r,f_long,throttle,brake,steer_cmd,util_f,util_r,mu_surface,roll,pitch
0.0,19.801814242654867,0.0,19.801814242654867,0.0,0.0,0.0,1.4022792791696779,0.0,50.32332070898379,0.0,0.0,0.0,0.0,-0.0,-0.0,2020.6131422828767,0.4444444444444444,0.0,0.0,0.0,0.34006050687048917,1.0,0.0,0.002993809229847537
0.016666666666666666,19.825161576646956,0.0,19.825161576646956,0.0,0.0,0.0,1.399977506731019,0.0,50.65359419768683,0.0,0.0,0.0,0.0,-0.0,-0.0,2018.2318653681932,0.4444444444444444,0.0,0.0,0.0,0.3396871019285045,1.0,0.0,0.002988895039304875
0.03333333333333333,19.848470631815516,0.0,19.848470631815516,0.0,0.0,0.0,1.3976837967799909,0.0,50.98425640971049,0.0,0.0,0.0,0.0,-0.0,-0.0,2015.8600867185603,0.4444444444444444,0.0,0.0,0.0,0.3393151398236015,1.0,0.0,0.002983998061845401
0.05,19.87174154200747,0.0,19.87174154200747,0.0,0.0,0.0,1.3953980986975947,0.0,51.31530670846973,0.0,0.0,0.0,0.0,-0.0,-0.0,2013.4977455771896,0.4444444444444444,0.0,0.0,0.0,0.33894461159187167,1.0,0.0,0.0029791181893996112
0.06666666666666667,19.89497444023081,0.0,19.89497444023081,0.0,0.0,0.0,1.3931203623165935,0.0,51.646744459601514,0.0,0.0,0.0,0.0,-0.0,-0.0,2011.1447817295252,0.4444444444444444,0.0,0.0,0.0,0.33857550834740663,1.0,0.0,0.0029742553148624945
0.08333333333333333,19.91816945866205,0.0,19.91816945866205,0.0,0.0,0.0,1.390850537916342,0.0,51.97856903095096,0.0,0.0,0.0,0.0,-0.0,-0.0,2008.8011354970406,0.4444444444444444,0.0,0.0,0.0,0.3382078212814252,1.0,0.0,0.0029694093320824953
0.1,19.94132672865364,0.0,19.94132672865364,0.0,0.0,0.0,1.3885885762176857,0.0,52.310779792557504,0.0,0.0,0.0,0.0,-0.0,-0.0,2006.4667477311161,0.4444444444444444,0.0,0.0,0.0,0.33784154166141245,1.0,0.0,0.002964580135850623
0.11666666666666667,19.96444638074126,0.0,19.96444638074126,0.0,0.0,0.0,1.3863344283779298,0.0,52.643376116641306,0.0,0.0,0.0,0.0,-0.0,-0.0,2004.1415598070048,0.4444444444444444,0.0,0.0,0.0,0.3374766608302702,1.0,0.0,0.0029597676218897106
0.13333333333333333,19.987528544651056,0.0,19.987528544651056,0.0,0.0,0.0,1.3840880459858795,0.0,52.976357377589665,0.0,0.0,0.0,0.0,-0.0,-0.0,2001.8255136178789,0.4444444444444444,0.0,0.0,0.0,0.33711317020547876,1.0,0.0,0.002954971686843826
0.15,20.010573349306764,0.0,20.010573349306764,0.0,0.0,0.0,1.3818493810569514,0.0,53.309722951943606,0.0,0.0,0.0,0.0,-0.0,-0.0,1999.518551568966,0.4444444444444444,0.0,0.0,0.0,0.33675106127827126,1.0,0.0,0.002950192228267836
0.16666666666666666,20.033580922836773,0.0,20.033580922836773,0.0,0.0,0.0,1.3796183860283482,0.0,53.643472218384595,0.0,0.0,0.0,0.0,-0.0,-0.0,1997.2206165717562,0.4444444444444444,0.0,0.0,0.0,0.3363903256128179,1.0,0.0,0.002945429144617102
0.18333333333333332,20.056551392581124,0.0,20.056551392581124,0.0,0.0,0.0,1.377395013754302,0.0,53.97760455772135,0.0,0.0,0.0,0.0,-0.0,-0.0,1994.931652038299,0.4444444444444444,0.0,0.0,0.0,0.336030954845422,1.0,0.0,0.0029406823352373275
0.2,20.079484885098374,0.0,20.079484885098374,0.0,0.0,0.0,1.3751792175013835,0.0,54.31211935287678,0.0,0.0,0.0,0.0,-0.0,-0.0,1992.6516018755706,0.4444444444444444,0.0,0.0,0.0,0.33567294068372633,1.0,0.0,0.00293595170035454
0.21666666666666667,20.102381526172458,0.0,20.102381526172458,0.0,0.0,0.0,1.3729709509438734,0.0,54.64701598887501,0.0,0.0,0.0,0.0,-0.0,-0.0,1990.3804104799224,0.4444444444444444,0.0,0.0,0.0,0.33531627490593047,1.0,0.0,0.0029312371410652152
0.23333333333333334,20.12524144081942,0.0,20.12524144081942,0.0,0.0,0.0,1.3707701681592004,0.0,54.98229385282859,0.0,0.0,0.0,0.0,-0.0,-0.0,1988.1180227316058,0.4444444444444444,0.0,0.0,0.0,0.33496094936001863,1.0,0.0,0.0029265385593265298
0.25,20.148064753294083,0.0,20.148064753294083,0.0,0.0,0.0,1.368576823623437,0.0,55.31795233392568,0.0,0.0,0.0,0.0,-0.0,-0.0,1985.8643839893693,0.4444444444444444,0.0,0.0,0.0,0.3346069559629978,1.0,0.0,0.0029218558579467506
0.26666666666666666,20.17085158709665,0.0,20.17085158709665,0.0,0.0,0.0,1.3663908722068618,0.0,55.65399082341754,0.0,0.0,0.0,0.0,-0.0,-0.0,1983.6194400851311,0.4444444444444444,0.0,0.0,0.0,0.3342542867001456,1.0,0.0,0.0029171889405757573
0.2833333333333333,20.193602064979224,0.0,20.193602064979224,0.0,0.0,0.0,1.364212269169578,0.0,55.99040871460592,0.0,0.0,0.0,0.0,-0.0,-0.0,1981.383137318724,0.4444444444444444,0.0,0.0,0.0,0.33390293362426904,1.0,0.0,0.002912537711695689
0.3,20.216316308952273,0.0,20.216316308952273,0.0,0.0,0.0,1.3620409701571916,0.0,56.327205402830735,0.0,0.0,0.0,0.0,-0.0,-0.0,1979.1554224527094,0.4444444444444444,0.0,0.0,0.0,0.33355288885497236,1.0,0.0,0.0029079020766117213
0.31666666666666665,20.238994440291002,0.0,20.238994440291002,0.0,0.0,0.0,1.3598769311965517,0.0,56.664380285457725,0.0,0.0,0.0,0.0,-0.0,-0.0,1976.936242707264,0.4444444444444444,0.0,0.0,0.0,0.3332041445779346,1.0,0.0,0.002903281941442962
0.3333333333333333,20.26163657954165,0.0,20.26163657954165,0.0,0.0,0.0,1.3577201086915431,0.0,57.001932761866286,0.0,0.0,0.0,0.0,-0.0,-0.0,1974.725545755134,0.4444444444444444,0.0,0.0,0.0,0.3328566930441975,1.0,0.0,0.002898677213113481
0.35,20.28424284652776,0.0,20.28424284652776,0.0,0.0,0.0,1.355570459418939,0.0,57.33986223343738,0.0,0.0,0.0,0.0,-0.0,-0.0,1972.5232797166573,0.4444444444444444,0.0,0.0,0.0,0.3325105265694618,1.0,0.0,0.0028940877993434448
0.36666666666666664,20.306813360356326,0.0,20.306813360356326,0.0,0.0,0.0,1.3534279405243077,0.0,57.67816810354156,0.0,0.0,0.0,0.0,-0.0,-0.0,1970.3293931548517,0.4444444444444444,0.0,0.0,0.0,0.332165637533393,1.0,0.0,0.002889513608640386
0.3833333333333333,20.329348239423908,0.0,20.329348239423908,0.0,0.0,0.0,1.3512925095179749,0.0,58.01684977752709,0.0,0.0,0.0,0.0,-0.0,-0.0,1968.1438350705712,0.4444444444444444,0.0,0.0,0.0,0.331822018378937,1.0,0.0,0.0028849545502905778
0.4,20.351847601422666,0.0,20.351847601422666,0.0,0.0,0.0,1.3491641242710397,0.0,58.355906662708165,0.0,0.0,0.0,0.0,-0.0,-0.0,1965.9665548977246,0.4444444444444444,0.0,0.0,0.0,0.3314796616116439,1.0,0.0,0.00288041053435053
0.4166666666666667,20.37431156334634,0.0,20.37431156334634,0.0,0.0,0.0,1.347042743011443,0.0,58.69533816835321,0.0,0.0,0.0,0.0,-0.0,-0.0,1963.7975024985574,0.4444444444444444,0.0,0.0,0.0,0.3311385597990005,1.0,0.0,0.0028758814716385948
0.43333333333333335,20.396740241496136,0.0,20.396740241496136,0.0,0.0,0.0,1.3449283243200887,0.0,59.035143705673356,0.0,0.0,0.0,0.0,-0.0,-0.0,1961.6366281590003,0.4444444444444444,0.0,0.0,0.0,0.3307987055697724,1.0,0.0,0.0028713672737266873
0.45,20.419133751486605,0.0,20.419133751486605,0.0,0.0,0.0,1.342820827127017,0.0,59.37532268781091,0.0,0.0,0.0,0.0,-0.0,-0.0,1959.4838825840734,0.4444444444444444,0.0,0.0,0.0,0.3304600916133538,1.0,0.0,0.0028668678529321138
0.4666666666666667,20.441492208251383,0.0,20.441492208251383,0.0,0.0,0.0,1.3407202107076261,0.0,59.71587452982799,0.0,0.0,0.0,0.0,-0.0,-0.0,1957.3392168933565,0.4444444444444444,0.0,0.0,0.0,0.330122710679126,1.0,0.0,0.0028623831223095054
0.48333333333333334,20.463815726048935,0.0,20.463815726048935,0.0,0.0,0.0,1.3386264346789465,0.0,60.05679864869524,0.0,0.0,0.0,0.0,-0.0,-0.0,1955.2025826165157,0.4444444444444444,0.0,0.0,0.0,0.32978655557582426,1.0,0.0,0.0028579129956428644
0.5,20.4861044184682,0.0,20.4861044184682,0.0,0.0,0.0,1.3365394589959612,0.0,60.39809446328063,0.0,0.0,0.0,0.0,-0.0,-0.0,1953.0739316888894,0.4444444444444444,0.0,0.0,0.0,0.3294516191709126,1.0,0.0,0.0028534573874377084
0.5166666666666666,20.508356334261308,-0.0007985325604560019,20.508356349807514,-5.270489986811092e-06,-0.000607137216112489,-0.002416666666666658,1.3342768159043568,-0.07996868733371175,60.73976137638689,-7.870751652711124e-06,-3.8936936097527416e-05,0.0023680681031962103,9.357398950914133e-08,-90.50344732806558,0.0036167486471570995,1950.9533407274193,0.4444444444444444,0.0,0.004166666666666652,0.015486012546233533,0.32911962500348924,1.0,-0.0005690996503450174,0.002848626736459604
0.5333333333333333,20.53056359982406,-0.002908795150657194,20.53056380588487,-3.245645974788453e-05,-0.002392485617503527,-0.004833333333333332,1.3314854735595554,-0.19726511535121632,61.081798695424304,-4.8483110020276225e-05,-0.00014168121186983995,0.004609628211762982,9.753000531783688e-06,-223.08026269172362,-0.2312246692263789,1948.841382439317,0.4444444444444444,0.0,0.008333333333333331,0.038167482797581226,0.328794781763944,1.0,-0.001403843328116263,0.0028426673340783046
0.55,20.552716053242452,-0.006237395468159379,20.5527169997135,-0.00010394204248421748,-0.005588890017956433,-0.007250000000000006,1.328068066052262,-0.3293541998588855,61.424205564498294,-0.00015548131146263814,-0.00030348277378568553,0.006705866136243851,4.766666487726371e-05,-371.50300576601234,-1.5366243864176385,1946.73894616797,0.4444444444444444,0.0,0.012500000000000011,0.06355400514653425,0.32847879365676474,1.0,-0.0023438594058344526,0.00283537130803737
0.5666666666666667,20.574803772398766,-0.01040796710660578,20.574806404884928,-0.00024389494228219659,-0.010241868232607634,-0.009666666666666664,1.3240364260182238,-0.4654545848258702,61.76698094485579,-0.0003658630615638595,-0.0005058598047379119,0.008668158912622258,0.00013505977729387597,-522.395798786317,-5.239108968204588,1944.6469366323001,0.4444444444444444,0.0,0.016666666666666663,0.08935499883901822,0.32817266797539457,1.0,-0.003312422028018215,0.002826763920532883
0.5833333333333334,20.59681797210265,-0.014945157522567885,20.59682339424369,-0.0004761065719742603,-0.016296018331371454,-0.012083333333333338,1.3194384620386999,-0.6014496607234233,62.110123614327115,-0.0007174662191338743,-0.0007256050385997388,0.010521574278310781,0.0002918790640398012,-669.7054057143093,-12.907942328770071,1942.5661572688982,0.4444444444444444,0.0,0.020833333333333343,0.11453353401035571,0.3278799525611578,1.0,-0.004280235214934376,0.002816947454437373
0.6,20.618751036258526,-0.01937478528983408,20.618760139191615,-0.0008228620622753359,-0.023644572142413445,-0.014499999999999996,1.3143238000601494,-0.7367916542472188,62.45363216940645,-0.0012480877553733916,-0.000939667953372807,0.012295660438254787,0.0005348472738670762,-811.411073717141,-26.11791904551818,1940.4972917302507,0.4444444444444444,0.0,0.024999999999999994,0.13874309408385696,0.3276115710783092,1.0,-0.005243400720827575,0.0028060278591282265
0.6166666666666667,20.640596134495166,-0.023274073973123567,20.640609256266057,-0.0013043991133297138,-0.0321576390367567,-0.01691666666666667,1.3087298262605924,-0.872650193441684,62.79750502274063,-0.0019954621533229263,-0.0011275868176244303,0.014019530447916862,0.0008766880141608828,-947.5812323167606,-46.279528287728816,1938.4409336865913,0.4444444444444444,0.0,0.029166666666666674,0.16199478501101672,0.3273919172928933,1.0,-0.0062102422400500765,0.0027940849525750072
0.6333333333333333,20.66234668855701,-0.02629279190661024,20.66236341731093,-0.00193870021216693,-0.04169810310881844,-0.019333333333333327,1.3026780550893355,-1.0108400295917184,63.141740393258594,-0.0029976397119446346,-0.0012724971713713314,0.015719449399596946,0.0013260453600339357,-1079.2485827141488,-74.53967146351933,1936.3976356026687,0.4444444444444444,0.0,0.033333333333333326,0.18446464929853193,0.32726495920900567,1.0,-0.007193674506557552,0.002781164667251985
0.65,20.68399583845262,-0.028158022424321288,20.684015004813553,-0.0027414704327704924,-0.052130389508024996,-0.021750000000000002,1.2961753269918015,-1.153229604103448,63.4863362882714,-0.004293500810443809,-0.0013613426172383318,0.01741784848518235,0.0018877865839140784,-1207.7790854978332,-111.73864618853861,1934.367959826237,0.4444444444444444,0.0,0.037500000000000006,0.2063855770230801,0.32729890388763155,1.0,-0.00820699434172309,0.0027672816072319343
0.6666666666666666,20.705535985985204,-0.028670216909433652,20.70555583528889,-0.003726215685806071,-0.06332513079567918,-0.02416666666666666,1.2892169343461586,-1.3014394977007482,63.831290477829825,-0.005923262359135084,-0.0013846634352170353,0.019133125441721216,0.0025634914752581317,-1334.5343959119405,-158.40596717992887,1932.352523251327,0.4444444444444444,0.0,0.04166666666666666,0.2279894985861493,0.32758829201726636,1.0,-0.009261734658666353,0.0027524257219337044
0.6833333333333333,20.72695844904382,-0.027695036044040874,20.726976951871453,-0.004904372596490976,-0.07516148656875303,-0.026583333333333334,1.2817902192689137,-1.4567106598605295,64.17660046206456,-0.007928904727896698,-0.0013361834844226198,0.020879855726606875,0.0033520093932138655,-1460.7052205771815,-214.78003013659432,1930.3520316672943,0.4444444444444444,0.0,0.04583333333333334,0.24947887118522244,0.32825290778076693,1.0,-0.010366726712931882,0.0027365699872908384
0.7,20.74825323397515,-0.025153563385464386,20.748268481078394,-0.006285462147878874,-0.08752812699175931,-0.02899999999999999,1.2738779651115162,-1.6198685952554939,64.52226343244963,-0.010354489387472422,-0.0012123213833417884,0.02266919810693803,0.004250015683096287,-1587.2419027775015,-280.84055958679266,1928.3673027613625,0.4444444444444444,0.0,0.04999999999999999,0.2710148307925092,0.32943339419320805,1.0,-0.011527845234195215,0.002719677646458888
0.7166666666666667,20.769408918771347,-0.021012323705051423,20.769419547808415,-0.007877251297245409,-0.10032346202864872,-0.03141666666666666,1.2654613053917723,-1.7913392138164863,64.86827622805131,-0.013246361013375244,-0.0010116954516294246,0.024509372882013464,0.005252530746062061,-1714.838654434924,-356.34648538149906,1926.3992783420981,0.4444444444444444,0.0,0.05416666666666667,0.2927145396983434,0.33128389121572527,1.0,-0.01274812122372452,0.002701708420265675
0.7333333333333333,20.79041263231584,-0.01527386118370834,20.790418242853928,-0.0096859137205338,-0.11345545116951496,-0.033833333333333326,1.2565220715201346,-1.971190421935891,65.21463528790137,-0.016653240310007637,-0.0007346587441982756,0.02640614626674378,0.006353384174690201,-1843.9460755456682,-440.87477624539866,1924.449027175561,0.4444444444444444,0.0,0.05833333333333332,0.31465338257429143,0.33396237728949,1.0,-0.014028037939473008,0.002682623519511439
0.75,20.81125011175247,-0.007968242200613491,20.81125163719859,-0.011716184834135722,-0.12684118592557414,-0.03625,1.247044591803705,-2.159184677985341,65.5613366006791,-0.020626219910096683,-0.0003828814592323312,0.028363286385201216,0.007545617446383927,-1974.7974395626,-533.8577560272564,1922.5177401803176,0.4444444444444444,0.0,0.0625,0.336869521540224,0.3376197107114155,1.0,-0.015365904909055136,0.002662389485769216
0.7666666666666666,20.831905819463614,0.0008543724889271895,20.831905836983672,-0.01397150852952267,-0.14040635478080196,-0.038666666666666655,1.2370169922750704,-2.3548343273670826,65.90837565290175,-0.025218678167173384,4.101268966231138e-05,0.030382974485773456,0.008821824777741325,-2107.4405693683166,-634.6176817149866,1920.6067198017145,0.4444444444444444,0.0,0.06666666666666665,0.35936940831059844,0.342388608436215,1.0,-0.01675825172336049,0.002640980968601497
0.7833333333333333,20.852363102099023,0.011130062131833297,20.85236607246439,-0.016454174351223046,-0.15408465234951474,-0.04108333333333333,1.2264320629275107,-2.5574553275827894,66.25574737680549,-0.030486126120161314,0.0005337553839999682,0.03246616515148193,0.010174434918868516,-2241.770792644413,-742.3980715916626,1918.7173652962433,0.4444444444444444,0.0,0.07083333333333333,0.38213347929915875,0.3483738951940229,1.0,-0.018200210372676787,0.0026183825749371676
0.8,20.87260437593045,0.022786427139677625,20.872616813791527,-0.019165444570173044,-0.16781716687909085,-0.043500000000000004,1.2152877549767922,-2.766217098074468,66.6034460990489,-0.03648600230482222,0.0010916902211666546,0.03461289484102924,0.01159593819957553,-2377.562554410728,-856.39162514353,1916.8511554752872,0.4444444444444444,0.0,0.07500000000000001,0.4051216173929838,0.35564522930426096,1.0,-0.01968587000463297,0.002594589930705214
0.8166666666666667,20.892611325099153,0.03574689020718364,20.89264190622672,-0.022105671000145006,-0.1815517647529326,-0.04591666666666666,1.2035873724047954,-2.9801873882667897,66.95146549128913,-0.04327742893790184,0.0017109807275149586,0.03682254104343362,0.013079063812923784,-2514.4984433515997,-975.7647237198692,1915.0096302289573,0.4444444444444444,0.0,0.07916666666666666,0.4282781660507892,0.3642331393737533,1.0,-0.02120859622901778,0.002569610089772577
0.8333333333333334,20.9123651017985,0.04993410652336078,20.912424717519347,-0.025274401623299438,-0.19524248245213474,-0.04833333333333333,1.1913395170641383,-3.198371681653515,67.29979852357248,-0.05092094158957528,0.0023877744760591895,0.03909403580838653,0.014616912579497028,-2652.195050701654,-1099.6785494660246,1913.1943719041556,0.4444444444444444,0.0,0.08333333333333334,0.45153639491454833,0.37412865354033104,1.0,-0.022761311538186238,0.002543461416744756
0.85,20.9318465199038,0.06527257908751687,20.931948290648666,-0.028670477220602196,-0.2088489325502236,-0.050749999999999997,1.1785578420084704,-3.419746999029146,67.64843742135088,-0.059478202941107505,0.0031183282113100425,0.04142603807941009,0.01620305050438399,-2790.2254547815746,-1227.3068773847967,1911.4069873657647,0.4444444444444444,0.0,0.0875,0.4748223804697708,0.3852862122363123,1.0,-0.024336735868808936,0.002516173060336018
0.8666666666666667,20.951036235893092,0.08169057703172762,20.95119549591577,-0.032292118294879976,-0.22233572883993222,-0.05316666666666667,1.1652606626667528,-3.6432901733066076,67.99737362679524,-0.06901170968309614,0.0038990989338986513,0.04381706947372754,0.017831568413776196,-2928.13834095396,-1357.8506176015526,1909.649091339218,0.4444444444444444,0.0,0.09166666666666667,0.49805830272972634,0.3976290859995625,1.0,-0.025927587820491385,0.0024877841232423
0.8833333333333333,20.969914913003365,0.09912145373702977,20.970149177370956,-0.036137002655172085,-0.2356719353823378,-0.055583333333333325,1.1514704699812832,-3.86800081548532,68.3465977649277,-0.07958450009841618,0.004726805804112188,0.046265618122180024,0.01949711286434186,-3065.4738975645073,-1490.5492251526284,1907.9222914256768,0.4444444444444444,0.0,0.09583333333333333,0.5211651817004781,0.4110562783937591,1.0,-0.0275267480938,0.0024583426227106934
0.9,20.988463366375836,0.11750445830148255,20.98879228968216,-0.04020233411146008,-0.24883054433278246,-0.057999999999999996,1.1372133836817924,-4.092919308481643,68.696099614951,-0.0912598684313517,0.005598467529836771,0.04877021501187156,0.02119489335072473,-3201.7767111134144,-1624.6891513436065,1906.2281750032942,0.4444444444444444,0.0,0.1,0.5440650919273096,0.4254498976127412,1.0,-0.029127387543916063,0.002427904323301875
0.9166666666666666,21.00666268842914,0.13678512897987669,21.007108022689632,-0.04448490280978345,-0.2617879873661082,-0.06041666666666666,1.122518577586044,-4.3171402621593575,69.04586808701706,-0.10410109080117624,0.006511419630897459,0.051329487020102316,0.02292067058341602,-3336.605937138428,-1759.6095747922632,1904.5682980825914,0.4444444444444444,0.0,0.10416666666666666,0.5666829028839725,0.44068216791168496,1.0,-0.03072306293377857,0.002396531509930261
0.9333333333333333,21.024494354852536,0.1569153508273357,21.025079911965886,-0.048981137814942635,-0.2745236851684441,-0.06283333333333332,1.1074177024240794,-4.539821937889584,69.39589120455285,-0.11817116619977931,0.007463315631597402,0.05394219052119151,0.024670730266810728,-3469.5430556773517,-1894.705710403739,1902.9441760712716,0.4444444444444444,0.0,0.10833333333333334,0.5889475987852449,0.45662152780685145,1.0,-0.032307784004258,0.0023642917556172447
0.95,21.041940312445952,0.17785315221690778,21.04269193464305,-0.05368715261530267,-0.2870196387291386,-0.06524999999999999,1.0919443254650727,-4.760192200233127,69.74615609215574,-0.1335325750377734,0.008452115840199892,0.05660722910653936,0.026441846383206312,-3600.197535575126,-2029.4300409894743,1901.357276322476,0.4444444444444444,0.0,0.11249999999999999,0.6107932342264938,0.47313753878363857,1.0,-0.033876055829488785,0.0023312567251173185
0.9666666666666667,21.058983050579354,0.19956230650267678,21.059928590542874,-0.05859878427581851,-0.2992600651113166,-0.06766666666666667,1.0761334004748888,-4.977551573976721,70.09664896897912,-0.15024705678351424,0.009476066944875459,0.05932365859641997,0.028231237501459953,-3728.2107324480303,-2163.2918428092303,1899.8090122874503,0.4444444444444444,0.0,0.11666666666666667,0.6321595822468582,0.49010455128050745,1.0,-0.035422900572362845,0.0022975010432990236
0.9833333333333333,21.075605658341257,0.222011796253874,21.076774969230513,-0.06371162699711332,-0.31123107911936926,-0.07008333333333332,1.060020776496305,-5.191273976819324,70.44735514745688,-0.16837540747837088,0.010533675209176164,0.062090682151560495,0.030036519104764913,-3853.2583327474113,-2295.855380798818,1898.3007390648543,0.4444444444444444,0.0,0.12083333333333332,0.6529925293168362,0.5074042239902475,1.0,-0.036943862698714365,0.002263101246410696
1.0,21.091791869542398,0.24517518859162904,21.093216804015356,-0.0690210608482351,-0.32292042095085977,-0.0725,1.0436427497910743,-5.4008056646353175,70.79825903715617,-0.18797729730543394,0.011623675605602506,0.06490763792486245,0.03185565439876484,-3975.051633388331,-2426.7371330160017,1896.8337501298063,0.4444444444444444,0.0,0.125,0.6732442677798716,0.5249270726469591,1.0,-0.03843500147125258,0.002228134825494998
1.0166666666666666,21.107526097683277,0.2690299615848909,21.109240514158984,-0.07452227642872926,-0.3343172286421328,-0.07491666666666666,1.0270356600899786,-5.605662872904535,71.1493441535035,-0.20911110792700668,0.01274499880068383,0.06777398133904532,0.03368690554544632,-4093.3379155630532,-2555.6023707855766,1895.4092750315576,0.4444444444444444,0.0,0.12916666666666665,0.6928733309203282,0.5425732518900418,1.0,-0.0398928741647252,0.002192679364399198
1.0333333333333332,21.122793462829556,0.2935568137045815,21.124833236648932,-0.08021029618380955,-0.34541185298659927,-0.07733333333333331,1.0102355300510406,-5.805428571266257,71.500593131095,-0.2318337889729559,0.013896737513169593,0.0706892637434218,0.03552878679156935,-4207.900135600084,-2682.1613763643195,1894.028477864934,0.4444444444444444,0.0,0.1333333333333333,0.711844509612351,0.5602527671748385,1.0,-0.041314512969601,0.002156811770033122
1.05,21.137579812106907,0.3187389812070413,21.13998284888922,-0.08607999304783064,-0.35619571168309677,-0.07975,0.9932777454416825,-5.99974867501561,71.85198774127578,-0.2562007328383486,0.015078113418102265,0.07365310889922788,0.03738002053802986,-4318.55611793874,-2806.1655291334882,1892.6924563434723,0.4444444444444444,0.0,0.1375,0.730128682934948,0.577885288771823,1.0,-0.04269739803106611,0.0021206075895710648
1.0666666666666667,21.151871735260862,0.34456158213966764,21.154677983576445,-0.09212610702977178,-0.3666611787866303,-0.08216666666666667,0.9761967729015243,-6.1883279837773335,72.2035089136545,-0.2822656668144211,0.01628844546894788,0.0766651884723093,0.039239497036993254,-4425.157398018519,-2927.4034392652816,1891.4022413282048,0.4444444444444444,0.0,0.14166666666666666,0.747702588666155,0.59539970782724,1.0,-0.044039428546469604,0.0020841404078868445
1.0833333333333333,21.165656576453042,0.37101100046991264,21.16890803690213,-0.09834326028401115,-0.37680150508576565,-0.08458333333333332,0.9590259120455533,-6.3709260483838905,72.55513676120476,-0.31008056151169044,0.01752712025881311,0.07972519747644002,0.04110623810932487,-4527.587828178869,-3045.6972583847923,1890.1587966928732,0.4444444444444444,0.0,0.14583333333333331,0.7645485535498916,0.6127335421318729,1.0,-0.045338893351833005,0.002047481318304153
1.1,21.178922443202595,0.3980743196016873,21.182663171072633,-0.10472597113408033,-0.3866107648012929,-0.08700000000000001,0.9417970789629919,-6.547353105523461,72.90685060859396,-0.33969555451925715,0.01879356483805216,0.08283283040984352,0.0429793650433662,-4625.762028989453,-3160.899252650794,1888.9630194319861,0.4444444444444444,0.0,0.15000000000000002,0.7806541979148962,0.6298322702985427,1.0,-0.046594441990646336,0.002010698460375441
1.1166666666666667,21.19165821314275,0.42573881117932677,21.195934311985514,-0.11126866743967724,-0.3960838239595003,-0.08941666666666666,0.9245406186962896,-6.717466167972346,73.25862902337323,-0.37115888826370813,0.020087222244925255,0.08598775865954833,0.044858070661674056,-4719.623742662751,-3272.8886864483834,1887.815739941525,0.4444444444444444,0.0,0.15416666666666667,0.7960121247646829,0.6466486489717466,1.0,-0.04780505688988538,0.001973856619532195
1.1333333333333333,21.203853539054858,0.45399148247663507,21.208713142759287,-0.11796569962076167,-0.4052163259057848,-0.09183333333333332,0.9072851449093995,-6.8811653169338625,73.61044984965613,-0.4045168610709226,0.021407529882683643,0.0891896096096969,0.04674159541717151,-4809.144124696107,-3381.569035095413,1886.717722422423,0.4444444444444444,0.0,0.15833333333333333,0.8106195999079004,0.663142048705865,1.0,-0.0489700269743262,0.001937016884783228
1.15,21.215498852469494,0.4828186837013053,21.22099209369028,-0.12481135357926296,-0.4140046896558758,-0.09424999999999999,0.8900574055646086,-7.038390211975943,73.9622902439117,-0.4398137904838628,0.022753900784206863,0.09243794777674881,0.04862920729567395,-4894.31999457846,-3486.8655224533923,1885.6696653739364,0.4444444444444444,0.0,0.16249999999999998,0.8244782270428287,0.6792778298168433,1.0,-0.05008892282940747,0.0019002363619401732
1.1666666666666667,21.226585365985834,0.5122057750868789,21.23276432910977,-0.13179986369044558,-0.4224461171013606,-0.09666666666666666,0.8728821739421747,-7.189116812434159,74.31412671249787,-0.47709198794124896,0.02412570773783653,0.0957322582023088,0.0505201852494759,-4975.172055885746,-3588.722963454595,1884.6722021576916,0.4444444444444444,0.0,0.16666666666666669,0.837593619876027,0.6950267691268235,1.0,-0.05116157336899314,0.001863567940948844
1.1833333333333333,21.23710507435528,0.5421368525781606,21.24402373153754,-0.1389254259734883,-0.43053860546687206,-0.09908333333333333,0.8557821647052587,-7.333354290663119,74.66593515056424,-0.516391743970601,0.025522270199562398,0.09907193225880181,0.05241380585884984,-5051.7430897687755,-3687.103881387372,1883.7259016237422,0.4444444444444444,0.0,0.17083333333333334,0.8499750722349897,0.7103645413149526,1.0,-0.05218804386843005,0.0018270601166912748
1.2,21.24705075429951,0.5725945301396316,21.254764883473193,-0.14618221149512511,-0.43828096183657794,-0.10149999999999999,0.8387779749086401,-7.471142110718869,75.01769088196025,-0.557751323091376,0.026942843882221162,0.10245625596055719,0.05430933290821771,-5124.096122972524,-3781.9868642888664,1882.8312687976431,0.4444444444444444,0.0,0.175,0.861635226599284,0.7252712538463736,1.0,-0.053168615174900305,0.001790756863041731
1.2166666666666666,21.25641596298303,0.6035597761461456,21.264983047130354,-0.15356438001174433,-0.4456728170103482,-0.10391666666666664,0.8218880498703118,-7.602547244444163,75.36936869979506,-0.6012069676585159,0.02838661288777539,0.10588440081978553,0.05620600956591372,-5192.312571329704,-3873.3651229544807,1881.988745632855,0.4444444444444444,0.0,0.17916666666666664,0.8725897413881448,0.7397310315606369,1.0,-0.05410376389560563,0.0017546975600039503
1.2333333333333334,21.265195035031933,0.6350118008862772,21.27467414239785,-0.1610660938143826,-0.45271463640165593,-0.10633333333333334,0.8051286736847268,-7.7276614990846495,75.72094290730978,-0.6467929099036643,0.02985268423088951,0.10935541724086657,0.058103052866566335,-5256.490361366195,-3961.24521394478,1881.1987118360064,0.4444444444444444,0.0,0.18333333333333335,0.8828569575718695,0.7537316454568933,1.0,-0.05499414337966479,0.0017189169734573098
1.25,21.273383077979663,0.6669279918743065,21.283834723301556,-0.16868153170760622,-0.4594077261390859,-0.10874999999999999,0.7885139838828695,-7.846598935208276,76.07238735874024,-0.6945413914516043,0.03134008458862806,0.112868230405449,0.05999965020998522,-5316.742035515883,-4045.645893732875,1880.4614857741308,0.4444444444444444,0.0,0.1875,0.8924575655969076,0.7672641796175725,1.0,-0.05584056534265673,0.001683445286455483
1.2666666666666666,21.28097596602338,0.6992838933960978,21.292461953236593,-0.17640490302722686,-0.465754232972325,-0.11116666666666665,0.7720560093736297,-7.959493359732949,76.42367549987048,-0.744482689604682,0.03284775910065517,0.11642163856391519,0.06189495760778107,-5373.1928498256,-4126.5970741043,1879.777325473292,0.4444444444444444,0.0,0.19166666666666665,0.9014142741229203,0.7803227302572434,1.0,-0.056643982025673965,0.0016483081802297296
1.2833333333333332,21.287970331987847,0.7320532264892811,21.300553579238453,-0.1842304615828848,-0.47175713700396377,-0.11358333333333331,0.7557647303736238,-8.066495885387225,76.77478040800086,-0.7966451497000135,0.03437457203593133,0.120014313615174,0.06378809942726954,-5425.978876399532,-4204.138853546603,1879.1464297173284,0.4444444444444444,0.0,0.1958333333333333,0.9097514825754609,0.7929041313367047,1.0,-0.05740546882714871,0.0016135269621366272
1.3,21.29436355741463,0.7652079453716222,21.30810790556046,-0.19215251939936923,-0.47742023666345684,-0.11599999999999999,0.7396481585896573,-8.167772554232128,77.125674831083,-0.8510552228550644,0.03591930913519189,0.12364480382639058,0.06567816940059727,-5475.245125764015,-4278.320604219806,1878.568939254071,0.4444444444444444,0.0,0.2,0.9174949599514614,0.8050077018721852,1.0,-0.05812620739057196,0.0015791187368443664
1.3166666666666667,21.300153760720075,0.7987183261828277,21.31512376682101,-0.20016546012464292,-0.48274812570295317,-0.11841666666666666,0.7237124354976516,-8.26350202844495,77.47633122580206,-0.9077375084285593,0.037480681433403266,0.12731153851734744,0.06756423268498477,-5521.143706525199,-4349.200098861521,1878.0449381145359,0.4444444444444444,0.0,0.20416666666666666,0.924671532627927,0.8166350108711384,1.0,-0.058807469170884606,0.0015450966161542636
1.3333333333333333,21.305339783394512,0.832553083798327,21.321600500976352,-0.20826375197231436,-0.4877461623209188,-0.12083333333333332,0.7079619461969582,-8.353873356068092,77.8267217944184,-0.9667148005371865,0.039057330363093404,0.1310128345110761,0.06944532877730387,-5563.832040956395,-4416.842666422669,1877.5744550484446,0.4444444444444444,0.0,0.20833333333333331,0.9313087840881117,0.8277896566513634,1.0,-0.05945059953435956,0.0015114699620750907
1.35,21.30992117424515,0.8666795124148265,21.327537922361817,-0.21644196007107994,-0.49242043080390874,-0.12325,0.6923994460352534,-8.439083822671012,78.17681852021137,-1.0280081379854025,0.04064783393820738,0.13474690413370188,0.07132047510286994,-5603.471155409786,-4481.320369197591,1877.157465077169,0.4444444444444444,0.0,0.21250000000000002,0.9374347694826686,0.838477058088852,1.0,-0.06005700246988724,0.0014782446571620755
1.3666666666666667,21.3138981717153,0.901063645602794,21.332936295026897,-0.22469475810271353,-0.4967776963159531,-0.12566666666666665,0.6770261970139599,-8.519336901805064,78.52659320139958,-1.0916368569866468,0.042250713819223004,0.13851186453258407,0.07318867111439335,-5640.224063713173,-4542.711197613232,1876.7938911628762,0.4444444444444444,0.0,0.21666666666666667,0.943077747789859,0.848704256052863,1.0,-0.06062812600332363,0.00144542339573693
1.3833333333333333,21.317271684341662,0.9356704315752612,21.337796306567345,-0.23301693912272614,-0.5008253536565628,-0.12808333333333333,0.6618421109061905,-8.594840317799559,78.8760174834422,-1.1576186460798585,0.04386444306388773,0.14230574807317176,0.07504890275259958,-5674.254260078171,-4601.0982816322,1876.4836059904478,0.4444444444444444,0.0,0.22083333333333333,0.9482659340451068,0.8584797239013435,1.0,-0.06116544841131828,0.0014130059894388372
1.4,21.32004326943866,0.9704639195378431,21.342119042631673,-0.24140342547305335,-0.5045713709515394,-0.13049999999999998,0.6468458960490023,-8.665804233982474,79.22506288965485,-1.2259696026753983,0.0454874543742175,0.1461265135717243,0.07690014713517579,-5705.7243356611625,-4656.569119898849,1876.2264338566322,0.4444444444444444,0.0,0.22499999999999998,0.9530272737012924,0.8678131864151234,1.0,-0.06167046532773058,0.0013809896806199473
1.4166666666666667,21.322215110123484,1.0054074531612218,21.345905962250708,-0.24984927771325127,-0.5080242293363165,-0.13291666666666666,0.632035204902521,-8.732439577997138,79.57370085010075,-1.2967042906990622,0.04711814865931072,0.1499720581231535,0.07874137735548765,-5734.794729969181,-4709.214829340359,1876.0221526590115,0.4444444444444444,0.0,0.22916666666666669,0.9573892406881094,0.8767154469434193,1.0,-0.06214467782569387,0.0013493694573781033
1.4333333333333333,21.323789990817502,1.0404638674511388,21.349158874109303,-0.2583497025149219,-0.5111928597416879,-0.13533333333333333,0.6174067796875508,-8.794956513744683,79.92190272874248,-1.369835798841266,0.04875490374492232,0.1538402292904941,0.08057156728694458,-5761.622624994498,-4759.129418972763,1875.8704959756678,0.4444444444444444,0.0,0.23333333333333334,0.9613786601949446,0.885198222820752,1.0,-0.06258958154314644,0.001318138364487218
1.45,21.324771271378083,1.0755956855760143,21.351879913848844,-0.2669000594827219,-0.5140865779000651,-0.13774999999999998,0.6029565937037178,-8.8535630668404,80.26963984886135,-1.4453757989599734,0.050396083074337905,0.15772883743447266,0.08238969630294016,-5786.360986499007,-4806.409092216399,1875.7711552250196,0.4444444444444444,0.0,0.2375,0.9650215566400346,0.893273989305579,1.0,-0.06300665690084883,0.0012872878051057596
1.4666666666666666,21.325162860030247,1.1107653125402701,21.354071522460444,-0.2754958668836893,-0.5167150186615725,-0.14016666666666663,0.5886799862725821,-8.90846390755373,80.616883516771,-1.5233346042296598,0.052040044260506096,0.1616356679777069,0.08419475383589001,-5809.1577534430035,-4851.151582167756,1875.7237818941103,0.4444444444444444,0.0,0.24166666666666664,0.9683430267394073,0.9009558323959357,1.0,-0.06339736044113857,0.0012568078288748108
1.4833333333333334,21.324969185278956,1.1459352229521729,21.35573642580137,-0.28413280628418436,-0.5190880706488984,-0.14258333333333334,0.5745717896243873,-8.959859292209874,80.96360504386745,-1.6037212266736258,0.053685147366176474,0.1655584934174877,0.08598574371193664,-5830.155173327186,-4893.455524080749,1875.7279898227707,0.4444444444444444,0.0,0.24583333333333335,0.9713671370780608,0.9082573109109207,1.0,-0.06376311729438167,0.0012266874028161161
1.5,21.324195166991057,1.181068140517519,21.356877615243064,-0.29280672611002495,-0.5212158121939767,-0.145,0.5606264464335953,-9.007944161139507,81.30977576707129,-1.6865434337623877,0.05532976280645451,0.169495084923049,0.08776168821028227,-5849.489278322934,-4933.419868856058,1875.7833575304212,0.4444444444444444,0.0,0.25,0.9741168451332357,0.9151923282033237,1.0,-0.06410531475950379,0.0011969146622656706
1.5166666666666666,21.323459844676282,1.2161815598305639,21.35811408654785,-0.30151242471159956,-0.5229515214568357,-0.14016666666666666,0.5843055216771869,-9.043871031816588,81.6553732694109,-1.7718091573034065,0.056973183444089276,0.16619961740571176,0.08951508878872975,-5845.920249374008,-4976.836746136329,1875.8492390113956,0.4444444444444444,0.0,0.2416666666666667,0.9743090350109386,0.9214625865237681,1.0,-0.0643609894519618,0.0012474685248746189
1.5333333333333332,21.32279321218018,1.25128577641353,21.359476268477465,-0.3102416672933402,-0.5241632290888765,-0.13533333333333336,0.608765172239525,-9.071446091144415,82.00037982685262,-1.8595242469195965,0.05861579086604237,0.16293383917377482,0.09123600094506883,-5834.890513291769,-5018.1847960712375,1875.909565623299,0.4444444444444444,0.0,0.2333333333333334,0.9732897996500459,0.9273617501644382,1.0,-0.06455722821922107,0.0012996888840428246
1.55,21.322213537489336,1.2862919922436442,21.36097697268558,-0.31898527519217684,-0.5248129330353215,-0.13049999999999998,0.6335519127770385,-9.093580115506489,82.34477834298613,-1.9496924433683802,0.060253359690366416,0.15969709548546862,0.09291788446037647,-5819.766091896567,-5057.3711387057665,1875.9626180630737,0.4444444444444444,0.0,0.22499999999999998,0.971598940955352,0.9328927384787742,1.0,-0.0647147456919366,0.0013526075670051683
1.5666666666666667,21.321736851101317,1.321074370733219,21.36262389877751,-0.32773373446223014,-0.5248886569691089,-0.12566666666666665,0.6584608369161702,-9.11157206288361,82.68855210101263,-2.042316036819382,0.06187993793804967,0.15648471064461678,0.09455407390180849,-5802.039565365659,-5094.36842815693,1876.0069612536652,0.4444444444444444,0.0,0.21666666666666667,0.9694757339379405,0.9380589950696324,1.0,-0.06484278594497485,0.0014057871069877179
1.5833333333333333,21.321379250828848,1.355491995079906,21.36442303705861,-0.33647746686775887,-0.5243902417291216,-0.12083333333333335,0.68339133239272,-9.126030132302851,83.03168467477158,-2.1373961666996926,0.0634888688032654,0.15329027275855203,0.09613792986623966,-5782.398120225695,-5129.182486005081,1876.041189800787,0.4444444444444444,0.0,0.20833333333333337,0.9670299328758717,0.9428652879556851,1.0,-0.06494567724562629,0.0014590127008983413
1.6,21.321157884299524,1.389398883804293,21.36638019846938,-0.3452069508305218,-0.5233226385534997,-0.11599999999999996,0.7082911198042294,-9.137230266708656,83.37415990874995,-2.2349329670372877,0.06507325669834073,0.15010666854035215,0.09766289297807133,-5761.138339871884,-5161.839113242876,1876.0638216229154,0.4444444444444444,0.0,0.19999999999999996,0.9643082762847638,0.9473178106610924,1.0,-0.06502538335043656,0.0015121727343390113
1.6166666666666667,21.321091378704594,1.4226487389037696,21.3685017493828,-0.35391276795689053,-0.5216924733465033,-0.11116666666666665,0.7331314197201695,-9.145275159421638,83.7159619316945,-2.3349256373302456,0.0666261881866339,0.14692658659711227,0.09912249352204816,-5738.350881451115,-5192.377002989869,1876.073251450925,0.4444444444444444,0.0,0.19166666666666665,0.961324127509337,0.9514239964223086,1.0,-0.06508263507961545,0.0015652057643960173
1.6333333333333333,21.32120001504264,1.4550971418955587,21.370794972901848,-0.36258561004800655,-0.5195061765996523,-0.10633333333333334,0.7578949632272528,-9.150170056441919,84.05707518792981,-2.437372474667982,0.06814083419541751,0.14374276937357194,0.10051033857714319,-5714.009662209925,-5220.842964818604,1876.0677314846919,0.4444444444444444,0.0,0.18333333333333335,0.9580717970690326,0.9551921981629979,1.0,-0.06511746976648598,0.0016180749226418238
1.65,21.321505777841317,1.486602445787701,21.373268244850685,-0.371216263865784,-0.5167689039732177,-0.10150000000000002,0.782569893011553,-9.151859670968282,84.39748447875128,-2.542270884143945,0.06961049162128494,0.14054813867660856,0.10182008714118213,-5688.0164928027225,-5247.288219721976,1876.0453651963567,0.4444444444444444,0.0,0.17500000000000004,0.9545337059428173,0.9586313134766777,1.0,-0.06512949396080792,0.0016707548941934387
1.6666666666666667,21.3220323429756,1.5170259814559686,21.375931115703708,-0.37979558252860757,-0.5134838668993277,-0.09666666666666664,0.807146534578528,-9.150245585620668,84.73717501020117,-2.6496173758093264,0.07102859313491436,0.13733585550502844,0.10304541866711796,-5660.223299666869,-5271.765309262056,1876.0041076948366,0.4444444444444444,0.0,0.16666666666666663,0.9506839396624553,0.9617503993428158,1.0,-0.06511800727223542,0.00172322502439848
1.6833333333333333,21.32280503479093,1.5462318979375167,21.378794344721708,-0.38831444815850485,-0.5096518766932785,-0.09183333333333332,0.831615603937473,-9.145193434611535,85.07613244555947,-2.75940755199908,0.07238870007333223,0.13409934526512038,0.10417999784479014,-5630.442526163377,-5294.325420006309,1875.9417693976748,0.4444444444444444,0.0,0.15833333333333333,0.9464898927687735,0.9645582999851596,1.0,-0.0650820534824628,0.0017754654923143756
1.7,21.32385076824756,1.5740868051206847,21.38186991019605,-0.39676372815866795,-0.505270996978605,-0.08700000000000001,0.8559671342454697,-9.136534557852594,85.41434296197478,-2.87163608655066,0.0736844862764933,0.1308323047769465,0.10521743704423545,-5598.451068621975,-5315.01601052654,1875.8560213754608,0.4444444444444444,0.0,0.15000000000000002,0.9419128641996098,0.9670632973494495,1.0,-0.06502043231672665,0.0018274550191368503
1.7166666666666666,21.3251979837991,1.6004593083286827,21.385171008103843,-0.4051342262760605,-0.5003362461772706,-0.0821666666666667,0.8801897506341615,-9.124064545473562,85.75179331127843,-2.986296696189836,0.07490971704868421,0.1275286999108668,0.10615125703879713,-5563.990531843006,-5333.878655674605,1875.7444015619249,0.4444444444444444,0.0,0.14166666666666672,0.936908051407373,0.9692727847217635,1.0,-0.06493168908582815,0.0018791693199845826
1.7333333333333334,21.326876578414005,1.625219482217147,21.388712045288795,-0.4134166289107344,-0.49483931651028107,-0.07733333333333331,0.9042700966733705,-9.107539915164303,86.08847088539406,-3.103382103658996,0.07605822546767133,0.12418275870211273,0.10697484617789639,-5526.765264766364,-5350.947029600663,1875.6043214632643,0.4444444444444444,0.0,0.1333333333333333,0.9314241781880254,0.9711929583688047,1.0,-0.06481409104033521,0.0019305798794223533
1.75,21.32891783370308,1.648238308768246,21.392508629876687,-0.42160144672293165,-0.488768289210193,-0.0725,0.9281923048403625,-9.086673542511182,86.42436378699428,-3.2228839917432843,0.07712388721253742,0.12078896265321937,0.10768141793447762,-5486.438940178719,-5366.2449480999485,1875.433073246218,0.4444444444444444,0.0,0.125,0.9254028790179134,0.9728285184958566,1.0,-0.06466559485042897,0.0019816528209344614
1.7666666666666666,21.331354340594224,1.6693870919379141,21.396577559664,-0.42967895133264383,-0.4821073329836376,-0.06766666666666668,0.9519374487897793,-9.06112913291295,86.75946090622871,-3.344792947067035,0.07810059451438621,0.11734203777272831,0.10826396662988903,-5442.630074147763,-5379.784386512408,1875.2278372329754,0.4444444444444444,0.0,0.1166666666666667,0.9187779033790494,0.9741823683581624,1.0,-0.06448380726512125,0.0020323477375433097
1.7833333333333332,21.334219918905816,1.688536854937978,21.400936807969916,-0.43763910673803297,-0.4748363770836367,-0.06283333333333337,0.97548293819823,-9.030514848422662,87.09375200448814,-3.469098392311705,0.07898222953092343,0.11383694625411417,0.10871522109560136,-5394.906690196142,-5391.563382405306,1874.9856899327135,0.4444444444444444,0.0,0.10833333333333339,0.9114741728982247,0.9752552983613002,1.0,-0.0642659397574769,0.0020826163998272137
1.8,21.33754952924671,1.7055577226880516,21.405605505532364,-0.4454714949664212,-0.4669307532406254,-0.05799999999999998,0.9988018283737553,-8.994376113828089,87.42722780629474,-3.5957885053071106,0.07976263728885626,0.110268879325865,0.1090275960455162,-5342.780241840015,-5401.563722225345,1874.703612821527,0.4444444444444444,0.0,0.09999999999999998,0.903406709607323,0.9760456399624892,1.0,-0.06400875732886134,0.002132401281964691
1.8166666666666667,21.3413791737615,1.7203182903274683,21.410603916244312,-0.4531652354006983,-0.458360803071964,-0.05316666666666667,1.021862022438726,-8.952187586863875,87.75988010052838,-3.724850123249928,0.08043559826533736,0.10663325156834089,0.1091931409980715,-5285.698874844021,-5409.748297051079,1874.3785021598032,0.4444444444444444,0.0,0.09166666666666667,0.8944794488397025,0.9765488717629458,1.0,-0.0637085213647056,0.0021816338584273935
1.8333333333333333,21.345745781251594,1.7326849781653202,21.415953403745068,-0.4607088971927517,-0.44909145003071804,-0.04833333333333335,1.0446253468886986,-8.903344269124785,88.09170185231423,-3.856268630098156,0.08099480066004637,0.10292569682021155,0.10920348670767818,-5223.040117744932,-5416.057993214936,1874.007180217701,0.4444444444444444,0.0,0.08333333333333337,0.8845839521112981,0.9767571570352754,1.0,-0.06336092637504408,0.002230232630335864
1.8499999999999999,21.35068707107331,1.7425213737710794,21.421676385029862,-0.46809040418982384,-0.4390817379132949,-0.04350000000000004,1.0670464835948374,-8.847151748421457,88.42268732700776,-3.9900278249754892,0.08143381242902283,0.09914206564211989,0.10904978925253453,-5154.1031276304575,-5420.407957280702,1873.5864083709691,0.4444444444444444,0.0,0.07500000000000007,0.8735980425475056,0.9766587877346588,1.0,-0.06296103055393576,0.002278100845328143
1.8666666666666667,21.356241388896965,1.749687563006862,21.427796266274715,-0.47529693187247823,-0.42828434183285186,-0.038666666666666655,1.0890717441726965,-8.782815596870938,88.75283222781341,-4.126109769198379,0.08174605320687316,0.09527842413843839,0.10872267220111623,-5078.100686087261,-5422.683039640437,1873.1129026349274,0.4444444444444444,0.0,0.06666666666666665,0.8613843978255196,0.9762375044373471,1.0,-0.06250318033064581,0.0023251238808869625
1.8833333333333333,21.362447505871828,1.7540394537855546,21.43433735496775,-0.48231479595404336,-0.4166450628159425,-0.03383333333333334,1.1106376772106836,-8.70943000174717,89.08213384865533,-4.264494609318299,0.08192476634018611,0.09133105373821761,0.10821216767219971,-4994.151239638839,-5422.732174302322,1872.5833523266922,0.4444444444444444,0.0,0.05833333333333335,0.8477891536407046,0.9754716542071338,1.0,-0.0619809294607395,0.0023711662708291643
1.9,21.369344370957123,1.7554280994789568,21.441324741186055,-0.4891293325487958,-0.4041023242886944,-0.029000000000000022,1.1316695062808786,-8.625965779050127,89.41059124396924,-4.405160373364055,0.08196299140393251,0.08729645128677344,0.10750765765327666,-4901.271413790674,-5420.3613911032735,1871.9944426864433,0.4444444444444444,0.0,0.050000000000000044,0.8326405951268326,0.974333138591658,1.0,-0.06138695372427417,0.0024160683705223215
1.9166666666666667,21.376970804142406,1.7536990336549327,21.448784139475112,-0.49572477021659306,-0.39058669826077613,-0.024166666666666642,1.1520794082097936,-8.531258013687966,89.73820541708973,-4.548082737289946,0.08185353779465365,0.08317132848682338,0.10659781770251245,-4798.369604302008,-5415.325076675689,1871.3428824478815,0.4444444444444444,0.0,0.04166666666666663,0.8157480452703187,0.97278609117286,1.0,-0.060712962966771235,0.002459642681062836
1.9333333333333333,21.385365116008444,1.7486916348896282,21.456741681320672,-0.5020840947824644,-0.3760205016477818,-0.019333333333333327,1.17176465817904,-8.423993684148654,90.06497952884567,-4.693234758505787,0.08158896032041203,0.07895260934525777,0.10547056619802804,-4684.241466520422,-5407.314997333816,1870.6254375242795,0.4444444444444444,0.0,0.033333333333333326,0.7969010987119023,0.9707852076197526,1.0,-0.05994961302980683,0.0025016698891413025
1.95,21.394564636625415,1.7402385507962537,21.465223646736604,-0.5081889086697687,-0.36031751961592523,-0.014500000000000011,1.1906056923393686,-8.30269975901907,90.39091912782565,-4.840586573309085,0.08116153818308323,0.07463742383090295,0.10411302370094529,-4557.568383027061,-5395.946465336353,1869.8389721649255,0.4444444444444444,0.0,0.025000000000000022,0.7758693963167816,0.9682736302517798,1.0,-0.059086421039519894,0.002541894730802276
1.9666666666666666,21.404605134256865,1.7281652255725646,21.474256122164828,-0.5140192876460915,-0.3433829338198092,-0.009666666666666697,1.208464171115164,-8.165732387415943,90.71603240350927,-4.990105055085667,0.0805632594376834,0.07022309544900748,0.1025114888703475,-4416.920284451509,-5380.740864466732,1868.9804991282053,0.4444444444444444,0.0,0.01666666666666672,0.7524031891947766,0.9651802630481173,1.0,-0.058111688479977726,0.002580021856678136
1.9833333333333334,21.415520101919096,1.712289597263351,21.483864570895925,-0.5195536394447224,-0.32511355958173715,-0.004833333333333316,1.2251811681220097,-8.011267927237697,91.04033046305202,-5.14175343032072,0.07978581400384482,0.06570711993520915,0.10065143983303906,-4260.764510988852,-5361.1035478199865,1868.0472405968558,0.4444444444444444,0.0,0.008333333333333304,0.7262349972405993,0.9614163615750935,1.0,-0.0570124373454513,0.0026157119654017444
2.0,21.427339887827515,1.6924220621510708,21.494073301841595,-0.5247685707823984,-0.3053985278263008,0.0,1.2405756604344487,-7.837296637129394,91.36382763193923,-5.295490849791378,0.07882059971166265,0.06108713185030199,0.0985175731067582,-4087.482701550122,-5336.295881120578,1867.0367017045928,0.4444444444444444,0.0,0.0,0.697082720839876,0.9568712062496779,1.0,-0.05577436524908754,0.0026485785803895133
2.0166666666666666,21.44009064458035,1.6683658474381162,21.504904823056524,-0.5296387719387624,-0.2841205848230686,0.004833333333333316,1.2544435538039718,-7.6416198660360575,91.68654177797313,-5.451271912808121,0.07765874783073766,0.05636085565593768,0.0960938962408323,-3895.3979344683817,-5305.399941016993,1865.946758616684,0.4444444444444444,0.0,-0.008333333333333304,0.6646546058786801,0.9514066298129724,1.0,-0.054381825422278166,0.0026781859687214607
2.033333333333333,21.453793072214395,1.6399179932884804,21.51637906828437,-0.5341369313767284,-0.26115822448475734,0.009666666666666632,1.2665575365401551,-7.421851474850232,92.00849465712609,-5.609046143030823,0.07629117721752157,0.051526038076263436,0.09336389538266253,-3682.814449708594,-5267.274125112623,1864.7757630608594,0.4444444444444444,0.0,-0.016666666666666607,0.628656478634736,0.9448501385688838,1.0,-0.05281783683185878,0.002704048829183375
2.05,21.468460932901124,1.6068712247417538,21.528512488335206,-0.5382336969160456,-0.23638891160698033,0.014499999999999947,1.2766681096356205,-7.175424004442107,92.32971227870546,-5.768757415178224,0.07470868976981383,0.04658035948040434,0.09031080502466372,-3448.072172039371,-5220.497769751749,1863.5226649710485,0.4444444444444444,0.0,-0.02499999999999991,0.5888016422952591,0.9369863583169824,1.0,-0.05106412807508705,0.0027256344915417147
2.0666666666666664,21.484099321248824,1.5690170947269682,21.54131700451088,-0.5418977047100487,-0.20969369513125985,0.019333333333333265,1.2845061755948946,-6.899599806448497,92.65022528607079,-5.93034333282521,0.07290212436826347,0.04152132399743186,0.08691801406450657,-3189.6178337158085,-5163.302966638056,1862.1871543922448,0.4444444444444444,0.0,-0.033333333333333215,0.5448237429177699,0.9275465823220312,1.0,-0.04910121659224863,0.0027423684435879314
2.0833333333333335,21.500702685571387,1.5261508987322026,21.554798828544833,-0.5450957025849619,-0.18096353965427794,0.024166666666666708,1.2897875676640727,-6.591487138711532,92.97006934787991,-6.0937345583830185,0.07086259177989908,0.036346131463556516,0.08316964947393138,-2906.0936774699862,-5093.492428713728,1860.7698228772686,0.4444444444444444,0.0,-0.04166666666666674,0.4964927533065595,0.9161963600267016,1.0,-0.04690852321034716,0.002753644000859598
2.1,21.51825261422012,1.4780789878746197,21.568957162176098,-0.5477927998487352,-0.15010770657832032,0.029000000000000022,1.292219846035019,-6.248061464104893,93.28928555355192,-6.258854097269447,0.0685818185467794,0.031051539402895723,0.07905138508315175,-2596.4434479990005,-5008.344024115459,1859.2723431250604,0.4444444444444444,0.0,-0.050000000000000044,0.443633977939282,0.9025214468304255,1.0,-0.04446452371686356,0.0027588368162599717
2.1166666666666667,21.53671542983846,1.4246292118830572,21.583782798601188,-0.5499528808002885,-0.11706447014229543,0.03383333333333334,1.2915115612256527,-5.866193560250339,93.60792080527433,-6.4256165393335865,0.06605263237635671,0.025633730153320003,0.07455152584099095,-2260.033642182868,-4904.506371754184,1857.6976633648317,0.4444444444444444,0.0,-0.05833333333333335,0.3861496500501242,0.8860132119016519,1.0,-0.04174694890342783,0.002757324656998161
2.1333333333333333,21.556039676286506,1.365665251565774,21.599256656305844,-0.5515392226871817,-0.08181432145583306,0.038666666666666655,1.2873839782528327,-5.442689620281,93.92602819720359,-6.593927262268993,0.06326962245119212,0.0200882066430014,0.069662413127944,-1896.7858276316144,-4777.8970200639,1856.0502097479523,0.4444444444444444,0.0,-0.06666666666666665,0.3240422843318372,0.8660560418892561,1.0,-0.038733069944148164,0.0027485124352214074
2.15,21.57615364094253,1.3011054571273022,21.61534828190663,-0.5525153587950822,-0.04439554100797716,0.04349999999999997,1.27958497518047,-4.974355698769683,94.24366736989961,-6.7636816051057425,0.060230001065406755,0.014409749182543667,0.06438217729554535,-1507.3133326916004,-4623.626946548988,1854.3360855409687,0.4444444444444444,0.0,-0.07499999999999996,0.25743848566136074,0.8419217536975173,1.0,-0.0354001570270639,0.0027318618808500456
2.1666666666666665,21.59696313053453,1.2309463517284451,21.63201436257154,-0.5528462206177238,-0.0049215331253379055,0.048333333333333284,1.267904506700337,-4.4581108913144,94.56090482333587,-6.934764026936462,0.0569346715982835,0.008592472942456568,0.058716819277457914,-1093.0528272257093,-4435.993991618069,1852.5632500895613,0.4444444444444444,0.0,-0.08333333333333326,0.18661141769092107,0.8127799508891985,1.0,-0.03172628480018567,0.0027069245556936247
2.183333333333333,21.618349808681117,1.1552900076992447,21.649197293488566,-0.5524995752248185,0.0364014667798248,0.053166666666666605,1.2521907172394453,-3.8911903472126093,94.877814163224,-7.107047280019027,0.05338946387193989,0.00263002825608933,0.05268252089144185,-656.3782766518326,-4208.613132430981,1850.7416535126995,0.4444444444444444,0.0,-0.09166666666666656,0.1119996212211732,0.777738868120605,1.0,-0.027691777117505152,0.002673376254279833
2.2,21.640170496105586,1.0743728912008792,21.66682386068309,-0.5514477395250824,0.07925882473166634,0.058000000000000045,1.2323655834670921,-3.2714963063895084,95.1944762406738,-7.28039165149665,0.04960642410267344,-0.0034840210487904963,0.046307951745632375,-200.68148231297064,-3934.77763621498,1848.883295692625,0.4444444444444444,0.0,-0.10000000000000009,0.03421935551109538,0.7359381646636651,1.0,-0.02328170520421208,0.0026310503999708566
2.216666666666667,21.66225790491646,0.9885914631404088,21.68480414069054,-0.5496694917074844,0.12321891645827375,0.06283333333333337,1.2084383344940974,-2.598146561944883,95.51097912302417,-7.454644367508221,0.04560494161760403,-0.009755610177558369,0.039636140687977744,269.5996139511363,-3608.1555922023713,1847.0021722352853,0.4444444444444444,0.0,-0.10833333333333339,0.045932797589323296,0.6867216945985778,1.0,-0.018489790807465448,0.0025799666965429435
2.2333333333333334,21.68442333829015,0.8985159475817878,21.70303081189909,-0.5471519344430128,0.1677437139961379,0.06766666666666668,1.1805164736692935,-1.8722437239265313,95.82741780876229,-7.629639301171515,0.041412318380620025,-0.01618905757122776,0.03272485208008558,749.0177047990904,-3223.881673135445,1845.1140660741964,0.4444444444444444,0.0,-0.1166666666666667,0.12748917561662546,0.6299202678036678,1.0,-0.013323880685960328,0.002520354659273653
2.25,21.706461688348273,0.8048828225712769,21.721379223838472,-0.5438921284452588,0.21220214682109487,0.0725,1.1488200717686243,-1.0979622409060967,96.14389356601974,-7.805197196590706,0.037063352224176845,-0.02278639522679126,0.025645518633541455,1231.247916200888,-2779.985900388076,1843.236149629143,0.4444444444444444,0.0,-0.125,0.20933705297563135,0.5662726032728478,1.0,-0.007813682432777393,0.002452684130319272
2.2666666666666666,21.72815850330552,0.7085630969656894,21.73970868266522,-0.5398983460008036,0.2559024267319304,0.07733333333333331,1.1136820414905961,-0.2834309605794143,96.46051276237556,-7.9811266632888564,0.03259880889480283,-0.02954712606385001,0.018480379853025326,1709.3592275408762,-2278.915962681273,1841.386413252867,0.4444444444444444,0.0,-0.1333333333333333,0.29026862268476095,0.4980142700709672,1.0,-0.00201704524534191,0.0023776658647514373
2.283333333333333,21.749298762728582,0.6105021546607736,21.757865464040183,-0.5351905229828963,0.29814775277848904,0.08216666666666662,1.0755446193498561,0.5587753797561081,96.7773850987942,-8.157226148632997,0.028062600736870617,-0.03646777476915135,0.011316727555281887,2176.1927901789772,-1728.6312205225697,1839.5829483403209,0.4444444444444444,0.0,-0.1416666666666666,0.36904875868938114,0.4296554461249469,1.0,0.003976542367309177,0.0022962440195430094
2.3,21.769676411899315,0.5116369633599701,21.775687898688336,-0.5297996607224686,0.3383021620733412,0.08699999999999994,1.03494807369479,1.4120133513661983,97.09462124930917,-8.333286980493858,0.02349795113162398,-0.04354183461764281,0.004239201160666001,2624.8150768282258,-1142.6475748929713,1837.8431537339438,0.4444444444444444,0.0,-0.1499999999999999,0.4444945078998045,0.368869629613185,1.0,0.010048636926996833,0.0022095720456448927
2.3166666666666664,21.78910326648074,0.41280751975584085,21.793013357627455,-0.5237661568917784,0.37585177462380875,0.09183333333333325,0.9925080540020763,2.2570632866396103,97.41233005136498,-8.509097352627451,0.0189433284568539,-0.0507602321013309,-0.0026783084008336283,3048.995081802509,-538.6616103217788,1836.1829765889781,0.4444444444444444,0.0,-0.15833333333333321,0.5155571039447429,0.3266570728474163,1.0,0.01606246107145596,0.0021189643296511207
2.3333333333333335,21.80741588297244,0.314684488286346,21.809686238460348,-0.5171373094091355,0.41044573055677486,0.0966666666666667,0.9488802184818772,3.0745030068587074,97.73061554028962,-8.684446867444038,0.01442915797568169,-0.05811224156667812,-0.009379143409912276,3443.633354482078,64.02814506692513,1834.6163073135085,0.4444444444444444,0.0,-0.16666666666666674,0.58139385534978,0.3138576730239314,1.0,0.021879796261834963,0.002025820675174545
2.35,21.824479450711433,0.217730126732301,21.825565507051873,-0.5099643951289258,0.44191376116169195,0.10150000000000002,0.904715113954412,3.847333261758852,98.04957420555343,-8.85913106538682,0.009976086906190096,-0.06558643114796164,-0.01582735969467415,3805.066637130461,647.4883448216211,1833.1546171071918,0.4444444444444444,0.0,-0.17500000000000004,0.6414169848272613,0.33291751283041066,1.0,0.02737966680496832,0.0019315299732183709
2.3666666666666667,21.840188524414522,0.122195085616576,21.840530360339617,-0.5022997206732792,0.4702537810505673,0.10633333333333334,0.8606156906950787,4.562816459504795,98.36929281672313,-9.032955352955467,0.0055949064017452865,-0.07317125375540187,-0.022008054902093923,4131.191407101843,1197.5357146626368,1831.8068644353007,0.4444444444444444,0.0,-0.18333333333333335,0.6953104212922899,0.3753571386607955,1.0,0.03247142523243596,0.0018373794980983788
2.3833333333333333,21.85446499783249,0.02814862828762501,21.854483125591415,-0.49419433921071587,0.49558115648780543,0.11116666666666665,0.8170969140746827,5.213284510123239,98.6898470142366,-9.20573793626827,0.0012880028280116073,-0.08085665566782113,-0.02792331298565079,4421.427257299302,1704.8628038411048,1830.5796432573366,0.4444444444444444,0.0,-0.19166666666666665,0.7430188644776996,0.4297121737271055,1.0,0.03710050134347407,0.0017444686799374196
2.4,21.867254319843166,-0.06447106731095315,21.86734935942671,-0.48569656349172013,0.5180845290710673,0.11599999999999996,0.774560522883231,5.795912834521086,99.01130069859508,-9.377311598132236,-0.0029482842045701306,-0.08863453933109747,-0.03358703524188573,4676.531213434812,2164.900104853186,1829.4774981402975,0.4444444444444444,0.0,-0.19999999999999996,0.7847119093214571,0.4876417448294357,1.0,0.04124679393312547,0.0016536552147133042
2.4166666666666665,21.87852106485733,-0.1558046512579313,21.879075827711727,-0.4768511415376061,0.5379888358916147,0.12083333333333328,0.7332892878757862,6.31174158280619,99.33370610975925,-9.54752439122815,-0.007121231689674724,-0.09649853803195863,-0.03902001625589413,4898.305440174704,2576.887776421409,1828.5033081366462,0.4444444444444444,0.0,-0.20833333333333326,0.8207313180709876,0.5444230246708219,1.0,0.044917705261980155,0.0015655428064877068
2.433333333333333,21.8882446425632,-0.2460274284419784,21.88962729304093,-0.4676989459233574,0.5555284464539493,0.1256666666666666,0.6934556326065718,6.764461815342633,99.6571044106852,-9.716239473143721,-0.011239689253605922,-0.10444353925533006,-0.044245929103749075,5089.2721398902695,2942.6787454991654,1827.6586666542369,0.4444444444444444,0.0,-0.21666666666666656,0.8515341591341358,0.5977245144637674,1.0,0.04813950287590688,0.00148049957253637
2.45,21.896415590440018,-0.3353172286537712,21.89898292964988,-0.4582770015892273,0.5709306049267877,0.13050000000000003,0.6551387520655383,7.159300180392048,99.98152658100308,-9.88333435316675,-0.01531259849121485,-0.11246513762659534,-0.04928852170777495,5252.3709460947475,3265.642263700363,1826.9442143124033,0.4444444444444444,0.0,-0.2250000000000001,0.8776410232558761,0.6465725153401939,1.0,0.05094938237980233,0.0013986945909419503
2.466666666666667,21.903032609095977,-0.423834118664352,21.907132921385802,-0.4486187012391705,0.5844070124018546,0.13533333333333336,0.6183449097965416,7.502156797397096,100.30699445887241,-10.048699795194286,-0.01934806187923681,-0.12055914689358452,-0.05416993200868269,5390.709325081295,3549.8337802862643,1826.3599074824167,0.4444444444444444,0.0,-0.2333333333333334,0.8995941275659362,0.6907211198545331,1.0,0.053389332157167166,0.0013201412341158395
2.4833333333333334,21.908100318660683,-0.5117097115628445,21.91407553152558,-0.43875410131175946,0.5961508064731401,0.14016666666666666,0.5830272310925044,7.799018485651455,100.6335218148436,-10.212238564608626,-0.023352854854943313,-0.12872123791703657,-0.05890985684169671,5507.375659058636,3799.4490571631904,1825.9052224962575,0.4444444444444444,0.0,-0.2416666666666667,0.9179265627199659,0.7302964546930201,1.0,0.05550195759368809,0.0012447394264648388
2.5,21.911627625798715,-0.5990433248724827,21.91981473728142,-0.4287102338102663,0.6063365970377688,0.145,0.549103001222728,8.055602574716447,100.96111538448265,-10.373864147095041,-0.02733225278790952,-0.13694671909020775,-0.06352528959215217,5605.31133509601,4018.5089824043407,1825.579304410871,0.4444444444444444,0.0,-0.25,0.9331417506156171,0.7656006367344496,1.0,0.05732794624299063,0.001172312575402942
2.5166666666666666,21.91424609279741,-0.6861371996459968,21.924984973140223,-0.41851372577076507,0.6148418507450538,0.14258333333333334,0.5551049396728085,8.251201121192098,101.28978063885646,-10.533504269804798,-0.031299872999197356,-0.1379973989359936,-0.06802523347267787,5647.493064914158,4215.4929974835495,1825.3428930705359,0.4444444444444444,0.0,-0.24583333333333335,0.9403251858040885,0.7966761483960144,1.0,0.05871992938187555,0.0011851264698929664
2.533333333333333,21.91601407827661,-0.7730874662458452,21.929645170628845,-0.4081936051374186,0.6216152616373924,0.14016666666666666,0.5635114224378113,8.411721590561173,101.61951996930665,-10.691101356100116,-0.035260382891801084,-0.13914079731839463,-0.07241102245191483,5670.135044708856,4389.355174128652,1825.1781858047223,0.4444444444444444,0.0,-0.2416666666666667,0.9443560812531171,0.8241848668004154,1.0,0.059862278294143464,0.0012030739687017072
2.55,21.91695895619159,-0.8597289108903555,21.933814617790663,-0.3977775475342375,0.6267805446923179,0.13775,0.5729082784816426,8.5490463050574,101.95033143571287,-10.846605879649802,-0.03920655030955309,-0.1403656724062532,-0.0766835716824183,5684.5646342336895,4542.567444718971,1825.082530388551,0.4444444444444444,0.0,-0.23750000000000004,0.9470613439299965,0.8484858415227579,1.0,0.06083955389549733,0.0012231358741819256
2.5666666666666664,21.91710175112641,-0.945824582876117,21.937500616770386,-0.3872906400801314,0.6305045270288909,0.13533333333333336,0.5827365128957399,8.66902953487981,102.28220987917682,-10.999973705957329,-0.0431278781868207,-0.14165274918216575,-0.08084291589100678,5695.412057349793,4677.440885654196,1825.0541041945612,0.4444444444444444,0.0,-0.2333333333333334,0.9491886722512839,0.8699134779608853,1.0,0.06169341828186964,0.0012441187549383553
2.5833333333333335,21.91646438115821,-1.031131158357325,21.940707427891013,-0.37675511427709346,0.6329583573189637,0.13291666666666663,0.5927728430279005,8.775017964249901,102.61514756425666,-11.151164802258101,-0.04701357543624538,-0.14298133984097655,-0.08488895261839377,5704.6278775621995,4796.100361880627,1825.0911217355767,0.4444444444444444,0.0,-0.22916666666666663,0.9510535218140257,0.8887801164386074,1.0,0.06244768823560075,0.001265545911589526
2.6,21.91507195742578,-1.1154231215895896,21.94343974037176,-0.3661904497871957,0.6343024195402609,0.13049999999999998,0.6029337742881986,8.869196462849906,102.94913461443586,-11.300142515159456,-0.05085365123679752,-0.14433185028237633,-0.08882167050872052,5713.011932967798,4900.480487286914,1825.1915730283254,0.4444444444444444,0.0,-0.22499999999999998,0.9527854987978792,0.905375361769595,1.0,0.06311791244973121,0.0012872390865816996
2.6166666666666667,21.9129531988495,-1.198500393753828,21.945703932405465,-0.35561361786244605,0.6346809586094777,0.12808333333333333,0.613193979230319,8.95316019959403,103.28415934206198,-11.446873108039206,-0.05463925644505071,-0.14568665824261842,-0.09264118454958618,5720.8606455971,4992.326355257195,1825.3531608872531,0.4444444444444444,0.0,-0.22083333333333333,0.9544327728846163,0.9199647707834517,1.0,0.06371544299344689,0.0013091442068470691
2.6333333333333333,21.91014012805007,-1.2801890980877937,21.947508390650015,-0.3450393656657223,0.6342209490305318,0.12566666666666665,0.6235508074926485,9.028173111509505,103.62020851615803,-11.591325427052777,-0.05836271384027594,-0.14703030549616536,-0.09634770588316292,5728.255607820922,5073.198146521271,1825.5733146681935,0.4444444444444444,0.0,-0.21666666666666667,0.9560086785942105,0.932789058132684,1.0,0.06424927471390908,0.0013312556139713813
2.65,21.90666753031764,-1.360339605366051,21.94886343585473,-0.3344804980842294,0.6330328182712206,0.12325,0.634008849400494,9.09528967847754,103.95726758832035,-11.73347063684884,-0.062017425868397376,-0.14834940310121505,-0.09994149719068829,5735.193957929134,5144.479711265182,1825.8492306399692,0.4444444444444444,0.0,-0.21250000000000002,0.9575127972482463,0.9440641665370203,1.0,0.06472691184998552,0.0013535831081124767
2.6666666666666665,21.902572377946367,-1.4388236846081761,21.949781100652658,-0.3239481387256963,0.6312119187602422,0.12083333333333335,0.6445734925135587,9.155415147746528,104.29532088701575,-11.873281998702513,-0.06559774277357143,-0.14963242784232175,-0.1034228323864619,5741.646291078772,5207.3903912741225,1826.1779180908443,0.4444444444444444,0.0,-0.20833333333333337,0.9589403387086904,0.9539821397047212,1.0,0.06515479662187156,0.001376138191491207
2.683333333333333,21.897893300531752,-1.5155315501835165,21.950274870285224,-0.313451963572159,0.6288402259969087,0.11841666666666668,0.6552485156322859,9.209337717034082,104.63435178621855,-12.010734677998803,-0.06909882691100683,-0.15086949020273363,-0.10679196583360355,5747.581050151194,5262.998912049434,1826.5562427123614,0.4444444444444444,0.0,-0.20416666666666672,0.9602861045450586,0.9627125833590611,1.0,0.06553853826313663,0.0013989289316928344
2.7,21.89267012787195,-1.5903691250412073,21.95035943399791,-0.30300040630598346,0.6259880193554713,0.11599999999999996,0.6660354505921352,9.257747854888146,104.97434285233666,-12.145805574432883,-0.07251652759317083,-0.15205210898857674,-0.11004911101277168,5752.9735691816095,5312.2381935493695,1826.9809642972718,0.4444444444444444,0.0,-0.19999999999999996,0.9615459665366235,0.9704044813399029,1.0,0.06588305051467497,0.0014219585991237643
2.716666666666667,21.886943508692664,-1.6632556260760571,21.95005046532644,-0.29260083683101024,0.6227154387737023,0.11358333333333331,0.6769336710917027,9.301251605851325,105.31527597241114,-12.27847317118978,-0.07584727112761593,-0.15317300656235178,-0.11319442687058814,5757.808308476364,5355.9201645156945,1827.4487681852377,0.4444444444444444,0.0,-0.1958333333333333,0.9627172405431703,0.977188171780998,1.0,0.0661926463113213,0.0014452258566559717
2.7333333333333334,21.880754598968114,-1.7341214839990644,21.949364435935983,-0.282259715529548,0.6190738777325584,0.11116666666666665,0.687940738616516,9.340380921096791,105.65713246604743,-12.408717400667015,-0.07908796647672912,-0.15422592882902553,-0.11622800983042764,5762.078268259366,5394.749948474508,1827.9562908744422,0.4444444444444444,0.0,-0.19166666666666665,0.9637986008627771,0.9831773410418118,1.0,0.06647111130014258,0.0014687254981602326
2.75,21.874144810503754,-1.8029065722144753,21.948318461764273,-0.2719827260843769,0.615107205598437,0.10874999999999999,0.6990528008579917,9.375602335260467,105.999893183196,-12.536519524900656,-0.08223592527576772,-0.15520548972491952,-0.11914988972314847,5765.7834065988345,5429.339038402688,1828.5001405600374,0.4444444444444444,0.0,-0.1875,0.9647898309815344,0.9884709416694113,1.0,0.06672176558938406,0.001492449299114397
2.7666666666666666,21.867155610122417,-1.8695587067548185,21.946930177938576,-0.2617748896357462,0.610852827652116,0.10633333333333334,0.7102649601853398,9.40732455186291,106.34353858963969,-12.661862029152667,-0.08528879440285392,-0.15610703815210408,-0.12196002829221517,5768.928865516666,5460.217266569859,1829.0769134198263,0.4444444444444444,0.0,-0.18333333333333335,0.9656915413226856,0.9931549789460732,1.0,0.06694751773035998,0.0015163868032759158
2.783333333333333,21.85982836059801,-1.9340323779927207,21.9452176383359,-0.2516406628295495,0.606342597570276,0.10391666666666667,0.7215715847617006,9.435905178178729,106.68804884182302,-12.784728527293444,-0.08824449925286763,-0.15692654471011547,-0.12465831929587284,5771.523331567735,5487.843507603372,1829.6832064102716,0.4444444444444444,0.0,-0.1791666666666667,0.9665049072421728,0.9973041381019049,1.0,0.06715091264636126,0.0015405259869021425
2.8,21.85214313832598,-1.9964774186576144,21.943155694227233,-0.24158275704101767,0.6017565387589924,0.10150000000000002,0.7274500828860881,9.446155961242743,107.03340305303026,-12.905104875503657,-0.09111006022609971,-0.15766049055164671,-0.12725536130936474,5774.390506989665,5491.596043450532,1823.5715229956268,0.4444444444444444,0.0,-0.17500000000000004,0.967227617828243,0.9973278329407896,1.0,0.06722386266282394,0.0015530763413171731
2.8166666666666664,21.84410071406316,-2.0570213183188364,21.940740021935287,-0.2316009321180714,0.5972036287844509,0.09908333333333336,0.7339683019723537,9.455420647568022,107.37957866328988,-13.02298017688747,-0.09389139739715661,-0.15830764198917952,-0.12977074732175342,5776.920264438899,5494.633508079889,1818.154316367078,0.4444444444444444,0.0,-0.1708333333333334,0.9678648263488024,0.9973046554188468,1.0,0.06728979509117894,0.0015669924739681422
2.8333333333333335,21.835739410158244,-2.1156855226685014,21.93799536920288,-0.22169470482326697,0.5926771877466595,0.09666666666666664,0.7411287219369077,9.463926154728137,107.72655312193463,-13.138344339500392,-0.09658944645379366,-0.15886926995756465,-0.13220518400105,5778.832478150719,5497.569996439422,1813.4179766705547,0.4444444444444444,0.0,-0.16666666666666663,0.968421280558611,0.9972790440159731,1.0,0.06735032479739543,0.0015822796793757265
2.85,21.827095569927252,-2.172488683951277,21.93494490762706,-0.211863702451164,0.588170681459419,0.09424999999999999,0.7488479551490314,9.471719505728545,108.07430407049416,-13.2511877726063,-0.0992050019463411,-0.15934660045994095,-0.1345590604906894,5780.167279152259,5500.419929897821,1809.2722719303908,0.4444444444444444,0.0,-0.16249999999999998,0.968900714024497,0.9972513212875795,1.0,0.06740578642215414,0.0015987599283397453
2.8666666666666667,21.818203891666148,-2.2274468127497458,21.93161052822945,-0.20210765853109472,0.5836778294050667,0.09183333333333332,0.7570574347664398,9.478841972610269,108.4228093339503,-13.361501361992126,-0.101738724850314,-0.15974070745582358,-0.1368326491420704,5780.9608935986025,5503.194855648199,1805.643888881544,0.4444444444444444,0.0,-0.15833333333333333,0.9693067461513637,0.9972217499232396,1.0,0.06745647367921849,0.001616286833440558
2.8833333333333333,21.809097675614083,-2.2805734383973366,21.92801305710116,-0.192426408838324,0.5791925805634324,0.08941666666666666,0.7656991504028858,9.485329197971636,108.7720469147322,-13.469276448351845,-0.10419115057558824,-0.16005252252715496,-0.13902611176383872,5781.24502518932,5505.904295734527,1802.471326817256,0.4444444444444444,0.0,-0.15416666666666667,0.9696426146250823,0.9971905509065172,1.0,0.06750264022024795,0.0016347365448628284
2.9,21.79980901594022,-2.331879756988423,21.924172420698593,-0.182819887881881,0.5747090829993512,0.08700000000000001,0.7747231823017133,9.491211552936424,109.12199498856303,-13.574504808318036,-0.10656269640944997,-0.1602828444403557,-0.14113950502093742,5781.04681971133,5508.556245667134,1799.7020047365722,0.4444444444444444,0.0,-0.15000000000000002,0.9699110771458538,0.9971579137541364,1.0,0.06754450218228936,0.0016540024859563495
2.9166666666666665,21.790368957883853,-2.3813747632585525,21.920107779931033,-0.17328812592001938,0.570221651821585,0.08458333333333334,0.7840861196493727,9.496514563495198,109.4726319016853,-13.677178637804213,-0.10885366818876312,-0.16043234804998596,-0.14317278501886072,5780.389065283761,5511.157496289141,1797.2904470577178,0.4444444444444444,0.0,-0.14583333333333337,0.9701143872734942,0.9971240029183279,1.0,0.06758224122184844,0.001673991976399726
2.933333333333333,21.78080763053989,-2.4290653656037597,21.915837642877364,-0.1638312465081047,0.5657247374355128,0.0821666666666667,0.7937499467852499,9.501259325577228,109.82393616919045,-13.777290537379168,-0.111064266158492,-0.16050159235385733,-0.14512581112650041,5779.290465837345,5513.713859233125,1795.197031964477,0.4444444444444444,0.0,-0.14166666666666672,0.9702543003910445,0.9970889621998419,1.0,0.06761600746876188,0.0016946238543036562
2.95,21.77115436128165,-2.474956484812514,21.911379961665318,-0.15444946456588168,0.5612128947698997,0.07974999999999997,0.8036812009134616,9.505462874642522,110.17588647427668,-13.874833499440431,-0.1131945900437753,-0.16049102767371842,-0.14699834909519838,5777.765914131614,5516.2303348779005,1793.3870601185658,0.4444444444444444,0.0,-0.13749999999999996,0.9703320896297205,0.9970529180342845,1.0,0.0676459221564106,0.001715826677959873
2.966666666666667,21.76143777560716,-2.519051137569541,21.906752216960705,-0.1451430849462353,0.5566807535901399,0.07733333333333331,0.8138503036275478,9.509138497780768,110.52846166831335,-13.969800896992517,-0.11524464338880801,-0.16040100200499155,-0.14879007352807833,5775.826732790379,5518.711242835072,1791.8300244113523,0.4444444444444444,0.0,-0.1333333333333333,0.9703485626642178,0.9970159820744153,1.0,0.0676720798427816,0.0017375372986735485
2.9833333333333334,21.751685885036725,-2.5613505058931616,21.90197149243294,-0.13591250148861397,0.5521229897550928,0.07491666666666666,0.8242310139773356,9.51229598648591,110.88164077162106,-14.062186473869177,-0.11721433722156022,-0.1602317666041319,-0.1505005697465274,5773.480871402911,5521.160326092931,1790.4990179010788,0.4444444444444444,0.0,-0.12916666666666665,0.970304075387859,0.9969782532900261,1.0,0.06769455020934603,0.0017596996930832913
3.0,21.74192616502622,-2.6018539936000855,21.897054540952865,-0.1267581965439511,0.5475342971629689,0.0725,0.8347999724925714,9.514941832451427,111.23540297489855,-14.151984336268113,-0.11910349310023029,-0.15998348088725411,-0.15212933509214252,5770.733056433791,5523.580835542649,1789.3702439051274,0.4444444444444444,0.0,-0.125,0.9701985407904775,0.9969398197120818,1.0,0.06771337945444242,0.0017822639896701484
3.0166666666666666,21.732185624442902,-2.640559270755697,21.892017843899556,-0.11768074096270832,0.5429093600844566,0.07008333333333333,0.8455363165067784,9.51707937000624,111.58972764124175,-14.239188945492131,-0.1209118455906758,-0.15965621671019498,-0.15367577969371096,5767.584894208322,5525.975599291323,1788.4226056037312,0.4444444444444444,0.0,-0.12083333333333335,0.9700314323741754,0.9969007599006882,1.0,0.06772859130692623,0.0018051856474896831
3.033333333333333,21.72249086786344,-2.67746230691097,21.886877664695334,-0.1086807945429259,0.5382428255611957,0.06766666666666668,0.8564213530490874,9.518708868742289,111.94459430871294,-14.323795111813459,-0.1226390442163525,-0.1592499620935035,-0.155139226720349,5764.034928338892,5528.347079845869,1787.6373596646438,0.4444444444444444,0.0,-0.1166666666666667,0.9698017818478567,0.9968611441914088,1.0,0.06774018768535685,0.0018284247578093397
3.05,21.712868151743077,-2.7125573937697762,21.88165009750119,-0.09975910694064263,0.5335292755372925,0.06525000000000002,0.8674382790742332,9.519827579233432,112.2999826934274,-14.405797989398073,-0.12428465491458073,-0.15876462444839157,-0.1565189121339143,5760.078652941201,5530.6974214357915,1786.9978225556827,0.4444444444444444,0.0,-0.11250000000000004,0.9695081709650905,0.9968210357599975,1.0,0.0677481490233577,0.0018519454468108622
3.0666666666666664,21.70334343534158,-2.7458371577804668,21.876351111861236,-0.09091651905068142,0.5287631983824711,0.06283333333333337,0.8785719410632875,9.520429733867015,112.65587269313345,-14.485193072245265,-0.12584816102566213,-0.15820003335249105,-0.1578139839462169,5755.708482473858,5533.028489198561,1786.4891208549052,0.4444444444444444,0.0,-0.10833333333333339,0.9691487173621464,0.9967804915364528,1.0,0.0677524342755339,0.0018757153623476374
3.0833333333333335,21.693942427162064,-2.7772925630051164,21.87099659397225,-0.08215396487160313,0.5239389594536563,0.06041666666666664,0.8898086276065718,9.520506503862304,113.01224439126925,-14.561976191114534,-0.12732896383457917,-0.15755594291774289,-0.15902350097926285,5750.9136783016575,5535.341901564195,1786.0979786917108,0.4444444444444444,0.0,-0.10416666666666663,0.968721054183152,0.9967395629930417,1.0,0.06775298061159284,0.0018997052311176496
3.1,21.68469062755347,-2.8069129044880663,21.86560238516394,-0.07347247387468497,0.5190507703251623,0.05799999999999998,0.9011358897488323,9.520045912592288,113.36907806148672,-14.636143511427804,-0.1287263826787008,-0.15683203378701066,-0.16014643111963922,5745.680231252625,5537.639056886459,1785.8125367957837,0.4444444444444444,0.0,-0.09999999999999998,0.968222303178112,0.9966982968263467,1.0,0.06774970279949591,0.0019238884751077356
3.1166666666666667,21.675613368040924,-2.834685792220654,21.860184318102444,-0.06487317390317024,0.5140926562950177,0.055583333333333325,0.9125423847777803,9.519032704370783,113.72635417263926,-14.707691532150292,-0.13003965462899797,-0.1560279147910469,-0.16118164905103982,5739.990698556092,5539.921155143895,1785.622198669745,0.4444444444444444,0.0,-0.09583333333333333,0.9676490408397795,0.9966567355498926,1.0,0.06774249227167796,0.0019482408780884706
3.1333333333333333,21.666735847876613,-2.8605971256790035,21.854758251170487,-0.056357294634877,0.5090584217453477,0.05316666666666667,0.9240177398502899,9.517448166906318,114.08405339423585,-14.776617085668418,-0.1312679337466371,-0.15514312429320157,-0.16212793344167958,5733.823992621178,5542.18921535496,1785.5175002327499,0.4444444444444444,0.0,-0.09166666666666667,0.966997257011264,0.9966149180111563,1.0,0.06773121586153479,0.001972740294461648
3.15,21.658083168244158,-2.884631058794242,21.849340101429636,-0.04792617164866666,0.5039416128973488,0.05075000000000001,0.9355524324249581,9.515269904639634,114.4421566023704,-14.842917338698317,-0.1324102899113571,-0.1541771312456627,-0.16298396355580053,5727.1551181326,5544.444089204947,1785.4899999650604,0.4444444444444444,0.0,-0.08750000000000002,0.9662623052478491,0.996572879844541,1.0,0.06771571419037246,0.0019973663939886577
3.1666666666666665,21.64968036449973,-2.906769955097157,21.84394587653203,-0.03958125114339962,0.49873547745528074,0.04833333333333335,0.9471376849375052,9.51247155914888,114.80064488614106,-14.906589794274263,-0.13346570721263748,-0.15312933597801237,-0.16374831525047107,5719.954852884917,5546.686471259304,1785.53218715662,0.4444444444444444,0.0,-0.08333333333333337,0.9654388440516858,0.9965306538701106,1.0,0.06769579967766218,0.0020221004369267485
3.183333333333333,21.641552436791134,-2.9269943326598606,21.83859170591829,-0.03132409536700064,0.4934329205780309,0.045916666666666696,0.958765371539818,9.509022471700629,115.15949955458015,-14.967632294882621,-0.1344330818892245,-0.15199907073640367,-0.16441945631026011,5712.189366623924,5548.91690603164,1785.6374063539656,0.4444444444444444,0.0,-0.07916666666666672,0.9645207679136196,0.9964882704463914,1.0,0.06767125413957402,0.00204692507492068
3.2,21.633724379360793,-2.945282798333132,21.833293871615126,-0.023156388823295335,0.488026456549914,0.04349999999999997,0.9704279350414867,9.504887281817018,115.51870214412209,-15.026043026824746,-0.13531121979699356,-0.15078559998967628,-0.16499574106294734,5703.819770887846,5551.135792080134,1785.7997965309723,0.4444444444444444,0.0,-0.07499999999999996,0.963501126888322,0.996445757784353,1.0,0.06764182593216762,0.0020718241736762807
3.216666666666667,21.6262212088083,-2.961611970647428,21.828068838928285,-0.01507994533556245,0.48250815544296616,0.04108333333333331,0.9821183124583084,9.500025454390341,115.8782344266429,-15.081820525911223,-0.13609883337928033,-0.1494881205172047,-0.16547540420902368,5694.80159141142,5553.343383218565,1786.0142438978557,0.4444444444444444,0.0,-0.0708333333333333,0.9623720331924733,0.9964031422286463,1.0,0.0676072265860884,0.002096782654009532
3.2333333333333334,21.619067991562137,-2.9759563906055857,21.822933287314353,-0.0070967160584978935,0.4768695839693415,0.038666666666666655,0.9938298677967781,9.494390726373869,116.23807841811289,-15.13496368461105,-0.13679453810760364,-0.14810576129218805,-0.1658565537861281,5685.084153040015,5555.5397868442915,1786.276347625234,0.4444444444444444,0.0,-0.06666666666666665,0.9611245530457069,0.9963604485113389,1.0,0.06756712686892559,0.002121786348344188
3.25,21.61228987078717,-2.9882884194432764,21.81790414170684,0.0007912014552333155,0.47110173961245855,0.03625,1.0055563308970752,9.4879304623769,116.5982163879112,-15.185471760802791,-0.13739684835400687,-0.1466375831734486,-0.16613716317652222,5674.609865262376,5557.724959301515,1786.5823981104975,0.4444444444444444,0.0,-0.0625,0.959748581664448,0.9963176999826553,1.0,0.06752115219928435,0.0021468218701440425
3.2666666666666666,21.60591209293348,-2.998578122266451,21.812998604568428,0.008581553011177218,0.4651949769969098,0.03383333333333334,1.0172917413288314,9.48058490655498,116.95863086886025,-15.23334438830113,-0.13790417264894042,-0.14508257841859312,-0.16631506205096439,5663.313394369883,5559.89869811044,1786.9293677668475,0.4444444444444444,0.0,-0.05833333333333335,0.9582326989631638,0.9962749188225873,1.0,0.06746887732283928,0.00217187649413267
3.283333333333333,21.599960034112463,-3.0067931362899385,21.808234188941018,0.0162719162104562,0.4591389253070932,0.03141666666666668,1.0290303964935037,9.472286315972156,117.31930466804764,-15.278581589362004,-0.13831480827054923,-0.14343967003163105,-0.1663879261256042,5651.120705844348,5562.060630798078,1787.3149146866285,0.4444444444444444,0.0,-0.054166666666666696,0.9565640031087788,0.9962321262366517,1.0,0.06740982014487994,0.00219693804549411
3.3,21.5944592264664,-3.012898522194418,21.80362875276868,0.023859687405152957,0.45292239538993756,0.029000000000000022,1.0407668032447392,9.462957958076863,117.68022087851391,-15.321183789403518,-0.13862693510226126,-0.1417077109588338,-0.16635326558944555,5637.947957819517,5564.210199960098,1787.7373999372019,0.4444444444444444,0.0,-0.050000000000000044,0.95472791860446,0.9961893426385171,1.0,0.06734343459581683,0.002221994796584306
3.3166666666666664,21.589435384677266,-3.0168565968858205,21.799200534774855,0.0313420669837302,0.44653327497445366,0.026583333333333365,1.052495632505961,9.452512952030343,118.04136289189721,-15.361151834218482,-0.13883860868551182,-0.13988548314778151,-0.16620841203813327,5623.700223305324,5566.34664406061,1788.1959197101344,0.4444444444444444,0.0,-0.04583333333333339,0.9527079750407165,0.9961465878216136,1.0,0.06726910238545904,0.0022470353700415014
3.3333333333333335,21.58491443273782,-3.0186267456769045,21.794968192184392,0.03871604276998147,0.4399584102062413,0.024166666666666642,1.0642116765577583,9.440852930309042,118.40271441213946,-15.398487009998842,-0.1389477523830774,-0.1379716964861759,-0.16595050372487744,5608.270015260515,5568.468973332493,1788.6903540877147,0.4444444444444444,0.0,-0.04166666666666663,0.9504855520368671,0.9961038811211804,1.0,0.06718612347826607,0.0022720486475965545
3.35,21.58092253108211,-3.0181652116094018,21.790950840592906,0.04597837128620528,0.43318347142425306,0.021749999999999985,1.0759098089066244,9.427866493224451,118.76425947037502,-15.433191066543191,-0.13895214855558077,-0.13596498763909357,-0.16557646891074088,5591.535584502876,5570.575939967717,1789.2214348463724,0.4444444444444444,0.0,-0.03749999999999998,0.9480395851970693,0.9960612415673942,1.0,0.06709370509489025,0.0022970236843943247
3.3666666666666667,21.577486104141425,-3.0154248592899475,21.78716809630017,0.053125556593559095,0.4261928007955271,0.019333333333333327,1.0875849469583223,9.413427424724976,119.12598244114086,-15.46526624407726,-0.1388494286389811,-0.1338639188058693,-0.165083007063747,5573.358955819324,5572.666001576244,1789.790835525071,0.4444444444444444,0.0,-0.033333333333333326,0.9453462271164395,0.9960186880291707,1.0,0.06699094901487522,0.002321949629302827
3.3833333333333333,21.57463186835411,-3.0103549102156455,21.78364012144114,0.060153826379154014,0.4189692390666007,0.01691666666666667,1.0992320181411526,9.397392633036276,119.48786806006822,-15.494715304184618,-0.13863706199392867,-0.13166697642065509,-0.1644665676186908,5553.583662458592,5574.737276632166,1790.4012880015716,0.4444444444444444,0.0,-0.029166666666666674,0.9423784565914164,0.9959762393468197,1.0,0.06687683692115892,0.002346815652587786
3.4,21.572386860611164,-3.0029006461058168,21.780387672267267,0.06705910490959098,0.4114939282834198,0.014500000000000011,1.1108459307092657,9.379599774351803,119.8499014432397,-15.521541565422659,-0.13831234337832818,-0.12937256982372075,-0.1637233259665047,5532.032133461825,5576.787490302033,1791.0567311119005,0.4444444444444444,0.0,-0.025000000000000022,0.9391056282163955,0.9959339144497906,1.0,0.06675021348899332,0.002371610883578896
3.4166666666666665,21.570778467062244,-2.993003076223263,21.777432150952922,0.07383698241344275,0.403746086870871,0.012083333333333354,1.122421551277808,9.359864511932551,120.21206810842348,-15.545748944288142,-0.13787237887180898,-0.12697902993348165,-0.1628491562928174,5508.502682060294,5578.813908643266,1791.7624985141658,0.4444444444444444,0.0,-0.02083333333333337,0.9354929534958629,0.995891732453014,1.0,0.06660976688024264,0.0023963243627082706
3.433333333333333,21.569834452135822,-2.9805985640468107,21.77479566132696,0.08048268038972511,0.39570275294595086,0.009666666666666697,1.1339536923054914,9.337977356698335,120.57435399842772,-15.56734200229937,-0.137314070054436,-0.12448460795159184,-0.16183960082920335,5482.766036762316,5580.813258644207,1792.525555167821,0.4444444444444444,0.0,-0.01666666666666672,0.9315009034901881,0.9958497127214697,1.0,0.06645400625935287,0.00242094501478624
3.4499999999999997,21.569582987540542,-2.965618407929315,21.772501068959617,0.08699101226473019,0.3873384911646841,0.0072500000000000385,1.1454371143959428,9.313700028861039,120.93674550685566,-15.586326000079621,-0.13663409621114567,-0.12188747413452679,-0.1606898350168093,5454.561349984614,5582.781630916424,1793.354794652905,0.4444444444444444,0.0,-0.012500000000000067,0.9270845218849013,0.9958078748871158,1.0,0.06628123590080164,0.0024454616539146346
3.466666666666667,21.57005268090994,-2.947988369520176,21.7705720660725,0.09335633873479511,0.378625057775592,0.004833333333333316,1.1568665506518392,9.286761273658056,121.29922950658273,-15.60270695946101,-0.13582889429713432,-0.11918571666382058,-0.15939462800986148,5423.591612530919,5584.7143609961195,1794.261413339649,0.4444444444444444,0.0,-0.008333333333333304,0.9221926362959988,0.9957662387944572,1.0,0.06608952541163515,0.002469863035481877
3.4833333333333334,21.571272603628014,-2.927628142722179,21.76903324178847,0.09957251703685016,0.36953101788106035,0.002416666666666658,1.1682367636940927,9.25685205826571,121.66179338132743,-15.61649173478065,-0.13489463635660576,-0.11637734064191974,-0.1579482978654536,5389.518396477037,5586.605884097688,1795.2593824853404,0.4444444444444444,0.0,-0.004166666666666652,0.9167669547051143,0.9957248243397916,1.0,0.06587667555015315,0.00249413797789662
3.5,21.573272317228973,-2.904450754756777,21.767910158307,0.10563284328137044,0.3600213082105407,0.0,1.179542650797875,9.223620072239356,122.02442506074182,-15.627688094713966,-0.13382720403648107,-0.11346026722913545,-0.1563446606756995,5351.955844994003,5588.449556693673,1796.3660461740792,0.4444444444444444,0.0,0.0,0.9107410333211688,0.9956836511530801,1.0,0.06564017908811988,0.002518275587048885
3.5166666666666666,21.575900904901538,-2.878216428072492,21.767030795792,0.1115313121854585,0.3502111820404284,0.0,1.1801867060417013,9.202112784006239,122.38711105456997,-15.63630352566678,-0.13261663533327628,-0.11283974898187805,-0.1545796584786984,5329.615180737502,5588.184050518392,1797.5508779155398,0.4444444444444444,0.0,0.0,0.9069583448276846,0.9956814893238823,1.0,0.06548712180255684,0.0025196506188005065
3.533333333333333,21.579182725026428,-2.8487244227816824,21.766404340566492,0.11726410600448892,0.3401992166245774,0.0,1.181023705286818,9.185673332288895,122.74983704058616,-15.642343311276548,-0.13125366317069997,-0.11208104025692761,-0.1526505449809668,5313.1843378928115,5587.90227313389,1798.9041184447776,0.4444444444444444,0.0,0.0,0.9041874842993228,0.9956786124110196,1.0,0.06537012993316223,0.0025214375781477836
3.55,21.583138541854442,-2.8158697844665883,21.76605136353295,0.1228282528199193,0.3300180915729658,0.0,1.182054039300061,9.170650071231126,123.11258910552569,-15.645811671070305,-0.129733415861827,-0.11117597483189527,-0.15055422770983187,5298.580052122282,5587.593729577613,1800.4550653510305,0.4444444444444444,0.0,0.0,0.9017334199248441,0.9956750378711403,1.0,0.06526321642863839,0.002523637299362019
3.5666666666666664,21.58778714267089,-2.779593802539246,21.76599860848064,0.12822099243859433,0.31967084212401553,0.0,1.1832945391446028,9.15507988019322,123.47535384129645,-15.646712641779526,-0.12805315573967252,-0.11012095622097115,-0.14828805640041254,5283.609564003139,5587.249457603047,1802.238983375801,0.4444444444444444,0.0,0.0,0.8992233678829071,0.9956707174524919,1.0,0.065152410679902,0.0025262857160785615
3.5833333333333335,21.59314627245788,-2.7398574198382555,21.766276315088998,0.13343943718460763,0.30914461225905887,0.0,1.1847742640132561,9.137886906100753,123.8381184128519,-15.645050547511659,-0.1262110657835862,-0.10891460548467355,-0.14584939560425964,5267.074698107312,5586.860622782819,1804.298342699057,0.4444444444444444,0.0,0.0,0.896454168997902,0.9956655555996045,1.0,0.06503005634509115,0.002529444868492218
3.6,21.599233161615565,-2.6966274242026937,21.766916929937405,0.1384803862080459,0.29841764566440426,0.0,1.1865330194329604,9.118435236315241,124.2008706114225,-15.640830255439957,-0.12420562025648975,-0.10755653906487474,-0.14323539399679236,5248.271527170262,5586.417530153702,1806.6845350642513,0.4444444444444444,0.0,0.0,0.8933070744608215,0.9956594169836321,1.0,0.06489162793213789,0.0025331997397840997
3.6166666666666667,21.606064852725865,-2.649869364347111,21.76795456785734,0.143340215649268,0.2874626644829598,0.0,1.1886216736986803,9.096293122613169,124.56359890202,-15.634057325834911,-0.12203526265682414,-0.10604675320696862,-0.14044285472433632,5226.726798055042,5585.90885572682,1809.4600679804882,0.4444444444444444,0.0,0.0,0.8897028791734307,0.9956521267464277,1.0,0.06473405289138269,0.002537658931695126
3.6333333333333333,21.61365843806279,-2.5995438729542255,21.769424875835757,0.14801480402848785,0.27624837786271206,0.0,1.1911037227194805,9.071110710859251,124.92629247076412,-15.624738113577697,-0.11969823948053392,-0.10438532041947131,-0.1374681549083034,5202.06150636133,5585.320929055726,1812.7013448069836,0.4444444444444444,0.0,0.0,0.8855787280687207,0.9956434658300047,1.0,0.06455484147499176,0.002542958005408748
3.65,21.622031269435038,-2.5456046741079383,21.771365124246728,0.15249947191729119,0.26474002653380463,0.0,1.1940578958628807,9.042555845548488,125.2889412756462,-15.612879850736478,-0.11719251111007825,-0.10257224336230675,-0.13430718734367902,5173.919627038772,5584.6369409780855,1816.5022156953182,0.4444444444444444,0.0,0.0,0.8808760355009517,0.9956331624207603,1.0,0.06435162988798407,0.0025492650449226717
3.6666666666666665,21.631201177622145,-2.4879974001828824,21.77381444419141,0.15678892500906738,0.25289942172620683,0.0,1.1975818329087602,9.010278764039457,125.65153610338427,-15.59849072572177,-0.11451569988715096,-0.10060738742703525,-0.13095531058427398,5141.9293860175585,5583.835969806251,1820.9785629917744,0.4444444444444444,0.0,0.0,0.8755339640615597,0.9956208795888403,1.0,0.06412192903364476,0.002556788507195895
3.683333333333333,21.641186728671794,-2.426658778224231,21.776814180480415,0.1608771947454268,0.24068470666877426,0.0,1.201797040417239,8.973890724302723,126.01406863467663,-15.581579967542062,-0.11166505529947633,-0.09849045247323907,-0.12740730035827239,5105.680407077537,5582.891713372997,1826.2742856656791,0.4444444444444444,0.0,0.0,0.869485627609433,0.9956061985185285,1.0,0.0638629724172319,0.0025657878037925607
3.6999999999999997,21.65200754266816,-2.3615159659917193,21.780408359013673,0.1647575731501554,0.2280499531745441,0.0,1.2068555033196238,8.932948936203747,126.37653152021035,-15.562157940295126,-0.10863742627675906,-0.0962209640314858,-0.12365729872400699,5064.708304721691,5581.77078478166,1832.569189388827,0.4444444444444444,0.0,0.0,0.8626555879510637,0.9955885961215571,1.0,0.06357160890898278,0.0025765874163597292
3.716666666666667,21.663684704626224,-2.292485929596647,21.78464428717749,0.16842253974900545,0.21494464867829263,0.0,1.2129485248826017,8.886943841786646,126.73891847012696,-15.540236251474962,-0.10542923570657704,-0.09379827425325038,-0.11969875923210382,5018.482462644878,5580.430372933796,1840.0894953098432,0.4444444444444444,0.0,0.0,0.8549579266582611,0.9955674151488564,1.0,0.06324421222385769,0.0025895957695914085
3.7333333333333334,21.676226198404294,-2.219520841136933,21.789562982506784,0.17186386576042745,0.20135085453456608,0.0,1.2174700563011838,8.827122426293013,127.10122432408058,-15.515828094595507,-0.10203862699132173,-0.09122157115626175,-0.11552522890219,4966.502269227259,5568.114402520443,1845.613038949906,0.4444444444444444,0.0,0.0,0.8462928713876733,0.993657623941585,1.0,0.0628184912601197,0.0025992490552778458
3.75,21.68953122180351,-2.1429307033832266,21.795135159505016,0.17507591380260998,0.18752486653122294,0.0,1.2166605294686739,8.7415181882946,127.46344454989972,-15.488952167639676,-0.09848062220899619,-0.08849050768667881,-0.11116116293775095,4909.339386238491,5528.642140056616,1844.4963939326653,0.4444444444444444,0.0,0.0,0.836528310216955,0.9872814108470959,1.0,0.06220928603821015,0.0025975207484141716
3.7666666666666666,21.703561560978795,-2.0628954323439235,21.801378901252594,0.17805578719129306,0.17353271821332517,0.0,1.215846130953894,8.644041933397135,127.82557536343647,-15.459632941156695,-0.09476401568788172,-0.08560901782608193,-0.10662572501309171,4845.11235649084,5482.176962648999,1843.319066606537,0.4444444444444444,0.0,0.0,0.8255605567198987,0.97978255453929,1.0,0.06151559323883237,0.002595782040706984
3.783333333333333,21.71829517010293,-1.9795669819719444,21.808324798842982,0.18080082880737505,0.1593860890160545,0.0,1.2150313780571238,8.533113901540538,128.1876142845685,-15.427898288766718,-0.09089627643248589,-0.08258362127553062,-0.1019266724066204,4773.089618646034,5427.500229836182,1842.0830817002804,0.4444444444444444,0.0,0.0,0.8132651156271962,0.9709682308168327,1.0,0.060726170450390055,0.0025940425764086595
3.8,21.733706096378015,-1.8931309842723325,21.81600159532793,0.18330866076445412,0.1451050685045981,0.0,1.2142209799716013,8.406965839819932,128.54956024862102,-15.393779850544425,-0.08688645491007965,-0.07942189077152043,-0.09707377502115355,4692.515112252579,5363.174233451093,1840.7907924312688,0.4444444444444444,0.0,0.0,0.7995134188201426,0.9606118498362216,1.0,0.059828433846095014,0.0025923124094552373
3.8166666666666664,21.749764301546918,-1.8038134699862998,21.824435621737134,0.1855773491505979,0.13072052673021348,0.0,1.2134193875845272,8.263645189258838,128.91141371369633,-15.357313521170779,-0.0827454850602975,-0.0761326114519928,-0.0920792544688213,4602.613716108345,5287.5406501054895,1839.4448924138155,0.4444444444444444,0.0,0.0,0.7841736519132901,0.9484536502601197,1.0,0.05880848797926878,0.0025906010423098714
3.8333333333333335,21.766435523163018,-1.7118882357575185,21.83365010060704,0.1876056091910063,0.11627656868808502,0.0,1.2126302730324987,8.101037753798932,129.27317677481054,-15.318539987666874,-0.07848651362945559,-0.07272596619846974,-0.08695825878833895,4502.607655747767,5198.730301581025,1838.0484245321284,0.4444444444444444,0.0,0.0,0.767113534129771,0.9342033174610382,1.0,0.05765128710791321,0.0025889163148348506
3.85,21.7836812113016,-1.6176844913652657,21.843664304077237,0.18939305143064097,0.10183297997844529,0.0,1.2118559160600748,7.916916518860694,129.63485328205596,-15.277505309002313,-0.07412523958281374,-0.0692137353914514,-0.08172935310780731,4391.743737299303,5094.694352318677,1836.6047839238154,0.4444444444444444,0.0,0.0,0.7482049414950792,0.91754645875609,1.0,0.056340982613515535,0.0025872630941920893
3.8666666666666667,21.801458582093286,-1.5215942111705865,21.854492564463648,0.19094046663223502,0.08746743939584838,0.0,1.2110965039508343,7.709025977876115,129.99644895822595,-15.234261522145175,-0.06968023681590627,-0.06560949808678249,-0.07641499001452946,4269.33163562548,4973.2688744495335,1835.1177118045798,0.4444444444444444,0.0,0.0,0.7273304130062637,0.8981569711107811,1.0,0.05486152311344087,0.002585641780224412
3.8833333333333333,21.819720834456692,-1.4240783378071096,21.86614315341951,0.1922501418837605,0.07327713275439694,0.0,1.2103493949144593,7.475211696293419,130.35797150907737,-15.188867248799742,-0.06517322089988467,-0.06192881770399109,-0.07104190292302937,4134.793425506208,4832.2852757559385,1833.5912764673594,0.4444444444444444,0.0,0.0,0.7043915741348079,0.8757174231279771,1.0,0.05319757650720104,0.0025840467328169326
3.9,21.83841757778803,-1.3256706764752095,21.878617073396285,0.19332619285150907,0.05937926387604773,0.0,1.2096084477410791,7.213602617150383,130.71943071673715,-15.141388264218168,-0.06062920671634237,-0.05818938955981284,-0.06564134329230381,3987.7237431100875,4669.737162341412,1832.029837638529,0.4444444444444444,0.0,0.0,0.6793193767486861,0.849949225745129,1.0,0.05133582735973666,0.0025824648407363417
3.9166666666666665,21.857495512618385,-1.226978042674201,21.891906842514597,0.19417488759591406,0.04590985949304977,0.0,1.2088635766666758,6.922847213022562,131.08083850394513,-15.09189797494171,-0.05607649169866273,-0.054411120924763294,-0.060249062730202425,3827.958419567962,4484.007720021058,1830.437990747078,0.4444444444444444,0.0,0.0,0.6520857920533079,0.820653229345706,1.0,0.0492666574841007,0.002580874571286653
3.933333333333333,21.87689938974318,-1.1286750958662226,21.90599539808621,0.19480492713338834,0.033020264347342274,0.0,1.2081007316043175,6.602392709868925,131.44220895438343,-15.040477738225677,-0.051546394083707536,-0.05061610822385249,-0.0549049318143415,3655.647201841659,4274.148864725574,1828.8204888560977,0.4444444444444444,0.0,0.0,0.6227162134909486,0.7877591508085605,1.0,0.046986133046639525,0.002579245928103689
3.9499999999999997,21.896573243536512,-1.0314924514349761,21.92085528639169,0.19522763936965007,0.020870892747479042,0.0,1.2073025009873002,6.252779384908209,131.80355827307852,-14.987216945831314,-0.04707268366455811,-0.04682847284783741,-0.049652099534435015,3471.3235018670366,4040.184119536447,1827.1821422483258,0.4444444444444444,0.0,0.0,0.5913013687993623,0.7513788729172016,1.0,0.04449809894698229,0.00257754173820067
3.966666666666667,21.91646185258263,-0.9361972512295405,21.93644833214619,0.1954570396034515,0.009622197373593088,0.0,1.206449456012634,5.87590245662405,132.16490467178397,-14.93221279370538,-0.04269067017586894,-0.043074019829917196,-0.04453564093017759,3275.9615039976056,3783.384818047606,1825.5276989643266,0.4444444444444444,0.0,0.0,0.5580070913560881,0.711854728071359,1.0,0.04181604256640691,0.0025757205218733896
3.9833333333333334,21.93651233089901,-0.8435664428102899,21.95272597166739,0.1955097162530298,-0.0005765755330300955,0.0,1.2055221873241293,5.475179263175914,132.52626816829405,-14.875569671871725,-0.03843596385703704,-0.039379695508123855,-0.03960071981355927,3071.0092325674063,3506.451844833775,1823.8617135988525,0.4444444444444444,0.0,0.0,0.5230800008821411,0.6697907120181161,1.0,0.03896428349820053,0.0025737408409357678
4.0,21.95667570718061,-0.7543544501373725,21.969630373466398,0.19540451726507763,-0.00959957314100293,0.0,1.2045037566865593,5.0555587523203585,132.88767029621303,-14.81739813878821,-0.03434298819745769,-0.035772843097341626,-0.034890399192687736,2858.3863412087276,3213.5338788410872,1822.1884155323794,0.4444444444444444,0.0,0.0,0.48684716593735955,0.6260540298771285,1.0,0.03597804108297931,0.0025715665329444797
4.016666666666667,21.976908322715303,-0.6692583788823644,21.9870963567893,0.19516204010433266,-0.01735562836645544,0.0,1.2033820780901663,4.623331372528779,133.24913373221523,-14.757813490244615,-0.03044339085596653,-0.032280287612350064,-0.03044333802022243,2640.4382935144545,2910.0369201278295,1820.5115903150217,0.4444444444444444,0.0,0.0,0.44970831490559865,0.5817379469942896,1.0,0.03290208149291567,0.002569171794760234
4.033333333333333,21.997172884376734,-0.5888849065954691,22.005053972630357,0.1948039611904401,-0.023796659583746254,0.0,1.202151662759963,4.1857397349587036,133.61068185944168,-14.69693398741436,-0.026764543283988522,-0.02892731815219041,-0.026291681468713687,2419.844488514923,2602.2278817142046,1818.834487959249,0.4444444444444444,0.0,0.0,0.41212016927925876,0.5380845124337587,1.0,0.0297879469955491,0.0025665449080716643
4.05,22.017439052356895,-0.5137231297213967,22.02343147373409,0.19435227047195708,-0.028921586602273296,0.0,1.200814283052582,3.750441761888269,133.97233829566707,-14.634878859727241,-0.02332832324035176,-0.02573666649701405,-0.02245944962827883,2199.485912072166,2296.6924644759683,1817.1597688549086,0.4444444444444444,0.0,0.0,0.3745738505703691,0.4963751045898761,1.0,0.026690135432924554,0.0025636896567880975
4.066666666666666,22.037683514980323,-0.4441267259836358,22.042158316625176,0.19382849435893323,-0.03277508341546348,0.0,1.199378408172274,3.3249184837403547,134.33412642051957,-14.5717662324614,-0.02015033084577628,-0.022727595561380435,-0.018961646386899008,1982.2861293715819,1999.7507237849154,1815.4894923436154,0.4444444444444444,0.0,0.0,0.33756772604788565,0.45780451637867153,1.0,0.023661885790697956,0.0025606241223161646
4.083333333333333,22.057889585512417,-0.3803070889693694,22.061167839635722,0.19325298992312195,-0.03544160649535867,0.0,1.1978576180100438,2.9159310109567556,134.696068935775,-14.507711137179866,-0.017239609912224306,-0.01991520243143123,-0.015804169384789523,1771.0453861485648,1716.9431839232377,1813.8251461452562,0.4444444444444444,0.0,0.0,0.30157907948696794,0.42335810724674283,1.0,0.020751313721591124,0.002557377297170861
4.1,22.078046425189815,-0.32233714499080085,22.08039934394026,0.19264437578089977,-0.03703606889713311,0.0,1.1962684574092481,2.529111336512062,135.05818748680082,-14.442823744160831,-0.014598857114216532,-0.017310008982169302,-0.012984450294814907,1568.2892348002893,1452.6729060336215,1812.167708740025,0.4444444444444444,0.0,0.0,0.26703827336170716,0.39371161358436707,1.0,0.017998499478756275,0.0025539845039198694
4.116666666666666,22.098148035809952,-0.27016394928037,22.09979943737187,0.19201913676993537,-0.0376929862680436,0.0,1.194628259333843,2.168730298019789,135.4205023634704,-14.377207916674292,-0.012225028537322198,-0.014917866940468514,-0.010492639925350844,1376.149845213788,1210.0391729924931,1810.517733037243,0.4444444444444444,0.0,0.0,0.23430850688934954,0.36917112115703377,1.0,0.015433836610888145,0.0025504827477362984
4.133333333333333,22.118192169385633,-0.22362724445967203,22.119322638506283,0.1913914092854044,-0.03755584143292639,0.0,1.1929533532866674,1.8376414111098949,135.78303228795383,-14.310960138838983,-0.010110212590524434,-0.01274015671005021,-0.008313101430711114,1196.2911255625456,990.8486766678064,1808.8754388134178,0.4444444444444444,0.0,0.0,0.20367306609368324,0.34966632921508034,1.0,0.013077632250708406,0.0025469068914445825
4.15,22.13817927851979,-0.18248100418526428,22.138931344687155,0.1907729295162935,-0.03676795008779141,0.0,1.191257871896588,1.5373664927253612,136.14579428710374,-14.244168823209565,-0.008242632297095766,-0.010774222268763118,-0.006425985823738656,1029.8802725821897,795.757265892995,1807.2408030610716,0.4444444444444444,0.0,0.0,0.1753305051421101,0.33480089830686194,1.0,0.010940716455818554,0.0025432871076325734
4.166666666666667,22.15811159239437,-0.14641539390410108,22.15859532570993,0.19017311174802448,-0.03546550200540746,0.0,1.1895531717655836,1.2682741313487353,136.50880364015194,-14.176913968910439,-0.006607659790788369,-0.009013964671898331,-0.004808715825359674,877.6008318641535,624.4846041705571,1805.6136405163895,0.4444444444444444,0.0,0.0,0.1493969103589448,0.32394869233341794,1.0,0.009025712297617313,0.0025396476421836183
4.183333333333334,22.17799236257054,-0.11507728018571728,22.17829091735096,0.1895992185186476,-0.033772906615116234,0.0,1.1878477544735142,1.02980285968231,136.87207388850354,-14.109267119039492,-0.005188758547322223,-0.007450514431255801,-0.0034372704890023712,739.6974144150457,476.05070297272147,1803.9936701030629,0.4444444444444444,0.0,0.0,0.1259135583518423,0.31637037061770945,1.0,0.007328624076619561,0.002536006645624957
4.2,22.197825288987378,-0.08808816340024354,22.198000069486863,0.1890565864115657,-0.03180019833711319,0.0,1.1861475218292366,0.8206909896080257,137.23561689317557,-14.041291556376454,-0.00396830319482047,-0.006072913882069855,-0.0022872236779699615,616.040348324304,348.99848345803036,1802.3805660202697,0.4444444444444444,0.0,0.0,0.10485796460022238,0.31132062250122466,1.0,0.0058404729500960715,0.0025323767180784693
4.216666666666667,22.21761411336576,-0.06505903995230053,22.2177093681844,0.18854887750638297,-0.02964207124646795,0.0,1.184456206359418,0.6391881653999713,137.5994429261064,-13.973042676207639,-0.002928255647376121,-0.004868758386413705,-0.0013345340959238473,506.19923055443275,241.58267838609893,1800.773994322675,0.4444444444444444,0.0,0.0,0.08615643930286992,0.30812520076077593,1.0,0.004548802457089336,0.0025287658283367873
4.233333333333333,22.23736235449949,-0.04560215646911248,22.23740911261889,0.1880783342417638,-0.02737807380244736,0.0,1.182775854963104,0.483235589203757,137.9635607833564,-13.904568480850697,-0.0020506970124268974,-0.0038247642683694547,-0.000556111447495851,409.51659029980493,151.91821799212732,1799.1736370547194,0.4444444444444444,0.0,0.0,0.0696966528280148,0.30622185434475596,1.0,0.0034389610986423334,0.0025251783464461256
4.25,22.257073155389236,-0.029339900313315095,22.257092493722052,0.18764602282167242,-0.02507354460437787,0.0,1.181107287446985,0.3506107191639144,138.32797791047255,-13.835910149205384,-0.0013182273838791526,-0.0029272480159519996,6.9804433289783e-05,325.1756824944247,78.08948581599122,1797.5792064806649,0.4444444444444444,0.0,0.0,0.05533919304997296,0.30517110217665905,1.0,0.0024951320865221147,0.002521616022660425
4.266666666666667,22.276749213033725,-0.015911212168575755,22.276754895340375,0.18725205637852846,-0.022780959028603828,0.0,1.1794504891641828,0.23903781809841507,138.69270053255607,-13.767102644184726,-0.000714251855631358,-0.0021625138018027423,0.0005634123023417636,252.25906995696636,18.22603203220704,1795.9904519335678,0.4444444444444444,0.0,0.0,0.042927547298228175,0.3046475865816448,1.0,0.0017011200662999527,0.0025180788257091976
4.283333333333333,22.29639276546748,-0.004975949478782375,22.296393320715882,0.18689579356769878,-0.020541460294822053,0.0,1.1778049235625956,0.14626848525164693,139.05773378360038,-13.698175329861902,-0.00022317284452748722,-0.0015171547347373755,0.0009432303323888204,189.79674154848325,-29.448295907960325,1794.4071615091063,0.4444444444444444,0.0,0.0,0.03229629753486523,0.30442200704404976,1.0,0.0010409242240758433,0.002514565610075527
4.3,22.316005615536085,0.0037823973264329166,22.31600593608022,0.186576010763311,-0.01838645207459786,0.0,1.1761697671000284,0.07013777959671191,139.42308183136,-13.629152577976251,0.00016949257655589424,-0.000978279835576145,0.0012260618758702152,136.80400458900604,-66.58620267510219,1792.8291604168064,0.4444444444444444,0.0,0.0,0.02327757102621223,0.3043405824477733,1.0,0.0004991376897046782,0.0025110746175303206
4.316666666666666,22.335589175802966,0.010655260485908867,22.33559171736497,0.18629104971084262,-0.016338979470756465,0.0,1.1745440750334544,0.008601865955915389,139.78874799530342,-13.560054349605416,0.00047705299348653983,-0.0005336696446036742,0.0014270131795382183,92.31001634801119,-94.70197259566267,1791.2563073767662,0.4444444444444444,0.0,0.0,0.015705895121667684,0.3043059088715865,1.0,6.12154465834589e-05,0.0025076038310856393
4.333333333333333,22.355144523402377,0.015908481671703344,22.35515018383899,0.18603894309413946,-0.014415048074080391,0.0,1.1729268921944476,-0.04024035111682672,140.15473485620294,-13.49089674278018,0.0007116249671141381,-0.0001718792855842329,0.0015595485370791119,55.37822760711262,-115.16597370051599,1789.6884900648256,0.4444444444444444,0.0,0.0,0.00942167388693925,0.30426086311580997,1.0,-0.000286371710151765,0.002504151211495741
4.35,22.37467245723228,0.019782513726025637,22.374681202561927,0.18581751888944464,-0.012624850156803202,0.0,1.171317322674802,-0.07813553663211892,140.52104435666732,-13.421692500702909,0.0008841474041269208,0.00011769645015128066,0.0016355758038444298,25.120527032438567,-129.2056861027388,1788.12562028958,0.4444444444444444,0.0,0.0,0.004273591776883476,0.30417591223841806,1.0,-0.0005560539763682431,0.002500714846033043
4.366666666666666,22.394173552595586,0.02249314654515974,22.394184848871216,0.1856244858712049,-0.010973838658577012,0.0,1.1697145683084598,-0.10667185754277875,140.88767789240086,-13.352451477820477,0.0010044192489711988,0.0003447921807308929,0.0016655478030918713,0.7063915200938592,-137.9109103475799,1786.5676293437962,0.4444444444444444,0.0,0.0,0.00012016697996154011,0.3040395578991505,1.0,-0.0007591335915758764,0.0024972930306454725
4.383333333333333,22.413648210466253,0.024232600875995682,22.413661310046653,0.18545750270285596,-0.009463661886017138,0.0,1.1681179454267818,-0.12728038259712307,141.25463639431138,-13.28318106294085,0.0010811533761340046,0.0005182672349336215,0.0016585724180736296,-18.631848636326886,-142.24148172365986,1785.014463789297,0.4444444444444444,0.0,0.0,0.0031693565231649553,0.30385140251058146,1.0,-0.0009057948010266621,0.0024938843057282912
4.4,22.433096700024596,0.0251708720823685,22.433110821405393,0.18531423279405335,-0.008092964705075215,0.0,1.1665268869689371,-0.14123998658395037,141.62192040181398,-13.213886559957135,0.0011220413238426977,0.0006461204439585294,0.0016225266742382826,-33.59666933359169,-143.03639235825216,1783.4660818029572,0.4444444444444444,0.0,0.0,0.005714614535854483,0.30361728790915005,1.0,-0.0010051387569266269,0.0024904874606296863
4.416666666666667,22.452519194108397,0.025457224588179554,22.4525336261209,0.18519238739456487,-0.006858044181292081,0.0,1.1649409356713654,-0.14968477747567194,141.989530127807,-13.144571527629106,0.001133824381094308,0.0007355211363753866,0.0015641687368453943,-44.825224770365146,-141.02351505285142,1781.9224501219633,0.4444444444444444,0.0,0.0,0.007624104525299448,0.30334600976379517,1.0,-0.0010652363739308956,0.0024871015191105543
4.433333333333334,22.47191579785331,0.02522176488267525,22.47192995190295,0.18508975863779645,-0.005753423456711591,0.0,1.163359732503067,-0.15361316926955718,142.35746551588363,-13.075238080529255,0.0011223677820288607,0.000792849186338332,0.0014892479065703684,-52.89079735245148,-136.82945222816866,1780.3835415692174,0.4444444444444444,0.0,0.0,0.00899543572570396,0.30304719540431463,1.0,-0.0010931928963005691,0.0024837257146543127
4.45,22.491286571148976,0.02457704659167676,22.49129999926117,0.18500424393744727,-0.004772337043791493,0.0,1.1617830027205185,-0.15389768441373292,142.7257262903814,-13.005887153642396,0.0010927359238288212,0.0008237415392463453,0.0014026107626251133,-58.30531064172829,-130.9892634369282,1778.8493331078946,0.4444444444444444,0.0,0.0,0.009915759842215512,0.30273001866293736,1.0,-0.0010952176571721911,0.002480359460694714
4.466666666666667,22.510631545723665,0.02361966777914017,22.510643937391826,0.1849338631600905,-0.0039071345623134844,0.0,1.1602105414791608,-0.1512951522114051,143.0943119998776,-12.936518733297197,0.001049266834786623,0.0008331432208869485,0.0013083017265420938,-61.522569977621764,-123.95586680948122,1777.31980435713,0.4444444444444444,0.0,0.0,0.010462325275997072,0.3024024993715223,1.0,-0.001076696655818552,0.0024770023198969534
4.483333333333333,22.52995073772725,0.022431830225664924,22.529961904793005,0.18487676982055998,-0.0031496135669515034,0.0,1.1586422001598395,-0.14645697242384179,143.46322205473083,-12.8671320571994,0.0009956445566397369,0.0008253607519747761,0.0012096572931191427,-62.941973818173366,-116.1089836554721,1775.7949364950782,0.4444444444444444,0.0,0.0,0.01070311114792423,0.302071197339781,1.0,-0.0010422655988985032,0.0024736539749651825
4.5,22.549244156657537,0.021082838499945845,22.549254012552904,0.18483125738146836,-0.002491290973148699,0.0,1.1570778740697119,-0.1399392062232689,143.83245575925022,-12.79772578634351,0.0009349684721215097,0.0008041163470953049,0.0011093934909285074,-62.91249792302371,-107.7635474733171,1774.2747114772521,0.4444444444444444,0.0,0.0,0.010697507458973934,0.30174116053001043,1.0,-0.0009958817130370566,0.002470314202384439
4.516666666666667,22.568511811402246,0.01963052303288987,22.568520348902744,0.18479576159104788,-0.0019236215134649612,0.0,1.1555174918287134,-0.13221232526932392,144.20201233904595,-12.728298151525474,0.0008698188983933147,0.0007726016492998126,0.0010096863716996549,-61.7368016635704,-99.17753280790116,1772.7591115039993,0.4444444444444444,0.0,0.0,0.01049701575563752,0.3014160262296419,1.0,-0.0009408931244311523,0.002466982849761189
4.533333333333333,22.58775371407154,0.018122576487932585,22.58776098411109,0.18476885966320342,-0.0014381706883836787,0.0,1.153961006518805,-0.12367050073005358,144.57189096408396,-12.658847077080987,0.0008023184965068617,0.0007335300535642018,0.0009122455074886489,-59.67534271698898,-90.55918261619556,1771.2481186791913,0.4444444444444444,0.0,0.0,0.01014595096276146,0.30109820413837374,1.0,-0.0008801049644564673,0.0024636598169273266
4.55,22.606969882190143,0.016597796772811656,22.606975975152224,0.18474926698833452,-0.0010267488183289162,0.0,1.1524083885246261,-0.1146403525285113,144.94209076793337,-12.589370284345701,0.0007341892291204138,0.0006891869172836913,0.0008183806111499848,-56.95041519007075,-82.07362919512923,1769.7417148111965,0.4444444444444444,0.0,0.0,0.009682129946779234,0.3007890931292754,1.0,-0.000815841633952917,0.0024603450406552613
4.566666666666666,22.626160339714055,0.015087233265780854,22.62616536983359,0.18473583196138899,-0.0006815120453789931,0.0,1.150859619907482,-0.10538910848531051,145.31261086365961,-12.519865377184882,0.0006668047429694751,0.0006414771548664993,0.0007290614989024038,-53.7500486601646,-73.84891573375377,1768.2398813161064,0.4444444444444444,0.0,0.0,0.009137536191899808,0.3004893004665492,1.0,-0.0007500048680163761,0.00245703848264661
4.583333333333333,22.64532511724092,0.013615235389058537,22.64532921024062,0.18472752942326487,-0.000395035458129154,0.0,1.1493146901116722,-0.09613214576535234,145.6834503567802,-12.450329911778626,0.0006012381662877617,0.0005919698749807595,0.0006449716904729065,-50.231723212028804,-65.98143457489633,1766.7425991914047,0.4444444444444444,0.0,0.0,0.008538952965620843,0.30019884467777525,1.0,-0.0006841274049388471,0.002453740120365381
4.6,22.66446425169875,0.012200404673004407,22.66446753547069,0.18472345313184965,-0.00016036290705500158,0.0,1.147773592789002,-0.08703990476666729,146.0546083556656,-12.38076145268037,0.0005383053999894066,0.0005419398498550751,0.000566555997337692,-46.52586944003212,-58.540805109041024,1765.2498490355167,0.4444444444444444,0.0,0.0,0.007908559713568073,0.299917332086922,1.0,-0.0006194221891134153,0.0024504499402584375
4.616666666666666,22.68357778572596,0.010856453008839374,22.683580383697194,0.18472280760864257,2.896247056833482e-05,0.0,1.1462363235334703,-0.07824417942908542,146.42608397973163,-12.311157616996239,0.00047860404925795946,0.0004924057114997848,0.0004940624867543754,-42.7391334237738,-51.57421933963251,1763.761611094832,0.4444444444444444,0.0,0.0,0.00726448830164862,0.29964410304195715,1.0,-0.000556827136211522,0.002447167932919146
4.633333333333333,22.702665766896803,0.009592970960283194,22.702667793643105,0.18472489964517572,0.00017888349553884172,0.0,1.144702878335783,-0.06984379866643484,146.7978763657383,-12.24151610836386,0.0004225481927033829,0.00044416485396107697,0.0004275792316862694,-38.95739548746321,-45.11028684490896,1762.2778653248624,0.4444444444444444,0.0,0.0,0.006621337220657383,0.2993783477951899,1.0,-0.000497045565271891,0.0024438940897878263
4.65,22.721728246899186,0.008416110857158866,22.72172980555966,0.18472912969955396,0.00029482689457574094,0.0,1.1431732525910414,-0.06190972179824961,147.16998467247623,-12.171834742244862,0.0003703992223136894,0.0003978250870974911,0.00036706626697382406,-35.248538565027026,-39.16241332377534,1760.798591456248,0.4444444444444444,0.0,0.0,0.0059906430606841915,0.29911919436615997,1.0,-0.0004405824604987402,0.002440628401033207
4.666666666666667,22.740765280735314,0.007329189979399312,22.74076646180868,0.184734983366672,0.0003817112971361286,0.0,1.1416474405187589,-0.054489576901812914,147.54240808409338,-12.102111463887368,0.00032229301147751574,0.0003538331386508581,0.00031238317248301036,-31.664967541424566,-33.73174832260866,1759.3237690594588,0.4444444444444444,0.0,0.0,0.005381309505716077,0.2988657719767148,1.0,-0.00038777676858523397,0.002437370854314185
4.683333333333334,22.75977692598803,0.006333219503471176,22.759777807140527,0.18474202306538118,0.0004439630014373541,0.0,1.1401254348798684,-0.047611675265999256,147.9151458122857,-12.032344360164943,0.00027826368248705575,0.00031250013991711246,0.0002633126964491356,-28.245885273942605,-28.809738251561413,1757.8533776044364,0.4444444444444444,0.0,0.0,0.004799994834945099,0.29861725414174634,1.0,-0.00033882996769909644,0.002434121434175645
4.7,22.778763242175653,0.0054273650646849,22.778763888749193,0.18474988005144535,0.0004855375675232233,0.0,1.1386072268988812,-0.04128853789461523,148.28819709754882,-11.962531666357684,0.00023826425097269442,0.00027402425812759346,0.0002195808185853897,-25.01933431042387,-24.380320560432082,1756.3873965131274,0.4444444444444444,0.0,0.0,0.004251459479726911,0.29837288549179514,1.0,-0.00029383116395330616,0.0024308801218822776
4.716666666666667,22.797724290203966,0.004609344822890392,22.797724756172833,0.18475824683595304,0.000509945597911159,0.0,1.1370928063201706,-0.03551997153133244,148.66156120966482,-11.89267176881044,0.0002021844242612949,0.00023851065749029029,0.00018087363425938748,-22.004015774436674,-20.421794095803705,1754.9258052040923,0.4444444444444444,0.0,0.0,0.0037388756011565833,0.29813199609262997,1.0,-0.00025277898203319196,0.0024276468955387355
4.733333333333333,22.81666013191457,0.003875770835918865,22.816660461095076,0.18476687006437956,0.0005202813359238425,0.0,1.1355821615450363,-0.030295732184352244,149.03523744757385,-11.822763204282445,0.0001698658250696381,0.00020598898225751455,0.0001468514194657882,-19.21089861612064,-16.9083993339034,1753.4685831291972,0.4444444444444444,0.0,0.0,0.003264100945985349,0.29789400655399484,1.0,-0.00021560052025254244,0.0024244217303822655
4.75,22.835570829722943,0.0032224393710314227,22.835571057090053,0.18477554389118186,0.0005192529501350991,0.0,1.1340752798107707,-0.025597813814976448,149.4092251387618,-11.752804656692492,0.0001411149024331438,0.00017642856053632071,0.00011716021254653324,-16.644633549959472,-13.811640496687193,1752.0157098028928,0.4444444444444444,0.0,0.0,0.0028279194282281824,0.2976584266831666,1.0,-0.00018216763807699473,0.002421204599165006
4.766666666666667,22.85445644633623,0.00264457554207148,22.854456599343145,0.18478410386816563,0.0005092135824824531,0.0,1.1325721473846468,-0.02140239889529495,149.78352363827574,-11.682794951863606,0.00011571377934442584,0.00014975152802449554,9.144122355533223e-05,-14.304786621105613,-11.101379617499992,1750.5671648248892,0.4444444444444444,0.0,0.0,0.002430250988044072,0.2974248499031813,1.0,-0.00015231083732847867,0.002417995472568143
4.783333333333333,22.87331704453942,0.002137037368097855,22.873317144370343,0.18479242135141935,0.0004921924196748954,0.0,1.131072749754809,-0.017681506089040837,150.1581323274624,-11.612733050781197,9.342927209545003e-05,0.00012584406746616895,6.933835658474665e-05,-12.186907552139928,-8.746730518175184,1749.1229278971507,0.4444444444444444,0.0,0.0,0.002070333313989238,0.29719294515968075,1.0,-0.00012583098795726331,0.0024147943196094553
4.8,22.892152687038397,0.0016944840240303606,22.892152749751506,0.18480039842094026,0.0004699252047860811,0.0,1.1295770718069584,-0.014404368497929245,150.53305061251012,-11.542618041797903,7.402030049778093e-05,0.00010456595326252889,5.050410487757825e-05,-10.283447903418859,-6.716778467852534,1747.6829788361626,0.4444444444444444,0.0,0.0,0.0017468779933682119,0.29696244760525314,1.0,-0.00010250913637488902,0.00241160110802053
4.816666666666666,22.91096343634886,0.0013115127085430668,22.91096347388691,0.18480796329878924,0.000443883740625593,0.0,1.1280850979807355,-0.011538573855169619,150.9082779228619,-11.472449132146838,5.724389158728119e-05,8.575858210006567e-05,3.460405360267903e-05,-8.58454370341598,-4.9811490773909055,1746.2472975813769,0.4444444444444444,0.0,0.0,0.0014582035902253898,0.2967331489842165,1.0,-8.211461967675643e-05,0.0024084158045806323
4.833333333333333,22.929749354721466,0.0009827681999178917,22.92974937578217,0.18481506624535513,0.00041530405085288724,0.0,1.1265968124032777,-0.009050995831566445,151.2838137095545,-11.402225639061706,4.2859962580173424e-05,6.925166030863354e-05,2.132020114857922e-05,-7.078676632163641,-3.5104477915450114,1744.815864200641,0.4444444444444444,0.0,0.0,0.0012023480519933142,0.2965048883441105,1.0,-6.441169331095477e-05,0.002405238375401845
4.85,22.94851050409456,0.0007030288155032978,22.948510514863223,0.18482167590876528,0.00038521296100057616,0.0,1.1251121989998232,-0.006908543324213003,151.659657443529,-11.331946980746881,3.063505211625514e-05,5.486870746601547e-05,1.0353286939771152e-05,-5.753227123623294,-2.2765892122523628,1743.3886588933221,0.4444444444444444,0.0,0.0,0.0009771627228919461,0.2962775434677527,1.0,-4.9164863414552906e-05,0.0024020687861652065
4.866666666666666,22.967246946067498,0.0004672721416308226,22.967246950820858,0.1848277760993702,0.00035445294166522204,0.0,1.1236312415827565,-0.005078752284848886,152.03580861394994,-11.261612667392413,2.034515249753772e-05,4.243152396223163e-05,1.4242922925506718e-06,-4.594931935958781,-1.253033448847733,1741.9656619917173,0.4444444444444444,0.0,0.0,0.0007803901024086224,0.2960510232439243,1.0,-3.61430985785109e-05,0.0023989070023108156
4.883333333333333,22.985958741888716,0.0002707235635536931,22.98595874348298,0.1848333629593045,0.0003237051220398515,0.0,1.1221539239213383,-0.003530242363059063,152.41226672656026,-11.191222292387234,1.177777992996303e-05,3.1763758180571325e-05,-5.724739184223682e-06,-3.590257859212508,-0.4149447649442183,1740.546853961227,0.4444444444444444,0.0,0.0,0.00060972733686603,0.29582526106679297,1.0,-2.5123079563207212e-05,0.0023957529891867045
4.9,23.004645952453956,0.00010889030305575268,23.004645952711666,0.18483844249617118,0.0002935104361169515,0.0,1.1206802297947838,-0.002233058413737197,152.78903130209565,-11.120775523848268,4.733404864391051e-06,2.2693696931150043e-05,-1.133043361682668e-05,-2.725702318150844,0.26071400966251007,1739.1322153996825,0.4444444444444444,0.0,0.0,0.00046287727636599486,0.29560020926525693,1.0,-1.589162964692186e-05,0.0023926067121621567
4.916666666666667,23.023308638311118,-2.241663371338467e-05,23.023308638322032,0.18484302844980754,0.00026428891436401945,0.0,1.119210143031414,-0.0011589147833729668,153.16610187477318,-11.050272096552721,-9.736495334157135e-07,1.5056391351490749e-05,-1.560826065465308e-05,-1.988030716748721,0.7951395140343588,1737.7217270361166,0.4444444444444444,0.0,0.0,0.00033758877383431026,0.2953758345052667,1.0,-8.247453096797189e-06,0.0023894681367112956
4.933333333333334,23.041946859669103,-0.0001270704789137065,23.041946860019483,0.18484714046135575,0.00023635713097417847,0.0,1.1177436475364964,-0.00028135858767839184,153.54347799086693,-10.979711804335341,-5.514745767200469e-06,8.695217808707143e-06,-1.8753052442242333e-05,-1.3644594469202715,1.207688072393874,1736.3153697292037,0.4444444444444444,0.0,0.0,0.00023168774527706416,0.2951521140735956,1.0,-2.0022971391433584e-06,0.002386337228472522
4.95,23.06056067640867,-0.00020862483113787312,23.060560677352367,0.18485080251458239,0.00020994388862236355,0.0,1.116280727311128,0.0004241344735960509,153.92115920737757,-10.909094492991162,-9.04682388514552e-06,3.4629635256289443e-06,-2.0939785273684454e-05,-0.84279256566365,1.515909155944342,1734.9131244655275,0.4444444444444444,0.0,0.0,0.0001431003537468311,0.2949290329342764,1.0,3.018366171443034e-06,0.002383213953288828
4.966666666666667,23.079150148093998,-0.0002703162780818311,23.079150149677048,0.18485404162118999,0.0001852042388426475,0.0,1.114821366464233,0.0009801190253678881,154.29914509080072,-10.838420053706548,-1.1712575044354232e-05,-7.774818507214465e-07,-2.2324556507852928e-05,-0.41151940415535404,1.735604540514071,1733.5149723577927,0.4444444444444444,0.0,0.0,6.986955317377232e-05,0.29470658144398443,1.0,6.975047524610591e-06,0.002380098277233414
4.983333333333333,23.09771533398407,-0.000315072120986321,23.097715336132993,0.18485688672318076,0.00016223191922886174,0.0,1.1133655492194048,0.0014071829865623287,154.67743521599513,-10.767688417027152,-1.3640834879595553e-05,-4.152759881557856e-06,-2.3045697553378477e-05,-0.059879513931945544,1.8809067063774716,1732.1208946430509,0.4444444444444444,0.0,0.0,1.0166081944935489e-05,0.2944847536159661,1.0,1.0014261485651277e-05,0.0023769901666242928
