t,vx,vy,speed,yaw,yaw_rate,steering_angle,ax,ay,pos_x,pos_y,sideslip,alpha_f,alpha_r,fy_f,fy_r,f_long,throttle,brake,steer_cmd,util_f,util_r,mu_surface,roll,pitch
0.0,19.801814242654867,0.0,19.801814242654867,0.0,0.0,0.0,1.4022792791696779,0.0,50.32332070898379,0.0,0.0,0.0,0.0,-0.0,-0.0,2020.6131422828767,0.4444444444444444,0.0,0.0,0.0,0.34006050687048917,1.0,0.0,0.002993809229847537
0.016666666666666666,19.82515447128049,-0.0014625854900060513,19.82515452523105,-9.61757662740929e-06,-0.0011093583319631201,-0.004553228193136113,1.399347872428607,-0.146225364719257,50.653594135976725,-1.4333953755399592e-05,-7.37742290720292e-05,0.004461442807462551,1.0439709860403323e-07,-165.80349531286848,0.007822763539528828,2018.2323224543197,0.4444444444444444,0.0,0.007850393436441575,0.02843647810655855,0.3396932405367067,1.0,-0.0010406173554660912,0.002987550795676669
0.03333333333333333,19.84842171620246,-0.005359695379142118,19.848422439845237,-5.9400889490856764e-05,-0.004385197078666046,-0.00909397630428585,1.3945717428674962,-0.3617636495038397,50.98425582708569,-8.854633871478176e-05,-0.0002700313065444465,0.008669276788507771,1.7544995168569574e-05,-409.90107390987,-0.40137651452632106,2015.8637487874232,0.4444444444444444,0.0,0.01567926949014802,0.07028954838912484,0.3393485982100806,1.0,-0.002574502262129563,0.0029773539533105263
0.05,19.87158081993487,-0.01154500522998883,19.871584173647282,-0.0001905459825577071,-0.010257262369427613,-0.013609798458500083,1.3876363699735768,-0.6038673621691283,51.3153041795313,-0.0002843868561707722,-0.0005809806494833929,0.012573512237301871,8.67161320205556e-05,-682.5316707476354,-2.7183127308201582,2013.5108076964036,0.4444444444444444,0.0,0.023465169756034628,0.1170120561481572,0.33903243790049564,1.0,-0.004297440862460483,0.002962547214246005
0.06666666666666667,19.894598431626232,-0.01932629446312432,19.894607818736276,-0.0004473459877343389,-0.018790079352013912,-0.01808831710114506,1.3786518983315905,-0.8506878060986853,51.64673696862235,-0.0006694263499917881,-0.0009714339522981615,0.01618400872114578,0.00024672724097562755,-956.8005873434555,-9.3441429958948,2011.176860422551,0.4444444444444444,0.0,0.031186753622663897,0.16398078786321513,0.33874720419453147,1.0,-0.006053946227518515,0.0029433657326919105
0.08333333333333333,19.91744679120904,-0.027808426145584177,19.917466204043325,-0.0008728619267813274,-0.029841934918243416,-0.0225172569239193,1.3678903472881425,-1.0929337748873498,51.978551371186626,-0.0013118971150669209,-0.0013961833746987875,0.01953926567683399,0.0005339637240690836,-1219.6421506520476,-23.128051330111553,2008.8647393791712,0.4444444444444444,0.0,0.03882285676537811,0.20894860080218322,0.33850256505299386,1.0,-0.007777897197975441,0.002920390258890125
0.1,19.9401042339437,-0.03609015828881132,19.940136894215765,-0.0015065581322496395,-0.04316179393273263,-0.02688447851062042,1.35565097020049,-1.3284096179234133,52.31074400859476,-0.002278636762038558,-0.0018099262901003885,0.02268800708526124,0.0009781381625555189,-1466.0361198075764,-46.91222912820079,2006.576635411235,0.4444444444444444,0.0,0.04635254915624211,0.25105206429598836,0.3383309991106478,1.0,-0.009453668357970822,0.002894259686587655
0.11666666666666667,19.96255403889808,-0.04336741124627611,19.962601145348877,-0.0023831234965789173,-0.05844724390928337,-0.03117801161044112,1.3422014655310233,-1.5584840304685244,52.64331098151447,-0.0036347506904107767,-0.0021724345961939037,0.025678879382067806,0.001600656201436422,-1695.3069234789907,-83.19419418775333,2004.3141889302965,0.4444444444444444,0.0,0.05375519243179504,0.2901753388724447,0.33830685514624725,1.0,-0.01109100006989903,0.002865545541114316
0.13333333333333333,19.984782675073777,-0.04897864329239673,19.98484269333706,-0.0035319897255875277,-0.07537811493128399,-0.03538608794759461,1.3277611690066133,-1.7859190548060782,52.97624788573584,-0.005444106857396249,-0.002450791986443585,0.028555213999059956,0.00241441773630932,-1908.846219354121,-133.9215312251557,2002.07866278856,0.4444444444444444,0.0,0.06101049646137002,0.3265582845982976,0.3385641900613736,1.0,-0.012709548493566206,0.002834716095326518
0.15,20.006778063606603,-0.05241632411655465,20.006846726994343,-0.004977246723010349,-0.09363538901870246,-0.03949717347734056,1.3125046579030586,-2.0136288252290786,53.30954980724973,-0.007770125300325672,-0.002619922309400832,0.031352818026206375,0.0034244357704986254,-2108.791283425883,-200.39629570431563,1999.8711238947344,0.4444444444444444,0.0,0.06809857496093201,0.36056899776719,0.33930778348066387,1.0,-0.014330052156294753,0.0028021440646079734
0.16666666666666666,20.02852816890065,-0.053319958618771264,20.02859914298636,-0.006737777845257835,-0.11291155934985024,-0.04349999999999999,1.296573189909169,-2.244039146795548,53.64321129892702,-0.01067656040800798,-0.002662194256342965,0.03409947281773984,0.004628867781432879,-2297.314937069398,-283.25716481069054,1997.6925955879233,0.4444444444444444,0.0,0.07499999999999998,0.3925817007417271,0.3408126619910538,1.0,-0.015969774375219847,0.002768131028379292
0.18333333333333332,20.050020037720707,-0.05146010747965099,20.050086076016324,-0.008827514439787298,-0.13291622252933852,-0.04738359604630735,1.2800873948649374,-2.4788135526516855,53.977226342905645,-0.014228124390431335,-0.0025665807010553333,0.03681532460141243,0.006020210659487874,-2476.2865964963253,-382.51112616431516,1995.544165324842,0.4444444444444444,0.0,0.08169585525225405,0.42291859649596414,0.3434094276989759,1.0,-0.017640553735710388,0.002732934526442802
0.2,20.071239292790175,-0.046718888057551,20.071293665405467,-0.01125575492535592,-0.15337912209617474,-0.05113731694944516,1.2631582135630453,-2.7187909299559307,54.31158830340616,-0.018490891216072947,-0.002327649180126027,0.03951368739933127,0.007586515351791577,-2647.147069667836,-497.5943688124928,1993.4270454463945,0.4444444444444444,0.0,0.08816778784387097,0.45182854459913113,0.347455319022647,1.0,-0.019348360204317846,0.0026967914128788783
0.21666666666666667,20.092170027809818,-0.039069979250280475,20.09220801429494,-0.014027519753934058,-0.17405187534927952,-0.054750874021335855,1.245895014132915,-2.96403852268062,54.646289874781516,-0.023532472195490588,-0.001944535107565308,0.042201990419443336,0.009312542457147348,-2810.8994856769996,-627.4496656250656,1991.3425918425473,0.4444444444444444,0.0,0.09439805865747562,0.47948570673036595,0.3532941873420165,1.0,-0.021093672324862565,0.002659935184195798
0.23333333333333334,20.112795023300652,-0.028559707484901435,20.112815300355123,-0.017143927475074174,-0.19470901497187865,-0.05821436275322066,1.2284107786403518,-3.2139633500625298,54.981323029422356,-0.029421982370195686,-0.0014199761026017115,0.04488272916217725,0.011180817264942224,-2968.1582601030823,-770.6130755469553,1989.2922886248143,0.4444444444444444,0.0,0.10036959095382873,0.5059981292345073,0.3612120318156711,1.0,-0.022872270131302035,0.0026226070525090356
0.25,20.13309619412754,-0.015289980125474228,20.133102000076516,-0.020602583714152148,-0.21514862341398377,-0.06151828996322963,1.2108246876788744,-3.467449258822311,55.31667896977316,-0.03622983076329633,-0.0007594448980183111,0.04755435248519531,0.013172562498056668,-3119.22261261446,-925.3059043978686,1987.2777079976727,0.4444444444444444,0.0,0.10606601717798213,0.5314204825545957,0.37139717013904694,1.0,-0.024676210484112684,0.002585061463538639
0.26666666666666666,20.1530551821969,0.000596605208910886,20.153055191027764,-0.024397977305914913,-0.23519264197556158,-0.06465359981653329,1.193262599541178,-3.723000726058014,55.65234808818959,-0.04402737334946295,2.960371037259103e-05,0.05021205799579053,0.015268497162900303,-3264.155876732867,-1089.5289853911993,1985.3004543226698,0.4444444444444444,0.0,0.11147172382160912,0.555767723630423,0.3839139618917037,1.0,-0.02649485044805374,0.0025475671196208112
0.2833333333333333,20.17265401709333,0.018929380625520454,20.172662898457467,-0.02852187810448402,-0.2546868422837123,-0.06761169864675645,1.175855960475894,-3.97888206901427,55.988319937694925,-0.05288646870770026,0.000938368102357189,0.052848489050624226,0.01744949574944665,-3402.8604410287335,-1261.1562432005937,1983.3621004320705,0.4444444444444444,0.0,0.11657189421854561,0.5790279362263605,0.39869559282856043,1.0,-0.02831583798281886,0.0025104046531504165
0.3,20.19187578050094,0.039519993142628676,20.19191445517335,-0.03296373042364654,-0.2735004194378283,-0.07038447851062042,1.1587396604081341,-4.233244729586076,56.32458321589981,-0.06287897456444727,0.0019572199784216276,0.055454336735366504,0.01969710667146238,-3535.1431440207552,-1438.0239825455815,1981.464122899382,0.4444444444444444,0.0,0.1213525491562421,0.6011734681823591,0.41555598341401556,1.0,-0.030126017767165763,0.0024738620486315496
0.31666666666666665,20.21070522516168,0.06217067353933692,20.21080084734462,-0.03771103546905084,-0.2915251780242448,-0.07296433941125187,1.1420492948584633,-4.484237638983139,56.66112576348142,-0.07407621980205509,0.0030761161844732616,0.05801885447735439,0.0219939336524136,-3660.7688590343064,-1618.0120212468419,1979.6078414311378,0.4444444444444444,0.0,0.12580058519181359,0.6221699904945815,0.43421590211578054,1.0,-0.0319122166124822,0.0024382287969858998
0.3333333333333333,20.229129314290272,0.08668056703471232,20.22931502387017,-0.04274971596793371,-0.3086743147627995,-0.07534421012924615,1.1259182225714137,-4.730097401756168,56.99793457773824,-0.08654848159732777,0.004284911880719712,0.06053029430555063,0.024323888880814375,-3779.501749832487,-1799.1130241659064,1977.7943659732157,0.4444444444444444,0.0,0.12990381056766578,0.6419834058185114,0.4543358962966903,1.0,-0.033661885260213714,0.002403789613709297
0.35,20.247137661521574,0.11285034892587119,20.247452152946504,-0.04806445666021435,-0.32488083933927686,-0.077517567604388,1.1104747272469002,-4.9692166562718105,57.33499584091363,-0.10036449163532234,0.005573586857041228,0.06297627381432169,0.026672331629920408,-3891.1347484251824,-1979.4872535414024,1976.0245536568505,0.4444444444444444,0.0,0.13365097862825517,0.660584718716843,0.4755490659173812,1.0,-0.03536358487130945,0.002370818379283718
0.36666666666666664,20.26472286364711,0.14048537854645246,20.265209815889083,-0.05363901535380377,-0.3400957069974628,-0.07947845481490627,1.095839506884986,-5.200190570200704,57.67229496227851,-0.11559098926203544,0.006932398187511099,0.06534408243126759,0.02902610991169961,-3995.508462661307,-2157.501265692024,1974.298976443063,0.4444444444444444,0.0,0.13703181864639014,0.677953091563605,0.49748891427446446,1.0,-0.037007317912808806,0.0023395727790304676
0.3833333333333333,20.281880728003117,0.16939765836518428,20.282588134446843,-0.05945650069877652,-0.35428575640050636,-0.08122149710525654,1.0821236316416842,-5.421842905513772,58.009816632423906,-0.1322923334336352,0.008351972966173342,0.06762093499934616,0.031373525026281386,-4092.521095455561,-2331.750561932759,1972.6178993216195,0.4444444444444444,0.0,0.14003706397458027,0.6940773716189317,0.5198100863532712,1.0,-0.03858471365019822,0.0023102899432153735
0.4,20.29861040318413,0.1994068610383455,20.299589833208064,-0.0654996144733475,-0.3674315522361898,-0.08274191691767835,1.0694270364852219,-5.633234269282932,58.34754488786188,-0.15053017978244,0.009823354549685243,0.06979418007881893,0.03370423933866459,-4182.131121228226,-2501.0675432614617,1970.9812682055797,0.4444444444444444,0.0,0.142658477444273,0.7089563992376438,0.5422018157637511,1.0,-0.04008908686449093,0.0022831832289312106
0.4166666666666667,20.31491442590131,0.2303406675914362,20.316220242821736,-0.07175085777926044,-0.3795252255993058,-0.08403554688714894,1.0578375529576831,-5.833655927384069,58.685463183865174,-0.17036322435415094,0.011338014649539045,0.07185146976276884,0.03600914640039383,-4264.354465584598,-2664.517105369184,1969.388706223555,0.4444444444444444,0.0,0.14488887394336025,0.7225984032051204,0.5643950694567058,1.0,-0.04151539382725188,0.0022584401529481893
0.43333333333333335,20.330798698665603,0.26203462863426225,20.332487252480117,-0.07819270194441409,-0.3905683899467892,-0.08509884126384108,1.0474304377637322,-6.022612859159138,59.02355447347239,-0.19184701176059699,0.012887841972245769,0.07378089715793958,0.038280220046724434,-4339.257811877631,-2821.3827454396805,1967.8395169109517,0.4444444444444444,0.0,0.14672214011007084,0.7350197643194469,0.5861648391607803,1.0,-0.04286011170857349,0.002236221385270052
0.45,20.346272413076935,0.2943317226786118,20.34840122147464,-0.08480772602392107,-0.4005701906268492,-0.08592888563177697,1.038268325374974,-6.199799620892786,59.36180129071171,-0.2150338026963055,0.014465116154997243,0.07557110699682001,0.04051035587707964,-4406.949452282671,-2971.1461521016254,1966.3326927854355,0.4444444444444444,0.0,0.14815325108927066,0.7462433897137748,0.6073290399337935,1.0,-0.0441210668087565,0.00221666064794631
0.4666666666666667,20.361347932398836,0.32708174618306557,20.363974859857013,-0.09157872354193566,-0.4095455254187027,-0.08652340489703977,1.0304015160859734,-6.365072171801977,59.70018583631518,-0.23997249393686976,0.0160624737331244,0.07721138412577375,0.04269321509155121,-4467.568848707234,-3113.4630097265417,1964.8669279032033,0.4444444444444444,0.0,0.149178284305241,0.7562968946860765,0.6277452668336866,1.0,-0.04529723405708896,0.002199865330060128
0.48333333333333334,20.376040645299554,0.3601406328767831,20.379223087604405,-0.09848878154275026,-0.41751345492194153,-0.08688076952364791,1.0238685073624625,-6.518418226360415,60.03869006446845,-0.2667085829472427,0.017672870999768657,0.07869172388452433,0.04482307742276762,-4521.275802990102,-3248.1372956791815,1963.4406331785972,0.4444444444444444,0.0,0.14979443021318606,0.7652107416525058,0.6473063793331086,1.0,-0.04638852602324089,0.00218591762213514
0.5,20.39036880055219,0.39336976782624955,20.394162880509995,-0.10552133517120796,-0.42449580654673036,-0.087,1.0186966816023668,-6.65992804916178,60.37729576943738,-0.29528416891217146,0.019289547003961977,0.0800028876893947,0.04689470713554859,-4568.239882050547,-3375.095806924085,1962.051953467289,0.4444444444444444,0.0,0.15,0.773016441586395,0.6659356096481557,1.0,-0.04739558507800034,0.0021748759844772655
0.5166666666666666,20.404353330396464,0.42663533585828356,20.408813109572645,-0.11266020094439295,-0.4305159647894741,-0.08688076952364791,1.0149030742785983,-6.789766992498572,60.715984671207025,-0.3257379821818682,0.020905988639218685,0.08113644648900319,0.04890323388727317,-4608.630519337991,-3494.364116023094,1960.6987856319913,0.4444444444444444,0.0,0.14979443021318606,0.7797448847710294,0.6835816601867947,1.0,-0.04831958795609917,0.0021667767871283317
0.5333333333333333,20.418017668352377,0.4598077244931455,20.423194379152676,-0.11988959167437095,-0.4355978332213703,-0.08652340489703977,1.0124951599652412,-6.908150547536216,61.054738499544946,-0.358105434638614,0.02251589880496992,0.08208481420005334,0.050844048658199525,-4642.608028593461,-3606.0446865316835,1959.3787970100302,0.4444444444444444,0.0,0.149178284305241,0.7854248363125401,0.7002140760846867,1.0,-0.049162068207117646,0.0021616359880000163
0.55,20.43138756562901,0.4927609878901662,20.437328867739204,-0.1271941157128769,-0.4397649495554062,-0.08592888563177696,1.01147160774265,-7.015322261873728,61.39353907614942,-0.39241868419462106,0.024113167945943433,0.08284127276391283,0.052712713909270556,-4670.315622493783,-3710.2975026100416,1958.0894438744888,0.4444444444444444,0.0,0.14815325108927063,0.790081607942706,0.7158190482078522,1.0,-0.049924759045118214,0.0021594507456330044
0.5666666666666667,20.44449090891322,0.5253723694908689,20.451240173917565,-0.13455876285870913,-0.44303973353484855,-0.08509884126384108,1.011822970423425,-7.111534571221905,61.73236839475944,-0.428706707419219,0.025691848839473945,0.08339999009208551,0.05450488650611067,-4691.8724254262825,-3807.323291940061,1956.8279896221882,0.4444444444444444,0.0,0.14672214011007084,0.7937359007271554,0.7303957120471868,1.0,-0.05060945693668723,0.002160200890666418
0.5833333333333334,20.45735754123356,0.5575218759671141,20.464953169065584,-0.1419688789301628,-0.44544284747783264,-0.08403554688714894,1.013532283076789,-7.197032388857964,62.071208699287396,-0.4669953750857798,0.027246134252038832,0.0837560318820229,0.05621625165515746,-4707.367401815611,-3897.3492347380043,1955.5915225342974,0.4444444444444444,0.0,0.14488887394336025,0.7964028024743819,0.7439529494849897,1.0,-0.05121790481477852,0.0021638502036630176
0.6,20.47001908673292,0.5890918927093163,20.478493857441418,-0.14941013068020972,-0.44699265051568315,-0.08274191691767836,1.0165755551029518,-7.272039174962416,62.41004256018904,-0.5073075261739634,0.028770336971863875,0.0839053680702036,0.05784246603385488,-4716.854083219155,-3980.6169378198074,1954.3769730430697,0.4444444444444444,0.0,0.14265847744427304,0.7980909178338041,0.7565066650560687,1.0,-0.05175169294071606,0.0021703474656679573
0.6166666666666667,20.482508779498385,0.6199668305425731,20.491889243630062,-0.15686846243495928,-0.4477047294289971,-0.08122149710525654,1.0209221466374185,-7.336745149249927,62.748852949411415,-0.5496630365306089,0.03025887170017363,0.08384487453085135,0.05937910838211109,-4720.345962855712,-4057.372392875329,1953.181130506335,0.4444444444444444,0.0,0.14003706397458027,0.7988016072160274,0.7680774890514921,1.0,-0.05221217501901488,0.0021796272618166733
0.6333333333333333,20.49486129603866,0.6500327939476636,20.5051672067572,-0.16433004557396916,-0.44759149121678965,-0.07947845481490627,1.0265350245984146,-7.391297296721569,63.08762331436206,-0.5940788789689049,0.03170623831524721,0.08357233050978383,0.06082163599745153,-4717.812430015075,-4127.857615581484,1952.0006595451837,0.4444444444444444,0.0,0.13703181864639014,0.7985283118441895,0.7786888511812929,1.0,-0.052600397073006185,0.0021916105279857264
0.65,20.507112590522137,0.6791772622878235,20.518356380420933,-0.17178122174836596,-0.44666180495830327,-0.077517567604388,1.0333708966124195,-7.435790833475916,63.42633765142463,-0.6405691720678982,0.0331070060860172,0.08308641218872889,0.062165345800883405,-4709.175134625813,-4192.3036632658595,1950.832116044493,0.4444444444444444,0.0,0.13365097862825517,0.7972559457271226,0.7883653665142824,1.0,-0.052917036711016566,0.002206204836718365
0.6666666666666666,20.519299731455003,0.7072887770639429,20.531486036900738,-0.17920844055182095,-0.4449206830710824,-0.07534421012924616,1.0413802228109594,-7.470261836551496,63.76498057960985,-0.6891452153282716,0.03445579848887369,0.08238668269311937,0.06340533888955019,-4694.304700992216,-4250.924743225613,1949.6719629545687,0.4444444444444444,0.0,0.1299038105676658,0.7949603406178506,0.7971314772256104,1.0,-0.05316235067641267,0.0022233044224102016
0.6833333333333333,20.531460738058016,0.7342566298376194,20.544585973849127,-0.18659819222211305,-0.44236899473146996,-0.0729643394112519,1.0505071065574991,-7.494680791278429,64.1035374149785,-0.7398155086559839,0.03574727836263251,0.08147357877525432,0.06453648775322528,-4673.017747280665,-4303.913144249734,1948.5165860683312,0.4444444444444444,0.0,0.1258005851918136,0.7916077367615798,0.8050102974019406,1.0,-0.05333612892712844,0.002242789948015568
0.7,20.543634414171024,0.7599705470762779,20.557686401332603,-0.193936935859736,-0.439003207054048,-0.07038447851062042,1.0606890660127917,-7.508946866825843,64.4419942465048,-0.7925857543962611,0.03697613321752303,0.08034839431638738,0.06555340560121886,-4645.074212555908,-4351.434745574244,1947.3623099844544,0.4444444444444444,0.0,0.1213525491562421,0.7871543202784713,0.8120226125526147,1.0,-0.05343765389742024,0.002264528017348831
0.7166666666666667,20.555860177061017,0.7843203697726265,20.5708178267497,-0.20121102360839324,-0.43481515270742516,-0.06761169864675647,1.0718566895576958,-7.5128827927422455,64.78033801406403,-0.8474588403418822,0.03813706059378628,0.07901326068943988,0.06645041752770063,-4610.1750454629255,-4393.6248774454225,1946.2054145042582,0.4444444444444444,0.0,0.11657189421854565,0.7815458173069518,0.8181859898031868,1.0,-0.0534656640366071,0.0022883704394261175
0.7333333333333333,20.56817787802518,0.8071957273236552,20.584010934807967,-0.20840662125550044,-0.42979182607771643,-0.0646535998165333,1.0839331799446108,-7.5062302747488046,65.11855658922642,-0.9044348023082233,0.03922475344647893,0.07747112390438124,0.06722153354495408,-4567.960367715142,-4430.584324009555,1945.0421517497043,0.4444444444444444,0.0,0.11147172382160916,0.7747171655379088,0.8235139585823185,1.0,-0.053418321185421086,0.002314153255247171
0.75,20.58062761116544,0.8284857069313967,20.597296459391337,-0.21550962578601188,-0.423915213988357,-0.06151828996322963,1.0968337951271943,-7.488645955891254,65.45663885951605,-0.9635107650203525,0.04023388562051339,0.07572571831889675,0.0678604238473113,-4518.0082909440835,-4462.375271632001,1943.8687643316152,0.4444444444444444,0.0,0.10606601717798213,0.7665922954576878,0.828015224752064,1.0,-0.053293181833419134,0.0023416955439895383
0.7666666666666666,20.593249506173684,0.8480785218734613,20.61070504380638,-0.22250558056883432,-0.4171621714505512,-0.05821436275322067,1.110465198504315,-7.459697998371974,65.79457481674618,-1.0246808602123478,0.04115909758158732,0.07378153653865523,0.06836039704753251,-4459.834636142172,-4489.017013861096,1942.6815049405097,0.4444444444444444,0.0,0.10036959095382875,0.7570840663368088,0.8316928835259315,1.0,-0.05308717279348482,0.0023707980358058356
0.7833333333333333,20.606083500425378,0.8658611846091083,20.624267085584293,-0.2293795890821703,-0.4095043580363975,-0.05475087402133585,1.1247247382614596,-7.4188634303262715,66.1323556499658,-1.0879361210138154,0.04199498269493231,0.07164379495902068,0.06871438256774509,-4392.893878691912,-4510.481228494018,1941.476657775565,0.4444444444444444,0.0,0.09439805865747561,0.7460944153911835,0.8345435982379901,1.0,-0.052796572320079255,0.0024012415732469618
0.8,20.61916908516257,0.8817191941238105,20.63801256177082,-0.2361162284037085,-0.40090825627784255,-0.05113731694944517,1.1394996849757333,-7.365526467677086,66.4699738434404,-1.1532643519108594,0.04273607450816157,0.06931839422340536,0.06891491888475766,-4316.5817148870065,-4526.6866434785725,1940.2505622676026,0.4444444444444444,0.0,0.08816778784387098,0.7335147919250784,0.8365567132515304,1.0,-0.052416998166667825,0.00243278548357978
0.8166666666666667,20.632545020096984,0.8955362515284463,20.651970830507448,-0.24269946411500426,-0.3913352999702695,-0.04738359604630737,1.154666468882132,-7.298978079630271,66.8074232799381,-1.2206499738348513,0.043376835713488326,0.06681187370965391,0.06895414993964016,-4230.2397116660895,-4537.4929082336375,1938.9996395858934,0.4444444444444444,0.0,0.08169585525225409,0.7192269605345174,0.8377132703448003,1.0,-0.05194340449355396,0.002465165950381633
0.8333333333333334,20.64624901043534,0.9071940241423585,20.666170404754286,-0.24911256880650218,-0.38074214726579114,-0.04349999999999999,1.170089973109491,-7.218417111237481,67.14469934939491,-1.290073844266222,0.04391164975782087,0.06413135903089356,0.0688238327358198,-4133.162550994524,-4542.693487833069,1937.7204224410236,0.4444444444444444,0.0,0.07499999999999998,0.7031042669841472,0.8379848992911555,1.0,-0.05137008985663275,0.002498094504627832
0.85,20.660317340194105,0.9165719865768249,20.680638694298167,-0.2553380470265603,-0.36908114069743675,-0.03949717347734057,1.1856229562771787,-7.122953300137337,67.48179906278459,-1.3615130526520456,0.04433481645848903,0.061284501487892856,0.06851535997418878,-4024.608402061171,-4542.007403181076,1936.4095887007852,0.4444444444444444,0.0,0.06809857496093202,0.6850134649961593,0.8373325558499783,1.0,-0.0506907186761233,0.0025312567919590872
0.8666666666666667,20.674784455814944,0.9235473781771981,20.695401712799516,-0.261357570294038,-0.3563010033079435,-0.0353860879475946,1.2011056959785702,-7.011612518930032,67.81872117072156,-1.4349406919292773,0.04464055348941313,0.05827940848437298,0.06801980250250321,-3903.8129339056068,-4535.069656692958,1935.0639993154161,0.4444444444444444,0.0,0.06101049646137,0.6648171992497399,0.8357050852124674,1.0,-0.04989835854409064,0.0025643118115332183
0.8833333333333333,20.689682494619316,0.9279953299758381,20.710483747624387,-0.26715192667866994,-0.34234782615386955,-0.031178011610441154,1.2163659619726235,-6.883344532937598,68.1554662859756,-1.51032560751602,0.044823006244940754,0.055124564173587506,0.06732797736677569,-3770.007402882682,-4521.420219059196,1933.6807409936857,0.4444444444444444,0.0,0.0537551924317951,0.6423772264713421,0.8330375979339543,1.0,-0.04898553543278791,0.002596891858790265
0.9,20.705040753666925,0.929789231217904,20.725906991625166,-0.27270099042103907,-0.3271664066278891,-0.02688447851062043,1.231219441610237,-6.7370334833761785,68.49203700868685,-1.587632125767742,0.04487626937244856,0.051828740108743734,0.06643054829496867,-3622.441099534341,-4500.491521883776,1932.2571739722678,0.4444444444444444,0.0,0.04635254915624212,0.6175584298713381,0.8292496612587367,1.0,-0.047944308298477865,0.0026286034337204534
0.9166666666666666,20.720885096242498,0.9288014252437784,20.74169113788023,-0.277983718069313,-0.3107019979973609,-0.022517256923919326,1.245470746595566,-6.571511195618681,68.82843805264459,-1.6668197645714438,0.04479442417363924,0.04840089648397373,0.06531816643009908,-3460.4082090717407,-4471.594523110947,1930.790985066522,0.4444444444444444,0.0,0.03882285676537815,0.5902336404750614,0.8242433354822074,1.0,-0.04676636379009792,0.0026590293902586637
0.9333333333333333,20.737237295636206,0.9249043459423074,20.757852940626307,-0.28297817858314395,-0.29290252669522776,-0.01808831710114506,1.2589151256024587,-6.385573293615829,69.16467637055146,-1.7478429294399547,0.044571597053581484,0.04485007572236674,0.06398165991917788,-3283.2788294467728,-4433.903615303986,1929.2802459691761,0.4444444444444444,0.0,0.031186753622663897,0.5602892219260137,0.8179011282474618,1.0,-0.045443130928038665,0.0026877325926508698
0.95,20.754114319273988,0.9179722268019829,20.774405748099593,-0.2876616256966153,-0.273721323326954,-0.013609798458500093,1.2713409876552615,-6.177998017315897,69.50076127575088,-1.83065059914374,0.044202045133172274,0.041185291702224514,0.06241228134249174,-3090.533515555165,-4386.440969362663,1927.7234764612479,0.4444444444444444,0.0,0.023465169756034646,0.5276313054791741,0.8100840071861516,1.0,-0.043965915018896656,0.002714261302769528
0.9666666666666667,20.77152756078381,0.9078835307491905,20.791359015557568,-0.2920106214079571,-0.25312039392274915,-0.009093976304285874,1.2825333037512998,-5.947567655791341,69.83670455746412,-1.9151860055660945,0.04368027584151055,0.03741541976042692,0.06060202162845456,-2881.8003087339357,-4328.0613973543195,1926.119711802363,0.4444444444444444,0.0,0.01567926949014806,0.4921924846549029,0.8006297132059166,1.0,-0.04232605018498662,0.002738156442439232
0.9833333333333333,20.789482033462882,0.8945242542732887,20.808717809157756,-0.2960012196019596,-0.23107422730644886,-0.004553228193136149,1.2922778983894792,-5.693092710228652,70.17252058616984,-2.001386313109635,0.043001207474799054,0.03354909463514411,0.058543997624940995,-2656.8928141303854,-4257.439534983625,1924.4685730595866,0.4444444444444444,0.0,0.007850393436441637,0.4539387029288645,0.7893517652989274,1.0,-0.04051507132101017,0.0027589607556757355
1.0,20.807975546051168,0.8777922451527738,20.82648231340842,-0.29960921829877607,-0.20757409007903024,-1.0654427152581972e-17,1.300366571221185,-5.413439379226047,70.50822640534984,-2.0891823036940385,0.04216037693961948,0.029594625466832794,0.056232917348771706,-2415.847560097593,-4173.062141883747,1922.7703384990232,0.4444444444444444,0.0,1.8369701987210297e-17,0.4128760033486633,0.7760397562420441,1.0,-0.03852490969403158,0.002776229743202326
1.0166666666666666,20.826997890882037,0.8576026284868423,20.84464735646042,-0.30281048760589013,-0.1826327001752047,0.00455322819313609,1.306602908606404,-5.107561781230418,70.84384180538578,-2.1784980743222344,0.04115419867864986,0.025559938514284494,0.05366562146082106,-2158.9586645262757,-4073.229625746643,1921.0260133904937,0.4444444444444444,0.0,-0.007850393436441535,0.3690567661890585,0.7604618179934071,1.0,-0.036348122255452434,0.0027895440698857857
1.0333333333333332,20.846530085378593,0.8338943484650552,20.863201968657563,-0.30558137783740363,-0.15628909126364468,0.009093976304285814,1.3108085656762718,-4.774541488999521,71.17938937485603,-2.269250755602328,0.03998027453857261,0.021452558916364307,0.05084169101493192,-1886.8077726123392,-3956.0724732432777,1919.2373946619791,0.4444444444444444,0.0,-0.015679269490147956,0.32258504631641766,0.7423704884815846,1.0,-0.03397817298924129,0.002798522976684437
1.05,20.8665437201566,0.8066376921132604,20.88212899087506,-0.3078992081456687,-0.12861338288877142,0.01360979845850007,1.312829733854525,-4.413638298479659,71.51489452376603,-2.3613502618247657,0.038637747570676374,0.017279642147901435,0.04776409940130549,-1600.2873117864501,-3819.589932079276,1917.4071258134636,0.4444444444444444,0.0,-0.023465169756034607,0.27362063603351583,0.7215136215234325,1.0,-0.0314097942102305,0.0028028380885434033
1.0666666666666667,20.887000479732347,0.7758424600002406,20.901404750951034,-0.3097428300967207,-0.09971105803678537,0.018088317101145036,1.3125434682644366,-4.0243573131949875,71.8503854722617,-2.4546990865668357,0.037127683195356774,0.013048063317993248,0.04443987042770506,-1300.6152825146055,-3661.7196059429743,1915.5387364337596,0.4444444444444444,0.0,-0.03118675362266386,0.22238151423826588,0.697652399669588,1.0,-0.02863946397225899,0.0028022269231510843
1.0833333333333333,20.907851913145254,0.7415661929605668,20.920998829897048,-0.3110932527360202,-0.06972623018825527,0.022517256923919267,1.3098635414871598,-3.606537724692333,72.18589319708441,-2.549192162598581,0.0354534491086794,0.008764567815798784,0.04088068528070518,-989.3399877952257,-3480.446822375818,1913.6366597080525,0.4444444444444444,0.0,-0.03882285676537805,0.16914438514630994,0.6705888403079214,1.0,-0.02566603787696881,0.002796505388475141
1.1,20.92903953866028,0.7039215784955261,20.940873945455976,-0.3119343059225262,-0.03884327622834847,0.02688447851062045,1.3047455147470655,-3.1604671480122195,72.5214513265022,-2.6447168110802615,0.03362105200236542,0.004435979966741877,0.03710336079666287,-668.3332213792786,-3273.9605550078004,1911.7062207039178,0.4444444444444444,0.0,-0.04635254915624216,0.11424304555593062,0.6402052835303196,1.0,-0.022491562745740344,0.0027855786095369443
1.1166666666666667,20.950495364958474,0.6630818989009951,20.960985989256248,-0.31225330763446313,-0.0072861549753633886,0.031178011610441137,1.2971907653834038,-2.6870209459348864,72.85709597297353,-2.7411528121066255,0.031639377168255337,6.945768288965648e-05,0.033130104311947337,-339.7704586658024,-3040.856948559375,1909.7535883236612,0.4444444444444444,0.0,-0.053755192431795065,0.05806434273372566,0.6065180462239906,1.0,-0.01912226812502194,0.002769449526899777
1.1333333333333333,20.972142896142785,0.6192832299156125,20.981284264198106,-0.3120416898920928,0.024685226389689983,0.035386087947594576,1.2872492623016916,-2.1878178967842037,73.19286549192287,-2.8383726351809977,0.029520270380734726,-0.0043272284980744626,0.028988443075366556,-6.096597942349191,-2780.381041252388,1907.785685013272,0.4444444444444444,0.0,-0.06101049646136997,0.0010415061084418727,0.5697465852705577,1.0,-0.01556967410109758,0.0027482248221446653
1.15,20.99389865944761,0.5728220281152222,21.00171197781386,-0.31129551454013377,0.05678402559859419,0.039497173477340525,1.275020416264509,-1.6653518965501117,73.52880015593968,-2.936241870615723,0.027278398800096127,-0.00874536363725216,0.024710669212980898,330.0230190333877,-2492.6812309585093,1905.8100508634318,0.4444444444444444,0.0,-0.06809857496093194,0.05635514159175082,0.5303979365403214,1.0,-0.01185152856233698,0.002722116733206647
1.1666666666666667,21.015674267634324,0.5240462329513041,21.02220705296135,-0.3100157751282495,0.08871010730228902,0.043500000000000004,1.2606539497614744,-1.1231250293571533,73.86494173760735,-3.034619897719304,0.024930803980407198,-0.013174858778118023,0.020332573807592083,665.7616086005885,-2179.0273400225865,1903.8346609454618,0.4444444444444444,0.0,-0.07500000000000001,0.11362922310979004,0.4893631451354617,1.0,-0.00799275419932326,0.002691444911511793
1.1833333333333333,21.037378885902562,0.47334112190488253,21.042703300828652,-0.3082085322435384,0.12015852090809512,0.047383596046307354,1.2443485041866642,-0.5657032650092835,74.20133299725043,-3.1333608255157546,0.02249620888506468,-0.017604391216019984,0.015892205671730296,998.2145690545834,-1841.950080973141,1901.8677043215514,0.4444444444444444,0.0,-0.08169585525225406,0.17027352012331223,0.44802119890029807,1.0,-0.004025844878162702,0.002656633448357643
1.2,21.05892191760793,0.42111199782605285,21.063131952457134,-0.30588485253285236,0.15083350496319012,0.05113731694944515,1.2263464565572684,0.001387632897237534,74.53801708399236,-3.23231471077552,0.01999418025213052,-0.0220214854347622,0.011428244792135712,1324.504584243241,-1485.2574559157952,1899.9173432361927,0.4444444444444444,0.0,-0.08816778784387096,0.2257887144070658,0.40833420331639975,1.0,9.875132666985973e-06,0.0026181998088183403
1.2166666666666666,21.080215743009997,0.3677644039641524,21.08342349877433,-0.30306049965029574,0.18046333521487942,0.05475087402133584,1.206927259268397,0.5718759498013388,74.87503687144266,-3.3313290233720996,0.017444181036292406,-0.026412588498767417,0.006978103185565623,1641.8892755827274,-1113.884199298109,1897.9914667744802,0.4444444444444444,0.0,-0.0943980586574756,0.279702331993998,0.3728829876525261,1.0,0.0040697729814487965,0.0025767406123920213
1.2333333333333334,21.10117828830973,0.3136842851191761,21.103509731458523,-0.2997553947265114,0.20881329879695196,0.05821436275322066,1.186398685121092,1.1390826438308252,75.21243426019308,-3.430250297646012,0.014864628737508876,-0.030763258768043852,0.002576095968649862,1947.8643128678073,-733.5740546288534,1896.097458292319,0.4444444444444444,0.0,-0.10036959095382873,0.33158661495857394,0.34472455295520993,1.0,0.008106317058988696,0.0025329129414916832
1.25,21.121735212081624,0.25922080622744237,21.123325822314772,-0.2959928965754443,0.23569503173696496,0.061518289963229625,1.1650862938185667,1.6963436674484131,75.55024948813119,-3.5289258775840007,0.012272087981958172,-0.0350584477063348,-0.0017480679198749831,2240.2539366610067,-350.43846171353573,1894.2419959779463,0.4444444444444444,0.0,-0.10606601717798211,0.3810739123927921,0.326882216669375,1.0,0.012072082463743349,0.0024874118528430637
1.2666666666666666,21.141821548448085,0.20467405593280352,21.14281225039838,-0.291798974637767,0.2609711414166953,0.06465359981653326,1.1433217900120327,2.237448390540182,75.88852049265158,-3.6272056448130936,0.009680701432494162,-0.03928283576714443,-0.005970280923641665,2517.28065099929,29.530348567472284,1892.430901674253,0.4444444444444444,0.0,-0.1114717238216091,0.42786819177743385,0.3214060969720163,1.0,0.015922871053363555,0.0024409455223859556
1.2833333333333332,21.161382727811258,0.15028867234764323,21.161916398047335,-0.2872013382947732,0.2845574001181912,0.06761169864675644,1.1214311790628797,2.757045647745228,76.22728236513063,-3.7249436161629705,0.007101905748111134,-0.04342110439296215,-0.010072508497225047,2777.606689012162,400.9044482040031,1890.6690461057424,0.4444444444444444,0.0,-0.11657189421854558,0.471751461229309,0.32846030796419534,1.0,0.019620601093143324,0.002394209958308177
1.3,21.180374987153137,0.09625225342801785,21.180593690751735,-0.2822285521284347,0.30642089582514037,0.07038447851062041,1.099725031294656,3.250875627665536,76.56656692819372,-3.821999312689739,0.004544376145638715,-0.04745803887101867,-0.014042925392215721,3020.3401613384676,759.160844445765,1888.9603101912976,0.4444444444444444,0.0,-0.12135254915624209,0.5125840038962775,0.34624752544078546,1.0,0.02313495750279342,0.0023478682156195013
1.3166666666666667,21.198765215889846,0.042699345061310054,21.198808219154444,-0.27690931260882357,0.326567271640095,0.0729643394112519,1.0784892096020027,3.715882898645319,76.90640244807166,-3.9182388463303437,0.0020142346443617937,-0.051379120517081975,-0.017875013690996526,3245.0219734471675,1100.8599949675106,1887.3075978919574,0.4444444444444444,0.0,-0.1258005851918136,0.5503012509417642,0.3718872026985797,1.0,0.02644419620791501,0.0023025305999738455
1.3333333333333333,21.216530364365354,-0.010279850004612462,21.21653285476572,-0.271271907663222,0.34503122964496435,0.07534421012924614,1.0579777979365723,4.150218707250302,77.24681348226194,-4.0135356969117515,-0.00048452074979443493,-0.055170778942149334,-0.02156649260442542,3451.5924166962723,1423.6624439486168,1885.7128909026537,0.4444444444444444,0.0,-0.12990381056766576,0.5849071891216705,0.4024557311719706,1.0,0.029535160497198946,0.0022587395702743066
1.35,21.233656583985958,-0.06262915609903823,21.233748946849776,-0.26534382208104335,0.36186801768679844,0.077517567604388,1.0384094629625644,4.55311474891754,77.58782085082917,-4.107771184688011,-0.0029495143351445947,-0.05882043811668995,-0.02511825817739028,3640.3346462092327,1726.2318152606101,1884.1773294279978,0.4444444444444444,0.0,-0.13365097862825517,0.6164639559112872,0.4355663555335292,1.0,0.03240238270732967,0.002216961970955701
1.3666666666666667,21.250138237084435,-0.11431616855547043,21.25044571959824,-0.25915147463027255,0.3771459665726146,0.07947845481490627,1.0199666064343402,4.9246940603774565,77.92944171068909,-4.200834672691557,-0.005379497514149229,-0.062316494872666016,-0.02853337447097066,3811.8060011343205,2008.0701973135544,1882.7013058248347,0.4444444444444444,0.0,-0.13703181864639014,0.6450795393244539,0.4694936619646477,1.0,0.0350467384330255,0.0021775872223452493
1.3833333333333333,21.265976883444768,-0.16532310993249602,21.266619490127834,-0.25272006475143594,0.39094047296642903,0.08122149710525653,1.0027966829476076,5.265760292298264,78.2716897088664,-4.292623547645292,-0.007773909492353823,-0.0656482573146733,-0.03181620314788409,3966.766715566387,2269.328297252571,1881.2845608405494,0.4444444444444444,0.0,-0.14003706397458024,0.6708952250341234,0.5030802941015017,1.0,0.037473946879259416,0.0021409301340077585
1.4,21.281180316499558,-0.21563934095690238,21.28227281069239,-0.2460735037537347,0.40332948709471367,0.08274191691767835,0.987014980590186,5.577595727645996,78.61457519111825,-4.383043032493262,-0.010132518871161069,-0.06880586682096171,-0.03497170974218108,4106.112861832629,2510.621800525097,1879.9262753217197,0.4444444444444444,0.0,-0.142658477444273,0.6940739427241183,0.5355929118475793,1.0,0.03969313345263672,0.0021072368413219164
1.4166666666666667,21.295761691460047,-0.2652556688484702,21.297413612674042,-0.23923440686333733,0.4143903487026931,0.08403554688714894,0.9727082152397691,5.861785989477586,78.95810544509912,-4.472005880722837,-0.012455152161580042,-0.07178022124085269,-0.0380049485277767,4230.817693255722,2732.8723974222316,1878.6251531920768,0.4444444444444444,0.0,-0.14488887394336025,0.7147901903233305,0.5665943213123199,1.0,0.04171558228895314,0.0020766924791598353
1.4333333333333333,21.309738763618558,-0.31416033445672725,21.31205440330456,-0.23222412627154618,0.4241977133483535,0.08509884126384108,0.9599384167438252,6.120078865167619,79.30228496114732,-4.559431995648789,-0.014741502966518544,-0.07456291032327439,-0.0409207059347267,4341.883288300783,2937.180943267098,1877.3794938256979,0.4444444444444444,0.0,-0.14672214011007084,0.7332218222365905,0.595846861853401,1.0,0.04355373157141409,0.002049429478723084
1.45,21.323133238550266,-0.36233642239728653,21.326211543355814,-0.22506280990538244,0.43282229275666084,0.08592888563177696,0.9487467358709718,6.354277415836941,79.64711569786101,-4.6452480092372515,-0.016991009224971192,-0.07714616864797698,-0.04372327266863653,4440.30272697482,3124.7327473505097,1876.187253566998,0.4444444444444444,0.0,-0.14815325108927063,0.7495437042501482,0.6232441225955956,1.0,0.04522041284055922,0.0020255356952290455
1.4666666666666666,21.33597022603634,-0.40976039207525056,21.3399046170601,-0.21776947498234608,0.4403301624739047,0.08652340489703977,0.9391569402798977,6.566163449080493,79.99259734333589,-4.72938684656895,-0.019202783868616524,-0.0795228470167095,-0.046416313232528934,4527.03196471577,3296.7309116848646,1875.046097140921,0.4444444444444444,0.0,-0.149178284305241,0.7639230619075295,0.6487641770362994,1.0,0.0467283063855501,0.0020050618716623814
1.4833333333333334,21.34827778464599,-0.456401437638186,21.353155894215913,-0.2103620890200603,0.44678243957651065,0.08688076952364793,0.9311784789071371,6.757445747376138,80.33872756599912,-4.811787294611327,-0.02137558485080334,-0.08168640049215423,-0.04900280476955102,4602.970011611969,3454.352092508965,1873.9534401983256,0.4444444444444444,0.0,-0.14979443021318609,0.7765162614730299,0.6724380852908138,1.0,0.04808957281003163,0.0019880281811183007
1.5,21.360086542417367,-0.5022214238833422,21.365989877798008,-0.20285765371489128,0.45223518494208687,0.087,0.9248090732502876,6.929727282203807,80.68550225134345,-4.892393587953341,-0.02350781245217997,-0.08363088982178263,-0.051485022314856,4668.945836367061,3598.71905658051,1872.906484407511,0.4444444444444444,0.0,-0.15,0.7874667375926606,0.6943288997052571,1.0,0.049315619710391306,0.001974429759086842
1.5166666666666666,21.37142937960835,-0.5471751942510128,21.37843292715326,-0.19527228904814445,0.45673942952609425,0.08688076952364793,0.9200368445334997,7.084486279724282,81.03291572260358,-4.971155019565578,-0.025597524161230546,-0.0853509925018276,-0.05386455297612589,4725.7104597864745,3730.885168590569,1871.9022464647524,0.4444444444444444,0.0,-0.14979443021318609,0.7969037954778115,0.7145177835199433,1.0,0.050416966929073485,0.00196424124486468
1.5333333333333332,21.38234116105528,-0.5912110953501091,21.39051294586046,-0.18762131627646386,0.4603412590511388,0.08652340489703977,0.916842014127432,7.223066945383819,81.38096094463543,-5.048025581311379,-0.027642459759710483,-0.08684201987665417,-0.05614232638824512,4773.932873597453,3851.8269628100416,1870.9375822522302,0.4444444444444444,0.0,-0.149178284305241,0.8049420491635257,0.7330949028875277,1.0,0.05140318054593968,0.0019574204118825754
1.55,21.392858507629295,-0.6342716046625348,21.402259123651604,-0.17991933928212608,0.46308191666470855,0.08592888563177697,0.915198227490852,7.346676616610842,81.72962971107576,-5.122963636615454,-0.02964007126663995,-0.08809993714929741,-0.05831865268546073,4814.198641839069,3962.441938467221,1870.0092071857052,0.4444444444444444,0.0,-0.14815325108927066,0.8116812983703636,0.7501535025157671,1.0,0.052282852615346105,0.001953910994266844
1.5666666666666667,21.403019598227377,-0.6762939823443351,21.413701722790957,-0.17218032424669216,0.4649979000839022,0.08509884126384108,0.9150735548567094,7.456386957472374,82.07891281538208,-5.19593162615845,-0.03158755402983944,-0.08912138379915108,-0.06039326218653315,4847.010267642372,4063.549549507004,1869.113713605788,0.4444444444444444,0.0,-0.14672214011007084,0.8172066870765329,0.7657860942569222,1.0,0.05306360966795324,0.001953644823263428
1.5833333333333333,21.41286399547555,-0.7172108944917511,21.424871900571794,-0.16441767788352316,0.4661210405309209,0.08403554688714894,0.9164312190178336,7.553137490361424,82.42880020666678,-5.266895806503328,-0.033481876510661916,-0.08990369253508133,-0.062365343119535364,4872.7886134989785,4155.894003133169,1868.247585896331,0.4444444444444444,0.0,-0.14488887394336025,0.8215890231825498,0.780082041386669,1.0,0.05375213784408901,0.001956543381030761
1.6,21.422432489767722,-0.7569509748639659,21.43580156087015,-0.15664432460428132,0.46647855721860176,0.08274191691767836,0.9192300946772096,7.637740279528686,82.77928113141002,-5.335826021007496,-0.03531980723607735,-0.09044490548500043,-0.06423357519269203,4891.87483806581,4240.1479518236565,1867.4072138704832,0.4444444444444444,0.0,-0.14265847744427304,0.8248851691597128,0.7931260595402907,1.0,0.054354216224247756,0.0019625188667322948
1.6166666666666667,21.431766957397453,-0.7954393061280393,21.446523228857558,-0.14887278305790175,0.4660930847567651,0.08122149710525654,0.9234250166918063,7.710884962833754,83.13034426221233,-5.402695502107902,-0.037097938055395276,-0.09074378680304777,-0.06599615781075645,4904.532455745718,4316.916491927796,1866.588904851303,0.4444444444444444,0.0,-0.14003706397458027,0.827138438270587,0.8049973146998328,1.0,0.054874752637704215,0.00197147485462454
1.6333333333333333,21.440910229377828,-0.8325978114614826,21.457069943957613,-0.14111524250306806,0.46498267271936883,0.07947845481490629,0.9289669272153713,7.77314360070232,83.48197781476269,-5.467480703992818,-0.0388127032972259,-0.09079983125381007,-0.06765083238235045,4910.949239813339,4386.741102633197,1865.7888947881668,0.4444444444444444,0.0,-0.13703181864639016,0.8283789505121031,0.8157689047082465,1.0,0.05531781817026825,0.0019833066082009473
1.65,21.449905968118085,-0.8683455538954391,21.4674751669142,-0.13338363947755386,0.4631607575136102,0.07751756760438801,0.9358028848274496,7.8249750026441856,83.8341696541755,-5.530161164728387,-0.04046039472794386,-0.09061326861360891,-0.06919489857182906,4911.238780797993,4450.103301947777,1865.0033586894842,0.4444444444444444,0.0,-0.1336509786282552,0.8286239178339259,0.8255075810147865,1.0,0.05568667795408482,0.0019979010996819912
1.6666666666666667,21.458798549470146,-0.9025989449862445,21.477772697424477,-0.12568973522027851,0.4606361071507005,0.07534421012924615,0.9438759525390927,7.866728325101649,84.18690739180465,-5.59071939704376,-0.04203717240814328,-0.09018506392213729,-0.07062522460159772,4905.4415848104,4507.427884979579,1864.228420613013,0.4444444444444444,0.0,-0.12990381056766578,0.8278778404622142,0.834273613601356,1.0,0.0559838167718339,0.002015136770911914
1.6833333333333333,21.46763294780501,-0.9352718669546517,21.48799659918998,-0.11804519428809719,0.4574127398860797,0.07296433941125191,0.9531249762594141,7.898645828203332,84.54017847358506,-5.649140807163647,-0.04353907166127964,-0.08951691373580349,-0.0719382518674182,4893.525656957717,4559.085661630177,1863.4601634341961,0.4444444444444444,0.0,-0.12580058519181364,0.8261326062967863,0.8421207322829797,1.0,0.05621095867525485,0.00203488306039383
1.7,21.47645462175577,-0.9662757138601918,21.498181129470716,-0.11046166478808525,0.4534898182142327,0.07038447851062044,0.9634842610008207,7.9208647471186495,84.89397026088825,-5.70541364128824,-0.044962006434070854,-0.08861123858855696,-0.0731299942337691,4875.386567915359,4605.395638093754,1862.6946386076916,0.4444444444444444,0.0,-0.12135254915624213,0.8233674942394327,0.8490960971382474,1.0,0.05636908030269866,0.002056999712001066
1.7166666666666666,21.48530939809154,-0.9955193580898392,21.508360670308008,-0.10295086061302848,0.4488615205439742,0.0676116986467565,0.9748831489017289,7.933418286498663,85.24827010481175,-5.75952895954059,-0.04630176936050097,-0.08747117186638861,-0.07419603246110464,4850.84705154646,4646.626597548242,1861.9278761454236,0.4444444444444444,0.0,-0.11657189421854569,0.8195490907420547,0.8552402632272899,1.0,0.05645841795609723,0.0020813358740728208
1.7333333333333334,21.494243350881376,-1.0229090487542425,21.518569658528225,-0.09552464601610308,0.44351689418446905,0.06465359981653326,0.9872455011972873,7.936235791564058,85.60306541475408,-5.811480637417144,-0.0475540288553981,-0.08610054525556221,-0.07513150430689321,4819.656232048639,4682.998035521514,1861.1558950544054,0.4444444444444444,0.0,-0.1114717238216091,0.8146311375248564,0.8605871123054454,1.0,0.0564784688185163,0.0021077289934427258
1.75,21.503302672682036,-1.0483482487644342,21.528842511469627,-0.08819512278125664,0.43743969516826114,0.061518289963229646,1.0004890857747024,7.9291421922781185,85.95834372205772,-5.861265394975929,-0.048714323571775624,-0.08450387083737182,-0.07593109095840057,4781.4886337402095,4714.680397974106,1860.3747145078364,0.4444444444444444,0.0,-0.10606601717798216,0.8085543378944733,0.865163728442602,1.0,0.056427986998595095,0.002136003507894375
1.7666666666666666,21.512533533949906,-1.0717374176439343,21.539213545106453,-0.0809747201273989,0.43060822305245844,0.05821436275322071,1.0145248731875345,7.911856861556005,86.31409273943189,-5.908882854166997,-0.04977805456932051,-0.08268631977783102,-0.07658900061619046,4735.943187855419,4741.7945571480095,1859.5803660623737,0.4444444444444444,0.0,-0.10036959095382882,0.8012461598580928,0.8689901962792034,1.0,0.056304975404957165,0.0021659693431804786
1.7833333333333332,21.52198192624789,-1.0929737477536607,21.549716880901695,-0.07387628731384259,0.422995162303261,0.05475087402133589,1.0292562473239566,7.883992076933113,86.67030041679246,-5.954335624838671,-0.050740475570413085,-0.08065369740278132,-0.07709895027188732,4682.542520263775,4764.410442784087,1858.7689072817782,0.4444444444444444,0.0,-0.09439805865747568,0.7926206865923826,0.8720793007097813,1.0,0.056106674798625446,0.002197420227831696
1.8,21.531693484109013,-1.1119508628365224,21.560386337331376,-0.06691318867599694,0.4145674463114085,0.05113731694944518,1.0445781427358645,7.845051328297396,87.02695499407669,-5.997629420026782,-0.05159668173688065,-0.07841241426200057,-0.07745414703140344,4620.732882228937,4782.544724970843,1857.936437180767,0.4444444444444444,0.0,-0.088167787843871,0.7825785788688483,0.8744361054852072,1.0,0.055829551749946645,0.002230131851389373
1.8166666666666667,21.54171327965295,-1.1285584899469236,21.571255301627847,-0.060099400496575084,0.4052861656223505,0.04738359604630735,1.0603761293630458,7.794427771112937,87.38404505150194,-6.038773201137589,-0.05234159749974779,-0.07596945257739474,-0.07764727074657043,4549.885171712098,4796.157419974782,1857.0791139608218,0.4444444444444444,0.0,-0.08169585525225405,0.771007229518002,0.8760573858464592,1.0,0.05546928763090875,0.002263859910328865
1.8333333333333333,21.552085583263736,-1.1426821193214987,21.582356576938988,-0.05344960868941557,0.3951065486747186,0.04350000000000004,1.0765254773941446,7.731403181742847,87.74155955763787,-6.077779353552448,-0.05296996413357356,-0.07333232725281935,-0.0776704602563918,4469.297581318297,4805.147262278545,1856.193175568942,0.4444444444444444,0.0,-0.07500000000000007,0.7577812062376698,0.8769308870891418,1.0,0.0550207711806639,0.0022983381115757318
1.8499999999999999,21.5628535828734,-1.1542026720802694,21.59372219985877,-0.04697930572065989,0.38397805123503537,0.03949717347734058,1.0928902504801927,7.655147823113787,88.09948791554672,-6.114663892997861,-0.053476328009222314,-0.07050904041707662,-0.07751530622711762,4378.200493523938,4809.3456554540935,1855.2749636669241,0.4444444444444444,0.0,-0.06809857496093204,0.7427630947224182,0.8770343772016285,1.0,0.05447809754952582,0.0023332762365535047
1.8666666666666667,21.57405905372303,-1.1629962034504575,21.60538322323325,-0.040704884496633946,0.371844599693464,0.03538608794759461,1.1093224942960611,7.564721666296843,88.45782000711307,-6.14944670272518,-0.0538550308119877,-0.06750802830885821,-0.07717285444007435,4275.764313110426,4808.508983005447,1854.3209516472198,0.4444444444444444,0.0,-0.06101049646137002,0.7258048671872332,0.8763344578692811,1.0,0.05383457699238804,0.002368358408795386
1.8833333333333333,21.585741969975302,-1.1689336802203911,21.617369459374718,-0.03464372609389425,0.358645043174022,0.031178011610441165,1.1256616088065596,7.4590774252773535,88.81654623552892,-6.1821518011211065,-0.054100203508685094,-0.06433809923861046,-0.07663362442531146,4161.110965305941,4802.3090310636135,1853.3277773647435,0.4444444444444444,0.0,-0.053755192431795114,0.7067499090506525,0.8747850949478421,1.0,0.05308275646575785,0.0024032417537579037
1.9,21.597940049341915,-1.171880886171102,21.629709179421265,-0.028814277185925014,0.3443138795091134,0.026884478510620445,1.141734015008356,7.3370658355767375,89.17565756572121,-6.212807638823033,-0.05420576652333472,-0.06100836143928709,-0.07588764958552686,4033.3297767191166,4790.321253594084,1852.29228126314,0.4444444444444444,0.0,-0.04635254915624215,0.6854358352548799,0.8723258282643437,1.0,0.0522144571932326,0.00243755568732846
1.9166666666666667,21.610688222103448,-1.1716985290772062,21.642428765644635,-0.02323611183576868,0.32878232972681565,0.022517256923919298,1.1573532478331097,7.197443531225691,89.53514556230381,-6.241447423753139,-0.054165439470106665,-0.05752813992322106,-0.07492454638830123,3891.49837325508,4772.010607718304,1851.2115505479887,0.4444444444444444,0.0,-0.038822856765378104,0.6616982133864563,0.8688796234462048,1.0,0.051220830722224504,0.002470902114169748
1.9333333333333333,21.62401801670931,-1.1682426480618378,21.65555231509276,-0.01792997099447801,0.3119798436262649,0.018088317101145106,1.172320622617078,7.038883743932818,89.89500242440648,-6.2681094717374375,-0.05397276491687997,-0.053906882084718964,-0.0737336217851788,3734.709054444585,4746.71471887239,1850.0829699847643,0.4444444444444444,0.0,-0.03118675362266398,0.6353752794853337,0.8643503388975208,1.0,0.050092435064926846,0.002502856850605249
1.95,21.63795685576082,-1.1613654506118665,21.669101195057483,-0.01291777161565815,0.29383612367148526,0.013609798458500104,1.1864266283369518,6.859989871855309,90.25522101648151,-6.292837579580596,-0.05362115200933628,-0.05015405281714035,-0.07230402965586556,3562.100822784813,4713.624230380772,1848.904279759937,0.4444444444444444,0.0,-0.023465169756034663,0.6063136812974811,0.8586198045678506,1.0,0.04881933126089257,0.002532972599121084
1.9666666666666666,21.6525272588602,-1.1509167433191667,21.683093553405527,-0.008222575842029829,0.27428375374137975,0.009093976304285923,1.1994531913657958,6.659311775069516,90.61579489391951,-6.315681416674882,-0.05310394732100987,-0.04627902142126926,-0.07062498861542214,3372.896858255788,4671.760392632944,1847.6736406199573,0.4444444444444444,0.0,-0.015679269490148143,0.5743752120953667,0.8515445543179355,1.0,0.047391199344257326,0.002560783781392875
1.9833333333333334,21.667745952874835,-1.136746156555463,21.697543789626682,-0.0038685093563569782,0.25326151063301083,0.004553228193136083,1.2111769238174153,6.4353645161380735,90.97671832202796,-6.3366969304818115,-0.05241454187548893,-0.04229094459609978,-0.06868607469822718,3166.4467498016584,4619.9503179277,1846.3897061710654,0.4444444444444444,0.0,-0.007850393436441522,0.5394444089382028,0.8429523331924669,1.0,0.04579747171156825,0.0025858134733688586
2.0,21.683622896021426,-1.1187063953124208,21.712461995263862,0.00011938311890432273,0.2307184164304298,2.1308854305163945e-17,1.2213734172842787,6.18664928419421,91.33798628664715,-6.355946760565705,-0.051546524659184856,-0.03819865227188543,-0.06647760283485893,2942.2722681548385,4556.800960120426,1845.0517017537038,0.4444444444444444,0.0,-3.6739403974420595e-17,0.501436789628069,0.8326386329655933,1.0,0.04402748202868067,0.0026075825722257223
2.0166666666666666,21.70016023030761,-1.0966577672197753,21.727853374860285,0.00371535781591894,0.2066185550096496,-0.0045532281931360405,1.22982256586586,5.9116765688412,91.69959449441055,-6.37350065525198,-0.050493893689112605,-0.03401054579986212,-0.06399111006056644,2700.114950356947,4480.673895493458,1843.659508663074,0.4444444444444444,0.0,0.00785039343644145,0.46030740413359195,0.8203637185891121,1.0,0.04207063014853422,0.0026256211608176243
2.033333333333333,21.717351187832964,-1.0704742306473085,21.74371766037606,0.006893279899043961,0.1809466212569844,-0.009093976304285803,1.2363148065048786,5.608992461676895,92.06153936040809,-6.389435884303654,-0.04925133519955791,-0.029734520735919506,-0.0612199501824766,2439.983339114044,4389.664527322785,1842.2137516317262,0.4444444444444444,0.0,0.01567926949014794,0.41605929288753996,0.8058509253891789,1.0,0.0399165692867701,0.0026394818305402737
2.05,21.73517899077642,-1.0400511522068947,21.7600485330409,0.009627030591486334,0.15371409125150007,-0.013609798458499986,1.2406580599601764,5.277210418973553,92.42381798079141,-6.403837639984097,-0.04781457892431808,-0.02537792866370349,-0.05816000305236188,2162.1974439628657,4281.591547691045,1840.7158863812303,0.4444444444444444,0.0,0.023465169756034458,0.36875138904486016,0.7887874652277579,1.0,0.037555432061829944,0.0026487545000257254
2.0666666666666664,21.753615802885367,-1.0053148410556918,21.776833067027695,0.011891021629222565,0.12496578922919299,-0.018088317101144988,1.2426850573177626,4.915052983009307,92.78642808767958,-6.416799417044046,-0.04618083175328104,-0.02094759355876384,-0.05481049025734971,1867.4278949655193,4154.005418916494,1839.1682826636697,0.4444444444444444,0.0,0.031186753622663776,0.3185053815891723,0.7688296050738365,1.0,0.03497812740610859,0.002653082056945493
2.0833333333333335,21.77262181163545,-0.9662337129899805,21.794051209920156,0.01366081997089335,0.09478647684063861,-0.02251725692391933,1.2422606624823365,4.521410665894572,93.14936798359517,-6.42842335888996,-0.04434928216243762,-0.016449897355169496,-0.05117487149139494,1556.7273138152593,4004.228105751537,1837.5742965674087,0.4444444444444444,0.0,0.03882285676537816,0.26551106793631635,0.7456148715982243,1.0,0.03217675961453601,0.0026521759912321425
2.1,21.792144543491325,-0.9228306116291419,21.811675317182278,0.014913877525775788,0.06330690060694454,-0.0268844785106204,1.2392887670534225,4.095427864243693,93.5126364526195,-6.438820551699194,-0.042321652946496896,-0.0118909458799786,-0.047261771018666784,1231.5515384623704,3829.439650798979,1835.9383240567363,0.4444444444444444,0.0,0.046352549156242075,0.210029753538896,0.7187848284651899,1.0,0.029145239759009907,0.002645831115359418
2.1166666666666667,21.81211853655601,-0.8751953759307833,21.829669763851694,0.015630349006326705,0.030708514593197164,-0.031178011610441123,1.2337183506045055,3.636627080118176,93.87623264556551,-6.448111239878389,-0.04010275993776507,-0.007276819537310703,-0.04308585165564785,893.7683742228318,3626.829014008396,1834.2658259902644,0.4444444444444444,0.0,0.053755192431795044,0.15239527941052863,0.6880228075083594,1.0,0.025880169710601336,0.0026339385027917303
2.1333333333333333,21.83246550957377,-0.8234962281733308,21.847990668813093,0.01579396567934426,-0.002774120429115493,-0.03538608794759457,1.225548365424444,3.145080900179879,94.24015593685301,-6.4564249248330725,-0.037701011257197124,-0.0026139027568480855,-0.03866851741671367,545.651400555814,3393.8244494381306,1832.5633136450178,0.4444444444444444,0.0,0.061010496461369954,0.09301225697369445,0.6531114687327506,1.0,0.022382066034546795,0.002616495916708401
2.15,21.853095165421294,-0.7679880583930394,21.86658578669276,0.01539291447848155,-0.036854405732566105,-0.039497173477340546,1.2148312031124244,2.62163361170849,94.604405751628,-6.463900295423687,-0.03512875955951706,0.0020907273957725125,-0.0340382926353509,189.8560472324202,3128.409274494876,1830.8382836934813,0.4444444444444444,0.0,0.06809857496093198,0.03235106238332098,0.6140148637668449,1.0,0.018656937127528528,0.0025936152110429098
2.1666666666666665,21.873906741386058,-0.7090153593096142,21.885394648271514,0.01442065104010235,-0.07119970300267195,-0.04349999999999993,1.2016744181191235,2.0681532457042247,94.96898136324688,-6.470684925550787,-0.03240240597241167,0.0068288834335221565,-0.02923070231307958,-170.62505821223684,2829.509100001355,1829.0990934077872,0.4444444444444444,0.0,0.07499999999999989,0.02906086627678453,0.5709885313562363,1.0,0.014718076890253208,0.002565526010173175
2.183333333333333,21.89479138011044,-0.6470070077297279,21.904349057815203,0.012876513286201314,-0.10544727716655225,-0.04738359604630731,1.186240544655673,1.4877616524618746,95.33388166375005,-6.4769346708282045,-0.02954213004971827,0.011590683941066153,-0.02428726527244208,-532.5259766800817,2497.401299354802,1827.354770351285,0.4444444444444444,0.0,0.081695855252254,0.09065109228107081,0.5247185193126255,1.0,0.010587702067429688,0.002532575318029641
2.2,21.915635286990987,-0.5824609057106278,21.923374072872218,0.010766063772787918,-0.13921865538453593,-0.0511373169494452,1.1687481884052011,0.88508679140531,95.6991049138005,-6.48281269501448,-0.02657115862837619,0.016364286916915362,-0.019253858804134345,-892.3945457767331,2134.0636994676925,1825.6147563607865,0.4444444444444444,0.0,0.08816778784387104,0.1518181931676921,0.4764879917135814,1.0,0.0062987476762221845,0.002495229848855018
2.216666666666667,21.9363234012111,-0.5159214678189423,21.94238955363518,0.008101189389155234,-0.17213643003810578,-0.054750874021335855,1.1494669631447874,0.26628138946393776,96.06464848303013,-6.4884880732894885,-0.023514714082562876,0.02113605196161024,-0.014178804333269911,-1246.720543952682,1743.3799958145655,1823.8886065777044,0.4444444444444444,0.0,0.09439805865747562,0.21195464913817602,0.4283682172548487,1.0,0.0018949997891665859,0.0024540652170980857
2.2333333333333334,21.956743330058718,-0.44795112680350724,21.96131229854178,0.004899852293545419,-0.20384656560174716,-0.05821436275322068,1.1287105236227286,-0.3611490323104345,96.43050859565498,-6.49413397929808,-0.020398698773028044,0.025890592930388354,-0.009110255614031566,-1592.0817363269978,1331.0979640805574,1822.185665541328,0.4444444444444444,0.0,0.10036959095382876,0.2704725078847271,0.38340139906217524,1.0,-0.0025701283197588033,0.002409751062890012
2.25,21.976789205553775,-0.37909891919912864,21.98005868454138,0.0011854751268594468,-0.23403965415216074,-0.06151828996322961,1.106827153121109,-0.9887471483505452,96.79668009945263,-6.499925519127979,-0.017248257724515405,0.030610999201107422,-0.0040934186014719215,-1925.2926386327738,904.4841252818046,1820.5147464560407,0.4444444444444444,0.0,0.1060660171779821,0.3268291416829418,0.3456488491287132,1.0,-0.00703644983014142,0.002363030956873245
2.2666666666666666,21.996365079880597,-0.30987094465355713,21.998547605006358,-0.0030139848583189237,-0.2624676308732034,-0.06465359981653325,1.0841876268066446,-1.6077061235692058,97.16315627681959,-6.50603733796802,-0.01408643871802535,0.035279233644043895,0.0008319467785508471,-2243.543513196043,471.7047868248794,1818.8838451830106,0.4444444444444444,0.0,0.11147172382160905,0.3805509013486875,0.3197581459628397,1.0,-0.011441290626200796,0.0023146964889491717
2.283333333333333,22.015387537358713,-0.24070730301404175,22.016703395963113,-0.007667168256006128,-0.28895334487546315,-0.06761169864675644,1.0611709007868384,-2.2095698206515753,97.52992871375601,-6.51264117456533,-0.010933158075517983,0.039876652391509074,0.005633347360019658,-2544.5149556698902,41.05027024564943,1817.2999166462373,0.4444444444444444,0.0,0.11657189421854558,0.43125216092460533,0.3095801785403282,1.0,-0.015724472343759666,0.002265556714995035
2.3,22.033787332999342,-0.17196846805838614,22.03445840926998,-0.012740533855123462,-0.31339398165384474,-0.07038447851062037,1.0381487541958878,-2.7869152448586627,97.89698723646252,-6.519903557586001,-0.007804603621102828,0.044384518536648494,0.010286509425025079,-2826.454348060817,-379.8311117253584,1815.768731251563,0.4444444444444444,0.0,0.12135254915624201,0.4786474733031979,0.31619190719818957,1.0,-0.01983316900991137,0.002216405368341962
2.3166666666666664,22.051510037835197,-0.1039304895749981,22.051754952733575,-0.018199606246224298,-0.3357601596349708,-0.07296433941125184,1.0154725229067303,-3.3338263266715815,98.26431991712295,-6.527983822753397,-0.004713043227756072,0.048784239732472104,0.014775731858117933,-3088.2006549051744,-784.5443555894655,1814.2948149541394,0.4444444444444444,0.0,0.12580058519181353,0.5225546809922537,0.3371877762340357,1.0,-0.02372527873194175,0.002167992536789722
2.3333333333333335,22.068515769442318,-0.03678910447104608,22.068546433880325,-0.024010023923026834,-0.35607805732550146,-0.07534421012924616,0.9934610841686102,-3.846100298364439,98.63191314288737,-6.537032560794864,-0.0016670387250412525,0.0530581414463175,0.01909284951425433,-3329.1720041922645,-1168.292993595313,1812.8814664959325,0.4444444444444444,0.0,0.1299038105676658,0.5628915901814874,0.3681926791352957,1.0,-0.027370892382628232,0.0021209990102966066
2.35,22.08477821067889,0.02932791320579669,22.084797683958307,-0.030138297646335604,-0.3744139340170014,-0.077517567604388,0.9723912240648223,-4.3212872023456,98.99975173587862,-6.547190546726128,0.0013279687794952768,0.05718994358287606,0.023235654646688364,-3549.322378783767,-1527.934442652561,1811.5308375660047,0.4444444444444444,0.0,0.13365097862825517,0.5996673907051333,0.40488375451257386,1.0,-0.030752574762579057,0.0020760157158934635
2.3666666666666667,22.10028321182502,0.0943452881582953,22.100484589172982,-0.03655233742039622,-0.3908607632834937,-0.07947845481490627,0.9524933137805224,-4.758499704171798,99.36781910900815,-6.558588144448976,0.004268936924596731,0.06116485625856491,0.027206336871021742,-3749.062208811765,-1861.8262488414089,1810.2440511355849,0.4444444444444444,0.0,0.13703181864639014,0.6329681413954314,0.44397269623207236,1.0,-0.033864011128633645,0.002033534486691326
2.3833333333333333,22.115027216916737,0.1582247205835094,22.115593228922705,-0.043221774863489874,-0.4055267427435101,-0.08122149710525652,0.9339511461799854,-5.158113355298001,99.73609744269402,-6.5713451269712,0.007154502653073056,0.06496955323880106,0.031010002191711284,-3929.159788760727,-2169.5523150321314,1809.0213366166622,0.4444444444444444,0.0,0.1400370639745802,0.6629392735782924,0.4832753387824624,1.0,-0.0367078741044005,0.001993947712980502
2.4,22.129015693335475,0.2209511387243091,22.130118729044163,-0.05011812024672642,-0.4185263524421578,-0.08274191691767835,0.9169048623575837,-5.521433999438594,100.10456786974892,-6.5855708270235125,0.009984348139866176,0.06859207030767793,0.034653417234237226,-4090.639215639054,-2451.6101188289167,1807.8621658718853,0.4444444444444444,0.0,0.142658477444273,0.6897677937636131,0.5214557324964793,1.0,-0.03929345676728326,0.00195755459029789
2.4166666666666665,22.142261679442353,0.28252161456502217,22.144064006943207,-0.057214797631058405,-0.4299739885213934,-0.08403554688714891,0.9014557876641548,-5.850386401317222,100.47321065877865,-6.601364527349036,0.012758691432228032,0.07202166984193065,0.03814403674648512,-4234.685892991605,-2709.1163900991705,1806.76537958842,0.4444444444444444,0.0,0.1448888739433602,0.7136660285810877,0.5577546147505711,1.0,-0.04163445676529576,0.001924571444146591
2.433333333333333,22.154784509276638,0.3429371144959482,22.15743853691087,-0.06448709764087339,-0.4399798157145251,-0.08509884126384107,0.8876721311017781,-6.147253363061888,100.8420053895628,-6.618816007755057,0.015477908557270057,0.0752487024255266,0.04148930908686006,-4362.565980800281,-2943.5619300128187,1805.7292984410724,0.4444444444444444,0.0,0.14672214011007081,0.7348579371183941,0.5917841458567643,1.0,-0.043747119730774435,0.0018951438979719617
2.45,22.166608732390966,0.402196820685083,22.17025721495988,-0.07191207964970832,-0.4486473320958725,-0.08592888563177697,0.8755947620337622,-6.414474769710761,101.21093111657567,-6.638006180600015,0.018142274171697195,0.0782644846980965,0.04469621946492508,-4475.562291329164,-3156.625010942558,1804.7518171655763,0.4444444444444444,0.0,0.14815325108927066,0.753568351028467,0.6233884647469009,1.0,-0.04564880918147108,0.0018693592062024942
2.466666666666667,22.177763221057024,0.46029455760459886,22.18253936250379,-0.07946844660989158,-0.45607214399837803,-0.08652340489703977,0.8652425589057442,-6.654503482332079,101.5799665188514,-6.659007762745319,0.020751798899058253,0.08106120255786621,0.047771018119354795,-4574.926394752745,-3350.039694759037,1803.8304820486705,0.4444444444444444,0.0,0.149178284305241,0.7700150450399801,0.6525527573266315,1.0,-0.04735698097945895,0.001847257673551831
2.4833333333333334,22.188280443491212,0.5172168155877624,22.194307880025036,-0.08713640818357599,-0.4623415308756479,-0.08688076952364793,0.856617063428938,-6.869708901381153,101.9490900358095,-6.6818859471003815,0.023306139784032898,0.08363184155435627,0.05071908195620801,-4661.8450882394245,-3525.509341072759,1802.9625536321064,0.4444444444444444,0.0,0.14979443021318609,0.784403279865657,0.6793450374925227,1.0,-0.048888497036763935,0.0018288425915107124
2.5,22.19819587668416,0.5729419088048302,22.20558854456469,-0.09489754191410689,-0.46753448448175494,-0.087,0.849706347004184,-7.062317322883623,102.31827998954996,-6.706699049340602,0.025804562543036386,0.08597014186199302,0.05354486622410047,-4737.418667920612,-3684.654181444785,1802.14505694,0.4444444444444444,0.0,0.15,0.79692235188745,0.7038792936557442,1.0,-0.05025920085828774,0.001814088493005072
2.5166666666666666,22.20754753251658,0.6274398876598277,22.21640943585641,-0.10273465794913302,-0.47172200382883844,-0.08688076952364793,0.844488105872182,-7.234378950181423,102.68751469463508,-6.7334991148759125,0.028245938178352154,0.0880705730735596,0.05625191278798908,-4802.64833332678,-3828.98291132205,1801.3748215697353,0.4444444444444444,0.0,0.14979443021318609,0.807743677167549,0.7262924103915981,1.0,-0.05148368277987223,0.0018029477604159063
2.533333333333333,22.216375573604918,0.680672914557627,22.226800472494496,-0.1106316700192246,-0.4749675047203992,-0.08652340489703977,0.840932060844741,-7.387753196409777,103.05677255662495,-6.762332477965397,0.030628760654932818,0.08992832347373428,0.058842890901153265,-4858.430288559236,-3959.880271891054,1800.6485137628738,0.4444444444444444,0.0,0.149178284305241,0.81701998616489,0.7467299111241944,1.0,-0.05257517537291985,0.0017953557489078919
2.55,22.224721999108315,0.7325958918219939,22.236793039428225,-0.11857347363126684,-0.4773272585080207,-0.08592888563177699,0.8390017620990555,-7.524105883640716,103.42603216072138,-6.793240269514154,0.03295117602223616,0.0915392988032374,0.06131965401147854,-4905.55449271425,-4078.6046971467513,1799.96266224529,0.4444444444444444,0.0,0.1481532510892707,0.8248852776316411,0.7653373190270222,1.0,-0.05354553351201135,0.001791234639591766
2.5666666666666664,22.232630384594557,0.7831571955061781,22.24641968971345,-0.12654583142493084,-0.47885081216370984,-0.0850988412638411,0.8386559027848677,-7.6449137079970155,103.79527235187123,-6.826258873082125,0.035211016346445856,0.09290012632352909,0.06368330188901523,-4944.70643313784,-4186.291899570474,1799.3136792841303,0.4444444444444444,0.0,0.14672214011007087,0.8314552555169931,0.7822550752742299,1.0,-0.05440526615102804,0.001790496244022192
2.5833333333333335,22.24014566353054,0.8322994184489705,22.255713905804207,-0.13453526510273864,-0.47958136529586776,-0.08403554688714894,0.8398492368813577,-7.751472753619726,104.16447230762823,-6.861420330444582,0.037405834087770665,0.09400816092865441,0.06593424144794068,-4976.4706836727355,-4283.961650955465,1798.6978780988786,0.4444444444444444,0.0,0.14488887394336025,0.8368280408400335,0.7976156929488911,1.0,-0.05516359691306643,0.0017930439637848911
2.6,22.247313940846624,0.8799600621011222,22.264709908136723,-0.14252895309291966,-0.47955609360511164,-0.08274191691767836,0.8425331832329404,-7.8449088970306375,104.53361160500168,-6.898752699036618,0.03953293420630051,0.09486149094671747,0.06807224241005445,-5001.335338255329,-4372.526008224121,1798.1114875033845,0.4444444444444444,0.0,0.14265847744427304,0.8410850072206522,0.8115423013693572,1.0,-0.05582853813340731,0.0017987740800885002
2.6166666666666667,22.25418233129912,0.9260721420387013,22.273442501036207,-0.15051463301469475,-0.47880641585182937,-0.08122149710525654,0.8466561827764385,-7.9261886999814575,104.90267028244688,-6.938280364061447,0.04158940243331352,0.09545894204313418,0.07009648576684861,-5019.6966722264715,-4452.797912448798,1797.5506644485015,0.4444444444444444,0.0,0.14003706397458027,0.8442916335210937,0.8241480416450325,1.0,-0.056406968378815675,0.0018075765164300619
2.6333333333333333,22.260798817074026,0.9705646892879203,22.281946947929324,-0.15848050800950697,-0.47735820512813837,-0.07947845481490626,0.8521638616682494,-7.996129911112325,105.27162889808395,-6.980024308137656,0.04357212892381592,0.09580007825297389,0.07200560413295265,-5031.863585061992,-4525.499534066792,1797.011504976867,0.4444444444444444,0.0,0.1370318186463901,0.8464983010959146,0.8355359702023798,1.0,-0.056904707182920115,0.0018193351868648867
2.65,22.26721212031894,1.013363140816971,22.290258869435437,-0.16641515603287627,-0.4752319467417316,-0.07751756760438805,0.8589990402610997,-8.055411047620138,105.64046858517449,-7.024002341236264,0.04547782701249927,0.09588519963350944,0.07379771376618892,-5038.06152908361,-4591.270018265904,1796.4900539853159,0.4444444444444444,0.0,0.13365097862825526,0.8477409884086556,0.8457992520187935,1.0,-0.05732658323445347,0.001833928015171562
2.6666666666666665,22.27347158714308,1.0543896195457025,22.298414159152124,-0.17430744124494357,-0.4724428453906383,-0.07534421012924619,0.8671016169818951,-8.10457975887675,106.0091711058387,-7.070229293403487,0.047303047109370146,0.09571533635839136,0.07547043841782348,-5038.435740231287,-4650.672455178831,1795.9823141089973,0.4444444444444444,0.0,0.12990381056766587,0.8480418342751931,0.8550215047354381,1.0,-0.057676493897201794,0.0018512266869358833
2.683333333333333,22.279627080161248,1.0935631082971582,22.30644891287905,-0.1821464266816438,-0.46900088419738467,-0.07296433941125191,0.8764083471303672,-8.144059823304325,106.37771890396135,-7.118717172437351,0.04904418595328624,0.09529223929418754,0.07702092538177888,-5033.053669549905,-4704.199998097372,1795.4842539878102,0.4444444444444444,0.0,0.12580058519181364,0.8474095545818839,0.8632772050402431,1.0,-0.05795745500348545,0.0018710961772949604
2.7,22.285728876936684,1.1307995242296036,22.31439936768022,-0.18992128742924963,-0.46491083798225097,-0.07038447851062044,0.8868525293324593,-8.17415672593203,106.74609515821076,-7.169475288323533,0.0506974915355542,0.0946183672302295,0.07844585420934394,-5021.906576653064,-4752.281105463384,1794.991816144798,0.4444444444444444,0.0,0.12135254915624213,0.8458397075775177,0.8706321002066705,1.0,-0.05817164054701474,0.0018933940815279513
2.716666666666667,22.291827571744957,1.166011701139793,22.322301847605313,-0.19762122356421025,-0.46017224313816735,-0.06761169864675647,0.8983636067039095,-8.195061826835245,107.11428383607935,-7.222510345861934,0.052259064043300656,0.0936968709924083,0.07974143859782612,-5004.9102966018,-4795.283906020385,1794.5009246934756,0.4444444444444444,0.0,0.11657189421854564,0.8433148110619798,0.8771435871363302,1.0,-0.05832041234771719,0.0019179697635565286
2.7333333333333334,22.297973977968823,1.1991092871196636,22.33019271311001,-0.2052353721624431,-0.45477932679047783,-0.06465359981653329,0.9108666856118721,-8.206855174041063,107.48226974984522,-7.277826506546438,0.05372485317627064,0.09253157467527527,0.08090342198334854,-4981.905235625087,-4833.519692072004,1794.0074930936244,0.4444444444444444,0.0,0.11147172382160912,0.8398043220756576,0.8828610329322674,1.0,-0.058404340069867,0.0019446633285205171
2.75,22.304219028164322,1.2299985647474905,22.338108311260566,-0.21275271773452165,-0.44872089871167153,-0.0615182899632297,0.924281972245551,-8.20950704823281,107.85003861534926,-7.335425420406963,0.05509065217763113,0.09112695418498742,0.08192706739555733,-4952.6556941228555,-4867.245539924141,1793.5074321907518,0.4444444444444444,0.0,0.10606601717798225,0.835264496937079,0.8878260176009053,1.0,-0.05842321221502282,0.001973304419879108
2.7666666666666666,22.31061366842386,1.2585822005843224,22.346084923701717,-0.22016200051455165,-0.4419802108334921,-0.05821436275322072,0.9385241260964323,-8.202878357560275,108.21757711447653,-7.395306228194006,0.05635208890195288,0.0894881132052315,0.08280714218595851,-4916.848661798763,-4896.666043133252,1792.996658801801,0.4444444444444444,0.0,0.10036959095382883,0.8296381574446889,0.892072482610568,1.0,-0.05837603893170702,0.002003710839117453
2.783333333333333,22.317208743112378,1.2847589304664555,22.35415870913206,-0.22745162213200965,-0.43453479128358774,-0.054750874021335896,0.9535015300855398,-8.186720033847147,108.58487296222135,-7.457465533989387,0.057504614232414604,0.08762075658352787,0.08353789834026078,-4874.092283185211,-4921.934125176383,1792.4711051477898,0.4444444444444444,0.0,0.09439805865747569,0.8228543983893158,0.8956267697403608,1.0,-0.05826104771849717,0.0020356869874980353
2.8,22.32405486537259,1.308423187164977,22.362365636686935,-0.23460954834076744,-0.4263562628138476,-0.05113731694944518,0.9691154797455408,-8.160671619643662,108.95191497919728,-7.521897348071607,0.05854348816452564,0.08553116098890612,0.0841130492467465,-4823.914255059895,-4943.150874457471,1791.926729482218,0.4444444444444444,0.0,0.088167787843871,0.8148282827192792,0.8985075335337068,1.0,-0.058075673368742205,0.002069022134997444
2.8166666666666664,22.331202267991994,1.3294646776776962,22.37074140620206,-0.24162320868384102,-0.4174101594420253,-0.04738359604630749,0.9852592989488719,-8.124259280554673,109.31869317041738,-7.588592999659943,0.05946376390634143,0.08322614251628192,0.08452574403721089,-4765.760492092838,-4960.364316270236,1791.3595283215282,0.4444444444444444,0.0,0.0816958552522543,0.8054605840861935,0.9007255080555813,1.0,-0.057816543825233345,0.002103488532421886
2.8333333333333335,22.338700628308413,1.3477679190370815,22.37932135085361,-0.2484793932547394,-0.40765576026616807,-0.043499999999999976,1.0018173976101092,-8.076893529066565,109.68519881111432,-7.657541019019918,0.060260270418675654,0.08071302071182697,0.08476854096701729,-4698.994483826755,-4973.567003078793,1790.765550749625,0.4444444444444444,0.0,0.07499999999999997,0.7946376521467254,0.9022831047022749,1.0,-0.05747946398174755,0.0021388393996400706
2.85,22.346598859820265,1.3632117444602454,22.38814031718478,-0.255164147098092,-0.39704596589639657,-0.039497173477340525,1.0186642980231557,-8.017867002619965,110.05142454028051,-7.728726988347199,0.060927593950471384,0.07799957827480125,0.08483338178237426,-4622.897863006107,-4982.692265628086,1790.1409153408763,0.4444444444444444,0.0,0.06809857496093194,0.782231493600209,0.903173812593902,1.0,-0.0570593998706329,0.002174806846852701
2.8666666666666667,22.354944862092854,1.3756687964587695,22.39723251709376,-0.2616626632973911,-0.38552725091397877,-0.03538608794759469,1.0356636713625829,-7.946352695229917,110.41736446248021,-7.802133360871176,0.061460059336913904,0.07509401546872618,0.08471156966571342,-4536.672807637154,-4987.608922307723,1789.4818303226152,0.4444444444444444,0.0,0.061010496461370155,0.7681001806719474,0.9033813666334355,1.0,-0.056550466078078516,0.0022110998175620274
2.8833333333333333,22.36378521945967,1.385005030850073,22.40663134604581,-0.26795917645165523,-0.37303973527939904,-0.031178011610441172,1.052667444472159,-7.861403090661689,110.78301425830871,-7.87773924774703,0.06185171215043099,0.07200489807226883,0.08439375418674505,-4439.4469984629195,-4988.114192503561,1788.7846176752337,0.4444444444444444,0.0,0.05375519243179513,0.7520887170727845,0.9028786407362803,1.0,-0.05594591957533323,0.002247402181601683
2.9,22.373164837976333,1.3910792663319318,22.41636916167467,-0.2740368590710104,-0.3595174286181046,-0.026884478510620455,1.0695150590096394,-7.761950674652985,111.14837130364036,-7.955520172546155,0.06209630326452268,0.06874109755504396,0.0838699277514832,-4330.2819366227395,-4983.924501819033,1788.0457419401082,0.4444444444444444,0.0,0.046352549156242165,0.734030506980491,0.9016262152850004,1.0,-0.055238163363950966,0.0022833711534409355
2.9166666666666665,22.383126509190955,1.3937428294424512,22.426477017156955,-0.2798777244463507,-0.3448887135835485,-0.02251725692391931,1.0860329892242488,-7.6468102994158285,111.51343479751075,-8.035447793513997,0.0621872780521186,0.06531172213000819,0.08312943936644034,-4208.185474992483,-4974.663805136833,1787.2618445654493,0.4444444444444444,0.0,0.03882285676537812,0.7137495819547274,0.8995705591583208,1.0,-0.054418763302841844,0.002318636262659234
2.933333333333333,22.39371038867949,1.392839365509404,22.436984344384705,-0.2854625407867405,-0.3290771475464566,-0.018088317101145193,1.1020346490277355,-7.514683819640924,111.8782058981199,-8.117489594236018,0.06211777334412832,0.06172603748582929,0.0821610331447931,-4072.1294084861624,-4959.848992768516,1786.4297846577902,0.4444444444444444,0.0,0.031186753622664126,0.6910637397046102,0.8966417589785859,1.0,-0.053478481100541424,0.00235279915554668
2.95,22.404953377133655,1.3882049137853445,22.447918583115687,-0.2907707628749073,-0.31200267486495736,-0.01360979845850004,1.1173208402766481,-7.364167301671395,112.24268786602435,-8.201608543917295,0.061880626470179265,0.057993376432135424,0.08095292088300478,-3921.072878462293,-4938.871896250938,1785.546687009214,0.4444444444444444,0.0,0.023465169756034552,0.6657887325502043,0.8927507238894934,1.0,-0.052407325619519815,0.002385434552168462
2.966666666666667,22.41688839231422,1.3796683803159127,22.459304754001526,-0.29578048915293853,-0.2935833537075673,-0.009093976304285779,1.1316809077130539,-7.193760921491689,112.60688621311925,-8.287762729102962,0.06146840223106042,0.054123037504264566,0.07949290020563847,-3753.9921509824403,-4910.977394102888,1784.6099982206488,0.4444444444444444,0.0,0.015679269490147897,0.6377436077400387,0.8877857974528722,1.0,-0.051194623315527536,0.0024160927121163155
2.9833333333333334,22.42954352170217,1.3670525854654083,22.47116497566068,-0.3004684539780379,-0.273737710070157,-0.0045532281931361706,1.1448947661376419,-7.001881426856953,112.97080885551719,-8.37590495929252,0.060873445519266677,0.0501241738796175,0.07776853213379685,-3569.9170124908105,-4875.237170184168,1783.6175516175972,0.4444444444444444,0.0,0.007850393436441673,0.6067572433355383,0.8816087263960449,1.0,-0.049829106924726745,0.002444303762440652
3.0,22.4429410486041,1.3501761133219492,22.48351792865396,-0.3048100667071594,-0.25238783486208366,-3.1963281457745916e-17,1.1567359460176156,-6.786876791272408,113.3344662679318,-8.465982349467447,0.060087969457365296,0.046005675841719856,0.07576739431103287,-3367.9735894571304,-4830.518859157055,1782.5676414277243,0.4444444444444444,0.0,5.510910596163089e-17,0.572676041770816,0.8740499809401736,1.0,-0.048299019749191215,0.0024695841998995448
3.0166666666666666,22.457096349343576,1.3288562439430953,22.496378272085646,-0.3087795111570307,-0.2294633345542344,0.004553228193136107,1.1669757595286883,-6.547042528370955,113.69787163669828,-8.557935883000093,0.059104191205675456,0.041776052523640236,0.0734774282133443,-3147.4328632552333,-4775.45072319715,1781.4591063218304,0.4444444444444444,0.0,-0.007850393436441564,0.5353726422746912,0.8649035124169244,1.0,-0.04659223175868193,0.0024914457852889538
3.033333333333333,22.472016666715355,1.302913299364305,22.509756021218735,-0.3123499206562505,-0.20490622762106764,0.009093976304285717,1.1753886170801846,-6.280639223546443,114.06104100812644,-8.65169995871873,0.05791452967867529,0.03744332170679812,0.07088739996086463,-2907.763566796769,-4708.382792199987,1780.2914218612987,0.4444444444444444,0.0,-0.01567926949014779,0.4947554019437695,0.8539212001396912,1.0,-0.04469636435506039,0.0025094068940075937
3.05,22.487699776006956,1.2721767678391813,22.523655896511407,-0.31549364508613337,-0.17867684205068812,0.013609798458499975,1.1817584260353036,-5.985911404109219,114.42399342847246,-8.747201926126515,0.05651188074423229,0.033014919839193045,0.06798749401611974,-2648.6875856868055,-4627.346783084997,1779.0648005832302,0.4444444444444444,0.0,-0.02346516975603444,0.45077828663243835,0.8408075237334119,1.0,-0.04259892466233749,0.002523006177064455
3.0666666666666664,22.50413257566902,1.2364935680129552,22.538076655451878,-0.3181826266047637,-0.15076070547561796,0.018088317101144977,1.1858858858059813,-5.66110919466867,114.78675107137833,-8.844361613113483,0.054889985186003014,0.02849764777776217,0.06477005585203321,-2370.235520308696,-4530.019376773847,1777.7802973147186,0.4444444444444444,0.0,-0.03118675362266376,0.40345072195836523,0.8252154572796196,1.0,-0.040287459637876825,0.0025318181358096464
3.0833333333333335,22.521289656216112,1.1957387469538272,22.55301041834889,-0.3203888996077361,-0.12117631795722138,0.02251725692391925,1.187596370407083,-5.304516580617054,115.14933934802929,-8.943090851386003,0.053043901532371526,0.023897670447236032,0.061230491819272516,-2072.7997512879697,-4413.696890909413,1776.4399157636012,0.4444444444444444,0.0,-0.03882285676537802,0.3528468934699791,0.8067452878611693,1.0,-0.0377497572103563,0.002535469950867003
3.1,22.539131928876863,1.1498287355016281,22.56844199824839,-0.32208522712595616,-0.08998354402044274,0.026884478510620393,1.18674798010337,-4.91449370537664,115.51178699429879,-9.043293006984838,0.0509705881578029,0.01922058981777237,0.05736831957394257,-1757.1821903069194,-4275.294275348375,1775.0467104297,0.4444444444444444,0.0,-0.04635254915624206,0.2991139561427591,0.7849490813549911,1.0,-0.03497414728944282,0.0025336586720729
3.1166666666666667,22.557605429573094,1.0987369678028425,22.584348244762836,-0.32324587927033843,-0.057292139928150035,0.031178011610441116,1.1832392701900754,-4.489545292798646,115.8741261274751,-9.144862527710949,0.048669584973395755,0.014471609322664055,0.053188337781838596,-1424.6338146892824,-4111.387558136483,1773.6048754298174,0.4444444444444444,0.0,-0.05375519243179503,0.24247860588180184,0.7593448828283776,1.0,-0.03194998869592222,0.002526167719108453
3.1333333333333333,22.576640451612043,1.0425111701858127,22.600697414489833,-0.32384754826891876,-0.02326963453507592,0.035386087947594624,1.1770161483015542,-4.028432140411273,116.23639226243696,-9.247684527305903,0.046143762893149656,0.00965580294409768,0.04870184691519324,-1076.882928497172,-3918.3254229192958,1772.1198090817666,0.4444444444444444,0.0,-0.06101049646137005,0.1832514551628472,0.7294463745545046,1.0,-0.02866846260686615,0.002512881606972964
3.15,22.596151196248886,0.9812909251712199,22.617448590934465,-0.3238703778826702,0.011852582863465074,0.03949717347734047,1.1680774862022534,-3.5303455884700914,116.59862427310341,-9.351634439059417,0.04340007863567809,0.004778492620523288,0.043927803168944506,-716.1486963746463,-3692.4399901234906,1770.5981404310419,0.4444444444444444,0.0,-0.06809857496093184,0.12182861203409731,0.6948153560735282,1.0,-0.02512381417005499,0.0024937979269294133
3.1666666666666665,22.6160361536267,0.9153232711211114,22.634551199279514,-0.3232990618885178,0.04777649340677446,0.04349999999999992,1.1564791173203757,-2.9951622192105973,116.96086427969328,-9.45657778964801,0.04045023568895586,-0.00015427733562362045,0.0388937288355843,-345.13577739711627,-3430.3843549417866,1769.0477020397686,0.4444444444444444,0.0,-0.07499999999999987,0.05868977038230921,0.6551455414602565,1.0,-0.02131516507912949,0.002469035881076249
3.183333333333333,22.63617942228726,0.8449732722483138,22.65194469949093,-0.32212393779255594,0.0841398024475237,0.047383596046307305,1.1423360533555258,-2.423782458084909,117.323157436577,-9.562370166162916,0.037311116812535204,-0.005135200281119252,0.03363614725922624,32.99500931957007,-3129.6081651993736,1767.4774333664757,0.4444444444444444,0.0,-0.08169585525225398,0.005607998874166347,0.6103861343967262,1.0,-0.017248923239821863,0.0024388410147145614
3.2,22.656453135134765,0.7707257458217065,22.669558593846293,-0.3203419472058294,0.12052837110359971,0.05113731694944513,1.1258219365916922,-1.8184954984861115,117.68555159184088,-9.66885746880622,0.034004821838619,-0.010155063547050772,0.028200173099978413,414.68385576755566,-2788.9440702045677,1765.8972019938203,0.4444444444444444,0.0,-0.08816778784387092,0.07044132713517354,0.5609118785920427,1.0,-0.01294137976810528,0.002403584047058575
3.216666666666667,22.676721086339466,0.69317343795703,22.68731294452303,-0.31795728530538553,0.1564963700386857,0.05475087402133585,1.1071703415124259,-1.183408989140101,118.04809679077212,-9.775876552094065,0.030558106729294484,-0.01520206041591679,0.022637889920287816,796.0561389484285,-2409.2124723769325,1764.3175342519162,0.4444444444444444,0.0,-0.09439805865747561,0.1351362469508492,0.5077429992758646,1.0,-0.008421766873880765,0.002363763650131117
3.2333333333333334,22.696843327815884,0.6129922711636405,22.705119611486893,-0.31498174517302086,0.1915849935688402,0.05821436275322067,1.0866717622752,-0.5247198596731204,118.41084459958499,-9.883256365178573,0.027001256698237015,-0.020261841886566892,0.017006269254561817,1173.0582066347065,-1993.714662961186,1762.7492673491229,0.4444444444444444,0.0,-0.10036959095382875,0.1989925781396611,0.4528212051909918,1.0,-0.0037341851995508937,0.0023200000171438953
3.25,22.716681375438196,0.5309057141341031,22.72288435895586,-0.31143463800266485,0.2253516425223796,0.06151828996322966,1.0646663924563433,0.14931242641734155,118.77384724960572,-9.990819647175584,0.023366489069260418,-0.025317538455299,0.011364049914029879,1541.635005396843,-1548.4401315539285,1761.203152559738,0.4444444444444444,0.0,-0.10606601717798218,0.2613151487041307,0.39933786369671675,1.0,0.0010625865260445956,0.002273019447546582
3.2666666666666666,22.736103582130767,0.4476410706291726,22.740509858521058,-0.30734219733571294,0.2574010002463706,0.06465359981653324,1.0415350253482665,0.8287262055924245,119.13715663260899,-10.09838515717415,0.019686013541182948,-0.030349955349599188,0.0057679810445758345,1897.9239051762133,-1081.8275097982655,1759.6894407487805,0.4444444444444444,0.0,-0.11147172382160904,0.32144734510732254,0.3520357082356529,1.0,0.005897655814535066,0.00222363491953148
3.283333333333333,22.754990081679143,0.3638845879266381,22.757899411207678,-0.30273650240965044,0.28741185456872653,0.06761169864675642,1.0176864548864768,1.5025898042911061,119.50082321058214,-10.205770326522495,0.01599005638721903,-0.03533805352696926,0.0002691277346835107,2238.44789209515,-604.0397339466912,1758.2174947102867,0.4444444444444444,0.0,-0.11657189421854557,0.37880402350100856,0.31710102432231735,1.0,0.010693227071060967,0.0021727191915251074
3.3,22.773236739193543,0.28024331072768593,22.774960985533262,-0.29765404583663363,0.3151546308091273,0.07038447851062041,0.993541369934198,2.159989160733905,119.8648949303377,-10.312794128566955,0.012305197068763377,-0.04025965775641252,-0.005090092309479062,2560.2860921500846,-125.87839825515198,1756.7954728103273,0.4444444444444444,0.0,-0.12135254915624208,0.4328999870743908,0.30067936272056617,1.0,0.015371630035553783,0.002121170417140887
3.3166666666666664,22.790757721522372,0.1972199145134842,22.79161102721377,-0.29213412501732333,0.34049825244222715,0.0729643394112518,0.9695137728357341,2.7910717596174868,120.22941624320278,-10.41927990415165,0.008653288070954078,-0.04509225054580588,-0.01027766360949578,2861.198835900678,342.4030820211636,1755.4301165741954,0.4444444444444444,0.0,-0.12580058519181345,0.48337019934498765,0.30558593321407795,1.0,0.019862748976455392,0.00206987247454629
3.3333333333333335,22.807486575286664,0.11520174878383334,22.807777518311692,-0.2862171763738703,0.36341086348188956,0.07534421012924616,0.9459936424834499,3.3878797055452097,120.59442731882405,-10.52505787682374,0.005051006769225413,-0.049813442583726525,-0.015272721242630795,3139.684757556038,792.109528035721,1754.1266545810454,0.4444444444444444,0.0,-0.1299038105676658,0.5299780760739105,0.32912790648185153,1.0,0.02410995128369415,0.0020196579528159397
3.35,22.823375911389824,0.034463454215793846,22.82340193140115,-0.2799433259178153,0.383937830298138,0.07751756760438801,0.923331742337228,3.9447337430726837,120.95996350531655,-10.629967167944049,0.0015100057132660628,-0.05440192350667575,-0.020064548290665146,3394.977265566592,1216.7236630763014,1752.8888161780737,0.4444444444444444,0.0,-0.1336509786282552,0.5726133352587426,0.36518128599723143,1.0,0.028072820359281707,0.0019712757176710153
3.3666666666666667,22.838395986683246,-0.044817235535878366,22.838439960495343,-0.2733513552141073,0.4021784272399645,0.07947845481490624,0.9018265323637783,4.458353902867107,121.32605504778086,-10.73385721651711,-0.0019623610184219833,-0.05883825860511861,-0.02465044712309415,3626.995786887441,1612.0555816772596,1751.718936082838,0.4444444444444444,0.0,-0.13703181864639008,0.611282154019332,0.4077358582483303,1.0,0.03172801419945789,0.001925362969001973
3.3833333333333333,22.85253265016305,-0.12253801255966315,22.85286117953921,-0.2664780089869951,0.4182663048362808,0.08122149710525652,0.8817186269329902,4.92761074534022,121.69272704584455,-10.836588590916524,-0.0053620681802814905,-0.0631050762539217,-0.02903359068196337,3836.2440397517394,1976.0355034943225,1750.618114237025,0.4444444444444444,0.0,-0.1400370639745802,0.6460886188649994,0.4524849410094934,1.0,0.035067495112268574,0.0018824334087026579
3.4,22.86578504484397,-0.19865002861852285,22.86664792991925,-0.2593576003820067,0.43235286010507545,0.08274191691767835,0.8631912244444051,5.3530915357590025,122.05999960507769,-10.938033263452533,-0.008687435429382676,-0.06718705005879622,-0.03322097288947524,4023.6786912285233,2308.303196391093,1749.5863984532339,0.4444444444444444,0.0,-0.142658477444273,0.6772115510898776,0.49677573071042136,1.0,0.03809544238924949,0.001842878157905349
3.4166666666666665,22.878163348211633,-0.2731384561028655,22.879793766632957,-0.25202185204522853,0.44459463173029623,0.08403554688714894,0.8463748377360815,5.736613914007249,122.42788812784272,-11.038074460598924,-0.011938260765799553,-0.07107075470589634,-0.03722168815477038,4190.57236789779,2609.7350885741307,1748.6229661367797,0.4444444444444444,0.0,-0.14488887394336025,0.7048807833807055,0.539118551383657,1.0,0.04082479132116018,0.0018069758562112989
3.433333333333333,22.889686724221978,-0.34600698069580127,22.892301744554086,-0.24449990491104234,0.4551447072927943,0.08509884126384105,0.8313544980689805,6.080777006340065,122.79640369141148,-11.136606211294646,-0.015115131720530478,-0.07474446152147753,-0.04104562806755724,4338.387816681656,2882.0067220757082,1747.7262901155298,0.4444444444444444,0.0,-0.1467221401100708,0.7293556755132637,0.5787566267243425,1.0,0.043274038670824966,0.0017749080419044096
3.4499999999999997,22.90038156694317,-0.41726644412704533,22.904182744577135,-0.23681843410128472,0.46414749090848223,0.08592888563177696,0.8181778532557237,6.388595539255424,123.16555346992197,-11.233532704386324,-0.018218922433927524,-0.07819792354114559,-0.04470258029826562,4468.672613045163,3127.239050937418,1746.8942812859902,0.4444444444444444,0.0,-0.14815325108927063,0.7509073670600034,0.6153743479400283,1.0,0.04546463883312122,0.0017467764411267747
3.466666666666667,22.910280050937654,-0.48692717043508843,22.91545395757413,-0.22900182487824683,0.47173596622953223,0.08652340489703977,0.8068630359473989,6.663228435294406,123.53534116769909,-11.328767544818684,-0.0212504548754816,-0.08142218100429587,-0.04820166176401216,4582.977697475112,3347.739825847452,1746.1244063195488,0.4444444444444444,0.0,-0.149178284305241,0.7698052252741677,0.6489137359464845,1.0,0.047419072378551405,0.0017226197663510062
3.4833333333333334,22.919418965408237,-0.5549942271989452,22.926137579281402,-0.22107237572720018,0.47803063976823623,0.08688076952364791,0.7974056450261475,6.907793368256854,123.90576744186069,-11.422232974634003,-0.02421029038158578,-0.08440940192939338,-0.051551002719842434,4682.7988459728795,3545.830098073157,1745.4137820143249,0.4444444444444444,0.0,-0.14979443021318606,0.7863072548138603,0.6794617906144311,1.0,0.0491595263296682,0.00170242862136947
3.5,22.927838791600657,-0.6214648459789225,22.936259725779518,-0.21305050757582425,0.48313951532758026,0.087,0.7897845555108107,7.125250310277108,124.27683030064887,-11.513859103774056,-0.02709861679692653,-0.08715276095119248,-0.05475760459559531,4769.537882071755,3723.737526730253,1744.7592494867947,0.4444444444444444,0.0,-0.15,0.8006538695339898,0.707182148215667,1.0,0.05070706542021737,0.0016861579052065531
3.5166666666666666,22.935582978676216,-0.6863273266207922,22.94584955435315,-0.20495496702525573,0.48715863640968676,0.08688076952364791,0.783966521320542,7.31833590405089,124.64852547025319,-11.603583178923182,-0.029915201161225428,-0.08964635286853015,-0.057827309532856454,4844.479573780957,3883.537594076028,1744.1574318579753,0.4444444444444444,0.0,-0.14979443021318606,0.8130643021853995,0.7322740920488039,1.0,0.05208116505304949,0.0016737366388317773
3.533333333333333,22.942697376258693,-0.7495608937768962,22.954938563020967,-0.19680301747156637,0.4901728932977827,0.08652340489703979,0.7799096753890837,7.489532841625668,125.02084672723866,-11.691348906353461,-0.032659384370157696,-0.09188513428326917,-0.06076483607945441,4908.780204233748,4027.1268207871676,1743.604778902427,0.4444444444444444,0.0,-0.14917828430524102,0.8237349529532547,0.7549483802300032,1.0,0.053299493383329226,0.0016650754377614309
3.55,22.94922978802371,-0.8111361150644366,22.96356003891114,-0.18861061575390353,0.49225691085464385,0.08592888563177699,0.777566093294919,7.641061930525326,125.3937861964797,-11.777105836301942,-0.03533010054974167,-0.09386488602660503,-0.06357384978900112,4963.464319730632,4156.216018951684,1743.097601646954,0.4444444444444444,0.0,-0.1481532510892707,0.8328390770525347,0.7754133721579557,1.0,0.05437785485686489,0.0016600719853046776
3.5666666666666664,22.955229617603656,-0.8710156090074442,22.971748627129863,-0.18039257414077065,0.4934759142068001,0.0850988412638411,0.7768835994253191,7.774887926232622,125.76733461615744,-11.860808810954165,-0.03792590916696553,-0.09558218969655793,-0.06625704845544722,5009.426841448002,4272.335244086581,1742.6320993436163,0.4444444444444444,0.0,-0.14672214011007087,0.840527334660063,0.7938674219069,1.0,0.05533023171715117,0.0016586148886503418
3.5833333333333335,22.960747584481215,-0.929154862461197,22.979539995323996,-0.17216270861297966,0.4938865206802903,0.08403554688714894,0.7778069813487745,7.892733006193023,126.14148157226582,-11.942417474799349,-0.040445031958197285,-0.0970344128250859,-0.0688162495329986,5047.4384023102,4376.844958779762,1742.204380710702,0.4444444444444444,0.0,-0.14488887394336025,0.8469288448509393,0.81049504734291,1.0,0.056168879893536486,0.001660586271502659
3.6,22.965835492931646,-0.9855030438076392,22.986970573299846,-0.16393397492561282,0.4935374365200183,0.08274191691767838,0.7802787533762414,7.996093859107482,126.51621570546384,-12.021895844285735,-0.042885389699644824,-0.09821969850602698,-0.07125247255935636,5078.15235540058,4470.949970725065,1741.8104808834896,0.4444444444444444,0.0,-0.14265847744427307,0.852152486012815,0.825465339521028,1.0,0.05690445061770648,0.001665863404253484
3.6166666666666667,22.970546041346573,-1.0400037445533685,22.994077351055157,-0.15571859410329772,0.49247005340297006,0.08122149710525654,0.7842395828680238,8.086259846984651,126.8915248931988,-12.09921193283526,-0.04524463588606507,-0.09913695651347743,-0.07356601279029872,5102.112368605435,4555.714094253921,1741.446375155428,0.4444444444444444,0.0,-0.14003706397458027,0.8562882648961323,0.8389316696991007,1.0,0.057546119674493384,0.001674319614130144
3.6333333333333333,22.974932662522306,-1.0925956130161838,23.000897722067645,-0.14752816901332477,0.4907189478699562,0.07947845481490627,0.7896284670811359,8.16433070221686,127.2673964099375,-12.17433742701949,-0.04752018574820525,-0.09978585392929178,-0.07575650434384457,5119.759875840965,4632.0743789727885,1741.1079903137345,0.4444444444444444,0.0,-0.13703181864639014,0.8594086363113329,0.8510321182526355,1.0,0.05810171334366765,0.0016858246627573673
3.65,22.979049387886754,-1.1432128638253742,23.007469361556357,-0.13937379356990737,0.4883122901099679,0.07751756760438805,0.7963827260817679,8.231232879689665,127.64381706816182,-12.247247409812784,-0.04970923991712716,-0.10016680406071801,-0.07782297238136401,5131.440915111995,4700.854303489043,1740.791214168399,0.4444444444444444,0.0,-0.13365097862825526,0.8615696987719104,0.861890276248492,1.0,0.05857782477023402,0.001700244731025684
3.6666666666666665,22.98295073034316,-1.191785659330433,23.013830131709213,-0.13126615600549296,0.48527216927717065,0.07534421012924619,0.8044378589030319,8.287734101925405,128.02077334256273,-12.31792012716643,-0.051808802583523376,-0.10028095298520728,-0.07976387453187271,5137.412068130953,4762.775662295741,1740.4919037260747,0.4444444444444444,0.0,-0.12990381056766587,0.8628122217909228,0.8716162096665035,1.0,0.05897991747539802,0.0017174421119940653
3.683333333333333,22.98669158157741,-1.2382403661888737,23.020018007617224,-0.12321563752924392,0.48161484204868754,0.07296433941125192,0.8137272954740339,8.33445589335529,128.39825147963444,-12.386336794588654,-0.053815694312225715,-0.10013016344391412,-0.08157713210495414,5137.84534443925,4818.4690612735685,1740.205892357666,0.4444444444444444,0.0,-0.12580058519181367,0.8631624814460865,0.8803074614116885,1.0,0.05931241455710304,0.00173727468126858
3.6999999999999997,22.990327120431754,-1.2824996941546198,23.026071018955157,-0.1152324075902488,0.4773509102174818,0.07038447851062044,0.824182065392864,8.371884054399494,128.77623759464316,-12.452481440908041,-0.05572655983453837,-0.09971699605478607,-0.08326015177575903,5132.831941140976,4868.483036443745,1739.9289962401936,0.4444444444444444,0.0,-0.12135254915624215,0.8626328950505455,0.8880500179409307,1.0,0.05957877322914709,0.0017595951898462
3.716666666666667,22.993912729383812,-1.3244827256473009,23.032027203376106,-0.10732651687620329,0.4724854321926139,0.06761169864675647,0.8357303958392164,8.400377115648661,129.15471775773494,-12.516340786904168,-0.05753787120819416,-0.09904468796266672,-0.08480983845172688,5122.384870498375,4913.29185657039,1739.657020311855,0.4444444444444444,0.0,-0.11657189421854565,0.8612224555392428,0.8949191982950983,1.0,0.05978154498562838,0.0017842504056745985
3.7333333333333334,22.997503916352947,-1.3641048448975208,23.037924568210176,-0.09950798910465405,0.4670179725903443,0.06465359981653329,0.8482972443698493,8.420172862927025,129.53367807075372,-12.577904156987724,-0.059245926743910375,-0.0981171291133657,-0.08622260000243787,5106.440491946247,4953.3020847374955,1739.3857639582843,0.4444444444444444,0.0,-0.11147172382160912,0.8589169732445899,0.9009804414494109,1.0,0.059922422036759945,0.0018110801161894557
3.75,23.00115623903148,-1.4012775749140423,23.043801057427437,-0.09178691259795743,0.4609425937871616,0.06151828996322971,0.861803767677936,8.43139305257184,129.91310473617054,-12.637163422589701,-0.06084684607414064,-0.09693883635048642,-0.08749434448866868,5084.8590205176515,4988.857970238861,1739.1110266438518,0.4444444444444444,0.0,-0.10606601717798227,0.8556891384440921,0.9062899780011738,1.0,0.060002270865302326,0.0018399159941372804
3.7666666666666666,23.004925228734802,-1.435908329607768,23.049694520984783,-0.08417353256749721,0.45424779347234046,0.05821436275322073,0.8761667244266806,8.434046454352679,130.2929841193703,-12.694112976368226,-0.06233656170121866,-0.09551492550135976,-0.0886204704897271,5057.424116529834,5020.245727630544,1738.8286137118018,0.4444444444444444,0.0,-0.10036959095382884,0.8514984234888272,0.9108953772470088,1.0,0.060021153881593424,0.001870580322649468
3.783333333333333,23.008866310397792,-1.4679000874248296,23.055642683655996,-0.07667834495845303,0.4469163929791787,0.0547508740213359,0.8912978089284331,8.428030374804127,130.67330280540642,-12.748749736756418,-0.06371080732126702,-0.09385108155030067,-0.08959585111851472,5023.841696745648,5047.696738753818,1738.5343425995577,0.4444444444444444,0.0,-0.0943980586574757,0.8462908493368031,0.9148359624292371,1.0,0.059978340264392964,0.001902884572674308
3.8,23.01303471482253,-1.4971509920169128,23.061683110270252,-0.06931219261281019,0.4389253826001983,0.051137316949445184,0.9071029128098448,8.413130831615364,131.05404765121148,-12.801073182750565,-0.064965103186895,-0.09195352689847615,-0.0904148123478908,4983.738149294131,5071.389687925987,1738.224049749702,0.4444444444444444,0.0,-0.08816778784387101,0.8399986486442865,0.9181430863856258,1.0,0.059872307201931395,0.0019366278266621207
3.8166666666666664,23.017485378604707,-1.5235538850219228,23.067853163977937,-0.06208636438258653,0.43024573233594643,0.0473835960463075,0.9234813140888584,8.389021573632185,131.43520583413792,-12.851085419168575,-0.06609473875482635,-0.08982898758240293,-0.09107110636613448,4936.658186836589,5091.451610927857,1737.8935985426833,0.4444444444444444,0.0,-0.08169585525225431,0.83253986681241,0.92084025758456,1.0,0.05970073291772377,0.0019715950472776115
3.8333333333333335,23.02227282633271,-1.5469957761701019,23.07418995374671,-0.05501269765213662,0.4208421797513051,0.04349999999999999,0.9403247976150076,8.3552621730824,131.81676489759792,-12.89879127288665,-0.06709475287382818,-0.0874846571687757,-0.09155788085187519,4882.062637420363,5107.957804600465,1737.5388886339952,0.4444444444444444,0.0,-0.07499999999999998,0.8238179540114069,0.9229431028331556,1.0,0.059460483093832506,0.002007555199575682
3.85,23.027451028662682,-1.567357256950076,23.080730266791214,-0.04810368448962146,0.41067301100537607,0.03949717347734053,0.957516718005533,8.311295457485175,132.19871279446673,-12.944198420777056,-0.06795991181546802,-0.08492815786369906,-0.09186764533142232,4819.326551713146,5120.930504878572,1737.155867146264,0.4444444444444444,0.0,-0.06809857496093195,0.8137214154909808,0.9244591478716941,1.0,0.05914759259497031,0.002044259250408149
3.8666666666666667,23.033073228728313,-1.5845118663359683,23.087510481091726,-0.04137258132171237,0.3996898568871,0.0353860879475947,0.9749310265031068,8.25644459723581,132.5810379288083,-12.987317550209655,-0.06868468555084925,-0.08216749817351049,-0.09199223618018362,4747.738098829094,5130.336195539797,1736.7405422449349,0.4444444444444444,0.0,-0.061010496461370176,0.8021236044352603,0.9253873905401028,1.0,0.05875724474220672,0.002081438090804564
3.8833333333333333,23.03919172805711,-1.5983254210907596,23.094566452606987,-0.03483352158726056,0.38783753303708723,0.031178011610441186,0.9924312970030462,8.189910217636768,132.96372919636826,-13.028162553029961,-0.06926322285154443,-0.07921102624112121,-0.09192278238646542,4666.498828429374,5136.081356077078,1736.2889997139807,0.4444444444444444,0.0,-0.05375519243179515,0.7888827608245443,0.9257176330572296,1.0,0.05828375076064709,0.002118800456579925
3.9,23.04585762175941,-1.6086553295964128,23.101933371296983,-0.028501630246676086,0.37505396265163116,0.026884478510620466,1.009869804097895,8.110767954721686,133.34677602415465,-13.066750753872544,-0.06968932607069435,-0.07606737777284922,-0.09164967494798,4574.725988693586,5138.006392919414,1735.7974232433353,0.4444444444444444,0.0,-0.046352549156242186,0.7738424202287437,0.9254295299858436,1.0,0.05772053238537809,0.0021560309599973565
3.9166666666666665,23.053120471274937,-1.6153499179090314,23.10964557972286,-0.02239313827328453,0.3612702309721746,0.022517256923919322,1.0270867272639275,8.017966912442157,133.73016840928466,-13.103103173496583,-0.06995642687795571,-0.0727454172943178,-0.09116254376222047,4471.457698433119,5135.877421753596,1735.2621192392924,0.4444444444444444,0.0,-0.038822856765378146,0.7568323364110663,0.9244912964846687,1.0,0.05706011088198962,0.0021927883907386595
3.933333333333333,23.06102790147288,-1.6182478109400464,23.117736347880665,-0.0165254942991354,0.3464108337771357,0.018088317101145203,1.0439095795766682,7.910329490480534,134.1138969571106,-13.13724482753195,-0.07005756482738325,-0.06925417137392191,-0.09045024714953981,4355.6618623879585,5129.375478462351,1734.6795470678053,0.4444444444444444,0.0,-0.031186753622664147,0.7376700783610775,0.9228580074304448,1.0,0.056294105821199085,0.002228704496235182
3.9499999999999997,23.069625107508163,-1.617177431725557,23.126237598162255,-0.010917469400262695,0.33039419675494475,0.013609798458500202,1.0601529850313378,7.786553019431015,134.49795291844774,-13.16920506059879,-0.06998537148888688,-0.06560275249171456,-0.08950088076220301,4226.249771710168,5118.082632177677,1734.0463557310024,0.4444444444444444,0.0,-0.023465169756034833,0.716163472198132,0.9204694022237302,1.0,0.05541324671566858,0.002263383506256025
3.966666666666667,23.078954255688753,-1.6119567092862246,23.135179575027873,-0.005589249559992437,0.3131335586428664,0.00909397630428579,1.0756189529538163,7.6452135443138,134.88232822550538,-13.199017915225275,-0.06973206403883112,-0.061800272495206296,-0.08830181463023506,4082.0953224788445,5101.464359403963,1733.3594280486286,0.4444444444444444,0.0,-0.015679269490147914,0.6921140567137741,0.9172470935628758,1.0,0.054407399945501,0.002296402718764291
3.9833333333333334,23.0890537619216,-1.6023931222994798,23.144590455207858,-0.0005625086283685852,0.2945383276305227,0.004553228193136181,1.090097817076471,7.484771922715593,135.26701552586889,-13.226722534369204,-0.06928945375356801,-0.05785574517740794,-0.08683976950872738,3922.060687630383,5078.847422856854,1732.6159334535912,0.4444444444444444,0.0,-0.007850393436441692,0.6653217031567222,0.9130910634875772,1.0,0.05326561215584655,0.002327314504805784
4.0,23.0999574313818,-1.5882842531885895,23.154495896058243,0.004139547397494101,0.27451603658715357,4.261770861032789e-17,1.1033700152590036,7.303582146565543,135.65200821359647,-13.252363595704862,-0.06864897684110015,-0.053777978557339574,-0.08510094652494192,3745.029068580819,5049.392404487667,1731.8133904936008,0.4444444444444444,0.0,-7.347880794884119e-17,0.6355905106446905,0.9078753212318112,1.0,0.051976169479080035,0.0023556501081406344
4.016666666666667,23.111693444322956,-1.5694190860144974,23.16491852202177,0.008492176187020986,0.25297503646174035,-0.004553228193136096,1.1152088772469888,7.099901478115618,136.03730045617928,-13.275991775243408,-0.06780175750754609,-0.04957545906068683,-0.0830712273238293,3549.9448184094645,5012.060012514425,1730.9497400300716,0.4444444444444444,0.0,0.007850393436441545,0.6027360254686531,0.9014426036704648,1.0,0.05052666966782045,0.002380925596994401
4.033333333333333,23.12428317602473,-1.545580350842959,23.17587735180466,0.012469148822448504,0.22982807626146917,-0.009093976304285704,1.1253845558806748,6.871901676159731,136.4228872157752,-13.297664237402527,-0.06673871604292288,-0.045256232085646775,-0.08073646532325571,3335.8607727478648,4965.5703969577335,1730.0234299007823,0.4444444444444444,0.0,0.01567926949014777,0.5665937459376609,0.8935980360645703,1.0,0.04890410198666847,0.0024026502570289768
4.05,23.137739844608053,-1.5165482931779728,23.1873871715272,0.01604286981020196,0.20499691877631368,-0.013609798458499967,1.1336691766944669,6.617680409371256,136.80876426277086,-13.317445148408241,-0.06545073785308018,-0.04082778643300197,-0.0780828919895428,3101.9920756444,4908.355105742915,1729.0335114084355,0.4444444444444444,0.0,0.023465169756034427,0.5270287692757886,0.8841017651819317,1.0,0.047094928435577825,0.0024203375855280504
4.066666666666666,23.15206699000035,-1.482106320788228,23.199457861242884,0.01918458606309533,0.17841812839030047,-0.018088317101144967,1.1398431898788495,6.335272131963295,137.1949281793553,-13.33540620992424,-0.06392892237820652,-0.036296953708949,-0.07509766462276758,2847.775199141541,4838.502221832998,1727.979747337291,0.4444444444444444,0.0,0.031186753622663738,0.48394632339416305,0.8726607725389643,1.0,0.045085161146829845,0.002433518852577471
4.083333333333333,23.167256802213856,-1.4420490353663094,23.212093683253244,0.0218647055055365,0.15005013277839888,-0.02251725692391924,1.1437027900557162,6.022658564199514,137.58137635040927,-13.351627209964649,-0.06216493301542037,-0.03166983784131107,-0.07176958294799993,2572.930296966567,4753.696993910313,1726.8627301854322,0.4444444444444444,0.0,0.038822856765378,0.43730281768166285,0.8589204408260834,1.0,0.0428604369699147,0.002441758941983817
4.1,23.18328833912671,-1.396193165497749,23.225292540040723,0.02405324698777542,0.11988159143406227,-0.026884478510620233,1.1450681325457341,5.6777809167488575,137.96810693861798,-13.366196588134208,-0.060151469329346674,-0.026951793835100237,-0.06808999912285402,2277.524568573609,4651.163412004527,1725.6840078105974,0.4444444444444444,0.0,0.04635254915624178,0.38711695661235274,0.8424570813659663,1.0,0.04040610446653195,0.002444673892671058
4.116666666666666,23.20012570501521,-1.3443918382449265,23.239045207220695,0.02572044255618525,0.087940981777507,-0.031178011610440964,1.1437919359247688,5.298559622934773,138.3551188402916,-13.379212011384437,-0.05788287919774163,-0.022147478116693774,-0.06405393693999502,1962.0339638906544,4527.617314607023,1724.4462115950662,0.4444444444444444,0.0,0.05375519243179477,0.33348039497338705,0.8227736668637698,1.0,0.03770736433575578,0.002441949264788651
4.133333333333333,23.217716302552407,-1.2865523999540414,23.25333454332164,0.02683750965785817,0.054307111394887655,-0.03538608794759448,1.1397679420460267,4.882933000888662,138.7424116179115,-13.390780953619828,-0.0553559185890622,-0.017260994257124143,-0.05966141723189592,1627.4002797757178,4379.2493417001015,1723.1531794400569,0.4444444444444444,0.0,0.061010496461369794,0.2765673679394273,0.7993025985536542,1.0,0.03474954455445233,0.00243335820151475
4.15,23.235989322616852,-1.2226575484332634,23.268134675592396,0.02737760289499176,0.019119950683814543,-0.039497173477340594,1.1329386333997589,4.4289339100236775,139.12998540491068,-13.401021265910945,-0.05257064728463929,-0.012296156178199423,-0.05491895294637042,1275.080340226738,4201.766486852657,1721.810062400595,0.4444444444444444,0.0,0.06809857496093207,0.21664268035313183,0.7714215739059284,1.0,0.03151864590545951,0.002418777905305295
4.166666666666667,23.254854694381795,-1.1527887935011305,23.283410163874894,0.027316940321850936,-0.01740927289995586,-0.043500000000000046,1.1233016128370965,3.934831903013033,139.5178407776896,-13.410061711566634,-0.0495314169286907,-0.00725688448171221,-0.049841124137632704,907.0832983789038,3990.532860310104,1720.4233997797762,0.4444444444444444,0.0,0.07500000000000008,0.15406735156640872,0.7384914480585113,1.0,0.028002353606561312,0.002398203258344946
4.183333333333334,23.274202773292235,-1.0771501830529937,23.299115160219607,0.026636075666551542,-0.054990364634926125,-0.047383596046307416,1.1109141579811683,3.3993742020725923,139.9059785895338,-13.418042419678937,-0.0462478618280416,-0.002147738497510328,-0.044452067823109516,525.990957298561,3740.8593414126963,1719.0011436033171,0.4444444444444444,0.0,0.08169585525225417,0.08930105136467704,0.6999279831064079,1.0,0.024191752225696955,0.0023717565460295814
4.2,23.293905079008514,-0.9960888884945419,23.3151926199129,0.025321253767725857,-0.09325111834684047,-0.05113731694944512,1.0958956807879796,2.8221553145484894,140.29439976130467,-13.42511518095035,-0.04273574615122763,0.0030254344949504908,-0.03878662561301111,134.95437684849125,3448.489277104556,1717.5526107228088,0.4444444444444444,0.0,0.0881677878438709,0.02290022546993815,0.6553216393295261,1.0,0.02008395606178486,0.0023396927080287467
4.216666666666667,23.31381638448842,-0.9101078784351363,23.331573688031213,0.02336573740482144,-0.13174264888866083,-0.05475087402133584,1.0784275912570878,2.204108184426035,140.683105025162,-13.431443473467708,-0.039017464087306296,0.008254761920329215,-0.03289078265449854,-262.3413869866794,3110.2995005739353,1716.0883410812444,0.4444444444444444,0.0,0.0943980586574756,0.044489390111949724,0.6046198672712498,1.0,0.015685604439709976,0.0023023990473134913
4.233333333333333,23.333778410176052,-0.8198640449396972,23.34817748663443,0.020770884683765645,-0.16996008402442542,-0.05821436275322066,1.058752101733483,1.5480810973233181,141.07209462101426,-13.43720207699101,-0.035121911622631896,0.013529380534769153,-0.026820704057756245,-661.7470572833915,2725.1624377883145,1714.619844037145,0.4444444444444444,0.0,0.10036959095382873,0.11214619105274447,0.548383457874187,1.0,0.011016967272651855,0.0022603926773895095
4.25,23.353625110187515,-0.7261471512935396,23.36491162988879,0.017546860757246555,-0.20736382730267716,-0.06151828996322965,1.0371728726273426,0.8594718176387817,141.4613679521714,-13.442576104197194,-0.03108353706683961,0.01883504047483637,-0.020640691575659426,-1058.7712379018878,2294.8192599048893,1713.1592273780204,0.4444444444444444,0.0,0.10606601717798217,0.17929496445709645,0.48812883377940974,1.0,0.006116457918816317,0.002214321900882556
4.266666666666667,23.37318912812475,-0.6298412250893177,23.381673806379027,0.013712893717405654,-0.24341252774783403,-0.06465359981653322,1.0140477494885412,0.14650870063941923,141.85092321588678,-13.447759299315091,-0.026940647037920446,0.02415408897820249,-0.014419961694219309,-1448.7731356576724,1824.5271566758936,1711.7187378005358,0.4444444444444444,0.0,0.11147172382160901,0.24514089481561566,0.4267756423458068,1.0,0.0010426337243533484,0.0021649507034879126
4.283333333333333,23.392308914318374,-0.5318697799892832,23.398354681595983,0.009296869797675765,-0.2776050944260026,-0.06761169864675641,0.9897808576527395,-0.579879719727515,142.2407570348744,-13.452951550983391,-0.022733034048528913,0.02946553755135807,-0.008228022989894602,-1827.19500517079,1323.171927564764,1710.3102481270078,0.4444444444444444,0.0,0.11657189421854555,0.3089098656251781,0.3691967193153095,1.0,-0.0041267320590365145,0.0021131418763612984
4.3,23.41083569210093,-0.4331326583153273,23.414842124222112,0.00433423126628282,-0.3095213578476682,-0.0703844785106204,0.9648112675931705,-1.3067766167499029,142.6308641250454,-13.45835569531548,-0.018499264767563462,0.03474553852719587,-0.0021295681467661098,-2189.812572837268,802.6374763966959,1708.9447459059033,0.4444444444444444,0.0,0.12135254915624206,0.36989121983106943,0.3226410951806614,1.0,-0.009299716432357955,0.002059832817105919
4.316666666666666,23.42863936427119,-0.3344464854966177,23.43102637343782,-0.0011337102748410028,-0.33885278775151156,-0.0729643394112518,0.9395968457336413,-2.0205178840920697,143.0212370374861,-13.464173844967029,-0.014274143938357292,0.039968248949215565,0.003820116419686196,-2532.9748560595676,276.4702958805346,1707.6318892882587,0.4444444444444444,0.0,0.12580058519181345,0.4274780244805632,0.2958754478744742,1.0,-0.014379078357935076,0.002006001051915018
4.333333333333333,23.44561262456816,-0.23650036746749242,23.44680540639006,-0.007061810453636859,-0.36541740707442516,-0.07534421012924608,0.9145934403190433,-2.70819256501934,143.41186600597266,-13.47060360939112,-0.010086848670930241,0.04510694122010918,0.009578290392558718,-2853.7989416626597,-241.83640132522837,1706.3796869406776,0.4444444444444444,0.0,0.12990381056766567,0.48119899138130984,0.2950374439388605,1.0,-0.01927293661064958,0.0019526197982519342
4.35,23.461672928230477,-0.13983272130867697,23.46208962946846,-0.013403258582619457,-0.38916411907249204,-0.07751756760438795,0.8902326718109986,-3.359034395301597,143.80273891564025,-13.47783462090635,-0.005959978474274316,0.05013487296634938,0.015116284565505227,-3150.2846920527686,-740.4648740597863,1705.1943329970727,0.4444444444444444,0.0,0.1336509786282551,0.530736255393597,0.31852742925562677,1.0,-0.023904672736289344,0.0019006105482480776
4.366666666666666,23.47676238446719,-0.04482841524469321,23.47680518391604,-0.020111576848416413,-0.4101506915427971,-0.07947845481490623,0.8669029119880381,-3.965169568339965,144.19384138901088,-13.486045708051707,-0.0019094779777336782,0.05502634691217295,0.02041897723937909,-3421.33762309699,-1210.391158811077,1704.0801961876793,0.4444444444444444,0.0,0.13703181864639005,0.5759273424385867,0.3584370534856075,1.0,-0.028218252545327092,0.0018508024598553987
4.383333333333333,23.490845931652537,0.04826352552299226,23.490895511932543,-0.02714206442034338,-0.4285093218935985,-0.08122149710525647,0.8449309208435903,-4.521926998401064,144.5851569686269,-13.495402897953921,0.0020545644781304697,0.05975802522311637,0.025482109346355277,-3666.726598181898,-1645.7785109261104,1703.0399412181728,0.4444444444444444,0.0,0.14003706397458013,0.6167560165106715,0.4064513887540949,1.0,-0.03218043411087581,0.0018038931523704262
4.4,23.503908489084402,0.1393013368114547,23.504321286216527,-0.03445274072935156,-0.4444184948677795,-0.08274191691767839,0.8245733117306547,-5.027580421417965,144.9766673652136,-13.506058294403827,0.005926661341080051,0.06430931952783449,0.030309385253359127,-3886.966282351695,-2043.7621935164825,1702.0747346594083,0.4444444444444444,0.0,0.1426584774442731,0.6533307039954876,0.4567945257247748,1.0,-0.03577893242101836,0.0017604304848652607
4.416666666666667,23.51595171881934,0.2282200355217581,23.51705911942341,-0.0420048598725072,-0.45807900432624404,-0.08403554688714893,0.8060167656747154,-5.482758010076922,145.3683527394636,-13.518149737329892,0.009704598549793714,0.06866241898585981,0.03490966114436336,-4083.151153756788,-2403.874585307684,1701.1844859286077,0.4444444444444444,0.0,0.14488887394336022,0.6858552570818994,0.5061218341514951,1.0,-0.03901821788621192,0.001720813013736929
4.433333333333334,23.5269908501558,0.31500412214383056,23.529099559062654,-0.04976308729331762,-0.46969602788003284,-0.08509884126384108,0.7893844685571185,-5.889750800024269,145.7601919907592,-13.531801072755695,0.013388252791057651,0.07280210688789673,0.03929457870078704,-4256.777044784037,-2727.3520889273736,1700.3680873975575,0.4444444444444444,0.0,0.14672214011007084,0.7145981677994024,0.5526947676470387,1.0,-0.04191459473288221,0.001685303735832094
4.45,23.537051837272053,0.3996658514770303,23.54044481277422,-0.0576954422063241,-0.47946730612732136,-0.08592888563177697,0.7747460202969908,-6.25187260144963,146.15216303393612,-13.547122844670891,0.01697865344341594,0.07671546959173434,0.04347679532480246,-4409.576073883501,-3016.493026834306,1699.6236313103602,0.4444444444444444,0.0,0.14815325108927066,0.7398645214679781,0.5957241470461606,1.0,-0.044491645794299386,0.0016540512441474376
4.466666666666667,23.546168967045226,0.48222946962928687,23.55110651935536,-0.06577309732531934,-0.4875763645567539,-0.08652340489703977,0.7621284244218323,-6.572946892332259,146.54424305287617,-13.564213239660473,0.020477304210353073,0.0803915782834687,0.047468790459607474,-4543.37951932927,-3274.1482382778177,1698.9485931848967,0.4444444444444444,0.0,0.149178284305241,0.761973009279512,0.6349585171971825,1.0,-0.04677658097040861,0.0016271131901159305
4.483333333333333,23.554382929679665,0.5627206988640095,23.561103747127696,-0.07397010536221073,-0.49418937244238104,-0.08688076952364791,0.7515265084244283,-6.856937386923365,146.93640872583356,-13.583159151457888,0.023885732029785525,0.08382119418967066,0.05128214239482529,-4660.013649846766,-3503.360466813268,1698.3399798338442,0.4444444444444444,0.0,0.14979443021318606,0.7812387046450879,0.6704407372048485,1.0,-0.0487976081569456,0.0016044785306450367
4.5,23.56173930701176,0.6411603250535133,23.57046129658912,-0.08226309914433269,-0.49945434868398136,-0.087,0.7429118803176129,-7.107706064276852,147.32863642157915,-13.604037271291793,0.02720521306156789,0.08699652167974271,0.05492714844818636,-4761.227073516599,-3707.13317371396,1697.794445003874,0.4444444444444444,0.0,0.15,0.7979612447504212,0.7023662004569717,1.0,-0.05058221124795057,0.0015860866499968686
4.516666666666667,23.568287409784222,0.7175607317972102,23.5792083165235,-0.09063099371055663,-0.5035017236157139,-0.08688076952364791,0.7362401051325942,-7.328870061980992,147.7209023679279,-13.626915143273846,0.030436625526230887,0.0899110153541154,0.05841267446776369,-4848.644744699672,-3888.297209257775,1697.3083777480203,0.4444444444444444,0.0,0.14979443021318606,0.8124175175206876,0.7310010146178779,1.0,-0.0521561317155593,0.0015718426813202408
4.533333333333333,23.5740793923819,0.7919244062655324,23.587377206115224,-0.09905470555121981,-0.5064455800432104,-0.08652340489703979,0.7314561462795695,-7.52372851384384,148.11318279545648,-13.651852149519987,0.03358038723497921,0.09255923667069793,0.06174614531907278,-4923.742623018435,-4049.444652433047,1696.8779690393812,0.4444444444444444,0.0,0.14917828430524102,0.8248577941235882,0.7566355205727789,1.0,-0.05354284794811611,0.0015616291237342823
4.55,23.579169581115988,0.8642436748611034,23.59500276042711,-0.10751689564033558,-0.5083851526450152,-0.08592888563177699,0.7284982981685914,-7.695235353265676,148.5054540596663,-13.678900407476508,0.036636445836788226,0.09493675100541593,0.06493361413038984,-4987.837216443142,-4192.905280253277,1696.4992616334353,0.4444444444444444,0.0,0.1481532510892707,0.8355043122552271,0.779558635896192,1.0,-0.05476338170452804,0.001555314238314042
4.566666666666666,23.583613963503783,0.9345011424186784,23.602121514066326,-0.11600173787930133,-0.5094063463375821,-0.0850988412638411,0.7273008976149902,-7.846000273969281,148.89769274483828,-13.708105573483804,0.03960429916549092,0.09704005507414674,0.06797986946715413,-5042.085137999809,-4320.748118763255,1696.1681873375849,0.4444444444444444,0.0,0.14672214011007087,0.8445514830583998,0.8000444117099026,1.0,-0.05583630495133174,0.0015527578368307953
4.583333333333333,23.587469797505065,1.0026704815940415,23.608771241699,-0.12449471187389348,-0.5095831511896469,-0.08403554688714895,0.7277960947386951,-7.97830555617814,149.28987575259487,-13.739507553616546,0.04248303054159562,0.09886652560178025,0.07088855524377119,-5087.488889720012,-4434.7964541612955,1695.880594955882,0.4444444444444444,0.0,0.14488887394336028,0.852167086550532,0.8183456760144284,1.0,-0.05677785960671395,0.0015538150625500683
4.6,23.590795309719844,1.068717346725731,23.61499058039813,-0.13298241770347308,-0.5089789012044681,-0.08274191691767842,0.7299149259256689,-8.094130732695438,149.68198037786152,-13.773141126729616,0.04527134938075837,0.10041438184627863,0.0736622887857066,-5124.906103345024,-4536.6490609332195,1695.6322713868735,0.4444444444444444,0.0,0.14265847744427315,0.8584939960847191,0.8346917134933153,1.0,-0.057602133077429736,0.0015583386809606653
4.616666666666666,23.593649459633458,1.1326002755082527,23.62081874550803,-0.14145240989626093,-0.5076473627490865,-0.08122149710525661,0.7335878837979536,-8.195180102679151,150.0739843745869,-13.809036486511129,0.04796763128600818,0.1016826564122014,0.07630276925563431,-5155.060308818719,-4627.703379004178,1695.4189577105449,0.4444444444444444,0.0,0.14003706397458038,0.8636521156083301,0.8492881754457575,1.0,-0.05832125406143859,0.0015661802966375356
4.633333333333333,23.596091753176342,1.1942715013219865,23.626295317784937,-0.14989304780733106,-0.5056336576709036,-0.07947845481490634,0.7387451332744919,-8.28291013922851,150.465866013271,-13.847219709968998,0.05056995435031617,0.10267117040486837,0.07881087281467196,-5178.551947800303,-4709.17827767039,1695.2363616060102,0.4444444444444444,0.0,0.13703181864639025,0.8677403221432669,0.8623181582585785,1.0,-0.05894558759484585,0.0015771908145228379
4.65,23.598182093433955,1.2536776373266008,23.63146008466679,-0.15829335977622624,-0.5029750343588699,-0.07751756760438798,0.7453164834100916,-8.358555149704102,150.85760413208266,-13.887713159670854,0.05307613003120847,0.1033805102736848,0.08118673330974331,-5195.868820018997,-4782.135208553381,1695.080167074384,0.4444444444444444,0.0,0.13365097862825515,0.8708382841901748,0.8739438335974387,1.0,-0.05948391766436865,0.0015912203798032773
4.666666666666667,23.599980659629825,1.3107602170468506,23.63635292259562,-0.1666429186913405,-0.499701502290903,-0.07534421012924614,0.7532311929470222,-8.423150363247364,151.24917818312377,-13.930535826548589,0.05548372796591472,0.10381200466819819,0.08342980860338257,-5207.395479285053,-4847.49723085652,1694.9460421756992,0.4444444444444444,0.0,0.12990381056766576,0.8730080809041842,0.884308277892479,1.0,-0.05994361151038649,0.0016081179627706699
4.683333333333334,23.601547807816093,1.3654560900294788,23.6410137104657,-0.17493172684324124,-0.4958363449833899,-0.07296433941125184,0.7624176629058764,-8.47755210880258,151.64056827521688,-13.97570361937222,0.05779009468411253,0.10396770032652909,0.0855389333220596,-5213.421318224992,-4906.065771504734,1694.829645300913,0.4444444444444444,0.0,0.12580058519181353,0.8742955830554437,0.8935373048590941,1.0,-0.060330763224462215,0.0016277307025159365
4.7,23.602943988289002,1.417697678650644,23.645482266647882,-0.183150108179442,-0.4913965244202709,-0.07038447851062045,0.7728030509611729,-8.52245502794586,152.03175521444925,-14.023229606214795,0.059992366493026555,0.10385033648962533,0.08751235906887546,-5214.147226429202,-4958.535180211081,1694.7266303703109,0.4444444444444444,0.0,0.12135254915624216,0.8747315801805734,0.9017411961930963,1.0,-0.06065031624497476,0.0016499030836366966
4.716666666666667,23.60422967579043,1.4674131056389719,23.6497983037925,-0.1912886062687974,-0.4863929878937915,-0.06761169864675647,0.7843128285811669,-8.558406419338157,152.42272054359756,-14.07312421243987,0.06208747695669764,0.10346331764042176,0.08934778319818604,-5209.690799570949,-5005.505230768751,1694.6326512628102,0.4444444444444444,0.0,0.11657189421854565,0.874332653027906,0.9090162783206502,1.0,-0.06090616543986517,0.0016744759907487763
4.733333333333333,23.605465309198745,1.5145262029075242,23.654001396868964,-0.19933788644474593,-0.4808308861939126,-0.06465359981653329,0.7968702918888481,-8.585817887150053,152.8134465814773,-14.12539537898329,0.06407215943437683,0.10281068454964482,0.09104236718853474,-5200.090135260915,-5047.491751009574,1694.5433657256701,0.4444444444444444,0.0,0.11147172382160914,0.8731017994577782,0.9154463227985228,1.0,-0.06110124000301381,0.0017012856641943316
4.75,23.60671123774856,1.5589564118825956,23.658130960762602,-0.20728864072809278,-0.47470971045796884,-0.061518289963229715,0.8103960300724485,-8.604974497207218,153.2039164632026,-14.18004868398925,0.0659429451259721,0.10189708370447007,0.09259274553983561,-5185.306288312806,-5084.935562165269,1694.4544389831015,0.4444444444444444,0.0,0.10606601717798228,0.8710288276256237,0.9211037639729694,1.0,-0.061237568614234274,0.0017301625651199028
4.766666666666667,23.608027670913714,1.6006185843457414,23.66222623429969,-0.2151314942392526,-0.4680233538414807,-0.05821436275322074,0.8248073503218165,-8.616041652643279,153.59411418230522,-14.237087430204578,0.06769615702372829,0.10072773522776422,0.09399502599966747,-5165.224483552789,-5118.209889437149,1694.3615472499337,0.4444444444444444,0.0,0.10036959095382887,0.868090534197204,0.9260507353499455,1.0,-0.061316328370070866,0.001760930147738961
4.783333333333333,23.609474628980344,1.6394226913049177,23.66632626786912,-0.22285691190544382,-0.4607601035563605,-0.05475087402133591,0.8400176552915054,-8.619069898636184,153.98402463563832,-14.29651269993611,0.06932790010741585,0.09930839938143438,0.09524478181606336,-5139.654205634898,-5147.626378000579,1694.2603813594267,0.4444444444444444,0.0,0.09439805865747572,0.8642506887488276,0.9303399290637387,1.0,-0.06133787897685436,0.0017934035302409215
4.8,23.611111891049276,1.6752734458760918,23.670469911898795,-0.23045510435976244,-0.45290256880114554,-0.0511373169494452,0.8559357677857632,-8.613997861696227,154.37363367197926,-14.358323378833166,0.07083404805771837,0.09764534169842973,0.09633703663697024,-5108.328308133074,-5173.4398168104235,1694.1466507305581,0.4444444444444444,0.0,0.08816778784387104,0.8594598493346852,0.9340152827438727,1.0,-0.06130178366823661,0.0018273880530210616
4.816666666666666,23.6129989367481,1.7080698448047513,23.674695803359295,-0.23791593202699154,-0.4444275507538607,-0.047383596046307506,0.8724651976899012,-8.6006535283553,154.76292814523995,-14.422516149269331,0.07221022670834278,0.09574529671050092,0.09726624264307389,-5070.9013129135255,-5195.851638293011,1694.016087928626,0.4444444444444444,0.0,0.08169585525225433,0.8536550392143792,0.937112496028297,1.0,-0.06120681830502241,0.001862677713608807
4.833333333333333,23.615194877302557,1.7377046322730545,23.67904234723187,-0.24522880650759163,-0.43530586221524853,-0.04350000000000013,0.8895033482543213,-8.578754074459578,155.15189597318926,-14.489085453664755,0.0734517944193731,0.09361543013600862,0.09802625252413735,-5026.947109069955,-5215.012225647051,1693.8644541135272,0.4444444444444444,0.0,0.07500000000000023,0.8467593215507669,0.9396593754984095,1.0,-0.06105097016032555,0.0018990534721164112
4.85,23.617758370808527,1.7640636892168822,23.683547689514544,-0.25238258852080736,-0.4255021068166902,-0.03949717347734068,0.9069406629215218,-8.547904471700887,155.54052620258497,-14.55802342771389,0.07455381954057962,0.0912632992651636,0.09861028600444618,-4975.956311453903,-5231.022020393155,1693.6875457227864,0.4444444444444444,0.0,0.0680985749609322,0.8386813180232503,0.9416760021350717,1.0,-0.06083142800290599,0.0019362814297493097
4.866666666666666,23.620747515550544,1.7870253517559318,23.688249677872058,-0.25936548186714964,-0.4149744311173608,-0.035386087947594715,0.9246597203286445,-8.507595123410644,155.92880908159373,-14.629319803167784,0.07551105515359241,0.08869681112991566,0.09901089180893975,-4917.333604198764,-5243.931379673658,1693.481202801608,0.4444444444444444,0.0,0.061010496461370196,0.829314729135524,0.9431747095100887,1.0,-0.06054456527222386,0.0019741108966733686
4.883333333333333,23.624219714021294,1.8064596638386579,23.693185805489062,-0.26616492313983625,-0.40367426761616493,-0.03117801161044134,0.9425342943405003,-8.4571988164473,156.31673614034207,-14.702961779571597,0.07631791134918059,0.08592417787438952,0.0992199062615975,-4850.395475685077,-5253.739083690343,1693.2413194704209,0.4444444444444444,0.0,0.05375519243179541,0.8185379287212202,0.9441598536676437,1.0,-0.060185918386451764,0.002012272385223619
4.9,23.628231498903585,1.8222275722640917,23.698393133098687,-0.2727674672780056,-0.3915460929279511,-0.026884478510620324,0.9604284083936225,-8.395967317828795,156.70430028038012,-14.778933864185204,0.07696842542846245,0.08295386855458986,0.09922841015128679,-4774.3688475861745,-5260.389336090664,1692.9638571115488,0.4444444444444444,0.0,0.04635254915624194,0.80621372266805,0.944627346717337,1.0,-0.05975016252230364,0.0020504755909672725
4.916666666666667,23.632838310683372,1.8341800774754748,23.703908183578328,-0.27915866953954815,-0.37852723336320915,-0.02251725692391933,0.978195429384866,-8.323027988655808,157.0914958737429,-14.857217679228082,0.07745623063974931,0.07979455640419751,0.09902668612456078,-4688.391209082307,-5263.767030998078,1692.6448609605268,0.4444444444444444,0.0,0.03882285676537816,0.7921893816632647,0.9445639151459253,1.0,-0.059231087517914414,0.0020884074581927338
4.933333333333334,23.638094214784424,1.8421573617593023,23.709766802997216,-0.2853229651100843,-0.3645477601370419,-0.01808831710114506,0.9956772658965167,-8.237380825570103,157.4783188721549,-14.937791735598713,0.07777452440998546,0.07645506042670577,0.09860417971514318,-4591.512981915151,-5263.690976061334,1692.2804809027584,0.4444444444444444,0.0,0.0311867536226639,0.7762970786813705,0.9439460302605379,1.0,-0.05862157681828623,0.0021257304681528153
4.95,23.644051544185878,1.8459879288375438,23.716003981647763,-0.29124354839224875,-0.34953052860447065,-0.013609798458500058,1.0127037583467642,-8.137896359184417,157.86476692673173,-15.020631172331077,0.0779160375467439,0.0729442800457553,0.0979494682502855,-4482.702952409851,-5259.904657213545,1691.8669974002032,0.4444444444444444,0.0,0.023465169756034587,0.7583548820818762,0.9427384414573725,1.0,-0.057913592519399454,0.0021620813370608
4.966666666666667,23.650760451466216,1.8454878067451255,23.72265362849366,-0.2969022550736106,-0.33339143037818403,-0.009093976304285802,1.0290923736317177,-8.023314822964704,158.25083951828455,-15.105707461267494,0.07787300663200573,0.06927112151484491,0.0970502433478479,-4360.857697859671,-5252.064003499779,1691.4008536009314,0.4444444444444444,0.0,0.015679269490147935,0.7381684717403186,0.9408922226683246,1.0,-0.05709816945353722,0.0021970703641635654
4.983333333333333,23.65826835221512,1.8404598911229444,23.729748292728598,-0.3022794513902322,-0.31603994389940093,-0.004553228193136191,1.0446483419651202,-7.892246934690812,158.63653809802292,-15.192988076738818,0.07763715287509093,0.06544441492477344,0.09589331460511474,-4224.815986902023,-5239.721455843558,1690.8786948095712,0.4444444444444444,0.0,0.00785039343644171,0.7155337548508194,0.9383422181167367,1.0,-0.05616542075057474,0.0022302817238888067
5.0,23.666619239933215,1.8306935407326588,23.73731882686116,-0.30735393662153093,-0.297380087775762,-5.3272135762909864e-17,1.0591653957121703,-7.743176484574983,159.02186623808961,-15.282436130424172,0.07719967212443157,0.061472821044928475,0.09446464445463862,-4073.3791232706026,-5222.305461182093,1690.2974166076704,0.4444444444444444,0.0,9.18485099360515e-17,0.6902405554371728,0.9350037457827148,1.0,-0.05510455625640504,0.0022612750432251987
5.016666666666667,23.67585285115217,1.8159645834077847,23.745393986994653,-0.31210286679980476,-0.277311901480883,0.0045532281931360856,1.0724272845338507,-7.57446468260448,159.40682979095294,-15.374009971966668,0.07655124264881888,0.05736472800732674,0.09274942709253768,-3905.3381054745296,-5199.094308755062,1689.6542229932127,0.4444444444444444,0.0,-0.007850393436441528,0.6620775325183437,0.9307683874680817,1.0,-0.053903913470938,0.002289588636493915
5.033333333333333,23.68600365893769,1.7960359509792285,23.75399996776163,-0.3165017099118168,-0.25573359898049025,0.009093976304285696,1.0842102424089508,-7.384355880345379,159.79143705625648,-15.467662756277281,0.0756820597750643,0.05312813911961496,0.09073222791867724,-3719.5082717180476,-5169.183017933041,1688.94669593316,0.4444444444444444,0.0,-0.01567926949014775,0.6308384423447019,0.925498667489697,1.0,-0.05255099826749492,0.002314744772340311
5.05,23.697099673759315,1.7706592374432923,23.763159871600138,-0.32052424550838227,-0.23254456115457345,0.013609798458499954,1.0942865637039443,-7.17098387708244,160.1756989533094,-15.563341978672256,0.07458190956735676,0.04877055500509608,0.08839720406428611,-3514.771780902691,-5131.441822771915,1688.1728776555335,0.4444444444444444,0.0,-0.023465169756034406,0.5963297982031731,0.919021407316454,1.0,-0.0510325297706491,0.0023362573084976758
5.066666666666666,23.709161033771885,1.7395775655623487,23.772893114468314,-0.3241426245887945,-0.20764935037062215,0.018088317101144957,1.1024294013086757,-6.932377627499881,160.55962919703555,-15.660988978953007,0.07324029743819686,0.04429885591996263,0.08572843121710816,-3290.127855937314,-5084.464771813653,1687.331366794922,0.4444444444444444,0.0,-0.03118675362266372,0.5583798984035023,0.9111195595223738,1.0,-0.049334480975113525,0.0023536419356117765
5.083333333333333,23.722198373078502,1.7025302496181316,23.783214772241223,-0.32732750880881145,-0.18096294169422844,0.022517256923919225,1.1084188254884875,-6.666464952528329,160.9432444749143,-15.760538415159411,0.07164665173409851,0.03971919353546488,0.0827103667904345,-3044.7502160651884,-5026.507250773394,1686.4214290710227,0.4444444444444444,0.0,-0.03882285676537798,0.5168490949384609,0.9015224056419883,1.0,-0.0474421051540986,0.002366429112643737
5.1,23.73621096825025,1.6592598465928163,23.794134873279145,-0.33004831130937534,-0.15241736395396757,0.026884478510620223,1.112049076318794,-6.371073102813337,161.32656462225327,-15.861917706979824,0.06979062653305272,0.03503690563283597,0.0793284838759009,-2778.05060111389,-4955.412156579838,1685.443122416891,0.4444444444444444,0.0,-0.04635254915624177,0.4716410717289607,0.8898942092814185,1.0,-0.04533993986925339,0.0023741795505228935
5.116666666666666,23.751184682546448,1.6095222750749476,23.805657642215884,-0.3322735644694704,-0.12196991965350842,0.03117801161044095,1.1131368089373996,-6.043926185715787,161.7096127929848,-15.965046447808534,0.06766253130184255,0.030256471812861067,0.07557011312803545,-2489.746798126957,-4868.526529701109,1684.397435239371,0.4444444444444444,0.0,-0.053755192431794746,0.42271480378250936,0.875821848956049,1.0,-0.04301178865983395,0.0023765018154251576
5.133333333333333,23.767089756727064,1.5531007154417746,23.817780697131003,-0.3339714420911131,-0.08961308734839221,0.03538608794759447,1.111529978830731,-5.682642188071082,162.0924156229292,-16.069835783608998,0.06525391621715551,0.02538153300814243,0.07142552853108555,-2179.9331522924263,-4762.614499552167,1683.2864346109375,0.4444444444444444,0.0,-0.06101049646136978,0.37009678529025175,0.8588027726679938,1.0,-0.04044069985507654,0.002373071298497752
5.15,23.783878538113928,1.489823928109934,23.830494196565148,-0.33511046394802685,-0.05538607363987748,0.039497173477340726,1.107116860044624,-5.284737433232423,162.4750033818078,-16.176187756941093,0.06255833843328056,0.02041500152752921,0.06688930419006246,-1849.1511505908636,-4633.779536101419,1682.1134184641696,0.4444444444444444,0.0,-0.06809857496093229,0.3138930439380038,0.8382360452353098,1.0,-0.03760899829288472,0.0023636494693724695
5.166666666666667,23.801483298077034,1.41958935027822,23.84377992500483,-0.3356604076371387,-0.01938772912829749,0.04349999999999991,1.0998345562446263,-4.847654642207665,162.85741010868801,-16.28399461730363,0.05957232271413182,0.015359290363123154,0.06196194714982307,-1498.457182487463,-4477.4204879097715,1680.8830621208099,0.4444444444444444,0.0,-0.07499999999999984,0.25430038224755336,0.8134215816525222,1.0,-0.03449848501778244,0.0023481020469332706
5.183333333333334,23.819814362550385,1.3423907348796233,23.857610298423694,-0.3355934437204686,0.01820988575529569,0.04738359604630728,1.089676286186811,-4.368842667403905,163.2396737221977,-16.39313810678211,0.05629650466705582,0.01021668880788383,0.05665176788227434,-1129.4837763633743,-4288.262458290909,1679.6015446988324,0.4444444444444444,0.0,-0.08169585525225394,0.1916161677206775,0.7835761298946807,1.0,-0.031091004708587028,0.002326414553500166
5.2,23.838758865498804,1.2583490424259989,23.87194727205915,-0.3348854916834322,0.05714866096235628,0.05113731694944511,1.0766967464234187,-3.845930097778729,163.62183609076283,-16.50348874622884,0.052736900767721466,0.004989903664725785,0.05097687652346446,-744.4891977718349,-4060.523833796518,1678.2766353688605,0.4444444444444444,0.0,-0.08816778784387089,0.12624578436085962,0.7478792013153988,1.0,-0.027369681144866983,0.002298703763987662
5.216666666666667,23.85818051711932,1.1677436949474091,23.88674115329551,-0.3335177621453714,0.09707460602926186,0.05475087402133583,1.061015028028653,-3.2770461653452734,164.00394303838513,-16.614905175531238,0.0489061827984592,-0.0003172315215788507,0.044967083170719485,-346.3880770378853,-3788.298268479865,1676.9177139049727,0.4444444444444444,0.0,-0.09439805865747557,0.05870652371633633,0.7055673575905366,1.0,-0.023321200948065043,0.002265223932995708
5.233333333333333,23.877920828838356,1.071039232694989,23.901929381249634,-0.3314784018375167,0.13753437431810364,0.05821436275322065,1.0428148919738134,-2.661338394141491,164.3860442479865,-16.727233644236854,0.04482474888996333,-0.005698905699743233,0.03866534049123084,61.24716106785899,-3466.2298954852454,1675.5356961887626,0.4444444444444444,0.0,-0.10036959095382872,0.010373748299352541,0.6560995127199889,1.0,-0.018939497446486275,0.0022263673827244072
5.25,23.897802229122874,0.9688999524021072,23.917435449897948,-0.32876406067325153,0.17798637625557126,0.061518289963229646,1.0223413230368483,-1.9996594781349604,164.76819301000376,-16.840307800166094,0.04052128233849687,-0.011146287480218009,0.032128086836438544,474.22464756516126,-3090.5138625737177,1674.1428355581738,0.4444444444444444,0.0,-0.10606601717798216,0.08026482113478035,0.5994167843509114,1.0,-0.014230638863268752,0.002182657145711065
5.266666666666667,23.917633398375802,0.8621826527584946,23.933168329868472,-0.32538111407833614,0.21782472016626764,0.06465359981653332,0.9999013577436989,-1.2954951081750323,165.15044575308988,-16.953948975550873,0.036032389688225114,-0.01664645266314116,0.025423821621280762,887.8195022189847,-2660.132921135967,1672.752375166867,0.4444444444444444,0.0,-0.11147172382160918,0.15015052439365964,0.5363173967454088,1.0,-0.009219431225742883,0.0021347487324512833
5.283333333333333,23.93721659415039,0.7519040482267495,23.94902290226072,-0.32134644239148114,0.2564096787867587,0.0676116986467563,0.975859421345609,-0.5557565079111031,165.5328612901746,-17.067967215876532,0.031401182115087994,-0.022182155714882912,0.018630386115233183,1296.946503227412,-2178.0896320740785,1671.37805865086,0.4444444444444444,0.0,-0.11657189421854536,0.21915957617426965,0.4689750370868018,1.0,-0.003955058471940739,0.002083420176035169
5.3,23.95635643467499,0.6391821831441404,23.964881962747963,-0.3166874904829372,0.29311775710496796,0.0703844785106203,0.9506299961524348,0.2088624980430147,165.91549974513163,-17.182163240606172,0.02667478151858766,-0.027731677041988825,0.01183008781118023,1696.4092429123925,-1652.2061851876747,1670.0335358404197,0.4444444444444444,0.0,-0.1213525491562419,0.2864089814678189,0.401645488430239,1.0,0.0014863764627077755,0.002029556379337127
5.316666666666666,23.974869246944582,0.5251566546186277,23.980620194648413,-0.3114414072320781,0.3273983697289813,0.07296433941125177,0.9246694165160334,0.9842438148060344,166.2984211817932,-17.296331398277772,0.02190096147590328,-0.033269112236783374,0.005103299508566167,2081.1964902257837,-1095.0120865858887,1668.7317179907495,0.4444444444444444,0.0,-0.12580058519181342,0.351054831826611,0.3415579516544711,1.0,0.00700440171692339,0.0019741315976390967
5.333333333333333,23.99259168531063,0.4109023330735163,23.99611002861426,-0.3056532883181821,0.3588242574077768,0.07534421012924607,0.8984627456735967,1.7540999147351695,166.68168403242612,-17.41026347657676,0.017124542941341546,-0.03876525308414981,-0.0014781765693546568,2446.7957458275355,-522.4781783116681,1667.4841681484704,0.4444444444444444,0.0,-0.12990381056766565,0.4123452620204575,0.2993111722763378,1.0,0.012483106593712743,0.001918181421224795
5.35,24.009387345916515,0.29735536442735927,24.01122864284562,-0.2993737587458965,0.3871233221687135,0.07751756760438792,0.8725036772577889,2.501912080494919,167.06534349320918,-17.52375300133487,0.012384329430419953,-0.04418895587872928,-0.007856476440596028,2789.478897899063,48.17910631284898,1666.3006168291918,0.4444444444444444,0.0,-0.13365097862825506,0.46966783179657295,0.28579993397958847,1.0,0.017804935127444542,0.00186275986592127
5.366666666666666,24.025150532624753,0.18526635614378437,24.02586484890811,-0.2926562464663244,0.4121904739335968,0.07947845481490623,0.8472682898265437,3.2130676952659556,167.44945008600328,-17.63659950342734,0.007711197635986672,-0.049508604368313044,-0.013990749574961846,3106.5094503784085,600.9644774313568,1665.1886687617869,0.4444444444444444,0.0,-0.13703181864639005,0.5225828295205627,0.3037877617696339,1.0,0.022865896176088377,0.0018088833400874327
5.383333333333333,24.039807005788706,0.07518374762520993,24.03992457291567,-0.2855542724634533,0.4340749803200008,0.08122149710525652,0.823190894387331,3.876357049377015,167.83404855977454,-17.74861222440023,0.003127458655675843,-0.054693265779620005,-0.019857877362885457,3396.228530687184,1123.0918524537522,1664.1537208426146,0.4444444444444444,0.0,-0.1400370639745802,0.5708355802103328,0.34481692346724035,1.0,0.027586215492159557,0.0017574790800606523
5.4,24.053312066618258,-0.03253233335221461,24.05333406675334,-0.278119354802703,0.4529338817154921,0.08274191691767835,0.8006390996032778,4.484679184174696,168.21917721959971,-17.85961291220012,-0.001352508686753723,-0.0597146231874258,-0.02544969594310929,3658.042156422365,1605.9642313456127,1663.199072194306,0.4444444444444444,0.0,-0.142658477444273,0.6143518704702666,0.39740897528452335,1.0,0.03191535888256947,0.0017093319153859354
5.416666666666667,24.065646883573862,-0.1376748488029309,24.06604068576427,-0.2703996468455427,0.4689911754781654,0.08403554688714893,0.7798983127953664,5.034954549701185,168.60486768878476,-17.969437555359875,-0.0057207415855506615,-0.06454786915490948,-0.030769168790934054,3892.309001550672,2045.126597696885,1662.326170832539,0.4444444444444444,0.0,-0.14488887394336022,0.6532167644341706,0.4533556718631006,1.0,0.035831410634272844,0.0016650511790859649
5.433333333333334,24.07681408211225,-0.24014853765449445,24.078011704971328,-0.26243919350640593,0.48250300634981197,0.08509884126384108,0.7611694520539709,5.527400935906682,168.99114503983688,-18.07793710890615,-0.009973934819912574,-0.06917187687817855,-0.03582656210561272,4100.146129642273,2439.548869660573,1661.534922986181,0.4444444444444444,0.0,-0.14672214011007084,0.6876402310091994,0.5080804860900908,1.0,0.03933592065622331,0.001625065823112282
5.45,24.086833344488813,-0.3399315655088885,24.089231910428516,-0.25427768128577377,0.4937314154181731,0.08592888563177697,0.7445761318181321,5.964580629581492,169.37802819203486,-18.1849774073017,-0.014111817660114568,-0.07356901333451027,-0.04063614153283619,4283.204204804103,2790.6444727641424,1660.8240084917752,0.4444444444444444,0.0,-0.14815325108927066,0.7179183668740441,0.5593431016131906,1.0,0.042447123542048236,0.0015896397592647972
5.466666666666667,24.09573747238548,-0.43704460032059816,24.09970066869693,-0.2459505294398006,0.502927243133878,0.08652340489703977,0.7301773333977988,6.350487869479673,169.76553047071258,-18.29043850628868,-0.018135850118493287,-0.07772475391905008,-0.04521369149691144,4443.452824638069,3101.328996938186,1660.191166630514,0.4444444444444444,0.0,-0.149178284305241,0.7443969838362237,0.60621355772113,1.0,0.045193444416057174,0.0015588989102414607
5.483333333333333,24.10356910930696,-0.5315283478939153,24.10942898933427,-0.23748918369178365,0.5103206814955501,0.08688076952364793,0.7179818763230634,6.689815352115673,170.15366024078804,-18.394213679218335,-0.02204827893615439,-0.08162722999169476,-0.04957485946372733,4583.000153637847,3375.27232801126,1659.633435711661,0.4444444444444444,0.0,-0.14979443021318609,0.7674414469845441,0.6484644897459804,1.0,0.047608278998932635,0.001532862105380327
5.5,24.11037814483559,-0.6234286216352343,24.118436879972958,-0.22892150769670802,0.5161172780480748,0.087,0.7079621219320618,6.987434139005265,170.54242155153787,-18.49620824659616,-0.025851512259349802,-0.08526679532458013,-0.05373417536375226,4703.956195639277,3616.378462615411,1659.147343238708,0.4444444444444444,0.0,-0.15,0.787414133095334,0.68623070395597,1.0,0.049726292351436094,0.0015114703372623897
5.516666666666667,24.11621972820476,-0.7127872686670583,24.126751121305713,-0.22027220313153673,0.5204973569310243,0.08688076952364793,0.7000655516810124,7.2480628715629525,170.9318147527232,-18.59633836451897,-0.029547741193752194,-0.08863565501458068,-0.05770455638709297,4808.3386897454375,3828.462845371229,1658.729051156437,0.4444444444444444,0.0,-0.14979443021318609,0.8046591722755853,0.7198202585964835,1.0,0.05158106483193819,0.0014946114809326224
5.533333333333333,24.121152782410405,-0.7996372431992737,24.134403478708492,-0.21156321819130774,0.5236173198948241,0.08652340489703979,0.6942237886128666,7.4760810093914625,171.3218370602524,-18.69452985156429,-0.03313873573482138,-0.09172757006990341,-0.06149712754303642,4898.015055716276,4015.0758018372694,1658.374463852933,0.4444444444444444,0.0,-0.14917828430524102,0.8194932549890509,0.749610534542665,1.0,0.053203763000897915,0.0014821395543686408
5.55,24.125238908148038,-0.8840004056750409,24.14142930922802,-0.2028141243866978,0.5256118095070023,0.08592888563177699,0.6903591877377678,7.675440912095326,171.7124830620692,-18.790717098960616,-0.03662575504856031,-0.09453763331923143,-0.06512122947690971,4974.671933838286,4179.422933441132,1658.0793070278305,0.4444444444444444,0.0,-0.1481532510892707,0.8322010200613147,0.7759923060080859,1.0,0.05462251394835478,0.0014738887886749494
5.566666666666666,24.12854158103245,-0.9658869901786401,24.14786650007425,-0.19404245404269174,0.5265961281731503,0.0850988412638411,0.6883893791430182,7.849642368304171,172.10374516278137,-18.8848420851535,-0.040009527586586005,-0.09706210445585146,-0.06858452580369621,5039.804203238044,4324.344401099868,1657.8391846309403,0.4444444444444444,0.0,-0.14672214011007087,0.8430336326465725,0.7993409665531784,1.0,0.05586222402893095,0.0014696833274379507
5.583333333333333,24.13112556470245,-1.0452960096293626,24.15375467224885,-0.185263997912711,0.5266685878766056,0.08403554688714895,0.6882302145120368,8.0017434865155,172.495613969984,-18.976853500935132,-0.04329027036495225,-0.09929829020685586,-0.07189315453140159,5094.716725688822,4452.326895977706,1657.6496197070633,0.4444444444444444,0.0,-0.14488887394336028,0.8522094128700124,0.8200030047600363,1.0,0.05694465636685257,0.0014693435174240855
5.6,24.13305648086728,-1.1222161221443256,24.159134589913002,-0.17649306581189333,0.5259126391838365,0.08274191691767838,0.6897975346517685,8.134390655395709,172.88807862742848,-19.066705982603928,-0.04646772744262986,-0.10124445686287101,-0.07505189088288597,5140.533683284385,4565.5316886038945,1657.5060836183352,0.4444444444444444,0.0,-0.14265847744427307,0.8599156602747824,0.8382908947300695,1.0,0.05788864406936374,0.0014726896821789647
5.616666666666666,24.134400492847185,-1.196626663122957,24.164047726323485,-0.1677427145942267,0.5243987263914734,0.08122149710525654,0.6930081027051729,8.24985678502091,173.28112710101766,-19.15435944605142,-0.04954121525486109,-0.1028997648234568,-0.07806430362471982,5178.2118623321985,4665.82891235754,1657.4040169507539,0.4444444444444444,0.0,-0.14003706397458027,0.8663110734920098,0.8544824868860847,1.0,0.05871036237170597,0.001479544114398078
5.633333333333333,24.135224071230812,-1.2684986698031726,24.16853594746301,-0.15902494810665932,0.5221858665110948,0.0794784548149064,0.6977799681381597,8.35008146539396,173.67474642365275,-19.239778512682186,-0.05250966758344426,-0.10426421737527826,-0.08093289609488526,5208.555431793408,4754.832623076774,1657.3388444957818,0.4444444444444444,0.0,-0.13703181864639036,0.8715283663902137,0.868822675374048,1.0,0.05942361442645363,0.001489731853024099
5.65,24.13559381924883,-1.3377958039559357,24.17264128350157,-0.15035089352432018,0.5193229728919052,0.077517567604388,0.7040324555392143,8.436709521998171,174.06892290459905,-19.322932017604412,-0.05537167624955228,-0.10533861815857733,-0.08365922841075545,5232.230655480589,4833.933852588065,1657.3059860128674,0.4444444444444444,0.0,-0.13365097862825517,0.875676830511394,0.8815260962046547,1.0,0.06004010568531093,0.0015030806593345418
5.666666666666667,24.13557634193885,-1.4044751273908607,24.176405765560315,-0.14173095802656735,0.5158499523278323,0.07534421012924614,0.7116859147565234,8.511126195689803,174.46364230849275,-19.40379259090642,-0.058125525661500914,-0.10612453354692426,-0.08624402024688935,5249.779604695041,4904.33042571518,1657.3008639826621,0.4444444444444444,0.0,-0.12990381056766576,0.8788446970957152,0.8927801729949262,1.0,0.06056969425791081,0.0015194204834946827
5.683333333333334,24.135238147747067,-1.468487714103619,24.17987131096728,-0.13317496928095654,0.5117986050003596,0.07296433941125184,0.7206613249365705,8.574488205219739,174.8588900085142,-19.482336303641677,-0.060769220564784523,-0.10662425747684676,-0.08868723504780752,5261.632360571262,4967.053164986591,1657.3189092095383,0.4444444444444444,0.0,-0.12580058519181353,0.8811012209334893,0.9027481484909846,1.0,0.061020611969216584,0.0015385826191960698
5.7,24.134645574382198,-1.5297790992833717,24.183079644529364,-0.12469230273997314,0.5071933537712392,0.07038447851062037,0.7308798126451066,8.627750531811154,175.25465111766877,-19.558542371134624,-0.06330050702265312,-0.10684077719085572,-0.0909881471874123,5268.117468724572,5022.988548293352,1657.3555648877482,0.4444444444444444,0.0,-0.12135254915624201,0.8824984523251016,0.9115719215045721,1.0,0.061399654972801795,0.0015603986748643909
5.716666666666667,24.133864732897482,-1.588289573787992,24.18607224656365,-0.11629199835420445,0.5020518253719576,0.06761169864675638,0.7422621210014657,8.671689072922359,175.65091060157894,-19.63239290725266,-0.06571688700298901,-0.10677773898611076,-0.09314539377320377,5269.470578439147,5072.898089446157,1657.4062895784793,0.4444444444444444,0.0,-0.1165718942185455,0.8830726903540247,0.9193746096752194,1.0,0.061712344967058026,0.0015846994402828286
5.733333333333333,24.132961465413842,-1.643954336214759,24.188890320779677,-0.10798286897197674,0.4963853020266306,0.0646535998165334,0.7547280503927323,8.706919458827072,176.04765337571644,-19.703872724291674,-0.06801562709237832,-0.1064394134700277,-0.0951570127392795,5265.841299106042,5117.434786284562,1657.4665594331386,0.4444444444444444,0.0,-0.11147172382160932,0.8828456263058414,0.9262628129623055,1.0,0.06196306310397359,0.0016113136925395544
5.75,24.13200131281445,-1.6967035153526997,24.191574776783103,-0.09977360242445618,0.4901990584765319,0.06151828996322973,0.768195880032783,8.733912380480538,176.44486438958734,-19.772969174057565,-0.07019376188506128,-0.10583066007674391,-0.09702046870459291,5257.298362893772,5157.156987405438,1657.53186992582,0.4444444444444444,0.0,-0.1060660171779823,0.8818251945696431,0.932328580866933,1.0,0.06215515907036946,0.0016400669610798077
5.766666666666667,24.131049489276915,-1.7464620748679542,24.194166223139074,-0.09167285907727507,0.48349259643046677,0.05821436275322074,0.7825817720214967,8.753005782582235,176.8425287000312,-19.83967202658046,-0.07224809255581492,-0.10495689074196807,-0.09873266786447017,5243.833212297509,5192.540001407128,1657.5977373142941,0.4444444444444444,0.0,-0.10036959095382887,0.880006152656063,0.9376510995368134,1.0,0.06229103786020915,0.001670780255396545
5.783333333333333,24.130170860755563,-1.793149610336279,24.19670496770802,-0.08368936645388927,0.47625978619273707,0.054750874021335924,0.797799154670921,8.764414257151389,177.2406315354925,-19.903973383669687,-0.0741751810547061,-0.10382403270207988,-0.10028996297456799,5225.362146521163,5223.985730622331,1657.659700026772,0.4444444444444444,0.0,-0.09439805865747573,0.8773704140823538,0.942298119674922,1.0,0.062372226624271034,0.001703268748456889
5.8,24.129429924540467,-1.8366800466877258,24.199231022435605,-0.0758320123908779,0.46848892361955696,0.051137316949445205,0.8137580790580344,8.768235945374537,177.63915835287003,-19.965867625209714,-0.07597134027842971,-0.1024384903993391,-0.10168814930023404,5201.727170174721,5251.830564332627,1657.7133201665838,0.4444444444444444,0.0,-0.08816778784387105,0.8738871592234753,0.9463271462712601,1.0,0.06239942378736119,0.0017373404029684422
5.816666666666666,24.128890786834592,-1.8769612420764537,24.20178411000413,-0.06810993806009405,0.4601627096244977,0.047383596046307375,0.8303645416650102,8.764457227893308,178.03809488833437,-20.025351386716014,-0.07763262049040119,-0.10080710645341276,-0.10292245225439875,5172.695697647478,5276.351718940476,1657.754185335978,0.4444444444444444,0.0,-0.0816958552522541,0.8695127508233567,0.9497864086735361,1.0,0.06237253242689224,0.0017727945252437997
5.833333333333333,24.12861713492075,-1.913894502340582,24.204403669780437,-0.060532632075607065,0.45125815921485457,0.043500000000000004,0.8475197664193364,8.752955461363715,178.43742720332162,-20.082423567220562,-0.07915479218843428,-0.0989371216089813,-0.10398750734355465,5137.959281297679,5297.772166131389,1657.7779110021197,0.4444444444444444,0.0,-0.07500000000000001,0.8641904834624519,0.9527156255098955,1.0,0.06229067974769262,0.0018094202323854054
5.85,24.128672199938315,-1.9473740087343039,24.20712886035785,-0.05311002678269664,0.44174644754804554,0.03949717347734083,0.8651194414649391,8.733500005151457,178.83714172675656,-20.137085367043934,-0.08053332556131175,-0.09683613349471407,-0.10487733299328633,5097.131554814163,5316.264244651352,1657.780143662506,0.4444444444444444,0.0,-0.06809857496093247,0.857850200485109,0.9551465740060245,1.0,0.06215222438851566,0.0018469948228229409
5.866666666666666,24.129118705548933,-1.9772861606551244,24.20999855571226,-0.04585259768841916,0.43159270184314524,0.03538608794759486,0.8830529097418495,8.70575177815882,179.23722529442213,-20.18934035543629,-0.08176336664027258,-0.09451205393268694,-0.10558529684300244,5049.745617582626,5331.95200592916,1657.7565651136408,0.4444444444444444,0.0,-0.06101049646137045,0.8504078181903142,0.9571034674802725,1.0,0.06195475326818445,0.0018852820482338326
5.883333333333333,24.13001879682731,-2.00350883484366,24.213051331596684,-0.03877146682315299,0.4207557503009056,0.03117801161044135,0.9012023181990069,8.669261592672724,179.63766518627247,-20.239194568432545,-0.08283971024611123,-0.09197306442053352,-0.10610407619802165,4995.251133840843,5344.912296695555,1657.7028981865258,0.4444444444444444,0.0,-0.05375519243179543,0.841764805868932,0.9586031382038588,1.0,0.06169506972836964,0.0019240302971471905
5.9,24.131433942551507,-2.0259105632600147,24.216325438308253,-0.031878510602081016,0.409187842649809,0.026884478510620334,0.9194417385617044,8.623467529360294,180.03844916237318,-20.286656637563922,-0.08375676986762408,-0.08922756927274261,-0.10642561352468198,4933.0114833211865,5355.174530726486,1657.6149143861421,0.4444444444444444,0.0,-0.04635254915624196,0.831807681791542,0.9596550151592426,1.0,0.06136917485266377,0.0019629707178180616
5.916666666666667,24.133424802668188,-2.0443496339027982,24.21985875540315,-0.025186472463540728,0.39683436175686493,0.02251725692391919,0.9376362833960387,8.567691643319696,180.43956549804577,-20.331737950292897,-0.08450854469718602,-0.08628414575600801,-0.10654106819541649,4862.301378411055,5362.719044000073,1657.4884439605896,0.4444444444444444,0.0,-0.03882285676537792,0.8204075995893434,0.9602608771538172,1.0,0.060972244025089634,0.00200181533106098
5.933333333333334,24.13605105105724,-2.058673122747295,24.22368872334607,-0.018709080172469052,0.38363355216225586,0.018088317101144922,0.9556412550809742,8.50113632170588,180.8410030186803,-20.374452843183224,-0.08508858421491984,-0.0831514903937245,-0.10644076616798284,4782.305455534771,5367.473859318319,1657.319389029574,0.4444444444444444,0.0,-0.031186753622663658,0.8074201164193943,0.960414350741269,1.0,0.060498601009030574,0.0020402552133399372
5.95,24.139371141806652,-2.068715871452456,24.22785224650933,-0.012461167162428444,0.36951629967985616,0.013609798458500225,0.973301382377261,8.422880642557105,181.24275113456324,-20.414818828872082,-0.08548995098292174,-0.07983836046044038,-0.10611414995744946,4692.1184522064095,5369.309603324941,1657.1037405218701,0.4444444444444444,0.0,-0.02346516975603487,0.7926852532472582,0.9601001088107473,1.0,0.05994169203470626,0.0020779588668740695
5.966666666666667,24.143442005034856,-2.0742994354983915,24.232385561446286,-0.0064587966150905516,0.35440600662044613,0.009093976304285965,0.9904502194244367,8.331877102293387,181.6447998759328,-20.452856857870337,-0.08570518272447847,-0.07635350956153172,-0.10554973218292961,4590.747689816951,5368.0322152948975,1656.8375998066729,0.4444444444444444,0.0,-0.015679269490148216,0.776027977341023,0.9592927087044276,1.0,0.05929406251031355,0.0021145709365206987
5.983333333333333,24.148318655885085,-2.075231042270405,24.237324064033356,-0.0007193861033753478,0.33821861999673514,0.004553228193136203,1.0069098045541058,8.226949072103533,182.04713992832384,-20.488591616075485,-0.08572625537236504,-0.07270561613285638,-0.10473505720737387,4477.118685890708,5363.372956335993,1656.5172060527143,0.4444444444444444,0.0,-0.007850393436441729,0.757259255785576,0.9579549873408759,1.0,0.0585473389203258,0.0021497114813555642
