t,vx,vy,speed,yaw,yaw_rate,steering_angle,ax,ay,pos_x,pos_y,sideslip,alpha_f,alpha_r,fy_f,fy_r,f_long,throttle,brake,steer_cmd,util_f,util_r,mu_surface,roll,pitch
0.0,19.801029354191222,-0.0124359947160671,19.801033259390962,-6.941459222575719e-05,-0.009286485718504104,-0.075,1.2901728497645402,-1.578535435301639,50.32331566504996,-0.00010328061958896081,-0.0006280478079455702,0.07435895524272047,-2.7562768628214067e-06,-1794.554309144958,0.0895298912896325,2020.6456281723513,0.4444444444444444,0.0,0.15,0.3072177194142838,0.34071011017673103,1.0,-0.011233696515969635,0.0027544665624745406
0.016666666666666666,19.820731888542895,-0.04797376796034651,19.82078994591067,-0.0005168097794913385,-0.03923064434714919,-0.087,1.1431574047022066,-3.11442022686916,50.65354019812744,-0.0007674713420081697,-0.0024203785485614597,0.0831509428106756,0.00014982666995920154,-3541.4972630844127,-3.113961150296478,2018.574835726081,0.4444444444444444,0.0,0.15,0.602326329204094,0.34257874708793906,1.0,-0.02216386839941921,0.002440594566435084
0.03333333333333333,19.839331681596548,-0.0852050155745686,19.839514647971598,-0.001571322318315257,-0.07828802273949313,-0.087,1.0979893264999288,-3.6466423609503704,50.98407858543559,-0.00233364557441714,-0.004294725905181589,0.07885791630821251,0.0007874994076184496,-4129.5038565185505,-24.257834949875875,2016.6648173897156,0.4444444444444444,0.0,0.15,0.7008816627847851,0.34298745296835215,1.0,-0.025951443768107423,0.0023441625564744684
0.05,19.857629083386744,-0.11383764338930266,19.857955378699476,-0.003308812743173975,-0.11993145516246573,-0.087,1.082464615303992,-3.84993209988579,51.31491910276797,-0.004927323985429195,-0.0057326277921821225,0.07469384320436692,0.002028520917431669,-4313.474079105197,-79.08439828993748,2014.802560198218,0.4444444444444444,0.0,0.15,0.7315770280826759,0.3431584503797153,1.0,-0.027398161517319566,0.002311017929466478
0.06666666666666667,19.8759289237469,-0.13075888753817408,19.876359034504002,-0.005740873718827998,-0.1613850370899119,-0.087,1.0789064925338903,-3.9471177071922883,51.64605621947041,-0.008598097915874493,-0.0065786611369241235,0.07108436240399765,0.0038574900089536727,-4338.592003765218,-176.61869861406615,2012.94874036885,0.4444444444444444,0.0,0.15,0.735689611173481,0.3439642494733669,1.0,-0.028089785914077427,0.0023034214820623856
0.08333333333333333,19.89434253888446,-0.13552222280190365,19.894804128901118,-0.008847952949654195,-0.2011758521372276,-0.087,1.0805861708905278,-4.021067670328697,51.97748640996668,-0.013372013268621972,-0.006811993224033433,0.06818043848937085,0.006203228034242384,-4297.032725358747,-319.0828997080912,2011.0884885893265,0.4444444444444444,0.0,0.15,0.728661810802539,0.3466040049027731,1.0,-0.028616053126496902,0.002307007527040711
0.1,19.912884341490425,-0.12886644199004313,19.913301317397018,-0.012592610533910503,-0.23842441789657606,-0.087,1.0842904876613069,-4.107199015132219,52.30920649520725,-0.019271338550535498,-0.006471420253866083,0.06601645884446378,0.008970521542672132,-4231.660792176481,-503.54129930284336,2009.2184505668797,0.4444444444444444,0.0,0.15,0.7176625300452094,0.3525380686801379,1.0,-0.02922900952037742,0.0023149160926904896
0.11666666666666667,19.931512929067793,-0.1121066788746105,19.931828203881473,-0.016926642667559624,-0.272607277154734,-0.087,1.0882359120966767,-4.220631704124188,52.64121278648551,-0.026322979547914294,-0.0056245352317874555,0.06456716428533402,0.012056745001285476,-4165.3977027427145,-723.563912321254,2007.3417244024768,0.4444444444444444,0.0,0.15,0.7065243958133416,0.36310910261845686,1.0,-0.03003625677921558,0.0023233394133982377
0.13333333333333333,19.950155384088006,-0.08681314131009231,19.950344266973435,-0.021795846176623952,-0.30345317731453403,-0.087,1.0913973585010983,-4.365772132236659,52.97350055036252,-0.03456190346259454,-0.004351474547083494,0.0637742612540622,0.0153620745999378,-4110.83366764004,-970.6519427224302,2005.4650798958755,0.4444444444444444,0.0,0.15,0.6973534934969823,0.3791016823325016,1.0,-0.03106915314957919,0.002330088972894567
0.15,19.968724421450897,-0.05461274268220884,19.96879910188674,-0.02714354302736152,-0.3308807199834022,-0.087,1.093234532259463,-4.540763269279584,53.306063653035636,-0.04403188779650169,-0.002734907116092803,0.0635620449495679,0.018795963074773245,-4074.198014259975,-1235.4530977430743,2003.5970593399227,0.4444444444444444,0.0,0.15,0.6911922387789102,0.400486390108861,1.0,-0.03231448301836926,0.0023340112641501883
0.16666666666666666,19.987130784482677,-0.01706173049742836,19.987138066733383,-0.03291323896157643,-0.354951005375293,-0.087,1.0935382859603824,-4.740211439516144,53.638894338810736,-0.05478471484867819,-0.000853635598683108,0.0638477634416929,0.02228087037221997,-4057.5508235859465,-1508.7798412830514,2001.7466098623088,0.4444444444444444,0.0,0.15,0.688384833010915,0.4264720651742561,1.0,-0.033733862124467585,0.002334659765947884
0.18333333333333332,20.005291664564545,0.02443126375828781,20.005306582778093,-0.039050573818959385,-0.37582759389525594,-0.087,1.0923209469628676,-4.957115983070239,53.97198312228195,-0.066878517249878,0.0012212394611449682,0.06454866577281174,0.02575380896470304,-4060.2792085523165,-1782.3938576124579,1999.9221444926902,0.4444444444444444,0.0,0.15,0.6888271612110004,0.4557911518658377,1.0,-0.03527747005415338,0.002332060796697785
0.2,20.023135743314537,0.06864409862559295,20.023253407163292,-0.045504661928876616,-0.39374190477163984,-0.087,1.0897314077910136,-5.184234015026929,54.305318776902446,-0.08037577396441796,0.0034282257577832286,0.06558660560401879,0.02916620625572531,-4080.1995028864067,-2049.51276987909,1998.1309670068565,0.4444444444444444,0.0,0.15,0.6921513967999633,0.48703823783861244,1.0,-0.03689376259168404,0.002326532235883324
0.21666666666666667,20.040605549650785,0.11455217041776576,20.040932937277177,-0.0522289116613388,-0.4089640172539215,-0.087,1.085990437216862,-5.414958042637193,54.638888400362674,-0.09534130387051964,0.005715941196605237,0.06689076813041203,0.0324826078984573,-4114.359925595789,-2305.0308358954385,1996.378988920415,0.4444444444444444,0.0,0.15,0.6978607956575156,0.518925685484643,1.0,-0.03853571730942569,0.0023185454158540677
0.23333333333333334,20.057657867758483,0.16132077627862756,20.05830659684194,-0.0591814179306809,-0.42177923160798914,-0.087,1.081344173136877,-5.643783756995223,54.97267753550856,-0.11184047328697598,0.008042678711520599,0.06839898573246603,0.03567872865908134,-4159.594901084395,-2545.494289701084,1994.670661432504,0.4444444444444444,0.0,0.15,0.7054229520117026,0.5504170764211932,1.0,-0.04016416262187245,0.0023086258310084547
0.25,20.074262877401047,0.20828649447513797,20.07534341760515,-0.06632502533746491,-0.4324704996049409,-0.087,1.0760333394674895,-5.866467806938287,55.30667032614967,-0.12993772623931743,0.010375425574407657,0.07005804541339614,0.038739277019569716,-4212.878009069898,-2768.9060402174687,1993.0090494948377,0.4444444444444444,0.0,0.15,0.7143292159551395,0.5807618910045372,1.0,-0.04174890058851138,0.0022972874171177412
0.26666666666666666,20.090402586116024,0.2549334887939739,20.092019986948205,-0.07362715667428767,-0.4413063671303021,-0.087,1.0702751135862598,-6.079981303703647,55.64084968984231,-0.14969546700364636,0.012688636078725828,0.0718233281445363,0.04165585859475949,-4271.520576118558,-2974.442290860028,1991.395987223428,0.4444444444444444,0.0,0.15,0.7241280969488149,0.6094716033383257,1.0,-0.04326837602826746,0.0022849938390503395
0.2833333333333333,20.10606896656354,0.3008688101322006,20.108319952922965,-0.08105949104837434,-0.44853365588835215,-0.087,1.0642543967232694,-6.282351269618845,55.975197493672034,-0.17117327382344613,0.014962962498204464,0.07365805220382486,0.04442513724850611,-4333.259682416127,-3162.150052909656,1989.8322691081205,0.4444444444444444,0.0,0.15,0.7344400070542583,0.6362703539960916,1.0,-0.044708548184177306,0.002272139853412477
0.3,20.121262073984237,0.34579917716664993,20.12423326541624,-0.08859756031358144,-0.45437388050727323,-0.087,1.0581215015643843,-6.472458347082983,56.30969472324332,-0.19442739615177393,0.01718406817418993,0.07553232444663456,0.0470473284364872,-4396.272935860706,-3332.6711327608355,1988.317846286342,0.4444444444444444,0.0,0.15,0.7449596496826553,0.6610409045412758,1.0,-0.046061451113063395,0.002259046371675209
0.31666666666666665,20.13598830568544,0.3895105065669107,20.139755298449554,-0.09622031521632093,-0.4590223660382135,-0.087,1.0519937970184032,-6.649834223467734,56.644321638828615,-0.2195104785839636,0.01934158521960508,0.07742214132876907,0.049525027931352585,-4459.149409254785,-3487.0152309645614,1986.8520094756823,0.4444444444444444,0.0,0.15,0.7554510263502943,0.6837763103360783,1.0,-0.04732375205354224,0.0022459639716853872
0.3333333333333333,20.15025888179107,0.43185064067804513,20.15488595797689,-0.10390969645032065,-0.462649144223121,-0.087,1.045959464313671,-6.814481931498792,56.97905791559551,-0.24647145618950772,0.021428237902916192,0.07930842971542768,0.05186233917479286,-4520.838160718988,-3626.387718586343,1985.433549305087,0.4444444444444444,0.0,0.15,0.7657386848946596,0.7045411588026945,1.0,-0.04849547258810055,0.0022330809167791666
0.35,20.16408857173664,0.4727152229172281,20.16962884167227,-0.11165023233756304,-0.4654008924797207,-0.087,1.0400820965243216,-6.96672814997113,57.313882766955764,-0.2753555729940254,0.023439127898000418,0.08117617779720572,0.05406424623897465,-4580.588754501705,-3752.067528158327,1984.0608909158552,0.4444444444444444,0.0,0.15,0.7756976444945537,0.7234426434506378,1.0,-0.049578937536542106,0.0022205329755834715
0.36666666666666664,20.177494658387303,0.5120364105582464,20.18399048689296,-0.11942867466647765,-0.467403378215839,-0.087,1.034405349016811,-7.10710823727885,57.64877505145887,-0.30620448437494496,0.025371164718288704,0.08301367835464593,0.056136177897463856,-4637.892635610304,-3865.326095237011,1982.7322034025442,0.4444444444444444,0.0,0.15,0.7852434888114126,0.7406101403536453,1.0,-0.05057795679352755,0.0022084133505302066
0.3833333333333333,20.190496114837032,0.54977400938533,20.197979721364334,-0.1272336771400717,-0.4687640472379922,-0.087,1.0289572014578048,-7.236280485738983,57.98371336444995,-0.33905641306014783,0.0272226196104422,0.08481188838380728,0.058083714408642025,-4692.430153679546,-3967.3774171274367,1981.44548660753,0.4444444444444444,0.0,0.15,0.7943234310711282,0.7561814720921008,1.0,-0.051497215116803184,0.00219678177706976
0.4,20.203112962383635,0.5859086013266414,20.211607117197342,-0.1350555163638644,-0.4695745338333327,-0.087,1.023753632084754,-7.35496448320428,58.31867611609463,-0.37394633625328294,0.028992780729983684,0.08656389841528567,0.059912397513792494,-4744.02530249093,-4059.3503223901935,1980.198638573893,0.4444444444444444,0.0,0.15,0.8029086937626391,0.7702941158856932,1.0,-0.052341833475701476,0.0021856723680892497
0.4166666666666667,20.215365777674688,0.6204362706901434,20.22488454086126,-0.142885852688138,-0.4699129703366049,-0.087,1.018801654274429,-7.4638983455029315,58.65364159748553,-0.410906187806311,0.03068168933521573,0.08826449949098823,0.06162761314757882,-4792.608558723674,-4142.275790218158,1978.9895070636335,0.4444444444444444,0.0,0.15,0.8109882623033036,0.7830799034886268,1.0,-0.05311706469446827,0.0021751000968628434
0.43333333333333335,20.22727531969766,0.6533645893601286,20.23782478789358,-0.15071752692082271,-0.46984604121356865,-0.087,1.014101749047601,-7.5638101648778715,58.98858803649455,-0.449965064332433,0.03228993962472988,0.08990983384066799,0.06323452420076568,-4838.187272942343,-4217.08395942041,1977.8159282847828,0.4444444444444444,0.0,0.15,0.8185639161868308,0.7946620959286593,1.0,-0.053828090264193273,0.0021650659903503246
0.45,20.238862251315126,0.6847095803666351,20.250441289936234,-0.15854438847601984,-0.4694307686455102,-0.087,1.0096497670169307,-7.655399848297728,59.32349364489761,-0.49114942787986754,0.03381852791344405,0.09149711542271081,0.06473803697387477,-4880.822634193844,-4284.607020537585,1976.6757555481595,0.4444444444444444,0.0,0.15,0.8256463695617791,0.8051540182134413,1.0,-0.05447989109458502,0.0021555611897784814
0.4666666666666667,20.250146934358565,0.7144934344269444,20.26274788203591,-0.1663611505761263,-0.46871604068826234,-0.087,1.0054383863551069,-7.739328354637146,59.6583366581238,-0.5344833005006697,0.0352687396881101,0.09302440769340711,0.0661427897641028,-4920.612102863233,-4345.585401523747,1975.56688011326,0.4444444444444444,0.0,0.15,0.8322523328990243,0.814658681779401,1.0,-0.055077170920029984,0.002146570063343785
0.48333333333333334,20.261149281333992,0.7427428018768654,20.274758619284245,-0.17416326844980945,-0.4677439053259755,-0.087,1.001458211492593,-7.8162120734324025,59.99309536879776,-0.5799884479752414,0.03664206553665078,0.09449044762634647,0.0674531555643305,-4957.676248670699,-4400.675552615386,1974.4872460473941,0.4444444444444444,0.0,0.15,0.8384023153690381,0.8232690048366998,1.0,-0.0556243162958321,0.002138072551887396
0.5,20.271888650314732,0.7694875219821248,20.286487633329862,-0.18194683691465194,-0.4665506585945459,-0.087,0.9976985881299163,-7.886620686115081,60.32774815507033,-0.6276845512881328,0.037940138968414173,0.0958945067519155,0.06867325339222459,-4992.1490536794545,-4450.4582654748965,1973.4348605411117,0.4444444444444444,0.0,0.15,0.8441190088857927,0.8310683719260298,1.0,-0.056125381377615656,0.0021300459089132542
0.5166666666666666,20.28238377253389,0.7947596833980718,20.297949020792743,-0.18970850421252788,-0.46516775548293976,-0.087,0.9941481983821043,-7.951077315925086,60.662273504575204,-0.6775893653523323,0.03916469076188115,0.09723628162959008,0.06980696455715063,-5024.170890900412,-4495.446888859774,1972.4078008048227,0.4444444444444444,0.0,0.15,0.8494261205798641,0.838131365385715,1.0,-0.056584088988185975,0.0021224659711972455
0.5333333333333333,20.292652704568315,0.8185929345471084,20.309156757007766,-0.19744539942773112,-0.4636225705383703,-0.087,0.9907954880051335,-8.010060123134812,60.99665003471174,-0.7297188650697913,0.040317515747237145,0.09851580761320948,0.07085795141629797,-5053.88353836536,-4536.095084155489,1971.4042184137716,0.4444444444444444,0.0,0.15,0.8543475458717477,0.8445245635517027,1.0,-0.0570038419699918,0.0021153080708982953
0.55,20.30271279889434,0.8410219820759447,20.320124629753703,-0.20515507123775012,-0.4619390322490332,-0.087,0.9876289669255522,-8.064004759992828,61.33085650983673,-0.7840873791871726,0.0414004489147972,0.0997333909948466,0.0718296770257676,-5081.426722325393,-4572.803943637205,1970.4223417641713,0.4444444444444444,0.0,0.15,0.8589067970015415,0.850307341887569,1.0,-0.05738774065580834,0.0021085476771768885
0.5666666666666667,20.31258068807328,0.862082230449905,20.330866188668523,-0.21283543611470815,-0.4601381520892681,-0.087,0.9846374151779071,-8.113307286006306,61.6648718558484,-0.8407077126250246,0.04241534849419622,0.10088955562314748,0.07272542467335424,-5106.935796340125,-4605.928405283967,1969.4604771436843,0.4444444444444444,0.0,0.15,0.8631266209978454,0.8555326402805816,1.0,-0.05773860361543538,0.0021021608358631027
0.5833333333333334,20.322272278969606,0.8818095271053298,20.341394706918948,-0.22048473441079736,-0.45823846599035445,-0.087,0.9818100189071053,-8.158327276716976,61.99867517256324,-0.8995912580743011,0.043364084223334355,0.10198500090992071,0.07354831667095446,-5130.540255111071,-4635.782963760106,1968.5170087960455,0.4444444444444444,0.0,0.15,0.8670287566065435,0.8602476770693527,1.0,-0.058058989779398065,0.002096124459816118
0.6,20.331802754285064,0.900239986212066,20.351723152399867,-0.2281014930269359,-0.4562564031461245,-0.087,0.9791364551694111,-8.199390952243437,62.33224574421672,-0.960748097700813,0.044248529461279204,0.1030205687926887,0.07430133204511304,-5152.362854963861,-4662.646713890129,1967.590398265001,0.4444444444444444,0.0,0.15,0.8706337920028264,0.8644946012272866,1.0,-0.058351220703315436,0.002090416509970896
0.6166666666666667,20.34118657936555,0.9174098706347903,20.361864166310987,-0.23568449358578925,-0.45420659455668577,-0.087,0.9766069396428554,-8.236794216486441,62.6655630483623,-1.024187095800028,0.045070556128339614,0.1039972177392593,0.07498732293552855,-5172.519169765762,-4686.767781382259,1966.6791832306262,0.4444444444444444,0.0,0.15,0.8739610946733556,0.8683110807332454,1.0,-0.05861740219649948,0.0020850160971979644
0.6333333333333333,20.35043751275098,0.9333555166245836,20.371830047415862,-0.2432327452142167,-0.4521021315692234,-0.087,0.9742122477990383,-8.270805542172305,62.99860676339522,-1.089915983218383,0.04583203170485327,0.10491600228887768,0.07560902962201449,-5191.117454753822,-4708.367202805547,1965.7819759962713,0.4444444444444444,0.0,0.15,0.8770287921895668,0.8717308290131854,1.0,-0.05885944485345624,0.002079903527504354
0.65,20.359568619328403,0.9481132895067469,20.38163274065356,-0.2507454611919764,-0.44995478287086993,-0.087,0.971943717376727,-8.301668666808146,63.33135677488865,-1.1579414343144296,0.04653481770751627,0.10577805694525828,0.0761690941701738,-5208.258723959869,-4727.642317486743,1964.897461742975,0.4444444444444444,0.0,0.15,0.879853788160138,0.8747840734304823,1.0,-0.059079083239735056,0.002075060307314631
0.6666666666666666,20.36859228524465,0.9617195614523264,20.391283829063042,-0.25822203884843886,-0.4477751768882158,-0.087,0.9697932379474099,-8.329605084447591,63.663793180897024,-1.2282691371814438,0.04718076920331278,0.1065845834880889,0.07667007272839624,-5224.036971963685,-4744.769730980059,1964.024396636866,0.4444444444444444,0.0,0.15,0.8824518018429404,0.8774979707944851,1.0,-0.05927789362465679,0.0020704691211937756
0.6833333333333333,20.377520233958396,0.9742107045532442,20.40079452821017,-0.26566204219175715,-0.44557295530965946,-0.087,0.9677532318223214,-8.354816330993273,63.99589629635459,-1.3009038577977041,0.04777173502763588,0.10733684096628418,0.07711444653295779,-5238.539489472287,-4759.90790488868,1963.161605851561,0.4444444444444444,0.0,0.15,0.8848374230337318,0.8798969751744311,1.0,-0.059457310244740054,0.002066113791084461
0.7,20.386363542980973,0.9856230940337841,20.410175682489275,-0.27306518683935216,-0.44335690242990544,-0.087,0.9658166293983508,-8.37748606877227,64.3276466566744,-1.3758494987148275,0.04830955845360481,0.10803613779019908,0.07750463169026577,-5251.847236210148,-4773.199422182248,1962.3079815498745,0.4444444444444444,0.0,0.15,0.8870241761835551,0.8820031632251802,1.0,-0.059618640138647185,0.0020619792236715694
0.7166666666666667,20.39513266098238,0.9959931176523802,20.419437762815143,-0.28043132688801015,-0.44113505418365484,-0.087,0.9639768411824884,-8.397781980845913,64.6590250206346,-1.45310915284038,0.04879607812034458,0.10868382546056052,0.07784298780991843,-5264.0352449797465,-4784.772971404928,1961.4624808559354,0.4444444444444444,0.0,0.15,0.8890245894260022,0.8838365219282306,1.0,-0.059763076628098905,0.0020580513506555215
0.7333333333333333,20.403837425034954,1.0053571882736876,20.42859086533554,-0.2877604434190758,-0.43891479005578277,-0.087,0.9622277280983758,-8.415857488027847,64.99001237262283,-1.5326851528196672,0.049233129073967374,0.10928129356639266,0.07813182556211565,-5275.173038411249,-4794.74508766352,1960.6241238389448,0.4444444444444444,0.0,0.15,0.8908502654702251,0.8854152032365327,1.0,-0.05989171153708672,0.0020543170653579707
0.75,20.412487077838662,1.0137517572945614,20.437644710884573,-0.29505263438142537,-0.43670291050078247,-0.087,0.9605635712087957,-8.431853302630302,65.32058992429661,-1.6145791164738272,0.049622543809849734,0.10982996575844596,0.07837341323001487,-5285.325045547316,-4803.221683206828,1959.7919915225004,0.4444444444444444,0.0,0.15,0.8925119522505339,0.8867557496526436,1.0,-0.06000554624915662,0.002050764158080549
0.7666666666666666,20.421090284825457,1.0212133271438177,20.44660864496919,-0.30230810563395283,-0.4345057020522414,-0.087,0.9589790416426565,-8.445898833052173,65.65073911570649,-1.698791988707299,0.049966153231298785,0.11033129646307428,0.07856998232317444,-5294.5510095199725,-4810.29939583181,1958.9652239280333,0.4444444444444444,0.0,0.15,0.8940196119052517,0.8878732943072545,1.0,-0.060105501703203786,0.0020473812519002034
0.7833333333333333,20.429655151079483,1.0277784614860825,20.455491638137744,-0.3095271629617157,-0.43232899193481594,-0.087,0.9574691712626047,-8.458113452818704,65.98044161591943,-1.7853240802575017,0.05026578745993332,0.11078676814763114,0.07872373231313345,-5302.90638055959,-4816.066779292304,1958.1430181569829,0.4444444444444444,0.0,0.15,0.8953824871512606,0.8887817386621691,1.0,-0.060192427424633,0.0020441577400457395
0.8,20.43818923803886,1.0334837920761686,20.464302286625156,-0.3167102049068876,-0.4301781936912309,-0.087,0.9560293244261164,-8.468607646821647,66.30967932317212,-1.8741751036229295,0.050523276448650074,0.1111978889849923,0.07883683454701056,-5310.4426907219995,-4820.6053563216055,1957.3246265135094,0.4444444444444444,0.0,0.15,0.8966091644750505,0.8894939105505899,1.0,-0.060267109682612376,0.0020410837256089024
0.8166666666666667,20.446699579965436,1.0383660214562227,20.473048813204972,-0.3238577162782686,-0.42805834509270596,-0.087,0.954655171061043,-8.477484046454041,66.6384343645773,-1.9653442064726838,0.050740450360101275,0.11156619079388015,0.07891143539013233,-5317.207908246254,-4823.990551772498,1956.5093546675714,0.4444444444444444,0.0,0.15,0.8977076338124582,0.8900217048934764,1.0,-0.06033027885664217,0.00203814996406176
0.8333333333333334,20.455192700183613,1.0424619208815573,20.481739068207393,-0.33097026222211856,-0.4259741394027159,-0.087,0.9533426611827723,-8.484838364193886,66.96668909540081,-2.05883000281036,0.05091913968308436,0.11189322715491784,0.07894965864435503,-5323.24677052472,-4826.292520682877,1955.6965598568377,0.4444444444444444,0.0,0.15,0.8986853445647349,0.8903762090952384,1.0,-0.06038261608754864,0.002035347808851879
0.85,20.463674627099145,1.0458083230165214,20.490380530684927,-0.33804848275319255,-0.4239299509028311,-0.087,0.9520880009145023,-8.490760237037705,67.29442609792261,-2.1546306021379813,0.05106117506683075,0.11218057162107298,0.0789536072850534,-5328.601095400245,-4827.576883745993,1954.8856491250299,0.4444444444444444,0.0,0.15,0.8995492579183209,0.8905678148242666,1.0,-0.060424759279805146,0.0020326691602065867
0.8666666666666667,20.472150910015397,1.0484421090695488,20.498980309725518,-0.345093087658603,-0.4219298554588041,-0.087,0.9508876300271503,-8.495333987064743,67.62162817989098,-2.2527436368409397,0.05116838685940239,0.11242981595637296,0.07892536455679286,-5333.310070992137,-4827.905380658513,1954.0760775937676,0.4444444444444444,0.0,0.15,0.9003058955147422,0.8906063176217279,1.0,-0.06045730851411096,0.002030106417181586
0.8833333333333333,20.480626634768004,1.0504001901447075,20.50754514592677,-0.3521048516989769,-0.419977646799546,-0.087,0.9497382009856455,-8.49863930635466,67.94827837257668,-2.3531662879924182,0.05124260434166201,0.11264256834928241,0.07886699446549746,-5337.41052456097,-4827.336450098213,1953.2673467647512,0.4444444444444444,0.0,0.15,0.9009613845665694,0.8905010055531852,1.0,-0.06048083092162929,0.002027652432925647
0.9,20.489106439200675,1.0517194826817078,20.51608141305612,-0.3590846100416756,-0.4180768490966413,-0.087,0.9486365594694895,-8.500751872504177,68.27435992843105,-2.455895309755249,0.051285654652872444,0.11282045155754986,0.0787805417034716,-5340.937171101924,-4825.925743612069,1952.4590028490484,0.4444444444444444,0.0,0.15,0.9015214995437265,0.8902607379192434,1.0,-0.060495865064330724,0.0020253004730927926
0.9166666666666666,20.497594528504855,1.052436877941978,20.524595119929756,-0.36603325386991103,-0.4162307263638305,-0.087,0.9475797263245724,-8.501743900101776,68.59985631835079,-2.5609270525403414,0.051299361408128234,0.11296510095014337,0.07866803104289655,-5343.922842444878,-4823.726579445814,1951.650635120376,0.4444444444444444,0.0,0.15,0.9019917005678212,0.8898940148711072,1.0,-0.06050292485957996,0.0020230441773101617
0.9333333333333333,20.506094690444986,1.0525892055783714,20.533091912549267,-0.3729517261196611,-0.41444228914131753,-0.087,0.946564880897811,-8.501684632729615,68.92475122855056,-2.668257485063484,0.05128554301168668,0.11307816241948782,0.07853146623335365,-5346.398697664929,-4820.790341292814,1950.841874289446,0.4444444444444444,0.0,0.15,0.9023771686552244,0.8894090386322874,1.0,-0.060502503081482834,0.002020877523598138
0.95,20.51461031048918,1.052213191402677,20.541577076538957,-0.37984101730357234,-0.4127142988862073,-0.087,0.9455893457045634,-8.50064077937179,69.24902855704481,-2.7778822154262865,0.051246010673962665,0.11316129014388347,0.07837282843946132,-5348.394415590311,-4817.166826063039,1950.0323908967441,0.4444444444444444,0.0,0.15,0.9026828379458445,0.8888137669067377,1.0,-0.060495074466599234,0.0020187947956359057
0.9666666666666667,20.52314438686268,1.0513454095398744,20.550055539929172,-0.3867021613876846,-0.4110492704556061,-0.087,0.9446505723796501,-8.498676898517113,69.57267240973917,-2.8897965113320727,0.051182566143551024,0.11321614418595903,0.07819407425577343,-5349.938370151685,-4812.904544054553,1949.2218937214348,0.4444444444444444,0.0,0.15,0.9029134250465064,0.8881159589545664,1.0,-0.060481098447422464,0.002016790552767449
0.9833333333333333,20.531699545538554,1.050022229231854,20.55853187633176,-0.3935362316929572,-0.4094494730410006,-0.087,0.9437461288651117,-8.495855732753746,69.89566709613307,-3.0039953195335807,0.05109699916918413,0.11324438791846188,0.07799713333758503,-5351.057789259494,-4808.0509743358625,1948.4101282044498,0.4444444444444444,0.0,0.15,0.9030734556075627,0.8873232147376082,1.0,-0.060461021533532444,0.002014859602647938
1.0,20.540278055176977,1.0482797566264284,20.5670103085533,-0.40034433679931,-0.4079169298898054,-0.087,0.9428736877909041,-8.49223849625861,70.21799712463562,-3.120473284596189,0.050991084710032934,0.11324768527374299,0.07778390568812656,-5351.778897833259,-4802.6527777049205,1947.596874884201,0.4444444444444444,0.0,0.15,0.9031672882402698,0.8864430074770488,1.0,-0.06043527935752289,0.002012996976436983
1.0166666666666666,20.548881842021206,1.046153771959677,20.575494712690002,-0.40712761643528933,-0.406453417130974,-0.087,0.942031016007931,-8.48788511728537,70.53964719749844,-3.2392247670480034,0.050866579916205086,0.11322769781804166,0.07755625864469515,-5352.127045545553,-4796.755969268695,1946.7819478437405,0.4444444444444444,0.0,0.15,0.9031991358717165,0.885482709922639,1.0,-0.06040429840067472,0.0020111979064520863
1.0333333333333332,20.557512504755067,1.0436796626104492,20.58398862274529,-0.4138872373415769,-0.4050604620050325,-0.087,0.9412159652357586,-8.482854437546358,70.8606022053706,-3.360243860976457,0.05072522090465635,0.11318608165617394,0.07731602360845394,-5352.126819788598,-4790.406052475245,1945.9651931685717,0.4444444444444444,0.0,0.15,0.9031730846245161,0.8844496146064327,1.0,-0.06036849741186366,0.0020094578062018927
1.05,20.566171329323552,1.0408923525742944,20.592495235807093,-0.4206243891014025,-0.4037393407837015,-0.087,0.940426463789737,-8.477204370261823,71.18084722148328,-3.48352441111998,0.05056871935896487,0.11312448417650638,0.07706499256481021,-5351.802144327211,-4783.648116318232,1945.1464874146857,0.4444444444444444,0.0,0.15,0.9030931103006805,0.8833509483420474,1.0,-0.060328288532322645,0.0020077722527239313
1.0666666666666667,20.57485930371507,1.037826228969023,20.601017417817175,-0.4273402799355252,-0.40249107664945677,-0.087,0.9396605093538539,-8.470992018608547,71.50036749547397,-3.6090600294928517,0.050398758984465095,0.1130445406501634,0.07680491444333762,-5351.176364070481,-4776.526897411203,1944.3257360867394,0.4444444444444444,0.0,0.15,0.902963092543547,0.8821938812316601,1.0,-0.06028407813858507,0.0020061369711549507
1.0833333333333333,20.583577132700867,1.0345150662442106,20.609557709959045,-0.43403613246379213,-0.40131643779011955,-0.087,0.9389161627662979,-8.46427375633217,71.81914844686291,-3.7368441115714734,0.05021699185303404,0.11294787070225865,0.07653749136801768,-5350.272316378187,-4769.086808685005,1943.5028721266256,0.4444444444444444,0.0,0.15,0.9027868267485907,0.8809855304557156,1.0,-0.06023626741616498,0.00200454782146335
1.1,20.592325252524557,1.0309919488207497,20.618118335684606,-0.4407131794393665,-0.4002159359471902,-0.087,0.9381915427843732,-8.457105272384949,72.1371756581974,-3.8668698520610327,0.050025034674294665,0.1128360746765324,0.07626437485001865,-5349.112389317376,-4761.371936584258,1942.6778544129704,0.4444444444444444,0.0,0.15,0.9025680337936044,0.8797329591427989,1.0,-0.060185252677222925,0.002003000787272484
1.1166666666666667,20.60110384553207,1.027289192932552,20.62670120839278,-0.44737265946551247,-0.39918982563860533,-0.087,0.9374848217940486,-8.449541581603825,72.45443486788294,-3.9991302602529153,0.04982446503207846,0.11271072991808079,0.07598716197620292,-5347.718567300015,-4753.426008815668,1941.8506662723848,0.4444444444444444,0.0,0.15,0.9023103676610973,0.8784431706473842,1.0,-0.06013142543655693,0.0020014919667007266
1.1333333333333333,20.609912854730215,1.0234382684791723,20.6353079397658,-0.4540158127082933,-0.39823810425654005,-0.087,0.9367942224270174,-8.441637003641159,72.77091196272336,-4.1336181749752505,0.04961681762659794,0.11257338700183009,0.07570739164694995,-5346.112464563745,-4745.292334917979,1941.0213140035055,0.4444444444444444,0.0,0.15,0.9020174210307542,0.8771230985990772,1.0,-0.060075172261662285,0.0020000175651390282
1.15,20.61875199825997,1.0194697217241242,20.643939848760986,-0.4606438766216553,-0.3973605132185544,-0.087,0.9361180150448758,-8.43344511259029,73.08659297019568,-4.270326279131728,0.04940358056385665,0.11242556593698902,0.07542654091662121,-5344.315347003581,-4737.013722166485,1940.1898254151015,0.4444444444444444,0.0,0.15,0.9016927289272769,0.8757795931262538,1.0,-0.06001687441424034,0.0019985738898797424
1.1666666666666667,20.627620783769014,1.015413099687712,20.652597971247996,-0.46725808170408734,-0.3965565403257355,-0.087,0.935454516045866,-8.42501865999722,73.4014640504885,-4.409247113817346,0.049186191734309354,0.11226875237985127,0.07514602148900822,-5342.348142920977,-4728.632369579156,1939.3562483796727,0.4444444444444444,0.0,0.15,0.9013397705185593,0.8744194036973719,1.0,-0.05995690730230872,0.0019971573465015885
1.1833333333333333,20.636518522666385,1.0112968770843396,20.66128307027309,-0.4738596473083295,-0.39582542345458693,-0.087,0.9348020869448668,-8.416409474204093,73.71551148833643,-4.550373091994062,0.04896603532263471,0.11210439388896565,0.07486717641834795,-5340.231443326085,-4720.189743041425,1938.5206494041356,0.4444444444444444,0.0,0.15,0.9009619691706036,0.8730491590623077,1.0,-0.05989563976387611,0.0019957644369054707
1.2,20.645444344241053,1.0071483866417594,20.66999564692431,-0.4804497775274174,-0.39516615568050534,-0.087,0.9341591341720172,-8.407668339216228,74.02872168468595,-4.693696511704513,0.04874443848966412,0.11193389625779523,0.07459127706394221,-5337.98549250644,-4711.726434797607,1937.6831122193041,0.4444444444444444,0.0,0.15,0.9005626908783885,0.8716753448115525,1.0,-0.05983343320489568,0.001994391758884547
1.2166666666666666,20.654397209625117,1.0029937536131956,20.678735951763514,-0.48702965718166386,-0.3945774919001117,-0.087,0.9335241095298032,-8.398844856508218,74.34108114823114,-4.839209568798065,0.048522668266009615,0.1117586199605108,0.07431952034308031,-5335.6301696574665,-4703.282010754902,1936.8437363899675,0.4444444444444444,0.0,0.15,0.9001452412055305,0.870304279100894,1.0,-0.05977064061580391,0.00199303600710009
1.2333333333333334,20.66337592558151,0.9988578352527334,20.68750399678384,-0.4936004479319709,-0.3940579569879768,-0.087,0.9328955112428476,-8.389987293373311,74.65257648686026,-4.986904369140478,0.048301928694753866,0.11157987674647607,0.0740530263228676,-5333.184962454004,-4694.894849197795,1936.002635947448,0.4444444444444444,0.0,0.15,0.8997128608794757,0.8689420871112851,1.0,-0.05970760549229427,0.001991693975322748
1.25,20.672379158095406,0.9947641659701678,20.696299567844385,-0.5001632845451206,-0.3936058554909668,-0.087,0.932271885529216,-8.381142421562346,74.96319439905643,-5.136772940276461,0.0480833582577295,0.11139892641826891,0.07379283618676365,-5330.668933523492,-4686.601974605822,1935.1599380465684,0.4444444444444444,0.0,0.15,0.8992687202025015,0.8675946748264253,1.0,-0.05964466068698615,0.001990362559787217
1.2666666666666666,20.681405445748158,0.9907349088144399,20.705122237527725,-0.5067192713364117,-0.39321928283121405,-0.087,0.9316518286170944,-8.372355350043584,75.27292166529773,-5.288807242513363,0.047868027616463894,0.111216973826738,0.07353991060620808,-5328.100680857149,-4678.438890297063,1934.3157816489975,0.4444444444444444,0.0,0.15,0.8988159124513792,0.8662677027128451,1.0,-0.05958212721925501,0.0019890387634977644
1.2833333333333332,20.690453212852002,0.9867908138560009,20.713971378360267,-0.5132694788141973,-0.392896137957286,-0.087,0.931033989126401,-8.363669355735578,75.5817451395026,-5.442999179394188,0.04765693769486051,0.11103516611463408,0.07329512854176601,-5325.49829326154,-4670.439413577648,1933.4703162349601,0.4444444444444444,0.0,0.15,0.8983574464495447,0.8649665598781873,1.0,-0.059520313070637605,0.001987719701312878
1.3,20.699520782323766,0.9829511839494474,20.722846176331114,-0.5198149405495545,-0.392634137353214,-0.087,0.9304170707315066,-8.35512571601637,75.88965174056824,-5.599340607528966,0.04745101812620425,0.11085459023780751,0.07305928649187492,-5322.87930200625,-4662.635516960766,1932.6237005453072,0.4444444444444444,0.0,0.15,0.8978962385044909,0.8636963392625789,1.0,-0.059459511992878446,0.0019864026056300617
1.3166666666666667,20.708606388275562,0.9792338482603862,20.731745644641368,-0.5263566502925242,-0.392430830287359,-0.087,0.9297998350189557,-8.346763546690953,76.19662844404911,-5.7578233457553205,0.04725112608220878,0.11067627078987263,0.07283309820065711,-5320.2606298605515,-4655.057178827267,1931.7761013559234,0.4444444444444444,0.0,0.15,0.8974351039092816,0.8624618143856123,1.0,-0.059400002354820215,0.0019850848324869537
1.3333333333333333,20.71770818830033,0.9756551438367637,20.740668637612956,-0.5328955593541275,-0.39228361515828974,-0.087,0.929181104453098,-8.338619648905807,76.50266227402263,-5.918439183601664,0.04705804549667099,0.11050116815266872,0.07261719482952092,-5317.658538730836,-4647.732246637159,1930.9276922864537,0.4444444444444444,0.0,0.15,0.8969767482102327,0.8612674181281091,1.0,-0.05934204605296632,0.001983763867892832
1.35,20.726824275430314,0.9722299053971003,20.749613864684708,-0.539432574270755,-0.3921897567735202,-0.087,0.9285597653629172,-8.33072836823767,76.80774029518804,-6.081179889029832,0.046872486690971896,0.11033017699086593,0.07241212559055538,-5315.0885771089725,-4640.686315473069,1930.0786526452841,0.4444444444444444,0.0,0.15,0.8965237584425292,0.8601172239746177,1.0,-0.059285887508681724,0.00198243733420537
1.3666666666666667,20.735952689746703,0.9689714633985436,20.758579904422515,-0.5459685547646084,-0.39214640437957,-0.087,0.9279347708652506,-8.323121468858792,77.11184960524297,-6.246037215438049,0.04669508640328114,0.11016412510476106,0.07221835883317818,-5312.56552851864,-4633.942624311943,1929.229166312676,0.4444444444444444,0.0,0.15,0.8960785945316967,0.8590149300808976,1.0,-0.05923175277268608,0.0019811029963715926
1.3833333333333333,20.745091429618817,0.9658916503387703,20.767565218470804,-0.552504312010702,-0.3921506102487451,-0.087,0.9273051436429867,-8.315828025301576,77.41497732758009,-6.413002907909723,0.04652640821799948,0.11000377265077552,0.07203628356926171,-5310.103362101533,-4627.521971990592,1928.3794206639159,0.4444444444444444,0.0,0.15,0.8956435810513184,0.8579638464622854,1.0,-0.0591798487547934,0.001979758767859215
1.4,20.754238462551864,0.9630008151398686,20.776568165373877,-0.5590406072175962,-0.39219934861950234,-0.087,0.9266699785017259,-8.308874333921745,77.71711060434346,-6.582068708698656,0.04636694338682211,0.10984981173450326,0.07186621141617076,-5307.715186418658,-4621.442654366926,1927.5296055342696,0.4444444444444444,0.0,0.15,0.8952208995162666,0.8569668855257775,1.0,-0.05913036259383699,0.0019784027161150073
1.4166666666666667,20.763391735622687,0.9603078453615789,20.785587014197784,-0.5655781505255976,-0.392289534783349,-0.087,0.926028444634691,-8.302283845702393,78.01823658988101,-6.753226361946693,0.046217112027931925,0.10970286637646579,0.0717083789319079,-5305.413207454802,-4615.72042369538,1926.6799122274492,0.4444444444444444,0.0,0.15,0.8948125813761981,0.8560265560930828,1.0,-0.05908346117946733,0.0019770330674002906
1.4333333333333333,20.7725491854838,0.9578201968976948,20.794619957886436,-0.5721176002227205,-0.39241804411187786,-0.087,0.9253797875332742,-8.296077121564736,78.3183424446264,-6.9264676176354705,0.046077264685330216,0.10956349284611132,0.07156295031197736,-5303.208691708703,-4610.368470746044,1925.8305325692368,0.4444444444444444,0.0,0.15,0.8944205018564513,0.8551449609859157,1.0,-0.05903929083411968,0.0019756482108698723
1.45,20.781708747916852,0.9555439307247234,20.803665126289374,-0.5786595622752996,-0.3925817308225521,-0.087,0.9247233304892992,-8.29027181086763,78.6174153294388,-7.101784234779625,0.04594768422626565,0.10943218035514503,0.07143002041371603,-5301.111935129918,-4605.397429716499,1924.9816580077713,0.4444444444444444,0.0,0.15,0.89404637477323,0.8543237981705857,1.0,-0.058997977160005204,0.0019742467017793194
1.4666666666666666,20.790868366917795,0.9534837561975401,20.812720598802926,-0.5852045901668841,-0.39277744629091627,-0.087,0.9240584756446872,-8.284882653300194,78.9154424004257,-7.279167983874552,0.04582858805119677,0.10930935209708637,0.07130961807075382,-5299.132238529283,-4600.815405526026,1924.1334787619128,0.4444444444444444,0.0,0.15,0.8936917484275843,0.8535643653884124,1.0,-0.058959625052579914,0.0019728272637259477
1.4833333333333334,20.800026003297475,0.9516430803238234,20.82178441657149,-0.5917531850359637,-0.3930020567295902,-0.087,0.9233847045544582,-8.279921503912425,79.21241080426873,-7.4586106486173085,0.04572013058776947,0.109195366616096,0.07120170965797971,-5297.277889946373,-4596.628022655725,1923.2861830189338,0.4444444444444444,0.0,0.15,0.8933580026587769,0.8528675681334502,1.0,-0.05892431887867579,0.0019713887898508103
1.5,20.809179642782745,0.9500240623982755,20.830854594200872,-0.5983057961002445,-0.3932524600701964,-0.087,0.922701578239651,-8.275397380598465,79.50830767406812,-7.640104026924581,0.045622406037941474,0.10909051948466855,0.07110620286591099,-5295.556154308667,-4592.838494314989,1922.4399561826515,0.4444444444444444,0.0,0.15,0.8930463471128268,0.8522339307808728,1.0,-0.05889212281441693,0.0019699303429516787
1.5166666666666666,20.81832730360516,0.9486276733394071,20.83992913094134,-0.6048628213526469,-0.39352560190269414,-0.087,0.9220087367174998,-8.271316532956027,79.8031201257169,-7.823639931276507,0.04553545134565598,0.10899504526680173,0.07102295064267063,-5293.973270566909,-4589.447710382717,1921.59498017292,0.4444444444444444,0.0,0.15,0.8927578207569609,0.8516636106193171,1.0,-0.058863081335259825,0.0019684511544799882
1.5333333333333332,20.82746704356614,0.9474537590460406,20.84900602130385,-0.6114246085119865,-0.3938184903468469,-0.087,0.9213058980068167,-8.267682531101253,80.09683525481073,-8.009210188419699,0.04545924935135548,0.10890911974076649,0.07095175526183632,-5292.534456343286,-4586.454342296571,1920.7514327772226,0.4444444444444444,0.0,0.15,0.8924932926460577,0.8511564144993257,1.0,-0.05883721984804703,0.001966950622417372
1.55,20.836596966569815,0.9465011070773827,20.858083265078914,-0.6179914562094276,-0.39412820975209295,-0.087,0.9205928566167344,-8.264496372726386,80.38944013409522,-8.196806638466766,0.04539373209911671,0.10883286235364378,0.0708923724751789,-5291.243919987271,-4583.854962848626,1919.9094870548888,0.4444444444444444,0.0,0.15,0.8922534639235149,0.8507118177781912,1.0,-0.05881454545288641,0.001965428308049184
1.5666666666666667,20.845715228616914,0.945767515958972,20.86715887673342,-0.6245636153903077,-0.3944519331443227,-0.087,0.9198694815364999,-8.261756606452792,80.680921811448,-8.38642113343306,0.045338784262248764,0.10876633887836801,0.07084451571068892,-5290.104879801519,-4581.644178692518,1919.0693107942375,0.4444444444444444,0.0,0.15,0.8920388710168916,0.850328985219129,1.0,-0.05879504782099678,0.0019638839316727962
1.5833333333333333,20.854820043255852,0.945249866426196,20.87623089416681,-0.631141290909801,-0.39478693336038967,-0.087,0.9191357137527224,-8.259459469354859,80.97126730838801,-8.578045535254248,0.04529424665378477,0.10870956424312483,0.07080786027822074,-5289.119590079905,-4579.814773274583,1918.2310660227195,0.4444444444444444,0.0,0.15,0.8918498899686108,0.8500067934896076,1.0,-0.05877870017340101,0.001962317367297019
1.6,20.863909686489478,0.9449441939363906,20.885297386813615,-0.6377246433001332,-0.39513059283306673,-0.087,0.9183915633281384,-8.257599036411785,81.26046361910157,-8.771671713330479,0.04525991978936294,0.1086625055025718,0.07078204754747631,-5288.289373493992,-4578.357857866873,1917.3949085698828,0.4444444444444444,0.0,0.15,0.8916867418243791,0.8497438548993401,1.0,-0.058765460344504285,0.0019607286364053855
1.6166666666666667,20.872982501138893,0.9448457618086009,20.894356463084907,-0.6443137906866608,-0.3954804120101262,-0.087,0.9176371060824722,-8.256167379581937,81.54849770997008,-8.96729154164456,0.045235567471473864,0.10862508492045875,0.07076668906581722,-5287.61465927472,-4577.263028399059,1916.5609876827402,0.4444444444444444,0.0,0.15,0.8915494989870544,0.8495385420222551,1.0,-0.05875527191415179,0.001959117900869923
1.6333333333333333,20.88203690066832,0.9449491343856136,20.903406277146544,-0.6509088108300569,-0.39583401641086335,-0.087,0.9168724799212473,-8.255154734185147,81.83535651958152,-9.164896895502515,0.04522092036588594,0.10859718313377988,0.07076137058644277,-5287.095026563889,-4576.518525853409,1915.729445692868,0.4444444444444444,0.0,0.15,0.8914380924316607,0.8493890128577736,1.0,-0.05874806539169342,0.0019574854551133165
1.65,20.89107137247784,0.9452482496545486,20.912445035036868,-0.6575097432720963,-0.3961891623413725,-0.087,0.9160978808623789,-8.254549670317324,82.12102695920485,-9.364479647945306,0.04521567954318141,0.10857864236954928,0.0707656559807175,-5286.72925225578,-4576.111398096026,1914.9004177343231,0.4444444444444444,0.0,0.15,0.8913523196682205,0.8492932362039942,1.0,-0.058743759435861256,0.001955831717625842
1.6666666666666667,20.9000844806734,0.9457364908087601,20.921471000131238,-0.6641165915630557,-0.39654374130597203,-0.087,0.9153135588130552,-8.25433926710343,82.40549591370356,-9.566031665880296,0.04521951996067728,0.1085692696866017,0.07077909101178663,-5286.515362612787,-4576.0276611610525,1914.0740315112141,0.4444444444444444,0.0,0.15,0.8912918533330013,0.8492490169377964,1.0,-0.058742262094846294,0.001954157221949183
1.6833333333333333,20.90907486832622,0.9464067562837228,20.930482497964793,-0.6707293255495153,-0.39689578316619195,-0.087,0.9145198131508585,-8.2545092877133,82.6887502428631,-9.769544805980374,0.045232093862501904,0.10856884021642871,0.07080120695001026,-5286.450687919869,-4576.2524581754315,1913.2504071135431,0.4444444444444444,0.0,0.15,0.8912562502856113,0.8492540209233314,1.0,-0.05874347205180388,0.0019524626072423017
1.7,20.918041259236027,0.9472515278517184,20.939477920428633,-0.6773478837023342,-0.39724345811058664,-0.087,0.9137169881632892,-8.255044353213023,82.9707767831044,-9.975010910397442,0.04525303407818883,0.10857710037890894,0.07083152401410378,-5286.531919439763,-4576.770214302861,1912.429656879712,0.4444444444444444,0.0,0.15,0.8912449610889088,0.8493057992997972,1.0,-0.05874727986207258,0.001950748608545009
1.7166666666666666,20.926982459215097,0.948262936413307,20.94845572935799,-0.6839721754657286,-0.397585077508289,-0.087,0.9129054683989974,-8.255928113496088,83.25156234955507,-10.182421802335403,0.04528195720277751,0.1085937710508248,0.07086955462513411,-5286.755167942924,-4577.564786289632,1911.6118853038795,0.4444444444444444,0.0,0.15,0.8912573397507239,0.8494018119307051,1.0,-0.05875356916961094,0.0019490160468530336
1.7333333333333334,20.935897356911887,0.9494328251767096,20.957414459533723,-0.6906020836096756,-0.3979190937267178,-0.087,0.9120856739821805,-8.257143413726999,83.53109373844835,-10.391769281525763,0.04531846664402468,0.10861855066722194,0.0709148064636397,-5287.116023111494,-4578.619605405842,1910.797188986187,0.4444444444444444,0.0,0.15,0.8912926536106143,0.8495394498291279,1.0,-0.05876221789149866,0.0019472658191144502
1.75,20.944784924195304,0.9507528099684021,20.96635272112109,-0.6972374665692699,-0.3982440989992672,-0.087,0.9112580559389025,-8.258672454928696,83.80935772981951,-10.603045119646758,0.04536215552488494,0.10865111823791007,0.07096678532307331,-5287.609613153148,-4579.917812786889,1909.9856566236924,0.4444444444444444,0.0,0.15,0.8913500932609987,0.8497160564057288,1.0,-0.05877309936076197,0.0019454988882515612
1.7666666666666666,20.953644216121994,0.9522143364686289,20.975269201571624,-0.7038781607561239,-0.39855882343227744,-0.087,0.9104230915807063,-8.2604969475489,84.08634109046925,-10.816241055724287,0.04541260943187785,0.10869113626367788,0.07102499775548042,-5288.2306640067045,-4581.442386387506,1909.1773690397329,0.4444444444444444,0.0,0.15,0.8914287823996927,0.8499289474180378,1.0,-0.05878608341923328,0.0019437162733050995
1.7833333333333332,20.962474370510666,0.9538087342135112,20.984162667015774,-0.7105239828284143,-0.39886213224226724,-0.087,0.9095812799869216,-8.262598257043704,84.36203057716342,-11.031348791550267,0.045469409002288415,0.10873825353905672,0.07108895350780099,-5288.973557574628,-4583.176258959089,1908.3723992492987,0.4444444444444444,0.0,0.15,0.8915277875197695,0.8501754295297479,1.0,-0.05880103745360138,0.0019419190397891358
1.8,20.971274607148526,0.9555272672504262,20.993031963175106,-0.7171747319076953,-0.3991530223144847,-0.087,0.9087331376227159,-8.264957540715164,84.6364129400391,-11.248359987151106,0.045532132345324355,0.10879210783068101,0.07115816774940047,-5289.832388476265,-4585.102426647677,1907.5708125579363,0.4444444444444444,0.0,0.15,0.8916461273524592,0.8504528174172873,1.0,-0.058817827369220345,0.0019401082903357976
1.8166666666666667,20.98004422665583,0.9573611813749664,21.001876015823882,-0.7238301917321025,-0.39943061817249886,-0.087,0.9078791941252986,-8.26755587522965,84.90947492618702,-11.46726625633607,0.04560035729435959,0.10885232842242545,0.07123216309339593,-5290.801018877685,-4587.204047981845,1906.7726666916076,0.4444444444444444,0.0,0.15,0.891782781989161,0.8507584493871851,1.0,-0.05883631849759791,0.001938285155698987
1.8333333333333333,20.988782609035123,0.9593017479157773,21.010693830830277,-0.7304901327370461,-0.3996941674460201,-0.087,0.907019988285925,-8.270374374422069,85.18120328338215,-11.688059162352216,0.04567366348921484,0.10891853852052462,0.07131047141603995,-5291.8731310178155,-4589.464533174993,1905.978011954914,0.4444444444444444,0.0,0.15,0.8919367016192797,0.85108970149149,1.0,-0.05885637643475287,0.0019364507861761209
1.8499999999999999,20.997489211932187,0.9613403040677523,21.01948449380797,-0.7371543140559067,-0.39994303592059577,-0.087,0.9061560642505452,-8.273394297155573,85.45158476393415,-11.9107302136697,0.045751634289058,0.10899035751377768,0.07139263547986674,-5293.042277114415,-4591.8676238041635,1905.1868914150625,0.4444444444444444,0.0,0.15,0.8921068148312548,0.8514440001495791,1.0,-0.058877867808801984,0.001934606343496672
1.8666666666666667,21.006163568635802,0.9634682898043618,21.028247169408594,-0.7438224854345953,-0.4001767022484921,-0.087,0.9052879679572468,-8.276597145155538,85.72060612863142,-12.135270859918133,0.04583385851794589,0.10906740308569503,0.07147821036750131,-5294.301926396032,-4594.3974630467965,1904.3993411089568,0.4444444444444444,0.0,0.15,0.8922920364345879,0.8518188333030048,1.0,-0.05890066097619865,0.0019327529932162543
1.8833333333333333,21.014805285843345,0.9656772814263437,21.036981100285573,-0.7504943890551132,-0.4003947523951146,-0.087,0.9044162438241048,-8.279964750869135,85.98825415075339,-12.361672487991882,0.04591993204627716,0.10914929317704446,0.07156676473399601,-5295.6455090662375,-4597.038656757977,1903.6153902708284,0.4444444444444444,0.0,0.15,0.8924912747706982,0.8522117601455946,1.0,-0.058924626646988144,0.0019308918976453158
1.9,21.023414041218924,0.967959021826665,21.04568560575912,-0.7571697612644308,-0.4005968738899253,-0.087,0.9035414316967705,-8.283479355517517,86.25451562012725,-12.589926418339337,0.046009459212490104,0.1092356477986955,0.07165788188630692,-5297.066457063219,-4599.776325754056,1902.8350615778597,0.4444444444444444,0.0,0.15,0.8927034384899031,0.8526204194839017,1.0,-0.05894963844026854,0.0019290242093323666
1.9166666666666667,21.031989580770233,0.9703054475707377,21.054360080211726,-0.763848334206091,-0.40078284994513697,-0.087,0.9026640640611647,-8.287123677606438,86.5193773472066,-12.820023901448549,0.04610205409022561,0.10932609069593935,0.0717511606990737,-5298.558241530365,-4602.59614973499,1902.0583714113247,0.4444444444444444,0.0,0.15,0.8929274427805759,0.853042536793413,1.0,-0.05897557337174859,0.0019271510651131913
1.9333333333333333,21.04053171606964,0.9727087129065297,21.063003991242482,-0.7705298373529419,-0.4009525534996393,-0.087,0.9017846635229756,-8.290880972243375,86.78282616715131,-13.051956114539061,0.04619734160689596,0.10942025086658108,0.07184621637623742,-5300.114406961567,-4605.4844033284035,1901.2853301308294,0.4444444444444444,0.0,0.15,0.8931622150445444,0.8534759300438634,1.0,-0.05900231227587991,0.0019252735807296793
1.95,21.04904032134427,0.9751612108317026,21.07161687760784,-0.7772139989402966,-0.4011059412397727,-0.087,0.9009037405524636,-8.294735081675665,87.04484894388932,-13.28571415846738,0.046294958520166615,0.10951776393606319,0.07194268106824579,-5301.728602027761,-4608.427984774582,1900.5159423593516,0.4444444444444444,0.0,0.15,0.8934067000199173,0.8539185143727162,1.0,-0.05902974016551319,0.0019233928460150758
1.9666666666666666,21.05751533045865,0.9776555913544583,21.080198346975003,-0.7839005472996202,-0.4012430476427989,-0.087,0.9000217914901463,-8.29867047751596,87.30543257414264,-13.521289054851364,0.046394554259283294,0.10961827339369276,0.07204020435466957,-5303.394607129161,-4611.414437794785,1899.7502072768584,0.4444444444444444,0.0,0.15,0.8936598643588418,0.854368305689631,1.0,-0.05905774653239696,0.0019215099206361995
1.9833333333333334,21.065956733812794,0.980184777091702,21.088748073513393,-0.7905892120935474,-0.4013639790833261,-0.087,0.8991392968065127,-8.302672295159287,87.56456399140153,-13.758671743416741,0.046495791638473845,0.10972143169471592,0.07213845360200928,-5305.106358750097,-4614.431967196939,1898.988118920398,0.4444444444444444,0.0,0.15,0.893920700673092,0.8548234232967131,1.0,-0.05908622559210764,0.0019196258303780037
2.0,21.07436457517699,0.9827419763526573,21.097265795347994,-0.7972797254536513,-0.4014689080375843,-0.087,0.8982567196068225,-8.30672636092176,87.82223016983208,-13.997853079567108,0.04659834744983914,0.10982690123352318,0.0722371142063263,-5306.857970720819,-4617.469448774549,1898.2296664886917,0.4444444444444444,0.0,0.15,0.8941882310649603,0.8552820916098095,1.0,-0.059115076477183094,0.001917741563951383
2.0166666666666666,21.082738948483783,0.9853206938585273,21.10575131189745,-0.8039718230229118,-0.4015580674153753,-0.087,0.8973745043703218,-8.310819212445722,88.07841812810446,-14.23882383217706,0.04670191294323072,0.1099343551936882,0.07233588973010242,-5308.643752513219,-4620.516434047793,1897.4748346493523,0.4444444444444444,0.0,0.15,0.8944615101646624,0.855742641065257,1.0,-0.05914420338233637,0.0019158580703014505
2.033333333333333,21.091079994596008,0.9879147392494109,21.114204481118254,-0.8106652449052769,-0.4016317450447775,-0.087,0.8964930759118861,-8.314938112921144,88.33311493312992,-14.481574681606663,0.04680619420061102,0.11004347828085095,0.07243450194243592,-5310.458224715166,-4623.563150382119,1896.7236038470012,0.4444444444444444,0.0,0.15,0.8947396276984321,0.8562035082945644,1.0,-0.0591735156656628,0.0019139762563906884
2.05,21.09938789806869,0.9905182335287405,21.12262521667514,-0.8173597365250858,-0.4016902783302917,-0.087,0.8956128385530565,-8.319071059669884,88.58630770369665,-14.726096217934042,0.04691091241231573,0.11015396734466654,0.07253269077133076,-5312.296131841792,-4626.60049700003,1895.975950610675,0.4444444444444444,0.0,0.15,0.8950217106137238,0.8566632356466723,1.0,-0.05920292790973012,0.0019120969854291426
2.0666666666666664,21.107662883921144,0.9931256135932472,21.131013485056442,-0.8240550493994214,-0.4017340491010887,-0.087,0.8947341754887363,-8.323206787629317,88.83798361399538,-14.972378939401764,0.04701580406249999,0.11026553189616313,0.0726302141764468,-5314.152452651627,-4629.620037377953,1895.231847859043,0.4444444444444444,0.0,0.15,0.8953069247895391,0.857120470133929,1.0,-0.059232359946369835,0.0019102210755223476
2.0833333333333335,21.115905214434324,0.9957316349930991,21.139369302651883,-0.8307509418267018,-0.4017634786623671,-0.087,0.8938574483353661,-8.327334768255755,89.08812989702739,-15.220413251071625,0.04712062103086162,0.11037789452689914,0.07272684795025985,-5316.022408141536,-4632.613988492701,1894.4912652020878,0.4444444444444444,0.0,0.15,0.8955944763608804,0.8575739618738483,1.0,-0.05926173684887335,0.0019083492987066965
2.1,21.124115185987307,0.9983313730626137,21.147692732808952,-0.8374471794950005,-0.4017790230595465,-0.087,0.8929829968461918,-8.331445204347672,89.3367338478885,-15.470189463681619,0.04722513061750487,0.11049079123628913,0.07282238545514366,-5317.901467397343,-4635.575207352538,1893.7541692380235,0.4444444444444444,0.0,0.15,0.8958836126868197,0.858022562094303,1.0,-0.05929098889515133,0.0019064823803415516
2.1166666666666667,21.132293125945257,1.0009202225570142,21.155983882882797,-0.8441435360137168,-0.4017811685620989,-0.087,0.8921111387792608,-8.335529021264565,89.5837828269238,-15.721697792698098,0.04732911549754827,0.11060397167339292,0.07291663730344058,-5319.785351477254,-4638.497175216784,1893.0205238443477,0.4444444444444444,0.0,0.15,0.8961736229916941,0.8584652207651279,1.0,-0.05932005150524244,0.001904620998827421
2.1333333333333333,21.140439389610183,1.0034938959252286,21.164242901293232,-0.8508397933723066,-0.40177042737124935,-0.087,0.8912421699039643,-8.339577854990518,89.82926426274899,-15.974928357555564,0.04743237361179555,0.11071719929933943,0.07300943098713965,-5321.67003550302,-4641.373979876112,1892.2902904620498,0.4444444444444444,0.0,0.15,0.8964638387085724,0.8589009839143003,1.0,-0.059348865156367274,0.0019027657856199255
2.15,21.148554357244542,1.006048420342894,21.172469974601487,-0.8575357423298234,-0.4017473335535316,-0.087,0.8903763641322955,-8.343584037463202,90.07316565513527,-16.22987118107601,0.04753471799948861,0.11083025147639634,0.07310061046333689,-5323.551749129747,-4644.200296333963,1891.563428372107,0.4444444444444444,0.0,0.15,0.8967536335534538,0.8593289906820506,1.0,-0.05937737527852183,0.0019009173255100304
2.1666666666666665,21.15663843117644,1.0085801336236389,21.180665324617927,-0.864231182739042,-0.40171243920024846,-0.087,0.8895139737614495,-8.347540579559208,90.31547457775523,-16.486516189059408,0.04763597657885188,0.11094291948950519,0.0731900357012191,-5325.42697555962,-4646.9713661980695,1890.8398949635043,0.4444444444444444,0.0,0.15,0.8970424233577138,0.8597484701614648,1.0,-0.05940553213339198,0.0018990761571419865
2.183333333333333,21.16469203299427,1.0110856791204992,21.188829205551063,-0.8709259238089112,-0.4016663108112415,-0.087,0.8886552298149738,-8.351441152096887,90.55617868078862,-16.744853210036585,0.0477359918808223,0.1110550085058875,0.07327758219589091,-5327.292449257821,-4649.682976060644,1890.119645992139,0.4444444444444444,0.0,0.15,0.8973296656851436,0.8601587380694873,1.0,-0.059433290679159714,0.0018972427737416722
2.2,21.172715600837435,1.0135619997230667,21.196961901207153,-0.8776197843090476,-0.4016095258999875,-0.087,0.8878003424703087,-8.3552800651878,90.79526569338735,-17.00487197517568,0.04783462074104485,0.111166337478095,0.0733631404539608,-5329.145152521149,-4652.331435116578,1889.4026358300446,0.4444444444444444,0.0,0.15,0.8976148592586247,0.8605591932877557,1.0,-0.059460610423557006,0.0018954176240293741
2.216666666666667,21.180709586788794,1.016006331049749,21.20506372224851,-0.8843125927199147,-0.40154266981589487,-0.087,0.8869495015612507,-8.359052246238619,91.03272342599949,-17.26656211833307,0.04793173395490257,0.11127673899563381,0.07344661545541625,-5330.982311041163,-4654.913552241184,1888.6888177044748,0.4444444444444444,0.0,0.15,0.8978975432200346,0.8609493143084164,1.0,-0.05948745526731567,0.0018936011132925272
2.2333333333333334,21.18867445437364,1.0184161939284173,21.213135003518026,-0.8910041873322581,-0.4014663327787433,-0.087,0.8861028771446209,-8.362753216876719,91.26853977255332,-17.529913176239834,0.04802721590004554,0.11138605909004076,0.07352792609595253,-5332.80138859476,-4657.426612722919,1887.978143926481,0.4444444444444444,0.0,0.15,0.898177296245482,0.8613286556160489,1.0,-0.05951379333995766,0.0018917936045955283
2.25,21.196610676168966,1.0207893862527702,21.22117610143619,-0.8976944162992717,-0.4013811071194725,-0.087,0.8852606201211559,-8.366379069045642,91.50270271250237,-17.7949145888147,0.04812096413058862,0.11149415699803632,0.07360700461357618,-5334.600080985728,-4659.868354822229,1887.2705661086857,0.4444444444444444,0.0,0.15,0.8984537355364166,0.8616968440330636,1.0,-0.05953959682967765,0.0018899954201053127
2.2666666666666666,21.20451873152608,1.0231239742959908,21.229187391476376,-0.9043831376448697,-0.40128758472095893,-0.087,0.8844228629014098,-8.36992644049034,91.73520031273361,-18.061555699594564,0.04821288894686302,0.11160090488712422,0.07368379600298225,-5336.3763093515,-4662.236946305157,1886.5660353720368,0.4444444444444444,0.0,0.15,0.8987265157055979,0.862053575052446,1.0,-0.059564841808883044,0.0018882068425130287
2.283333333333333,21.212399104408824,1.0254182835577663,21.237169265723217,-0.9110702192313249,-0.40118635465199937,-0.087,0.8835897201082056,-8.373392489828033,91.96602072934074,-18.32982575627382,0.04830291294433541,0.11170618754775671,0.07375825742090326,-5338.128212940063,-4664.530961079769,1885.8645025413957,0.4444444444444444,0.0,0.15,0.8989953275753598,0.8623986091785225,1.0,-0.0595895080567849,0.0018864281165337409
2.3,21.220252281348902,1.0276708892154744,21.2451221305182,-0.9177555386894238,-0.4010780009874309,-0.087,0.8827612893079091,-8.37677487137751,92.19515220926533,-18.599713911343862,0.048390970545049664,0.11180990205593862,0.07383035758535089,-5339.854141452863,-4666.74935604472,1885.1659183298764,0.4444444444444444,0.0,0.15,0.8992598969040947,0.8627317682934916,1.0,-0.05961357888026995,0.001884659450467673
2.3166666666666664,21.228078749519195,1.0298806062453423,21.253046404196006,-0.924438983314161,-0.40096310080713643,-0.087,0.8819376517635314,-8.380071709898735,92.42258309180892,-18.87120922282439,0.048477007514701166,0.11191195740990387,0.07390007617141178,-5341.552647040748,-4668.891448242373,1884.4702335119164,0.4444444444444444,0.0,0.15,0.8995199830554116,0.8630529320648206,1.0,-0.05963704093413415,0.0018829010178080484
2.3333333333333335,21.235878994925386,1.0320464792746742,21.260942514914444,-0.9311204499288817,-0.4008422223665979,-0.087,0.8811188732033273,-8.38328157537516,92.6483018100195,-19.144300655078325,0.048560980468223665,0.11201227414426843,0.07396740320602302,-5343.22247603159,-4670.956892393778,1883.7773990851022,0.4444444444444444,0.0,0.15,0.8997753776230196,0.8633620344062366,1.0,-0.059659884041620266,0.0018811529588820177
2.35,21.24365350071553,1.0341677722217915,21.268810898580234,-0.9377998447206529,-0.40071592343164936,-0.087,0.8803050045992311,-8.386403457953481,92.87229689195568,-19.418977079702458,0.04864285636655139,0.11211078392484153,0.0740323384639335,-5344.862560460197,-4672.945658879265,1883.087366420831,0.4444444444444444,0.0,0.15,0.9000259030230588,0.8636590600029059,1.0,-0.05968210101607587,0.001879415382512588
2.3666666666666667,21.251402745606942,1.036243957776159,21.276651996872484,-0.9444770830495252,-0.40058474977013775,-0.087,0.8794960829500829,-8.389436743139536,93.09455696183291,-19.695227276486207,0.04872261200701654,0.11220742912706627,0.07409489086685732,-5346.472009463603,-4674.8580122166395,1882.400087403932,0.4444444444444444,0.0,0.15,0.9002714110643432,0.8639440409095303,1.0,-0.05970368748443412,0.0018776883676907775
2.3833333333333333,21.259127202429006,1.0382747067672757,21.284466255364958,-0.9511520892342226,-0.4004492337933019,-0.087,0.8786921320651648,-8.392381187334529,93.31507074105537,-19.97303993443116,0.048800233509653124,0.11230216240086002,0.07415507788764185,-5348.050100597795,-4676.694490078495,1881.715514561407,0.4444444444444444,0.0,0.15,0.9005117815058098,0.8642170532284316,1.0,-0.059724641713116644,0.001875971965248436
2.4,21.266827336780423,1.0402598774672527,21.29225412174811,-0.9578247963166857,-0.4003098933398277,-0.087,0.8778931633441213,-8.39523689378294,93.53382704913817,-20.25240365282439,0.048875715801501476,0.11239494622443481,0.07421292496110549,-5349.596271125375,-4678.455882881152,1881.0336011804857,0.4444444444444444,0.0,0.15,0.9007469206093818,0.8644782138732663,1.0,-0.05974496443686596,0.0018742661995233404
2.4166666666666665,21.274503605798806,1.0421995048686048,21.30001604415111,-0.9644951458077717,-0.400167230595711,-0.087,0.8770991765498111,-8.398004288991894,93.75081480452401,-20.53330694235887,0.04894906210084326,0.11248575244949877,0.07426846490304598,-5351.110109317697,-4680.14321397,1880.3543014162253,0.4444444444444444,0.0,0.15,0.9009767596954573,0.8647276774227562,1.0,-0.0597646586909333,0.0018725710700092035
2.433333333333333,21.28215645704036,1.0440937899756184,21.307752469563994,-0.9711630874163065,-0.4000217311432579,-0.087,0.8763101605711139,-8.40068409967169,93.96602302529898,-20.815738226294556,0.049020283403144876,0.11257456184007016,0.07432173733878052,-5352.591345809446,-4681.757720419357,1879.6775703889093,0.4444444444444444,0.0,0.15,0.9012012537073134,0.8649656330677751,1.0,-0.05978372964697511,0.0018708865529842359
2.45,21.289786327467002,1.045943089144697,21.31546384235939,-0.9778285787635718,-0.3998738631327622,-0.087,0.8755260941731147,-8.403277330238305,94.179440829812,-21.099685841654196,0.0490893979703445,0.11266136360697755,0.07437278814244923,-5354.03984503867,-4683.300834459453,1879.0033642715223,0.4444444444444444,0.0,0.15,0.9014203797898875,0.8651923016542162,1.0,-0.05980218445294894,0.001869212603112757
2.466666666666667,21.29739364253807,1.0477479035063457,21.323150602913326,-0.9844915850852091,-0.39972407657062076,-0.087,0.8747469467324658,-8.405785240910893,94.39105743720273,-21.38513804044803,0.04915643082498659,0.11274615493996984,0.07442166888819678,-5355.45559680072,-4684.774165538424,1878.3316403676015,0.4444444444444444,0.0,0.15,0.9016341358876456,0.8654079328233129,1.0,-0.05982003207724356,0.0018675491550151657
2.4833333333333334,21.30497881540354,1.0495088684988905,21.330813186323944,-0.9911520789224161,-0.39957280271786966,-0.087,0.8739726789560784,-8.40820932643074,94.60086216784252,-21.672082990922075,0.049221413250584975,0.11282894053922053,0.07446843631423761,-5356.838707940499,-4686.1794830234385,1877.6623571797838,0.4444444444444444,0.0,0.15,0.901842539365569,0.8656128022504612,1.0,-0.05983728315723183,0.001865896124802315
2.5,21.312542246195495,1.0512267435416391,21.33845202122696,-0.9978100398042158,-0.39942045359334466,-0.087,0.8732032435815769,-8.410551295422268,94.80884444369327,-21.960508778824885,0.04928438229948151,0.11290973214787964,0.07451315180071072,-5358.189394203762,-4687.51869954197,1876.9954744693773,0.4444444444444444,0.0,0.15,0.9020456256566897,0.8658072089830743,1.0,-0.059853949852392604,0.001864253411570955
2.5166666666666666,21.320084321414374,1.0529024018729478,21.346067528706286,-1.0044654539224844,-0.39926742157588885,-0.087,0.8724385860582429,-8.412813050411911,95.01499378858902,-22.250403408688044,0.04934538030936012,0.11298854808720345,0.07455588086213726,-5359.5079722650225,-4688.793854961745,1876.3309533073054,0.4444444444444444,0.0,0.15,0.9022434469390681,0.86599147287759,1.0,-0.05987004570211439,0.0018626208988575207
2.533333333333333,21.327605413406467,1.0545368205765746,21.353660121298095,-1.0111183138013313,-0.39911407910023616,-0.087,0.8716786452073988,-8.414996668516531,95.21929982844482,-22.541754805115986,0.04940445442947756,0.11306541279567736,0.07459669265520831,-5360.794851946693,-4690.0071010060165,1875.6687561167757,0.4444444444444444,0.0,0.15,0.9024360708446301,0.866165932135422,1.0,-0.05988558548826395,0.0018609984560480242
2.55,21.335105879928964,1.056131070817721,21.36123020208635,-1.0177686179623402,-0.398960778441405,-0.087,0.8709233538613991,-8.417104382809619,95.42175229139791,-22.834550814080956,0.0494616561575775,0.113140356373439,0.07463565950255013,-5362.050528641677,-4691.160686499304,1875.0088467080345,0.4444444444444444,0.0,0.15,0.9026235792018739,0.8663309409373908,1.0,-0.0599005851025782,0.001859385939742273
2.5666666666666664,21.342586063798755,1.0576863083083154,21.368778163887605,-1.0244163705870912,-0.3988078515826206,-0.087,0.8701726394805867,-8.419138564370614,95.62234100788567,-23.128779204219356,0.049517040888367815,0.11321341413320633,0.07467285643303848,-5363.275575949362,-4692.256943237743,1874.3511903055849,0.4444444444444444,0.0,0.15,0.9028060668140825,0.8664868671759901,1.0,-0.059915061418917746,0.0018577831950710502
2.5833333333333335,21.350046292621194,1.059203764019335,21.376304388522836,-1.0310615811783097,-0.3986556101619672,-0.087,0.8694264247477238,-8.421101705020426,95.82105591066525,-23.424427668125904,0.04957066747435702,0.11328462615882004,0.0747083607391627,-5364.470638533091,-4693.29827247736,1873.6957535682254,0.4444444444444444,0.0,0.15,0.9029836402743744,0.8666340902846802,1.0,-0.05992903217040356,0.0018561900569651973
2.6,21.357486878594916,1.0606847351563005,21.383809246173787,-1.0377042642209036,-0.39850434549313446,-0.087,0.8686846281395515,-8.422996400744212,96.0178870347792,-23.721483823642384,0.04962259779976814,0.11335403687241895,0.07474225155187307,-5365.636425205567,-4694.2871320331515,1873.0425046022976,0.4444444444444444,0.0,0.15,0.9031564168186446,0.8667729991633261,1.0,-0.059942515831444755,0.001854606351375872
2.6166666666666667,21.364908118388737,1.0621305764124902,21.391293094821155,-1.0443444388440766,-0.39835432865577836,-0.087,0.8679471644752625,-8.424825335800982,96.21282451747184,-24.019935215138016,0.04967289636817312,0.1134216946111806,0.07477460943328022,-5366.773702247207,-4695.226023981521,1872.3914129685131,0.4444444444444444,0.0,0.15,0.903324523217221,0.8669039901988134,1.0,-0.05995553150465404,0.0018530318964455157
2.6333333333333333,21.372310293086784,1.0635426915129083,21.398756279762004,-1.0509821284856333,-0.39820581065115757,-0.087,0.8672139454417518,-8.426591267518251,96.40585859806085,-24.31976931477877,0.04972162990441972,0.11348765121447843,0.07480551598751412,-5367.883286961261,-4696.1174829585,1871.742449682731,0.4444444444444444,0.0,0.15,0.9034880947058579,0.8670274653798384,1.0,-0.05996809881263844,0.00185146650362924
2.65,21.37969366819783,1.0649225250605858,21.406199133203444,-1.0576173605595198,-0.39805902261883824,-0.087,0.8664848800956286,-8.428297011769123,96.59697961776813,-24.620973523783167,0.04976886697135492,0.1135519616222287,0.07483505348999082,-5368.966041468503,-4696.964065046122,1871.0955872110687,0.4444444444444444,0.0,0.15,0.9036472739565219,0.8671438305048489,1.0,-0.059980237794646465,0.0018499099787666051
2.6666666666666665,21.387058493724986,1.0662715546953996,21.41362197392974,-1.0642501661275745,-0.39791417611038005,-0.087,0.8657598753420186,-8.429945429128109,96.7861780195146,-24.923535173662405,0.04981467760178307,0.11361468348512639,0.0748633045352777,-5370.022866743405,-4697.768337239375,1870.4507994597075,0.4444444444444444,0.0,0.15,0.9038022100882761,0.8672534934820892,1.0,-0.05999196880804559,0.00184836212310384
2.683333333333333,21.394405004291755,1.0675912835742374,21.42102510703976,-1.0708805795763985,-0.3977714634160265,-0.087,0.8650388363902741,-8.431539411701516,96.97344434768283,-25.227441527442856,0.049859132946034064,0.1136758767873979,0.07489035170369279,-5371.054696892965,-4698.53286748617,1869.8080617597607,0.4444444444444444,0.0,0.15,0.903953057718454,0.8673568627207058,1.0,-0.060003312434600276,0.001846822734266767
2.7,21.401733419320674,1.0688832331800446,21.428408823751727,-1.077508638300186,-0.39763105794052517,-0.087,0.8643216671867464,-8.433081870627577,97.15876924785155,-25.53267978086929,0.04990230493545615,0.11373560348263073,0.07491627724671933,-5372.062493678768,-4699.260215292912,1869.1673508475706,0.4444444444444444,0.0,0.15,0.9040999760542063,0.8674543456118604,1.0,-0.06001428939151628,0.0018452916071847532
2.716666666666667,21.409043943260635,1.0701489364660077,21.435773401272094,-1.0841343823902978,-0.39749311462429776,-0.087,0.8636082708248327,-8.434575724240982,97.342143466506,-25.839237063587245,0.0499442659620884,0.11379392714317327,0.0749411627912649,-5373.047241282269,-4699.952922888222,1868.5286448407846,0.4444444444444444,0.0,0.15,0.9042431280244144,0.8675463470987954,1.0,-0.06002492044721323,0.0018437685349661423
2.7333333333333334,21.416336765859196,1.0713899313399142,21.443119102725444,-1.0907578543322909,-0.39735777040626785,-0.087,0.8628985499325305,-8.436023886896052,97.52355785072797,-26.147100440303337,0.04998508857471135,0.11385091262353575,0.0749650890627428,-5374.009941312889,-4700.6135069374395,1867.8919232105561,0.4444444444444444,0.0,0.15,0.904382679451897,0.8676332683347786,1.0,-0.06003522634178423,0.0018422533097256697
2.75,21.423612062476135,1.0726077544925314,21.45044617714211,-1.0973790987110643,-0.3972251447247377,-0.087,0.8621924070377951,-8.437429258442327,97.70300334786897,-26.45625691192248,0.0500248451914188,0.113906625738161,0.07498813562690375,-5374.951608058057,-4701.244450800489,1867.2571667502204,0.4444444444444444,0.0,0.15,0.9045187982657605,0.8677155054278459,1.0,-0.06004522771209874,0.0018407457233644835
2.7666666666666666,21.43086999443463,1.073803935572681,21.457754859500326,-1.103998161924716,-0.39709534005278463,-0.087,0.8614897449119912,-8.438794714345896,97.88047100521028,-26.766693416661084,0.05006360782879954,0.1139611329538743,0.07501038065029811,-5375.87326397406,-4701.848197325554,1866.624357540769,0.4444444444444444,0.0,0.15,0.9046516537536975,0.867793448271225,1.0,-0.060054945021500605,0.0018392455683034022
2.783333333333333,21.438110709406534,1.074979991710568,21.465045370819723,-1.1106150919076514,-0.3969684424647241,-0.087,0.8607904668917716,-8.440123096449346,98.05595196961299,-27.07839683113556,0.050101447847766156,0.11401450109726441,0.07503190067920089,-5376.775935416179,-4702.427142170931,1865.9934789134518,0.4444444444444444,0.0,0.15,0.9047814158539813,0.8678674794582961,1.0,-0.06006439849405097,0.0018377526381701105
2.8,21.44533434182826,1.0761374223898224,21.472317918302775,-1.117229937863427,-0.396844522230262,-0.087,0.8600944771797416,-8.44141720436269,98.22943748716145,-27.39135397142568,0.05013843571601732,0.11406679707719145,0.07505277043678683,-5377.660648606348,-4702.983627647091,1865.3645154098176,0.4444444444444444,0.0,0.15,0.9049082544868552,0.8679379732808893,1.0,-0.060073608053261555,0.0018362667284410668
2.8166666666666664,21.452541013343946,1.0772777046676487,21.47957269552116,-1.1238427500077521,-0.396723634433033,-0.087,0.8594016811242693,-8.442679787477145,98.40091890280306,-27.70555159411237,0.05017464078707068,0.11411808762256313,0.07507306263829885,-5378.528425836314,-4703.5199370707705,1864.7374527395043,0.4444444444444444,0.0,0.15,0.9050323389249824,0.8680052948096662,1.0,-0.06008259326526046,0.001834787637038887
2.8333333333333335,21.45973083327259,1.078402288741455,21.48680988264366,-1.1304535793220267,-0.3966058196102978,-0.087,0.8587119854788388,-8.443913537592998,98.57038765998728,-28.02097639728983,0.05021013109575676,0.11416843903546864,0.07509284782391021,-5379.380281903981,-4704.038289622456,1864.1122777360683,0.4444444444444444,0.0,0.15,0.9051538372025669,0.8680697990552656,1.0,-0.06009137328632815,0.0018333151648860515
2.85,21.466903899096028,1.0795125938593362,21.49402964670248,-1.1370624773177316,-0.39649110441064805,-0.087,0.8580252986413436,-8.445121082152227,98.73783530030667,-28.337615021551866,0.05024497317001818,0.11421791695970782,0.07511219420894057,-5380.217220780408,-4704.540835698234,1863.4889783111375,0.4444444444444444,0.0,0.15,0.905272915562725,0.8681318302088097,1.0,-0.06009996681473716,0.0018318491164157887
2.8666666666666667,21.474060296964684,1.080610004570831,21.50123214189488,-1.1436694958119389,-0.3963795022666481,-0.087,0.8573415308737465,-8.446304978065816,98.9032534631425,-28.655454050952635,0.050279231858814916,0.11426658616470468,0.0751311675510468,-5381.040232504687,-4705.029652746432,1862.8675434071677,0.4444444444444444,0.0,0.15,0.9053897379426437,0.8681917209602847,1.0,-0.06010839204682403,0.0018303893000410386
2.8833333333333333,21.481200102218143,1.0816958673134562,21.508417509916896,-1.1502746867141638,-0.3962710140794223,-0.087,0.8566605945025378,-8.44746770612506,99.06663388531724,-28.974480013941907,0.05031297017589455,0.11431451034474668,0.07514983103397305,-5381.85029030363,-4705.506741578921,1862.2479629490565,0.4444444444444444,0.0,0.15,0.9055044654960173,0.8682497918932092,1.0,-0.060116666637217146,0.0018289355285824242
2.9,21.488323379917727,1.0827714873296417,21.515585880326217,-1.156878101824721,-0.3961656289122866,-0.087,0.8559824041004452,-8.448611665985364,99.22796840075634,-29.294679384275316,0.05034624915914609,0.1143617519334447,0.07516824516740934,-5382.6483479329845,-4705.974023146357,1861.6302277948746,0.4444444444444444,0.0,0.15,0.9056172561522146,0.8683063509539052,1.0,-0.060124807663138845,0.001827487619656193
2.9166666666666665,21.49543018538837,1.0838381259078558,21.522737370931164,-1.1634797926447131,-0.39606332469060834,-0.087,0.8553068766498582,-8.449739171710233,99.38724894016123,-29.61603858189994,0.05037912774521844,0.11440837193326574,0.07518646770247603,-5383.435337236618,-4706.433335765954,1861.0143296859467,0.4444444444444444,0.0,0.15,0.905728264211587,0.8683616929935744,1.0,-0.06013283159269401,0.001826045396023123
2.933333333333333,21.50252056476715,1.0848969979409235,21.529872088202833,-1.170079810197722,-0.39596406890517416,-0.087,0.8546339316884533,-8.450852447862427,99.54446753069553,-29.93854397381587,0.05041166265904863,0.11445442975994764,0.07520455356232068,-5384.212165919829,-4706.886432789724,1860.4002611965152,0.4444444444444444,0.0,0.15,0.9058376399762795,0.86841609938127,1.0,-0.06014075425705272,0.001824608685899426
2.95,21.509594555556102,1.0859492697937931,21.536990127707593,-1.1766782048632343,-0.39586781931644566,-0.087,0.8539634914375123,-8.451953626128308,99.69961629568613,-30.262181874914337,0.05044390831791132,0.11449998310156512,0.07522255478728683,-5384.979715532694,-4707.334980700406,1859.788015683205,0.4444444444444444,0.0,0.15,0.9059455294158616,0.8684698376857451,1.0,-0.060148590826427234,0.0018231773232307022
2.966666666666667,21.516652187176884,1.0869960574723136,21.544091574557143,-1.1832750262217937,-0.39577452465718355,-0.087,0.8532954809134465,-8.453044742460689,99.85268745434075,-30.5869385487932,0.050475916749570054,0.1145450877919786,0.07524052049408878,-5385.738839659044,-4707.780557621645,1859.1775872344842,0.4444444444444444,0.0,0.15,0.9060520738670536,0.8685231614240346,1.0,-0.060156355789739095,0.0018217511479300392
2.9833333333333334,21.523693481525072,1.0880384250839432,21.55117650387338,-1.189870322911822,-0.3956841253310308,-0.087,0.8526298280230595,-8.454127734724603,100.00367332148348,-30.912800208550514,0.05050773752408201,0.11458979769836149,0.07525849684840398,-5386.490362306408,-4708.224652228215,1858.5689706203298,0.4444444444444444,0.0,0.15,0.9061574097667687,0.8685763098745214,1.0,-0.06016406293786506,0.0018203300060813945
3.0,21.53071845352209,1.0890773835807157,21.558244981265606,-1.196464142498021,-0.3955965541047564,-0.087,0.8519664636430822,-8.45520444082962,100.15256630730934,-31.23975301755716,0.05053941769878124,0.1146341646224677,0.07527652705027521,-5387.235076491959,-4708.668663041457,1857.962161242264,0.4444444444444444,0.0,0.15,0.9062616684176493,0.8686295079521211,1.0,-0.06017172535034574,0.0018189137501094
3.0166666666666666,21.53772711166265,1.0901138897742508,21.565297063317423,-1.2030565313512267,-0.3955117367919794,-0.087,0.8513053216845476,-8.4562765973315,100.29935891715913,-31.567783090209357,0.050571001775942245,0.11467823821526989,0.07529465133169728,-5387.973743019204,-4709.113898094434,1857.3571550839413,0.4444444444444444,0.0,0.15,0.9063649757852268,0.8686829661431151,1.0,-0.060179355385434216,0.0018175022389167995
3.033333333333333,21.544719458556003,1.0911488456121166,21.572332798081025,-1.2096475345395494,-0.3954295929263127,-0.087,0.8506463391425694,-8.457345838485267,100.44404375131542,-31.896876492662106,0.050602531672603944,0.11472206590457014,0.07531290696574937,-5388.7070894399,-4709.561574950634,1856.7539486624385,0.4444444444444444,0.0,0.15,0.9064674523257863,0.8687368804970574,1.0,-0.06018696467335717,0.001816095337990722
3.05,21.551695491459192,1.09218309770442,21.579352225576507,-1.2162371957306068,-0.3953500364219928,-0.087,0.8499894561321157,-8.458413695731066,100.58661350482058,-32.22701924354457,0.050634046702015906,0.11476569283515797,0.07533132828662223,-5389.43580919536,-4710.012821059547,1856.1525389803944,0.4444444444444444,0.0,0.15,0.9065692128439717,0.8687914326730909,1.0,-0.060194564112656036,0.0018146929194790607
3.0666666666666664,21.558655202800736,1.0932174370891299,21.586355378294016,-1.2228255571046198,-0.3952729762201859,-0.087,0.8493346159103825,-8.459481597593427,100.72706096731714,-32.5581973146584,0.05066558356615267,0.11480916182106672,0.07534994671988171,-5390.160560931074,-4710.468674431852,1855.5529234791425,0.4444444444444444,0.0,0.15,0.9066703663791215,0.8688467900379173,1.0,-0.060202163869470054,0.0018132948622382372
3.0833333333333335,21.565598580693273,1.0942525992243204,21.593342281696664,-1.2294126592781145,-0.3951983169192957,-0.087,0.8486817648863652,-8.46055086997405,100.86537902291151,-32.890396631660224,0.05069717635872847,0.1148525133094572,0.07536879082230324,-5390.881967978304,-4710.930084616528,1854.9550999929427,0.4444444444444444,0.0,0.15,0.9067710161192835,0.8689031058125951,1.0,-0.060209773379619906,0.0018119010518536354
3.1,21.57252560943383,1.095289264195267,21.600312954722202,-1.235998541237951,-0.3951259593877268,-0.087,0.8480308526182654,-8.461622736817583,101.00156065006082,-33.22360307472914,0.05072885657813427,0.11489578535563948,0.07538788633060989,-5391.600617996043,-4711.397913961755,1854.3590667044425,0.4444444444444444,0.0,0.15,0.9068712593418141,0.8689605192652688,1.0,-0.060217401353345745,0.001810511380634068
3.1166666666666667,21.579436269990456,1.0963280571241172,21.607267410281597,-1.2425832402853672,-0.3950558013576958,-0.087,0.8473818317993642,-8.462698321129476,101.13559892148355,-33.55780247922067,0.050760653149710865,0.11493901360872562,0.07540725621844588,-5392.317062766533,-4711.872939141188,1853.7648221014601,0.4444444444444444,0.0,0.15,0.9069711873794323,0.8690191559468814,1.0,-0.060225055782550774,0.0018091257475816131
3.1333333333333333,21.58633054047413,1.097369548769718,21.614205655752727,-1.2491667919897107,-0.39498773799881387,-0.087,0.8467346582329967,-8.463778646324567,101.26748700409382,-33.892980636308,0.050792592456766206,0.11498223130739404,0.07542692076091992,-5393.031818137293,-4712.355852926901,1853.1723649351798,0.4444444444444444,0.0,0.15,0.9070708856105593,0.8690791279668825,1.0,-0.06023274395039851,0.0018077440583381895
3.15,21.59320839659496,1.098414256305076,21.621127693467642,-1.2557492301515099,-0.3949216624703032,-0.087,0.846089290797285,-8.464864637884721,101.39721815895932,-34.22912329361176,0.05082469837974214,0.11502546928523259,0.07544689760605701,-5393.745364102449,-4712.84726619012,1852.5816941798435,0.4444444444444444,0.0,0.15,0.9071704334727495,0.8691405343059073,1.0,-0.06024047244310945,0.0018063662251102605
3.1666666666666665,21.600069812101765,1.0994626442598998,21.628033521191725,-1.2623305867745158,-0.3948574664508427,-0.087,0.8454456914002806,-8.465957125303671,101.52478574128271,-34.56621615581943,0.05085699234293542,0.11506875598512052,0.07546720185250577,-5394.4581450159685,-4713.347710110786,1851.992808994004,0.4444444444444444,0.0,0.15,0.907269904497986,0.8692034611623957,1.0,-0.060248247163801505,0.0018049921665730646
3.183333333333333,21.606914759204255,1.100515125615665,21.634923132593457,-1.2689108920463354,-0.39479504064517373,-0.087,0.8448038249261751,-8.46705684429703,101.65018320040632,-34.90424488529556,0.05088949336817926,0.11511211748210151,0.07548784613285663,-5395.170569929282,-4713.857638576959,1851.405708683409,0.4444444444444444,0.0,0.15,0.9073693663685911,0.8692679823301063,1.0,-0.06025607334821775,0.0018036218077557794
3.2,21.613743208977212,1.1015720630407198,21.64179651770343,-1.2754901743272575,-0.39473427526672933,-0.087,0.8441636591732407,-8.468164439255455,101.77340407983968,-35.243195102683735,0.05092221813489614,0.11515557751419632,0.07550884070193911,-5395.883013045633,-4714.377430755151,1850.8203926655574,0.4444444444444444,0.0,0.15,0.9074688809924896,0.869334159603501,1.0,-0.060263955582184316,0.0018022550799090251
3.216666666666667,21.62055513174606,1.1026337702530418,21.648653663361454,-1.2820684601468677,-0.3946750604956799,-0.087,0.8435251647841505,-8.46928046591889,101.89444201730947,-35.58305238750138,0.05095518104593859,0.11519915752060214,0.0755301935294792,-5396.595814283463,-4714.907393812797,1850.2368604359713,0.4444444444444444,0.0,0.15,0.9075685045965382,0.8694020432079861,1.0,-0.06027189782064181,0.0018008919203561038
3.2333333333333334,21.627350497453335,1.103700513498411,21.65549455365062,-1.288645774208038,-0.394617286911917,-0.087,0.8428883151693481,-8.470405394250054,102.01329074483124,-35.923802278728715,0.05098839429864309,0.11524287668672556,0.0755519103965144,-5397.309279941021,-4715.4477657743455,1849.6551115362247,0.4444444444444444,0.0,0.15,0.907668287836636,0.8694716722520424,1.0,-0.06027990340809452,0.0017995322723293931
3.25,21.634129276005815,1.1047725131319628,21.66231917031747,-1.2952221393978667,-0.3945608459026201,-0.087,0.8422530864241073,-8.471539611485515,102.1299440888024,-36.26543027539239,0.05102186796053248,0.11528675199549912,0.07557399499498078,-5398.023683454401,-4715.998718492713,1849.07514552374,0.4444444444444444,0.0,0.15,0.9077682759233188,0.8695430751983168,1.0,-0.06028797510032353,0.0017981760847932753
3.2666666666666666,21.640891437601873,1.1058499452913073,21.669127493177264,-1.301797576805146,-0.3945056300441722,-0.087,0.8416194572399305,-8.472683425342986,102.24439597011575,-36.60792183714522,0.05105561004911414,0.11533079828443617,0.07559644902990585,-5398.73926624123,-4716.560360718227,1848.4969619433818,0.4444444444444444,0.0,0.15,0.9078685087615451,0.8696162703508079,1.0,-0.06029611508721153,0.001796823312254974
3.283333333333333,21.647636953039036,1.1069329436496826,21.67591950050374,-1.3083721057439248,-0.394451533458305,-0.087,0.8409874088109196,-8.473837067363846,102.35664040429246,-36.95126238484275,0.05108962661523508,0.1153750283078851,0.07561927232366106,-5399.456238622195,-4717.132741247654,1847.9205603008445,0.4444444444444444,0.0,0.15,0.9079690211033857,0.8696912663553531,1.0,-0.06030432501652992,0.0017954739145646624
3.3,21.65436579400155,1.1080216012379043,21.682695169402585,-1.314945743782739,-0.39439845214246666,-0.087,0.8403569247357503,-8.475000696370504,102.46667150163418,-37.29543730111752,0.0511239218294702,0.11541945280395285,0.07564246292174977,-5400.174780812748,-4717.71585213639,1847.3459400378438,0.4444444444444444,0.0,0.15,0.9080698427123408,0.869768062710695,1.0,-0.06031260601854333,0.0017941278567061797
3.3166666666666664,21.661077933327977,1.1091159723242123,21.689454476168205,-1.3215185067790816,-0.39434628427450946,-0.087,0.839727990915851,-8.47617440201849,102.57448346739288,-37.640431930952104,0.051158498071036604,0.11546408056557776,0.07566601719962907,-5400.895043977357,-4718.309631957447,1846.7731005091025,0.4444444444444444,0.0,0.15,0.9081709985380205,0.8698466502875046,1.0,-0.06032095873128813,0.0017927851085796493
3.3333333333333335,21.66777334525892,1.110216074341481,21.696197396623194,-1.3280904089186836,-0.3942949304918961,-0.087,0.8391005954503922,-8.477358208424057,102.68007060195777,-37.98623158225145,0.05119335601874475,0.11550891851524336,0.0756899299700873,-5401.617151338814,-4718.913969091557,1846.2020409611164,0.4444444444444444,0.0,0.15,0.9082725088999498,0.8699270118528357,1.0,-0.060329383326388375,0.0017914456447772837
3.35,21.67445200566492,1.1113218898516437,21.702923906440247,-1.334661462759186,-0.39424429414571743,-0.087,0.8384747285286644,-8.478552077848512,102.78342730105818,-38.33282152641554,0.05122849474351624,0.11555397178283901,0.07571419459072447,-5402.341199335268,-4719.528705033283,1845.6327605126858,0.4444444444444444,0.0,0.15,0.9083743896792795,0.8700091225975779,1.0,-0.06033787953527548,0.0017901094443536173
3.3666666666666667,21.681113892254874,1.1124333685375891,21.709633981446192,-1.3412316792777867,-0.39419428152990155,-0.087,0.8378503823204022,-8.479755914421387,102.88454805598141,-38.680186998912994,0.05126391180201756,0.11559924378618655,0.07573880307110607,-5403.067258817801,-4720.153637698835,1845.065258137184,0.4444444444444444,0.0,0.15,0.9084766525172148,0.8700929506646119,1.0,-0.06034644667568429,0.0017887764905913522
3.3833333333333333,21.687758984765082,1.1135504292132241,21.716327597907974,-1.3478010679224537,-0.3941448020860785,-0.087,0.8372275508646061,-8.480969567885259,102.98342745380442,-39.02831319985626,0.05129960333098041,0.11564473631376958,0.07576374617918864,-5403.795376281585,-4720.7885247219865,1844.4995326465391,0.4444444444444444,0.0,0.15,0.9085793050190051,0.8701784576754675,1.0,-0.06035508367830316,0.0017874467707639965
3.4,21.694387265129404,1.1146729618428337,21.723004732800486,-1.354369636666302,-0.3940957685846377,-0.087,0.8366062299573681,-8.482192837345778,103.0800601776384,-39.377185294579085,0.0513355641418001,0.11569044960921734,0.07578901354663843,-5404.525575123866,-4721.433086725239,1843.9355826768845,0.4444444444444444,0.0,0.15,0.9086823509623777,0.8702655992534184,1.0,-0.06036378911346123,0.0017861202758963782
3.4166666666666665,21.700998717630785,1.1158008295613309,21.729665364056178,-1.360937392064749,-0.39404709728258613,-0.087,0.8359864170392197,-8.4834254750115,103.174441006885,-39.72678841421685,0.0513717878150258,0.11573638245711498,0.07581459377269345,-5405.257856922242,-4722.087010554269,1843.3734066758518,0.4444444444444444,0.0,0.15,0.9087857905093331,0.8703543255410744,1.0,-0.06037256121774297,0.0017847970005241355
3.433333333333333,21.70759332903467,1.1169338706874508,21.736309470796538,-1.3675043393150612,-0.39399870805887877,-0.087,0.8353681110824545,-8.484667189908821,103.26656481750318,-40.077107656290266,0.05140826679437829,0.11578253226972872,0.07584047452624215,-5405.99220272701,-4722.749952464405,1842.813002891452,0.4444444444444444,0.0,0.15,0.9088896204202657,0.8704445817106615,1.0,-0.060381397920425656,0.0017834769424531574
3.4499999999999997,21.714171088704752,1.1180719007224265,21.742937033545545,-1.3740704823179328,-0.39395052452794527,-0.087,0.8347513124788909,-8.485917651558335,103.35642658228548,-40.42812808529285,0.05144499247995398,0.1158288951742554,0.07586664264582056,-5406.728574361568,-4723.4215412488165,1842.2543693625018,0.4444444444444444,0.0,0.15,0.9089938342694196,0.8705363084653109,1.0,-0.06039029686964235,0.00178216010251996
3.466666666666667,21.72073198870159,1.1192147143271518,21.749548034425242,-1.3806358237407321,-0.393902474132191,-0.087,0.8341360229284962,-8.487176493599776,103.4440213711428,-40.77983473328275,0.0514819553202962,0.11587546610022513,0.07589308423725297,-5407.466915725177,-4724.101381298812,1841.6975039105487,0.4444444444444444,0.0,0.15,0.9090984226607315,0.8706294425298081,1.0,-0.060399255458178806,0.0017808464843539046
3.4833333333333334,21.727276023864615,1.1203620872713274,21.756142457333677,-1.387200365082081,-0.39385448821429114,-0.087,0.8335222453292632,-8.488443317353793,103.52934435139623,-41.132212600479235,0.05151914490303788,0.11592223886670627,0.07591978476868856,-5408.207154092724,-4724.789055587626,1841.1424041332348,0.4444444444444444,0.0,0.15,0.9092033734431719,0.8707239171293994,1.0,-0.06040827084882104,0.001779536094142088
3.5,21.733803191878188,1.1215137783485625,21.762720288105534,-1.3937641067374347,-0.3938065020701347,-0.087,0.8329099836687195,-8.489717695309475,103.61239078807523,-41.48524665586412,0.05155655004384234,0.11596920626898283,0.07594672916280978,-5408.949201406314,-4725.484128569766,1840.5890673990477,0.4444444444444444,0.0,0.15,0.9093086719247336,0.8708196624553654,1.0,-0.06041733999917434,0.001778228940397719
3.5166666666666666,21.740313493322265,1.1226695312518797,21.769281514655724,-1.4003270480653522,-0.39375845498330625,-0.087,0.8322992429174083,-8.490999174527847,103.69315604422067,-41.8389218377885,0.051594158873391104,0.11601636016439495,0.07597390188601326,-5409.692955554032,-4726.186148988914,1840.0374908434005,0.4444444444444444,0.0,0.15,0.9094143010842854,0.8709166061162239,1.0,-0.06042645968588443,0.0017769250337327056
3.533333333333333,21.746806931708374,1.123829076404552,21.775826127106445,-1.4068891874541563,-0.3937102902420183,-0.087,0.8316900289246603,-8.49228727995214,103.7716355811921,-42.193223054585005,0.05163195892219048,0.11606369155705465,0.07600128703438784,-5410.438301631292,-4726.894652588135,1839.4876713659776,0.4444444444444444,0.0,0.15,0.9095202417805452,0.8710146735735363,1.0,-0.060435626528195015,0.0017756243866351308
3.55,21.753283513501508,1.1249921327416597,21.78235411789798,-1.4134505223887013,-0.39366195513942803,-0.087,0.8310823483169453,-8.493581517616848,103.84782495897767,-42.54813518518581,0.05166993720299005,0.11611119068116936,0.07602886841633681,-5411.185113180764,-4727.609164716954,1838.939605629287,0.4444444444444444,0.0,0.15,0.9096264729574939,0.8711137885614315,1.0,-0.060444837010785214,0.0017743270132522383
3.5666666666666664,21.759743248128675,1.126158409438222,21.788865481883857,-1.4200110495169818,-0.3936134009582846,-0.087,0.8304762083990727,-8.494881377748264,103.9217198365062,-42.90364307974639,0.05170808029062785,0.11615884708272722,0.07605662963171447,-5411.933253406994,-4728.329202830637,1838.3932900583616,0.4444444444444444,0.0,0.15,0.9097329718455978,0.871213873489073,1.0,-0.0604540875058346,0.0017730329291794989
3.5833333333333335,21.766186147974796,1.127327607580201,21.795360216410796,-1.4265707647163322,-0.39356458294086444,-0.087,0.8298716170584662,-8.496186337750249,103.99331597196002,-43.25973156027542,0.05174637439913804,0.11620664969931854,0.07608455414736798,-5412.682576362278,-4729.054278877754,1837.8487208415333,0.4444444444444444,0.0,0.15,0.9098397141582655,0.8713148498254262,1.0,-0.06046337429427149,0.0017717421512562415
3.6,21.772612228366615,1.1284994217751134,21.80183832138396,-1.4331296631589792,-0.39351546024515455,-0.087,0.8292685826727312,-8.497495865069792,104.06260922308789,-43.61638542127062,0.05178480545597691,0.11625458693788789,0.0761126253689964,-5413.432928100636,-4729.783901572815,1837.3058939322273,0.4444444444444444,0.0,0.15,0.9099466742830152,0.8714166384657889,1.0,-0.060472693586165825,0.0017704546973683125
3.6166666666666667,21.779021507545398,1.1296735416994157,21.808299799318164,-1.4396877393767293,-0.3934659958882456,-0.087,0.8286671140206997,-8.498809419937709,104.12959554751683,-43.97358943036068,0.05182335917324327,0.11630264675023202,0.07614082670925848,-5414.184147797039,-4730.517578551477,1836.7648050517093,0.4444444444444444,0.0,0.15,0.910053825466885,0.871519160079662,1.0,-0.06048204154023341,0.0017691705862581618
3.6333333333333333,21.785414006629104,1.1308496535802373,21.814744655375502,-1.4462449873245902,-0.39341615667789004,-0.087,0.8280672201971043,-8.500126457980674,104.19427100306207,-44.33132832895336,0.05186202111578801,0.11635081670607803,0.07616914165207955,-5414.936068829379,-4731.254818406454,1836.2254496927153,0.4444444444444444,0.0,0.15,0.9101611399956671,0.8716223354396452,1.0,-0.060491414282424535,0.0017678898373426734
3.65,21.791789749564767,1.1320274416094267,21.821172897390113,-1.4528014004431347,-0.3933659131331743,-0.087,0.8274689105310233,-8.501446432701677,104.25663174803437,-44.68958683288954,0.051900776766125756,0.11639908406359464,0.07619755381312579,-5415.688519820966,-4731.995132602935,1835.687823123908,0.4444444444444444,0.0,0.15,0.9102685893666024,0.87172608573114,1.0,-0.06050080792357627,0.00176661247053905
3.6666666666666665,21.79814876307181,1.1332065892882712,21.827584535880636,-1.4593569717194395,-0.39331523939524027,-0.087,0.8268721945082049,-8.502768797826441,104.31667404154364,-45.04834963310333,0.0519396115860799,0.11644743583720997,0.07622604699643089,-5416.441325641626,-4732.738037272824,1835.15192039509,0.4444444444444444,0.0,0.15,0.9103761444542139,0.8718303328427386,1.0,-0.060510218576110684,0.0017653385060989782
3.683333333333333,21.80449107657696,1.134386780701599,21.833979584050976,-1.4659116937464394,-0.3932641131289775,-0.087,0.8262770816973533,-8.504093009514374,104.37439424379838,-45.40760139628806,0.051978511075108175,0.11649585886262448,0.07625460524717623,-5417.194308365816,-4733.483054887771,1834.6177363431136,0.4444444444444444,0.0,0.15,0.9104837756690171,0.8719349996372677,1.0,-0.06051964236976933,0.0017640679644512524
3.6999999999999997,21.810816722141553,1.1355677017203325,21.840358057780097,-1.4724655587805584,-0.39321251541658825,-0.087,0.8256835816804552,-8.505418528433102,104.42978881639995,-45.76732676556798,0.052017460825272324,0.11654433985892769,0.0762832129006403,-5417.9472881863485,-4734.2297158114,1834.0852655984231,0.4444444444444444,0.0,0.15,0.9105914531088772,0.8720400102035367,1.0,-0.060529075466376585,0.0017628008660530246
3.716666666666667,21.81712573438186,1.1367490411318886,21.846719975601406,-1.4790185587974882,-0.3931604306439064,-0.087,0.8250917039871768,-8.506744821696268,104.48285432263111,-46.12751036117566,0.05205644657283082,0.11659286548774198,0.07631185462734744,-5418.700084282709,-4734.977559731676,1833.554502592169,0.4444444444444444,0.0,0.15,0.9106991467028426,0.8721452900889243,1.0,-0.0605385140736301,0.001761537231249744
3.7333333333333334,21.823418150383162,1.1379304916981354,21.853065358672445,-1.4855706855460074,-0.3931078463803285,-0.087,0.8245014580333703,-8.508071364664952,104.53358742773807,-46.48813678113476,0.05209545424644737,0.11664142240933421,0.07634051547445843,-5419.452515643103,-4735.726136974766,1833.025441563836,0.4444444444444444,0.0,0.15,0.9108068263473112,0.8722507665130023,1.0,-0.06054795445792071,0.0017602770801438729
3.75,21.8296940096082,1.1391117511409066,21.859394230735475,-1.4921219305997375,-0.39305475325318895,-0.087,0.8239128530636841,-8.509397642613573,104.58198489920566,-46.84919060194816,0.05213447001202177,0.11668999733564993,0.07636918090345778,-5420.2044018396855,-4736.475009702186,1832.4980765693208,0.4444444444444444,0.0,0.15,0.9109144620344433,0.8723563685624668,1.0,-0.0605573929561878,0.001759020432472359
3.7666666666666666,21.835953353800708,1.1402925230553613,21.865706618069684,-1.4986722854067576,-0.3930011448173834,-0.087,0.8233258980982769,-8.510723152261603,104.62804360702481,-47.210656379291,0.05217348031416234,0.11673857708024041,0.07639783682420354,-5420.955563756613,-4737.223752993388,1831.972401489409,0.4444444444444444,0.0,0.15,0.9110220239727569,0.872462027367707,1.0,-0.06056682598681984,0.0017577673074928746
3.783333333333333,21.84219622688463,1.1414725177517278,21.87200254943556,-1.5052217413370013,-0.3929470174210163,-0.087,0.8227406018836043,-8.51204740317297,104.67176052395195,-47.57251864870868,0.05221247191433055,0.11678714860506603,0.0764264696254155,-5421.70582427079,-4737.971955816271,1831.4484100385932,0.4444444444444444,0.0,0.15,0.9111294826998881,0.8725676762613964,1.0,-0.06057625005961327,0.0017565177238787466
3.8,21.848422674859684,1.142651453026216,21.878282056012207,-1.5117702897273808,-0.3928923700678163,-0.087,0.8221569728472287,-8.513369919025424,104.71313272575986,-47.93476192631933,0.05225143192569981,0.11683569906417245,0.07645506620168635,-5422.455008885407,-4738.719221888443,1830.9260957741772,0.4444444444444444,0.0,0.15,0.9112368091875315,0.8726732509195433,1.0,-0.06058566178480598,0.0017552716996224779
3.8166666666666664,21.854632745693802,1.1438290548621097,21.884545171328067,-1.5183179219245908,-0.39283720427703395,-0.087,0.8215750190566073,-8.514690238752472,104.75215739147943,-48.297370709520685,0.05229034784478032,0.1168842158442485,0.07648361397710969,-5423.202946316508,-4739.465170432272,1830.4054521056144,0.4444444444444444,0.0,0.15,0.9113439749386004,0.8727786894854744,1.0,-0.06059505788120396,0.0017540292519477617
3.8333333333333335,21.860826489213117,1.1450050580622497,21.890791931185817,-1.524864629325558,-0.39278152394150023,-0.087,0.8209947481817816,-8.516007917561007,104.7888318036321,-48.66032947770097,0.05232920757987107,0.11693268660208589,0.07651210092562491,-5423.949469033069,-4740.209436827088,1829.886472304037,0.4444444444444444,0.0,0.15,0.9114509520766874,0.8728839326772803,1.0,-0.0606044351834232,0.0017527903972298245
3.85,21.867003956989976,1.146179206814318,21.897022373581954,-1.53141040341551,-0.3927253351844942,-0.087,0.8204161674618877,-8.517322527827822,104.8231533484526,-49.0236226929536,0.05236799947640875,0.11698109929897169,0.0765405155881864,-5424.694413751169,-4740.951673162009,1829.36914951192,0.4444444444444444,0.0,0.15,0.9115577134279211,0.8729889238792672,1.0,-0.06061379064826987,0.0017515551509239278
3.8666666666666667,21.873165202229558,1.1473512551904979,21.903236538621712,-1.5379552358036532,-0.39266864621603226,-0.087,0.8198392836753948,-8.518633659878777,104.85511951610138,-49.38723480079538,0.05240671233929098,0.11702944223205435,0.07656884708687003,-5425.437621883033,-4741.691548693134,1828.85347675284,0.4444444444444444,0.0,0.15,0.9116642325953497,0.8730936092180049,1.0,-0.060623121360285186,0.001750323527501827
3.8833333333333333,21.879310279655602,1.1485209675832464,21.909434468429843,-1.5444991182564538,-0.39261146718915785,-0.087,0.8192641031139728,-8.519940922654339,104.88472790086702,-49.75115023088795,0.05244533545225794,0.117077704062733,0.07659708513603437,-5426.178939941835,-4742.4287502089455,1828.3394469412822,0.4444444444444444,0.0,0.15,0.9117704840259975,0.8731979376235751,1.0,-0.06063242453648185,0.0017490955403959819
3.9,21.885439245395702,1.1496881190790553,21.915616207057877,-1.5510420427285307,-0.3925538100567767,-0.087,0.8186906315598745,-8.521243944265716,104.91197620135793,-50.11535339776213,0.05248385859442333,0.11712587384212862,0.07662522005065919,-5426.9182199032875,-4743.162982307902,1827.8270528924588,0.4444444444444444,0.0,0.15,0.9118764430707651,0.8733018608766543,1.0,-0.06064169753030171,0.0017478712019512671
3.9166666666666665,21.89155215686667,1.1508524957721988,21.92178180038837,-1.5575840013911697,-0.39249568842954735,-0.087,0.8181188742667194,-8.522542372445697,104.93686222068328,-50.47982870154497,0.05252227205405018,0.11717394103370275,0.07665324275198639,-5427.655319525155,-4743.893967592291,1827.3162873320975,0.4444444444444444,0.0,0.15,0.9119820860373617,0.8734053336420726,1.0,-0.06065093783482417,0.0017466505233839462
3.933333333333333,21.897649072660368,1.1520138950205816,21.927931296036657,-1.5641249866584868,-0.39243711743530385,-0.087,0.8175488359435465,-8.523835874898744,104.95938386662313,-50.8445605286891,0.052560566639672596,0.11722189553309684,0.07668114477059164,-5428.390102625914,-4744.621446782528,1826.8071429061597,0.4444444444444444,0.0,0.15,0.9120873902364733,0.8735083134895141,1.0,-0.06066014308525772,0.0017454335147476265
3.9499999999999997,21.903730052430436,1.1531721256458942,21.934064743250644,-1.570664991211268,-0.3923781135804519,-0.087,0.8169805207420188,-8.525124139554785,104.97953915178749,-51.2095332527042,0.0525987336886684,0.11726972768527144,0.07670891824701792,-5429.1224393238845,-4745.345178756082,1826.299612190466,0.4444444444444444,0.0,0.15,0.9121923340213849,0.8736107609020229,1.0,-0.060669311060745995,0.001744220184905939
3.966666666666667,21.909795156780312,1.154327008080362,21.940182192809107,-1.5772040080185226,-0.39231869461374846,-0.087,0.8164139322466301,-8.526406874731384,104.99732619376422,-51.57473123489023,0.05263676507339072,0.11731742829902986,0.07673655593010179,-5429.852206238245,-4746.0649405152735,1825.7936877001819,0.4444444444444444,0.0,0.15,0.9122968968212902,0.8737126392729926,1.0,-0.060678439685521855,0.0017430105415116328
3.9833333333333334,21.915844447152857,1.1554783744624466,21.946283696918965,-1.5837420303567953,-0.3922588793928404,-0.087,0.8158490734677859,-8.527683809208968,105.0127432152559,-51.94013882507217,0.05267465320497019,0.11736498865901604,0.07676405117312653,-5430.5792866533675,-4746.78052708822,1825.2893618991466,0.4444444444444444,0.0,0.15,0.9124010591685305,0.8738139148923146,1.0,-0.06068752702944278,0.0017418045909918009
4.0,21.92187798572198,1.1566260686839134,21.952369309111972,-1.5902790518272856,-0.39219868775390554,-0.087,0.8152859468376137,-8.528954692223902,105.02578854420537,-52.30574036233596,0.05271239103490106,0.1174124005352808,0.07679139792793488,-5431.303570647996,-4747.491751367159,1824.7866272090112,0.4444444444444444,0.0,0.15,0.9125048027200107,0.8739145569223697,1.0,-0.060696571307941566,0.0017406023385389368
4.016666666666667,21.92789583528651,1.1577699463907216,21.958439084141226,-1.5968150663708294,-0.392138140384709,-0.087,0.8147245542083588,-8.53021929338416,105.03646061391024,-52.67152017576546,0.052749972054526716,0.11745965619051404,0.07681859073713515,-5432.0249551908555,-4748.198443888381,1824.2854760181633,0.4444444444444444,0.0,0.15,0.9126081102730579,0.8740145373645305,1.0,-0.06070557088142619,0.0017394037881075085
4.033333333333333,21.933898059166637,1.158909874940227,21.96449307787794,-1.603350068280804,-0.39207725870135574,-0.087,0.8141648968532185,-8.531477402512369,105.0447579631261,-53.03746258518,0.05278739029254101,0.11750674838504369,0.076845624724533,-5432.743344204246,-4748.9004525579685,1823.7859006904127,0.4444444444444444,0.0,0.15,0.9127109657759797,0.8741138310168488,1.0,-0.06071452425416285,0.001738208942415741
4.05,21.93988472110317,1.1600457333172054,21.970531347208784,-1.609884052214018,-0.3920160647289904,-0.087,0.813606975469475,-8.532728829421048,105.0506792361588,-53.403551901872454,0.0528246403106227,0.11755367037970484,0.07687249558392119,-5433.458648597273,-4749.597642327492,1823.287893573424,0.4444444444444444,0.0,0.15,0.9128133543335961,0.8742124154235938,1.0,-0.06072343007267641,0.0017370178029523027
4.066666666666666,21.94585588515982,1.1611774120112237,21.97655394993421,-1.6164170131996587,-0.39195458098666797,-0.087,0.8130507901837722,-8.533973403624707,105.05422318294555,-53.76977242934745,0.05286171719732059,0.11760041593668473,0.07689919956635718,-5434.17078627036,-4750.289894823703,1822.7914470068663,0.4444444444444444,0.0,0.15,0.9129152622080156,0.8743102708172873,1.0,-0.06073228712370157,0.0017358303699875738
4.083333333333333,21.951811615628763,1.1623048128578766,21.982560944668084,-1.6229489466463625,-0.3918928303765879,-0.087,0.8124963405594013,-8.535210973993571,105.05538865912526,-54.136108464059475,0.052898616560306574,0.11764697931845014,0.07692573346605737,-5434.879682092665,-4750.977107936289,1822.2965533302772,0.4444444444444444,0.0,0.15,0.9130166768149274,0.8744073800538862,1.0,-0.06074109433171862,0.0017346466425891985
4.1,21.957751976939605,1.1634278488464063,21.988552390738835,-1.629479848347489,-0.3918308360778607,-0.087,0.8119436256054405,-8.536441408353515,105.05417462609805,-54.50254429615084,0.05293533451711342,0.1176933552848655,0.07695209460503434,-5435.585267854093,-4751.659195367547,1821.803204890615,0.4444444444444444,0.0,0.15,0.9131175867156867,0.8745037285417359,1.0,-0.060749850756106255,0.0017334666186415992
4.116666666666666,21.963677033572,1.164546443896206,21.99452834809261,-1.6360097144846721,-0.39176862144494673,-0.087,0.8113926437876127,-8.537664593036752,105.05058015107412,-54.86906421018893,0.05297186768447293,0.11773953908861029,0.07697828081660076,-5436.28748219353,-4752.336086147843,1821.3113940494916,0.4444444444444444,0.0,0.15,0.9132179816054641,0.8745993041649109,1.0,-0.06075855558794416,0.0017322902948691565
4.133333333333333,21.96958684997195,1.165660532604679,22.00048887719845,-1.6425385416297287,-0.3917062099108839,-0.087,0.8108433930407206,-8.538880432387781,105.04460440711208,-55.235652485902946,0.053008213166369125,0.11778552646900435,0.07700429042786135,-5436.986270504949,-4753.007724120565,1820.821113190078,0.4444444444444444,0.0,0.15,0.9133178522977328,0.8746940972015417,1.0,-0.06076720814649697,0.001731117666862758
4.15,21.975481490471996,1.1667700599688973,22.006434038955906,-1.6490663267450032,-0.39164362489539684,-0.087,0.8102958707825121,-8.540088848228914,105.03624667314712,-55.60229339891954,0.053044368540918964,0.11783131364435005,0.07703012224131088,-5437.68158482302,-4753.6740674001785,1820.3323547236653,0.4444444444444444,0.0,0.15,0.9134171907053621,0.8747881002377105,1.0,-0.060775807875410745,0.0017299487291094014
4.166666666666667,21.981361019215367,1.167874981083465,22.012363894605265,-1.6555930671822348,-0.3915808897179561,-0.087,0.8097500739288569,-8.541289779289682,105.02550633400895,-55.96897122149749,0.05308033184619147,0.11787689730289876,0.07705577551565278,-5438.373383689828,-4754.335087806893,1819.8451110958863,0.4444444444444444,0.0,0.15,0.913515989818583,0.8748813080774783,1.0,-0.060784354338652286,0.0017287834750245928
4.183333333333334,21.987225500084143,1.1689752608169468,22.018278505640545,-1.6621187606800263,-0.391518027515836,-0.087,0.8092059989100827,-8.542483180604199,105.01238288042988,-56.335670223261026,0.053116101565073987,0.117922274592549,0.07708124994595003,-5439.061632004266,-4754.990770281318,1819.3593747925781,0.4444444444444444,0.0,0.15,0.9136142436800878,0.8749737176495883,1.0,-0.060792847216220455,0.0017276218969872277
4.2,21.99307499663154,1.1700708734691667,22.02417793372548,-1.668643405359999,-0.39145506116719714,-0.087,0.8086636416883561,-8.543669022880577,104.9968759090432,-56.70237467193169,0.053151676609291175,0.117967443109382,0.07710654564321552,-5439.746300855683,-4755.641112282349,1818.8751383452948,0.4444444444444444,0.0,0.15,0.9137119473575221,0.8750653279113716,1.0,-0.060801286299658634,0.001726463986376696
4.216666666666667,21.998909572018285,1.1711618024116335,22.030062240612615,-1.6751669997217198,-0.39139201321920236,-0.087,0.8081229977759787,-8.544847291846175,104.97898512237205,-57.0690688340587,0.05318705630268056,0.1180124008851384,0.07713166311354588,-5440.427367343266,-4756.286123171424,1818.3923943364612,0.4444444444444444,0.0,0.15,0.9138090969136157,0.8751561397503586,1.0,-0.06080967148739513,0.0017253097336119437
4.233333333333333,22.00472928895318,1.1722480397132855,22.035931488065703,-1.6816895426364808,-0.39132890582115404,-0.087,0.8075840622544759,-8.546017987572503,104.95871032880915,-57.43573697574744,0.053222240363824565,0.11805714637373894,0.07715660323689845,-5441.104814382678,-4756.925823586131,1817.9111354041652,0.4444444444444444,0.0,0.15,0.9139056893742038,0.875246155884083,1.0,-0.06081800277993884,0.0017241591281922277
4.25,22.010534209637836,1.1733295857536783,22.041785737785457,-1.6882110333400178,-0.3912657606626252,-0.087,0.8070468297943616,-8.547181123783368,104.93605144258736,-57.80236336338621,0.05325722888813645,0.11810167843694873,0.07718136724560687,-5441.778630501352,-4757.560244806039,1817.431354246597,0.4444444444444444,0.0,0.15,0.914001722694371,0.8753353807585375,1.0,-0.060826280274955666,0.0017230121587393126
4.266666666666667,22.016324395715525,1.1744064488256767,22.047625051338795,-1.6947314714242483,-0.39120259891654,-0.087,0.8065112946754665,-8.548336727149657,104.91100848374172,-58.16893226437091,0.05329202232949406,0.11814599632928333,0.07720595670272691,-5442.4488096238765,-4758.189428113451,1816.9530436261273,0.4444444444444444,0.0,0.15,0.9140971957229546,0.8754238204457232,1.0,-0.0608345041622498,0.0017218688130408685
4.283333333333333,22.02209990822418,1.175478644729636,22.053449490091634,-1.7012508568281128,-0.39113944118714405,-0.087,0.805977450807728,-8.54948483657413,104.88358157806277,-58.53542794782765,0.053326621481511766,0.1181900996822515,0.07723037348029926,-5443.115350848783,-4758.813424151701,1816.4761963730377,0.4444444444444444,0.0,0.15,0.9141921081656245,0.8755114825407165,1.0,-0.06084267471867397,0.0017207290780948603
4.3,22.027860807553495,1.1765461963609813,22.05925911514534,-1.707769189827599,-0.3910763074627904,-0.087,0.8054452917523253,-8.550625502469355,104.85377095704166,-58.9018346853332,0.05336102745853755,0.1182339884880274,0.0772546197376124,-5443.778258218079,-4759.4322922834035,1816.0008053888996,0.4444444444444444,0.0,0.15,0.9142864605467625,0.8755983760586422,1.0,-0.06085079230299073,0.0017195929401546668
4.316666666666666,22.03360715340603,1.1776091332930234,22.065053987276816,-1.714286471025028,-0.39101321707345554,-0.087,0.8049148107430725,-8.551758786031746,104.82157695780734,-59.26813675163314,0.05339524167645857,0.1182776630826414,0.07727869789954338,-5444.43754048075,-4760.046099951004,1815.5268636496085,0.4444444444444444,0.0,0.15,0.9143802541703433,0.8756845113319378,1.0,-0.060858857350706314,0.001718460384774757
4.333333333333333,22.039339004762343,1.1786674913567563,22.07083416688232,-1.720802701337681,-0.39095018865288594,-0.087,0.8043860007079708,-8.552884758514592,104.78700002305592,-59.63431842535772,0.053429265833394496,0.11832112412877642,0.07730261063505073,-5445.093210851458,-4760.65492204177,1815.0543642080854,0.4444444444444444,0.0,0.15,0.9144734910800196,0.8757698999082555,1.0,-0.06086687036889694,0.0017173313968567008
4.35,22.045056419849963,1.1797213122193144,22.07659971392498,-1.7273178819858424,-0.3908872401052655,-0.087,0.8038588542908327,-8.55400350050275,104.75004070097258,-60.00036398973522,0.05346310189035432,0.11836437259825246,0.07732636083588852,-5445.7452867655675,-4761.25884025929,1814.5833001966455,0.4444444444444444,0.0,0.15,0.9145661740185992,0.8758545544493366,1.0,-0.06087483193104726,0.0017162059606953364
4.366666666666666,22.050759456116232,1.1807706429626739,22.08235068788606,-1.7338320144803336,-0.39082438857628454,-0.087,0.8033333638728892,-8.555115101191513,104.71069964514614,-60.36625773330296,0.053496752051928394,0.11840740975427971,0.0773499515956069,-5446.393789631624,-4761.857942503355,1814.1136648290453,0.4444444444444444,0.0,0.15,0.9146583063871,0.8759384886311683,1.0,-0.060882742671918344,0.001715084060024903
4.383333333333333,22.056448170204835,1.1818155356641027,22.088087147719904,-1.7403451006096091,-0.3907616504284819,-0.087,0.8028095215943077,-8.55621965767205,104.66897761447677,-60.731983950615735,0.05353021874708357,0.1184502371335564,0.07737338618889894,-5447.038744582295,-4762.452322260008,1813.645451402218,0.4444444444444444,0.0,0.15,0.9147498922035512,0.8760217170457097,1.0,-0.06089060328246254,0.0017139656780649768
4.4,22.062122617935962,1.1828560469797784,22.0938091518126,-1.746857142426485,-0.39069904122072135,-0.087,0.8022873193755418,-8.557317274225625,104.62487547307691,-61.09752694295172,0.05356350461012508,0.11849285652828433,0.07739666805135054,-5447.680180224813,-4763.042078003386,1813.1786532977046,0.4444444444444444,0.0,0.15,0.9148409360617094,0.876104255104456,1.0,-0.060898414504800664,0.001712850797566055
4.416666666666667,22.067782854289977,1.1838922377329089,22.099516757944254,-1.7533681422345666,-0.39063657569166166,-0.087,0.8017667489384428,-8.558408061628667,104.57839419016554,-61.46287101901585,0.05359661246188534,0.11853526996817171,0.07741980075964451,-5448.318128391806,-4763.6273126108645,1812.7132639827923,0.4444444444444444,0.0,0.15,0.91493144308984,0.8761861189440846,1.0,-0.06090617712727665,0.001711739400854627
4.433333333333334,22.07342893339446,1.1849241725076014,22.10521002325489,-1.7598781025744419,-0.39057426774706566,-0.087,0.8012478018270698,-8.559492136470606,104.52953483995644,-61.82800049564063,0.05362954529119545,0.11857747970248889,0.07744278801226671,-5448.952623893446,-4764.2081327928745,1812.2492770113695,0.4444444444444444,0.0,0.15,0.9150214189097163,0.8762673253344129,1.0,-0.060913891979602806,0.0017106314698776028
4.45,22.079060908514542,1.1859519192496462,22.110889004213895,-1.766387026209701,-0.390512130450796,-0.087,0.8007304694281395,-8.560569620486241,104.47829860154023,-62.19289969848428,0.05366230623669143,0.11861948818223884,0.07746563361075662,-5449.5837042717085,-4764.784648538645,1811.7866860245092,0.4444444444444444,0.0,0.15,0.915110869595966,0.8763478915888664,1.0,-0.06092155992810859,0.001709526986245973
4.466666666666667,22.084678832046354,1.1869755488752902,22.116553756592914,-1.7728949161128438,-0.39045017601933446,-0.087,0.8002147429910555,-8.561640639904265,104.42468675876063,-62.55755296272639,0.05369489856900325,0.11866129804250142,0.07748834144154228,-5450.211409557549,-4765.3569725790085,1811.3254847507933,0.4444444444444444,0.0,0.15,0.9151998016359004,0.8764278354776514,1.0,-0.06092918187110444,0.00170842593127757
4.483333333333333,22.090282755513474,1.1879951348889972,22.12220433544216,-1.7794017754511289,-0.39038841581966155,-0.087,0.7997006136474722,-8.562705324813384,104.36870070008521,-62.92194463376091,0.05372732567337102,0.11870291208500539,0.07751091545839343,-5450.835782031688,-4765.925219867256,1810.8656670063876,0.4444444444444444,0.0,0.15,0.9152882218899409,0.8765071751437906,1.0,-0.06093675873437067,0.0017073282860388364
4.5,22.095872729566256,1.1890107530111045,22.12784079507004,-1.7859076075724236,-0.39032686037032854,-0.087,0.7991880724303423,-8.563763808547437,104.31034191847078,-63.28605906788666,0.05375959103272851,0.11874433326097994,0.07753335966552466,-5451.456865989698,-4766.489507078956,1810.4072266948817,0.4444444444444444,0.0,0.15,0.9153761375527557,0.8765859290221738,1.0,-0.06094429146678169,0.0017062340313854915
4.516666666666667,22.10144880398387,1.190022480816205,22.133463189025978,-1.7924124159911028,-0.3902655193455513,-0.087,0.7986771102924071,-8.564816227090637,104.2496120112235,-63.64988063299518,0.053791698211290866,0.11878556465433257,0.07755567810137448,-5452.074707512007,-4767.049952131507,1809.9501578069023,0.4444444444444444,0.0,0.15,0.9154635561152099,0.8766641157617517,1.0,-0.06095178103607338,0.0017051431480020053
4.533333333333333,22.107011027678908,1.1910303973830063,22.139071570086383,-1.7989162043740434,-0.39020440158215475,-0.087,0.7981677181240954,-8.565862718504038,104.18651267985412,-64.01339370925616,0.05382365083867941,0.11882660946519738,0.07757787482308476,-5452.689354239368,-4767.6066737240835,1809.4944544195207,0.4444444444444444,0.0,0.15,0.9155504853272189,0.8767417541509844,1.0,-0.06095922842476153,0.001704055616439814
4.55,22.112559448704435,1.1920345829563306,22.144665990243602,-1.805418976526767,-0.3901435150891952,-0.087,0.7976598867707922,-8.566903422374137,104.12104572992841,-64.37658268980029,0.05385545259461275,0.11886747099389386,0.07759995389169884,-5453.300855154324,-4768.1597908985605,1809.0401106954564,0.4444444444444444,0.0,0.15,0.9156369331615941,0.8768188630466379,1.0,-0.06096663462621779,0.0017029714171541875
4.566666666666666,22.118094114263318,1.1930351186218553,22.15024650069779,-1.8119207363797651,-0.39008286706008705,-0.087,0.7971536070494516,-8.56793847928443,104.05321307091313,-64.73943198139965,0.053887107194190265,0.11890815262533275,0.07762191935809523,-5453.909260369138,-4768.709422621842,1808.5871208820975,0.4444444444444444,0.0,0.15,0.9157229077789559,0.8768954613060077,1.0,-0.060974000640908986,0.0017018905305396952
4.583333333333333,22.123615070719687,1.1940320859941047,22.155813151851564,-1.8184214879750542,-0.3900224638870613,-0.087,0.7966488697645265,-8.568968030310609,103.98301671601742,-65.10192600514578,0.0539186183737901,0.11894865781390221,0.07764377524966888,-5454.514620920595,-4769.255687390018,1808.1354793103474,0.4444444444444444,0.0,0.15,0.9158084174937859,0.876971567722633,1.0,-0.06098132747280464,0.0017008129369642188
4.6,22.129122363612392,1.1950255669181413,22.16136599330732,-1.824921235452992,-0.38996231117778324,-0.087,0.7961456657231947,-8.569992216539903,103.91045878202999,-65.46404919712519,0.05394998987760095,0.1189889900688637,0.07766552555776958,-5455.1169885720565,-4769.798702854525,1807.6851803933114,0.4444444444444444,0.0,0.15,0.9158934707416755,0.8770472009655418,1.0,-0.06098861612595643,0.0016997386168014564
4.616666666666666,22.134616037670288,1.1960156431853282,22.166905073867095,-1.8314199830393931,-0.3899024137739594,-0.087,0.7956439857498641,-8.571011178615116,103.83554148915232,-65.82578600909262,0.05398122544480334,0.11902915294028446,0.07768717422590359,-5455.716415623084,-4770.338585470592,1807.2362186248342,0.4444444444444444,0.0,0.15,0.9159780760478273,0.8771223795220674,1.0,-0.06099586760125324,0.0016986675504618923
4.633333333333333,22.140096136829218,1.1970023962634648,22.172430441534832,-1.8379177350329736,-0.38984277577176374,-0.087,0.7951438206999399,-8.5720250563036,103.7582671608278,-66.18712090914201,0.054012328797413155,0.11906915000552915,0.07770872513870154,-5456.312954726931,-4770.875450167979,1806.7885885779049,0.4444444444444444,0.0,0.15,0.9160622419968592,0.8771971216442465,1.0,-0.061003082893353766,0.0016975997184221886
4.65,22.145562704250562,1.1979859070415397,22.177942143520973,-1.8444144957931536,-0.3897834005439176,-0.087,0.7946451614728451,-8.573033988091458,103.67863822356715,-66.5480383823752,0.05404330362879725,0.1191089848563309,0.07773018211165314,-5456.90665871612,-4771.409410044066,1806.3422849029332,0.4444444444444444,0.0,0.15,0.916145977203942,0.8772714452988095,1.0,-0.061010262987798686,0.0016965351012529833
4.666666666666667,22.151015782341144,1.1989662555892673,22.183440226249132,-1.8509102697282431,-0.38972429076325854,-0.087,0.7941479990242853,-8.574038110803068,103.5966572067701,-66.90852293156837,0.05407415359286787,0.11914866108645852,0.07775154888160588,-5457.4975804363185,-4771.9405760792015,1805.8973023259214,0.4444444444444444,0.0,0.15,0.9162292902873134,0.877345368120748,1.0,-0.06101740885830293,0.0016954736796450755
4.683333333333334,22.156455412774445,1.1999435209315266,22.188924735364882,-1.8574050612840347,-0.3896654484276384,-0.087,0.7936523243777565,-8.575037559246029,103.51232674254362,-67.26855907783646,0.05410488229396002,0.11918818227999359,0.07777282909802298,-5458.085772588673,-4772.469056874184,1805.4536356465335,0.4444444444444444,0.0,0.15,0.9163121898421872,0.8774189073704489,1.0,-0.06102452146422896,0.0016944154344339945
4.7,22.161881636512923,1.2009177808377582,22.194395715746374,-1.8638988749328251,-0.38960687488599255,-0.087,0.7931581286352865,-8.576032465881395,103.42564956551657,-67.62813136129533,0.054135493277393365,0.11922755200022887,0.0777940263149933,-5458.671287580698,-4772.994958409654,1805.0112797360769,0.4444444444444444,0.0,0.15,0.9163946844160809,0.877492079894352,1.0,-0.06103160174824,0.0016933603466229316
4.716666666666667,22.167294493831314,1.2018891116263128,22.199853211516736,-1.8703917151628795,-0.3895485708654285,-0.087,0.7926654029874212,-8.577022960519123,103.33662851265116,-67.98722434172204,0.054165990020717474,0.11926677377919556,0.07781514398398298,-5459.254177385845,-4773.51838382711,1804.5702295354095,0.4444444444444444,0.0,0.15,0.9164767824855743,0.8775649020890994,1.0,-0.06103865063413264,0.0016923083974040604
4.733333333333333,22.172694024340814,1.2028575879837047,22.205297266058132,-1.8768835864683582,-0.3894905364991836,-0.087,0.7921741387224482,-8.578009170038486,103.24526652305109,-68.34582259921295,0.05419637592563717,0.11930585110782556,0.0778361854473176,-5459.834493411757,-4774.039433231244,1804.1304800527796,0.4444444444444444,0.0,0.15,0.9165584924345089,0.8776373898691181,1.0,-0.06104566902484718,0.0016912595681782296
4.75,22.17808026701394,1.2038232827986617,22.210727922027257,-1.8833744933397174,-0.38943277135530874,-0.087,0.7916843272348765,-8.578991218133162,103.15156663776649,-68.70391073484001,0.054226654310612354,0.11934478742675159,0.0778571539323808,-5460.412286377253,-4774.558203513161,1803.6920263616153,0.4444444444444444,0.0,0.15,0.916639822533628,0.8777095586375758,1.0,-0.061052657800653505,0.001690213840573065
4.766666666666667,22.18345326021005,1.2047862670108247,22.216145221372265,-1.8898644402545937,-0.3893752744659378,-0.087,0.7911959600331682,-8.579969225080637,103.0555319995959,-69.06147337130518,0.054256828404124484,0.1193835861177456,0.0778780525465135,-5460.987606198017,-4775.074788194067,1803.2548635982657,0.4444444444444444,0.0,0.15,0.916720780921657,0.8777814232606422,1.0,-0.061059617817510105,0.00168917119645948
4.783333333333333,22.18881304170132,1.2057466094739,22.221549205350925,-1.8963534316691797,-0.3893180443570088,-0.087,0.790709028746742,-8.580943307535492,102.95716585288515,-69.41849515359284,0.054286901338600126,0.11942225049579419,0.07789888427259709,-5461.560501880943,-4775.589277288908,1802.8189869597102,0.4444444444444444,0.0,0.15,0.9168013755878163,0.8778529980449747,1.0,-0.06106654990559294,0.0016881316179666224
4.8,22.194159648699063,1.2067043768330303,22.22693991454986,-1.9028414720101021,-0.38926107907830787,-0.087,0.790223525132256,-8.581913578346038,102.85647154332331,-69.77496074962063,0.054316876144980146,0.11946078380180661,0.0779196519653009,-5462.131021427068,-4776.1017571894445,1802.3843917012432,0.4444444444444444,0.0,0.15,0.9168816143557527,0.8779242967183455,1.0,-0.0610734548679905,0.0016870950874952936
4.816666666666666,22.19949311788034,1.207659633416108,22.232317388904814,-1.9093285656667993,-0.38920437623371124,-0.087,0.7897394410791903,-8.582880146393848,102.75345251773574,-70.1308548508883,0.05434675574792111,0.11949918919595015,0.07794035834797465,-5462.699211742991,-4776.612310566143,1801.9510731341452,0.4444444444444444,0.0,0.15,0.9169615048688755,0.8779953324133155,1.0,-0.06108033347956189,0.0016860615877298626
4.833333333333333,22.20481348541471,1.2086124411387245,22.2376816677218,-1.9158147169844055,-0.38914793301150874,-0.087,0.789256768614734,-8.583843116455444,102.64811232387427,-70.48616217312505,0.054376542961614295,0.11953746975160454,0.07796100601016363,-5463.2651185606455,-4777.121016288313,1801.5190266233421,0.4444444444444444,0.0,0.15,0.9170410545770742,0.8780661176538612,1.0,-0.061087186485952516,0.0016850311016487036
4.85,22.210120786990988,1.2095628594224093,22.243032789698965,-1.9222999302571409,-0.38909174621469494,-0.087,0.7887754999080121,-8.584802589085633,102.54045461020463,-70.84086745693517,0.054406240486206126,0.11957562844992582,0.07798159740572444,-5463.828786365306,-4777.627949361807,1801.088247585075,0.4444444444444444,0.0,0.15,0.9171202707247956,0.8781366643448483,1.0,-0.06109401460276375,0.0016840036125332159
4.866666666666666,22.215415057844016,1.210510945125792,22.24837079294913,-1.9287842097222032,-0.3890358122911228,-0.087,0.788295627273653,-8.585758660521693,102.43048312569101,-71.19495546844196,0.05443585090480231,0.11961366817500887,0.07800213485151791,-5464.390258331608,-4778.133180883625,1800.6587314845704,0.4444444444444444,0.0,0.15,0.9171991603404497,0.878206983764244,1.0,-0.0611008185148712,0.001682979103975444
4.883333333333333,22.220696332781227,1.2114567524882822,22.253695715022854,-1.935267559554161,-0.3889801273634172,-0.087,0.7878171431747305,-8.586711422607726,102.3182017195779,-71.54841099993021,0.054465376681037264,0.11965159170963502,0.0780226205266542,-5464.949576267454,-4778.636778012706,1800.2304738337345,0.4444444444444444,0.0,0.15,0.9172777302271168,0.878277086557958,1.0,-0.061107598875886265,0.001681957559884357
4.9,22.225964646209018,1.2124003330858502,22.259007592931898,-1.9417499838598424,-0.38892468725855606,-0.087,0.787340040225097,-8.587660962738418,102.2036143411692,-71.90121887048706,0.054494820157188886,0.11968940173159112,0.0780430564722657,-5465.506780565556,-4779.138803956202,1799.8034701888703,0.4444444444444444,0.0,0.15,0.9173559869545187,0.8783469827371961,1.0,-0.06111435630775595,0.00168093896449083
4.916666666666667,22.23122003215879,1.213341735798458,22.26430646317304,-1.9482314866737116,-0.3888694875370284,-0.087,0.7868643111911306,-8.588607363821382,102.08672503960453,-72.2533639266413,0.054524183552818045,0.11972710081054402,0.07806344459178143,-5466.061910162397,-4779.639317970477,1799.377716148423,0.4444444444444444,0.0,0.15,0.9174339368522173,0.8784166816782047,1.0,-0.06112109140049485,0.001679923302351375
4.933333333333334,22.236462524312618,1.2142810067886827,22.269592361752093,-1.9547120719537259,-0.3888145235214873,-0.087,0.7863899489929203,-8.589550704257304,101.96753796363296,-72.60483104300137,0.0545534689639113,0.1197646914054542,0.07808378665167719,-5466.615002504404,-4780.138375376089,1798.9532073507642,0.4444444444444444,0.0,0.15,0.9175115860040051,0.878486192124291,1.0,-0.061127804712043904,0.0016789105583506693
4.95,22.24169215602843,1.215218189491048,22.274865324208058,-1.9611917435776665,-0.38875979032482155,-0.087,0.7859169467049132,-8.590491057937037,101.84605736138379,-72.95560512289167,0.05458267836250476,0.11980217586251019,0.07810408428267465,-5467.166093521043,-4780.636027585975,1798.529939472021,0.4444444444444444,0.0,0.15,0.91758894024344,0.8785555221899902,1.0,-0.06113449676824964,0.0016779007177029398
4.966666666666667,22.2469089603647,1.2161533246115717,22.280125385637284,-1.9676705053399277,-0.3887052828775739,-0.087,0.7854452975560522,-8.591428494254764,101.72228758013485,-73.3056710989876,0.05461181359676613,0.11983955641356545,0.07812433898136283,-5467.715217604596,-4781.132322146089,1798.107908223949,0.4444444444444444,0.0,0.15,0.917666005150487,0.8786246793672612,1.0,-0.06114116806295794,0.0016768937659522546
4.983333333333333,22.25211297010451,1.2170864501370244,22.285372580717613,-1.9741483609487571,-0.38865099595464214,-0.087,0.7849749949294225,-8.592363078136424,101.5962330660779,-73.65501393394918,0.05464087639151199,0.11987683517505812,0.07814455211221481,-5468.262407596357,-4781.627302787684,1797.6871093518603,0.4444444444444444,0.0,0.15,0.9177427860492193,0.8786936705335807,1.0,-0.06114781905821627,0.0016758896889717692
5.0,22.257304217778998,1.2180176013533848,22.290606943732364,-1.9806253140239332,-0.3885969242012036,-0.087,0.7845060323614422,-8.593294870082437,101.46789836408132,-74.00361862105318,0.0546698683491363,0.1199140141473928,0.078164724909973,-5468.807694778928,-4782.121009490498,1797.2675386326098,0.4444444444444444,0.0,0.15,0.9178192880065305,0.878762501961815,1.0,-0.06115445018457773,0.0016748884729619999
5.016666666666667,22.262482735690124,1.2189468108729697,22.29582850859412,-1.9871013680948648,-0.3885430621578093,-0.087,0.7840384035406152,-8.594223926223924,101.33728811745,-74.35147018482401,0.05469879095092671,0.11995109521476424,0.07818485848237591,-5469.351108874383,-4782.613478556017,1796.849191872639,0.4444444444444444,0.0,0.15,0.9178955158318144,0.8788311793317384,1.0,-0.0611610618415012,0.001673890104448159
5.033333333333333,22.26764855593264,1.2198741086697158,22.30103730886821,-1.993576526599102,-0.38848940428460027,-0.087,0.7835721023058764,-8.595150298391488,101.20440706768255,-74.69855368166307,0.054727645558744376,0.11998808014540077,0.07820495381319961,-5469.892678047948,-4783.104742690092,1796.4320649060892,0.4444444444444444,0.0,0.15,0.9179714740775609,0.8788997077430818,1.0,-0.06116765439784079,0.001672894570276623
5.05,22.27280171041536,1.22079952212208,22.30623337779588,-2.0000507928812388,-0.38843594498460443,-0.087,0.7831071226445587,-8.596074034195688,101.0692600542256,-75.04485420047692,0.054756433417043116,0.12002497059220613,0.07822501176558753,-5470.432428916949,-4783.59483109411,1796.016153592978,0.4444444444444444,0.0,0.15,0.9180471670408192,0.8789680917299801,1.0,-0.0611742281924185,0.001671901857610592
5.066666666666666,22.27794223088155,1.2217230760630358,22.311416748317004,-2.006524170192196,-0.38838267862607595,-0.087,0.7826434586899987,-8.59699517711832,100.93185201422524,-75.39035686330398,0.05478515565520403,0.1200617680937772,0.07824503308564242,-5470.970386564693,-4784.083769563962,1795.6014538174488,0.4444444444444444,0.0,0.15,0.9181225987654806,0.8790363352766998,1.0,-0.0611807835346739,0.001670911953924979
5.083333333333333,22.283070148928484,1.2226447928366326,22.316587453092335,-2.0129966616888653,-0.38832959956384694,-0.087,0.7821811047188227,-8.597913766613624,100.79218798227575,-75.73504682593985,0.05481381329016151,0.12009847407577565,0.07826501840625448,-5471.506574558994,-4784.571580596072,1795.1879614860934,0.4444444444444444,0.0,0.15,0.918197773045326,0.8791044418345242,1.0,-0.06118732070538432,0.001669924847000613
5.1,22.288185496026163,1.2235646923605976,22.321745524525237,-2.019468270434097,-0.3882767021596639,-0.087,0.7817200551479232,-8.598829838218576,100.65027309016517,-76.07890927856144,0.054842407229296605,0.12013508985263051,0.07828496825114052,-5472.041014975036,-4785.058283499754,1794.7756725263475,0.4444444444444444,0.0,0.15,0.9182726934277944,0.8791724143396811,1.0,-0.06119383995744974,0.0016689405249177866
5.116666666666666,22.29328830353509,1.2244827921944572,22.326890994782833,-2.0259389993970216,-0.3882239808014878,-0.087,0.7812603045311619,-8.599743423671372,100.5061125666183,-76.42192944634947,0.0548709382735745,0.12017161662954956,0.07830488303906932,-5472.57372842227,-4785.543894515159,1794.3645828849646,0.4444444444444444,0.0,0.15,0.9183473632184156,0.8792402552321922,1.0,-0.06120034151673602,0.0016679589760492167
5.133333333333333,22.29837860272315,1.2253991076126678,22.33202389581651,-2.0324088514536736,-0.3881714299217407,-0.087,0.7808018475558243,-8.600654551037305,100.35971173703628,-76.76409259010981,0.05489940712090263,0.12020805550481681,0.07832476308824884,-5473.104734075042,-4786.028426936125,1793.9546885265677,0.4444444444444444,0.0,0.15,0.9184217854858622,0.8793079664755321,1.0,-0.061206825582970706,0.0016669801890524735
5.15,22.30345642478159,1.2263136516822477,22.3371442593818,-2.0388778293879155,-0.388119044014488,-0.087,0.7803446790388442,-8.601563244841175,100.21107602323359,-77.1053840068934,0.05492781436968659,0.12024440747235371,0.07834460862085176,-5473.634049706655,-4786.51189123723,1793.5459854322762,0.4444444444444444,0.0,0.15,0.9184959630675684,0.8793755495769867,1.0,-0.06121329233068528,0.0016660041528619217
5.166666666666667,22.308521800840005,1.2272264353444158,22.342252117057537,-2.045345935892634,-0.3880668176515462,-0.087,0.7798887939228318,-8.602469526205471,100.0602109431718,-77.44578903061468,0.05495616052256152,0.12028067342452199,0.07836441976765665,-5474.161691726558,-4786.994295204413,1793.1384695984161,0.4444444444444444,0.0,0.15,0.9185698985758666,0.8794430056086041,1.0,-0.06121974191019861,0.0016650308566802394
5.183333333333334,22.31357476198044,1.2281374674997525,22.34734750026426,-2.0518131735711935,-0.38801474549751463,-0.087,0.7794341872719233,-8.603373412993506,99.90712211069024,-77.7852930326686,0.05498444599027699,0.12031685415514608,0.07838419657278249,-5474.687675220385,-4787.475644068485,1792.732137035308,0.4444444444444444,0.0,0.15,0.9186435944045955,0.8795103352286319,1.0,-0.0612261744486355,0.001664060289969558
5.2,22.318615339250492,1.2290467550964033,22.35243044028189,-2.05827954493913,-0.3879628223237304,-0.087,0.7789808542674775,-8.604274919956733,99.7518152352336,-78.12388142254636,0.05501267109571403,0.12035295036273355,0.07840393899849506,-5475.212013992537,-4787.955940640923,1792.3269837661335,0.4444444444444444,0.0,0.15,0.9187170527361299,0.8795775387033383,1.0,-0.061232590050975144,0.0016630924424422754
5.216666666666667,22.323643563675514,1.2299543032208708,22.357500968266617,-2.0647450524260647,-0.3879110430211508,-0.087,0.7785287902036431,-8.605174058885583,99.59429612157633,-78.46153964844945,0.055040836078013494,0.12038896265387236,0.07842364693006486,-5475.734720611047,-4788.43518545135,1791.9230058258827,0.4444444444444444,0.0,0.15,0.918790275548786,0.8796446159291266,1.0,-0.06123898880112449,0.0016621273040515895
5.233333333333333,22.32865946626986,1.2308601151909442,22.362559115266983,-2.0712096983778223,-0.38785940261217167,-0.087,0.7780779904828161,-8.606070838763008,99.43457066954402,-78.79825319790234,0.0550689410967958,0.12042489154678412,0.07844332018065692,-5476.255806454434,-4788.913376886136,1791.520199260378,0.4444444444444444,0.0,0.15,0.918863264624558,0.8797115664548429,1.0,-0.061245370763011016,0.0016611648649818035
5.25,22.33366307804718,1.2317641926503298,22.367604912239116,-2.0776734850587366,-0.3878078962613914,-0.087,0.7776284506110126,-8.606965265920108,99.27264487373121,-79.13400759836365,0.055096986236452386,0.12046073747501287,0.07846295849623326,-5476.77528176028,-4789.390511327554,1791.1185601253776,0.4444444444444444,0.0,0.15,0.9189360215571395,0.8797783895041925,1.0,-0.06125173598169018,0.001660205115638444
5.266666666666667,22.338654430029834,1.2326665356645743,22.37263839006117,-2.08413641465412,-0.3877565192853366,-0.087,0.7771801661931768,-8.607857344193206,99.10852482321629,-79.46878841783567,0.05512497151049052,0.12049650079123,0.07848256156045073,-5477.2931556752865,-4789.866583292985,1790.718084485755,0.4444444444444444,0.0,0.15,0.9190085477601889,0.8798450839981775,1.0,-0.0612580844844633,0.0016592480466382455
5.283333333333333,22.34363355325734,1.2335671428178698,22.3776595795469,-2.090598489272891,-0.3877052671611651,-0.087,0.7767331329284373,-8.608747075081634,98.94221670127288,-79.80258126547241,0.05515289686591308,0.12053218177113573,0.07850212899953668,-5477.809436306529,-4790.34158557365,1790.318768414754,0.4444444444444444,0.0,0.15,0.9190808444757944,0.8799116485774751,1.0,-0.06126441628200041,0.001658293648799023
5.3,22.348600478793998,1.2344660113103614,22.38266851145841,-2.097059710950331,-0.38765413553436745,-0.087,0.7762873466053433,-8.609634457905793,98.77372678507793,-80.13537179218596,0.05518076218761641,0.12056778061743878,0.0785216603871264,-5478.324130773692,-4790.815509372456,1789.9206079933167,0.4444444444444444,0.0,0.15,0.9191529127831009,0.8799780816246835,1.0,-0.06127073136946513,0.0016573419131295003
5.316666666666666,22.35355523773558,1.2353631370555884,22.387665216518037,-2.103520081650961,-0.3876031202254885,-0.087,0.7758428030970854,-8.61051948996474,98.60306144541642,-80.46714569125129,0.05520856730278977,0.12060329746389624,0.07854115524904766,-5478.83724526203,-4791.288344440437,1789.523599309485,0.4444444444444444,0.0,0.15,0.9192247536070567,0.8800443812863583,1.0,-0.061277029727636115,0.001656392830819107
5.333333333333333,22.35849786121521,1.2362585147777099,22.3926497254194,-2.109979603271523,-0.38755221723589434,-0.087,0.7753994983567292,-8.61140216669291,98.43022714638272,-80.79788869890912,0.055236311985300754,0.12063873237939643,0.07856061306803754,-5479.348785075847,-4791.7600792114345,1789.1277384578716,0.4444444444444444,0.0,0.15,0.9192963677272481,0.8801105454947749,1.0,-0.061283311324022365,0.0016554463932278022
5.35,22.36342838040837,1.2371521381081811,22.397622068837578,-2.116438277644041,-0.387501422752612,-0.087,0.7749574284124696,-8.612282481815384,98.25523044507841,-81.12758659496734,0.05526399596005196,0.1206740853720682,0.07858003328837868,-5479.858754692262,-4792.230700934619,1788.7330215392017,0.4444444444444444,0.0,0.15,0.919367755786779,0.8801765719893527,1.0,-0.06128957611396824,0.0016545025918759445
5.366666666666666,22.368346826537135,1.2380439996815702,22.402582277438498,-2.1228961065389615,-0.38745073315226985,-0.087,0.7745165893629262,-8.613160427501228,98.07807799130671,-81.45622520340048,0.05529161890729497,0.12070935639340077,0.07859941532044247,-5480.36715781506,-4792.700195804464,1788.3394446599168,0.4444444444444444,0.0,0.15,0.9194389183011682,0.8802424583376839,1.0,-0.061295824041744655,0.0016535614184342447
5.383333333333333,22.373253230873615,1.2389340912302156,22.40753038188745,-2.1293530916683445,-0.3874001450041699,-0.087,0.7740769773724939,-8.614035994514508,97.89877652726328,-81.78379039294744,0.055319180466888475,0.12074454534235922,0.0786187585451278,-5480.87399742844,-4793.168549087878,1787.9470039318476,0.4444444444444444,0.0,0.15,0.9195098556672269,0.8803082019561085,1.0,-0.06130205504162379,0.0016526228647138425
5.4,22.37814762474263,1.2398224036774548,22.412466412856816,-2.1358092346890993,-0.38734965507252456,-0.087,0.7736385886667587,-8.614909172362493,97.7173328872237,-82.11026807770726,0.05534668024248854,0.12077965206948121,0.078638062318185,-5481.379275850472,-4793.635745248157,1787.555695471944,0.4444444444444444,0.0,0.15,0.91958056817189,0.8803738001297892,1.0,-0.06130826903893382,0.001651686922656517
5.416666666666667,22.38303003952368,1.240708927229157,22.41739040103298,-2.14226453720625,-0.38729926031788975,-0.087,0.7732014195279951,-8.61577994944073,97.53375399722722,-82.43564421773307,0.05537411780565923,0.12081467638094145,0.07865732597441524,-5481.882994786078,-4794.101768065503,1787.1655154020686,0.4444444444444444,0.0,0.15,0.9196510560009699,0.880439250032239,1.0,-0.06131446595109127,0.0016507535843250756
5.433333333333334,22.387900506652198,1.2415936514633288,22.422302377122467,-2.148719000776215,-0.3872489578978314,-0.087,0.7727654662907544,-8.616648313174576,97.34804687475697,-82.75990481962411,0.05540149269989342,0.12084961804257117,0.07867654883173707,-5482.385155379381,-4794.566600753844,1786.776459848843,0.4444444444444444,0.0,0.15,0.9197213192478043,0.8805045487442602,1.0,-0.06132064568860829,0.0016498228418939343
5.45,22.392759057620164,1.2424765654175682,22.4272023718573,-2.15517262691009,-0.38719874516685837,-0.087,0.7723307253375566,-8.61751425015691,97.1602186284166,-83.08303593711562,0.055428804444533866,0.12088447678382061,0.07869573019511211,-5482.885758265285,-4795.030226073716,1786.3885249435516,0.4444444444444444,0.0,0.15,0.919791357921779,0.8805696932722552,1.0,-0.06132680815607272,0.0016488946876399213
5.466666666666667,22.397605723976067,1.2433576576741634,22.43209041599963,-2.1616254170769253,-0.3871486196756601,-0.087,0.7718971930946932,-8.61837774628174,96.97027645760325,-83.40502367166675,0.05545605253858566,0.12091925230165348,0.07871486936032308,-5483.384803620107,-4795.492626441041,1786.0017068220932,0.4444444444444444,0.0,0.15,0.9198611719566921,0.8806346805658803,1.0,-0.06133295325309881,0.0016479691139333129
5.483333333333333,22.402440537324267,1.244236916442654,22.436966540345608,-2.1680773727069793,-0.3870985791696852,-0.087,0.7714648660281522,-8.619238786873328,96.77822765217697,-83.72585417304646,0.05548323646441204,0.12095394426436287,0.07873396561759823,-5483.8822912111555,-4795.953784031581,1785.6160016249864,0.4444444444444444,0.0,0.15,0.9199307612189476,0.8806995075350088,1.0,-0.06133908087524623,0.0016470461132291382
5.5,22.407263529323803,1.24511432963969,22.441830775728587,-2.1745284951949464,-0.3870486215870987,-0.087,0.7710337406396708,-8.620097356810803,96.58407959212633,-84.04551363991709,0.055510355691306405,0.12098855231529923,0.07875301825507698,-5484.378220445135,-4796.413680880952,1785.2314054974145,0.4444444444444444,0.0,0.15,0.9200001255155519,0.88076417106598,1.0,-0.061345190914906804,0.0016461256780587478
5.516666666666667,22.412074731686648,1.245989884966033,22.446683153021624,-2.1809787859031395,-0.38699874505615484,-0.087,0.7706038134629276,-8.620953440647831,96.3878397472306,-84.36398832041594,0.05553740967893377,0.12102307607650133,0.07877202656211243,-5484.872590415252,-4796.872298980043,1784.8479145893195,0.4444444444444444,0.0,0.15,0.9200692646018983,0.8808286680371128,1.0,-0.06135128326215625,0.001645207801021687
5.533333333333333,22.416874176175494,1.2468635699805743,22.451523703139358,-2.187428246164628,-0.38694894789202555,-0.087,0.7701750810598726,-8.621807022727339,96.18951567671796,-84.68126451273443,0.055564397880636204,0.12105751515222254,0.07879098983240694,-5485.3653999469225,-4797.329620365749,1784.4655250555315,0.4444444444444444,0.0,0.15,0.9201381781893204,0.8808929953334659,1.0,-0.06135735780557049,0.0016442924747778586
5.55,22.421661894601034,1.2477353721712552,22.45635245703922,-2.193876877286314,-0.3868992285931202,-0.087,0.7697475400172102,-8.62265808729104,95.98911502892028,-84.99732856569511,0.055591319746597354,0.12109186913234485,0.07880990736697834,-5485.856647642008,-4797.785627206927,1784.0842330559403,0.4444444444444444,0.0,0.15,0.9202068659524008,0.880957149860829,1.0,-0.0613634144330052,0.0016433796920400155
5.566666666666666,22.426437918818827,1.2486052790227835,22.461169445722067,-2.2003246805519465,-0.38684958583693596,-0.087,0.7693211869430311,-8.623506618583637,95.78664554092403,-85.31216687932627,0.0556181747268616,0.12112613759567428,0.07882877847695433,-5486.3463319214725,-4798.240301885503,1783.704034755697,0.4444444444444444,0.0,0.15,0.920275327536021,0.8810211285589343,1.0,-0.06136945303233732,0.001642469445566569
5.583333333333333,22.431202280725778,1.2494732780810736,22.46597470023226,-2.2067716572250538,-0.3868000184754759,-0.087,0.7688960184636049,-8.624352600951703,95.58211503821764,-85.62576590543414,0.055644962274204554,0.12116032011311184,0.07884760248619398,-5486.834451066408,-4798.693627072713,1783.3249263254522,0.4444444444444444,0.0,0.15,0.9203435625621422,0.8810849284138832,1.0,-0.06137547349216875,0.0016415617281547417
5.6,22.435955012256233,1.250339357014336,22.470768251657187,-2.2132178085518053,-0.38675052553027245,-0.087,0.7684720312203277,-8.62519601893699,95.37553143433497,-85.93811214817269,0.05567168184685201,0.12119441625069517,0.07886637873373517,-5487.321003257368,-4799.14558580042,1782.946903941619,0.4444444444444444,0.0,0.15,0.9204115706363043,0.8811485464697801,1.0,-0.06138147570249037,0.001640656532634052
5.616666666666666,22.44069614537774,1.2512035036707665,22.47555013112625,-2.21966313576378,-0.3867011061870522,-0.087,0.7680492218668354,-8.626036857364287,95.16690273049528,-86.24919216461105,0.05569833291104529,0.12122842557250607,0.07888510657606838,-5487.805986611936,-4799.596161527519,1782.5699637866655,0.4444444444444444,0.0,0.15,0.9204793513538359,0.8812119798395736,1.0,-0.061387459555307354,0.0016397538518601474
5.633333333333333,22.445425712086514,1.252065706132798,22.48032036980942,-2.226107640080644,-0.38665175979008004,-0.087,0.7676275870662823,-8.626875101423677,94.95623701523934,-86.55899256529818,0.055724914943451324,0.12126234764344078,0.0789037853892371,-5488.2893992205145,-4800.045338201454,1782.194102049432,0.4444444444444444,0.0,0.15,0.9205469043057689,0.881275225715107,1.0,-0.06139342494522443,0.0016388536787089987
5.65,22.45014374440266,1.252925952767889,22.485078998915284,-2.232551322712732,-0.3866024858362158,-0.087,0.767207123488779,-8.627710736747213,94.74354246406199,-86.86750001482523,0.05575142743341675,0.12129618203183955,0.07892241457076579,-5488.771239180268,-4800.493100314844,1781.8193149254641,0.4444444444444444,0.0,0.15,0.9206142290844499,0.8813382813763805,1.0,-0.061399371769991676,0.001637956006071427
5.666666666666667,22.454850274365107,1.2537842322758397,22.48982604968874,-2.2389941848635275,-0.3865532839687206,-0.087,0.7667878278090017,-8.628543749480052,94.52882733904084,-87.17470123238508,0.05577786988506566,0.1213299283119734,0.07894099354141738,-5489.251504627221,-4800.939432957283,1781.4455986173707,0.4444444444444444,0.0,0.15,0.9206813252888446,0.8814011442000323,1.0,-0.06140529993101066,0.0016370608268480018
5.683333333333334,22.459545334026387,1.2546405337326345,22.49456155340822,-2.2454362277320334,-0.3865041539708447,-0.087,0.7663696967039639,-8.629374126346052,94.31209998846147,-87.48058299232935,0.05580424181924116,0.1213635860663861,0.0789595217467823,-5489.730193766472,-4801.3843218623815,1781.0729493351948,0.4444444444444444,0.0,0.15,0.9207481925295327,0.88146381166705,1.0,-0.06141120933380132,0.0016361681339442818
5.7,22.4642289554472,1.25549484663083,22.49928554138262,-2.2518774525150396,-0.3864550957592324,-0.087,0.7659527268509531,-8.630201854707837,94.0933688464388,-87.78513212472271,0.05583054277529174,0.12139715488809047,0.07897799865870149,-5490.207304900522,-4801.827753450088,1780.7013632967978,0.4444444444444444,0.0,0.15,0.920814830433391,0.8815262813697174,1.0,-0.061417099888429375,0.0016352779202664105
5.716666666666667,22.46890117069085,1.2563471609165062,22.503998044947824,-2.2583178604092744,-0.3864061093771731,-0.087,0.7655369149256314,-8.631026922621487,93.87264243253492,-88.08833551589431,0.05585677231270357,0.12143063438261807,0.07899642377652699,-5490.682836455704,-4802.269714864415,1780.3308367282577,0.4444444444444444,0.0,0.15,0.9208812386479631,0.8815885510178186,1.0,-0.06142297150989553,0.0016343901787170625
5.733333333333333,22.473562011817567,1.257197467022823,22.50869909546303,-2.264757452613444,-0.38635719498773236,-0.087,0.7651222576002958,-8.631849318885855,93.64992935137319,-88.39018010898666,0.05588293001258043,0.1214640241699223,0.07901479662822271,-5491.156787006737,-4802.710194006633,1779.9613658642727,0.4444444444444444,0.0,0.15,0.9209474168455185,0.8816506184441052,1.0,-0.06142882411848649,0.001633504902191727
5.75,22.47821151087873,1.258045755900223,22.51338872430669,-2.271196230330156,-0.3863083528667905,-0.087,0.7647087515423012,-8.632669033086609,93.42523829224874,-88.69065290450146,0.055909015478973687,0.1214973238861356,0.07903311677131022,-5491.62915529938,-4803.1491795640695,1779.592946948575,0.4444444444444444,0.0,0.15,0.9210133647267983,0.8817124816090531,1.0,-0.061434657640088326,0.0016326220835753418
5.766666666666667,22.482849699911014,1.258892019043339,22.518066962872275,-2.2776341947677285,-0.3862595833960197,-0.087,0.7642963934126354,-8.633486055635156,93.19857802873541,-88.98974096084278,0.05593502834006478,0.12153053318518137,0.07905138379366317,-5492.099940271234,-4803.586661034597,1779.225576234348,0.4444444444444444,0.0,0.15,0.9210790820244554,0.881774138604919,1.0,-0.061440472006463534,0.001631741715739252
5.783333333333333,22.48747661093053,1.259736248514668,22.522733842563813,-2.2840713471418783,-0.38621088705582524,-0.087,0.7638851798646504,-8.634300377802514,92.96995741828903,-89.28743139485711,0.05596096824920313,0.12156365174024206,0.07906959731415497,-5492.569141070692,-4804.022628746976,1778.859249984645,0.4444444444444444,0.0,0.15,0.9211445685061884,0.8818355876591232,1.0,-0.06144626715549202,0.0016308637915385005
5.8,22.49209227592691,1.2605784369650834,22.52738939479123,-2.2905076886772924,-0.3861622644182783,-0.087,0.7634751075429436,-8.635111991748285,92.73938540184706,-89.58371138237075,0.055986834885803076,0.12159667924508534,0.0790877569831647,-5493.036757074071,-4804.457073877149,1778.4939644728108,0.4444444444444444,0.0,0.15,0.9212098239775748,0.8818968271369756,1.0,-0.06145204303137737,0.0016299883038094383
5.816666666666666,22.496696726857436,1.2614185776512672,22.532033650965502,-2.296943220609083,-0.38611371614006523,-0.087,0.7630661730823822,-8.635920890544893,92.50687100342489,-89.87856815872405,0.056012627956103254,0.12162961541525052,0.07910586248294613,-5493.502787900958,-4804.889988460663,1778.129715982901,0.4444444444444444,0.0,0.15,0.9212748482846095,0.8819578555437728,1.0,-0.061457799584819256,0.0016291152453676448
5.833333333333333,22.501289995641166,1.262256664450145,22.53666664249374,-2.3033779441841253,-0.3860652429554768,-0.087,0.7626583731072741,-8.636727068197182,92.27242332970832,-90.17198901930263,0.05603834719379254,0.12166245998909789,0.07912391352786532,-5493.967233427799,-4805.321365401337,1777.7665008100994,0.4444444444444444,0.0,0.15,0.9213396413159544,0.8820186715262831,1.0,-0.061463536773152964,0.001628244609006154
5.85,22.50587211415313,1.2630926918704164,22.54128840077408,-2.309811860662277,-0.3860168456694602,-0.087,0.7622517042306702,-8.637530519657593,92.03605156964281,-90.46396132006574,0.05606399236050665,0.12169521272872355,0.07914190986451212,-5494.4300937997905,-4805.751198476352,1777.4043152611296,0.4444444444444444,0.0,0.15,0.9214042030049036,0.8820792738736501,1.0,-0.061469254560457404,0.0016273763874939675
5.866666666666666,22.5104431142186,1.2639266550612853,22.545898957190552,-2.316244971317484,-0.38596852515075497,-0.087,0.7618461630538051,-8.63833124083705,91.79776499401909,-90.75447247807142,0.05608956324620017,0.12172787342074375,0.07915985127169156,-5494.891369441083,-4806.179482337917,1777.0431556546614,0.4444444444444444,0.0,0.15,0.9214685333310756,0.8821396615177396,1.0,-0.06147495291763253,0.0016265105735748593
5.883333333333333,22.515003027607428,1.2647585498184812,22.550498343107865,-2.322677277438776,-0.3859202823251324,-0.087,0.761441746165661,-8.639129228611745,91.55757295505528,-91.04350997199859,0.05611505966939827,0.12176044187695144,0.07917773756030023,-5495.351061063383,-4806.6062125116505,1776.6830183217103,0.4444444444444444,0.0,0.15,0.9215326323218346,0.8821998335329498,1.0,-0.061480631822447646,0.001625647159966445
5.9,22.519551886028502,1.26558837258769,22.555086589866132,-2.3291087803311443,-0.38587211816875716,-0.087,0.7610384501426586,-8.639924480825975,91.31548488597576,-91.33106134266605,0.056140481477333415,0.1217929179348495,0.0791955685730946,-5495.809169672975,-4807.0313853919,1776.3238996060284,0.4444444444444444,0.0,0.15,0.9215965000534565,0.8822597891355226,1.0,-0.06148629125956165,0.0016247861393595229
5.916666666666667,22.524089721124344,1.2664161204654985,22.559663728775618,-2.335539481316316,-0.38582403370168844,-0.087,0.7606362715484589,-8.640716996291271,91.07151030058645,-91.61711419354832,0.056165828545971776,0.1218253014580644,0.07921334418435612,-5496.265696576242,-4807.45499823409,1775.9657958644818,0.4444444444444444,0.0,0.15,0.9216601366520422,0.8823195276823714,1.0,-0.06149193122051676,0.0016239275044176481
5.933333333333334,22.528616564465793,1.2672417911979696,22.564229791111444,-2.3419693817334175,-0.3857760299815363,-0.087,0.7602352069338838,-8.641506774781936,90.82565879284681,-91.90165619128825,0.0561911007799348,0.12185759233664464,0.07923106429946028,-5496.720643383709,-4807.8770491443465,1775.608703467422,0.4444444444444444,0.0,0.15,0.9217235422941897,0.8823790486694615,1.0,-0.06149755170370678,0.0016230712477769658
5.95,22.53313244754689,1.2680653831769653,22.56878480810835,-2.3483984829395386,-0.385728108097288,-0.087,0.7598352528369379,-8.642293817027259,90.5779400364385,-92.1846750662066,0.056216298112320914,0.12188979048724852,0.07924872885435488,-5497.174012012714,-4808.297537066505,1775.2526187990416,0.4444444444444444,0.0,0.15,0.9217867172074387,0.8824383517297666,1.0,-0.061503152714321725,0.0016222173620462567
5.966666666666667,22.537637401779904,1.2688868954343344,22.573328810955495,-2.354826786310189,-0.38568026916331705,-0.087,0.759436405782933,-8.643078124700496,90.32836378433076,-92.46615861280817,0.056241420504433114,0.12192189585322578,0.07926633781495399,-5497.625804688708,-4808.716461766724,1774.8975382577173,0.4444444444444444,0.0,0.15,0.9218496616704878,0.8824974366308287,1.0,-0.061508734264269393,0.001621365839807203
5.983333333333333,22.542131458490513,1.2697063276340887,22.577861830791278,-2.361254293239664,-0.385632514313588,-0.087,0.7590386622847082,-8.643859700404937,90.07693986834235,-92.7460946902849,0.05626646794541748,0.12195390840459808,0.07928389117645378,-5498.076023945311,-4809.133823815838,1774.5434582563405,0.4444444444444444,0.0,0.15,0.9219123760132073,0.8825563032719534,1.0,-0.06151429637207615,0.0016205166736148577
