t,vx,vy,speed,yaw,yaw_rate,steering_angle,ax,ay,pos_x,pos_y,sideslip,alpha_f,alpha_r,fy_f,fy_r,f_long,throttle,brake,steer_cmd,util_f,util_r,mu_surface,roll,pitch
0.0,19.801573709218793,-0.008055356707460522,19.801575347693845,-5.007818651193795e-05,-0.0060774716365406475,-0.028999999999999998,1.3786741813548928,-0.8606189647204318,50.32331878450004,-7.456479205329407e-05,-0.0004068038420275481,0.028517688265083826,-6.356237639044801e-07,-976.2090538958821,0.0541935141608952,2020.627675680264,0.4444444444444444,0.0,0.05,0.1673329953392173,0.3402835978071297,1.0,-0.0061246216266978406,0.002943413306040403
0.016666666666666666,19.82438702481888,-0.023060735410834764,19.82440043752458,-0.000282680978791466,-0.019252111961009385,-0.028999999999999998,1.3637512880637654,-1.3200118054623782,50.6535828735182,-0.0004208049735983514,-0.001163250343145949,0.02705372728414504,9.532619731904212e-05,-1495.732462501728,-2.164853993138327,2018.2955588160912,0.4444444444444444,0.0,0.05,0.2562232265689792,0.34010206663069004,1.0,-0.009393905064429508,0.0029115535357830398
0.03333333333333333,19.847049167566205,-0.03761139201992878,19.847084805497257,-0.0007695101965975977,-0.03538517693292401,-0.028999999999999998,1.3564371329053246,-1.5092974329688649,50.984225139581845,-0.0011472436760310806,-0.0018950598992512253,0.02531033817006515,0.0004010428713684624,-1701.2630657538487,-13.178418517842655,2015.987608205153,0.4444444444444444,0.0,0.05,0.2913402865840014,0.33982453574978316,1.0,-0.010740962119145813,0.00289593811198897
0.05,19.869651550330484,-0.04831448800312276,19.869710290321336,-0.0015351124309524252,-0.05226952384153582,-0.028999999999999998,1.3529920645093179,-1.5717263228147127,51.31524359405397,-0.002297634431162169,-0.002431567189821818,0.023660450870872953,0.0009503366955085854,-1749.9289905040182,-38.81428581995983,2013.6927521770085,0.4444444444444444,0.0,0.05,0.29962980631431263,0.33954312656027946,1.0,-0.011185239255200817,0.0028885830310756097
0.06666666666666667,19.892237942447284,-0.053917235964996486,19.892311012732367,-0.0025786554917116,-0.06871451132883555,-0.028999999999999998,1.3514036929415352,-1.5836330004899857,51.64663704892468,-0.0038859907484670914,-0.002710459430707499,0.022274861941858723,0.00173187772130087,-1725.4694778643895,-82.17513406217496,2011.4055083244166,0.4444444444444444,0.0,0.05,0.2954215559033664,0.3394001886165576,1.0,-0.011269973497160947,0.002885191922378011
0.08333333333333333,19.91482337482554,-0.05430647545545751,19.914897419865717,-0.003885686880169598,-0.08408721220038912,-0.028999999999999998,1.3505607742001244,-1.585305170669555,51.97840462978359,-0.005915248542142629,-0.0027269305794429986,0.021216069142307496,0.002711099396977421,-1673.1810301699477,-143.67413065050235,2009.1237310997594,0.4444444444444444,0.0,0.05,0.28645938556211176,0.3396089746470592,1.0,-0.01128187354824643,0.0028833923251468936
0.1,19.937405757834487,-0.04995688397700788,19.937468345875523,-0.005434767649115429,-0.09807541668059054,-0.028999999999999998,1.349849076695263,-1.5969464402319706,52.3105455040049,-0.008387035460547483,-0.0025056810315927523,0.020488292131808864,0.0038434643883359003,-1617.3931202083238,-221.71477836417785,2006.8472653443673,0.4444444444444444,0.0,0.05,0.27690119118221557,0.34042722221520455,1.0,-0.011364719005117523,0.0028818728799189968
0.11666666666666667,19.95997360236103,-0.041614455210500695,19.960016983204987,-0.00720136285385468,-0.1105570742751328,-0.028999999999999998,1.3489452577330452,-1.6271959673734975,52.643058720056935,-0.011306456886798936,-0.0020848922820882253,0.020065402271983154,0.005082498278877778,-1570.440618744477,-313.4515792078376,2004.577068135671,0.4444444444444444,0.0,0.05,0.26885482496524726,0.3421028117158088,1.0,-0.011579990705745875,0.0028799432631932886
0.13333333333333333,19.982511235911062,-0.030112243360138402,19.982533924417893,-0.009160165062359503,-0.12152396369478448,-0.028999999999999998,1.3477005941606826,-1.6780557578387376,52.97594310970328,-0.014684014909053763,-0.0015069287444070148,0.019907091554963695,0.0063844862793194755,-1537.670839740641,-415.4357581015711,2002.3146186894178,0.4444444444444444,0.0,0.05,0.26323395168123415,0.34481812762224295,1.0,-0.011941935986273034,0.0028772859570871893
0.15,20.005002212104564,-0.016265326272623202,20.005008824470618,-0.011286478940307378,-0.13103527408250482,-0.028999999999999998,1.3460701615644197,-1.7478969748790303,53.30919722985683,-0.018535895212842605,-0.000813062778798511,0.019968294707549843,0.007710984380168292,-1520.4201924901286,-524.09854000605,2000.0615313046403,0.4444444444444444,0.0,0.05,0.2602666209590678,0.34865301383811637,1.0,-0.012438963179322197,0.0028738050498044215
0.16666666666666666,20.02743138713267,-0.0008146932842451656,20.02743140370307,-0.013557025912185402,-0.139188661080486,-0.028999999999999998,1.3440681779513457,-1.8333219070719828,53.64281933195822,-0.022883377143424845,-4.067887029782647e-05,0.02020455172225561,0.009029903369626195,-1517.8326859441581,-636.079602180578,1997.8193172265753,0.4444444444444444,0.0,0.05,0.25980602436588307,0.3535746515952282,1.0,-0.013046892365890975,0.00286953089621187
0.18333333333333332,20.04978603681574,0.01559858624136276,20.049792104607572,-0.015950383189878497,-0.14610186835691283,-0.028999999999999998,1.341739756034331,-1.9302991549792003,53.9768073516868,-0.02775183334024574,0.0007779924965577894,0.020574883965340764,0.010315685673321673,-1527.97032737413,-748.425964167855,1995.5892538148125,0.4444444444444444,0.0,0.05,0.2615203379267113,0.3594519330207938,1.0,-0.013737033966504114,0.0028645598101167615
0.2,20.072056313539054,0.0324408113723716,20.07208252922764,-0.018447188653564747,-0.15190089699421147,-0.028999999999999998,1.3391433257285423,-2.0348268145036417,54.311158914009376,-0.033169601218483245,0.001616216227117527,0.021043151635289546,0.011548935593480844,-1548.4781366410668,-858.6901502142199,1993.3723278297034,0.4444444444444444,0.0,0.05,0.26500647739247457,0.3660852083095225,1.0,-0.014480908306200389,0.0028590165370116147
0.21666666666666667,20.094235274990783,0.04928238719026943,20.094295708990924,-0.021030194330588135,-0.1567123430923523,-0.028999999999999998,1.33634004410139,-2.1432902099663953,54.64587134960595,-0.03916688908341942,0.002452558542482432,0.021578499387725547,0.01271575148663527,-1576.968032560145,-964.9549973587183,1991.1692270703245,0.4444444444444444,0.0,0.05,0.2698557902290485,0.37324068496248913,1.0,-0.015252791433098543,0.002853031644748071
0.23333333333333334,20.11631865688448,0.06578877869697386,20.116426235013044,-0.02368422214678527,-0.16065847632584088,-0.028999999999999998,1.3333877518555688,-2.2526258451816252,54.9809417193076,-0.04577480260892661,0.00327040674139497,0.022155271931385626,0.013806927647124786,-1611.2267831178726,-1065.8090998797072,1988.9803611814586,0.4444444444444444,0.0,0.05,0.2756896443214789,0.38068108878172097,1.0,-0.016030881881320857,0.002846728620873982
0.25,20.138304511893917,0.08170880016074894,20.13847027313124,-0.02639605796582243,-0.1638541824993798,-0.028999999999999998,1.3303378480277726,-2.3603666456784524,55.316366843655814,-0.05302452881920663,0.004057360029685462,0.022752639061867135,0.014817134844281057,-1649.3155655228109,-1160.2926480267147,1986.8058979760463,0.4444444444444444,0.0,0.05,0.28217645839639405,0.38818814229869475,1.0,-0.01679762263867212,0.0028402172002422728
0.26666666666666666,20.16019279741942,0.09686216316875226,20.160425489254326,-0.02915430881698981,-0.1664052072294724,-0.028999999999999998,1.327233998291368,-2.4646185033674,55.652143335155614,-0.06094668522490028,0.00480458787357722,0.0233540792063942,0.015744145826343207,-1689.6043259274209,-1247.8288934926215,1984.6458060174084,0.4444444444444444,0.0,0.05,0.28903756455794494,0.3955759650606844,1.0,-0.01753953422602898,0.0028335906072896834
0.2833333333333333,20.18198496478588,0.11112741719513299,20.18229091113533,-0.03194924083409418,-0.16840731807264855,-0.028999999999999998,1.3241119570805615,-2.5640008319043353,55.988267631265266,-0.06957082496296921,0.0055062123135670655,0.023946812974308975,0.016588141834753017,-1730.7683934966985,-1328.1521157830034,1982.4998975452172,0.4444444444444444,0.0,0.05,0.2960466054543511,0.4026967093396509,1.0,-0.018246791657738765,0.002826925176279099
0.3,20.203683580653042,0.12443089975031757,20.20406675092819,-0.03477261023978886,-0.16994611023536016,-0.028999999999999998,1.3210000289729458,-2.6575719090949668,56.32473602662337,-0.0789250802439441,0.006158744568666897,0.024521241369732716,0.017351115473383995,-1771.764667252939,-1401.239142227317,1980.3678682600325,0.4444444444444444,0.0,0.05,0.3030254345053304,0.4094406173677668,1.0,-0.01891269313851931,0.0028202813363325248
0.31666666666666665,20.225291996230496,0.13673698093484685,20.225754209293175,-0.03761749589292355,-0.17109725106578952,-0.028999999999999998,1.3179198603148454,-2.7447516284280615,56.66154470343571,-0.08903592306958029,0.006760589549958055,0.02507041966843052,0.01803637189674988,-1811.7981633307938,-1467.2484097887707,1978.2493321756838,0.4444444444444444,0.0,0.05,0.3098383688063031,0.41573266563591565,1.0,-0.019533110322342777,0.0028137053015189974
0.3333333333333333,20.246814069826833,0.14803968014664623,20.247355277295743,-0.040478139045181896,-0.1719270087635857,-0.028999999999999998,1.3148873643238614,-2.8252488061510435,56.99868975930876,-0.09992802197004368,0.007311621550382566,0.025589582794149784,0.018648122321610908,-1850.2854927399876,-1526.4683063355774,1976.1438508734657,0.4444444444444444,0.0,0.05,0.31638592102900187,0.42152752082876715,1.0,-0.020105970990978484,0.0028072310459108995
0.35,20.268253942000342,0.1583556100863853,20.268872547743207,-0.043349793793575946,-0.17249294959050107,-0.028999999999999998,1.3119136590176412,-2.898996612229385,57.336167232116786,-0.11162417503312996,0.007812828302946096,0.02607572841647024,0.019191159741199688,-1886.8191133473554,-1579.2750237663706,1974.0509571940281,0.4444444444444444,0.0,0.05,0.32259866877132765,0.42680399526082813,1.0,-0.02063079954640737,0.002800882306023735
0.36666666666666664,20.289615859018458,0.1677181367575203,20.29030904348011,-0.04622859011952161,-0.17284471896765852,-0.028999999999999998,1.3090059485302705,-2.9660974453873803,57.673973121722746,-0.12414530185682401,0.008266017356400375,0.02652725806341753,0.01967060515559635,-1921.1344450713946,-1626.0992562528997,1971.9701738038925,0.4444444444444444,0.0,0.05,0.3284316186452513,0.4315597211886322,1.0,-0.021108324712335366,0.002794674462390782
0.3833333333333333,20.310904038609436,0.17617261407848062,20.311668066792357,-0.04911141026193791,-0.17302484675872423,-0.028999999999999998,1.3061683122246404,-3.0267772377960287,58.01210340854692,-0.13751047968931787,0.008673577298387915,0.02694367307255598,0.020091712653794808,-1953.0808233682071,-1667.4006245980047,1969.9010272699256,0.4444444444444444,0.0,0.05,0.33385923128238665,0.43580641672226317,1.0,-0.02154015434208361,0.0027886162242859044
0.4,20.332122571450498,0.1837725442739891,20.33295307151708,-0.05199577838705108,-0.17306953659598243,-0.028999999999999998,1.3034023877148702,-3.0813484500778534,58.35055406909864,-0.15173701159870842,0.009038286063685378,0.027325320367332605,0.02045972259366355,-1982.5965781187324,-1703.6485558678803,1967.8430583393458,0.4444444444444444,0.0,0.05,0.33887115551500324,0.4395658875061292,1.0,-0.021928512071389464,0.0027827110879486447
0.4166666666666667,20.35327535201154,0.1905765210056584,20.354167557656567,-0.054879763009256385,-0.17300941399547282,-0.028999999999999998,1.30070794719869,-3.130180684334177,58.68932108866663,-0.16684051686360404,0.009363158925317437,0.027673182271729883,0.020779753452438945,-2009.6881201222761,-1735.3083782844394,1965.79582910717,0.4444444444444444,0.0,0.05,0.34346865069853716,0.4428667725312928,1.0,-0.02227602818510119,0.0027769585670304213
0.43333333333333335,20.37436603293819,0.19664582499195182,20.375314987126757,-0.05776189131503627,-0.1728702189385409,-0.028999999999999998,1.2980833740535807,-3.1736777496410964,59.02840047141112,-0.18283503581977786,0.009651329464870365,0.027988704470649828,0.021056724363926225,-2034.4126986136657,-1762.8315192001392,1963.7589276936924,0.4444444444444444,0.0,0.05,0.34766163880312634,0.4457419711430861,1.0,-0.022585576403066836,0.0027713552101079034
0.45,20.395397997898847,0.20204255764226833,20.396398718592334,-0.06064107438721438,-0.17267343630232423,-0.028999999999999998,1.2955260504117534,-3.2122600578189022,59.36778824812472,-0.19973314312031654,0.009905957654892604,0.028273656513330594,0.021295301746096194,-2056.8643940568872,-1786.6488617549319,1961.7319709752535,0.4444444444444444,0.0,0.05,0.35146631107661935,0.44822665798111117,1.0,-0.022860148599079824,0.002765895428139833
0.4666666666666667,20.41637434860441,0.2068282145361497,20.417421959020203,-0.06351654227336834,-0.17243686270378977,-0.028999999999999998,1.2930326677789876,-3.2463513400073842,59.707480481935626,-0.21754606478426433,0.010130160039325199,0.028530019757979606,0.021499864666131158,-2077.162885350272,-1807.1664887925006,1959.7146058271699,0.4444444444444444,0.0,0.05,0.35490320993299496,0.4503567861516819,1.0,-0.023102760268974017,0.0027605721576256055
0.48333333333333334,20.437297902459264,0.21106261602130852,20.438387729509085,-0.06638778785463806,-0.17217511160885152,-0.028999999999999998,1.290599472662661,-3.2763688147529715,60.04747327222175,-0.2362837955547933,0.010326957799247362,0.028759898246612865,0.021674484655045026,-2095.444548638608,-1824.7632019180726,1957.7065092567968,0.4444444444444444,0.0,0.05,0.35799570994565977,0.452167985055521,1.0,-0.023316380561510096,0.0027553773850111287
0.5,20.45817119797811,0.2148031260823543,20.459298843038486,-0.06925451852349684,-0.17190006047702402,-0.028999999999999998,1.288222458275234,-3.302716081306974,60.38776275699158,-0.25595521400162097,0.010499239207392949,0.028965448603889096,0.021822916568456974,-2111.8554857236445,-1839.7893407474587,1955.707387731763,0.4444444444444444,0.0,0.05,0.36076882891804657,0.4536947709880707,1.0,-0.023503881703311493,0.0027503025559679635
0.5166666666666666,20.478996505689096,0.21810410268118466,20.480157891960516,-0.07211661475301241,-0.17162124468324755,-0.028999999999999998,1.285897512104631,-3.3257781444059575,60.7283451139706,-0.2765681935228037,0.010649733594120376,0.02914882562803292,0.02194859780852948,-2126.546130503674,-1852.56654025864,1953.7169759452593,0.4444444444444444,0.0,0.05,0.36324830872236347,0.45497000188620884,1.0,-0.023668003592559182,0.0027453388904500847
0.5333333333333333,20.499775842737225,0.22101653298455803,20.50096724328697,-0.07497409472337965,-0.17134620330236794,-0.028999999999999998,1.283620527755704,-3.3459180929019645,61.06921656061201,-0.2981297079639116,0.01078099447077384,0.02931214076249816,0.02205465379654546,-2139.667133961706,-1863.3881540000152,1951.7350352071362,0.4444444444444444,0.0,0.05,0.3654599145755557,0.45602452031069046,1.0,-0.023811330162360363,0.002740477621470861
0.55,20.52051098980911,0.22358781541004139,20.521729040070586,-0.07782708425614598,-0.1710807817930158,-0.028999999999999998,1.2813874881206773,-3.3634750524876575,61.410373353229794,-0.3206459310089873,0.01089538989145587,0.029457431094360775,0.02214390803998968,-2151.366277418678,-1872.5201406432673,1949.761351605838,0.4444444444444444,0.0,0.05,0.36742890988608523,0.4568869399762786,1.0,-0.023936274811253298,0.002735710172668568
0.5666666666666667,20.541203509330288,0.22586165743948156,20.54244520742417,-0.08067579138783472,-0.17082939634183328,-0.028999999999999998,1.2791945257117108,-3.378763113082595,61.751811785431244,-0.3441223288336486,0.010995098491997963,0.029586636918573442,0.022218895494975993,-2161.7862077960203,-1880.2022644281808,1947.7957340508474,0.4444444444444444,0.0,0.05,0.36917967137035157,0.4575835405716548,1.0,-0.02404507276991836,0.0027310282871139584
0.5833333333333334,20.561854764150482,0.22787806388978496,20.56311746195163,-0.08352048499004557,-0.17059526423833754,-0.028999999999999998,1.2770379649199068,-3.3920709960687985,62.09352818600579,-0.3685637457674934,0.011082109937001833,0.02970158624002935,0.02228187820439423,-2171.0628266386057,-1886.649499784345,1945.838012277075,0.4444444444444444,0.0,0.05,0.37073541566131635,0.4581382432902238,1.0,-0.024139778733049608,0.002726424117531525
0.6,20.58246593614089,0.2296733950072898,20.583747323574837,-0.08636147691146157,-0.17038060421786852,-0.028999999999999998,1.2749143500588116,-3.4036622778016254,62.435518916407474,-0.3939744829076868,0.011158228743350115,0.029803984864168055,0.022334862411021696,-2179.3241966305663,-1892.0535598087813,1943.888034870448,0.4444444444444444,0.0,0.05,0.37211801411653705,0.4585726456184959,1.0,-0.024222268449976866,0.0027218902861712315
0.6166666666666667,20.603038044290983,0.23128047755672015,20.604336128926853,-0.08919910717830737,-0.17018681027947022,-0.028999999999999998,1.2728204622976014,-3.4137760260235406,62.777780367950314,-0.420358369771773,0.011225080641512135,0.029895410958792,0.022379616516696798,-2186.6898557515715,-1896.5844898246007,1941.945667356601,0.4444444444444444,0.0,0.05,0.3733478770593114,0.458906098750606,1.0,-0.024294243253724118,0.0027174199209601822
0.6333333333333333,20.62357196201876,0.23272875517452063,20.624885045644533,-0.09203373184400303,-0.17001460208213298,-0.028999999999999998,1.2707533279732357,-3.4226277371333946,63.1203089588189,-0.4477188291859561,0.011284120792843534,0.029977313161991488,0.02241768939429798,-2193.2704507447083,-1900.3922829519606,1940.0107903812668,0.4444444444444444,0.0,0.05,0.37444389237229136,0.4591558147634769,1.0,-0.024357236731115485,0.002713006673248724
0.65,20.644068433505463,0.23404446678790464,20.64539508703311,-0.09486571312663244,-0.1698641546585573,-0.028999999999999998,1.2687102202722345,-3.4304104865837313,63.46310113098113,-0.47605893568359153,0.011336643309012205,0.03005101147019169,0.022450428667110903,-2199.167618937104,-1903.6084860551643,1938.0832980007588,0.4444444444444444,0.0,0.05,0.3754234063353723,0.4593369936176184,1.0,-0.024412622909613404,0.0027086447214009785
0.6666666666666666,20.664528088939498,0.23525084397833085,20.665867126693765,-0.09769541151509423,-0.16973520986425153,-0.028999999999999998,1.266688655872239,-3.4372962235525524,63.8061533470756,-0.505381467743841,0.011383791624466968,0.03011770027214258,0.02247899865662528,-2204.4740613854474,-1906.347772779923,1936.1630960932723,0.4444444444444444,0.0,0.05,0.3763022369821225,0.4594629623282254,1.0,-0.02446162547089056,0.002704328763624706
0.6833333333333333,20.684951458609657,0.23636831988202017,20.686301912804076,-0.10052317956213594,-0.16962717170022323,-0.028999999999999998,1.2646863878132109,-3.443437155723025,64.14946208733383,-0.5356889542373543,0.011426569359130981,0.030178453004116066,0.022504397769731666,-2209.273761455093,-1908.7094665480497,1934.2501008960016,0.4444444444444444,0.0,0.05,0.3770947121524321,0.4595453204285737,1.0,-0.02450532760565769,0.0027000540027516105
0.7,20.705338985828867,0.23741474364222342,20.706700081823357,-0.10334935711554746,-0.16953918740601423,-0.028999999999999998,1.262701395612532,-3.4489671814988903,64.49302384658559,-0.5669837154683346,0.011465851379906388,0.0302342279927665,0.022527475153317867,-2213.642311839881,-1910.7790009780329,1932.3442376688765,0.4444444444444444,0.0,0.05,0.377813725939076,0.4595940872389999,1.0,-0.024544682206069108,0.0026958161251334754
0.7166666666666667,20.725691038699647,0.23840559561436098,20.727062171462098,-0.1061742677681917,-0.16947021601146206,-0.028999999999999998,1.2607318734342565,-3.454003336053601,64.83683513138558,-0.5992678992134786,0.01150239482898187,0.030285875128408933,0.022548946491093295,-2217.6473201542535,-1912.6293087089912,1930.445439482674,0.4444444444444444,0.0,0.05,0.3784708084421934,0.45961784754926727,1.0,-0.024580522156576353,0.0026916112753840003
0.7333333333333333,20.746007920754018,0.23935419951953962,20.747388632809095,-0.10899821633377893,-0.16941908585522392,-0.028999999999999998,1.2587762169596026,-3.4586472248423275,65.18089245729082,-0.6325435121604733,0.011536849936567194,0.030334143075580737,0.02256940885610292,-2221.348868957808,-1914.3221323440764,1928.5536461271586,0.4444444444444444,0.0,0.05,0.3790762047231744,0.45962389318760255,1.0,-0.02461357053556095,0.002687436028347834
0.75,20.76628988051555,0.2402719285782001,20.767679841553445,-0.11182148717876066,-0.1693845424209567,-0.028999999999999998,1.2568330094746845,-3.4629864240363686,65.52519234630985,-0.6668124471439041,0.011569770477268971,0.030379686781837195,0.02258935456432395,-2224.8000107066187,-1915.9092534175663,1926.668803133424,0.4444444444444444,0.0,0.05,0.3796389596397907,0.45961835863708544,1.0,-0.02464445058156947,0.0026832873593984497
0.7666666666666666,20.786537120041242,0.24116840336012796,20.787936108272792,-0.11464434326177189,-0.16936528770388817,-0.028999999999999998,1.2549010075857205,-3.4670958320937775,65.86973132453836,-0.7020765065661532,0.011601623764217483,0.03042307509150719,0.022609184001094476,-2228.0472819021843,-1917.4336370753592,1924.7908609036974,0.4444444444444444,0.0,0.05,0.38016700588819446,0.4596063494077001,1.0,-0.024673695311807912,0.0026791626139406922
0.7833333333333333,20.80674980250714,0.24205167968043204,20.808157687785986,-0.11746702575096762,-0.16936001219780267,-0.028999999999999998,1.2529791268860202,-3.4710389605962555,66.21450591998993,-0.7383374223764261,0.011632800104314214,0.030464798309961995,0.022629217413766747,-2231.1312238110245,-1918.9304916384594,1922.9197739413223,0.4444444444444444,0.0,0.05,0.38066725310600485,0.45959206230904054,1.0,-0.024701756708422576,0.0026750594768103794
0.8,20.826928058905075,0.24292842536973952,20.82834478758838,-0.12028975410660368,-0.16936742048236017,-0.028999999999999998,1.2510664278288104,-3.4748691557341083,66.55951266062524,-0.7755968729634771,0.01166362166243449,0.030505275596911643,0.022649705681587567,-2234.086899696182,-1920.4282434562017,1921.0555001733696,0.4444444444444444,0.0,0.05,0.3811456763281547,0.4595788971163184,1.0,-0.024729014411235792,0.0026709759421133642
0.8166666666666667,20.84707199391906,0.24380408516398713,20.848497575403055,-0.12311272653149372,-0.16938625129096158,-0.028999999999999998,1.2491621020022645,-3.4786307445345557,66.90474807257978,-0.8138564972978104,0.011694350702769175,0.030544862095206446,0.022670840087934293,-2236.944400642831,-1921.9494284910204,1919.1980003583103,0.4444444444444444,0.0,0.05,0.3816074024517136,0.4595695593977792,1.0,-0.024755783874915286,0.002666910283923274
0.8333333333333334,20.867181691049744,0.24468303330566432,20.8686161858919,-0.12593612070568572,-0.16941529284839546,-0.028999999999999998,1.2472654589553527,-3.48236010219676,67.2502086785856,-0.8531179066378284,0.011725197192283232,0.030583855725288378,0.022692761131136722,-2239.729333854833,-1923.5115029361928,1917.347237571267,0.4444444444444444,0.0,0.05,0.3820567936713895,0.4595661544880508,1.0,-0.024782323964697112,0.002662861028155241
0.85,20.887257217053705,0.2455687137333314,20.888700726577675,-0.1287600947339773,-0.16945339418402738,-0.028999999999999998,1.2453759136836473,-3.486086638788249,67.59589099658113,-0.8933826940922067,0.01175632576497875,0.03062250359538645,0.022715566418590273,-2242.463288808496,-1925.1275758706313,1915.503176759626,0.4444444444444444,0.0,0.05,0.3824975271042693,0.4595702727597601,1.0,-0.02480884397824147,0.002658826925848605
0.8666666666666667,20.907298625762174,0.24646376796753278,20.908751283032604,-0.13158478824584238,-0.1694994730494403,-0.028999999999999998,1.24349297485134,-3.4898337051246533,67.94179153850017,-0.9346524423081951,0.01178786205667958,0.030661007994263544,0.022739317695062735,-2245.164277920791,-1926.8070675146182,1913.6657843620665,0.4444444444444444,0.0,0.05,0.38293267003858583,0.45958306647343733,1.0,-0.024835510092353966,0.002654806928021397
0.8833333333333333,20.9273059613408,0.24737015098572757,20.92876792339121,-0.13441032359707844,-0.16955252099857954,-0.028999999999999998,1.2416162337985766,-3.4936194189394953,68.28790680922964,-0.9769287295330091,0.011819898428758031,0.03069953194721182,0.02276404706033245,-2247.8471494577975,-1928.5562970794608,1911.8350279844565,0.4444444444444444,0.0,0.05,0.383364750423033,0.4596053185802134,1.0,-0.024862451242448656,0.0026508001622014507
0.9,20.947279261048873,0.2482892355226665,20.948750702245817,-0.13723680713109718,-0.16961160612315243,-0.028999999999999998,1.2397453543606742,-3.4974574134872674,68.6342333057253,-1.020213134273323,0.011852499105913801,0.0307382043274147,0.022789762433854208,-2250.5239713036894,-1930.379004513795,1910.010876126431,0.4444444444444444,0.0,0.05,0.38379582236524035,0.45963750391890607,1.0,-0.024889764450005115,0.0026468059106908386
0.9166666666666666,20.9672185575527,0.2492219053412384,20.96869966398213,-0.1400643304653616,-0.16967587387596608,-0.028999999999999998,1.2378800635073992,-3.501357511540736,68.98076751627302,-1.064507238756378,0.011885704758072362,0.03077712452405873,0.022816452325292443,-2253.204384953866,-1932.2768106511849,1908.1932979529086,0.4444444444444444,0.0,0.05,0.38422752653435877,0.4596798432936791,1.0,-0.024917519619091208,0.002642823590581115
0.9333333333333333,20.987123880844237,0.25016863809713946,20.988614845610698,-0.14289297177510343,-0.1697445463598039,-0.028999999999999998,1.2360201427954822,-3.505326328368376,69.32750591988331,-1.109812631375607,0.011919536559945675,0.030816366675967058,0.022844089969726648,-2255.895929707067,-1934.249620369399,1906.3822631052158,0.4444444444444444,0.0,0.05,0.38466114546655333,0.45973235094465686,1.0,-0.02494576382747077,0.0026388527355047865
0.95,21.006995259812236,0.2511295784732697,21.008496279147586,-0.14572279705221866,-0.16981692040914176,-0.028999999999999998,1.234165420615596,-3.509367807733966,69.67444498580682,-1.1561309082840892,0.011953999764020359,0.030855983485286405,0.02287263688533646,-2258.604337526629,-1936.2959733932585,1904.5777415469129,0.4444444444444444,0.0,0.05,0.3850976538563092,0.45979487593523366,1.0,-0.02497452514106138,0.002634892979082918
0.9666666666666667,21.026832723509422,0.2521046022905834,21.028343993594522,-0.14855386132221168,-0.16989236474629205,-0.028999999999999998,1.2323157652056436,-3.513483695269595,70.02158117315825,-1.203463674280739,0.011989086823911173,0.030896009630117193,0.022902045909608076,-2261.333799434772,-1938.413347322062,1902.7797034398334,0.4444444444444444,0.0,0.05,0.38553776398327233,0.45986713797930756,1.0,-0.025003815982708073,0.0026309440400087898
0.9833333333333333,21.04663630215548,0.2530933723148686,21.048158016565694,-0.15138620980631542,-0.16997031645225122,-0.028999999999999998,1.2304710783950772,-3.517673953756364,70.36891093063713,-1.2518125431169305,0.012024780105324349,0.03093646479813398,0.022932263767741504,-2264.0872046086674,-1940.5984173511845,1900.9881190462638,0.4444444444444444,0.0,0.05,0.385981966476032,0.4599487582218592,1.0,-0.025033636087541406,0.0026270057086922763
1.0,21.066406027912063,0.2540953864768733,21.067938375604733,-0.1542198790195282,-0.17005027695540756,-0.028999999999999998,1.2286312900397847,-3.5219371249228812,70.71643069633349,-1.301179137335365,0.012061054221479071,0.03097735636538386,0.022963233224132226,-2266.8663535746796,-1942.8472769965936,1899.202958653564,0.4444444444444444,0.0,0.05,0.3864305666527932,0.4600392854693365,1.0,-0.025063975077727674,0.0026230778353785508
1.0166666666666666,21.08614193546251,0.2551100192092393,21.087685099232008,-0.15705489779834264,-0.17013180770812902,-0.028999999999999998,1.2267963531035109,-3.5262706423579373,71.06413689760808,-1.3515650877383634,0.012097878028880668,0.031018681745738352,0.022994894864683254,-2269.672147058114,-1945.1556239314239,1897.4241925179103,0.4444444444444444,0.0,0.05,0.38688371670608146,0.4601382183440179,1.0,-0.025094814689321683,0.0026191603196471214
1.0333333333333332,21.105844062425742,0.25613655658042056,21.107398217758835,-0.15989128825446663,-0.17021452569186482,-0.028999999999999998,1.2249662393396872,-3.530671100047031,71.41202595103664,-1.4029720325694348,0.012135216317952422,0.031060430437056186,0.023027188554388,-2272.5047521498054,-1947.518914815132,1895.651790824204,0.4444444444444444,0.0,0.05,0.38734144401612564,0.46024502381044713,1.0,-0.025126130683315318,0.0026152531011927127
1.05,21.12551244963058,0.2571742258753742,21.127077763901738,-0.1627290666529037,-0.1702980988655163,-0.028999999999999998,1.2231409355265233,-3.5351344808969514,71.76009426240884,-1.4554016164798929,0.012173031231323867,0.03110258579012118,0.023060054611206547,-2275.363747506813,-1949.932492746807,1893.8857236594881,0.4444444444444444,0.0,0.05,0.38780367588689535,0.46035915249340575,1.0,-0.025157894471939807,0.0026113561517873405
1.0666666666666667,21.1451471412739,0.2582222202372698,21.146723773226622,-0.1655682442144358,-0.17038224164920993,-0.028999999999999998,1.2213204402082845,-3.5396563494221587,72.10833822677344,-1.508855489341426,0.0122112834406367,0.031145126525965645,0.02309343473381766,-2278.2482493203865,-1952.3916907127757,1892.1259609975586,0.4444444444444444,0.0,0.05,0.3882702610012899,0.4604800511767893,1.0,-0.025190074489924386,0.0026074694683230707
1.0833333333333333,21.164748184983214,0.259279718945401,21.166336284449574,-0.16840882784387642,-0.17046671051598322,-0.028999999999999998,1.219504760896422,-3.544232012542506,72.45675422852146,-1.5633353049558067,0.012249933110644576,0.031188028026376644,0.023127272717430543,-2281.1570197676087,-1954.8919141313193,1890.3724726927094,0.4444444444444444,0.0,0.05,0.3887409878889538,0.46060717284199487,1.0,-0.025222637338818223,0.002603593066836545
1.1,21.18431563180184,0.2603459038633015,21.185915339618024,-0.17125082078649317,-0.17055129974701155,-0.028999999999999998,1.2176939116856862,-3.5488566521944507,72.80533864150055,-1.6188427197043007,0.012288940677216953,0.031231263421296437,0.023161514988536306,-2284.088559620133,-1957.4287053298183,1888.625228480828,0.4444444444444444,0.0,0.05,0.3892156006927086,0.4607399845737273,1.0,-0.025255548730722287,0.002599726977419483
1.1166666666666667,21.20384953611236,0.2614199725489171,21.205460984193195,-0.17409422321577186,-0.17063583739160593,-0.028999999999999998,1.2158879112422314,-3.5535254331958175,73.15408782915397,-1.6753793911717347,0.012328267463665055,0.031274804495544754,0.023196110986307337,-2287.041186620106,-1959.9977925265443,1886.88419798629,0.4444444444444444,0.0,0.05,0.38969381250866497,0.4608779736309916,1.0,-0.02528877425591226,0.0025958712399233655
1.1333333333333333,21.223349955512138,0.2625011484765085,21.224973267052388,-0.17693903275625222,-0.17072018146105075,-0.028999999999999998,1.214086781123006,-3.5582335895349675,73.50299814467867,-1.732946976773502,0.012367876157634013,0.03131862243587222,0.023231013415344715,-2290.0131011547005,-1962.5951256344017,1885.1493507333223,0.4444444444444444,0.0,0.05,0.390175316561545,0.46102065195190495,1.0,-0.025322279996918093,0.0025920259003713994
1.15,21.24281695065252,0.2635886887785076,21.24445224042696,-0.17978524494554163,-0.17080421637518486,-0.028999999999999998,1.2122905443882217,-3.562976491984982,73.85206593119759,-1.7915471324080032,0.012407731168684922,0.031362688437854135,0.02326617839164792,-2293.002440671052,-1965.2169009600416,1883.420656160689,0.4444444444444444,0.0,0.05,0.39065979546136204,0.4611675593331186,1.0,-0.02535603300970246,0.0025881910079961997
1.1666666666666667,21.26225058505183,0.2646818898754164,21.263897959790086,-0.18263285363983836,-0.17088784967223258,-0.028999999999999998,1.2104992244713662,-3.5677496996771225,74.20128752194158,-1.8511815111520047,0.012447798884650516,0.031406974190596126,0.023301565501051974,-2296.007324176655,-1967.8595766410579,1881.698083638745,0.4444444444444444,0.0,0.05,0.3911469287710224,0.46131826549832683,1.0,-0.025390001690684876,0.002584366612827309
1.1833333333333333,21.281650924890467,0.2657800913234645,21.283310483706128,-0.18548185136739834,-0.1709710089855504,-0.028999999999999998,1.2087128442739752,-3.5725489980094354,74.55065924043771,-1.9118517620121107,0.012488047842908847,0.031451452255682626,0.02333713778695024,-2299.025888069384,-1970.519880447894,1879.981602488041,0.4444444444444444,0.0,0.05,0.39163639909713904,0.4614723712456963,1.0,-0.025424156046519465,0.0025805527637585753
1.2,21.301018038795295,0.2668826781734482,21.302689873651907,-0.1883322296343811,-0.17105363928546988,-0.028999999999999998,1.206931425455145,-3.5773704250187968,74.90017740070034,-1.9735595287419128,0.012528448830894517,0.03149609635528489,0.02337286168189918,-2302.056314439104,-1973.194811376582,1878.2711819988144,0.4444444444444444,0.0,0.05,0.3921278968988528,0.46162950884116494,1.0,-0.02545846788177245,0.002576749507031288
1.2166666666666666,21.32035199761904,0.2679890821001867,21.322036193818427,-0.19118397918743432,-0.17113570038010634,-0.028999999999999998,1.2051549878884906,-3.5822102881103417,75.24983830742278,-2.0363064487312994,0.012568974928465898,0.031540881582878565,0.023408706895680885,-2305.0968528812396,-1975.8816362738846,1876.566791450814,0.4444444444444444,0.0,0.05,0.3926211241920901,0.4617893418034741,1.0,-0.025492910917977632,0.0025729568850748064
1.2333333333333334,21.339652874219464,0.2690987815304702,21.341349510900294,-0.19403709023723878,-0.17121716466569978,-0.028999999999999998,1.2033835492619114,-3.5870651728184217,75.59963825616704,-2.1000941519718768,0.012609601503174174,0.031585784548618275,0.023444646270575187,-2308.1458367634737,-1978.5778825679465,1874.8684001330207,0.4444444444444444,0.0,0.05,0.3931157973097229,0.4619515642075121,1.0,-0.025527460855984042,0.002569174935652077
1.25,21.35892074324215,0.27021130096830986,21.36062989387885,-0.19689155264705094,-0.171298015114607,-0.028999999999999998,1.2016171247980625,-3.5919319450691356,75.94957353355001,-2.1649242601003325,0.012650306168037523,0.03163078347009097,0.023480655612957396,-2311.2016947912434,-1981.2813280248245,1873.1759773629074,0.4444444444444444,0.0,0.05,0.3936116488617838,0.4621158996150215,1.0,-0.025562095392057296,0.002565403691262849
1.2666666666666666,21.378155680909835,0.2713262096897254,21.379877413803897,-0.19974735609006458,-0.1713782434873387,-0.028999999999999998,1.1998557270758456,-3.5968077482263774,76.29964041742481,-2.2307983855198943,0.01269106871011007,0.03167585821792753,0.023516713508879572,-2314.262958626823,-1983.989988313867,1871.4894925049703,0.4444444444444444,0.0,0.05,0.39410842902436616,0.46228209972590656,1.0,-0.025596794196857703,0.002561643178762566
1.2833333333333332,21.397357764820505,0.2724431199551822,21.39909214357785,-0.20260449017917329,-0.1714578487539121,-0.028999999999999998,1.1980993659354955,-3.601689996031402,76.649835177056,-2.2977181305986543,0.012731870996947251,0.03172099032459984,0.023552801130003298,-2317.3282672312057,-1986.7021030420362,1869.808914988331,0.4444444444444444,0.0,0.05,0.39460590627122805,0.4624499428291917,1.0,-0.02563153886519448,0.002557893419159729
1.3,21.416527073756097,0.27356168486603616,21.41827415774564,-0.20546294457246253,-0.1715368357091612,-0.028999999999999998,1.1963480484519458,-3.60657636238989,77.00015407328819,-2.365685086942479,0.012772696867001629,0.031766162963668396,0.02358890203511586,-2320.3963685182575,-1989.4161208082514,1868.1342143232596,0.4444444444444444,0.0,0.05,0.3951038676485089,0.4626192321200395,1.0,-0.025666312843345064,0.0025541544275590336
1.3166666666666667,21.435663687502757,0.27468159597185215,21.437423532292538,-0.20832270905750208,-0.1716152137664221,-0.028999999999999998,1.1946017789630885,-3.6114647688198023,77.35059335870703,-2.4347008347394286,0.01281353200903038,0.03181136090577581,0.02362500197147028,-2323.4661188368186,-1992.1306837326124,1866.4653601165214,0.4444444444444444,0.0,0.05,0.3956021186803775,0.4627897939380379,1.0,-0.025701101339727375,0.002550426213221703
1.3333333333333333,21.45476768668351,0.27580258071811514,21.456540344451845,-0.2111837736172498,-0.17169299591410836,-0.028999999999999998,1.1928605591413404,-3.616353370247438,77.70114927779294,-2.5047669421719956,0.012854363834750466,0.03185657045680031,0.023661088679327955,-2326.5364807287674,-1994.8446118311003,1864.8023220854932,0.4444444444444444,0.0,0.05,0.3961004829818858,0.4629614759721095,1.0,-0.02573589122381706,0.002546708779718279
1.35,21.473839152603713,0.2769243998085001,21.475624672523626,-0.21404612848012383,-0.17177019782004088,-0.028999999999999998,1.191124388098529,-3.6212405397270953,78.05181806706665,-2.5758849648931,0.012895181348232287,0.031901779382789576,0.023697151702340317,-2329.6065193494737,-1997.556887533048,1863.145070071026,0.4444444444444444,0.0,0.05,0.39659880164480243,0.4631341454687795,1.0,-0.02577067091740442,0.002543002125152549
1.3666666666666667,21.492878167109318,0.2780468445423787,21.494676595705375,-0.21690976415655233,-0.17184683706894233,-0.028999999999999998,1.1893932625155736,-3.6261248525607646,78.40259595522721,-2.6480564455614823,0.012935975014870357,0.03194697682558374,0.02373318220577081,-2332.6753978813217,-2000.2666405752882,1861.4935740490505,0.4444444444444444,0.0,0.05,0.39709693245269434,0.4633076874730449,1.0,-0.025805430281581762,0.002539306242438411
1.3833333333333333,21.511884812457897,0.27916973417645885,21.513696193935083,-0.21977467146407476,-0.1719229325191913,-0.028999999999999998,1.1876671767897513,-3.6310050702074297,78.75347916328215,-2.7212829134320518,0.012976736632201743,0.03199215321240313,0.02376917280401922,-2335.74237222096,-2002.9731334525845,1859.8478041409555,0.4444444444444444,0.0,0.05,0.39759474897299923,0.4634820031246371,1.0,-0.02584016050223344,0.0025356211196142795
1.4,21.530859171201968,0.28029291334923356,21.5326835477468,-0.22264084154284475,-0.17199850376572065,-0.028999999999999998,1.1859461231934936,-3.6358801242957615,79.10446390467028,-2.795565883996681,0.013017459204352698,0.032037300162116374,0.02380511739845693,-2338.8067851763,-2005.6757475576926,1858.2077306227768,0.4444444444444444,0.0,0.05,0.3980921395662262,0.4636570080269281,1.0,-0.025874853976261655,0.00253194674018211
1.4166666666666667,21.5498013260843,0.281416249598117,21.55163873813874,-0.2255082658631745,-0.17207357069679818,-0.028999999999999998,1.1842300920397026,-3.640749100988363,79.45554638537723,-2.8709068586710202,0.013058136821473141,0.032082410390411965,0.023841011026203597,-2341.868060369658,-2008.3739701054108,1856.5733239332492,0.4444444444444444,0.0,0.05,0.39858900634566996,0.4638326307010435,1.0,-0.025909504200314157,0.0025282830834603425
1.4333333333333333,21.568711359944537,0.2825396309916223,21.57056184645364,-0.2283769362265659,-0.17214815313331783,-0.028999999999999998,1.1825190718494687,-3.645611225889336,79.80672280404417,-2.9473073245230075,0.013098764545160776,0.032127477615666734,0.0238768497201646,-2344.9256960086327,-2011.0673819023823,1854.9445546807844,0.4444444444444444,0.0,0.05,0.39908526411509754,0.46400881113378073,1.0,-0.025944105663378448,0.0025246301249419716
1.45,21.587589355636485,0.2836629638925598,21.589452954270843,-0.23124684476149332,-0.17222227054013486,-0.028999999999999998,1.180813049518874,-3.650465849638766,80.15798935207016,-3.024768754038927,0.013139338300574503,0.03217249646693155,0.023912630380395504,-2347.9792586557232,-2013.7556459974796,1853.3213936494394,0.4444444444444444,0.0,0.05,0.39958083930665894,0.4641854994246409,1.0,-0.025978653744264515,0.0025209878366506656
1.4666666666666666,21.606435395955426,0.2847861708628796,21.60831214330981,-0.234117983915038,-0.17229594179987637,-0.028999999999999998,1.1791120104822517,-3.6553124342969694,80.50934221370838,-3.1032926049230705,0.013179854775684435,0.03221746239513352,0.02394835065665713,-2351.028377101228,-2016.4384972255737,1851.7038118039509,0.4444444444444444,0.0,0.05,0.4000756689367673,0.4643626545345595,1.0,-0.026013144614707853,0.0025173561874893184
1.4833333333333334,21.62524956357467,0.28590918871632925,21.627139495344245,-0.23699034644132377,-0.17236918504053828,-0.028999999999999998,1.1774159388698635,-3.6601505405872374,80.86077756615693,-3.182880319927279,0.013220311327897142,0.032262371588319454,0.023984008841865998,-2354.072736421046,-2019.1157326398416,1850.0917802939093,0.4444444444444444,0.0,0.05,0.4005696995937946,0.4645402431367172,1.0,-0.026047575148582115,0.002513735143576685
1.5,21.642739658191033,0.2801188834647446,21.644552351598968,-0.2399088870125406,-0.17782180631364217,-0.057999999999999996,1.0787938605223109,-4.395951291693249,81.21226436224923,-3.263594628504153,0.012942134306983101,0.06091601411815481,0.024025576889353556,-3190.0009710129793,-2016.7340078420784,1848.5610511170864,0.4444444444444444,0.0,0.1,0.5410762621624368,0.4655553368191518,1.0,-0.03128392407638934,0.0023031810172984457
1.5166666666666666,21.659650898452412,0.2694774170107425,21.66132717820192,-0.24298323629917798,-0.18885499834148511,-0.057999999999999996,1.0590438543238019,-4.736376013180288,81.56374462395686,-3.345588953513229,0.012440805969705147,0.059859741074869986,0.024164169765280106,-3571.354931315851,-2020.6128154776577,1847.1100581130981,0.4444444444444444,0.0,0.1,0.6052357174820807,0.4662808386124632,1.0,-0.0337065671936711,0.002261015557304162
1.5333333333333332,21.67634229594999,0.2600984585643772,21.67790272464885,-0.24626589848307479,-0.20195741572310347,-0.057999999999999996,1.0508430989530013,-4.872083085962666,81.91519053195657,-3.4289400470499705,0.011998609961947668,0.05866055861453526,0.02448062542258876,-3714.425630150625,-2032.7323125063576,1845.6839645681498,0.4444444444444444,0.0,0.1,0.6292550266730847,0.4678126318930679,1.0,-0.03467233079746155,0.0022435072781150393
1.55,21.692920374423025,0.2543435570190395,21.694411377496618,-0.24977357132588052,-0.21556560418905873,-0.057999999999999996,1.0476410435330343,-4.926020621464838,82.26658792344753,-3.5136782854146187,0.011724189218778502,0.05756661494093298,0.02499543335206723,-3754.9155384072305,-2056.4629068857303,1844.2712436686734,0.4444444444444444,0.0,0.1,0.6360227164925517,0.4707214071335692,1.0,-0.035056178946258384,0.002236671020022103
1.5666666666666667,21.709423567088947,0.25296609005447585,21.71089734345392,-0.25350599936925705,-0.22891000757885674,-0.057999999999999996,1.0465825567818758,-4.95163011292036,82.61792794677886,-3.599815858627827,0.011651835948801264,0.05667829998719558,0.02569939900020864,-3751.752834596272,-2093.3328617984116,1842.8675242843406,0.4444444444444444,0.0,0.1,0.6354550851872433,0.4752833124785272,1.0,-0.035238429688627476,0.0022344111938573997
1.5833333333333333,21.725858306521467,0.2559716958256818,21.727366169513314,-0.25745430350418996,-0.24159243377337838,-0.057999999999999996,1.046305506482048,-4.9735250197098635,82.96920336365875,-3.687359081730175,0.011781345949059552,0.05602870461009943,0.026569552460564607,-3732.8431748514167,-2143.1853267201122,1841.4717170201939,0.4444444444444444,0.0,0.1,0.6322435746549444,0.48154435462036627,1.0,-0.03539424547370152,0.0022338197027349975
1.6,21.742215445523115,0.26301123130971743,21.743806184459494,-0.2616051352984229,-0.2534082057675022,-0.057999999999999996,1.0461347477747642,-5.002806055978407,83.32040680750913,-3.7763140252486758,0.012096209977244584,0.055618145037782056,0.027577355540466742,-3711.8739093334057,-2204.7066159609913,1840.0843204565365,0.4444444444444444,0.0,0.1,0.6286884782535492,0.4893954070521268,1.0,-0.03560262487891334,0.0022334551398397622
1.6166666666666667,21.758478758404834,0.27357900580994315,21.76019860553608,-0.26594294809157154,-0.2642617701294066,-0.057999999999999996,1.0457427322028834,-5.0437371861426845,83.67152997306194,-3.8666889856684654,0.012572781092730911,0.055430801167884736,0.028693195859134903,-3695.394026439756,-2275.933247669634,1838.7065697941575,0.4444444444444444,0.0,0.1,0.6258902420910564,0.49863322358695883,1.0,-0.03589391253963872,0.0022326182025372045
1.6333333333333333,21.77462967838195,0.2871182852483692,21.77652255389726,-0.2704513213827389,-0.2741225506614485,-0.057999999999999996,1.0449873506265863,-5.097039791065346,84.02256328657131,-3.958495355020981,0.013185144867149057,0.055443389521337164,0.029888845800968702,-3686.186617605189,-2354.6399529107184,1837.339970474517,0.4444444444444444,0.0,0.1,0.624316335064014,0.509005348596272,1.0,-0.03627324218522086,0.002231005493593438
1.65,21.790649996441108,0.30307814032782343,21.792757595736788,-0.2751137664747977,-0.28299998380618446,-0.057999999999999996,1.0438272208216377,-5.161650929950488,84.37349583270648,-4.051747667271362,0.013907735618309712,0.05562987887648104,0.03113872704228161,-3685.018919251401,-2438.604145178516,1835.9860343790403,0.4444444444444444,0.0,0.1,0.6240953267797589,0.5202420428531479,1.0,-0.03673304936442944,0.0022285286636427506
1.6666666666666667,21.806523360817152,0.32094321763556183,21.80888501585559,-0.2799142270901764,-0.2909284458884777,-0.057999999999999996,1.0422749571744263,-5.235697694002503,84.72431541745617,-4.146463238691199,0.014716699305881393,0.055964087624613884,0.0324204568434396,-3691.597944015222,-2525.768946085038,1834.6461330179234,0.4444444444444444,0.0,0.1,0.6251775059268614,0.5320783936042348,1.0,-0.03726000546357522,0.0022252146438870497
1.6833333333333333,21.822236038843688,0.3402479727226112,21.824888417079023,-0.28483738949086707,-0.2979576277503996,-0.057999999999999996,1.0403706076631396,-5.31704055067306,85.07500869906272,-4.24266163334578,0.01559053821184402,0.05642109241032163,0.033714964955094774,-3705.1063491766695,-2614.3309172135305,1833.3214218325184,0.4444444444444444,0.0,0.1,0.6274249889363773,0.5442688976909328,1.0,-0.03783888443274099,0.002221148935131001
1.7,21.837777217408366,0.3605818927729694,21.840753949865274,-0.2898688675402286,-0.3041461059643055,-0.057999999999999996,1.0381663516088167,-5.40356980209972,85.42556134797242,-4.340364081848468,0.01651034007516224,0.056977949673781815,0.035006362203695365,-3724.505813986713,-2702.775505662694,1832.0128086584064,0.4444444444444444,0.0,0.1,0.6306627620289792,0.556596171934569,1.0,-0.038454672541479516,0.0022164429381028718
1.7166666666666666,21.853139016344713,0.3815895360437491,21.856470333558107,-0.2949953026109943,-0.30955691732664387,-0.057999999999999996,1.0357176951247968,-5.493357926709067,85.77595821344917,-4.439592922367315,0.017459769049011073,0.05761401308189796,0.03628167557913086,-3748.70781192665,-2789.8783677327306,1830.7209495556538,0.4444444444444444,0.0,0.1,0.6347074263967808,0.5688751334658386,1.0,-0.039093652522569855,0.0022112151560971893
1.7333333333333334,21.868316328500253,0.402967685007032,21.872028758176747,-0.3002044043233036,-0.3142544716103108,-0.057999999999999996,1.0330785047746742,-5.584727527745431,86.1261834843402,-4.540371098327814,0.01842492482673599,0.05831101196475764,0.03753052237533032,-3776.667254409934,-2874.6860848657852,1829.4462611551785,0.4444444444444444,0.0,0.1,0.6393829643549648,0.5809538330462608,1.0,-0.03974388712983517,0.0022055805920364554
1.75,21.88330656201106,0.42446101118992013,21.88742271801266,-0.3054849500534387,-0.31830240733491066,-0.057999999999999996,1.0302983473392948,-5.676270459400469,86.47622083738618,-4.642721727094615,0.019394134556341702,0.05905298988344348,0.03874476837058817,-3807.430689825987,-2956.4858844257174,1828.1889423688208,0.4444444444444444,0.0,0.1,0.644528852175093,0.592711985341322,1.0,-0.04039535524983866,0.002199645068981878
1.7666666666666666,21.898109335108927,0.4458571060148361,21.902647808230142,-0.3108267561531107,-0.3217621366091919,-0.057999999999999996,1.0274212286414492,-5.766839629038502,86.8260535700284,-4.746667742345413,0.020357716929690857,0.05982616429845563,0.03991819687452669,-3840.157577050563,-3034.7709029385,1826.9490007233685,0.4444444444444444,0.0,0.1,0.6500036355068664,0.6040580741653548,1.0,-0.04103989356216524,0.0021935025375753826
1.7833333333333332,21.91272615661161,0.4669813948892282,21.917701504442093,-0.31622063045039756,-0.32469190256501024,-0.057999999999999996,1.024485180229114,-5.855526549206031,87.17566471680259,-4.852231606479718,0.02130774219819663,0.0606187455151957,0.04104620350808085,-3874.125693103203,-3109.2052026684564,1825.7262802075966,0.4444444444444444,0.0,0.1,0.6556858301823134,0.6149257230769385,1.0,-0.04167103678759919,0.002187234193625144
1.8,21.927160113310638,0.48769223878754475,21.932582938508055,-0.3216583131684944,-0.32714621882402467,-0.057999999999999996,1.0215223509073854,-5.941632558925604,87.52503714966157,-4.959435086193075,0.022237801997844163,0.06142073900186189,0.04212552379868481,-3908.727409635833,-3179.5910541101225,1824.5204886447714,0.4444444444444444,0.0,0.1,0.6614732838480668,0.625269834891003,1.0,-0.04228381288356688,0.002180908673522539
1.8166666666666667,21.94141557712368,0.5078763914069322,21.947292679439855,-0.32713241155136885,-0.3291755906495625,-0.057999999999999996,1.0185593857348147,-6.0246384274422935,87.87415366326849,-5.068299083039449,0.023142796570073138,0.06222374619363382,0.04315399573519246,-3943.4610005293744,-3245.8398042919976,1823.3312233843296,0.4444444444444444,0.0,0.1,0.6672817007059518,0.6350628376712858,1.0,-0.04287452672825342,0.0021745828633839117
1.8333333333333333,21.95549793907707,0.527444892840579,21.961832525265304,-0.3326363320500402,-0.33082643944740625,-0.057999999999999996,1.01561795345811,-6.104175038587534,88.22299704665251,-5.178843510618943,0.024018742947557323,0.06302077301790684,0.044130356430948404,-3977.9195700626797,-3307.946850555841,1822.157994647248,0.4444444444444444,0.0,0.1,0.6730427664474826,0.6442912404516387,1.0,-0.043440551494966104,0.0021683030251022075
1.8499999999999999,21.96941337322495,0.5463294256035245,21.976205309491345,-0.33816421280207015,-0.3321411695143383,-0.057999999999999996,1.0127153337737764,-6.179996585742177,88.57155014275038,-5.291087210473107,0.02486260514399377,0.06380605146452009,0.045054070357874974,-4011.7792034853674,-3365.970732988673,1821.0002462277512,0.4444444444444444,0.0,0.1,0.6787021437470159,0.6529526016706021,1.0,-0.043980137893255465,0.0021621060501266945
1.8666666666666667,21.9831686309911,0.5644791249824058,21.990414724173164,-0.343710858267772,-0.3331583299109581,-0.057999999999999996,1.0098650090299774,-6.251956916864338,88.91979589735462,-5.405047899537088,0.02567214584230049,0.06457487691311087,0.04592518579482695,-4044.7873080694367,-3420.016063599978,1819.8573734972742,0.4444444444444444,0.0,0.1,0.6842175016051844,0.6610529439246008,1.0,-0.04449224582757027,0.0021560207227223696
1.8833333333333333,21.99677086476598,0.5818578159812959,22.00446516039497,-0.34927167722324576,-0.3339128357549008,-0.057999999999999996,1.007077227177488,-6.319989187980459,89.26771739890866,-5.520742142895746,0.026445798186137535,0.06532346220200484,0.04674421586713891,-4076.7517007027554,-3470.219860884323,1818.7287388100094,0.4444444444444444,0.0,0.1,0.6895566721977032,0.6686046043966314,1.0,-0.04497639960069392,0.0021500689218473495
1.9,22.01022747862453,0.5984416388248285,22.018361566108357,-0.3548426248142545,-0.33443622247948557,-0.057999999999999996,1.004359517629743,-6.384088703682746,89.61529791046652,-5.638185346504517,0.02718255582303441,0.06604880830840307,0.04751204062421834,-4107.530729724036,-3516.740804301088,1817.6136844991252,0.4444444444444444,0.0,0.1,0.6946959835319962,0.6756244849197743,1.0,-0.045432565797610826,0.0021442667224930946
1.9166666666666667,22.023546003539213,0.6142170207855501,22.03210932068536,-0.36042014901306185,-0.33475691397070106,-0.057999999999999996,1.0017171515205756,-6.444298673319653,89.96252089499355,-5.7573917653999285,0.027881879171500156,0.06674859082272867,0.048229826860773456,-4137.024545825505,-3559.7509276341907,1816.5115436984752,0.4444444444444444,0.0,0.1,0.6996187870178282,0.682132653430673,1.0,-0.04586105191899303,0.0021386253783159588
1.9333333333333333,22.03673399429145,0.6291789517725355,22.045714125165325,-0.3660011415640983,-0.33490049124912896,-0.057999999999999996,0.9991535441943851,-6.500698544241154,90.30937003503983,-5.878374523705484,0.02854361588481286,0.06742106100994788,0.04889896273756523,-4165.167528427378,-3599.4293074065486,1815.4216492407652,0.4444444444444444,0.0,0.1,0.7043141807698855,0.6881512449933233,1.0,-0.04626242335437733,0.002133152180937332
1.95,22.049798945318337,0.6433295231096512,22.059181906958067,-0.37158289332951966,-0.3348899527620296,-0.057999999999999996,0.9966706016917557,-6.553394556930383,90.65582924767985,-6.001145643422484,0.029167933589347855,0.06806496006339849,0.04952100463778441,-4191.921809172199,-3635.957355326434,1814.3433408803805,0.4444444444444444,0.0,0.1,0.7087759185604516,0.6937036122217249,1.0,-0.046637436167465914,0.0021278511996763423
1.9666666666666666,22.06274822288917,0.6566766922014919,22.072518737667433,-0.37716305383236454,-0.3347459606402081,-0.057999999999999996,0.9942690152584961,-6.6025121800315825,91.00188269548237,-6.1257160795808,0.029755263137241535,0.06867944510426072,0.050097634068244995,-4217.271798798651,-3669.5153812731364,1813.2759710748871,0.4444444444444444,0.0,0.1,0.7130014884059817,0.6988136794137229,1.0,-0.04698698325976747,0.002122723910314678
1.9833333333333334,22.07558901123102,0.6692332396433786,22.08573076268538,-0.38273959472698627,-0.3344870696779061,-0.057999999999999996,0.9919485090482261,-6.648190112373001,91.3475147941604,-6.252095759817011,0.030306250800270027,0.06926402551360603,0.05063062276009597,-4241.219607659331,-3700.2801491878804,1812.2189095388592,0.4444444444444444,0.0,0.1,0.7169913421120562,0.7035054604490991,1.0,-0.04731205168580659,0.0021177697239315356
2.0,22.08832827047651,0.6810158893374602,22.098824141249278,-0.3883107768910285,-0.3341299375064704,-0.057999999999999996,0.9897080465943892,-6.690575575273115,91.69271021744876,-6.380293626855688,0.030821718023930786,0.06981850826953476,0.05112180443199019,-4263.781246572745,-3728.423199030566,1811.1715467606382,0.4444444444444444,0.0,0.1,0.7207482565357509,0.7078027065215298,1.0,-0.04761368915067465,0.0021129864277129712
2.0166666666666666,22.100972704564978,0.6920445660603765,22.111804995733383,-0.3938751208206626,-0.33368951561735416,-0.057999999999999996,0.9875460015702606,-6.72982065628806,92.03745389966917,-6.510317682704293,0.031302627545678856,0.07034295107541033,0.05157305194663273,-4284.9834987099475,-3754.1097522322684,1810.1332966492182,0.4444444444444444,0.0,0.1,0.7242768080342676,0.7117286555025519,1.0,-0.0478929779901946,0.0021083705495175704
2.033333333333333,22.113528737476035,0.7023417685364655,22.124679369044184,-0.39943138001373196,-0.33317922167999475,-0.057999999999999996,0.9854602980249987,-6.766079501951136,92.38173103636744,-6.642175033643845,0.03175005485229902,0.07083762219053014,0.05198625882032853,-4304.861361507944,-3777.4980555265875,1809.1035984559896,0.4444444444444444,0.0,0.1,0.7275829429954298,0.7153058598892884,1.0,-0.04815101519296449,0.0021039176572747154
2.05,22.126002496402773,0.7119320393290799,22.13745318909664,-0.4049785170384064,-0.33261109410058104,-0.057999999999999996,0.9834485248089604,-6.799506190299873,92.72552708334354,-6.775871935315922,0.032165164105256785,0.0713029660012778,0.05236332423765183,-4323.455967972638,-3798.739049044952,1808.081918095395,0.4444444444444444,0.0,0.1,0.7306736291176263,0.7185560747540183,1.0,-0.048388897260130036,0.002099622603277981
2.0666666666666664,22.138399800677497,0.7208415157458956,22.15013223945763,-0.41051568200398947,-0.3319959300601491,-0.057999999999999996,0.9815080283671926,-6.830253143351913,93.06882775434129,-6.91141383738083,0.03254918779859594,0.07173957349240807,0.052706140883723225,-4340.812907761712,-3817.97626980002,1807.0677489699738,0.4444444444444444,0.0,0.1,0.7335565739844988,0.7215001908839163,1.0,-0.048607708907719926,0.0020954797222954634
2.0833333333333335,22.15072615544383,0.7290975484674737,22.162722135348012,-0.4160421931728408,-0.3313434084166778,-0.057999999999999996,0.9796359875398002,-6.858469965024126,93.41161901762007,-7.0488054273596585,0.03290340953195241,0.07214815689092714,0.05301658503911122,-4356.980879246046,-3835.345921963736,1806.060612388938,0.4444444444444444,0.0,0.1,0.7362399993159799,0.7241582014209985,1.0,-0.048808514796661095,0.0020914829912655236
2.1,22.16298674922648,0.7367283767746043,22.175228304293363,-0.4215575194760426,-0.3306621989019623,-0.057999999999999996,0.9778294734937554,-6.884302611465905,93.75388709159323,-7.1880506733811265,0.033229149382724636,0.07252952785723188,0.05329650849123366,-4372.010613834032,-3850.977061477813,1805.0600576552354,0.4444444444444444,0.0,0.1,0.7387324609880725,0.7265491928593976,1.0,-0.048992353628429755,0.0020876261572487643
2.1166666666666667,22.175186454685402,0.7437628511008886,22.18765597080369,-0.42706126471913897,-0.3299600590237558,-0.057999999999999996,0.9760854974399182,-6.907892818746256,94.09561843968743,-7.329152865638366,0.03352775144795902,0.07288457868916925,0.05354773190511155,-4385.954022952609,-3864.99185525629,1804.0656618838948,0.4444444444444444,0.0,0.1,0.7410427064569505,0.7286913533118501,1.0,-0.049160234072168824,0.002083902839301927
2.1333333333333333,22.187329831956433,0.7502301952077414,22.2000101445433,-0.43255315328718197,-0.3292439200212881,-0.057999999999999996,0.974401048369278,-6.929377727715455,94.43679976455174,-7.47211465642569,0.03380057319978719,0.07321426608465996,0.05377203936876975,-4398.863526118788,-3877.505885202941,1803.0770296040916,0.4444444444444444,0.0,0.1,0.7431795625834795,0.7306019925999803,1.0,-0.0493131320950042,0.002080306609043232
2.15,22.199421134078243,0.7561598016047024,22.21229561152387,-0.4380330171798965,-0.3285199631349554,-0.057999999999999996,0.972773122675329,-6.948889658087841,94.77741800172471,-7.616938098674908,0.034048976359984336,0.07351959707813009,0.05397117388735691,-4410.791525511868,-3888.628475022078,1802.0937921886386,0.4444444444444444,0.0,0.1,0.7451518480336841,0.7322975700266846,1.0,-0.049451989354298,0.002076831053894948
2.1666666666666665,22.211464314087795,0.7615810549518045,22.224516927916728,-0.44350078422775835,-0.3277936873506445,-0.057999999999999996,0.9711987472130224,-6.96655599377296,95.11746031285094,-7.763624682948053,0.034274319050993915,0.07380161682609239,0.054146833647601214,-4421.78999843293,-3898.463023807288,1801.1156071472503,0.4444444444444444,0.0,0.1,0.7469683054401601,0.7337937267174246,1.0,-0.04957771238160397,0.0020734698263133134
2.183333333333333,22.223463033435742,0.766523179113022,22.23667841613496,-0.4489564673580242,-0.3270699696738611,-0.057999999999999996,0.9696749970749116,-6.982499149587957,95.4569140785249,-7.912175372871022,0.03447794902402263,0.07406139796878472,0.054300668912555014,-4431.91018410734,-3907.107335020356,1800.142157313768,0.4444444444444444,0.0,0.1,0.7486375493650008,0.7351053202243187,1.0,-0.04969117234577529,0.0020702166817398882
2.2,22.235420671430855,0.7710151043073779,22.248784162883254,-0.45440015479624424,-0.3263531188838752,-0.057999999999999996,0.9681990091370428,-6.996836596039499,95.7957668908289,-8.062590639012729,0.03466119780082759,0.07430003133879512,0.05443427943738674,-4441.202345552395,-3914.6539330214687,1799.1731499524196,0.4444444444444444,0.0,0.1,0.7501680268243411,0.7362464597173557,1.0,-0.049793205229325864,0.002067065507521475
2.216666666666667,22.24734033547108,0.7750853514505982,22.26083801891366,-0.4598320011035621,-0.32564692361681585,-0.057999999999999996,0.9667679922356043,-7.009680924145406,96.13400654562335,-8.214870491228629,0.03482537559570299,0.07451861782501883,0.05454921232163073,-4449.7155908012055,-3921.1903620190074,1798.2083158038877,0.4444444444444444,0.0,0.1,0.7515679877361106,0.7372305405771716,1.0,-0.04988461228973546,0.0020640103446368523
2.2333333333333334,22.259224871858898,0.7787619313155213,22.272843600260117,-0.46525221896325175,-0.32495469553101625,-0.057999999999999996,0.9653792346754573,-7.02113993650837,96.47162103464032,-8.36901450949718,0.03497176690888472,0.07471826123197176,0.05464696023293186,-4457.497740744552,-3926.799464360014,1797.2474080884267,0.4444444444444444,0.0,0.1,0.7528454631529136,0.7380702775830065,1.0,-0.049966160707578665,0.002061045403727185
2.25,22.271076877032375,0.7820722565811213,22.284804290753822,-0.47066107164156074,-0.32427930821898826,-0.057999999999999996,0.9640301096386701,-7.031316754250016,96.808598537426,-8.525021873284144,0.03510162670294132,0.07490006200120876,0.05472895995284262,-4464.595233315383,-3931.559636627371,1796.2902014803099,0.4444444444444444,0.0,0.1,0.754008249556489,0.7387777361811383,1.0,-0.050038584347524465,0.002058165076643023
2.2666666666666666,22.28289870907107,0.7850430652027227,22.296723245646298,-0.47605886605814113,-0.32362323244861707,-0.057999999999999996,0.9627180789510552,-7.040309932122665,97.14492741317301,-8.682891389473372,0.035216177090403894,0.0750651116840582,0.05479659120739717,-4471.053055775441,-3935.5450631607664,1795.336491065436,0.4444444444444444,0.0,0.1,0.7550638978324782,0.7393643615418195,1.0,-0.050102584577532715,0.0020553639444857038
2.283333333333333,22.29469249935927,0.7877003538322427,22.308603396188072,-0.4814459464102714,-0.32298856824155475,-0.057999999999999996,0.961440695573774,-7.048213576268581,97.48059619248016,-8.842621518904567,0.035316604474488755,0.07521448807369271,0.05485117575461333,-4476.914698539781,-3938.825927463982,1794.3860912919063,0.4444444444444444,0.0,0.1,0.7560197058260159,0.7398410052811698,1.0,-0.05015883110689142,0.002052636782926829
2.3,22.306460164308458,0.7900693202576669,22.320447455028596,-0.4868226883028278,-0.32237707422915396,-0.057999999999999996,0.9601956051121947,-7.055117460797656,97.81559356907445,-9.004210401559094,0.035404057095782246,0.07534925092023967,0.054893976708259885,-4482.222125351665,-3941.468602569155,1793.4388349216767,0.4444444444444444,0.0,0.1,0.7568827136099598,0.7402179498500964,1.0,-0.05020796281584549,0.0020499785654296138
2.3166666666666664,22.31820341705691,0.792174314024355,22.3322579223179,-0.4921894933426566,-0.32179019466527353,-0.057999999999999996,0.9589805465727962,-7.0611071406901305,98.14990839152745,-9.167655880434488,0.03547964294660285,0.07547043816564863,0.054926198082588376,-4487.015755747831,-3943.535821852107,1792.4945719900081,0.4444444444444444,0.0,0.1,0.7576597007868872,0.7405049306841485,1.0,-0.05025058855907247,0.0020473844648648456
2.3333333333333335,22.329923779078047,0.7940387945547757,22.344037092403273,-0.49754678416174347,-0.3212290844205024,-0.057999999999999996,0.9577933525486244,-7.066264059569444,98.48352965499707,-9.332955524147362,0.03554442802178644,0.0755790626457723,0.05494898454660256,-4491.3344566743135,-3945.086832071982,1791.553168778253,0.4444444444444444,0.0,0.1,0.7583571853003986,0.7407111562732974,1.0,-0.05028728793265138,0.0020448498539068277
2.35,22.34162259164029,0.7956852962042692,22.35578706102488,-0.5028949998384677,-0.320694632233355,-0.057999999999999996,0.956631948972893,-7.070665651687864,98.81644649302338,-9.50010664830314,0.035599434880154254,0.07567610921591836,0.05496342137911021,-4495.21554086106,-3946.1775305747656,1790.614506804551,0.4444444444444444,0.0,0.1,0.7589814233567338,0.7408453263545213,1.0,-0.050318611999846594,0.0020423703045073234
2.3666666666666667,22.35330102707072,0.7971353997839398,22.367509732923548,-0.5082345916903602,-0.3201874824503629,-0.057999999999999996,0.9554943545471178,-7.074385438068205,99.14864816940604,-9.669106335669559,0.03564564149517635,0.07576253226328705,0.05497053461750515,-4498.694770168432,-3946.8605886779674,1789.678481836196,0.4444444444444444,0.0,0.1,0.7595384101590744,0.7409156484571369,1.0,-0.05034508397530339,0.002039941586674649
2.3833333333333333,22.36496009978286,0.7984097101524296,22.379206829781637,-0.5135660194152396,-0.31970805544832054,-0.057999999999999996,0.9543786799233969,-7.077493117185657,99.48012407018989,-9.83995145518951,0.035683980376550926,0.075839253575471,0.05497129139416101,-4501.806362604781,-3947.1855632618676,1788.7450029267475,0.4444444444444444,0.0,0.1,0.7600338812383395,0.7409298530445017,1.0,-0.050367199870388006,0.0020375596667278747
2.4,22.376600677035626,0.7995278395301662,22.39087989842505,-0.518889747560464,-0.3192565668978554,-0.057999999999999996,0.9532831266990398,-7.0800546508836,99.81086369578344,-10.012638679867386,0.03571533794677096,0.07590716053878041,0.05496660045464995,-4504.583002101239,-3947.1989985462164,1787.8139914803833,0.4444444444444444,0.0,0.1,0.7604733142290485,0.7408952074987928,1.0,-0.050385429104610184,0.002035220705150398
2.4166666666666665,22.388223489396232,0.8005083962261439,22.402530319220233,-0.5242062423023679,-0.31883304599763196,-0.057999999999999996,0.952205986264798,-7.0821323464204,100.14085665323437,-10.187164503562027,0.035740554158401536,0.07596710464375299,0.054957312851870936,-4507.055850434565,-3946.9445199422867,1786.8853803455193,0.4444444444444444,0.0,0.1,0.7608619309897956,0.7408185291903066,1.0,-0.050400215089511764,0.002032921054130963
2.433333333333333,22.39982914088469,0.8013689784914023,22.414159314605474,-0.529515968519838,-0.3184373527825486,-0.057999999999999996,0.9511456385346813,-7.083784935660938,100.47009264868441,-10.363525256718315,0.03576042233888372,0.07601990027797995,0.05494422280970513,-4509.254560924835,-3946.4629217484407,1785.9591129392963,0.4444444444444444,0.0,0.1,0.7612047000073116,0.7407061978609439,1.0,-0.0504119757922357,0.0020306572548518705
2.45,22.4114181187818,0.8021261732276774,22.425767957700756,-0.5348193871474644,-0.31806919458693156,-0.057999999999999996,0.9501005505751745,-7.085067652473071,100.79856148002487,-10.541717121068837,0.03577568925033244,0.07606632378846741,0.05492806874911242,-4511.207293713683,-3945.792250311137,1785.035142404187,0.4444444444444444,0.0,0.1,0.7615063390529639,0.7405641675348081,1.0,-0.05042110428632026,0.002028426034562409
2.466666666666667,22.42299080308604,0.8027955592864786,22.437357180944712,-0.5401169527948527,-0.31772814172470043,-0.057999999999999996,0.9490692751440579,-7.086032309379684,101.1262530297728,-10.721736143336498,0.03578705535210907,0.07610711279728163,0.054909534468732465,-4512.940732560103,-3944.9678841094906,1784.1134307976833,0.4444444444444444,0.0,0.1,0.7617713180824247,0.7403979781484284,1.0,-0.050427969297195896,0.002026224303459301
2.4833333333333334,22.43454747560802,0.8033917150950132,22.448927784711536,-0.545409111619543,-0.3174136424325007,-0.057999999999999996,0.948050449143511,-7.086727374463591,101.45315725818584,-10.903578247968763,0.03579517525401321,0.07614296575530408,0.05488925047112761,-4514.4801031828365,-3944.022612046118,1783.1939483157557,0.4444444444444444,0.0,0.1,0.7620038623845572,0.7402127670701686,1.0,-0.05043291574948125,0.002024049151384137
2.5,22.44608832869374,0.8039282303426102,22.460480445864537,-0.5506962994416114,-0.31712503710861584,-0.057999999999999996,0.947042791988437,-7.087198049434943,101.7792641966329,-11.087239248934141,0.035800658347828425,0.07617454171964431,0.05486779542486842,-4515.849193237903,-3942.9867110451933,1782.2766725505576,0.4444444444444444,0.0,0.1,0.7622079559954321,0.7400132806538131,1.0,-0.05043626532255233,0.0020218978443398163
2.5166666666666666,22.45761347357046,0.8044177214560174,22.472015726206806,-0.5559789400884585,-0.3168615718698401,-0.057999999999999996,0.9460451038885794,-7.0874863496585085,102.1045639412355,-11.272714860611691,0.035804069604737275,0.0762024603407053,0.05484569775176319,-4517.070374052924,-3941.8880238750667,1781.361587782647,0.4444444444444444,0.0,0.1,0.7623873453988262,0.7398038859460138,1.0,-0.050438317020059145,0.0020197678208229383
2.533333333333333,22.469122948310964,0.804871850585356,22.48353408079297,-0.5612574439585721,-0.3166224114401647,-0.057999999999999996,0.9450562640418265,-7.0876311868084505,102.42904664679328,-11.46000070780462,0.03580593052584776,0.07622730204513958,0.054823437327715385,-4518.164624251558,-3940.752037931389,1780.4486843078348,0.4444444444444444,0.0,0.1,0.7625455435364206,0.7395885826419065,1.0,-0.050439347758140976,0.0020176566879665766
2.55,22.480616725413995,0.8053013478156286,22.49503586606959,-0.5665322067932143,-0.3164066513788771,-0.057999999999999996,0.9440752287357903,-7.0876684546779325,102.75270252100518,-11.649092334909446,0.035806720232789316,0.07624960840103778,0.05480144728498568,-4519.151555396139,-3939.601965541011,1779.5379577986077,0.4444444444444444,0.0,0.1,0.7626858341499462,0.7393710153584254,1.0,-0.05043961297609314,0.002015562217487232
2.5666666666666664,22.492094719000296,0.8057160363122998,22.50652134781499,-0.5718036086450586,-0.3162133296512559,-0.057999999999999996,0.9431010293551778,-7.087631118525758,103.075521818996,-11.83998521427277,0.03580687668508015,0.07626988265170236,0.05478011590306536,-4520.049439758442,-3938.4588261798112,1778.6294086999387,0.4444444444444444,0.0,0.1,0.7628112764743944,0.7391544862711283,1.0,-0.05043934727220507,0.0020134823414306477
2.5833333333333335,22.503556791625225,0.8061248601042671,22.517990708852775,-0.5770720130328312,-0.3160414375422438,-0.057999999999999996,0.9421327702934206,-7.087549308197326,103.39749483815643,-12.032674753768175,0.035806798010766694,0.07628859040432805,0.054759788574948884,-4520.875240300529,-3937.341530841823,1777.7230416591904,0.4444444444444444,0.0,0.1,0.7629247102966508,0.738941968138176,1.0,-0.05043876506645858,0.0020114151477132244
2.6,22.51500276071036,0.8065359142039962,22.52944405651626,-0.5823377662709914,-0.31588992991206866,-0.057999999999999996,0.9411696267683352,-7.087450415116445,103.71861191330204,-12.22715630362634,0.03580684393671217,0.07630616045986734,0.054740769835336475,-4521.644642913133,-3936.266968654221,1776.8188649896858,0.4444444444444444,0.0,0.1,0.7630287613880536,0.7387361177147829,1.0,-0.05043806129077302,0.002009358875458545
2.6166666666666667,22.526432404597674,0.8069564767630846,22.540881429844266,-0.5876011969634747,-0.3157577347925571,-0.057999999999999996,0.9402108425431687,-7.087359193111773,104.03886341215556,-12.423425162552096,0.03580733730488077,0.07632298577033805,0.05472332543720556,-4522.372090920294,-3935.2500957048264,1775.9168901674452,0.4444444444444444,0.0,0.1,0.7631258473128251,0.738539289543268,1.0,-0.050437412106539875,0.002007311910131898
2.6333333333333333,22.537845468231136,0.8073930429622552,22.55230280649164,-0.5928626156504991,-0.3156437623236271,-0.057999999999999996,0.9392557275560673,-7.087297862919326,104.35823973115454,-12.621476583162506,0.03580856566103554,0.07633942450985144,0.05470768446326043,-4523.0708218183545,-3934.3040259365566,1775.0171313604837,0.4444444444444444,0.0,0.1,0.7632181836074585,0.7383535500879399,1.0,-0.050436975648318026,0.0020052727784792912
2.65,22.549241668471684,0.8078513603379005,22.56370810934097,-0.5981223145974501,-0.31554691303097737,-0.057999999999999996,0.9383036554627364,-7.087286220093024,104.6767312915847,-12.821305776780612,0.03581078290244694,0.07635580124572008,0.054694041458997394,-4523.752906176718,-3933.4401238674704,1774.1196049899881,0.4444444444444444,0.0,0.1,0.7633077903192707,0.7381806921705708,1.0,-0.050436892791782574,0.0020032401432811286
2.6666666666666665,22.560620699052297,0.8083364652528175,22.575097212804298,-0.6033805677148892,-0.31546608544811966,-0.057999999999999996,0.9373540610987414,-7.087341745959887,104.99432853603751,-13.022907917619683,0.03581421097149602,0.07637240819615916,0.054682558574497116,-4524.429288588553,-3932.668098815972,1773.2243293226218,0.4444444444444444,0.0,0.1,0.76339649888571,0.738022249651183,1.0,-0.050437287943340896,0.002001212797934328
2.683333333333333,22.571982235181135,0.8088527202266316,22.58646994880676,-0.6086376305988191,-0.31540018308846407,-0.057999999999999996,0.9364064378694803,-7.087479721176594,105.31102192518877,-13.226278146393133,0.03581904158244603,0.07638950656132694,0.05467336770256384,-4525.109830523173,-3931.99610024804,1772.3313240931336,0.4444444444444444,0.0,0.1,0.7634859593298593,0.737879512290264,1.0,-0.05043826984826147,0.0019991896608800176
2.7,22.583325937801252,0.8094038518514789,22.597826112446278,-0.613893740680455,-0.31534812077601376,-0.057999999999999996,0.9354603350772627,-7.0877133413797,105.62680193489355,-13.431411573385233,0.03582543796914579,0.07640732791476547,0.05466657260145802,-4525.803354899072,-3931.4308138166866,1771.4406101563934,0.4444444444444444,0.0,0.1,0.763577647742048,0.7377535407222743,1.0,-0.05043993241370219,0.0019971697698969587
2.716666666666667,22.594651457516296,0.8099929890306218,22.6091654673259,-0.619149117474929,-0.3153088303462159,-0.057999999999999996,0.9345153551961474,-7.0880538343732855,105.94165905359115,-13.638303281017784,0.035833536642005066,0.07642607564269992,0.05466225099119716,-4526.517692168323,-3930.9775576322813,1770.5522091679154,0.4444444444444444,0.0,0.1,0.7636728740127152,0.7376451814662731,1.0,-0.05044235554267998,0.0019951522762834337
2.7333333333333334,22.605958438192285,0.8106227012915662,22.620487750557597,-0.6244039629185801,-0.31528126573153525,-0.057999999999999996,0.933571151106189,-7.088510578264656,106.25558378001249,-13.846948325947617,0.035843449143238115,0.07644592641913028,0.05466045661321214,-4527.259727679769,-3930.640378284935,1769.6661432918938,0.4444444444444444,0.0,0.1,0.7637727897777435,0.7375550818975307,1.0,-0.05044560597478714,0.001993136438952477
2.75,22.61724652024617,0.8112950369407026,22.631792677438348,-0.6296584617847513,-0.31526440744926126,-0.057999999999999996,0.932627423299482,-7.089091219939952,106.56856662118088,-14.057341740729498,0.03585526379009411,0.07646703170519777,0.05466122124402439,-4528.035450070279,-3930.422146135554,1768.782434935719,0.4444444444444444,0.0,0.1,0.7638783965344083,0.7374837051039036,1.0,-0.05044973812932667,0.001991121618466891
2.7666666666666666,22.628515343632376,0.8120115608431977,22.643079945801297,-0.63491278216834,-0.3152572665118404,-0.057999999999999996,0.9316839170709075,-7.0898017932667265,106.88059809069634,-14.26947853507842,0.035869047396568605,0.07648951926192185,0.05466455665453569,-4528.850000420739,-3930.324649398977,1767.9011065099214,0.4444444444444444,0.0,0.1,0.7639905538839595,0.7374313445523276,1.0,-0.05045479494650468,0.0019891072710416066
2.783333333333333,22.63976455053915,0.8127733916295633,22.654349240046386,-0.6401670760297129,-0.3152588877825826,-0.057999999999999996,0.9307404197067433,-7.090646836417791,107.19166870729222,-14.483353696764697,0.03588484696490701,0.07651349466607366,0.05467045650747887,-4529.707721905887,-3930.3486865594377,1767.022180212449,0.4444444444444444,0.0,0.1,0.7641099878555723,0.7373981384937995,1.0,-0.0504608087223691,0.0019870929425414782
2.8,22.650993787806772,0.8135812381487076,22.665600234856534,-0.645421479788998,-0.3152683528018635,-0.057999999999999996,0.9297967576843169,-7.09162950772918,107.50176899365233,-14.698962192174426,0.03590269133905481,0.07653904281966695,0.05467889818654886,-4530.612209664795,-3930.494156683864,1766.1456778361649,0.4444444444444444,0.0,0.1,0.7642372992659932,0.7373840840394613,1.0,-0.050467801933316556,0.0019850782625026563
2.8166666666666664,22.66220270908017,0.8144354350060827,22.676832598606758,-0.6506761149622117,-0.3152847821108967,-0.057999999999999996,0.9288527938956903,-7.0927516995329585,107.81088947547599,-14.916298966566947,0.03592259281306851,0.07656622944430003,0.05468984455170379,-4531.566360621121,-3930.760147230596,1765.2716205984289,0.4444444444444444,0.0,0.1,0.7643729720695985,0.737389050845608,1.0,-0.05047578804618703,0.00198306293820527
2.8333333333333335,22.67339097670872,0.8153359770444832,22.688045996474873,-0.6559310888311413,-0.31530733710176106,-0.057999999999999996,0.9279084249079721,-7.094014149441594,108.11902068077772,-15.135358944059938,0.035944548688363144,0.07659510255235756,0.054703245616080864,-4532.572422988967,-3931.145018988713,1764.400028991622,0.4444444444444444,0.0,0.1,0.764517381654688,0.7374127943514249,1.0,-0.050484772310222574,0.0019810467488243022
2.85,22.68455826340614,0.8162825526439049,22.699240093263445,-0.6611864951393981,-0.3153352214236211,-0.057999999999999996,0.9269635782722498,-7.095416548603002,108.42615313940802,-15.35613702737158,0.035968542774526456,0.07662569388787298,0.05471904014090117,-4533.632045210751,-3931.6464878246356,1763.5309226534537,0.4444444444444444,0.0,0.1,0.764670803043603,0.7374549685197971,1.0,-0.05049475252746775,0.0019790295396842727
2.8666666666666667,22.69570425368362,0.8172745757353916,22.71041455594363,-0.6664424148075672,-0.3153676819759743,-0.057999999999999996,0.9260182098924343,-7.0969576464928155,108.73227738278119,-15.578628097348034,0.035994546829266,0.07665802033064667,0.05473715714562859,-4534.746324087317,-3932.2617029568146,1762.664320255897,0.4444444444444444,0.0,0.1,0.7648334189565777,0.7375151380384074,1.0,-0.05050571979852698,0.001977011216641823
2.8833333333333333,22.70682864506936,0.8183112164418056,22.72156905593223,-0.6716989166608929,-0.31540400952030356,-0.057999999999999996,0.9250723014644097,-7.098635351861199,109.0373839437962,-15.80282701230309,0.036022521933865015,0.07669208525800607,0.05475751733149468,-4535.915851877261,-3932.987321524915,1761.800239411601,0.4444444444444444,0.0,0.1,0.7650053277020206,0.7375927899454172,1.0,-0.050517659240955796,0.0019749917406184105
2.9,22.717931149127697,0.8193914302757516,22.73270327111397,-0.6769560581634732,-0.3154435389417212,-0.057999999999999996,0.9241258579949414,-7.100446829504759,109.341463356936,-16.028728607195536,0.036052419801298204,0.07672787985936931,0.054780034417294204,-4537.140762161244,-3933.8195792657634,1760.9386965966294,0.4444444444444444,0.0,0.1,0.7651865508590819,0.7376873446510852,1.0,-0.05053055067794108,0.001972971122303277
2.9166666666666665,22.729011492290866,0.820513985841351,22.74381688762138,-0.682213886153455,-0.31548564919208727,-0.057999999999999996,0.9231789054087352,-7.1023885925879835,109.64450615853166,-16.25632769266829,0.036084184014893404,0.07676538439953004,0.05480461638709159,-4538.420774287682,-3934.7543571536376,1760.0797070883964,0.4444444444444444,0.0,0.1,0.7653770407218125,0.7377981663336546,1.0,-0.050544369295309456,0.0019709494170446133
2.933333333333333,22.740069416516455,0.8216774910020619,22.75490960138507,-0.6874724375742477,-0.31552976294568924,-0.057999999999999996,0.9222314882509548,-7.104456590292593,109.94650288717668,-16.48561905397194,0.03611775119611477,0.07680456942730664,0.054831166650152335,-4539.755236237897,-3935.787243906261,1759.223284917689,0.4444444444444444,0.0,0.1,0.7655766874778493,0.7379245726945354,1.0,-0.05055908626528667,0.0019689267199445334
2.95,22.751104679783328,0.8228804174911829,22.76598111946747,-0.6927317401972817,-0.31557534599791504,-0.057999999999999996,0.9212836674913769,-7.106646290626056,110.247444084278,-16.71659744979377,0.036153052100682634,0.0768453969268925,0.054859585114022245,-4541.143165771212,-3936.9135942996572,1758.3694428336767,0.4444444444444444,0.0,0.1,0.7657853260983213,0.7380658440642082,1.0,-0.050574669335806934,0.0019669031611710304
2.966666666666667,22.762117056438548,0.8241211239550247,22.777031161193058,-0.6979918133323375,-0.3156219064364696,-0.057999999999999996,0.920335518435234,-7.108952758271168,110.54732029472997,-16.949257611011937,0.03619001264283434,0.07688782140989761,0.054889769172222644,-4542.583289733007,-3938.128583274032,1757.518192280847,0.4444444444444444,0.0,0.1,0.7660027429194388,0.738221231856223,1.0,-0.050591083384531874,0.0019648789014977126
2.9833333333333334,22.773106337407658,0.8253978774308892,22.78805945908831,-0.703252668521953,-0.31566899361360284,-0.057999999999999996,0.919387128744676,-7.111370727407178,110.84612206769816,-17.183594239392903,0.03622855484806396,0.07693179094668366,0.05492161460850828,-4544.074081431251,-3939.4272558489615,1756.6695433868267,0.4444444444444444,0.0,0.1,0.7662286819000032,0.7383899663721782,1.0,-0.05060829093708436,0.0019628541280797057
3.0,22.782073037522476,0.8234017272754249,22.79694809160842,-0.7085379655923296,-0.3185524062305708,-0.087,0.779043793656452,-7.466810563603862,111.14380455605355,-17.419614218898168,0.03612680351530751,0.10579046016184446,0.054969732251311035,-4966.332761284993,-3925.30857439948,1755.9324235142712,0.4444444444444444,0.0,0.15,0.8334896731419268,0.7396822570787578,1.0,-0.0531377895851502,0.0016632268154779695
3.0166666666666666,22.790505966560143,0.8194719204455616,22.80523397030191,-0.7139036878173635,-0.3241634972441846,-0.087,0.7664605188584002,-7.61755478279561,111.44029318288509,-17.6573563494814,0.035941239483920126,0.10533108883218997,0.05508750364365921,-5135.122614679392,-3926.544848219318,1755.2775206819638,0.4444444444444444,0.0,0.15,0.861336738433889,0.740253735177496,1.0,-0.054210565509000976,0.001636362035550235
3.033333333333333,22.79874945120703,0.8165067438871387,22.813365814840346,-0.7193740295123947,-0.3307194944015679,-0.087,0.7613476232829597,-7.679007868104418,111.73555301375465,-17.89683926983496,0.03579836364056161,0.10482737630956533,0.055299957431732834,-5199.905603235906,-3931.7777341114756,1754.639747846617,0.4444444444444444,0.0,0.15,0.8720098600386403,0.7411998252145818,1.0,-0.05464789830172173,0.001625446211439888
3.05,22.806859128244817,0.8155170192047064,22.821434908966975,-0.7249571907592929,-0.33756440206363547,-0.087,0.7591533758171327,-7.707763378616017,112.02956384436749,-18.13806652500593,0.03574230486323424,0.10438134682290605,0.055615762589779606,-5224.083922206863,-3941.2893872330765,1754.0133887105162,0.4444444444444444,0.0,0.15,0.875982076409112,0.7427233069824064,1.0,-0.05485253778654099,0.0016207615823411452
3.0666666666666664,22.81485043557789,0.8168342700836967,22.82946820717845,-0.730654598189432,-0.3443996418800959,-0.087,0.7581636851943733,-7.725178648511638,112.32231075073392,-18.38103611065959,0.035787458899503306,0.1040322376264905,0.05603313476819881,-5231.500794229761,-3955.2685504431756,1753.3967126232697,0.4444444444444444,0.0,0.15,0.8771891400782763,0.7449116696837447,1.0,-0.05497647409634814,0.0016186486331126113
3.0833333333333335,22.82272282774035,0.8205028985860796,22.837467072301354,-0.7364643899175766,-0.3510738309128004,-0.087,0.7576458307081847,-7.740237267647011,112.61378048474093,-18.625744073736968,0.035935663019257595,0.10379388562776458,0.05654565086028008,-5232.330262686455,-3973.6298555494677,1752.789526670529,0.4444444444444444,0.0,0.15,0.877310065860692,0.7477765540861608,1.0,-0.055083639227730845,0.0016175430348459182
3.1,22.8304690723187,0.8264362026371911,22.84542218605579,-0.7423829548971835,-0.35750381497939854,-0.087,0.7572665504609437,-7.75681024703922,112.90395994332764,-18.872186010780943,0.03618302841691647,0.10366868187023191,0.05714481868933414,-5231.191295557523,-3996.0715498458817,1752.1922775301086,0.4444444444444444,0.0,0.15,0.8771070387608674,0.751282781452274,1.0,-0.05520158135097619,0.0016167332869435167
3.1166666666666667,22.83807933465496,0.8344864643752234,22.853320007281642,-0.7484056855049221,-0.36364110093259133,-0.087,0.7568719799178688,-7.776448521897439,113.19283550574978,-19.120357693180157,0.03652300923609835,0.10365355582318414,0.057821343551299885,-5230.213392076885,-4022.158155181895,1751.6056680236325,0.4444444444444444,0.0,0.15,0.8769314104187942,0.7553684572681203,1.0,-0.055341337744732585,0.0016158908948813713
3.1333333333333333,22.845543121375027,0.8444788401483834,22.861145750422576,-0.7545273798094005,-0.3694564408704367,-0.087,0.7563933321310355,-7.7996022916180845,113.48039276958525,-19.370255297150422,0.03694788614278744,0.1037427695103639,0.05856579045984142,-5230.348686099873,-4051.3863864288,1751.0304778971622,0.4444444444444444,0.0,0.15,0.8769402328155738,0.7599582077989089,1.0,-0.0555061122670053,0.001614869001323252
3.15,22.852850248037825,0.8562285688406639,22.868884796188496,-0.7607424775866144,-0.37493234003890397,-0.087,0.7558033894946001,-7.8261945199194,113.76661647849916,-19.621875448360083,0.03744951919915349,0.10392929727867803,0.05936894131329547,-5231.976190051016,-4083.230860904693,1750.4674756755915,0.4444444444444444,0.0,0.15,0.8771959721337662,0.7649716200590482,1.0,-0.05569535668669948,0.001613609497787632
3.1666666666666665,22.85999133220823,0.8695500574990738,22.876523359355375,-0.7670452128362013,-0.38005919297352203,-0.087,0.7550955926789403,-7.855902121107614,114.05149054359097,-19.875215180110022,0.03801974488942172,0.1042055395248572,0.06022198932253565,-5235.191632289256,-4117.173887359127,1749.9173741689888,0.4444444444444444,0.0,0.15,0.8777143405814808,0.7703285048117695,1.0,-0.055906771754427806,0.0016120983803725377
3.183333333333333,22.866958044381068,0.8842618471323733,22.884048794253562,-0.7734297213091872,-0.3848331259535506,-0.087,0.7542737284038381,-7.88829728436684,114.33499810975796,-20.130271853499895,0.03865059261379973,0.104563710178095,0.06111664263933847,-5239.950008549713,-4152.724031564874,1749.380807974282,0.4444444444444444,0.0,0.15,0.8784878240554747,0.7759521055194026,1.0,-0.05613731294121458,0.0016103437335706968
3.2,22.873743229292348,0.9001894011161407,22.891449719873126,-0.7798901213851689,-0.38925466018432947,-0.087,0.7533467290937039,-7.922919702290664,114.61712164237952,-20.387043063807536,0.03933440573679043,0.10499605861078494,0.06204517505654729,-5246.137173817527,-4189.427060557676,1748.8583225817583,0.4444444444444444,0.0,0.15,0.8794975000268506,0.7817709852264797,1.0,-0.05638370445508706,0.0016083646277449406
3.216666666666667,22.880340953834555,0.9171666839353259,22.898716053303943,-0.7864205772834367,-0.3933277840760266,-0.087,0.7523259792267167,-7.959313875368054,114.89784302147659,-20.645526545332224,0.04006390959670581,0.10549500372988155,0.0630004444983731,-5253.606674434022,-4226.871759919438,1748.3503699348717,0.4444444444444444,0.0,0.15,0.8807191188142628,0.7877200552778009,1.0,-0.05664270471960944,0.0016061853682931705
3.2333333333333334,22.886746510666494,0.935037026382006,22.90583899542233,-0.7930153492488726,-0.39705924382060676,-0.087,0.7512238698491951,-7.997048352656466,115.17714363652078,-20.90572008088442,0.04083224823319117,0.10605321859749293,0.06397589116924089,-5262.19929669132,-4264.692298540882,1747.8573078032068,0.4444444444444444,0.0,0.15,0.882126331984858,0.7937410387891007,1.0,-0.056911243300731475,0.0016038324095953285
3.25,22.89295639337168,0.9536535421397779,22.912810990955542,-0.7996688333478738,-0.4004579644305854,-0.087,0.7500529884916336,-8.035725357589586,115.4550044782033,-21.167621418953612,0.04163300146514816,0.10666368499231893,0.06496552255176842,-5271.753840585957,-4302.568267237374,1747.3794015507306,0.4444444444444444,0.0,0.15,0.8836924719606774,0.7997825568724614,1.0,-0.05718648940914862,0.0016013326255170815
3.2666666666666666,22.898968252473747,0.9728792458481642,22.91962567440408,-0.8063755925872714,-0.4035345607861481,-0.087,0.7488256444132462,-8.074985109554879,115.7314062251623,-21.431228199901135,0.04246018891947532,0.1073197281733679,0.06596388988455766,-5282.113288064572,-4340.22316393066,1746.9168274840129,0.4444444444444444,0.0,0.15,0.8853915709105568,0.8057999621131621,1.0,-0.05746588265494298,0.0015987122958262294
3.283333333333333,22.904780838294563,0.9925869644044066,22.926277808057097,-0.8131303806385571,-0.406300919460039,-0.087,0.7475535807378455,-8.114507100568524,116.00632932461434,-21.696537891593398,0.04330826505179816,0.10801503765537424,0.06696605927474618,-5293.128430387432,-4377.421869361575,1746.4696772690136,0.4444444444444444,0.0,0.15,0.8871989597269008,0.8117550049503518,1.0,-0.05774714213308027,0.0015959964916145153
3.3,22.910393934862007,1.0126591023851288,22.932763215718364,-0.8199281592340958,-0.40876984116840037,-0.087,0.7462477984337205,-8.154009560232042,116.27975406639743,-21.96354773435925,0.04417210784304696,0.10874367760205456,0.06796757968851315,-5304.659999128062,-4413.967505073899,1746.0379630655789,0.4444444444444444,0.0,0.15,0.8890916195653995,0.8176153940216762,1.0,-0.05802826261575699,0.001593208699501823
3.3166666666666664,22.915808288032416,1.032987304994165,22.93907871441515,-0.8267641101748499,-0.4109547372974664,-0.087,0.744918452552366,-8.193247820010235,116.55166065028001,-22.2322546948461,0.04504700308523806,0.10950008930974897,0.06896444945438589,-5316.579850871498,-4449.697959569432,1745.6216231207588,0.4444444444444444,0.0,0.15,0.8910483768345031,0.8233542951054994,1.0,-0.05830750291173347,0.0015903706001100845
3.3333333333333335,22.92102553030588,1.053472051102176,22.94522204563267,-0.8336336427949583,-0.4128693752181629,-0.087,0.7435747983395302,-8.232012013650756,116.82202924661638,-22.50265542817091,0.045928625690377804,0.11027908762636361,0.06995308247907217,-5328.7715146435785,-4484.482291463308,1745.2205276210304,0.4444444444444444,0.0,0.15,0.893049992741627,0.8289498016347355,1.0,-0.0585833695012983,0.0015875019530125585
3.35,22.926048104304467,1.07402220151515,22.95119180718574,-0.8405323976448145,-0.4145276674667054,-0.087,0.7422251733183867,-8.270124398911511,117.09084005057703,-22.774746247665387,0.04681301912709395,0.11107585276263753,0.07093027504816889,-5341.130291370207,-4518.217160220903,1744.83448464597,0.4444444444444444,0.0,0.15,0.895079178733613,0.8343844010285434,1.0,-0.05885459747625803,0.0015846205584821298
3.3666666666666667,22.930879186474858,1.0945545220684778,22.956987386555895,-0.8474562470734773,-0.4159434999750277,-0.087,0.7408770058191025,-8.307436495656265,117.35807333027982,-23.04852310147202,0.04769657384373651,0.11188591868113407,0.07189317383054536,-5353.563032564751,-4550.8233900413425,1744.463246099399,0.4444444444444444,0.0,0.15,0.897120558906545,0.8396444543173816,1.0,-0.05912013017310558,0.0015817422757015934
3.3833333333333333,22.935522612233754,1.1149931967701758,22.962608896315107,-0.8544012933119595,-0.41713059463669305,-0.087,0.7395368428789983,-8.343826177281356,117.62370946920913,-23.32398155524083,0.048576005342687675,0.1127051590371227,0.07283924550668781,-5365.987690631129,-4582.242737407589,1744.1065135217834,0.4444444444444444,0.0,0.15,0.8991605946995477,0.844719701196904,1.0,-0.05937909847406799,0.0015788810823293576
3.4,22.939982803482366,1.135269342661845,22.96805711209493,-0.8613638645821351,-0.41810240167502877,-0.087,0.7382103919841914,-8.379194812059167,117.88772900334415,-23.601116780195298,0.049448332413115664,0.11352977147010791,0.0737662482862216,-5378.332711399643,-4612.434905681723,1743.7639437111447,0.4444444444444444,0.0,0.15,0.9011874835787301,0.8496027984323854,1.0,-0.059630800463388346,0.001576049163616158
3.4166666666666665,22.944264699167867,1.1553205351472613,22.973333413425525,-0.8683405096831486,-0.4188720175492063,-0.087,0.7369025722321485,-8.413464521342565,118.15011265343263,-23.87992354587125,0.05031085590033962,0.11435626089463105,0.07467220546005093,-5390.536324215397,-4641.374829415761,1743.435154099577,0.4444444444444444,0.0,0.15,0.9031910408784088,0.8542888962474924,1.0,-0.05987468191525239,0.0015732570216350251
3.433333333333333,22.94837368936157,1.1750903501471381,22.978439727657562,-0.8753279914395788,-0.4194521244712413,-0.087,0.7356175713700545,-8.446575599132753,118.41084135284636,-24.160396216878446,0.05116113828446801,0.1151814223095125,0.0755553810417026,-5402.545773112868,-4669.050235611003,1743.1197278490872,0.4444444444444444,0.0,0.15,0.9051625720089778,0.8587752548167124,1.0,-0.06011031793006289,0.0015705135970558804
3.4499999999999997,22.952315553151667,1.1945279274967717,22.98337847708682,-0.8823232793340712,-0.41985494798570605,-0.087,0.7343589058933522,-8.47848412034442,118.66989627144363,-24.44252875308702,0.0519969842555267,0.11600232353358753,0.07641425748520968,-5414.316523022596,-4695.459478011843,1742.817218644117,0.4444444444444444,0.0,0.15,0.9070947406480128,0.8630609011103793,1.0,-0.06033739591358421,0.0015678263974534784
3.466666666666667,22.956096400509278,1.213587558446818,22.988152529324577,-0.889323541592123,-0.42009222945941005,-0.087,0.7331294820086097,-8.509159752028506,118.9272588358461,-24.72631471269615,0.05281642240400698,0.11681628818160969,0.07724751541868013,-5425.81146698035,-4720.609632814471,1742.5271551691449,0.4444444444444444,0.0,0.15,0.9089814372066466,0.86714632500016,1.0,-0.06055570000044105,0.0015652016274606446
3.4833333333333334,22.959722618176514,1.2322282988993838,22.992765150895067,-0.8963261369382663,-0.420175210720532,-0.087,0.7319316557908973,-8.538583772013748,119.1829107465139,-25.011747257698126,0.05361768809206921,0.11762087911486435,0.07805401529966045,-5437.000153660946,-4744.514839172579,1742.2490452684488,0.4444444444444444,0.0,0.15,0.9108176507597864,0.8710332126183997,1.0,-0.060765096953719365,0.001562644317201832
3.5,22.96320081954013,1.2504136090602813,22.997219963992425,-0.9033286062008122,-0.42011462846131953,-0.087,0.7307672913074162,-8.566747292268126,119.43683399197623,-25.29881916130507,0.05439920752920979,0.11841388253561128,0.07883278087722172,-5447.8580490671775,-4767.194864965444,1741.9823797918175,0.4444444444444444,0.0,0.15,0.9125993467179495,0.8747242143864153,1.0,-0.060965523521462894,0.0015601584463847034
3.5166666666666666,22.96653779839073,1.2681110194670018,23.001520906292342,-0.9103286639062206,-0.4199207163661708,-0.087,0.7296378158436934,-8.593649679236734,119.6890108605471,-25.587522816957563,0.05515958304494341,0.11919329284117244,0.07958298433359741,-5458.365841735255,-4788.673876935396,1741.72663613494,0.4444444444444444,0.0,0.15,0.9143233517779589,0.8782227448067682,1.0,-0.06115697519495844,0.0015577470622058097
3.533333333333333,22.969740486421394,1.2852918228192025,23.005672193686323,-0.9173241899735168,-0.41960321324236954,-0.087,0.7285442716642135,-8.619297160043464,119.93942394982658,-25.877850248582455,0.05589757952811269,0.1199572983107077,0.08030393297291628,-5468.508797247553,-4808.9793940741465,1741.4812814868008,0.4444444444444444,0.0,0.15,0.9159872470986918,0.8815328109872808,1.0,-0.06133949628972684,0.0015554123898574375
3.55,22.972815914288255,1.3019307906580038,23.009678285787462,-0.9243132215934394,-0.41917137571173824,-0.087,0.727487363973996,-8.64370160137761,120.18805617426055,-26.169793121811818,0.05661211198619555,0.1207042676639487,0.08099505732426313,-5478.2761650499315,-4828.141403699345,1741.2457757987747,0.4444444444444444,0.0,0.15,0.9175892701862066,0.8846588668764647,1.0,-0.06151317125543148,0.0015531559349236219
3.5666666666666664,22.975771176035572,1.3180059136810467,23.013543854044844,-0.9312939453555835,-0.4186339942679706,-0.087,0.7264675049298472,-8.666879446813205,120.43489077100443,-26.463342755915324,0.05730223416705311,0.12143273750496575,0.08165590052950612,-5487.660638437412,-4846.19162074699,1741.019574491618,0.4444444444444444,0.0,0.15,0.9191282256203173,0.8876056902982182,1.0,-0.06167811711327837,0.0015509785773423815
3.5833333333333335,22.978613396677318,1.3334981643158097,23.01727375229725,-0.9382646896691516,-0.4179994117178524,-0.087,0.7254848536878774,-8.688850797973265,120.67991130431035,-26.758490136234617,0.05796712817878203,0.12214140064413495,0.08228610889191128,-5496.657866988493,-4863.162872208658,1740.8021309172746,0.4444444444444444,0.0,0.15,0.9206034044936815,0.8903782800446254,1.0,-0.06183447691709281,0.0015488806569055394
3.6,22.981349702723712,1.348391280082306,23.02087298959536,-0.9452239175084993,-0.41727554320734034,-0.087,0.7245393525751106,-8.70963862514689,120.92310166863378,-27.055225926940757,0.058606095039739216,0.12282909527671299,0.08288542346864912,-5505.266019594585,-4879.088590213615,1740.5928985926284,0.4444444444444444,0.0,0.15,0.9220145122480097,0.8929817704939751,1.0,-0.06198241413565155,0.0015468620504836372
3.6166666666666667,22.983987195442815,1.3626715662400957,23.02434670512322,-0.9521702195029986,-0.4164698971884079,-0.087,0.7236307595443944,-8.729268093530857,121.16444609063272,-27.353540483964295,0.05921854608960388,0.12349479498582518,0.08345367259822731,-5513.485395458332,-4894.002398885259,1740.3913332220834,0.4444444444444444,0.0,0.15,0.9233616044653071,0.8954213614477424,1.0,-0.06212210785786005,0.0015449222413158486
3.6333333333333333,22.986532926653158,1.3763277162191505,23.027700145054496,-0.9591023073813866,-0.4155895968127386,-0.087,0.7227586771194737,-8.747765992071338,121.40392913021239,-27.653423867972773,0.05980399519289713,0.12413759953038717,0.08399076526217138,-5521.318079946019,-4907.9377817127815,1740.196894525329,0.4444444444444444,0.0,0.15,0.9246450300923801,0.8977022611116255,1.0,-0.06225374872808686,0.0015430603808065345
3.65,22.98899387685164,1.3893506483679272,23.03093864118531,-0.9660190077733654,-0.414641401346814,-0.087,0.7219225780661653,-8.765160252828755,121.64153568074958,-27.954865857292255,0.06036205166818532,0.12475672637380206,0.08449668518857523,-5528.767641910105,-4920.9278177214555,1740.0090478859051,0.4444444444444444,0.0,0.15,0.9258653815333713,0.8998296403723319,1.0,-0.06237753552570862,0.0015412753433321567
3.6666666666666665,22.991376935491374,1.401733357606039,23.034067591193487,-0.9729192563654132,-0.4136317272926105,-0.087,0.7211218280403817,-8.781479549806345,121.87725096861413,-28.25785596068857,0.06089241387885396,0.12535150290661595,0.08497148561321428,-5535.838868994338,-4933.004976166676,1739.8272658352894,0.4444444444444444,0.0,0.15,0.9270234510289319,0.9018085967373689,1.0,-0.0624936723101611,0.0015395657745938872
3.683333333333333,22.99368888323554,1.41347078063607,23.037092440382782,-0.9798020924032904,-0.4125666689716966,-0.087,0.7203557054679306,-8.796752967218666,122.1110605520896,-28.56238342994023,0.0613948634245462,0.12592135931519458,0.08541528462159337,-5542.537537451833,-4944.200960800143,1739.6510293862696,0.4444444444444444,0.0,0.15,0.9281201927444859,0.9036441265057694,1.0,-0.06260236606016169,0.001537930134060172
3.6999999999999997,22.995936376025327,1.4245596734440396,23.040018664779936,-0.9866666535303283,-0.41145201839043516,-0.087,0.719623418907411,-8.811009728191646,122.34295031978154,-28.86843727214912,0.061869259875881405,0.12646582204851123,0.085828261002494,-5548.870213111111,-4954.546595953667,1739.4798292283551,0.4444444444444444,0.0,0.15,0.9291566900081057,0.9053411039213929,1.0,-0.06270382474299484,0.0015363667320358087
3.716666666666667,22.998125930812233,1.434998499896688,23.04285175546212,-0.9935121709480703,-0.4102932842524244,-0.087,0.7189241221384849,-8.824278975856723,122.57290648858996,-29.17600626174695,0.06231553599872814,0.12698450783600124,0.08621065055023587,-5554.844080288243,-4964.07174775645,1739.313166796977,0.4444444444444444,0.0,0.15,0.9301341271661763,0.9069042662263451,1.0,-0.06279825575666179,0.0015348737618747909
3.7333333333333334,23.000263912817054,1.4447873303232244,23.04559720400183,-1.0003379648840138,-0.40909571002314116,-0.087,0.7182569272051103,-8.836589599711061,122.80091560131132,-29.485078952165598,0.06273369341797545,0.12747711821089078,0.0865627427589563,-5560.46679564382,-4972.805274749338,1739.1505552272247,0.4444444444444444,0.0,0.15,0.9310537655587621,0.908338203680251,1.0,-0.0628858646941675,0.001533449327827083
3.75,23.002356524189562,1.4539277490472544,23.04826048892575,-1.0071434403499566,-0.40786429098263627,-0.087,0.7176209156283977,-8.847970100954985,123.02696452392587,-29.795643687148186,0.06312379867433612,0.12794343449525764,0.08688487785774195,-5565.74636420478,-4980.7750029915405,1738.991520201924,0.4444444444444444,0.0,0.15,0.9319169231536691,0.9096473537422244,1.0,-0.06296685438519044,0.0015320914689776108
3.7666666666666666,23.004409793954085,1.4624227699099026,23.0508470630934,-1.0139280831736357,-0.4066037902264711,-0.087,0.7170151479876303,-8.858448491282653,123.25104044261799,-30.107688611684726,0.0634859796311625,0.12838331320517693,0.08717744414044086,-5570.69103500116,-4988.007721480373,1738.8356007029347,0.4444444444444444,0.0,0.15,0.9327249574166331,0.910835998727445,1.0,-0.06304142417582323,0.0015307981797013507
3.783333333333333,23.00642956913673,1.4702767588966386,23.053362341910137,-1.0206914562858949,-0.40531875359409086,-0.087,0.7164386720514911,-8.868052220290947,123.47313086056899,-30.421201682562312,0.06382042219152112,0.12879668183653353,0.08744087554846779,-5575.309213997483,-4994.529194332094,1738.682349673705,0.4444444444444444,0.0,0.15,0.9334792510333648,0.9119082663504734,1.0,-0.06310976941197574,0.0015295674270231678
3.8,23.00842150697995,1.4774953630475154,23.05581169229755,-1.0274331962454186,-0.40401352351850434,-0.087,0.7158905296251957,-8.876808127287786,123.6932235945558,-30.736170678524775,0.0641273672888343,0.12918353499436142,0.08767564946893201,-5579.609392221628,-5000.364186711735,1738.5313346003097,0.4444444444444444,0.0,0.15,0.9341812001363516,0.912868132654156,1.0,-0.06317208109641743,0.0015283971652361678
3.8166666666666664,23.01039106815922,1.4840854448931229,23.058200422352243,-1.0341530099831013,-0.40269225180234663,-0.087,0.7153697622634763,-8.884742413826649,123.91130677138277,-31.052583210040716,0.06440710811724444,0.1295439308308342,0.08788228471400272,-5583.600087206244,-5005.536501961186,1738.382138017474,0.4444444444444444,0.0,0.15,0.9348322047246037,0.913719426897524,1.0,-0.06322854569331848,0.001527285348098684
3.8333333333333335,23.012343510925213,1.4900550217165411,23.06053377163166,-1.0408506717482828,-0.4013589113338503,-0.087,0.7148754159844353,-8.891880633774365,124.12736882416864,-31.37042672868228,0.06465998757049161,0.1298779877592416,0.08806133965062715,-5587.289796056359,-5010.069027766792,1738.2343579453939,0.4444444444444444,0.0,0.15,0.9354336609975471,0.9144658380397278,1.0,-0.06327934505756688,0.0015262299388981646
3.85,23.014283886102618,1.4954132089950531,23.06281690201263,-1.0475260202393883,-0.40001730676253533,-0.087,0.7144065451053709,-8.898247698138798,124.34139848850657,-31.689688536119586,0.06488639586052183,0.13018588141340975,0.08821341045257199,-5590.686958640285,-5013.98378953847,1738.0876082625532,0.4444444444444444,0.0,0.15,0.9359869553547224,0.9151109225110762,1.0,-0.06332465646912477,0.0015252289186405016
3.8666666666666667,23.016217032883713,1.5001701674246044,23.065054889074883,-1.0541789559018766,-0.39867108415904773,-0.087,0.7139622153088634,-8.903867892247089,124.55338479851059,-32.01035579273789,0.06508676828927727,0.13046784182404836,0.08833912944931284,-5593.799929568509,-5017.302009449612,1737.9415190191799,0.4444444444444444,0.0,0.15,0.9364934598407503,0.9156581130077146,1.0,-0.06336465275527804,0.0015242802925960037
3.8833333333333333,23.01814757536142,1.5043370529752627,23.067252713968156,-1.0608094383768583,-0.3973237396869372,-0.087,0.7135415060357201,-8.908764903179089,124.76331708275893,-32.332415525886255,0.0652615831491718,0.1307241507854167,0.08843916354858578,-5596.636957776859,-5020.044169817444,1737.7957366954668,0.4444444444444444,0.0,0.15,0.9369545288401704,0.9161107280845051,1.0,-0.06339950248586704,0.001523382095408233
3.9,23.020079919752334,1.5079259694676574,23.069415255727215,-1.0674174840842248,-0.395978627316605,-0.087,0.7131435122908191,-8.912961855629293,124.97118496014129,-32.655854637767696,0.06541135972964604,0.13095513938750053,0.08851421271148359,-5599.206172666383,-5022.230079693412,1737.6499244082324,0.4444444444444444,0.0,0.15,0.9373714968493115,0.9164719823521517,1.0,-0.06342937022849934,0.0015225323949494116
3.9166666666666665,23.02201825226536,1.5109499231989292,23.071547284004478,-1.0740031639246548,-0.3946389656134474,-0.087,0.7127673459384326,-8.916481354598996,125.17697833561465,-32.9806599129816,0.06553665640894377,0.1311611856905789,0.08856500846085469,-5601.5155758735045,-5023.878943687867,1737.5037620692938,0.4444444444444444,0.0,0.15,0.9377456771724182,0.9167449971104363,1.0,-0.06345441685236963,0.0015217292950858814
3.933333333333333,23.023966537576435,1.5134227791825399,23.07365345219495,-1.08056660108542,-0.3933078436335982,-0.087,0.7124121365551762,-8.919345533513109,125.38068739587021,-33.30681802573002,0.06563806881187366,0.13134271252064245,0.08859231240548664,-5603.573037851291,-5025.009432177843,1737.3569464984532,0.4444444444444444,0.0,0.15,0.938078361407011,0.9169328112703471,1.0,-0.06347479987068459,0.0015209709374991165
3.9499999999999997,23.025928517873826,1.5153592185998044,23.07573829093298,-1.0871079689354677,-0.3919882259618135,-0.087,0.7120770319012928,-8.921576106517033,125.58230260491143,-33.63431554669968,0.06571622801583828,0.1315001853656117,0.08859691476415152,-5605.386298536766,-5025.639752145396,1737.2091914936889,0.4444444444444444,0.0,0.15,0.9383708195990254,0.917038392434592,1.0,-0.0634906738128353,0.0015202555026918967
3.966666666666667,23.027907712442325,1.5167746970926332,23.07780620194435,-1.0936274889958586,-0.3906829569270938,-0.087,0.7117611980644255,-8.923194423842734,125.78181469954254,-33.9631389496318,0.06577179878884347,0.1316341103537078,0.088579632875092,-5606.962971461425,-5025.787717970631,1737.060227860853,0.4444444444444444,0.0,0.15,0.9386243009618709,0.9170646480191125,1.0,-0.06350219061841146,0.0015195812102952555
3.9833333333333334,23.029907417757723,1.5176854035571052,23.079861452241488,-1.1001254289722318,-0.3893947640327124,-0.087,0.7114638193243226,-8.924221529242613,125.97921468476453,-34.293274617591685,0.06580547784456538,0.13174503229665446,0.08854130967795408,-5608.310550733354,-5025.470821561814,1736.9098034049416,0.4444444444444444,0.0,0.15,0.9388400350653284,0.9170144363083131,1.0,-0.0635095000459315,0.0015189463187796313
4.0,23.031930708065982,1.5181082191265447,23.081908168653047,-1.1066021008365985,-0.3881262606385062,-0.087,0.7111840977819485,-8.924678218578993,126.17449382907554,-34.6247088489502,0.06581799210086432,0.13183353278166088,0.08848281215655476,-5609.436420380786,-5024.706301247934,1736.7576828847862,0.4444444444444444,0.0,0.15,0.9390192334103459,0.9168905773443174,1.0,-0.06351275008979637,0.0015183491246630336
4.016666666666667,23.033980436423715,1.518060676061085,23.08395033268252,-1.1130578589464082,-0.38687994793464636,-0.087,0.7109212527921724,-8.92458509872868,126.36764365967088,-34.95742786308853,0.06581009692941388,0.13190022829735454,0.08840502973222389,-5610.347865599474,-5023.51120888963,1736.6036479328368,0.4444444444444444,0.0,0.15,0.9391630913144743,0.9166958635561101,1.0,-0.06351208739948569,0.0015177879612998577
4.033333333333333,23.036059236178907,1.5175609162886106,23.08599177569355,-1.1194930981895002,-0.38565821624768365,-0.087,0.7106745202355219,-8.923962646019438,126.55865595753784,-35.29141780583784,0.06578257438537102,0.13194576838001798,0.0883088725988019,-5611.0520854910255,-5021.90247468526,1736.4474969415587,0.4444444444444444,0.0,0.15,0.9392727900400669,0.9164330700383706,1.0,-0.06350765769542281,0.0015172611973261068
4.05,23.038169522872423,1.5166276493697717,23.08803617442247,-1.1259082521442558,-0.3844633457214811,-0.087,0.7104431516613113,-8.922831263460791,126.74752275244003,-35.62666475466432,0.06573623140726467,0.13197083376764587,0.08819526999172252,-5611.556206917164,-5019.896969162462,1736.2890449178303,0.4444444444444444,0.0,0.15,0.9393494991036021,0.9161049643925508,1.0,-0.0634996061762595,0.0015167672348300066
4.066666666666666,23.040313496542318,1.515280109687722,23.09008704682088,-1.1323037912449927,-0.3832975064177072,-0.087,0.7102264133317459,-8.921211336068117,126.93423631778558,-35.9631547236103,0.0656718979785355,0.13197613455048784,0.08806516838497201,-5611.8672991268,-5017.511561854151,1736.1281233066384,0.4444444444444444,0.0,0.15,0.9393943787097502,0.9157143160446598,1.0,-0.06348807791259163,0.0015163045073112067
4.083333333333333,23.042493144414237,1.5135380126915463,23.09214774823337,-1.138680220943414,-0.3821627578828557,-0.087,0.7100235851942841,-8.919123283608819,127.11878916537384,-36.30087366800094,0.06559042524342887,0.13196240830789058,0.08791952961110666,-5611.992388839483,-5014.7631761637385,1735.9645797852725,0.4444444444444444,0.0,0.15,0.9394085822581989,0.9152639049556685,1.0,-0.063473218222329,0.0015158714774868157
4.1,23.044710243962047,1.5114215100512012,23.094221467917354,-1.145038079857734,-0.381061048231254,-0.087,0.7098339598075513,-8.916587610125022,127.30117404001554,-36.63980748892569,0.06549268357123317,0.13193041822240825,0.08775932890093267,-5611.938475491338,-5011.668839929342,1735.7982780291695,0.4444444444444444,0.0,0.15,0.9393932588749531,0.9147565296417601,1.0,-0.06345517302312502,0.0015154666349982706
4.116666666666666,23.046966366323584,1.5089511436112872,23.096311225913464,-1.1513779379019529,-0.3799942127961819,-0.087,0.7096568412443769,-8.91362494961039,127.48138391402114,-36.97994203750302,0.06537956056417099,0.1318809511633211,0.0875855528409086,-5611.712546368478,-5008.245731203005,1735.6290974505102,0.4444444444444444,0.0,0.15,0.9393495559229341,0.9141950144231294,1.0,-0.06343408915743728,0.001515088494069366
4.133333333333333,23.049262880056975,1.5061477980611953,23.09841987027634,-1.1577003943886464,-0.37896397240398716,-0.087,0.7094915439940264,-8.910256107241999,127.65941198155402,-37.32126311893617,0.06525195900559588,0.13181481573289308,0.08739919724782541,-5611.321591369096,-5004.511218770012,1735.4569329106353,0.4444444444444444,0.0,0.15,0.9392786214493598,0.913582215821995,1.0,-0.06341011468595549,0.0015147355911625637
4.15,23.051600955223236,1.5030326522701016,23.100550074676555,-1.1640060760995914,-0.37797193132888696,-0.087,0.709337391884353,-8.906502095593016,127.83525165284452,-37.66375649636698,0.06511079474651985,0.13173284026991794,0.0872012649618434,-5610.772617149534,-5000.482896947099,1735.2816944073409,0.4444444444444444,0.0,0.15,0.9391816065296988,0.9129210280331773,1.0,-0.06338339914531003,0.00151440648267783
4.166666666666667,23.053981567781104,1.4996271292669001,23.10270433638504,-1.1702956353195264,-0.37701957498890876,-0.087,0.7091937170433719,-8.902384165280424,128.00889654826315,-38.007407894534154,0.06495699452989627,0.1316358708063491,0.08699276356051798,-5610.072660422355,-4996.178614218099,1735.1033067381068,0.4444444444444444,0.0,0.15,0.9390596674700717,0.9122143873942646,1.0,-0.06335409376617755,0.0015140997427356407
4.183333333333334,23.05640550428009,1.4959528448773247,23.10488497465187,-1.176569747829387,-0.3761082674460544,-0.087,0.7090598589185819,-8.897923829535264,128.18034049225133,-38.35220300324163,0.06479149375350376,0.13152476897408136,0.08677470299801397,-5609.2288001863535,-4991.616495292739,1734.9217091403077,0.4444444444444444,0.0,0.15,0.938913967831934,0.911465275787245,1.0,-0.06332235164813578,0.00151381396108327
4.2,23.058873366837684,1.4920315550630843,23.10709412949106,-1.1828291108564357,-0.37523924877617965,-0.087,0.7089351633712421,-8.893142882222872,128.3495775071104,-38.69812748064196,0.06461523417371,0.13140040986025617,0.08654809317528095,-5608.248168680292,-4986.814956209817,1734.7368549094863,0.4444444444444444,0.0,0.15,0.938745680244793,0.9106767229097026,1.0,-0.06328832788790516,0.00151354774116111
4.216666666666667,23.06138557838647,1.4878851020405561,23.109333760882976,-1.1890744409798115,-0.3744136323761603,-0.087,0.7088189818616384,-8.88806340888761,128.51660180665036,-39.04516695633892,0.06442916155383313,0.1312636798107834,0.08631394144852321,-5607.137960864189,-4981.7927121509665,1734.5487109967755,0.4444444444444444,0.0,0.15,0.9385559879747064,0.9098518073613975,1.0,-0.06325217965794896,0.0015132996983632482
4.233333333333333,23.063942388176685,1.4835353592891893,23.111605648405188,-1.195306471991178,-0.37363240227756106,-0.087,0.7087106707401862,-8.882707790452356,128.68140778970184,-39.39330703431301,0.06423422326224608,0.13111547418311484,0.08607325008482883,-5605.905442245064,-4976.568777685909,1734.3572575865899,0.4444444444444444,0.0,0.15,0.938346086218433,0.908993656501332,1.0,-0.06321406623280088,0.0015130684585239983
4.25,23.066543877519457,1.4790041755919299,23.113911391301748,-1.2015259527113054,-0.3728964105371336,-0.087,0.7086095906579303,-8.877098699267357,128.84399003349645,-39.74253329567265,0.06403136582677474,0.13095669505065172,0.08582701367530428,-5604.557954878318,-4971.162459235012,1734.1624876557316,0.4444444444444444,0.0,0.15,0.9381171830954562,0.9081054450413336,1.0,-0.0631741489609465,0.0015128526566593435
4.266666666666667,23.06918996575564,1.474313318281295,23.116252408999653,-1.2077336447646085,-0.37220637477494106,-0.087,0.7085151061086219,-8.871259087276826,129.00434328692248,-40.092831301233495,0.0638215324533046,0.13078824886251467,0.08557621651747002,-5603.1029213919255,-4965.593339609873,1733.9644065150949,0.4444444444444444,0.0,0.15,0.9378705003127258,0.9071903923546786,1.0,-0.06313259118061064,0.0015126509359892893
4.283333333333333,23.071880416434833,1.4694844158947953,23.11862994207976,-1.2139303203148322,-0.37156287593064113,-0.087,0.7084265851130442,-8.86521216615413,129.16246246366475,-40.444186593927775,0.06360566051781624,0.13061104406373406,0.08532182997998532,-5601.547846898543,-4959.881254577073,1733.7630313351747,0.4444444444444444,0.0,0.15,0.9376072734799075,0.9062517584922984,1.0,-0.06308955807838865,0.0015124619472639102
4.3,23.07461484368867,1.4645389004717675,23.121045053707512,-1.2201167597662512,-0.3709663563073824,-0.087,0.708343399054616,-8.858981379347648,129.31834263523996,-40.79658470104475,0.06338467904229712,0.13042598868221913,0.08506480986396406,-5599.90031868085,-4954.046261483507,1733.5583906566337,0.4444444444444444,0.0,0.15,0.9373287520562544,0.9052928389144943,1.0,-0.06304521649030999,0.0015122843484123712
4.316666666666666,23.07739271878232,1.4594979497498846,23.123498631527006,-1.2262937494358783,-0.370417117970793,-0.087,0.7082649226735107,-8.852590366078402,129.47197902393984,-41.1500111363035,0.06315950616610512,0.13023398789011736,0.08480609377619079,-5598.16800355794,-4948.108600082329,1733.3505238872024,0.4444444444444444,0.0,0.15,0.937036198913918,0.9043169579626285,1.0,-0.0629997346456262,0.001512116804530373
4.333333333333333,23.08021337682755,1.454382429543169,23.12599139001944,-1.2324620792032794,-0.36991532156763135,-0.087,0.7081905342245985,-8.846062917435686,129.62336699569784,-41.50445140175832,0.06293104662536918,0.13003594154836648,0.08454659853042569,-5596.358642865419,-4942.088645805262,1733.1394807862193,0.4444444444444444,0.0,0.15,0.9367308895066102,0.9033274611126968,1.0,-0.06295328185436412,0.001511957988217349
4.35,23.083076023640537,1.449212836603795,23.128523873324596,-1.2386225401456274,-0.3694609856247742,-0.087,0.7081196158024345,-8.839422924827453,129.77250205289596,-41.85989098953737,0.06270018925388157,0.1298327417443498,0.08428721759367558,-5594.480045009201,-4936.006855837541,1732.9253209381582,0.4444444444444444,0.0,0.15,0.9364141106370245,0.9023277060707103,1.0,-0.06290602814047146,0.0015118065802703056
4.366666666666666,23.085979742727183,1.444009242286874,23.131096458521366,-1.2447759221665882,-0.36905398638433956,-0.087,0.7080515538343194,-8.832694321155405,129.9193798271304,-42.21631538341452,0.06246780451964908,0.12962527033357346,0.08402881859478412,-5592.540075582232,-4929.883708464208,1732.708113216495,0.4444444444444444,0.0,0.15,0.9360871588212576,0.9013210527880261,1.0,-0.06285814382318745,0.0015116612707364834
4.383333333333333,23.08892350237853,1.4387912373503773,23.133709359360505,-1.2509230116285024,-0.3686940582248875,-0.087,0.707985739740135,-8.825901015199038,130.06399607195726,-42.57371006021456,0.062234742111805706,0.12941439649717454,0.0837722409129431,-5590.546645064812,-4923.739636268006,1732.4879352393102,0.4444444444444444,0.0,0.15,0.9357513382536479,0.9003108524928034,1.0,-0.06280979905008494,0.0015115207603220817
4.4,23.09190616285851,1.4335778782309825,23.136362630439905,-1.2570645889980896,-0.36838079471185625,-0.087,0.7079215707552654,-8.819066819805423,130.20634665564074,-42.93206049105196,0.06200182859293491,0.12920097432782132,0.0835182933637311,-5588.5076941618645,-4917.594953867317,1732.2648728180216,0.4444444444444444,0.0,0.15,0.9354079583808486,0.8993004358511425,1.0,-0.06276116328603061,0.0015113837621491596
4.416666666666667,23.094926483666157,1.4283876351406606,23.139056171809756,-1.2632014265165457,-0.36811365031273896,-0.087,0.7078584509104561,-8.812215374590123,130.34642755392755,-43.291352142403426,0.0617698651319913,0.1289858404571678,0.08326775200003973,-5586.431176864509,-4911.469780984565,1732.0390194006714,0.4444444444444444,0.0,0.15,0.9350583310995614,0.898293100387774,1.0,-0.06271240476308383,0.0015112490038475975
4.433333333333334,23.097983130854196,1.423238342328019,23.141789733992002,-1.2693342859054004,-0.36789194280408355,-0.087,0.707795792160004,-8.805370063956376,130.48423484287306,-43.65157047701465,0.06153962533294083,0.1287698117384564,0.08302135804474381,-5584.325041357595,-4905.383961728404,1731.8104755111942,0.4444444444444444,0.0,0.15,0.9347037675980274,0.8972920973109465,1.0,-0.06266368989707745,0.0015111152299637353
4.45,23.101074684385857,1.4181471508426389,23.144562923395554,-1.2754639161198706,-0.36771485638832696,-0.087,0.7077330156472198,-8.79855393133205,130.61976469174607,-44.012700954642185,0.06131185317395024,0.12855368299811462,0.08277981597121192,-5582.1972089292285,-4899.356981054256,1731.5793481860983,0.4444444444444444,0.0,0.15,0.9343455748670446,0.8963006178989722,1.0,-0.0626151826772825,0.0015109812046620835
4.466666666666667,23.10419964551163,1.4131304841298726,23.147375208105927,-1.281591051161638,-0.36758144552889527,-0.087,0.707669553093757,-8.791789590604306,130.75301335603916,-44.37472903263157,0.0610872610714497,0.12833822487025362,0.08254379174674505,-5580.055551071744,-4893.407879434797,1731.3457504100022,0.4444444444444444,0.0,0.15,0.9339850519118078,0.8953217796163537,1.0,-0.06256704403613025,0.0015108457146914842
4.483333333333333,23.107356444147683,1.4082039967678404,23.150225924025158,-1.2877164079630177,-0.36749063950208044,-0.087,0.7076048482971313,-8.785099135797982,130.88397717061287,-44.73764016633363,0.06086652808266966,0.12812418172784118,0.08231391125278098,-5577.9078649955745,-4887.555166822483,1731.1098005514548,0.4444444444444444,0.0,0.15,0.9336234857011542,0.8943586121351726,1.0,-0.06251943120643556,0.0015107075725822544
4.5,23.108342879461873,1.402495986325287,23.15086403628242,-1.2938494017839843,-0.36852426267781446,-0.11599999999999999,0.559454187405462,-8.881945553375688,131.01263817900204,-45.10140181454161,0.060617835668731364,0.15685568885382853,0.08211050616948332,-5727.510728033358,-4860.060445632767,1730.9898620662766,0.4444444444444444,0.0,0.2,0.9538218332906964,0.894562481198271,1.0,-0.06320864174894006,0.0011944119369167833
4.516666666666667,23.1089927562713,1.3964243785857726,23.15114570068851,-1.3000127022669492,-0.37062987854650875,-0.11599999999999999,0.554854339384939,-8.921371458045039,131.1389652471448,-45.4659862216046,0.060354357300077634,0.15648528416276483,0.08195885438492743,-5777.0153747962795,-4854.353330364013,1730.9395274144008,0.4444444444444444,0.0,0.2,0.9618670282884451,0.8938199158696483,1.0,-0.06348921742562001,0.0011845914484703648
4.533333333333333,23.109580678092783,1.3909167257341493,23.15140100415537,-1.306215326600781,-0.3731029621639856,-0.11599999999999999,0.5531499206449035,-8.93460762972721,131.2629441691424,-45.83138038361529,0.06011536153340246,0.1561085157945166,0.08185202986894403,-5795.80644027221,-4850.166254949013,1730.8945225765412,0.4444444444444444,0.0,0.2,0.9649230184623638,0.8932034372937084,1.0,-0.06358341305302598,0.0011809525837796846
4.55,23.110123957100747,1.3862965859064533,23.151666193530385,-1.3124610044903593,-0.3757359886559858,-0.11599999999999999,0.5525432626367591,-8.938463849351681,131.38456693676574,-46.197570106702905,0.05991475247923421,0.15575723528912314,0.08179260000522658,-5802.9424508928905,-4847.253853858485,1730.8530415153186,0.4444444444444444,0.0,0.2,0.9660844542979878,0.8927509002503946,1.0,-0.06361085595990754,0.0011796573936052857
4.566666666666666,23.110625499180937,1.3826871990934224,23.151950994547498,-1.3187513501502721,-0.37843643488416334,-0.11599999999999999,0.5523924183932958,-8.938983598361768,131.50382777547586,-46.56454071682198,0.0597578351588394,0.15544425535455111,0.08178081085259666,-5805.230223585118,-4845.563577170018,1730.8146896395547,0.4444444444444444,0.0,0.2,0.9664576034274285,0.8924799941951047,1.0,-0.06361455476990142,0.0011793353472803786
4.583333333333333,23.111082808379898,1.3801291495417203,23.152254858765,-1.3250869609316673,-0.381157347537851,-0.11599999999999999,0.5524335139039454,-8.938653383907214,131.62072172383068,-46.93227730869108,0.05964636458796733,0.15517493888091363,0.08181585359655265,-5805.4682245833865,-4845.073238118805,1730.77958418146,0.4444444444444444,0.0,0.2,0.9664974853124391,0.8923976027388532,1.0,-0.0636122047884663,0.001179423084524247
4.6,23.111491227909802,1.3786248772917564,23.152572931102917,-1.331467879465264,-0.3838716986885609,-0.11599999999999999,0.5525500050376572,-8.938559318749016,131.7352440462338,-47.300764842500236,0.0595804564281846,0.1549513581260417,0.0818963704413961,-5804.893296499634,-4845.756705655543,1730.748045820239,0.4444444444444444,0.0,0.2,0.9664052557931573,0.8925040498465721,1.0,-0.06361153537084267,0.001179671788356987
4.616666666666666,23.11184528433879,1.378157675078264,23.152898544773834,-1.3378938033606902,-0.38656174017984307,-0.11599999999999999,0.5526886841314849,-8.939178573801218,131.84738997687214,-47.66998818159084,0.059559402667732235,0.15477400915748543,0.08202068603190271,-5804.071278309498,-4847.577594831456,1730.7204744015587,0.4444444444444444,0.0,0.2,0.9662729557014629,0.8927955006545222,1.0,-0.06361594231867979,0.001179967862582183
4.633333333333333,23.112139292601036,1.3787003863538312,23.153224342106757,-1.3443641862413565,-0.38921432036622855,-0.11599999999999999,0.552825009626463,-8.940708649839477,131.9571546086835,-48.03993210525229,0.05958204523193658,0.1546425742105461,0.08218692418701809,-5803.264500267832,-4850.48962030834,1730.697293936249,0.4444444444444444,0.0,0.2,0.9661432626342169,0.8932653976630162,1.0,-0.06362683115238967,0.0011802589119695565
4.65,23.112367642736956,1.3802195996968616,23.153542800107754,-1.3508782902014818,-0.3918187719513522,-0.11599999999999999,0.5529477732682557,-8.943214231831629,132.0645328493478,-48.41058131068511,0.059646956248631054,0.15455627645229078,0.0823930725972942,-5802.594217999957,-4854.438335657278,1730.678926844988,0.4444444444444444,0.0,0.2,0.9660359071806726,0.8939053441274528,1.0,-0.06364466220455754,0.0011805210073519447
4.666666666666667,23.112524941867854,1.3826777914735524,23.153846485271036,-1.3574352162461045,-0.3943659529308928,-0.11599999999999999,0.5530520786937293,-8.946695196009703,132.16951940934482,-48.781920410289295,0.059752530214480674,0.15451405161476348,0.08263702275635837,-5802.114951013544,-4859.362935502353,1730.6657813617198,0.4444444444444444,0.0,0.2,0.9659597637220105,0.89470566908931,1.0,-0.06366943459438482,0.0011807436951931933
4.683333333333334,23.11260608813362,1.3860345132137077,23.15412818175305,-1.3640339247428526,-0.39684781215877546,-0.11599999999999999,0.5531360702511993,-8.951118860815175,132.27210880582658,-49.15393392707677,0.05989703513116786,0.15451463544215055,0.08291659763113421,-5801.849094560951,-4865.197843992181,1730.658245076914,0.4444444444444444,0.0,0.2,0.9659184802169439,0.8956558107639854,1.0,-0.06370091574254387,0.0011809230137524262
4.7,23.112606311730804,1.3902471268727734,23.15438095900723,-1.3706732513573299,-0.39925719297221013,-0.11599999999999999,0.5531993941511157,-8.956435632824034,132.37229537456196,-49.526606289514405,0.06007864421248797,0.15455661202165774,0.0832295729270141,-5801.803191649542,-4871.874079905138,1730.6566814267367,0.4444444444444444,0.0,0.2,0.9659131250418101,0.8967445961143214,1.0,-0.06373875271589044,0.001181058207703343
4.716666666666667,23.11252119939081,1.3952713210717365,23.154598209679538,-1.377351920931404,-0.4015877426872484,-0.11599999999999999,0.55324246810886,-8.962586846329282,132.47007328616866,-49.89992182642528,0.060295458169082654,0.1546384438092237,0.08357369470196539,-5801.975649932843,-4879.32043935364,1730.6614276465532,0.4444444444444444,0.0,0.2,0.965943442311697,0.8979604594399001,1.0,-0.06378252801809624,0.0011811501688512944
4.733333333333333,23.11234670993923,1.401061516256067,23.15477367224246,-1.384068560372012,-0.4038338669165646,-0.11599999999999999,0.5532661297329573,-8.969508900245891,132.56543656471328,-50.273864762261596,0.060545522704932665,0.1547584929834962,0.08394669461902167,-5802.360451970559,-4887.464532626615,1730.6727934962832,0.4444444444444444,0.0,0.2,0.9660084555004479,0.8992916227349318,1.0,-0.06383178903006174,0.0011812006854564159
4.75,23.112079184516205,1.407571208385247,23.154901445223693,-1.3908217109778949,-0.4059907007568649,-0.11599999999999999,0.5532714624549812,-8.977135617049758,132.6583791076442,-50.648419212912486,0.06082684335584228,0.15491503856150965,0.08434630343789633,-5802.948987070278,-4896.233698448174,1730.6910604330878,0.4444444444444444,0.0,0.2,0.9661067655217891,0.9007262494847782,1.0,-0.06388606479737863,0.001181212070601053
4.766666666666667,23.111715353142692,1.4147532736341466,23.154975996315567,-1.3976098403419663,-0.4080540843504482,-0.11599999999999999,0.5532597046632158,-8.985399727162406,132.7488947064488,-51.02356918213545,0.061137398635715864,0.15510629128583084,0.0847702630285028,-5803.731002065398,-4905.555808534094,1730.7164810787317,0.4444444444444444,0.0,0.2,0.9662367054949162,0.9022525777026857,1.0,-0.06394487659399965,0.0011811869681938275
4.783333333333333,23.11125233844088,1.4225602440919367,23.154992167978808,-1.4044313538410749,-0.410020537547341,-0.11599999999999999,0.5532321978860041,-8.994233902128654,132.83697706763743,-51.39929855865978,0.061475151920279344,0.1553304071678468,0.0852163370480942,-5804.6951377405385,-4915.359969309366,1730.74927890875,0.4444444444444444,0.0,0.2,0.966396428105662,0.9038590350581917,1.0,-0.06400774527487968,0.0011811282423431905
4.8,23.110687656918785,1.430944558811867,23.154945180372412,-1.411284605675379,-0.4118872317558592,-0.11599999999999999,0.5531903534573864,-9.003571534616746,132.92261983376662,-51.7755911139861,0.06183806225636356,0.1555855000555745,0.08568232036607236,-5805.829268400788,-4925.577124971971,1730.7896481270327,0.4444444444444444,0.0,0.2,0.9665839609382926,0.9055343375776326,1.0,-0.06407419682687088,0.001181038906189919
4.816666666666666,23.110019218055548,1.439858792136387,23.154830632077385,-1.4181679094053539,-0.41365195861492576,-0.11599999999999999,0.5531356281690805,-9.01334735808373,133.0058166042768,-52.15243050088946,0.062224094180810936,0.15586965336330488,0.08616604730114415,-5807.120745187915,-4936.140565456315,1730.8377537055771,0.4444444444444444,0.0,0.2,0.9667972461400655,0.9072675728482811,1.0,-0.06414376677859059,0.001180922069925082
4.833333333333333,23.10924532135376,1.4492558602715786,23.154644498913004,-1.4250795479362401,-0.41531309580907516,-0.11599999999999999,0.5530695045914263,-9.023497950348487,133.08656095596152,-52.52980025262124,0.06263122659242171,0.15618093100242916,0.08666539873272258,-5808.556589106113,-4946.986343279866,1730.8937315759067,0.4444444444444444,0.0,0.2,0.9670341718936187,0.9090482685140205,1.0,-0.06421600378411453,0.0011807808987760592
4.85,23.108364651501976,1.4590892067998946,23.15438313106583,-1.4320177829083702,-0.41686957062711033,-0.11599999999999999,0.552993474151095,-9.033962143262464,133.16484646291553,-52.90768378279508,0.06305746070822546,0.15651738751635264,0.08717830815194738,-5810.12365434959,-4958.053604115119,1730.957688961086,0.4444444444444444,0.0,0.2,0.9672925990462028,0.9108664468879989,1.0,-0.06429047253841128,0.001180618576878136
4.866666666666666,23.10737627178708,1.4693129678189762,23.15404324871467,-1.4389808634628807,-0.41832082195057996,-0.11599999999999999,0.5529090221549405,-9.044681350968595,133.24066671583495,-53.28606438593385,0.06350082713536254,0.1568770774137789,0.0877027667226281,-5811.808770895425,-4969.2848368478835,1731.0297048378286,0.4444444444444444,0.0,0.2,0.9675703843537505,0.9127126666092034,1.0,-0.06436675611340704,0.0011804382753010378
4.883333333333333,23.106279615900082,1.4798821174988153,23.153621936315975,-1.4459670343637494,-0.4196667613500327,-0.11599999999999999,0.5528176144400379,-9.055599825195262,133.31401534056545,-53.664925238648166,0.06395939209434924,0.15725806369798728,0.08823682742667169,-5813.598870126956,-4980.6260496693985,1731.1098305180733,0.4444444444444444,0.0,0.2,0.9678654009527018,0.9145780523766702,1.0,-0.06444445777479318,0.0011802431235473038
4.9,23.105074478283996,1.4907525949781584,23.15311663570338,-1.452974543467888,-0.42090773391453107,-0.11599999999999999,0.5527206855358516,-9.066664844497247,133.38488601581514,-54.04424940141144,0.0644312628349871,0.1576584255975801,0.0887786083713206,-5815.481095045574,-4992.026879317643,1731.1980903390643,0.4444444444444444,0.0,0.2,0.9681755563137917,0.9164543138798452,1.0,-0.06452320232876518,0.001180036184278998
4.916666666666667,23.103761003176604,1.5018814136380112,23.15252513814714,-1.4600016485447078,-0.42204447936759354,-0.11599999999999999,0.5526196282993879,-9.077826843862056,133.45327248996767,-54.42401982089232,0.06491459229112725,0.15807626551308204,0.08932629533660506,-5817.442895794232,-5003.4406409088815,1731.294482450688,0.4444444444444444,0.0,0.2,0.9684988077965133,0.9183337550960646,1.0,-0.06460263704437026,0.0011798204311891803
4.933333333333334,23.102339672502776,1.5132267538812558,23.151845575512066,-1.46704662345497,-0.42307809394316465,-0.11599999999999999,0.5525157850005569,-9.08903949097544,133.51916859694867,-54.804219332802276,0.06540758302431918,0.1585097152021573,0.08987814364089375,-5819.472110993298,-5014.824325894821,1731.3989796886979,0.4444444444444444,0.0,0.2,0.9688331758869203,0.9202092751446279,1.0,-0.06468243219625315,0.0011795987299695187
4.95,23.100811292770494,1.5247480406088985,23.151076410645217,-1.4741077637057916,-0.42400999341513995,-0.11599999999999999,0.5524104398268543,-9.100259715386795,133.5825682711144,-55.184830665214186,0.06590849050889747,0.15895694123340737,0.09043247940053438,-5821.557035422463,-5026.138555572,1731.5115305224774,0.4444444444444444,0.0,0.2,0.9691767552069174,0.9220743618742273,1.0,-0.0647622812722127,0.0011793738223080882
4.966666666666667,23.09917698112181,1.5364060066162257,23.15021642711692,-1.4811833914044261,-0.4248418775971813,-0.11599999999999999,0.5523048127599081,-9.111447696712865,133.6434655611454,-55.56583644230622,0.06641562581233837,0.15941614974449825,0.09098770025656924,-5823.686474705007,-5037.347497294292,1731.6320600662139,0.4444444444444444,0.0,0.2,0.9695277234031549,0.9239230793214298,1.0,-0.0648419008892531,0.001179148312816047
4.983333333333333,23.09743815068531,1.5481627431392062,23.14926471843064,-1.4882718596379731,-0.4255756965581852,-0.11599999999999999,0.5522000547587521,-9.122566817828465,133.70185464294053,-55.94721918848548,0.06692735772488267,0.15988559054472357,0.09154227563765495,-5825.849787787148,-5048.418750134552,1731.7604711426957,0.4444444444444444,0.0,0.2,0.9698843480458207,0.9257500501179561,1.0,-0.0649210304604642,0.0011789246587441229
5.0,23.095596495369794,1.5599817387666728,23.148220676808467,-1.495371556309565,-0.42621361873400315,-0.11599999999999999,0.5520972441691969,-9.13358358871341,133.7577298315175,-56.32896133284575,0.06744211439164612,0.16036356060513743,0.0920947466238574,-5828.036918122645,-5059.323206243177,1731.8966453894507,0.4444444444444444,0.0,0.2,0.9702449916866628,0.9275504338491207,1.0,-0.06499943165307588,0.0011787051623167646
5.016666666666667,23.093653974231252,1.5718279079011737,23.14708398165056,-1.5024809074639938,-0.42675800105842593,-0.11599999999999999,0.5519973842665703,-9.144467546270656,133.81108559193513,-56.711045213914915,0.06795838449889488,0.16084840698121816,0.09264372547114431,-5830.23841455886,-5070.034893592649,1732.040444397504,0.4444444444444444,0.0,0.2,0.9706081152394752,0.9293199022800617,1.0,-0.06507688767551065,0.0011784919654859933
5.033333333333333,23.091612795536207,1.5836676099046871,23.145854587757885,-1.5095983801372475,-0.42721136118619907,-0.11599999999999999,0.5519014018307672,-9.155191135020255,133.86191654926054,-57.0934530846489,0.06847471806402185,0.16133852921381647,0.09318789485134574,-5832.44544297256,-5080.530805205634,1732.1917108737123,0.4444444444444444,0.0,0.2,0.9709722798546362,0.931054612274685,1.0,-0.0651532024283385,0.0011782870468891923
5.05,23.089475400634957,1.5954686600081802,23.14453271339897,-1.5167224847651832,-0.42757635183779374,-0.11599999999999999,0.5518101466477537,-9.16572957312767,133.91021749761074,-57.47616711763086,0.06898972687617048,0.1618323812540555,0.09372600685724705,-5834.649789723937,-5090.790719363589,1732.3502698183197,0.4444444444444444,0.0,0.2,0.9713361474624392,0.9327511771383615,1.0,-0.06522819955086329,0.001178092220784838
5.066666666666666,23.087244447748343,1.6072003329993316,23.14311882829278,-1.5238517771866797,-0.42785573725949483,-0.11599999999999999,0.551724391830077,-9.176060707760799,133.95598340830273,-57.85916941043633,0.06950208463155227,0.16232847295704303,0.09425688181744156,-5836.843857989628,-5100.797014701465,1732.5159297101336,0.4444444444444444,0.0,0.2,0.9716984801585725,0.934406637022304,1.0,-0.06530172139176642,0.0011779091377367762
5.083333333333333,23.084922795761717,1.6188333606332743,23.141613641571716,-1.5309848602761758,-0.4280523717626087,-0.11599999999999999,0.5516448348499867,-9.18616486330378,133.9992094371508,-58.24244199112769,0.07001052680440469,0.1628253711878706,0.09477940696069348,-5839.0206580049335,-5110.534483526449,1732.6884836924435,0.4444444444444444,0.0,0.2,0.9720581385999849,0.9360184289376293,1.0,-0.06537362792891571,0.001177739286819893
5.1,23.082513488109555,1.6303399236392135,23.140018089780558,-1.5381203852396554,-0.42816918028168316,-0.11599999999999999,0.551572099182059,-9.196024685498921,134.03989093095214,-58.62596682384328,0.07051385029133933,0.16332170058154472,0.09529253496491681,-5841.1737921967515,-5119.990146165112,1732.8677107535636,0.4444444444444444,0.0,0.2,0.9724140795713286,0.9375843568420938,1.0,-0.06544379566019662,0.001177583999127052
5.116666666666666,23.08001973682476,1.641693639123047,23.138333324960065,-1.545257052606925,-0.42820914087297496,-0.11599999999999999,0.5515067364571798,-9.205624984151518,134.07802343320415,-59.00972581444958,0.07101091286360961,0.16381614399633196,0.09579528242150694,-5843.297436126658,-5129.153068650878,1733.0533768965895,0.4444444444444444,0.0,0.2,0.9727653528719429,0.9391025621836041,1.0,-0.06551211648411613,0.0011774444523677595
5.133333333333333,23.07744490681709,1.6528695440941361,23.13656070285668,-1.5523936129515705,-0.4281752690603691,-0.11599999999999999,0.55144922903593,-9.214952576621858,134.11360268909704,-59.3937008162272,0.0715006324586503,0.16430744269760977,0.09628672824170474,-5845.3863160923165,-5138.014185616506,1733.245236293645,0.4444444444444444,0.0,0.2,0.9731110976616344,0.9405714952126011,1.0,-0.06557849658600876,0.0011773216763622375
5.15,23.074792500436406,1.66384407577433,23.13470177129339,-1.5595288673683276,-0.4280706039259534,-0.11599999999999999,0.5513999929165159,-9.223996133950022,134.146624649827,-59.77787363556392,0.07198198633915694,0.16479439630677922,0.09676601202793834,-5847.435684158491,-5146.566129856356,1733.44303242056,0.4444444444444444,0.0,0.2,0.9734505383909065,0.941989887310696,1.0,-0.06564285534297892,0.0011772165592497383
5.166666666666667,23.07206614236816,1.6745950492800221,23.132758258730938,-1.5666616677358058,-0.42789819583588207,-0.11599999999999999,0.5513593808999422,-9.232746031114303,134.17708547627487,-60.16222603763081,0.07245401014501415,0.16527586254718768,0.0972323324296846,-5849.441291309542,-5154.803069670484,1733.6464991685261,0.4444444444444444,0.0,0.2,0.9737829804282739,0.9433567245255813,1.0,-0.0657051242582603,0.0011771298542460583
5.183333333333334,23.06926956490072,1.6851016332041222,23.13073206304292,-1.5737909167906496,-0.4276610956884934,-0.11599999999999999,0.5513276859429206,-9.241194202614786,134.2049815420932,-60.54673975201979,0.07291579686058085,0.16575075681638937,0.09768494550031313,-5851.39935933587,-5162.7205547958465,1733.8553619298364,0.4444444444444444,0.0,0.2,0.9741078054843127,0.9446712224520951,1.0,-0.06576524593347195,0.001177062186801862
5.2,23.066406593597176,1.695344323564706,23.128625240523622,-1.5809155680373175,-0.42736234557036723,-0.11599999999999999,0.5513051446367957,-9.249334004299765,134.23030943624596,-60.93139647832323,0.0733664957172075,0.16621805161148365,0.09812316306861184,-5853.306551989226,-5170.315371466784,1734.0693386553432,0.4444444444444444,0.0,0.2,0.9744244669194131,0.9459328025560959,1.0,-0.06582317308530164,0.0011770140620300479
5.216666666666667,23.063481133397836,1.705304916531039,23.12643999514285,-1.5880346255157556,-0.42700497070666865,-0.11599999999999999,0.5512919407583576,-9.257160082113113,134.25306596504132,-61.316177891638524,0.07380531104841187,0.16667677583175314,0.09854635113622677,-5855.159945867787,-5177.5854069243915,1734.2881408817339,0.4444444444444444,0.0,0.2,0.9747324850101138,0.947141070001039,1.0,-0.06587886761144239,0.0011769858722865888
5.233333333333333,23.06049715517373,1.7149664802857487,23.124178668058235,-1.5951471434473763,-0.426591972594329,-0.11599999999999999,0.5512882088456431,-9.264668248234004,134.27324815369863,-61.701065647982816,0.0742315011128743,0.1671260139804046,0.0989539283100632,-5856.957001422312,-5184.529523509048,1734.511474727136,0.4444444444444444,0.0,0.2,0.9750314422375332,0.9482957930063461,1.0,-0.06593229970913708,0.0011769779048047217
5.25,23.05745868274642,1.7243133263341612,23.121843727391894,-1.602252225777923,-0.4261263232100085,-0.11599999999999999,0.5512940377586663,-9.271855364904175,134.2908532474872,-62.08604138960452,0.07464437689833424,0.16756490528491233,0.0993453642767659,-5858.695534410402,-5191.147442318506,1734.7390418539571,0.4444444444444444,0.0,0.2,0.9753209786509285,0.9493968837412635,1.0,-0.06598344704843145,0.0011769903492969622
5.266666666666667,23.054369780384697,1.733330980528097,23.119437758275474,-1.6093490256340488,-0.4256109601890641,-0.11599999999999999,0.5513094741913046,-9.27871923608984,134.3058787124735,-62.471086750180724,0.07504330091756918,0.16799264275329273,0.099720178324706,-5860.373688067223,-5197.439636291905,1734.9705403981768,0.4444444444444444,0.0,0.2,0.9756007873498452,0.9504443807373316,1.0,-0.06603229400118278,0.00117702330545284
5.283333333333333,23.051234540784893,1.7420061540316456,23.116963453164836,-1.6164367447087524,-0.4250487828766615,-0.11599999999999999,0.551334526106342,-9.285258507002768,134.31832223591113,-62.85618335989071,0.07542768600591111,0.16840847218160582,0.10007793791742312,-5861.989906208263,-5203.407232484173,1735.2056658646004,0.4444444444444444,0.0,0.2,0.9758706101197235,0.9514384327862853,1.0,-0.06607883092599848,0.0011770767902725748
5.3,23.048057073537947,1.750326714420356,23.114423602423578,-1.62351463258923,-0.4244426491574939,-0.11599999999999999,0.551369166070875,-9.291472571405112,134.32818172630604,-63.2413128503575,0.07579699412819234,0.1688116911260884,0.10041825732118756,-5863.542907432718,-5209.051923222071,1735.4441119878395,0.4444444444444444,0.0,0.2,0.9761302332481743,0.9523792842776089,1.0,-0.06612305350856805,0.0011771507451880337
5.316666666666666,23.044841494083375,1.758281657072699,23.111821085172522,-1.6305819860391935,-0.4237953729761372,-0.11599999999999999,0.5514133344739373,-9.297361486542984,134.33545531318745,-63.62645685945087,0.07615073520160447,0.16920164785157626,0.10074079628823304,-5865.031660554802,-5214.375885779454,1735.6855715589888,0.4444444444444444,0.0,0.2,0.9763794835424231,0.9532672619205873,1.0,-0.06616496215628523,0.0011772450429322274
5.333333333333333,23.0415919131479,1.7658610769833485,23.109158860400946,-1.637638148246301,-0.4231097224657279,-0.11599999999999999,0.551466942612293,-9.302925895491551,134.34014134661226,-64.01159703594612,0.07648846593968842,0.16957774026626327,0.10104525879624979,-5866.455361354429,-5219.3817101718805,1735.9297372181422,0.4444444444444444,0.0,0.2,0.9766182245625852,0.9541027627890062,1.0,-0.06620456144561446,0.0011773594941273554
5.35,23.038312426664227,1.7730561411014847,23.10643995833389,-1.6446825080440337,-0.4223884186082833,-0.11599999999999999,0.5515298756339478,-9.308166956647558,134.34223839642974,-64.39671504403455,0.07680978872153922,0.16993941485137304,0.10133139184389939,-5867.813410707847,-5224.072334647259,1736.176302213053,0.4444444444444444,0.0,0.2,0.9768463530804279,0.9548862436222859,1.0,-0.06624185962032218,0.0011774938535690808
5.366666666666666,23.035007106163835,1.7798590612737615,23.103667472049036,-1.6517144991161306,-0.4216341343555046,-0.11599999999999999,0.5516019953320076,-9.31308628007113,134.3417452513306,-64.78179256768188,0.07711435048929624,0.17028616559297266,0.10159898430140171,-5869.105394132705,-5228.4509884368135,1736.4249611243438,0.4444444444444444,0.0,0.2,0.9770637957690321,0.955618211314318,1.0,-0.06627686813845136,0.0011776478261913055
5.383333333333333,23.03167998963614,1.7862630678504994,23.10084454933569,-1.6587335991905607,-0.4208494941442445,-0.11599999999999999,0.5516831427841857,-9.317685870355675,134.3386609177026,-65.16681131483236,0.07740184167608537,0.17061753292193696,0.10184786581463538,-5870.331062760141,-5232.521141327547,1736.6754105577834,0.4444444444444444,0.0,0.2,0.9772705061252174,0.956299214520322,1.0,-0.06630960126575332,0.0011778210727014112
5.4,23.02833507284543,1.7922623839948628,23.09797438478807,-1.6657393292289797,-0.4200370737459275,-0.11599999999999999,0.5517731408354793,-9.321968075690737,134.33298461831393,-65.55175302145669,0.07767199516577437,0.17093310266696082,0.10207790576067013,-5871.490315728369,-5236.2864596214295,1736.9273498042076,0.4444444444444444,0.0,0.2,0.977466461623664,0.9569298363123048,1.0,-0.06634007571319198,0.0011780132148806715
5.416666666666667,23.02497630109599,1.797852200718004,23.09506021212455,-1.6727312526166371,-0.4191994003940582,-0.11599999999999999,0.5518717964234222,-9.32593554277597,134.3247157908424,-65.9365994554425,0.07792458528518696,0.1712325050245153,0.10228901225220467,-5872.583183977656,-5239.750768056241,1737.180481467725,0.4444444444444444,0.0,0.2,0.9776516610993006,0.9575106878149414,1.0,-0.06636831031608773,0.0011782238405485727
5.433333333333334,23.021607561435353,1.80302865264822,23.092105296724416,-1.679708974356839,-0.4183389531385071,-0.11599999999999999,0.5519789027468524,-9.329591177243843,134.31385408626798,-66.321332420327,0.07815942682878418,0.17151541354873612,0.10248113118800041,-5873.609815414836,-5242.918017276822,1737.4345120628755,0.4444444444444444,0.0,0.2,0.9778261223526316,0.9580424027556371,1.0,-0.0663943257524644,0.0011784525081930451
5.45,23.018232675285205,1.8077887945288604,23.08911292837366,-1.6866721402732452,-0.4174581633795305,-0.11599999999999999,0.55209424128039,-9.332938109252819,134.3003993671444,-66.70593375887151,0.07837637411525654,0.1717815441634172,0.10265424534607631,-5874.57046140647,-5245.792256462357,1737.6891525814399,0.4444444444444444,0.0,0.2,0.9779898799712223,0.9585256328650289,1.0,-0.06641814429819203,0.0011786987512712901
5.466666666666667,23.014855391489142,1.812130578427877,23.08608641421127,-1.693620436222543,-0.4165594155384394,-0.11599999999999999,0.5522175836378161,-9.335979663920153,134.28435170576333,-67.09038535647838,0.07857532007496877,0.1720306541975471,0.10280837351615037,-5875.465464552916,-5248.3776107340655,1737.9441190296034,0.4444444444444444,0.0,0.2,0.9781429833594584,0.9589610440670082,1.0,-0.06643978961657097,0.0011789620821880192
5.483333333333333,23.01147937976666,1.8160528316313522,23.08302907186798,-1.700553587319363,-0.4156450478255083,-0.11599999999999999,0.5523486932883167,-9.33871933627392,134.26571138222414,-67.47466914445059,0.07875619536675238,0.17226254144516412,0.1029435696675744,-5876.295247690627,-5250.678262987604,1738.1991329361717,0.4444444444444444,0.0,0.2,0.9782854949679034,0.9593493134004035,1.0,-0.06645928658007724,0.0011792419959595634
5.5,23.008108224562548,1.8195552351839552,23.079944222789365,-1.7074713571746714,-0.41471735306910235,-0.11599999999999999,0.5524873271301625,-9.341160770415666,134.24447888242074,-67.85876710309523,0.07891896752214654,0.17247704324971397,0.10305992214880465,-5877.06030406664,-5252.698439814677,1738.453921832539,0.4444444444444444,0.0,0.2,0.9784174887130511,0.9596911266175955,1.0,-0.06647666112207277,0.001179537973573618
5.516666666666667,23.00474541928128,1.8226383030309063,23.0768351857359,-1.714373547148324,-0.4137785795731237,-0.11599999999999999,0.5526332369268077,-9.343307742598222,134.22065489595468,-68.24266126467175,0.07906364011483681,0.1726740356125584,0.1031575529142758,-5877.761188627225,-5254.442401198478,1738.7082197050727,0.4444444444444444,0.0,0.2,0.9785390485779443,0.9599871764084754,1.0,-0.06649194011637832,0.001179849485055254
5.533333333333333,23.001394360896096,1.8253033617085912,23.073705270452933,-1.7212599956159222,-0.41283093197275544,-0.11599999999999999,0.5527861706107112,-9.345164147936769,134.1942403139845,-68.62633371618614,0.07919025195272937,0.17285343232480743,0.10323661677439756,-5878.398510361655,-5255.914433686913,1738.9617674205729,0.4444444444444444,0.0,0.2,0.9786502673839935,0.9602381612012015,1.0,-0.06650515128270217,0.0011801759922505227
5.55,22.99805834492288,1.8275525305243638,23.070557771503985,-1.7281305772496705,-0.4118765720611266,-0.11599999999999999,0.5529458734603716,-9.346733990484624,134.16523622701806,-69.00976660203256,0.07929887628982503,0.17301518412121697,0.10329730066426723,-5878.972925641999,-5257.118846765848,1739.2143131254234,0.4444444444444444,0.0,0.2,0.9787512457243188,0.9604447844940853,1.0,-0.06651632311601428,0.0011805169513393779
5.566666666666666,22.99474056074939,1.8293887021602173,23.06739596226164,-1.7349852023124732,-0.41091761956196704,-0.11599999999999999,0.553112089156177,-9.348021376418453,134.13364392265538,-69.39294212648367,0.07938962005481327,0.17315927785451093,0.10333982292658696,-5879.485132500368,-5258.059972171536,1739.4656126190293,0.4444444444444444,0.0,0.2,0.9788420910490373,0.9606077546756345,1.0,-0.0665254848380486,0.001180871815089873
5.583333333333333,22.991444087310676,1.8308155236298433,23.06422308905065,-1.7418238159641437,-0.4099561528255838,-0.11599999999999999,0.5532845607207038,-9.349030510089793,134.09946488328745,-69.77584255603112,0.07946262309309567,0.1732857356881427,0.10336443260418893,-5879.935865786114,-5258.742165896705,1739.7154297020886,0.4444444444444444,0.0,0.2,0.9789229168931012,0.960727785292194,1.0,-0.0665326663692036,0.00118124003486566
5.6,22.98817188910225,1.8318373775140913,23.06104236543892,-1.7486463975782218,-0.4089942094275977,-0.11599999999999999,0.553463031349104,-9.34976569271111,134.06270078375593,-70.15845022157751,0.07951805741876256,0.1733946143052055,0.10337140873750598,-5880.325893146861,-5259.1698126581805,1739.9635365002234,0.4444444444444444,0.0,0.2,0.9789938422375245,0.9608055957247771,1.0,-0.06653789831919153,0.0011816210623988327
5.616666666666666,22.984926812522744,1.8324593633959272,23.057856966672432,-1.7554529600675894,-0.4080337866518552,-0.11599999999999999,0.5536472451351595,-9.350231323454604,134.0233534889778,-70.5407475204815,0.0795561264728899,0.17348600413092882,0.10336105966227702,-5880.656011778887,-5259.347332605649,1740.2097137634516,0.4444444444444444,0.0,0.2,0.9790549909951076,0.9608419122385343,1.0,-0.0665412119948582,0.0011820143513400232
5.633333333333333,22.981711582538562,1.8326872794126874,23.05467002425123,-1.762243549216772,-0.40707684184080273,-0.11599999999999999,0.5538369476985042,-9.35043190275078,133.98142505153874,-70.92271691845707,0.07957706438439059,0.17356002856595737,0.10333372230274812,-5880.927045894125,-5259.279190060586,1740.4537511419421,0.4444444444444444,0.0,0.2,0.9791064916120616,0.9608374693698167,1.0,-0.06654263942365722,0.0011824193585974958
5.65,22.978528799663437,1.832527603840676,23.051484620644285,-1.7690182430185641,-0.406125292598397,-0.11599999999999999,0.5540318867184466,-9.350372037580613,133.93691770925759,-71.30434095132836,0.07958113522954705,0.17361684322739973,0.10328976145562253,-5881.1398448527825,-5258.969904081959,1740.6954474384643,0.4444444444444444,0.0,0.2,0.9791484767772232,0.9607930116169955,1.0,-0.06654221339131199,0.001182835545476836
5.666666666666667,22.9753809372462,1.8319874766250062,23.048303784141837,-1.7757771510123785,-0.4051810168323603,-0.11599999999999999,0.5542318123797082,-9.350056448561086,133.8898338827239,-71.68560222664136,0.07956863228627092,0.17365663519445093,0.10322956906002478,-5881.295281912364,-5258.424060660832,1740.934610837908,0.4444444444444444,0.0,0.2,0.9791810832308402,0.9607092954020814,1.0,-0.06653996749224006,0.001183262378632584
5.683333333333334,22.97227033906073,1.8310746807660092,23.045130483844776,-1.7825204136215196,-0.4042458526242836,-0.11599999999999999,0.5544364777353046,-9.349489978627478,133.8401761728105,-72.06648342513347,0.07953987727907876,0.17367962225523947,0.10315356344878167,-5881.394253545452,-5257.646326349378,1741.171059114206,0.4444444444444444,0.0,0.2,0.9792044516651769,0.9605870912707174,1.0,-0.06653593619134097,0.0011836993308429722
5.7,22.96919921719233,1.8297976234725701,23.04196762479139,-1.7892482014864097,-0.4033215979177678,-0.11599999999999999,0.5546456389917278,-9.348677603118436,133.78794735816155,-72.44696730206176,0.07949521961074289,0.17368605215142188,0.10306218857638386,-5881.437679280084,-5256.64146313139,1741.404619814982,0.4444444444444444,0.0,0.2,0.9792187267094234,0.9604271862983654,1.0,-0.06653015489576693,0.0011841458816187758
5.716666666666667,22.9661696502153,1.8281653169924175,23.03881804322271,-1.7959607147906445,-0.4024100100164861,-0.11599999999999999,0.5548590557214761,-9.34762444107042,133.73315039265748,-72.8270366883913,0.07943503557657552,0.17367620181694773,0.10295591321908158,-5881.426502017865,-5255.4143443410085,1741.6351304241919,0.4444444444444444,0.0,0.2,0.9792240569916157,0.9602303866704432,1.0,-0.0665226600353001,0.0011846015176570565
5.733333333333333,22.963183581656864,1.8261873590297215,23.035684501988545,-1.8026581825766461,-0.4015128048857687,-0.11599999999999999,0.5550764910079556,-9.346335767527632,133.67578840285597,-73.20667449184381,0.07935972755732978,0.1736503766073451,0.10283523014268679,-5881.361688785941,-5253.969971434316,1741.862438503021,0.4444444444444444,0.0,0.2,0.9792205952704319,0.9599975204038199,1.0,-0.06651348914995657,0.0011850657331505226
5.75,22.960242818742927,1.8238739126613797,23.032569686097183,-1.8093408620475853,-0.40063165625307734,-0.11599999999999999,0.5552977115277004,-9.344817026671395,133.61586468540978,-73.58586369780778,0.07926972318676044,0.1736089095158317,0.1027006552338076,-5881.244231879864,-5252.313491414892,1742.0864018092684,0.4444444444444444,0.0,0.2,0.9792084986298795,0.959729440176502,1.0,-0.06650268098342205,0.0011855380299630632
5.766666666666667,22.957349031421437,1.8212356856651446,23.029476198412482,-1.816009037852188,-0.39976819450455825,-0.11599999999999999,0.5555224875748537,-9.343073845569718,133.5533827044603,-73.96458737011037,0.07916547448997695,0.17355216037254095,0.10255272659042745,-5881.075150354861,-5250.450214709326,1742.3068883954313,0.4444444444444444,0.0,0.2,0.9791879287299718,0.9594270262315193,1.0,-0.06649027558090104,0.0011860179176820165
5.783333333333333,22.954503751659495,1.8182839091752974,23.026406555503087,-1.8226630213490191,-0.39892400537675526,-0.11599999999999999,0.5557505930328374,-9.341112048343552,133.4883460890068,-74.3428286516519,0.07904745698884609,0.1734805150231667,0.10239200356796815,-5880.855491823384,-5248.385633282723,1742.5237766856878,0.4444444444444444,0.0,0.2,0.9791590521065491,0.9590911893200501,1.0,-0.06647631438993137,0.0011865049135576843
5.8,22.95170837301044,1.8150303155849499,23.023363183649124,-1.8293031498468364,-0.3981006284445391,-0.11599999999999999,0.5559818052981467,-9.338937670541029,133.42075863024996,-74.72057076490317,0.07891616877086334,0.17339438448337538,0.10221906577724278,-5880.5863345168755,-5246.125438777158,1742.736955531968,0.4444444444444444,0.0,0.2,0.9791220405134085,0.95872287364769,1.0,-0.06646084036267906,0.0011869985423406375
5.816666666666666,22.94896415044746,1.81148711561831,23.020348415012617,-1.835929785817645,-0.39729955540836787,-0.11599999999999999,0.55621590516124,-9.336556973505328,133.35062427890952,-75.0977970122661,0.07877212951811087,0.17329420406541418,0.10203451203101316,-5880.268789569526,-5243.675540448539,1742.9463242492877,0.4444444444444444,0.0,0.2,0.9790770712998862,0.9583230597865697,1.0,-0.06644389805818754,0.00118749833602742
5.833333333333333,22.946272200460253,1.8076669745014091,23.01736448397857,-1.842543316079165,-0.3965222281861416,-0.11599999999999999,0.5564526766495383,-9.333976458515803,133.2779471425142,-75.47449077629823,0.07861587949316032,0.17318043247345583,0.1018389592362225,-5879.904003481388,-5241.042082669587,1743.151792630526,0.4444444444444444,0.0,0.2,0.9790243278169642,0.9578927675147814,1.0,-0.06642553374301352,0.0011880038335253592
5.85,22.943633501411455,1.8035829871658922,23.01441352367434,-1.8491441509435282,-0.39577003681715234,-0.11599999999999999,0.5566919068376063,-9.331202880475962,133.20273148266395,-75.8506355198012,0.0784479784790591,0.17305355086437177,0.10163304122937442,-5879.493160717715,-5238.231461759011,1743.3532809408202,0.4444444444444444,0.0,0.2,0.9789639998448946,0.9574330585433781,1.0,-0.0664057954886379,0.0011885145802473104
5.866666666666666,22.941048894149514,1.7992486524275573,23.011497562675512,-1.8557327233291683,-0.3950443171879467,-0.11599999999999999,0.5569333856296508,-9.32824326091624,133.1249817122628,-76.22621478577389,0.07826900467086309,0.17291406187081151,0.1014174075529781,-5879.037486400605,-5235.250341889851,1743.5507198917621,0.4444444444444444,0.0,0.2,0.978896284035202,0.956945039090076,1.0,-0.06638473326400035,0.0011890301276473
5.883333333333333,22.938519082874688,1.7946778460894015,23.008618521907184,-1.8623094878330662,-0.3943463485923132,-0.11599999999999999,0.5571769055195547,-9.325104900074532,133.04470239272231,-76.60121219723045,0.07807955351654568,0.17276248858369284,0.10119272217147739,-5878.538249048244,-5232.105669823882,1743.744050595582,0.4444444444444444,0.0,0.2,0.9788213843598029,0.9564298622578626,1.0,-0.06636239902147091,0.0011895500327082074
5.9,22.93604463625476,1.7898847929280164,23.005778211749885,-1.8688749197607324,-0.3936773511400535,-0.11599999999999999,0.5574222613337285,-9.32179538781355,132.9618982311344,-76.97561145688387,0.07788023650552485,0.17259937349147522,0.1009596621256248,-5877.996763316137,-5228.804688214169,1743.9332244995257,0.4444444444444444,0.0,0.2,0.9787395125598221,0.955888730175985,1.0,-0.06633884677454358,0.0011900738573927632
5.916666666666667,22.933625988786883,1.784884037532245,23.00297832935984,-1.8754295141115798,-0.39303848303169053,-0.11599999999999999,0.5576692499621454,-9.3183226131316,132.87657407741378,-77.34939634669578,0.07767167990350483,0.17242527737389546,0.10071891612485417,-5877.414392693781,-5225.354947215092,1744.1182033006423,0.4444444444444444,0.0,0.2,0.9786508885865424,0.9553228958603999,1.0,-0.06631413266552018,0.001190601168069321
5.933333333333334,22.931263442401928,1.7796904139740755,23.000220456213682,-1.8819737845176583,-0.39243083771877063,-0.11599999999999999,0.557917670082979,-9.314694772022959,132.78873492141003,-77.72255072729318,0.07745452343282634,0.17224077814819558,0.10047118307784066,-5876.792552109402,-5221.76431413849,1744.2989588412222,0.4444444444444444,0.0,0.2,0.9785557410267777,0.9547336647507473,1.0,-0.06628831502144882,0.001191131534923969
5.95,22.928957168307335,1.7743190143037468,22.997506055887715,-1.8885082621340687,-0.3918554409719118,-0.11599999999999999,0.5581673218863178,-9.310920373445589,132.69838588998908,-78.09505853725307,0.07722941889805895,0.17204646966626397,0.1002171705621137,-5876.132710394573,-5218.040980896918,1744.4754729851463,0.4444444444444444,0.0,0.2,0.9784543075048343,0.9541223958813639,1.0,-0.06626145439659349,0.001191664531370673
5.966666666666667,22.926707209064276,1.7687851558739363,22.99483647208216,-1.8950334944797724,-0.39131324788120103,-0.11599999999999999,0.5584180068024548,-9.307008243158526,132.6055322440858,-78.46690379225635,0.07699702875714617,0.17184296046154415,0.09995759323430449,-5875.436392559951,-5214.193468980351,1744.647737475434,0.4444444444444444,0.0,0.2,0.9783468350531235,0.95349050264482,1.0,-0.06623361359974282,0.0011921997334711837
5.983333333333333,22.9245134808947,1.763104347511597,22.992212926900645,-1.9015500442279463,-0.39080513981591,-0.11599999999999999,0.5586695272402562,-9.302967525198634,132.51017937572823,-78.83807058411242,0.07675802463902673,0.17163087244503764,0.09969317118335477,-5874.705181833027,-5210.230631721811,1744.815753773311,0.4444444444444444,0.0,0.2,0.978233580443433,0.9528394531080513,1.0,-0.06620485770471955,0.001192736719376467
6.0,22.918778515087155,1.7572326188520555,22.9860452253183,-1.9080630163559937,-0.39100287155448654,-0.174,0.2615707315524663,-9.32502691691556,132.4123422931825,-79.2085133341979,0.07652246140356861,0.22939896251285805,0.09945288343225764,-5993.5177912879335,-5159.921029338968,1745.1587074547813,0.4444444444444444,0.0,0.3,0.9883113259742082,0.9543509421144319,1.0,-0.0663618440518949,0.0005584428736930588
6.016666666666667,22.911644124873206,1.7511798235858764,22.978469646157272,-1.9145930228109878,-0.3923284411158643,-0.174,0.2581163849204619,-9.346698127344387,132.31203529244516,-79.57816687053374,0.07628355629084144,0.22908658800107679,0.09929103701362897,-6022.970444344565,-5153.92095562314,1745.701003130194,0.4444444444444444,0.0,0.3,0.9926204065904956,0.9539447759353974,1.0,-0.06651606789486149,0.0005510679841231928
6.033333333333333,22.904482980127828,1.7454957636241875,22.970896718408607,-1.9211481688343017,-0.3939174230730072,-0.174,0.2575580440709216,-9.352083383261812,132.20925997407576,-79.94701064918254,0.07606058799009068,0.2287674418360312,0.09916124370391291,-6031.641539113367,-5151.026755747321,1746.2464083902871,0.4444444444444444,0.0,0.3,0.9940180487689779,0.9535269705477375,1.0,-0.06655439223607314,0.0005498759491173383
6.05,22.897308047711995,1.740364004583656,22.963353036964506,-1.9277311146654785,-0.39562197828033363,-0.174,0.2577554630857626,-9.35305521680697,132.1040206142773,-80.31502798429176,0.07586150040380363,0.2284632716406329,0.09906224766192155,-6034.863878181598,-5148.845143219815,1746.7933189031774,0.4444444444444444,0.0,0.3,0.9945516549210336,0.9531929470975199,1.0,-0.06656130831972017,0.0005502974306849247
6.066666666666666,22.890120451750146,1.7358503445871794,22.95584436945053,-1.9343431006775258,-0.39738221979072746,-0.174,0.2582328435196732,-9.352619028343058,131.996322524497,-80.68220266626652,0.07568917220594633,0.22818175315704267,0.0989933918527627,-6036.054830992815,-5147.231236931523,1747.341524461767,0.4444444444444444,0.0,0.3,0.9947625371511446,0.9529410112954767,1.0,-0.06655820417095178,0.0005513166184960977
6.083333333333333,22.88291794954514,1.7319793803073276,22.948370017485445,-1.9409847335726156,-0.39916967701082556,-0.174,0.25882600203328865,-9.351827004080926,131.8861714222005,-81.0485186230149,0.07554470658902557,0.22792613676459048,0.09895410326633121,-6036.400570174908,-5146.128759211306,1747.8911579943494,0.4444444444444444,0.0,0.3,0.9948390173083344,0.9527691128931048,1.0,-0.06655256770565926,0.0005525829877987064
6.1,22.87569714189214,1.7287580672772718,22.940926837918916,-1.947656295837708,-0.4009689674949331,-0.174,0.25946885399928754,-9.351104218367947,131.77357321045065,-81.41395979897153,0.07542844492632886,0.22769786479098425,0.09894382863929026,-6036.380821808142,-5145.510348687256,1748.4424671991667,0.4444444444444444,0.0,0.3,0.9948573543208857,0.9526755584927437,1.0,-0.06654742397865504,0.0005539554506011038
6.116666666666666,22.86845422452293,1.7261847065896578,22.93351068328538,-1.9543578804129225,-0.40277055958136226,-0.174,0.26013262585851604,-9.350633535058684,131.65853388989112,-81.77851010498188,0.07534035376625897,0.2274975492107259,0.09896199029431116,-6036.205563021944,-5145.359336836967,1748.9957410619888,0.4444444444444444,0.0,0.3,0.9948509510107024,0.9526588052753148,1.0,-0.06654407434624696,0.0005553725765247272
6.133333333333333,22.861185290659368,1.7242527901608682,22.926116997394864,-1.9610894524073759,-0.4045676498299486,-0.174,0.2608043349996412,-9.35049382044641,131.5410595221965,-82.142153396066,0.07528019050478295,0.22732538385613565,0.09900796445697835,-6035.970362787927,-5145.662740326519,1749.5512812720458,0.4444444444444444,0.0,0.3,0.9948350186635472,0.9527172502588779,1.0,-0.06654308006286375,0.0005568066482223881
6.15,22.853886466791426,1.7229527606158128,22.918741083495533,-1.9678508785627213,-0.406354763530722,-0.174,0.26147806563943155,-9.350716436626183,131.4211562156731,-82.50487346144256,0.07524757922164109,0.22718132920108797,0.09908107277755107,-6035.719535476142,-5146.408250157441,1750.1093896676175,0.4444444444444444,0.0,0.3,0.9948166153135074,0.952849106004149,1.0,-0.0665446643178302,0.000558245035737484
6.166666666666667,22.846553978716756,1.7222728622066275,22.911378232535725,-1.974641942143984,-0.4081271203740281,-0.174,0.26215115486318874,-9.351310061496399,131.29883012096678,-82.86665402034882,0.07524204734050775,0.22706519823770863,0.09918058066501885,-6035.473785926838,-5147.582905893375,1750.670362226957,0.4444444444444444,0.0,0.3,0.99479904246272,0.9530523421651151,1.0,-0.06654888886768015,0.0005596820538554359
6.183333333333334,22.83918418634476,1.7221995820235332,22.90402378836746,-1.9814623512432372,-0.40988034912303606,-0.174,0.2628224596174082,-9.352272033065383,131.1740874315725,-83.22747872078295,0.07526304462680762,0.2269766977215906,0.09930569899616608,-6035.242775774784,-5149.172547417676,1751.2344859507962,0.4444444444444444,0.0,0.3,0.9947838442224352,0.9533246672571323,1.0,-0.06655573476826704,0.0005611152622034995
6.2,22.831773603893502,1.7227179042385494,22.896673183609714,-1.9883117441625768,-0.41161036302809834,-0.174,0.26349155430399646,-9.35359366875128,131.04693438671703,-83.58733113984174,0.0753099541259919,0.22691544897753047,0.09945558747589019,-6035.030941201925,-5151.161642173682,1751.802037083888,0.4444444444444444,0.0,0.3,0.994771732971535,0.9536635334232244,1.0,-0.0665651402297271,0.0005625437521470549
6.216666666666667,22.82431891298331,1.723811479034762,22.889321961491554,-1.9951896935648663,-0.41331330913499226,-0.174,0.26415835583359265,-9.3552628243646,130.9173772754684,-83.94619478502581,0.07538209942631363,0.22688099933026393,0.09962935879781704,-6034.840210334208,-5153.533297946959,1752.373279980342,0.4444444444444444,0.0,0.3,0.9947630217490147,0.9540661540159738,1.0,-0.06657701882755811,0.0005639673462936956
6.233333333333333,22.81681697208018,1.7254627529215878,22.881965790751586,-2.0020957101628936,-0.4149855510479371,-0.174,0.2648229475028784,-9.35726517404766,130.78542244151538,-84.30405309620858,0.07547875026068386,0.2268728292749244,0.09982608317928629,-6034.671278726015,-5156.2693681928195,1752.9484662936848,0.4444444444444444,0.0,0.3,0.9947578272161607,0.9545295281895425,1.0,-0.06659126861134838,0.0005653862224784493
6.25,22.809264823887258,1.7276530817705564,22.87460047688641,-2.0090292462890607,-0.41662366624065006,-0.174,0.26548549584601194,-9.359584894293883,130.65107628833104,-84.6608894481151,0.07559912736802152,0.2268903577550817,0.10004479304883354,-6034.524210674487,-5159.3506031340285,1753.5278343439854,0.4444444444444444,0.0,0.3,0.9947561653427043,0.9550504691844253,1.0,-0.06660777697262128,0.0005668007362449708
6.266666666666667,22.80165970142107,1.7303628361150638,22.867221971284962,-2.0159896994872737,-0.41822444907059286,-0.174,0.2661462110322163,-9.362205069015584,130.51434528456187,-85.01668715322785,0.07574240702572138,0.22693294663705157,0.1002844877625799,-6034.398724771272,-5162.756822354544,1754.1116085938397,0.4444444444444444,0.0,0.3,0.994757996846452,0.95562563435282,1.0,-0.06662642352751269,0.0005682113362960037
6.283333333333333,22.79399903310853,1.7335715027724774,22.859826378968354,-2.022976416175072,-0.419784915374676,-0.174,0.2668053276449821,-9.365107962702103,130.3752359695435,-85.37142946506775,0.07590772542810716,0.22699990487133825,0.10054413827426399,-6034.294331602341,-5166.467095718996,1754.699999202028,0.4444444444444444,0.0,0.3,0.9947632491050798,0.9562515557151005,1.0,-0.06664708206070949,0.0005696185234577597
6.3,22.786280447054807,1.7372577843092616,22.852409965274457,-2.029988695380677,-0.42130230675120456,-0.174,0.26746309497582765,-9.368275229485235,130.23375495887262,-85.725099581814,0.07609418297617528,0.22709049255256572,0.10082269170851216,-6034.210402341839,-5170.459925019059,1755.293201640867,0.4444444444444444,0.0,0.3,0.9947718270706882,0.9569246702474996,1.0,-0.06666962201327001,0.0005710228299574918
6.316666666666666,22.778501774547827,1.7413996967141179,22.844969161651203,-2.03702579254007,-0.42277409368851127,-0.174,0.2681197717382735,-9.371688088977434,130.08990894998,-86.07768065023174,0.07630084849403686,0.22720392495897643,0.10111907580079502,-6034.146205148753,-5174.713421627357,1755.8913963711639,0.4444444444444444,0.0,0.3,0.9947836190603431,0.957641349336785,1.0,-0.06669390973398227,0.0005724248081380443
6.333333333333333,22.770661052828338,1.7459746651378023,22.837500570642497,-2.044086923330956,-0.4241979772057312,-0.174,0.26877562282004447,-9.375327482572185,129.9437047276571,-86.42915576987942,0.07652676336561214,0.2273393765924328,0.10143220317617421,-6034.100926627931,-5179.205477009123,1756.4947485721677,0.4444444444444444,0.0,0.3,0.9947985001693936,0.9583979269837972,1.0,-0.06671980959168029,0.0005738250235239366
6.35,22.762756527140038,1.7509596173573392,22.830000970115453,-2.0511712675176565,-0.42557188891607045,-0.174,0.2694309169661252,-9.379174215984852,129.7951491694944,-86.77950799756859,0.07677094557647311,0.22749598521276018,0.10176097544510006,-6034.07368639037,-5183.91392387323,1757.1034079253543,0.4444444444444444,0.0,0.3,0.9948163345861525,0.9591907264379305,1.0,-0.06674718498964054,0.0005752240498747811
6.366666666666666,22.754786652070212,1.7563310745648844,22.822467316762992,-2.0582779727808562,-0.42689398954393326,-0.174,0.27008592488400823,-9.383209090241797,129.64424925119454,-87.1287203520487,0.07703239364327358,0.22767285584879557,0.10210428709940796,-6034.063548417799,-5188.816686361626,1757.7175084513428,0.4444444444444444,0.0,0.3,0.9948369773975158,0.9600160850209549,1.0,-0.06677589929777006,0.0005766224651400644
6.383333333333333,22.74675009219225,1.7620652390909242,22.814896748910805,-2.0654061585073555,-0.42816266598834846,-0.174,0.27074091754332924,-9.387413021784504,129.49101205172585,-87.47677581889016,0.07731009041364124,0.2278690647644553,0.10246102919583625,-6034.069530907849,-5193.891918133849,1758.3371683992575,0.4444444444444444,0.0,0.3,0.9948602761522984,0.9608703769617275,1.0,-0.0668058167073312,0.0005780208478289385
6.4,22.738645722024096,1.7681380787114078,22.807286588656574,-2.072554919516845,-0.42937652705636736,-0.174,0.2713961645734668,-9.391767151758652,129.3354447582873,-87.82365735553873,0.0776030067211616,0.22808366335762625,0.10283009281808972,-6034.090615329243,-5199.118127573634,1758.9624901876725,0.4444444444444444,0.0,0.3,0.9948860722983945,0.9617500341183141,1.0,-0.06683680300870068,0.0005794197735891606
6.416666666666667,22.730472625320367,1.7745254072411838,22.799634343370137,-2.0797233297049837,-0.4305343980057483,-0.174,0.2720519327236493,-9.396252944394039,129.17755467105766,-88.16934789651486,0.07791010488239293,0.22831568197087102,0.10321037231179858,-6034.125754977906,-5204.4742896601865,1759.5935603960222,0.4444444444444444,0.0,0.3,0.9949142025401201,0.962651564512975,1.0,-0.06686872629149343,0.0005808198119194843
6.433333333333334,22.722230093719652,1.781202961173131,22.79193770658456,-2.086910445584445,-0.43163531404314404,-0.174,0.2727084843779014,-9.400852274409532,129.01734920770684,-88.51383035873215,0.07823034202534493,0.228564133594924,0.10360076828971065,-6034.173883125694,-5209.939944321505,1760.2304498050762,0.4444444444444444,0.0,0.3,0.9949445001304044,0.9635715686491639,1.0,-0.06690145756658258,0.0005822215229991314
6.45,22.713917624771934,1.7881464721792866,22.784194558309327,-2.0941153097080694,-0.43267851292555337,-0.174,0.27336607612927444,-9.405547503483202,128.85483590765028,-88.85708764690973,0.07856267324134038,0.22882801744829911,0.10400019040711911,-6034.233920766528,-5215.4952813272275,1760.8732134848137,0.4444444444444444,0.0,0.3,0.9949767960986908,0.9645067536183886,1.0,-0.06693487131030161,0.0005836254546438304
6.466666666666667,22.70553491937445,1.7953317353447737,22.77640296479821,-2.101336953960697,-0.43366342681076314,-0.174,0.27402495742246413,-9.41032154595809,128.69002243603035,-89.19910265905469,0.07890605455455972,0.22910632241880244,0.10440755990987156,-6034.304783930789,-5221.121211985646,1761.5218909277814,0.4444444444444444,0.0,0.3,0.9950109204100136,0.9654539450384955,1.0,-0.0669688459320414,0.0005850321394078621
6.483333333333333,22.697081878646923,1.80273467305624,22.76856117780484,-2.1085744027086433,-0.4345896734979071,-0.174,0.2746853692750485,-9.415157924082624,128.5229165874129,-89.53985829199102,0.07925944570579226,0.22939803035521858,0.10482181195934047,-6034.385390529567,-5226.799428085314,1762.1765062258007,0.4444444444444444,0.0,0.3,0.9950467030492498,0.9664100968937019,1.0,-0.06700326416737049,0.0005864420918539529
6.5,22.688558600279478,1.8103313945131354,22.760667633359873,-2.1158266757980573,-0.4354570471927636,-0.174,0.27534754308703246,-9.420040813200318,128.35352628918966,-89.87933744691378,0.07962181274895229,0.22970211919984704,0.10524189774046273,-6034.4746666924175,-5232.512448666589,1762.837068287713,0.4444444444444444,0.0,0.3,0.9950839750248852,0.9673722993705435,1.0,-0.06703801339962881,0.0005878558060117025
6.516666666666667,22.679965374388438,1.8180982508721988,22.752720950103594,-2.123092791395584,-0.43626550892448374,-0.174,0.27601169954703464,-9.42495507740069,128.18185960468062,-90.21752303494725,0.07999213046075394,0.23001756595485542,0.10566678636039736,-6034.5715525694195,-5238.24365532416,1763.5035710956934,0.4444444444444444,0.0,0.3,0.9951225692877608,0.9683377848030454,1.0,-0.06707298591363875,0.0005892737530423358
6.533333333333333,22.671302678916422,1.826011886072806,22.74471992720777,-2.13037176866675,-0.43701517673147317,-0.174,0.27667804764181037,-9.429886296220875,128.00792473593273,-90.55439798268847,0.0803693845655648,0.23034334947756513,0.10609546654651476,-6034.675007577273,-5243.9773168292895,1764.175993997561,0.4444444444444444,0.0,0.3,0.9951623215616918,0.9693039318550322,1.0,-0.06710807908572786,0.0005906963791240761
6.55,22.66257117461425,1.8340492834234299,22.736663541920187,-2.137662630289371,-0.4377063157244694,-0.174,0.2773467837739966,-9.434820783045332,127.83173002621463,-90.88994523771792,0.08075257377888,0.23067845310176877,0.10652694815334376,-6034.784015078584,-5249.69860392273,1764.8543020324191,0.4444444444444444,0.0,0.3,0.9952030710843416,0.97026826807794,1.0,-0.067143195514671,0.0005921241035685657
6.566666666666666,22.653771699642498,1.8421878080574277,22.728550946764706,-2.1449644048009597,-0.43833932812474025,-0.174,0.27801809099122743,-9.439745595890434,127.65328396220862,-91.22414777406127,0.08114071167407719,0.23102186708398798,0.10696026348878018,-6034.89758649242,-5255.393595167905,1765.538446286923,0.4444444444444444,0.0,0.3,0.9952446612581467,0.9712284709891215,1.0,-0.06717824309843921,0.0005935573171750584
6.583333333333333,22.64490526383068,1.8504052453899371,22.720381466428616,-2.15227612878065,-0.4389147433650338,-0.174,0.27869213832809014,-9.44464854128331,127.4725951759041,-91.55698859758706,0.08153282837813916,0.23137259087520737,0.10739446847033017,-6035.014764842468,-5261.04927477198,1766.2283642794528,0.4444444444444444,0.0,0.3,0.9952869402123912,0.9721823678188622,1.0,-0.06721313506180361,0.0005949963808255239
6.6,22.635973042631775,1.858679835727046,22.712154594368425,-2.1595968488675066,-0.43943320833062716,-0.174,0.27936908026083285,-9.449518171951706,127.28967244619746,-91.88845075132713,0.08192797210287373,0.23172963522006473,0.1078286436224404,-6035.134627756332,-5266.653523282286,1766.9239803694666,0.4444444444444444,0.0,0.3,0.995329761278663,0.9731279340745815,1.0,-0.06724778993989518,0.0005964416243204687
6.616666666666666,22.626976370809157,1.866990305193887,22.703869989163607,-2.1669256236182606,-0.4398954778077442,-0.174,0.2800490562733621,-9.454343779036376,127.10452470020601,-92.21851732070739,0.08232521051883393,0.23209202408673973,0.10826189492608505,-6035.256289935715,-5272.195102050008,1767.6252061893642,0.4444444444444444,0.0,0.3,0.9953729833829036,0.9740632910684024,1.0,-0.0672821315227841,0.0005978933454523607
6.633333333333333,22.617916735892074,1.875315893160208,22.695527470646855,-2.1742615252085447,-0.4403024051968766,-0.174,0.28073219053182763,-9.459115379521018,126.91716101430455,-92.54717143867859,0.08272363197965721,0.23245879643186987,0.1086933545317513,-6035.3789051223475,-5277.663632324844,1768.331941096228,0.4444444444444444,0.0,0.3,0.9954164713580579,0.9749867025498905,1.0,-0.06731608876602437,0.0005993518093108798
6.6499999999999995,22.608795771434774,1.8836363763506005,22.687127015837817,-2.1816036409825537,-0.4406549335392625,-0.174,0.2814185916640407,-9.463823699549422,126.72759061489401,-92.87439629073748,0.08312234660491513,0.23282900780573856,0.1091221813468193,-6035.501667588608,-5283.0495698057875,1769.0440726408942,0.4444444444444444,0.0,0.3,0.9954600961819752,0.9758965705796525,1.0,-0.06734959567192987,0.000600817247811985
6.666666666666667,22.599615250112826,1.8919320898322605,22.678668754705804,-2.188951074856775,-0.4409540868960474,-0.174,0.2821083526390952,-9.468460154267165,126.53582287891324,-93.2001751198304,0.08352048722981098,0.23320173180373793,0.10954756150808267,-6035.623813184884,-5288.344175426855,1769.7614770518971,0.4444444444444444,0.0,0.3,0.9955037351456848,0.9767914307720781,1.0,-0.06738259114611712,0.0006022898594409107
6.683333333333334,22.590377076688856,1.9001839450762352,22.670152965785537,-2.1963029485840044,-0.4412009621115306,-0.174,0.28280155074184543,-9.473016824787273,126.34186733410516,-93.5244912311324,0.08391721023019197,0.23357606137071385,0.10996870874982566,-6035.744619977878,-5293.539483104418,1770.4840197319347,0.4444444444444444,0.0,0.3,0.9955472719575088,0.9776699470271013,1.0,-0.06741501883358071,0.0006037698091976776
6.7,22.58108328087808,1.9083734452888863,22.661580071668332,-2.203658402884304,-0.44139672098442756,-0.174,0.2834982476363328,-9.47748643283761,126.14573365904953,-93.84732799669588,0.08431169623137412,0.2339511099652721,0.11038486467747514,-6035.863408515444,-5298.628265116839,1771.2115557646155,0.4444444444444444,0.0,0.3,0.9955905967886739,0.9785309058618202,1.0,-0.06744682693827063,0.0006052572287325062
6.716666666666667,22.571736010142345,1.9164826982090921,22.652950634389583,-2.2110165984498953,-0.4415425828642849,-0.174,0.28419848951186877,-9.481862313603806,125.94743168297461,-94.16866885996453,0.08470315070922112,0.23432601259146518,0.11079529895639921,-6035.979541754087,-5303.603995729041,1771.9439304293755,0.4444444444444444,0.0,0.3,0.9956336062661681,0.9793732104433667,1.0,-0.06747796802982815,0.0006067522166576981
6.733333333333333,22.562337522439513,1.924494426563792,22.644265350731896,-2.2183767168311856,-0.44163981768406335,-0.174,0.28490230730518706,-9.486138387235949,125.7469713853608,-94.48849734014831,0.08509080449178756,0.2346999267055092,0.11119930942493789,-6036.092424685288,-5308.460813615674,1772.6809797225822,0.4444444444444444,0.0,0.3,0.9956762034185781,0.9801958744148328,1.0,-0.06750839884081228,0.0006082548390219213
6.75,22.552890178953106,1.9323919763701274,22.63552504746155,-2.2257379612112778,-0.4416897394344586,-0.174,0.2856097169919618,-9.49030912944206,125.54436289534874,-94.80679703645708,0.08547391416964444,0.23507203300530707,0.11159622214024251,-6036.201503696138,-5313.193483578259,1773.4225308829725,0.4444444444444444,0.0,0.3,0.9957182975805275,0.9809980155965274,1.0,-0.0675380800574274,0.0006097651299325906
6.766666666666667,22.54339643682531,1.940159323266892,22.626730676514615,-2.2330995570763195,-0.44169370008073344,-0.174,0.28632071994092334,-9.494369541546183,125.33961649096521,-95.12355163219048,0.08585176242275919,0.2354415361105911,0.1119853913649734,-6036.306265698802,-5317.797357994719,1774.1684029197095,0.4444444444444444,0.0,0.3,0.9957598042611769,0.9817788496355213,1.0,-0.06756697610644055,0.0006112830923118894
6.783333333333333,22.53385884191443,1.9477810770515032,22.617883310147416,-2.2404607527890548,-0.4416530839186641,-0.174,0.2870353033238957,-9.49831512034545,125.1327425981793,-95.4387448986832,0.08622365827151693,0.23580766514145832,0.1123661995023738,-6036.406237061825,-5322.2683383849835,1774.918407141482,0.4444444444444444,0.0,0.3,0.9958006449819948,0.9825376836674536,1.0,-0.06759505494066852,0.0006128086987721838
6.8,22.524280021596155,1.9552424845914405,22.608984136064738,-2.247820820072819,-0.441569302362622,-0.174,0.28775344057517205,-9.502141828058885,124.92375178980181,-95.75236069910478,0.08658893725914911,0.23616967420296212,0.11273805698670425,-6036.500982374645,-5326.602837424558,1775.6723476851869,0.4444444444444444,0.0,0.3,0.9958407470887506,0.9832739100460642,1.0,-0.06762228782511741,0.0006143418925967703
6.816666666666666,22.514662677626028,1.962529431271271,22.60003445253773,-2.255179054413078,-0.4414437891557807,-0.174,0.2884750918939003,-9.505846062621028,124.71265478424012,-96.0643829921142,0.08694696157249283,0.23652684278325914,0.11310040213549817,-6036.590103074704,-5330.797741689322,1776.4300220428904,0.4444444444444444,0.0,0.3,0.9958800435423495,0.9839870001878972,1.0,-0.06764864912557636,0.0006158825888124482
6.833333333333333,22.50500957907887,1.969628441128113,22.591035663522213,-2.262534775383425,-0.44127799598991513,-0.174,0.28920020478335906,-9.509424628536939,124.49946244412067,-96.37479583536968,0.08729712010764037,0.2368784760725972,0.1134527009695819,-6036.673235964511,-5334.850375369841,1777.1912215858665,0.4444444444444444,0.0,0.3,0.9959184726928156,0.9846764985722058,1.0,-0.06767411610120624,0.0006174306753408526
6.85,22.495323555379144,1.976526675819866,22.581989273786828,-2.269887326902706,-0.44107338852020145,-0.174,0.28992871462133507,-9.512874708480766,124.28418577479093,-96.68358338889489,0.08763882848666583,0.23722390521017722,0.11379444700630373,-6036.750051643821,-5338.758465152145,1777.9557320846422,0.4444444444444444,0.0,0.3,0.9959559780403657,0.9853420169292466,1.0,-0.06769866870242001,0.000618986014216186
6.866666666666666,22.485607489434685,1.9832119325618474,22.57289688405936,-2.277236077429696,-0.4408314427587869,-0.174,0.2906605452561217,-9.51619383578905,124.06683592271193,-96.99072991830297,0.08797152903123376,0.2375624874656389,0.1141251610309343,-6036.820252879905,-5342.520106424501,1778.723334224098,0.4444444444444444,0.0,0.3,0.9959925079871758,0.9859832286439594,1.0,-0.06772228937513049,0.0006205484428576524
6.883333333333333,22.475864310884543,1.9896726411587287,22.563760186198333,-2.2845804201014492,-0.4405536418296349,-0.174,0.29139560962302724,-9.519379867971569,123.84742417375254,-97.29621979788033,0.08829469069851355,0.23789360636161325,0.11444439085073733,-6036.88357293669,-5346.1337309359515,1779.493804112777,0.4444444444444444,0.0,0.3,0.9960280155830892,0.9865998633964157,1.0,-0.06774496287223933,0.0006221177753856755
6.8999999999999995,22.46609698947055,1.9958978602499629,22.554580958396194,-2.291919772821168,-0.44024147306622163,-0.174,0.2921338103766077,-9.522430961337085,123.62596195139577,-97.6000375135322,0.0886078089844404,0.2382166717434574,0.11475171103576813,-6036.93977388141,-5349.598076002431,1780.2669137856524,0.4444444444444444,0.0,0.3,0.9960624582681716,0.9871917020554473,1.0,-0.06776667607306054,0.0006236938039716917
6.916666666666667,22.456308528540536,2.0018772728782857,22.54536106041926,-2.2992535783010886,-0.4398964254330191,-0.174,0.2928750405342483,-9.52534554680871,123.40246081486701,-97.90216766559267,0.08891040579898885,0.238531119801952,0.11504672265003758,-6036.9886448852985,-5352.912155329798,1781.042431699715,0.4444444444444444,0.0,0.3,0.9960957976146889,0.9877585718374449,1.0,-0.06778741781120963,0.0006252763002121694
6.933333333333334,22.446501958690078,2.0076011814824293,22.53610242888879,-2.3065813040655927,-0.4395199872513151,-0.174,0.2936191841270437,-9.528122306983684,123.17693245719393,-98.20259497150134,0.08920202931775487,0.23883641305439385,0.11532905297628174,-6037.030000532888,-5356.075231500067,1781.8201232218144,0.4444444444444444,0.0,0.3,0.9961279990707675,0.988300341738475,1.0,-0.0678071787113489,0.0006268650165182121
6.95,22.436680331548512,2.013060502406959,22.52680707260678,-2.3139024424194075,-0.4391136442097504,-0.174,0.2943661168543108,-9.530760154474939,122.94938870320664,-98.50130426835007,0.08948225381378273,0.23913204028916835,0.11559835523720088,-6037.063679152593,-5359.086790147192,1782.5997511082762,0.4444444444444444,0.0,0.3,0.9961590317077015,0.9888169182445218,1.0,-0.06782595103505445,0.0006284596875129169
6.966666666666667,22.426846713713783,2.018246760014136,22.517477067929306,-2.3212165103854328,-0.43867887763996677,-0.174,0.2951157067383954,-9.533258211556696,122.71984150748698,-98.79828051530224,0.08975067947322332,0.23941751647853712,0.11585430831567826,-6037.089541179514,-5361.946515831846,1783.381075975901,0.4444444444444444,0.0,0.3,0.9961888679725915,0.9893082413218259,1.0,-0.0678437285359635,0.0006300600314293595
6.983333333333333,22.41700418083989,2.0231520804750067,22.50811455418964,-2.328523049616413,-0.4382171630379251,-0.174,0.2958678147767797,-9.53561579112369,122.48830295227461,-99.09350879588776,0.09000693219807343,0.23969238266402984,0.11609661647615571,-6037.107467559737,-5364.6542696103215,1784.1638567639925,0.4444444444444444,0.0,0.3,0.9962174834477436,0.9897742806868832,1.0,-0.06786050632427003,0.000631665751502818
7.0,22.407155811879658,2.0277691853094577,22.49872172917259,-2.3358216262843516,-0.43772996881174286,-0.174,0.2966222955888118,-9.537832378962586,122.25478524533773,-99.38697432017696,0.09025066339892013,0.23995620581848837,0.11632500908902925,-6037.117358203965,-5367.210068280915,1784.9478511871584,0.4444444444444444,0.0,0.3,0.9962448566180224,0.9902150323536789,1.0,-0.06787628074055889,0.0006332765373515129
7.016666666666667,22.39730468348498,2.032091384737849,22.489300844641303,-2.3431118309512433,-0.4372187552372907,-0.174,0.2973789980546646,-9.539907617325298,122.01930071781509,-99.67866242683661,0.0904815497803024,0.24020857868847686,0.11653924035963538,-6037.119130496893,-5369.614065281584,1785.7328161786497,0.4444444444444444,0.0,0.3,0.9962709686471409,0.9906305154541069,1.0,-0.06789104923890465,0.0006348920663407595
7.033333333333333,22.387453864565835,2.0361125708999857,22.479854201916893,-2.350393278424392,-0.4366849736032515,-0.174,0.29813776594442276,-9.541841289786646,121.78186182203628,-99.96855858507101,0.09069929312100272,0.24044911962044652,0.11673908906312025,-6037.112717867604,-5371.86653320503,1786.5185083240665,0.4444444444444444,0.0,0.3,0.9962958031636716,0.9910207693262322,1.0,-0.06790481027911084,0.0006365120049260425
7.05,22.377606411008856,2.0398272109906608,22.470384147511197,-2.357665607599299,-0.4361300655278739,-0.174,0.29889843853545217,-9.543633307362763,121.5424811293262,-100.25664839645155,0.09090362005129642,0.240677472373728,0.11692435828622727,-6037.09806842506,-5373.967847891572,1787.3046842853075,0.4444444444444444,0.0,0.3,0.9963193460574001,0.9913858508640483,1.0,-0.06791756322792097,0.0006381360099710749
7.066666666666666,22.367765360555712,2.04323034035474,22.46089306881234,-2.364928481292791,-0.4355554624302123,-0.174,0.29966085121642727,-9.545283695862368,121.30117132779947,-100.54291759663782,0.09109428182891173,0.24089330592311897,0.11709487517679203,-6037.075143661901,-5375.918474055828,1788.0911012146557,0.4444444444444444,0.0,0.3,0.996341585286484,0.9917258321216375,1.0,-0.06792930826900362,0.0006397637300373713
7.083333333333333,22.357933727841083,2.0463175555788187,22.451383389822638,-2.3721815860687885,-0.43496258513923786,-0.174,0.30042483607663095,-9.546792584439437,121.05794522015002,-100.82735205699326,0.09127105411519489,0.24109631425354,0.11725049070150553,-6037.043917228836,-5377.71895240028,1788.8775171589407,0.4444444444444444,0.0,0.3,0.9963625106957518,0.9920407981641203,1.0,-0.06794004632148704,0.0006413948066423796
7.1,22.34811449958963,2.0490850076108003,22.441857566948055,-2.3794246320588597,-0.43435284362480786,-0.174,0.30119022247931937,-9.548160195313491,120.81281572144108,-101.10993778609864,0.09143373675272413,0.24128621614894932,0.11739107941228916,-6037.004373781206,-5379.3698881669725,1789.6636914537346,0.4444444444444444,0.0,0.3,0.9963821138463578,0.9923308451574473,1.0,-0.06794977896680338,0.0006430288754835916
7.116666666666666,22.33831062997109,2.0515293949333278,22.43231808483811,-2.3866573527794066,-0.43372763683508514,-0.174,0.3019568376181314,-9.549386834622187,120.56579585689981,-101.39066093116598,0.09158215354538084,0.24146275497743536,0.11751653922142045,-6036.956507898652,-5380.871941077706,1790.449385107564,0.4444444444444444,0.0,0.3,0.9964003878569122,0.9925960786889156,1.0,-0.06795850838359078,0.0006446655676264544
7.133333333333333,22.32852503611232,2.053647956811855,22.422767452275203,-2.3938795049471255,-0.4330883526256,-0.174,0.30272450705567455,-9.55047288437001,120.3168987597208,-101.66950777935612,0.09171615204165857,0.24162569847414517,0.11762679118535409,-6036.900323078279,-5382.225816613072,1791.2343611761303,0.4444444444444444,0.0,0.3,0.9964173272561221,0.9928366123102629,1.0,-0.06796623729039605,0.0006463045106542294
7.1499999999999995,22.318760593764967,2.055438466633217,22.41320819811192,-2.401090868294106,-0.4324363677657314,-0.174,0.3034930552435642,-9.551418795436641,120.06613766888238,-101.94646475900254,0.09183560332177587,0.24177483852345794,0.11772177929699895,-6036.83583080125,-5383.43225858121,1792.018385126549,0.4444444444444444,0.0,0.3,0.9964329278469055,0.9930525662952534,1.0,-0.0679729688959185,0.0006479453297782551
7.166666666666667,22.309020133127238,2.0568992253458718,22.403642867254977,-2.408291245383715,-0.43177304800895283,-0.174,0.30426230602331517,-9.552225081608798,119.8135259269794,-102.22151844074408,0.09194040178895141,0.24190999094157428,0.11780147028603521,-6036.763049672367,-5384.492042928308,1792.8012251916225,0.4444444444444444,0.0,0.3,0.9964471865818866,0.9932440666038513,1.0,-0.06797870685653723,0.0006495876489073302
7.183333333333334,22.299306434818266,2.058029055008497,22.394074016694383,-2.415480461428203,-0.43109974821373226,-0.174,0.305032083107594,-9.552892314599902,119.55907697807544,-102.4946555385692,0.09203046496500313,0.242030995260463,0.1178658534266883,-6036.682004631867,-5385.405972744313,1793.5826527141624,0.4444444444444444,0.0,0.3,0.9964601014501288,0.9934112440452743,1.0,-0.0679834552408686,0.0006512310916751672
7.2,22.28962222600333,2.0588272924493447,22.384504211576274,-2.4226583641087354,-0.43041781250249483,-0.174,0.3058022105414425,-9.55342112002285,119.3028043655776,-102.76586291077416,0.09210573329024381,0.2421377145138897,0.11791494035221528,-6036.592726238467,-5386.174874419083,1794.362442481394,0.4444444444444444,0.0,0.3,0.9964716713749302,0.9935542336325219,1.0,-0.06798721850110626,0.0006528752824250866
7.216666666666667,22.279970176668368,2.0592937830346387,22.37493602131807,-2.429824823398357,-0.42972857444654894,-0.174,0.3065725131431497,-9.5538121742821,119.04472173013654,-103.03512756083738,0.09216616992746399,0.2422300350260409,0.11794876487520436,-6036.495250022407,-5386.799594906109,1795.1403730494485,0.4444444444444444,0.0,0.3,0.9964818961224692,0.9936731741212452,1.0,-0.06799000145090356,0.0006545198471512602
7.233333333333333,22.27035289604213,2.0594288745403846,22.36537201576452,-2.4369797313882056,-0.42903335726534086,-0.174,0.3073428169245451,-9.554066202352576,118.78484280757415,-103.30243663821214,0.09221176056961915,0.24230786620305872,0.1179673828126388,-6036.389615907204,-5387.2810000529025,1795.9162270579695,0.4444444444444444,0.0,0.3,0.996490776221075,0.993768207726157,1.0,-0.06799180924956708,0.0006561644143960201
7.25,22.260772929164396,2.059233411118161,22.355814761383307,-2.4441230021170908,-0.42833347402884187,-0.174,0.30811294949052814,-9.554183976413857,118.52318142684115,-103.56777743903972,0.09224251325067075,0.24237114032760815,0.11797087181453325,-6036.275867698603,-5387.619973959063,1796.689791534841,0.4444444444444444,0.0,0.3,0.9964983128908746,0.9938394800084689,1.0,-0.06799264739233682,0.0006578086161028379
7.266666666666667,22.251232753598774,2.058708727341856,22.346266817499078,-2.451254571404383,-0.42763022785228205,-0.174,0.30888274041771036,-9.554166315309432,118.25975150800649,-103.83113740678468,0.09225845815886931,0.2424198123564148,0.11795933119481124,-6036.154052639255,-5387.817419324937,1797.4608581910368,0.4444444444444444,0.0,0.3,0.9965045079835625,0.993887139928155,1.0,-0.06799252170653794,0.0006594520884247106
7.283333333333333,22.241734776288755,2.0578566423188045,22.336730732564877,-2.458374396685971,-0.4269249120728353,-0.174,0.3096520216120954,-9.554014084801707,117.9945670602805,-104.09250413279415,0.09225964745161278,0.24245385972053457,0.11793288176295727,-6036.0242210274755,-5387.874258755369,1798.2292237055822,0.4444444444444444,0.0,0.3,0.9965093639320267,0.9939113400550874,1.0,-0.06799143835339552,0.0006610944724877924
7.3,22.23228133055571,2.0566794538454536,22.327209040470017,-2.4654824568528837,-0.4262188103982261,-0.174,0.3104206276457494,-9.553728198594293,117.72764218007316,-104.35186535678272,0.09224615507086406,0.24247328212794694,0.11789166565484827,-6035.886425898552,-5387.791436984473,1798.9946900006084,0.4444444444444444,0.0,0.3,0.996512883709572,0.9939122369333171,1.0,-0.06798940383530971,0.0006627354151101726
7.316666666666666,22.222874673237794,2.0551799325844398,22.31770425688385,-2.472578752092012,-0.4255131970175824,-0.174,0.3111883960724735,-9.553309620093726,117.45899104908912,-104.6092089672441,0.09221807655796796,0.2424781013678997,0.11783584616104295,-6035.74072276691,-5387.569923988484,1799.757064506473,0.4444444444444444,0.0,0.3,0.9965150707984664,0.9938899915929492,1.0,-0.06798642500839314,0.0006643745694758229
7.333333333333333,22.21351698196878,2.053361316236884,22.308218875634903,-2.4796633037281968,-0.4248093366651928,-0.174,0.3119551677224811,-9.552759364883293,117.18862793246056,-104.86452300179111,0.092175528866569,0.2424683611162763,0.11776560755068695,-6035.587169427555,-5387.2107189544195,1800.5161604168843,0.4444444444444444,0.0,0.3,0.9965159291675503,0.9938447702041657,1.0,-0.06798250910007578,0.000666011595763723
7.35,22.20421035259614,2.051227303680753,22.29875536512527,-2.4867361540668034,-0.4241084846281621,-0.174,0.312720786976158,-9.552078503881388,116.91656717691913,-105.11779564742501,0.0921186501721999,0.24244412674110627,0.11768115488907654,-6035.425825815167,-5386.714855072623,1801.271796933989,0.4444444444444444,0.0,0.3,0.9965154632586412,0.993776744867996,1.0,-0.06797766373158172,0.0006676461617323253
7.366666666666666,22.19495679673774,2.048782049043295,22.28931616478031,-2.493797366235768,-0.42341188668928126,-0.174,0.3134851020169592,-9.551268167156824,116.64282320900766,-105.36901524073505,0.09204759967698285,0.2424054851071939,0.11758271384681308,-6035.25675391922,-5386.083405121116,1802.0237995033247,0.4444444444444444,0.0,0.3,0.9965136779814717,0.9936860945384027,1.0,-0.06797189694508081,0.0006692779432594806
7.383333333333333,22.185758239476826,2.046030155672883,22.279903681534098,-2.5008470240259317,-0.4227207789967629,-0.174,0.31424796506356045,-9.550329548372623,116.36741053333277,-105.61817026802908,0.0919625574077659,0.24235254437870107,0.11747053049837737,-6035.080017753523,-5385.317487808934,1802.7720000385634,0.4444444444444444,0.0,0.3,0.9965105787168993,0.99357300607012,1.0,-0.06796521723531308,0.0006709066248380723
7.3999999999999995,22.176616517195082,2.042976669973052,22.27052028635128,-2.5078852317283755,-0.42203638785283043,-0.174,0.3150092325813857,-9.54926390982883,116.09034373085879,-105.86524936539607,0.09186372400590222,0.24228543381838713,0.11734487110785527,-6034.895683378572,-5384.418274844517,1803.516237135932,0.4444444444444444,0.0,0.3,0.9965061713281264,0.9934376753864926,1.0,-0.06795763358547605,0.0006725319000276178
7.416666666666667,22.16753337554384,2.039627075059146,22.261168310786484,-2.514912113967314,-0.4213599294135063,-0.174,0.31576876547364896,-9.548072588073245,115.81163745724379,-106.11024131870087,0.09175132050677345,0.24220430358208228,0.11720602189945784,-6034.703818975062,-5383.3869986933105,1804.2563562781806,0.4444444444444444,0.0,0.3,0.9965004621796663,0.9932803087612403,1.0,-0.06794915550715366,0.0006741534718621364
7.433333333333334,22.158510467553636,2.0359872841957736,22.25185004358269,-2.5219278155269906,-0.42069260929232416,-0.174,0.31652642925209995,-9.546757000047032,115.53130644121802,-106.35313506351153,0.09162558810705898,0.2421093245068488,0.1170542888103989,-6034.504494966922,-5382.2249609863875,1804.9922100279725,0.4444444444444444,0.0,0.3,0.9964934581637908,0.9931011242076749,1.0,-0.06793979308405185,0.0006757710532146833
7.45,22.149549351882506,2.0320636339712785,22.242567727310337,-2.528932501170911,-0.42003562206109546,-0.174,0.31728209418765196,-9.545318649729568,115.24936548300515,-106.59391968495964,0.09148678791766345,0.24200068789117202,0.11688999722362388,-6034.29778419217,-5380.9335415388405,1805.723658210532,0.4444444444444444,0.0,0.3,0.9964851667341823,0.9929003529684003,1.0,-0.06792955701928656,0.0006773843671189345
7.466666666666667,22.140651491203666,2.0278628771636056,22.233323555049466,-2.5359263554516196,-0.41939015064131063,-0.174,0.3180356354411411,-9.543759135243922,114.96582945278676,-106.83258441753375,0.09133520070013294,0.2418786052654159,0.11671349167782519,-6034.083762119816,-5379.514207933006,1806.4505680853931,0.4444444444444444,0.0,0.3,0.996475595946514,0.9926782410978909,1.0,-0.06791845868595035,0.0006789931470483523
7.483333333333333,22.13181825073335,2.023392175250406,22.22411966711749,-2.5429095825091395,-0.4187573655802422,-0.174,0.3187869331744615,-9.54208015638087,114.68071328921008,-107.06911864480578,0.09117112658432175,0.24174330815067882,0.11652513555213496,-6033.86250711097,-5377.968525617267,1807.1728145070617,0.4444444444444444,0.0,0.3,0.9964647545056552,0.9924350511296484,1.0,-0.06790651018065712,0.0006805971371534545
7.5,22.119439353910245,2.0192135154578335,22.211411944140806,-2.5498831796535355,-0.41835676668895194,-0.23199999999999998,0.021350378831117567,-9.500114173985924,114.39406079075333,-107.30349840515423,0.09103451798600479,0.29961685321486947,0.11635664193675879,-6102.643543645138,-5327.333826109858,1808.0836551480402,0.4444444444444444,0.0,0.4,0.99807200692064,0.9943853058783546,1.0,-0.06760785796184945,4.558219047719876e-05
7.516666666666667,22.105723478771477,2.0150617903351407,22.19737562277976,-2.556858613200359,-0.41865026394583,-0.23199999999999998,0.021281109208858395,-9.503896038048863,114.10593103899684,-107.53569063996557,0.09090442875347499,0.299459395212205,0.11625739520118827,-6109.623147219847,-5323.759415518958,1809.2057045132362,0.4444444444444444,0.0,0.4,0.9987845481412461,0.994312368308517,1.0,-0.067634771715065,4.543430265089475e-05
7.533333333333333,22.09203709211346,2.010934602626748,22.183371268933822,-2.5638403781557377,-0.4190695576524436,-0.23199999999999998,0.02223138913248046,-9.504316719058487,113.81634084717717,-107.76568338730645,0.0907751559598525,0.29929226201450554,0.11616787491730628,-6110.903129256824,-5322.771987258692,1810.326990337445,0.4444444444444444,0.0,0.4,0.9990234640414969,0.9941789347521832,1.0,-0.0676377655045527,4.746311163961711e-05
7.55,22.07838149242868,2.0068839721907357,22.169404877060938,-2.570829799150665,-0.4195476336125081,-0.23199999999999998,0.02333634767229531,-9.503895530286375,113.52530534732662,-107.99346660259545,0.09064903324431149,0.29912389598995914,0.11608537402937097,-6111.260984809245,-5321.983406097044,1811.4471440814502,0.4444444444444444,0.0,0.4,0.9991186131191623,0.9940712853335261,1.0,-0.06763476810155747,4.982215318307863e-05
7.566666666666666,22.06475622677462,2.00293157655307,22.15547792866005,-2.5778275128001944,-0.42005438561323494,-0.23199999999999998,0.024497211682822928,-9.503174713111907,113.2328398340866,-108.21903051980077,0.09052704347935801,0.29895755516527134,0.11600889709272891,-6111.268850682188,-5321.316393481884,1812.5661800859023,0.4444444444444444,0.0,0.4,0.9991589602373138,0.9939813870314159,1.0,-0.06762963838371878,5.2300550632817226e-05
7.583333333333333,22.051160537270516,1.9990870679334187,22.14159050623182,-2.584833834432197,-0.4205754889537788,-0.23199999999999998,0.025680533220253765,-9.502350698173027,112.9389597127698,-108.44236553278648,0.09040963235527345,0.2987947471358352,0.11593794745214998,-6111.127247469783,-5320.734557809433,1813.6841509868343,0.4444444444444444,0.0,0.4,0.9991758249256946,0.993904716418221,1.0,-0.06762377425578031,5.482689398913887e-05
7.6,22.037593615377517,1.9953547181660638,22.12774215341085,-2.5918489235403754,-0.4211038960040894,-0.23199999999999998,0.02687297143253098,-9.501504701658403,112.64368048013186,-108.66346215252264,0.09029700468179015,0.29863619223050164,0.11587226797023838,-6110.9181262859665,-5320.21966824249,1814.8011164839793,0.4444444444444444,0.0,0.4,0.9991820405156991,0.9938388275464621,1.0,-0.06761775369527448,5.737270107547923e-05
7.616666666666666,22.024054654694517,1.9917362304092017,22.113932184134413,-2.598872861244222,-0.4216359952084287,-0.23199999999999998,0.02806870721350674,-9.5006726208101,112.34701771628195,-108.88231098968598,0.09018925002950812,0.29848224010125735,0.11581171379806791,-6110.677846800436,-5319.762385828598,1815.9171369827202,0.4444444444444444,0.0,0.4,0.9991833094057392,0.99378241725489,1.0,-0.06761183216604076,5.9925548336877734e-05
7.633333333333333,22.0105428629411,1.9882320103547897,22.10015981047121,-2.6059056871071977,-0.42216981463697756,-0.23199999999999998,0.02926508993736676,-9.499870812816628,112.04898708099756,-109.09890274731907,0.09008639960125867,0.29833306070871557,0.1157561904754251,-6110.423233020469,-5319.357852615501,1817.0322721796274,0.4444444444444444,0.0,0.4,0.9991822728348916,0.9937347902671487,1.0,-0.0676061260745199,6.247977679502275e-05
7.6499999999999995,21.997057465298845,1.9848417593591796,22.08642419997759,-2.6129474167668647,-0.4227041692721614,-0.23199999999999998,0.030460894956225504,-9.49910677675605,111.74960431191718,-109.31322821786165,0.0899884527810421,0.2981887341232242,0.11570562395352417,-6110.162234125203,-5319.003469086855,1818.1465806885187,0.4444444444444444,0.0,0.4,0.9991801800268403,0.9936955661385066,1.0,-0.06760068878813416,6.50327718764855e-05
7.666666666666667,21.983597705905947,1.9815647560480527,22.07272450282305,-2.6199980504196256,-0.4232382536544801,-0.23199999999999998,0.031655561851115066,-9.498383874278591,111.44888522356084,-109.52527828218217,0.08989538973599916,0.29804929325899826,0.11565994613991472,-6109.898644429985,-5318.6977524739,1819.2601198885968,0.4444444444444444,0.0,0.4,0.999177628174985,0.9936645220819119,1.0,-0.06759554423017189,6.758333710956194e-05
7.683333333333334,21.97016284895209,1.978399991895892,22.059059865221098,-2.6270575769299134,-0.42377144685444024,-0.23199999999999998,0.03284884488324791,-9.497703487753887,111.14684570671822,-109.73504390955574,0.08980717747535116,0.29791474434567766,0.1156190879796061,-6109.634283286635,-5318.439747690303,1820.372945819891,0.4444444444444444,0.0,0.4,0.9991749044428967,0.9936415097979586,1.0,-0.06759070223830958,7.013094785193494e-05
7.7,21.95675217967124,1.975346237748733,22.045429436472446,-2.634125975844942,-0.4243032191759893,-0.23199999999999998,0.034040648499610526,-9.497066024418908,110.84350172799695,-109.9425161581031,0.0897237728131677,0.2977850767878487,0.1155829761965835,-6109.370023872596,-5318.228724000286,1821.4851130895188,0.4444444444444444,0.0,0.4,0.9991721474269787,0.9936264119338621,1.0,-0.06758616571066182,7.267540010180689e-05
7.716666666666667,21.943365005287216,1.9724020776079956,22.03183237297833,-2.6412032184096916,-0.42483308772522976,-0.23199999999999998,0.035230948921031846,-9.49647138816039,110.53886932943578,-110.14768617546395,0.08964512386272966,0.2976602679495003,0.1155515318168358,-6109.1062840286,-5318.064019760717,1822.5966747817913,0.4444444444444444,0.0,0.4,0.99916942420437,0.9936191195382876,1.0,-0.06758193396323559,7.52166430916146e-05
7.733333333333333,21.93000065591833,1.9695659269330945,22.018267840797883,-2.6482892681083547,-0.425360595479572,-0.23199999999999998,0.03641975650996765,-9.495919202750194,110.23296462813856,-110.35054519959694,0.0895711708365656,0.2975402855102533,0.11552466956213174,-6108.843261729662,-5317.944963838465,1823.707682371177,0.4444444444444444,0.0,0.4,0.9991667672982569,0.9936195205602311,1.0,-0.06757800431859158,7.775469894477974e-05
7.75,21.91665848543935,1.9668360436897938,22.004735017494255,-2.6553840809853626,-0.4258853016620185,-0.23199999999999998,0.03760709763500536,-9.495408918398548,109.92580381590795,-110.55108455965508,0.08950184652144752,0.2974250886623868,0.1155022976727753,-6108.58104837447,-5317.870836683081,1824.8181856382437,0.4444444444444444,0.0,0.4,0.9991641924627073,0.9936274941303767,1.0,-0.06757437286413383,8.028962395716406e-05
7.766666666666667,21.90333787229833,1.9642105360696496,21.991233093623133,-2.6624876058677343,-0.42640677754914025,-0.23199999999999998,0.03879300590033585,-9.494939863426978,109.61740315886881,-110.74929567691149,0.08943707660468143,0.2973146287579953,0.11548431794475078,-6108.319683381532,-5317.840851904893,1825.9282325888053,0.4444444444444444,0.0,0.4,0.999161707252896,0.9936429078637767,1.0,-0.06757103481984159,8.282148987234835e-05
7.783333333333333,21.89003822028639,1.9616873687509708,21.977761274031437,-2.6695997845471555,-0.4269246048828315,-0.23199999999999998,0.039977517884710934,-9.494511270146809,109.30777899707607,-110.94517006572318,0.0893767799357909,0.29720884969901845,0.11547062587673723,-6108.059180531087,-5317.854148478942,1827.0378693764742,0.4444444444444444,0.0,0.4,0.9991593151593114,0.9936656167429568,1.0,-0.0675679847224345,8.535037478448008e-05
7.8,21.87675895925868,1.9592643685884292,21.96431877904537,-2.676720551949684,-0.42743837552035635,-0.23199999999999998,0.04116067105507948,-9.494122288656163,108.99694774410399,-111.13869933452615,0.08932086876352535,0.29710768821072236,0.11546111087581903,-6107.799540690097,-5317.909788488758,1828.1471402287993,0.4444444444444444,0.0,0.4,0.9991570176039959,0.9936954628324692,1.0,-0.06756521652355944,8.787635868397126e-05
7.816666666666666,21.86349954580523,1.956939230147353,21.95090484558473,-2.683849836306232,-0.4279476916628881,-0.23199999999999998,0.04234250273015905,-9.493771995021637,108.6849258866151,-111.32987518685806,0.0892692489669491,0.29701107406600646,0.11545565649658364,-6107.540757970528,-5318.006757793995,1829.2560873771345,0.4444444444444444,0.0,0.4,0.9991548149057531,0.9937322754363644,1.0,-0.0675627236480156,9.039952124476617e-05
7.833333333333333,21.850259463870394,1.9547095212728012,21.937518728220205,-2.6909875593298316,-0.4284521663430886,-0.23199999999999998,0.04352304955159325,-9.493459396890005,108.37172998390743,-111.51868942240579,0.08922182028920293,0.2969189302926542,0.11545414070084549,-6107.282822719956,-5318.143968274413,1830.3647509903828,0.4444444444444444,0.0,0.4,0.9991527067480235,0.9937758714968417,1.0,-0.0675604990336904,9.291994069528364e-05
7.85,21.8370382253199,1.9525726887750354,21.92415970018082,-2.6981336364022463,-0.4289514240165789,-0.23199999999999998,0.044702347201013626,-9.493183437958743,108.05737666743897,-111.70513393807595,0.08917847657764495,0.2968311733786539,0.11545643613132166,-6107.025722984364,-5318.320260952117,1831.4731691127324,0.4444444444444444,0.0,0.4,0.9991506924069147,0.9938260561287442,1.0,-0.06755853516337407,9.543769321435586e-05
7.866666666666666,21.823835370454557,1.950526064260873,21.91082705431414,-2.7052879767708053,-0.42944510118158336,-0.23199999999999998,0.045880430236747816,-9.492943001970602,107.74188264032853,-111.88920072908647,0.0891391060317261,0.296747713482509,0.11546241039554514,-6106.769445234518,-5318.534409625581,1832.5813776055045,0.4444444444444444,0.0,0.4,0.9991487708636616,0.9938826232341298,1.0,-0.06755682409318718,9.795285258260681e-05
7.883333333333333,21.810650468469866,1.9485668701153336,21.89752010399981,-2.712450483755497,-0.4299328469895185,-0.23199999999999998,0.047057331989214246,-9.492736916536137,107.42526467683187,-112.07088189007753,0.08910359145882292,0.29666845465149433,0.1154719263577406,-6106.513974738055,-5318.785124817884,1833.6894100932063,0.4444444444444444,0.0,0.4,0.999146940861523,0.9939453561665473,1.0,-0.06755535747978378,0.0001004654899591243
7.8999999999999995,21.797483117860903,1.9466922256259405,21.88423818401599,-2.719621054965976,-0.4304143238280201,-0.23199999999999998,0.048233084485649336,-9.49256395691783,107.10753962179305,-112.25016961624037,0.0890718105377027,0.29659329504888843,0.1154848424370946,-6106.259295761736,-5319.071057927602,1834.7972979138874,0.4444444444444444,0.0,0.4,0.9991452009360837,0.9940140284276663,1.0,-0.06755412660728126,0.00010297567372075552
7.916666666666667,21.784332946772015,1.944899153236307,21.870980651358,-2.726799582527904,-0.4308892078670841,-0.23199999999999998,0.049407718390009014,-9.492422849828795,106.78872439006962,-112.42705620446188,0.08904363608903425,0.29652212719027743,0.11550101291120128,-6106.005391692893,-5319.390805514612,1835.9050700738742,0.4444444444444444,0.0,0.4,0.9991435494329477,0.9940884043855664,1.0,-0.06755312241429387,0.00010548346933379927
7.933333333333334,21.771199613290968,1.9431845849129512,21.857746886008268,-2.7339859533179687,-0.43135718956356195,-0.23199999999999998,0.05058126295127674,-9.492312277261277,106.46883596593158,-112.60153405448344,0.08901893635223283,0.2964548381885693,0.1155202882236457,-6105.752245122997,-5319.742913675443,1837.0127532069491,0.4444444444444444,0.0,0.4,0.999141984519563,0.9941682400074208,1.0,-0.06755233552117845,0.00010798893924364565
7.95,21.75808280568733,1.9415453686081332,21.844536291656784,-2.7411800492068545,-0.4318179741215807,-0.23199999999999998,0.0517537459569648,-9.492230880342674,106.14789140243346,-112.77359567007238,0.08899757526787218,0.2963913100071312,0.11554251529478479,-6105.49983791394,-5320.125882474605,1838.1203715380368,0.4444444444444444,0.0,0.4,0.9991405041944184,0.9942532836011195,1.0,-0.06755175625747586,0.00011049214277550328
7.966666666666667,21.74498224259506,1.9399782748011163,21.831348296371317,-2.748381747309411,-0.4322712819077072,-0.23199999999999998,0.052925193690304906,-9.492177263208662,105.82590782075916,-112.94323366020393,0.08897941276487562,0.29633141972035454,0.11556753783484662,-6105.248151256895,-5320.538170404514,1839.2279468514364,0.4444444444444444,0.0,0.4,0.999139106295162,0.9943432765613497,1.0,-0.06755137468947423,0.00011299313604300288
7.983333333333333,21.731897673139382,1.9384800031002685,21.81818235321679,-2.755590920241269,-0.43271684882038935,-0.23199999999999998,0.0540956308904702,-9.492149996879705,105.50290240953899,-113.11044074025206,0.08896430505169535,0.2962750397808991,0.11559519665851249,-6104.997165728352,-5320.9781988503755,1840.3354984636355,0.4444444444444444,0.0,0.4,0.9991377885063667,0.9944379541162277,1.0,-0.06755118064779626,0.00011549197186327303
8.0,21.718828877008082,1.9370471888886656,21.805037940823254,-2.7628074363811397,-0.43315442661366255,-0.23199999999999998,0.055265080715556913,-9.49214762312613,105.17889242413915,-113.27520973318748,0.0889521049106974,0.29622203829284455,0.11562533000018234,-6104.746861345435,-5321.444356538668,1841.443043200732,0.4444444444444444,0.0,0.4,0.9991365483672741,0.9945370460709534,1.0,-0.06755116375490512,0.00011798869967790726
8.016666666666666,21.70577566446767,1.9356764099962407,21.7919145639022,-2.770031160138027,-0.4335837831754293,-0.23199999999999998,0.056433564708255,-9.492168658306706,104.85389518592287,-113.43753357078062,0.08894266199498325,0.29617227928997164,0.11565777382915898,-6104.497217621361,-5321.935003949698,1842.5505953804693,0.4444444444444444,0.0,0.4,0.9991353832796563,0.9946402775452463,1.0,-0.06755131345242187,0.00012048336547967252
8.033333333333333,21.692737876324784,1.9343641933820048,21.778811753710862,-2.77726195222262,-0.4340047027608675,-0.23199999999999998,0.05760110276422403,-9.49221159716633,104.5279280814835,-113.59740529480814,0.08893582312689877,0.2961256230183978,0.1156923621640193,-6104.248213621333,-5322.448477676129,1843.6581667988903,0.4444444444444444,0.0,0.4,0.9991342905158419,0.9947473697015673,1.0,-0.06755161902815172,0.00012297601174499282
8.05,21.679715383833518,1.9331070218104078,21.7657290684645,-2.7844996699221043,-0.434416986181732,-0.23199999999999998,0.05876771310322748,-9.49227491657906,104.20100856184949,-113.75481805826102,0.08893143259750168,0.2960819262227995,0.11572892738547637,-6103.999828018851,-5322.983094710822,1844.7657667215994,0.4444444444444444,0.0,0.4,0.9991332672269043,0.9948580404613553,1.0,-0.06755206964272158,0.00012546667737232215
8.066666666666666,21.66670808854927,1.9319013405065146,21.75266609369659,-2.7917441673776873,-0.4348204509524882,-0.23199999999999998,0.05993341224310289,-9.492357079223659,103.87315414166106,-113.90976512655234,0.08892933246628502,0.2960410424354695,0.11576730054707066,-6103.752039152313,-5323.537156648661,1845.8734018796101,0.4444444444444444,0.0,0.4,0.9991323104509964,0.9949720052067454,1.0,-0.06755265435573703,0.0001279553976265719
8.083333333333334,21.653715922130054,1.9307435637753114,21.73962244256713,-2.798995295864112,-0.4352149313943792,-0.23199999999999998,0.061098214976644694,-9.492456537179978,103.54438239831904,-114.06223987872305,0.08892936286047894,0.2960028222674716,0.11580731168306613,-6103.504825081688,-5324.108953788427,1846.98107646975,0.4444444444444444,0.0,0.4,0.9991314171217968,0.9950889774654514,1.0,-0.0675533621513762,0.00013044220408975658
8.1,21.640738846086123,1.9296300815711365,21.72659775611923,-2.8062529040704822,-0.4356002786986618,-0.23199999999999998,0.06226213435147343,-9.492571735435364,103.21471097110579,-114.21223580864408,0.08893136227328223,0.29596711370117534,0.1158487901129619,-6103.258163645062,-5324.6967691221535,1848.0887921595813,0.4444444444444444,0.0,0.4,0.9991305840770381,0.9952086695767358,1.0,-0.0675541819633432,0.00013292712461801537
8.116666666666667,21.62777685147902,1.9285572660039405,21.71359170348444,-2.8135168383817266,-0.43597636095037307,-0.23199999999999998,0.06342518165296629,-9.492701115291581,102.88415756027851,-114.35974652621282,0.0889351678604048,0.2959337623834759,0.11589156474206938,-6103.012032514805,-5325.298882200781,1849.1965480967883,0.4444444444444444,0.0,0.4,0.9991298080670781,0.9953307933366142,1.0,-0.06755510269911352,0.00013541018330516955
8.133333333333333,21.614829958571114,1.9275214777697998,21.700603982037165,-2.8207869431600625,-0.43634306311409277,-0.23199999999999998,0.06458736639031515,-9.492843117663645,102.55273992613554,-114.50476575854259,0.08894061573433247,0.29590261191902834,0.11593546435764158,-6102.766409253124,-5325.913572866327,1850.3043409229724,0.4444444444444444,0.0,0.4,0.9991290857634789,0.995455060620674,1.0,-0.06755611326341042,0.0001378914004529571
8.15,21.601898216426942,1.9265190724938568,21.687634317498812,-2.8280630610258406,-0.43670028698325786,-0.23199999999999998,0.06574869628576119,-9.492996186263268,102.2204758880557,-114.64728735114328,0.08894754125575734,0.29587350416284874,0.11598031792007756,-6102.521271366816,-5326.539124842142,1851.4121647917866,0.4444444444444444,0.0,0.4,0.9991284137675642,0.9955811839831175,1.0,-0.0675572025808599,0.00014037079254804882
8.166666666666666,21.588981702467585,1.9255464069746095,21.674682463992248,-2.8353450331371772,-0.43704795109466205,-0.23199999999999998,0.0669091772670668,-9.493158770660617,101.88738332351133,-114.78730526909158,0.08895577932164907,0.2958462795116662,0.11602595484876481,-6102.276596360973,-5327.173829174223,1852.520011391335,0.4444444444444444,0.0,0.4,0.999127788618916,0.9957088772308667,1.0,-0.06755835961777983,0.00014284837224597636
8.183333333333334,21.576080521979563,1.924599845319224,21.661748204047353,-2.8426326994678197,-0.43738599060983185,-0.23199999999999998,0.06806881346325444,-9.493329329219131,101.55348016705555,-114.92481359818936,0.08896516464947453,0.29582077719343364,0.1160722053021554,-6102.032361791461,-5327.815987517829,1853.6278699707532,0.4444444444444444,0.0,0.4,0.9991272068037849,0.9958378559717832,1.0,-0.06755957340306566,0.00014532414836203474
8.2,21.563194807579706,1.9236757649603091,21.64883134855847,-2.8499258990826997,-0.43771435716501866,-0.23199999999999998,0.06922760720364707,-9.493506331899292,101.21878440928442,-115.05980654610866,0.08897553205710616,0.2957968355544377,0.11611890045171082,-6101.788545315996,-5328.463915264979,1854.7357273708742,0.4444444444444444,0.0,0.4,0.9991266647633821,0.995967838136274,1.0,-0.06756083304814361,0.00014779812586923372
8.216666666666667,21.550324718637466,1.9227705625453282,21.635931736694584,-2.8572244704106806,-0.43803301869157735,-0.23199999999999998,0.07038555902023347,-9.493688262928188,100.88331409577434,-115.19227844352177,0.08898671673799176,0.29577429234347663,0.11616587274938338,-6101.545124743649,-5329.115944509615,1855.843568058892,0.4444444444444444,0.0,0.4,0.9991261589020309,0.9960985444717615,1.0,-0.0675621277659686,0.00015027030590334777
8.233333333333333,21.537470440656417,1.9218806596905729,21.623049235763247,-2.8645282515140154,-0.4383419592085216,-0.23199999999999998,0.07154266765336692,-9.493873623332691,100.54708732599583,-115.32222374521528,0.08899855453118967,0.2957529849926064,0.11621295618833644,-6101.302078082607,-5329.770426848429,1856.9513741669073,0.4444444444444444,0.0,0.4,0.9991256855951481,0.9962296990096879,1.0,-0.06756344688905175,0.0001527406857750823
8.25,21.524632184616465,1.921002508592347,21.610183741029253,-2.8718370803540747,-0.4386411785890539,-0.23199999999999998,0.0726989300607992,-9.494060933335017,100.21012225220407,-115.44963703118663,0.08901088218590644,0.2957327508939858,0.11625998655663838,-6101.0593835861,-5330.425736016467,1858.059125534251,0.4444444444444444,0.0,0.4,0.9991252411970374,0.9963610295049166,1.0,-0.06756477988650843,0.00015520925898936114
8.266666666666666,21.511810186278613,1.9201325974887113,21.597335175489107,-2.8791507950529303,-0.43893069230286075,-0.23199999999999998,0.07385434143004144,-9.494248734610284,99.87243707830724,-115.57451300772182,0.08902353762020296,0.29571342767238123,0.11630680168369627,-6100.8170197963345,-5331.080270357642,1859.1667997534673,0.4444444444444444,0.0,0.4,0.9991248220484744,0.9964922678475621,1.0,-0.06756611638012427,0.00015767601527171625
8.283333333333333,21.49900470545391,1.9192674559658378,21.58450348960242,-2.8864692341504052,-0.439210531135951,-0.23199999999999998,0.07500889519403675,-9.494435592406493,99.53405005871335,-115.69684650845348,0.0890363601735671,0.29569485345292473,0.11635324167922513,-6100.574965586361,-5331.732455131341,1860.2743722198363,0.4444444444444444,0.0,0.4,0.9991244244840665,0.9966231504474505,1.0,-0.06756744615944205,0.00016014094060174826
8.3,21.4862160252385,1.9184036601036796,21.571688660981433,-2.8937922368562394,-0.4394807408897854,-0.23199999999999998,0.07616258305011425,-9.49462009752816,99.19497949715648,-115.81663249539768,0.08904919085307836,0.2956768671237471,0.11639914916457667,-6100.333200199774,-5332.380744657168,1861.381816184309,0.4444444444444444,0.0,0.4,0.9991240448393707,0.9967534185915565,1.0,-0.06756875919587829,0.00016260401725359252
8.316666666666666,21.47344445121651,1.9175378374563044,21.558890694039842,-2.9011196432970365,-0.43974138206141417,-0.23199999999999998,0.07731539498218643,-9.494800868185441,98.85524374550354,-115.93386605996903,0.08906187257291918,0.29565930859313866,0.11644436949627768,-6100.091703288185,-5333.0236243007075,1862.4891028097234,0.4444444444444444,0.0,0.4,0.9991236794577607,0.9968828187749039,1.0,-0.0675700456558826,0.00016506522384330955
8.333333333333334,21.460690310632646,1.9166666718628518,21.546109619602138,-2.9084512947577013,-0.4399925295062922,-0.23199999999999998,0.07846731928614648,-9.494976551711336,98.5148612025421,-116.04854242397255,0.0890742503870139,0.2956420190409204,0.11648875098165407,-6099.8504549464105,-5333.659612303964,1863.5962012301707,0.4444444444444444,0.0,0.4,0.999123324697028,0.9970111030055466,1.0,-0.06757129591315818,0.00016752453538310732
8.35,21.44795395153645,1.915786908085653,21.533345494474855,-2.9157870339170886,-0.44023427208539323,-0.23199999999999998,0.07961834259841127,-9.49514582615002,98.17385031275056,-116.16065694057185,0.08908617171460192,0.2956248411637345,0.11653214508643807,-6099.6094357453485,-5334.28726146482,1864.7030786133746,0.4444444444444444,0.0,0.4,0.999122976935716,0.9971380290843518,1.0,-0.06757250055996532,0.00016998192334227938
8.366666666666667,21.43523574189999,1.9148953562726054,21.52059840098089,-2.9231267050776246,-0.4404667122981836,-0.23199999999999998,0.0807684499275344,-9.495307401719916,97.83222956505176,-116.27020509523254,0.08909748655857633,0.29560761941399316,0.11657440663427901,-6099.368626762501,-5334.905160670387,1865.8097002259358,0.4444444444444444,0.0,0.4,0.9991226325791727,0.9972633608604062,1.0,-0.0675736504175333,0.0001724373557146973
8.383333333333333,21.422536068710976,1.9139888962414127,21.507868446458335,-2.930470154388674,-0.44068996590295606,-0.23199999999999998,0.08191762468882957,-9.49546002215557,97.49001749155063,-116.37718250664018,0.0891080477164417,0.2955902002322499,0.11661539399809676,-6099.128009610156,-5335.511936289735,1866.9160295013078,0.4444444444444444,0.0,0.4,0.9991222880653268,0.9973868684629613,1.0,-0.06757473654560994,0.00017489079709273042
8.4,21.409855337043147,1.9130644815837856,21.495155762725062,-2.937817230063463,-0.4409041615259526,-0.23199999999999998,0.08306584874192113,-9.495602465932777,97.14723266625731,-116.48158492759214,0.08911771098376658,0.29557243227278324,0.11665496928323515,-6098.887566461218,-5336.106253431889,1868.022028110357,0.4444444444444444,0.0,0.4,0.9991219398701764,0.9975083285108997,1.0,-0.06757575025118027,0.00017734220874741444
8.416666666666666,21.39719396910592,1.9121191435881513,21.482460505510513,-2.9451677825893836,-0.4411094402606346,-0.23199999999999998,0.08421310243112134,-9.495733547381667,96.80389370379663,-116.58340824586263,0.08912633535002593,0.2955541666222061,0.11669299850238873,-6098.6472800727115,-5336.686817075315,1869.1276560343563,0.4444444444444444,0.0,0.4,0.999121584513,0.9976275243007613,1.0,-0.06757668309638779,0.00017979154871465547
8.433333333333334,21.3845524032751,1.9111499949798358,21.469782853856028,-2.952521664931527,-0.44130595525838257,-0.23199999999999998,0.08535936462855032,-9.495852117692863,96.4600192581051,-116.68264848504046,0.08913378318674735,0.29553525701094024,0.11672935174229049,-6098.407133806985,-5337.252373075486,1870.2328716402649,0.4444444444444444,0.0,0.4,0.9991212185612804,0.9977442459744329,1.0,-0.06757752690569481,0.0001822387718872892
8.45,21.37193109310666,1.910154233478075,21.457123009485066,-2.959878732729317,-0.44149387131182843,-0.23199999999999998,0.08650461277989308,-9.49595706582185,96.11562802111628,-116.77930180533895,0.0891399204278925,0.2955155600174116,0.11676390332216109,-6098.167111650652,-5337.801709057315,1871.3376317581497,0.4444444444444444,0.0,0.4,0.9991208386353543,0.9978582906676251,1.0,-0.06757827377231852,0.00018468383011277048
8.466666666666667,21.359330506335375,1.909129145169552,21.44448119614473,-2.9672388444861335,-0.4416733644319452,-0.23199999999999998,0.08764882295267562,-9.496047319297087,95.77073872143582,-116.87336450437759,0.08914461674241986,0.2954949352648486,0.11679653194393191,-6097.927198231332,-5338.333655199387,1872.4418917605894,0.4444444444444444,0.0,0.4,0.9991204414127858,0.9979694626403002,1.0,-0.06757891606398182,0.00018712667229624067
8.483333333333333,21.3467511238603,1.9080721076984863,21.431857658920002,-2.97460186175183,-0.4418446214199352,-0.23199999999999998,0.08879196988695959,-9.496121844937225,95.4253701230073,-116.9648330179351,0.08914774569898987,0.2954732456105798,0.11682712083426224,-6097.68737883223,-5338.847084917079,1873.5456056439227,0.4444444444444444,0.0,0.4,0.9991200236324723,0.9980775733902275,1.0,-0.06757944642801753,0.00018956724450875861
8.5,21.33419343871887,1.9069805932735784,21.41925266352207,-2.9819676492980753,-0.4420078394348787,-0.23199999999999998,0.08993402704831122,-9.496179649483114,95.07954102376955,-117.05370392067361,0.08914918492278573,0.29545035732774777,0.11685555787838049,-6097.447639404641,-5339.340915451638,1874.648726111169,0.4444444444444444,0.0,0.4,0.9991195820984883,0.9981824417508428,1.0,-0.067579857795866,0.00019200549010038752
8.516666666666666,21.321657955051453,1.9058521714923742,21.40666649555206,-2.9893360752864466,-0.4421632255580233,-0.23199999999999998,0.09107496668295179,-9.496219780150145,94.73327025430707,-117.13997392683345,0.08914881624443506,0.2954261402793702,0.11688173574578618,-6097.207966578448,-5339.814108372342,1875.7512046564989,0.4444444444444444,0.0,0.4,0.999119113683677,0.9982838939746028,1.0,-0.06758014338700595,0.00019444134981793846
8.533333333333333,21.309145187058263,1.9046845119838376,21.394099459741685,-2.9967070114292382,-0.4423109963545111,-0.23199999999999998,0.09221475987492023,-9.496241325106464,94.38657667649417,-117.22363989089888,0.08914652584102678,0.29540046808469667,0.11690555200785317,-6096.968347670682,-5340.26566999874,1876.8529916510743,0.4444444444444444,0.0,0.4,0.9991186153329958,0.9983817638029931,1.0,-0.06758029671235762,0.00019687476192701067
8.55,21.29665565795035,1.9034753868701069,21.38155187917212,-3.004080333142943,-0.44245137743326574,-0.23199999999999998,0.09335337660514442,-9.496243413882597,94.03947918213419,-117.30469880823402,0.08914220436922683,0.2953732182778204,0.11692690924738028,-6096.72877069226,-5340.694651749926,1877.9540364301265,0.4444444444444444,0.0,0.4,0.9991180840666278,0.9984758925243529,1.0,-0.06758031157719792,0.00019930566233810598
8.566666666666666,21.284189898896425,1.902222673048591,21.369024094472465,-3.0114559196943875,-0.44258460300567987,-0.23199999999999998,0.09449078581226711,-9.496225217717827,93.69199669159457,-117.38314781568934,0.08913574709050405,0.29534427245851747,0.1169457151601381,-6096.489224352959,-5341.100150427587,1879.0542873811175,0.4444444444444444,0.0,0.4,0.9991175169828685,0.9985661290206312,1.0,-0.06758018208362546,0.00020173398473648994
8.583333333333334,21.27174844796734,1.9009243542956902,21.35651646299919,-3.0188336543395025,-0.44271091544367064,-0.23199999999999998,0.09562695545508981,-9.496185949848629,93.34414815243916,-117.45898419217839,0.0891270539884829,0.2953135164352982,0.11696188264846206,-6096.24969806475,-5341.481308439425,1880.1536920328313,0.4444444444444444,0.0,0.4,0.9991169112607982,0.9986523298041797,1.0,-0.06757990263261313,0.00020415966071550697
8.6,21.259331849079828,1.899578523193547,21.344029357997943,-3.0262134244547263,-0.44283056483759775,-0.23199999999999998,0.0967618525764864,-9.49612486574423,92.99595253805849,-117.53220535922496,0.08911602987844566,0.29528084036066204,0.11697532990694322,-6096.0101819435695,-5341.837313969297,1881.2521971452497,0.4444444444444444,0.0,0.4,0.9991162641627518,0.9987343590456278,1.0,-0.06757946792568453,0.00020658261991303312
8.616666666666667,21.24694065094126,1.8981833828813253,21.331563167749028,-3.0335951216610435,-0.44294380855446785,-0.23199999999999998,0.09789544336865452,-9.496041263294174,92.64742884629906,-117.60280888148053,0.08910258450901061,0.29524613885855916,0.11698598050026807,-6095.770666809635,-5342.1674011001405,1882.3497488000687,0.4444444444444444,0.0,0.4,0.9991155730365973,0.9988120885938571,1.0,-0.06757887296624876,0.00020900279015078534
8.633333333333333,21.234575405997013,1.896737248632584,21.31911829469792,-3.040978641940666,-0.44305091079678394,-0.23199999999999998,0.09902769323953742,-9.495934482952629,92.29859609809283,-117.67079246721238,0.08908663265601557,0.29520931114406573,0.11699376343325801,-6095.531144186421,-5342.470849895531,1883.4462924917036,0.4444444444444444,0.0,0.4,0.9991148353178343,0.998885397989039,1.0,-0.0675781130606274,0.00021142009757612934
8.65,21.222236669382106,1.89523854926036,21.306695154572164,-3.04836388574637,-0.4431521421623347,-0.23199999999999998,0.10015856688028002,-9.49580390784381,91.94947333608765,-117.73615396876215,0.08906809420863887,0.29517026113528877,0.11699861321315701,-6095.291606298376,-5342.746986445292,1884.5417732186384,0.4444444444444444,0.0,0.4,0.9991140485315266,0.9989541744696415,1.0,-0.06757718381880476,0.00021383446680609555
8.666666666666666,21.209924997878595,1.893685828351614,21.294294175485955,-3.0557507581035113,-0.4432477792051608,-0.23199999999999998,0.1012880283335742,-9.495648963832762,91.60007962327973,-117.79889138297527,0.08904689424779082,0.2951288975575201,0.11700046990421482,-6095.052046067491,-5342.995182880343,1885.636135574985,0.4444444444444444,0.0,0.4,0.9991132102940748,0.9990183129742621,1.0,-0.06757608115493155,0.00021624582107329358
8.683333333333334,21.197640948880363,1.892077745332696,21.281915797033708,-3.063139168704732,-0.4433381039978787,-0.23199999999999998,0.1024160410627335,-9.495469119565398,91.25043404164893,-117.85900285160143,0.08902296311680975,0.29508513403966286,0.11699927917460971,-6094.81245710883,-5343.214857361568,1886.7293238420987,0.4444444444444444,0.0,0.4,0.9991123183148485,0.9990777161390817,1.0,-0.06757480128760991,0.0002186540823733837
8.7,21.18538507936675,1.8904130763674993,21.269560469373985,-3.0705290319973937,-0.4434234036954932,-0.23199999999999998,0.10354256802134931,-9.495263886481348,90.90055569079803,-117.91648666166626,0.08899623648449653,0.2950388892029586,0.11699499233575161,-6094.57283372512,-5343.405474047071,1887.821282080117,0.4444444444444444,0.0,0.4,0.9991113703976822,0.9991322942916648,1.0,-0.06757334073998475,0.00022105917161379028
8.716666666666667,21.17315794488649,1.8886907150899535,21.257228652305006,-3.077920267263755,-0.443503970100784,-0.23199999999999998,0.10466757172339236,-9.495032818803061,90.55046368659649,-117.97134124581446,0.08896665540052102,0.2949900867420433,0.11698756637400393,-6094.333170900484,-5343.566543041894,1888.9119542192839,0.4444444444444444,0.0,0.4,0.9991103644422513,0.9991819654417786,1.0,-0.06757169633966628,0.00022346100876336538
8.733333333333333,21.160960098553414,1.8869096731724806,21.24492081433305,-3.0853127986939195,-0.4435800992313076,-0.23199999999999998,0.10579101431359472,-9.494775513504003,90.20017715982995,-118.02356518262494,0.08893416634323305,0.2949386554983643,0.11697696397485764,-6094.093464293435,-5343.69762033375,1890.0012841509179,0.4444444444444444,0.0,0.4,0.9991092984453352,0.9992266552698238,1.0,-0.06756986521850364,0.00022585951300265158
8.75,21.148792090055277,1.8850690807320134,21.232637431735053,-3.0927065554515885,-0.4436520908880223,-0.23199999999999998,0.1069128576379782,-9.494491610258782,89.84971525485595,-118.07315719689788,0.08889872125990873,0.29488452952598954,0.11696315353958868,-6093.853710229219,-5343.798307718015,1891.089215817894,0.4444444444444444,0.0,0.4,0.9991081705019818,0.9992662971134101,1.0,-0.06756784481222997,0.00022825460287445712
8.766666666666666,21.136654464677065,1.883168186575127,21.220378987616634,-3.100101471732638,-0.44372024822550893,-0.23199999999999998,0.1080330633143789,-9.494180791377426,89.499097128267,-118.12011615991457,0.08886027759946202,0.2948276481498423,0.11694610919442482,-6093.613905691586,-5343.868252714735,1892.1756933045053,0.4444444444444444,0.0,0.4,0.9991069788065776,0.9993008319525355,1.0,-0.06756563285999467,0.00023064619643442316
8.783333333333333,21.124547762340146,1.8812063582837932,21.20814597096685,-3.107497486816549,-0.4437848773237335,-0.23199999999999998,0.10915159280283115,-9.493842781725895,89.14834194756133,-118.1644410896699,0.08881879833764804,0.29476795601639194,0.11692581079224512,-6093.37404831409,-5343.907148479999,1893.2606609255745,0.4444444444444444,0.0,0.4,0.9991057216538398,0.999330208393757,1.0,-0.06756322740379785,0.00023303421140129043
8.8,21.112472516658478,1.8791830821432176,21.195938875710905,-3.1148945451107184,-0.443846286761276,-0.23199999999999998,0.1102684074756598,-9.493477348634489,88.7974688898227,-118.20613115107827,0.08877425199478468,0.29470540313683424,0.11690224390683168,-6093.134136370992,-5343.914733713614,1894.344063314682,0.4444444444444444,0.0,0.4,0.9991043974397329,0.9993543826536688,1.0,-0.0675606267878383,0.0002354185653065434
8.816666666666666,21.100429254013154,1.8770979629131672,21.183758199762075,-3.122292596187668,-0.4439047871899312,-0.23199999999999998,0.11138346868715454,-9.49308430179548,88.44649714040929,-118.24518565615334,0.08872661264601495,0.29463994492278994,0.11687539981968934,-6092.894168767847,-5343.890792564565,1895.4258455113888,0.4444444444444444,0.0,0.4,0.9991030046623212,0.9993733185419404,1.0,-0.06755782965778519,0.00023779917564316236
8.833333333333334,21.08841849264649,1.8749507234441423,21.1716044440741,-3.1296915948151782,-0.44396069091057355,-0.23199999999999998,0.11249673784268455,-9.492663493150964,88.09544589165293,-118.28160406416178,0.08867585992413148,0.2945715422145524,0.1168452754994467,-6092.654145031856,-5343.835154535314,1896.50595304733,0.4444444444444444,0.0,0.4,0.9991015419225641,0.9993869874440784,1.0,-0.06755483495997983,0.00024017596001318014
8.85,21.07644074177678,1.8727412041397027,21.159478111695257,-3.137091500979367,-0.4440143114501725,-0.23199999999999998,0.11360817646712507,-9.49221481677158,87.74433434156893,-118.31538598175183,0.08862197901498285,0.2945001613019108,0.1168118735738488,-6092.414065302034,-5343.747694385581,1897.5843320310505,0.4444444444444444,0.0,0.4,0.9991000079250608,0.9993953683040234,1.0,-0.06755164194057262,0.0002425488362737702
8.866666666666667,21.06449650073493,1.870469362266208,21.147379706825397,3.1386930272788596,-0.44406596313983926,-0.23199999999999998,0.11471774627246312,-9.491738208726451,87.39318169257739,-118.34653116305688,0.0885649606454786,0.2944257739375768,0.1167752022943501,-6092.173930319269,-5343.628332035802,1898.6609292314695,0.4444444444444444,0.0,0.4,0.9990984014787493,0.9993984476066112,1.0,-0.06754825014459748,0.00024491772268158204
8.883333333333333,21.052586258123966,1.8681352711111856,21.13530973387709,3.1312914051364467,-0.4441159606937884,-0.23199999999999998,0.11582540922446338,-9.49123364694429,87.04200715023647,-118.3750395097748,0.08850480106420941,0.2943483573432375,0.11673527549331401,-6091.933741416332,-5343.47703247005,1899.7356921598491,0.4444444444444444,0.0,0.4,0.9990967214975659,0.9993962193598569,1.0,-0.06754465941498344,0.00024728253803507004
8.9,21.040710491002546,1.8657391189915156,21.123268696542205,3.1238889640637013,-0.4441646187891043,-0.23199999999999998,0.11693112760826863,-9.490701151065332,86.69082992198827,-118.40091107122323,0.08844150201469717,0.2942678942082596,0.11669211253382557,-6091.693500507881,-5343.293805637796,1900.8085691501574,0.4444444444444444,0.0,0.4,0.9990949670010695,0.9993886850769641,1.0,-0.06754086989150083,0.00024964320181454795
8.916666666666666,21.028869664093442,1.8632812081125856,21.11125709686505,3.116485723110937,-0.44421225164621253,-0.23199999999999998,0.11803486409281772,-9.4901407822835,86.33966921591757,-118.42414604437191,0.08837507070128911,0.294184372681066,0.11664573825212243,-6091.453210080516,-5343.078706353455,1901.8795094377083,0.4444444444444444,0.0,0.4,0.9990931371150347,0.9993758537578777,1.0,-0.06753688200963809,0.0002519996343197185
8.933333333333334,21.017064229018022,1.8607619532795536,21.09927543432337,3.1090816961000347,-0.4442591726099722,-0.23199999999999998,0.11913658179397324,-9.489552643177689,85.98854423952453,-118.44474477385182,0.08830551974770988,0.29409778635320494,0.11659618289265049,-6091.212873182904,-5342.83183419231,1902.948463235968,0.4444444444444444,0.0,0.4,0.9990912310720138,0.9993577418701466,1.0,-0.06753269649940113,0.00025435175680444837
8.95,21.005294623557617,1.8581818804618537,21.08732420491835,3.1016768916433977,-0.4443056937313247,-0.23199999999999998,0.12023624433624325,-9.488936877531062,85.63747419851111,-118.46270775194242,0.08823286714828608,0.2940081342361325,0.1165434820357522,-6090.972493416039,-5342.553333380983,1904.0153818114206,0.4444444444444444,0.0,0.4,0.999089248211873,0.999334373328794,1.0,-0.0675283143840273,0.0002566994916085417
8.966666666666667,20.993561270942738,1.8555416252120782,21.07540390027488,3.0942713131698647,-0.4443521253494586,-0.23199999999999998,0.12133381591299752,-9.488293670136619,85.28647829558223,-118.47803561853702,0.0881571362118583,0.2939154207307268,0.11648767651799673,-6090.7320749236305,-5342.243392680262,1905.0802175563852,0.4444444444444444,0.0,0.4,0.9990871879823005,0.9993057794748293,1.0,-0.06752373697860173,0.0002590427622862992
8.983333333333333,20.981864579170935,1.8528419309403958,21.06351500675324,3.0868649589575905,-0.44439877567447833,-0.23199999999999998,0.12242926134507848,-9.487623246587335,84.93557572926166,-118.49072916108723,0.08807835549839782,0.2938196555895534,0.11642881234516589,-6090.491622382678,-5341.902245257779,1906.142924059681,0.4444444444444444,0.0,0.4,0.99908504993929,0.9992719990519858,1.0,-0.06751896588856385,0.0002613814937316503
9.0,20.966243356637257,1.8510617606390416,21.047797750155144,3.079459380159943,-0.44434400744220703,-0.30699999999999994,-0.2595091483641937,-9.383552908764992,84.58481800851514,-118.50079956428308,0.08805939121676662,0.36876110355753844,0.11639944962048007,-6148.921222301288,-5283.762341620972,1905.1938933352533,0.4444444444444444,0.0,0.6,0.9989722082520445,1.0,1.0,-0.06677834609298275,-0.0005540414774313927
9.016666666666666,20.945194091662483,1.8509434480603344,21.026819711628537,3.0720508782786635,-0.444697851561145,-0.348,-0.47636412850508836,-9.308412678728324,84.2343172631756,-118.50828189993173,0.08814182577758785,0.4097870325279146,0.11650455340790872,-6209.1753160655935,-5215.352040130005,1903.401782851556,0.4444444444444444,0.0,0.6,0.998232687410164,1.0,1.0,-0.06624360830915163,-0.0010170180404657082
9.033333333333333,20.923538196900115,1.8510764847066872,21.00525969440445,3.064632821092714,-0.4453153069314511,-0.348,-0.47491905986429395,-9.308271105475045,83.88413004562588,-118.51319380505046,0.08823888907211648,0.4098199415800572,0.11666879032136485,-6209.617778728897,-5214.81730564301,1904.8997794773286,0.4444444444444444,0.0,0.6,0.9983056631758732,1.0,1.0,-0.0662426007986919,-0.0010139328776890499
9.05,20.90188735175986,1.8512694768924447,20.983710194856688,3.0572044445049342,-0.44593512301591626,-0.348,-0.4734044487853135,-9.307927876427232,83.53427545802704,-118.51553787626432,0.08833897669538537,0.4098554343684674,0.11683642036709216,-6209.47417020245,-5214.647433522978,1906.286619835155,0.4444444444444444,0.0,0.6,0.9983333652719631,1.0,1.0,-0.06624015819849911,-0.0010106992446351792
9.066666666666666,20.88024052307883,1.851523959237238,20.962170337855113,3.049765727756248,-0.44655580924770344,-0.348,-0.47192361501281554,-9.307535903019886,83.18477214501841,-118.5153167180082,0.08844217510104509,0.40989384920557176,0.1170073312612615,-6209.252372414867,-5214.493680527155,1907.6070705584984,0.4444444444444444,0.0,0.6,0.9983473207638448,1.0,1.0,-0.06623736870755582,-0.001007537724756914
9.083333333333334,20.85859677867303,1.8518400897134157,20.940639228379315,3.042316660900241,-0.4471769828018389,-0.348,-0.47046556800592154,-9.307131429957025,82.8356387648962,-118.51253308576325,0.08854850519778029,0.4099352452582917,0.11718152141515263,-6209.0046639726315,-5214.3469916776985,1908.8919331636948,0.4444444444444444,0.0,0.6,0.9983562606772177,0.9999999999999999,1.0,-0.06623449026242531,-0.0010044248536964678
9.1,20.836955354541864,1.8522176640338937,20.919116107573235,3.0348572372763374,-0.4477985202677301,-0.348,-0.4690218789953815,-9.30672481738768,82.48689398634023,-118.5071898779841,0.0886579700296587,0.409979636736585,0.11735898755144228,-6208.747000766354,-5214.203808111154,1910.156691036129,0.4444444444444444,0.0,0.6,0.9983630645866716,0.9999999999999999,1.0,-0.0662315965914304,-0.0010013426363742924
9.116666666666667,20.815315590336056,1.8526563585292892,20.897600309798403,3.027387451266668,-0.4484203850570228,-0.348,-0.46758770632248325,-9.30631968767824,82.13855648546526,-118.49929013399854,0.0887705665320277,0.41002702344269126,0.1175397255519494,-6208.485355321359,-5214.062521651644,1911.409157334672,0.4444444444444444,0.0,0.6,0.9983688797618653,1.0,1.0,-0.06622871347325408,-0.0009982807360459497
9.133333333333333,20.79367688274935,1.853155805419706,20.876091222816243,3.019907297466484,-0.4490425750165453,-0.348,-0.4661604277486445,-9.305917475427927,81.79064494364856,-118.48883703350806,0.08888628928820407,0.41007739972106283,0.11772373100194096,-6208.222258617493,-5213.922354575369,1912.6533216627051,0.4444444444444444,0.0,0.6,0.9983742151435647,1.0,1.0,-0.0662258511172664,-0.0009952335543387135
9.15,20.772038659387725,1.8537156208738839,20.85458826422066,3.012416770333769,-0.44966510314937974,-0.348,-0.4647386182720096,-9.305518777662526,81.4431780458553,-118.4758338966265,0.08900513196836791,0.4101307576790312,0.11791099947356302,-6207.958856829706,-5213.78291314663,1913.8912701235024,0.4444444444444444,0.0,0.6,0.9983793101961326,1.0,1.0,-0.06622301377221987,-0.0009921980489315774
9.166666666666666,20.750400365102738,1.8543354168478514,20.8330908688613,3.004915864029309,-0.4502879895356869,-0.348,-0.4633214697943251,-9.305123832095559,81.09617447923209,-118.46028418412881,0.08912708794932492,0.41018708851863833,0.11810152666876927,-6207.695681668302,-5213.643988161182,1915.124141449659,0.4444444444444444,0.0,0.6,0.9983842812658982,1.0,1.0,-0.0662202031298102,-0.0009891724945676362
9.183333333333334,20.728761455024046,1.8550148064670848,20.811598482372823,2.9974045723405403,-0.45091125766459716,-0.348,-0.46190848616341806,-9.304732711029496,80.74965293183583,-118.44219149778851,0.08925215060080315,0.41024638313712897,0.11829530849106415,-6207.43297621782,-5213.5054607322145,1916.3526028147046,0.4444444444444444,0.0,0.6,0.9983891859497529,1.0,1.0,-0.06621741970458014,-0.0009861558319821792
9.2,20.707121391039802,1.8557534065709802,20.790110557889246,2.9898828886445252,-0.4515349326916358,-0.348,-0.4604993276427536,-9.304345407525028,80.40363209142745,-118.42155958075244,0.08938031342297302,0.41030863241143245,0.11849234108157769,-6207.170843676409,-5213.367256544636,1917.5770866205962,0.4444444444444444,0.0,0.6,0.9983940531532777,0.9999999999999999,1.0,-0.0662146634471459,-0.0009831473358515213
9.216666666666667,20.685479640019643,1.8565508389330962,20.76862655437789,2.9823508058897894,-0.45215904059106715,-0.348,-0.45909373262005493,-9.303961875891472,80.05813064429476,-118.39839231792914,0.08951157011391167,0.4103738273365665,0.11869262083730203,-6206.909318297156,-5213.229323332924,1918.7979083670616,0.4444444444444444,0.0,0.6,0.9983988975974228,1.0000000000000002,1.0,-0.0662119340323483,-0.0009801464476440918
9.233333333333333,20.66383567291098,1.8574067308424704,20.747145935787103,2.974808316587395,-0.45278360773914234,-0.348,-0.4576914784348104,-9.303582051321184,79.7131672740863,-118.3726937363795,0.08964591460309007,0.41044195909388603,0.1188961444204154,-6206.648400045239,-5213.09161971389,1920.0153253439835,0.4444444444444444,0.0,0.6,0.9984037269441928,0.9999999999999999,1.0,-0.06620923099898174,-0.0009771526919887539
9.25,20.642188964271345,1.8583207153712742,20.725668170601008,2.9672554128065696,-0.4534086607088291,-0.348,-0.4562923618376882,-9.303205859575506,79.36876066064734,-118.34446800570423,0.08978334106812642,0.41051301908494253,0.11910290876316162,-6206.388071749036,-5212.9541096298535,1921.229565862647,0.4444444444444444,0.0,0.6,0.9984085453297715,1.0,1.0,-0.06620655381872449,-0.0009741656349564503
9.266666666666666,20.620538992017725,1.859292431487277,20.704192731596883,2.959692086172567,-0.4540342261693949,-0.348,-0.4548961892618326,-9.302833221808559,79.0249294788536,-118.31371943842476,0.08992384394324061,0.41058699894831036,0.11931291107052541,-6206.128307648343,-5212.816759579321,1922.440843811831,0.4444444444444444,0.0,0.6,0.9984133551253016,1.0,1.0,-0.06620390193046741,-0.0009711848632898167
9.283333333333333,20.598885237283714,1.8603215240894073,20.68271909570343,2.95211832786561,-0.4546603308382571,-0.348,-0.4535027719895184,-9.302464056983593,78.68169239744036,-118.2804524903566,0.09006741792358636,0.4106638905679383,0.119526148821827,-6205.869077673055,-5212.679537237023,1923.64936589973,0.4444444444444444,0.0,0.6,0.9984181578169344,1.0,1.0,-0.06620127475750993,-0.0009682099740841847
9.3,20.577227184329875,1.8614076440053715,20.661246743908897,2.944534128620342,-0.45528700145896195,-0.348,-0.45211192375969655,-9.30209828308871,78.3390680778263,-118.24467176097409,0.0902140579675427,0.4107436860772817,0.1197426197718002,-6205.610349591392,-5212.542410767668,1924.8553352483736,0.4444444444444444,0.0,0.6,0.9984229544464572,0.9999999999999999,1.0,-0.06619867171621185,-0.0009652405696797901
9.316666666666666,20.55556432048024,1.8625504479707977,20.639775161193896,2.9369394787254937,-0.4559142647922442,-0.348,-0.45072345959243565,-9.30173581775148,77.99707517293105,-118.20638199376616,0.0903637592980062,0.41082637786134235,0.11996232195143618,-6205.352090091816,-5212.405348486484,1926.0589531681653,0.4444444444444444,0.0,0.6,0.9984277458321562,1.0,1.0,-0.06619609222036718,-0.0009622762551520025
9.333333333333334,20.53389613607133,1.8637495985996484,20.61830383647611,2.92933436802363,-0.4565421476136354,-0.348,-0.44933719522001214,-9.301376578551816,77.65573232598676,-118.16558807658299,0.0905165174032061,0.4109119585576806,0.12018525366873628,-6205.094265330163,-5212.268318693236,1927.260420024082,0.4444444444444444,0.0,0.6,0.998432532679608,1.0,1.0,-0.06619353568343085,-0.0009593166370967263
9.35,20.51222212440695,1.8650047643507768,20.596832262560692,2.9217187859108953,-0.45717067671435024,-0.348,-0.4479529468203448,-9.301020483183121,77.31505816934339,-118.12229504197308,0.09067232803730396,0.4110004210569337,0.12041141350944443,-6204.836841208188,-5212.131289593056,1928.4599356484737,0.4444444444444444,0.0,0.6,0.9984373156372727,1.0,1.0,-0.06619100151966538,-0.0009563613230612942
9.366666666666667,20.49054178171542,1.8663156194930606,20.5753599360932,2.914092721336729,-0.45779987890380647,-0.348,-0.44657053090095056,-9.300667449536988,76.9750713232676,-118.0765080675109,0.09083118722090928,0.41109175850311014,0.12064080033779474,-6204.5797835170215,-5211.994229260667,1929.6576995276682,0.4444444444444444,0.0,0.6,0.9984420953243855,1.0,1.0,-0.06618848914474372,-0.0009534099212967175
9.383333333333333,20.468854607107538,1.8676818440703313,20.55388635751345,2.9064561628035266,-0.4584297810129554,-0.348,-0.445189764257642,-9.300317395749254,76.63579039473552,-118.02823247611504,0.09099309124157691,0.41118596429379173,0.12087341329729259,-6204.323058012606,-5211.857105626296,1930.8539108759344,0.4444444444444444,0.0,0.6,0.9984468723449377,1.0000000000000002,1.0,-0.06618599797607705,-0.0009504620406695072
9.4,20.447160102534426,1.869103123866691,20.53241103100958,2.898809098366244,-0.459060409898009,-0.348,-0.44381046397011803,-9.299970240226518,76.29723397621937,-117.97747373635647,0.09115803665431908,0.4112830320803137,0.12110925181153727,-6204.066630456781,-5211.719886472348,1932.048768653578,0.4444444444444444,0.0,0.6,0.9984516472946613,1.0,1.0,-0.06618352743300336,-0.0009475172906522597
9.416666666666666,20.42545777274491,1.8705791503725062,20.51093346447191,2.8911515156319325,-0.4596917924443555,-0.348,-0.4424324474155371,-9.299625901662655,75.95942064446784,-117.92423746275723,0.0913260202821483,0.41138295576795453,0.12134831558509077,-6203.810466640994,-5211.582539435392,1933.242471557595,0.4444444444444444,0.0,0.6,0.9984564207645025,1.0,1.0,-0.06618107693690509,-0.0009445752813526359
9.433333333333334,20.403747125242166,1.8721096207512098,20.489453169446403,2.8834834017592152,-0.46032395557055944,-0.348,-0.44105553229060834,-9.299284299050138,75.62236895928059,-117.86852941607911,0.09149703921665922,0.41148572951615275,0.12159060460439433,-6203.554532401141,-5211.445032010705,1934.4352179990997,0.4444444444444444,0.0,0.6,0.9984611933423224,1.0,1.0,-0.06617864591128966,-0.0009416356235605239
9.45,20.382027670239605,1.8736942378069683,20.467969661087636,2.87580474345769,-0.46095692623239515,-0.348,-0.4396795366374703,-9.298945351688667,75.28609746227659,-117.8103555036026,0.0916710908186529,0.411591347738759,0.12183611913873368,-6203.298793627871,-5211.307331557993,1935.6272060746683,0.4444444444444444,0.0,0.6,0.9984659656137126,1.0,1.0,-0.06617623378185088,-0.0009386979288032898
9.466666666666667,20.360298920615875,1.8753327099532255,20.446482458111284,2.8681155269872662,-0.4615907314268871,-0.348,-0.4383042788709872,-9.298608979192274,74.95062467565668,-117.74972177939571,0.0918481727188057,0.4116998051043268,0.12208485974125294,-6203.043216274478,-5211.169405307597,1936.818633535167,0.4444444444444444,0.0,0.6,0.9984707381623604,1.0,1.0,-0.06617383997651949,-0.0009357618094040539
9.483333333333333,20.33856039186905,1.8770247511821203,20.42499108274603,2.860415738157438,-0.4622253981963454,-0.348,-0.4369295778062805,-9.298275101495543,74.61596910096024,-117.6866344445729,0.0920282828183827,0.4118110965364442,0.12233682725001717,-6202.78776636351,-5211.0312203668345,1938.0096977538499,0.4444444444444444,0.0,0.6,0.9984755115701921,1.0,1.0,-0.0661714639255075,-0.0009328268785404693
9.5,20.31681160206993,1.8787700810347663,20.40349506068494,2.8527053623264838,-0.46286095363239027,-0.348,-0.4355552526858979,-9.29794363885925,74.28214921781613,-117.62109984754379,0.0922114192899965,0.41192521721410597,0.12259202278912358,-6202.532409992636,-5210.892743726299,1939.2005956946398,0.4444444444444444,0.0,0.6,0.9984802864174062,1.0,1.0,-0.06616910506134821,-0.0009298927503027269
9.516666666666666,20.295052071814546,1.880568424572369,20.381993921036344,2.8449843844006066,-0.4634974248799636,-0.348,-0.43418112320632885,-9.297614511875597,73.94918348268779,-117.5531244842517,0.09239758057841037,0.4120421625721274,0.12285044776986048,-6202.277113340033,-5210.753942266028,1940.391523881024,0.4444444444444444,0.0,0.6,0.9984850632824476,1.0,1.0,-0.06616676281893358,-0.0009269590397501647
9.533333333333333,20.273281324175766,1.8824195123481684,20.360487196274136,2.837252788833002,-0.4641348391413269,-0.348,-0.43280700954371365,-9.297287641473105,73.61709032761297,-117.4827149984021,0.09258676540138634,0.4121619283015986,0.12311210389191443,-6202.021842669474,-5210.614782761494,1941.582678365805,0.4444444444444444,0.0,0.6,0.9984898427419608,1.0,1.0,-0.06616443663554894,-0.0009240253629661557
9.55,20.251498884654108,1.8843230803801765,20.338974422187565,2.8295105596228596,-0.4647732236800456,-0.348,-0.4314327323786893,-9.29696294892119,73.28588815893761,-117.40987818168061,0.09277897275057728,0.4122845103503795,0.12337699314462457,-6201.76656433514,-5210.4752318894,1942.7742547017974,0.4444444444444444,0.0,0.6,0.9984946253707281,1.0,1.0,-0.06616212595090566,-0.0009210913371111529
9.566666666666666,20.22970428112772,1.886278870124696,20.317455137830528,2.821757680314302,-0.46541260582496075,-0.348,-0.43005811292031226,-9.296640355834468,72.95559535604451,-117.33462097396071,0.09297420189246287,0.4124099049236352,0.12364511780828455,-6201.51124478623,-5210.33525623326,1943.9664479135492,0.4444444444444444,0.0,0.6,0.9984994117416032,1.0,1.0,-0.06615983020717174,-0.0009181565804737632
9.583333333333334,20.207897043801555,1.8882866284505917,20.29592888547033,2.8139941339952563,-0.46605301297414914,-0.348,-0.4286829729290741,-9.29631978417679,72.62623027007636,-117.25695046350101,0.09317245236932911,0.4125381084844102,0.12391648045549108,-6201.255850571379,-5210.194822288766,1945.159452470084,0.4444444444444444,0.0,0.6,0.9985042024254464,1.0000000000000002,1.0,-0.06615754884900046,-0.0009152207125198852
9.6,20.186076705155756,1.8903461076142989,20.27439521053598,2.8062199032962565,-0.46669447259887226,-0.348,-0.42730713473898796,-9.296001156265012,72.29781122265362,-117.17687388713205,0.09337372400029084,0.41266911775424253,0.12419108395253942,-6201.000348342882,-5210.053896468936,1946.35346225869,0.4444444444444444,0.0,0.6,0.9985089979910595,1.0,1.0,-0.06615528132355733,-0.0009122833539398628
9.616666666666667,20.164242799893245,1.8924570652355455,20.25285366156598,2.7984349703891844,-0.4673370122475158,-0.348,-0.42593042127874925,-9.295684394772488,71.97035650458693,-117.09439863043251,0.09357801688235733,0.41280292971381655,0.12446893146086498,-6200.744704860738,-5209.912445109043,1947.5486705597489,0.4444444444444444,0.0,0.6,0.9985137990051215,1.0,1.0,-0.06615302708054487,-0.0009093441266936624
9.633333333333333,20.142394864886533,1.8946192642737654,20.231303790155607,2.7906393169859425,-0.46798065954952084,-0.348,-0.424552656091981,-9.29536942273228,71.64388437458457,-117.00953222789494,0.09378533139154026,0.412939541603654,0.12475002643853171,-6200.488886996534,-5209.770434471323,1948.7452700226079,0.4444444444444444,0.0,0.6,0.9985186060321295,1.0000000000000002,1.0,-0.06615078557222545,-0.0009064026540540953
9.65,20.120532439123785,1.896832473005188,20.209745150903796,2.782832924337063,-0.468625442219307,-0.348,-0.42317366335656037,-9.295056163540158,71.31841305795459,-116.92228236308065,0.09399566818400397,0.41307895092484304,0.125034372641766,-6200.232861737135,-5209.627830749456,1949.9434526424795,0.4444444444444444,0.0,0.6,0.9985234196343397,1.0,1.0,-0.06614855625344271,-0.0009034585606480803
9.666666666666666,20.09865506365411,1.899096465000578,20.188177301359495,2.7750157732302494,-0.4692713880601907,-0.348,-0.4217932679030437,-9.294744540957286,70.99396074530199,-116.83265686876405,0.09420902819725771,0.41322115543980503,0.12532197412653667,-6199.97659618822,-5209.48460007284,1951.143409738372,0.4444444444444444,0.0,0.6,0.998528240371714,1.0,1.0,-0.0661463385816406,-0.0009005114724959793
9.683333333333334,20.076762281532115,1.9014110191036122,20.16659980196759,2.7671878439888564,-0.46991852496829656,-0.348,-0.42041129523218757,-9.29443447911265,70.67054559122094,-116.74066372706604,0.0944254126513897,0.4133661531730982,0.12561283525018072,-6199.720057577634,-5209.340708510637,1952.3453319320313,0.4444444444444444,0.0,0.6,0.9985330688018655,0.9999999999999999,1.0,-0.06614413201688069,-0.0008975610170490043
9.7,20.054853637761727,1.903775919409869,20.145012216014408,2.7593491164702995,-0.47056688093646687,-0.348,-0.41902757153157844,-9.29412590250525,70.34818571298206,-116.64631106957667,0.09464482305034252,0.41351394241225903,0.12590696067307458,-6199.463213258585,-5209.196122075607,1953.549409127902,0.4444444444444444,0.0,0.6,0.9985379054800115,1.0,1.0,-0.06614193602185774,-0.0008946068232247218
9.716666666666667,20.03292867923929,1.9061909552464165,20.123414109572742,2.7514995700644045,-0.47121648405816685,-0.348,-0.4176419236913844,-9.293818736005992,70.02689918921486,-116.54960717746691,0.09486726118323008,0.41366452170867896,0.12620435536035082,-6199.206030712666,-5209.050806727713,1954.7558304940726,0.4444444444444444,0.0,0.6,0.9985427509589258,1.0,1.0,-0.06613975006191325,-0.000891648521440681
9.733333333333333,20.010986954695934,1.908655921151978,20.101805051446483,2.743639183691688,-0.4718673625313892,-0.348,-0.4162541793192207,-9.29351290485935,69.70670405858546,-116.45056048158933,0.09509272912569543,0.4138178898785187,0.12650502458366028,-6198.948477552716,-5208.904728377533,1955.9647844442309,0.4444444444444444,0.0,0.6,0.9985476057888949,1.0,1.0,-0.06613757360504717,-0.0008886857436461516
9.75,19.98902801463928,1.911170616857657,20.08018461311484,2.7357679358015776,-0.4725195446625582,-0.348,-0.41486416675416515,-9.29320833468472,69.38761831846966,-116.34917956256797,0.09532122924130955,0.4139740460036573,0.12680897392297924,-6198.690521525518,-5208.757852889428,1957.1764586205784,0.4444444444444444,0.0,0.6,0.9985524705176777,1.0,1.0,-0.06613540612192763,-0.0008857181233520462
9.766666666666666,19.967051411294413,1.9137348472682085,20.058552368676132,2.72788580437056,-0.47317305887043437,-0.348,-0.41347171507990266,-9.292904951477595,69.0696599236213,-116.24547315087696,0.09555276418301115,0.4141329894326779,0.12711620926846223,-6198.432130514335,-5208.610146084526,1958.3910398777289,0.4444444444444444,0.0,0.6,0.9985573456904667,0.9999999999999999,1.0,-0.06613324708589925,-0.0008827452956589834
9.783333333333333,19.945056698544153,1.916348422443833,20.036907894791153,2.7199927669002717,-0.47382793369002163,-0.348,-0.41207665413703254,-9.292602681610367,68.75284678483618,-116.13945012690806,0.0957873368945869,0.41429471978188825,0.12742673682233976,-6198.173272541289,-5208.461573743477,1959.608714267561,0.4444444444444444,0.0,0.6,0.9985622318498542,1.0,1.0,-0.06613109597298888,-0.0008797668972835631
9.8,19.92304343186871,1.9190111575824815,20.015250770626206,2.712088800415519,-0.4744841977764772,-0.348,-0.41067881453453503,-9.292301451832987,68.4371967676115,-116.03111952102715,0.09602495061219227,0.41445923693637654,0.12774056310086127,-6197.913915769578,-5208.312101608997,1960.829667025015,0.4444444444444444,0.0,0.6,0.9985671295357971,1.0,1.0,-0.06612895226191025,-0.0008767825665828476
9.816666666666666,19.901011168284604,1.9217228730026537,19.99358057779572,2.7041738814622334,-0.47514187990902595,-0.348,-0.40927802766041144,-9.292001189273266,68.12272769080089,-115.92049051361928,0.09626560886591276,0.4146265410511027,0.1280576949362833,-6197.654028505536,-5208.16169538822,1962.05408255483,0.4444444444444444,0.0,0.6,0.9985720392855886,1.0,1.0,-0.06612681543406618,-0.0008737919435770768
9.833333333333334,19.87895946628298,1.9244833941266704,19.97189690030446,2.6962479861053663,-0.4758010089948807,-0.348,-0.4078741256915094,-9.291701821436993,67.80945732526517,-115.80757243512255,0.09650931548136558,0.4147966325520235,0.12837813947890284,-6197.393579200554,-5208.010320754824,1963.2821444192077,0.4444444444444444,0.0,0.6,0.9985769616338308,1.0,1.0,-0.06612468497354934,-0.0008707946699706461
9.85,19.85688788576721,1.9272925514644097,19.95019932448944,2.6883110899267124,-0.4764616140731685,-0.348,-0.40646694160254204,-9.291403276207756,67.49740339251886,-115.69237476605065,0.0967560745813416,0.414969512137253,0.12870190419913588,-6197.132536452828,-5207.857943350962,1964.514035326381,0.4444444444444444,0.0,0.6,0.9985818971124089,1.0,1.0,-0.06612256036714106,-0.0008677903891713607
9.866666666666667,19.834795987989928,1.930150180597486,19.928487438961387,2.680363168022671,-0.47712372431886535,-0.348,-0.4050563091743081,-9.291105481846536,67.18658356337244,-115.57490713700392,0.09700589058748735,0.41514518077825735,0.1290289968896414,-6196.870869008972,-5207.704528788995,1965.7499371200925,0.4444444444444444,0.0,0.6,0.9985868462504697,0.9999999999999999,1.0,-0.06612044110430837,-0.0008647787463079864
9.883333333333333,19.81268333548934,1.9330561221638602,19.90676083454594,2.6724041950019424,-0.47778736904673963,-0.348,-0.4036420630011339,-9.290808366991035,66.87701545657065,-115.45517932866909,0.09725876822202759,0.4153236397210828,0.12935942566749054,-6196.608545765475,-5207.550042653014,1966.9900307699575,0.4444444444444444,0.0,0.6,0.9985918095744014,1.0000000000000002,1.0,-0.06611832667719927,-0.000861759388246137
9.9,19.79054949202497,1.9360102218428643,19.885019104224412,2.664434144983152,-0.4784525777153058,-0.348,-0.40222403849753996,-9.29051186065475,66.56871663742677,-115.33320127180734,0.09751471250952778,0.4155048904876195,0.12969319897638149,-6196.345535770025,-5207.394450500161,1968.2344963627004,0.4444444444444444,0.0,0.6,0.9985967876078169,1.0,1.0,-0.06611621658063609,-0.0008587319636025072
9.916666666666666,19.768394022512755,1.9390123303406253,19.86326184307429,2.65645299159242,-0.47911937993078946,-0.348,-0.40080207190413875,-9.290215892225818,66.26170461645283,-115.20898304723096,0.09777372877869696,0.41568893487689734,0.13003032558889957,-6196.081808222667,-5207.2377178617735,1969.4835130942645,0.4444444444444444,0.0,0.6,0.9986017808715385,1.0,1.0,-0.06611411031210732,-0.0008556961227574653
9.933333333333334,19.746216492959537,1.9420623033758762,19.84148864820936,2.648460707960852,-0.47978780545110483,-0.348,-0.3993760002927943,-9.289920391465598,65.95599684798606,-115.08253488576835,0.0980358226642306,0.4158757749664171,0.1303708146088235,-6195.817332476844,-5207.079810244307,1970.7372592627617,0.4444444444444444,0.0,0.6,0.9986067898835858,0.9999999999999999,1.0,-0.06611200737175747,-0.0008526515178660669
9.95,19.724016470396922,1.9451600016661377,19.81969911871951,2.6404572667219735,-0.48045788418984575,-0.348,-0.3979456615710275,-9.28962528850704,65.65161072881155,-114.95386716821731,0.09830100010869408,0.41606541311351425,0.1307146754734771,-6195.552078040281,-5206.920693130083,1971.9959122622708,0.4444444444444444,0.0,0.6,0.9986118151591653,0.9999999999999999,1.0,-0.06610990726237553,-0.0008495978028674616
9.966666666666667,19.701793522814555,1.9483052909142557,19.797892855610215,2.632442640009091,-0.4811296462202917,-0.348,-0.39651089448570376,-9.289330513852743,65.3485635967811,-114.8229904252867,0.09856926736444623,0.4162578519567573,0.13106191795612748,-6195.286014575735,-5206.76033197784,1973.2596485774561,0.4444444444444444,0.0,0.6,0.9986168572106628,1.0,1.0,-0.06610780948938107,-0.0008465346334927655
9.983333333333333,19.679547219092786,1.9514980417952847,19.77606946174172,2.6244167994525895,-0.48180312177942947,-0.348,-0.395071538626002,-9.289035998372864,65.0468727294286,-114.68991533752623,0.09884063099560332,0.41645309441737866,0.13141255216842887,-6195.019111901621,-5206.59869222309,1974.5286437789982,0.4444444444444444,0.0,0.6,0.9986219165476384,0.9999999999999999,1.0,-0.06610571356080942,-0.0008434616672713992
10.0,19.65727712893476,1.954738129943698,19.754228541767894,2.6163797161771627,-0.4824783412719922,-0.348,-0.39362743442567016,-9.288741673302733,64.74655534258163,-114.55465273524452,0.09911509788004354,0.4166511437007398,0.1317665885629134,-6194.751339992489,-5206.435739278307,1975.8030725198332,0.4444444444444444,0.0,0.6,0.9986269936768236,0.9999999999999999,1.0,-0.06610361898729465,-0.0008403785635359044
10.016666666666666,19.634982822797898,1.9580254359409166,19.732369702074816,2.608331360798975,-0.48315533527451593,-0.348,-0.3921784231645977,-9.288447470240241,64.44762858896968,-114.41721359841532,0.09939267521145204,0.41685200329782945,0.1321240379355281,-6194.482668979381,-5206.271438532904,1977.0831085321674,0.4444444444444444,0.0,0.6,0.998632089102119,1.0000000000000002,1.0,-0.06610152528205106,-0.0008372849834253003
10.033333333333333,19.6126638718248,1.9613598453031382,19.710492550719003,2.6002717034227536,-0.4838341345394163,-0.348,-0.39072434696969516,-9.288153321143001,64.15010955682898,-114.2776090565717,0.09967337050140673,0.4170556769867952,0.13248491142821903,-6194.21306915005,-5206.105755353047,1978.368924625279,0.4444444444444444,0.0,0.6,0.9986372033245967,1.0,1.0,-0.06609943196085286,-0.0008341805898869612
10.05,19.590319847773593,1.9647412484694597,19.68859669736544,2.592200713638817,-0.48451476999908516,-0.348,-0.38926504881511237,-9.287859158325288,63.85401526850388,-114.13585038868841,0.09995719158150478,0.4172621688345085,0.13284922053156228,-6193.942510949066,-5205.938655081292,1979.66069268407,0.4444444444444444,0.0,0.6,0.9986423368425043,1.0000000000000002,1.0,-0.06609733854201247,-0.000831065047677084
10.066666666666666,19.567950322947677,1.9681695407902737,19.66668175322524,2.584118360520032,-0.48519727277000874,-0.348,-0.38780037252178856,-9.28756491445473,63.559362679045016,-113.99194902305203,0.10024414660553017,0.4174714831981632,0.13321697708744265,-6193.670964977781,-5205.770103036021,1980.9585836683746,0.4444444444444444,0.0,0.6,0.9986474901512686,0.9999999999999999,1.0,-0.066095244546357,-0.0008279380233597254
10.083333333333334,19.54555487012491,1.9716446225159299,19.644747330993077,2.5760246126187005,-0.4858816741569086,-0.348,-0.3863301627563571,-9.28727052254879,63.26616867480434,-113.84591653711927,0.10053424405166247,0.417683624726907,0.13358819329177948,-6193.398401994186,-5205.60006451073,1982.262767613002,0.4444444444444444,0.0,0.6,0.9986526637435053,1.0,1.0,-0.06609314949720312,-0.0008247991853044652
10.1,19.523133062486238,1.975166398785647,19.622793044784302,2.5679194379633814,-0.4865680056569063,-0.348,-0.3848542650294171,-9.286975915971011,62.97445007202687,-113.69776465736304,0.10082749272472666,0.4178985983635066,0.1339628816973012,-6193.124792912635,-5205.428504773117,1983.5734136284984,0.4444444444444444,0.0,0.6,0.9986578581090269,1.0,1.0,-0.06609105292033042,-0.0008216482036827156
10.116666666666667,19.50068447354376,1.9787347796166657,19.60081851007185,2.5598028040556393,-0.4872562989637132,-0.348,-0.3833725256931714,-9.286681028427072,62.68422361543951,-113.54750525910633,0.10112390175848467,0.4181164093460463,0.13434105521636724,-6192.850108803463,-5205.25538906402,1984.890689902625,0.4444444444444444,0.0,0.6,0.9986630737348557,1.0,1.0,-0.06608895434395332,-0.0008184847504626784
10.133333333333333,19.478208677068217,1.9823496798936253,19.578823343622823,2.5516746778667234,-0.4879465859718459,-0.348,-0.3818847919384559,-9.286385793960552,62.39550597683685,-113.39515036634404,0.10142348061796859,0.4183370632096599,0.13472272712383918,-6192.574320892478,-5205.08068259617,1986.2147637025294,0.4444444444444444,0.0,0.6,0.9986683111052367,1.0,1.0,-0.06608685329869088,-0.0008153084994030035
10.15,19.45570524701596,1.986011019358156,19.556807163434843,2.543535025834177,-0.4886388987808691,-0.348,-0.38039091179116435,-9.286090146948567,62.10831375366411,-113.24071215155224,0.10172623910185562,0.41856056578829565,0.1351079110600006,-6192.297400560345,-5204.904350552787,1987.5458013776058,0.4444444444444444,0.0,0.6,0.9986735707016532,1.0,1.0,-0.0660847493175358,-0.0008121191260451545
10.166666666666666,19.43317375745533,1.9897187225986723,19.534769588672148,2.535383813858377,-0.48933326969966623,-0.348,-0.37889073410807905,-9.285794022097132,61.82266346759716,-113.08420293548548,0.10203218734488544,0.4187869232165158,0.13549662103352628,-6192.0193193418545,-5204.726358085997,1988.8839683630251,0.4444444444444444,0.0,0.6,0.9986788530028446,1.0,1.0,-0.06608264193582142,-0.0008089163077045088
10.183333333333334,19.410613782492497,1.993472719040358,19.512710239601414,2.527221007298999,-0.4900297312507403,-0.348,-0.3773841085721227,-9.28549735443631,61.53857156311986,-112.92563518696142,0.10234133582031987,0.4190161419313287,0.1358888714245009,-6191.740048925086,-5204.546670315103,1990.2294291839266,0.4444444444444444,0.0,0.6,0.9986841584848256,1.0,1.0,-0.06608053069118716,-0.0008056997234602197
10.2,19.38802489619678,1.9972729429353242,19.490628737527366,2.5190465709714114,-0.49072831617454393,-0.348,-0.37587088568703453,-9.285200079315212,61.25605440609873,-112.76502152263323,0.102653695342445,0.4192482286740551,0.1362846769874881,-6191.459561150456,-5204.365252324678,1991.5823474602614,0.4444444444444444,0.0,0.6,0.9986894876209071,1.0,1.0,-0.06607841512354294,-0.0008024690541438507
10.216666666666667,19.365406672525364,2.001119333352939,19.46852470472811,2.510860469142999,-0.4914290574338422,-0.348,-0.3743509167714921,-9.284902132396677,60.97512828235493,-112.60237470674956,0.10296927706911656,0.4194831904922283,0.13668405285464977,-6191.177828009666,-5204.1820691625035,1992.9428859122665,0.4444444444444444,0.0,0.6,0.9986948408817197,1.0,1.0,-0.06607629477503138,-0.0007992239823268254
10.233333333333333,19.342758685247535,2.005011834170306,19.446397764390245,2.5026626655294115,-0.4921319882181071,-0.348,-0.3728240539526808,-9.284603449651868,60.69580939623383,-112.43770765090181,0.10328809250434824,0.4197210347415281,0.13708701453891636,-6190.894821644547,-5203.9970858373545,1994.3112063665676,0.4444444444444444,0.0,0.6,0.9987002187352377,1.0,1.0,-0.06607416918998926,-0.0007959641923066983
10.25,19.320080507868322,2.008950394062886,19.424247540543725,2.494453123290739,-0.4928371419479464,-0.348,-0.3712901501593183,-9.284303967354575,60.41811386917199,-112.2710334137591,0.1036101535009437,0.4199617690877485,0.1374935779372082,-6190.610514345795,-5203.8102673166195,1995.687469762897,0.4444444444444444,0.0,0.6,0.9987056216468061,1.0,1.0,-0.06607203791490701,-0.0007926893700922633
10.266666666666666,19.29737171355162,2.012934966495251,19.402073657996493,2.4862318050276118,-0.4935445522795668,-0.348,-0.36974905911416434,-9.284003622075353,60.142057738261876,-112.10236520079035,0.10393547226317237,0.42020540150879987,0.13790375933370919,-6190.324878551619,-5203.6215785237755,1997.0718361614065,0.4444444444444444,0.0,0.6,0.9987110500791685,1.0,1.0,-0.06606990049838704,-0.0007893992033875614
10.283333333333333,19.27463187504276,2.016965509711952,19.379875742268887,2.47799867277723,-0.4942542531092736,-0.348,-0.36820063532599256,-9.28370235067544,59.86765695481415,-111.93171636397398,0.10426406134948929,0.42045194029674554,0.13831757540319214,-6190.037886846277,-5203.430984335695,1998.4644647505786,0.4444444444444444,0.0,0.6,0.998716504492497,1.0,1.0,-0.06606775649110037,-0.0007860933815747418
10.3,19.25186056459057,2.021041986728497,19.357653419527818,2.469753688009312,-0.494966278578007,-0.348,-0.36664473408106746,-9.283400090300495,59.59492738291785,-111.7591004014947,0.10459593367529954,0.42070139405987217,0.13873504321439714,-6189.749511958517,-5203.238449579826,1999.8655138557099,0.4444444444444444,0.0,0.6,0.9987219853444231,1.0000000000000002,1.0,-0.06606560544574211,-0.0007827715956958645
10.316666666666666,19.229057353868814,2.02516436532242,19.335406316520686,2.4614968116219713,-0.49568066307591646,-0.348,-0.36508121143411465,-9.283096778374121,59.3238847979983,-111.58453095742772,0.10493110251576761,0.4209537717247953,0.13915618023346296,-6189.4597267599465,-5203.0439390311885,2001.2751409479717,0.4444444444444444,0.0,0.6,0.9987274930900719,1.0,1.0,-0.06606344691698542,-0.000779433538433623
10.333333333333334,19.206221813897198,2.0293326180244353,19.313134060509146,2.453228003937513,-0.4963974412469747,-0.348,-0.3635099241987989,-9.282792352591207,59.05454488537298,-111.40802182140996,0.10526958150867174,0.42120908253859957,0.13958100432741238,-6189.168504263272,-5202.847417409254,2002.6935026540218,0.4444444444444444,0.0,0.6,0.9987330281820956,1.0,1.0,-0.06606128046143402,-0.0007760789040910153
10.35,19.183353514961745,2.033546722109662,19.29083627920257,2.4449472246981574,-0.49711664799363176,-0.348,-0.3619307299377261,-9.28248675091104,58.7869232388054,-111.22958692829859,0.10561138465730406,0.4214673360710134,0.1400095337676916,-6188.875817620475,-5202.648849374664,2004.1207547661666,0.4444444444444444,0.0,0.6,0.9987385910707102,1.0000000000000002,1.0,-0.06605910563757325,-0.0007727073885699978
10.366666666666667,19.160452026534667,2.037806659588907,19.26851260069135,2.4366544330616815,-0.4978383184815106,-0.348,-0.3603434869519653,-9.282179911550283,58.521035359057,-111.04924035781663,0.10595652633341661,0.42172854221661926,0.14044178723376446,-6188.581640120889,-5202.448199525792,2005.5570522530631,0.4444444444444444,0.0,0.6,0.9987441822037331,1.0000000000000002,1.0,-0.06605692200572007,-0.0007693186893491155
10.383333333333333,19.137516917193686,2.042112417199994,19.246162653379944,2.4283495875969843,-0.4985624881441453,-0.348,-0.3587480542701127,-9.281871772975679,58.256896652437206,-110.86699633418556,0.10630502128021381,0.4219927111970992,0.14087778381676222,-6188.285945189186,-5202.245432395184,2007.0025492709485,0.4444444444444444,0.0,0.6,0.9987498020266216,1.0,1.0,-0.06605472912797114,-0.0007659125054601551
10.4,19.114547754540812,2.04646398639913,19.223786065919736,2.4200326462795716,-0.4992891926877627,-0.348,-0.35714429163689787,-9.28156227389666,57.99452242935167,-110.6828692257449,0.1066568846153915,0.42225985356351536,0.14131754302318864,-6187.98870638329,-5202.04051244584,2008.4573991753864,0.4444444444444444,0.0,0.6,0.9987554509825148,1.0000000000000002,1.0,-0.06605252656815022,-0.0007624885374638184
10.416666666666666,19.091544105120562,2.050861363352294,19.201382467141652,2.411703566486961,-0.5000184680961094,-0.348,-0.35553205950133937,-9.281251353257664,57.73392790284885,-110.4968735445589,0.10701213183422362,0.42252998019862686,0.14176108477868238,-6187.689897392187,-5201.833404067351,2009.9217545335257,0.4444444444444444,0.0,0.6,0.9987611295122752,1.0,1.0,-0.06605031389175355,-0.0007590464874244355
10.433333333333334,19.068505534337664,2.0553045489266353,19.17895148598861,2.403362304994005,-0.5007503506353241,-0.348,-0.35391121900446354,-9.280938950230349,57.4751281871649,-110.30902394600996,0.10737077881269605,0.4228031023192421,0.14220842943183576,-6187.389492033661,-5201.624071571907,2011.3957671368591,0.4444444444444444,0.0,0.6,0.998766838054531,1.0,1.0,-0.06604809066589427,-0.000755586058883745
10.45,19.045431606374148,2.059793548681875,19.15649275144766,2.395008817968136,-0.5014848768588573,-0.348,-0.35228163196659046,-9.280625004205563,57.21813829626699,-110.11933522837904,0.10773284181068915,0.4230792314786076,0.14265959775807166,-6187.087464251954,-5201.412479190156,2012.8795880144758,0.4444444444444444,0.0,0.6,0.998772577045723,1.0,1.0,-0.06604585645924553,-0.0007521069568337505
10.466666666666667,19.022321884105953,2.0643283728616897,19.134005892482055,2.3866430609645217,-0.5022220836124395,-0.348,-0.3506431608741929,-9.28030945478514,56.96297314239519,-109.92782233241283,0.10809833747520826,0.42335837956883277,0.1431146109635787,-6186.783788115337,-5201.19859106692,2014.3733674467946,0.4444444444444444,0.0,0.6,0.9987783469201492,1.0,1.0,-0.06604361084198186,-0.0007486088876886635
10.483333333333333,18.999175929018943,2.068909036385074,19.111490537962982,2.3782649889211456,-0.5029620080390976,-0.348,-0.3489956688663429,-9.279992241773533,56.709647534602865,-109.73450034087767,0.10846728284366379,0.4236405588233517,0.143573490689305,-6186.47843781361,-5200.982371256779,2015.877254979777,0.4444444444444444,0.0,0.6,0.9987841481100137,1.0,1.0,-0.0660413533857198,-0.0007450915592559694
10.5,18.97208502981304,2.0750452295082473,19.085225256280342,2.3698794611722636,-0.5032043566015824,-0.42299999999999993,-0.7260662678840684,-9.119289995738184,56.458190325051035,-109.53941651621967,0.10894057303403981,0.499004626686376,0.14407507313769982,-6238.948107513055,-5138.901652678465,2014.356130131627,0.4444444444444444,0.0,0.8,0.9978478967261758,1.0,1.0,-0.06489771085415329,-0.0015501219525680923
10.516666666666666,18.939564702195202,2.0834681046580963,19.053817214714904,2.361491927872484,-0.5033373312959645,-0.46399999999999997,-0.9405455119966482,-9.014304516154429,56.208654012915076,-109.34268173071882,0.10956557763483271,0.5405471790821376,0.14473392531286558,-6296.428198747305,-5070.533703503479,2012.909871762289,0.4444444444444444,0.0,0.8,0.996817085610332,1.0,1.0,-0.06415057842376723,-0.0020080264158039555
10.533333333333333,18.90638170931736,2.09201008962857,19.02177109402586,2.353099451609879,-0.5036759414897599,-0.46399999999999997,-0.9382432521971207,-9.013890194721428,55.9610664319065,-109.14435192834807,0.11020270071344553,0.5411099991032475,0.1454519743802689,-6296.356089836143,-5069.753709448284,2015.146043541351,0.4444444444444444,0.0,0.8,0.9968215514915344,1.0,1.0,-0.06414762989240437,-0.0020031111847656604
10.55,18.873156497155595,2.1003870455576683,18.989672506582963,2.34470128471586,-0.5040190051090138,-0.46399999999999997,-0.9358151157117394,-9.013515333907737,55.71544056102628,-108.94444363769706,0.11083358268222848,0.541665810587925,0.14616462172351588,-6295.910334408699,-5069.412213685211,2017.3712371532338,0.4444444444444444,0.0,0.8,0.9968306814636942,1.0,1.0,-0.06414496218376599,-0.001997927212122516
10.566666666666666,18.839890109795736,2.108599787065484,18.957522317306967,2.336297353805744,-0.5043665302640241,-0.46399999999999997,-0.9333863016360779,-9.013128351854961,55.471789041282186,-108.74297297808275,0.11145823392034966,0.542214742089484,0.14687172217868508,-6295.46204977594,-5069.068855295673,2019.5960528669555,0.4444444444444444,0.0,0.8,0.9968392564432713,1.0,1.0,-0.06414220821395272,-0.001992741792851681
10.583333333333334,18.806583848919775,2.116649255345827,18.92532166534049,2.32788758330034,-0.5047186263448739,-0.46399999999999997,-0.9309417535444715,-9.012725636487575,55.23012438676611,-108.53995618291597,0.11207666976781801,0.5427567974153326,0.14757330143635114,-6295.010106446263,-5068.720543477014,2021.8381007887824,0.4444444444444444,0.0,0.8,0.9968476742070363,0.9999999999999998,1.0,-0.06413934227751672,-0.0019875227820967114
10.6,18.77323917476919,2.1245364630098416,18.893071859698914,2.319471896340827,-0.5050753536923639,-0.46399999999999997,-0.9284737830056657,-9.012305117298917,54.99045898049022,-108.33540959686343,0.11268890821562469,0.5432919873257803,0.14826938395321249,-6294.553521283094,-5068.365774041032,2024.106208597994,0.4444444444444444,0.0,0.8,0.9968560787506648,1.0,1.0,-0.06413634963963297,-0.0019822537653695705
10.616666666666667,18.739857621701614,2.132262462769868,18.86077429194744,2.311050215378111,-0.5054367444209733,-0.46399999999999997,-0.925978695010103,-9.011865779584038,54.75280507180178,-108.12934967393875,0.11329496876225628,0.543820326638359,0.14895999346788677,-6294.091752018052,-5068.003821694641,2026.404603644027,0.4444444444444444,0.0,0.8,0.9968645307957545,1.0,1.0,-0.06413322307912214,-0.0019769268539751293
10.633333333333333,18.70644075324986,2.139828328939168,18.82843038949816,2.3026224625016085,-0.5058028151439777,-0.46399999999999997,-0.923454904225224,-9.011407211585231,54.51717477468727,-107.92179297607696,0.11389487171385294,0.5443418323838884,0.14964515331365466,-6293.624558855612,-5067.6343595285625,2028.735113431767,0.4444444444444444,0.0,0.8,0.9968730577382292,1.0,1.0,-0.06412995966569769,-0.0019715386632928504
10.65,18.672990138590905,2.14723514722567,18.796041591074285,2.2941885596174445,-0.5061735741405408,-0.46399999999999997,-0.9209019262408442,-9.01092932722877,54.28358006655124,-107.71275617196069,0.11448863779466444,0.5448565227617947,0.15032488659794782,-6293.151875631176,-5067.25726592274,2031.0983197952828,0.4444444444444444,0.0,0.8,0.9968816719647055,1.0,1.0,-0.06412655878681327,-0.0019660881591266905
10.666666666666666,18.63950734037516,2.154484009242629,18.763609333973612,2.2857484285433163,-0.5065490252868914,-0.46399999999999997,-0.9183198443595832,-9.010432211462653,54.052032787243874,-107.50225603597768,0.11507628793844941,0.5453644165704533,0.1509992163054451,-6292.673729442824,-5066.872524676103,2033.4941635755015,0.4444444444444444,0.0,0.8,0.9968903786378347,1.0,1.0,-0.06412302104700397,-0.001960575519324355
10.683333333333334,18.605993908536785,2.1615760095955476,18.731135047555632,2.277301991057939,-0.5069291701915662,-0.46399999999999997,-0.9157090292387575,-9.009916036790582,53.822544638216925,-107.29030944724632,0.11565784317987893,0.545865532902461,0.1516681653585209,-6292.190195374481,-5066.480172957888,2035.922261241153,0.4444444444444444,0.0,0.8,0.9968991793225387,1.0,1.0,-0.06411934767389774,-0.0019550015352241394
10.7,18.57245137724091,2.1685122443542824,18.698620149997492,2.26884916892588,-0.5073140093517785,-0.46399999999999997,-0.9130699919034742,-9.009381018885907,53.595127181744836,-107.07693338867507,0.11623332460009102,0.5463598909842705,0.15233175665410648,-6291.701371987213,-5066.0802741023945,2038.382070561221,0.4444444444444444,0.0,0.8,0.9969080737689189,1.0,1.0,-0.06411554020234068,-0.001949367297843864
10.716666666666667,18.538881263471524,2.175293810265177,18.666066046761795,2.260389883909054,-0.5077035427801954,-0.46399999999999997,-0.910403306894112,-9.008827393182576,53.36979184017795,-106.86214494603841,0.11680275330132353,0.5468475100937461,0.15299001308756227,-6291.207368311979,-5065.6729033895535,2040.872977152149,0.4444444444444444,0.0,0.8,0.9969170608162778,1.0,1.0,-0.0641116003078058,-0.0019436740338038708
10.733333333333333,18.505285066473974,2.1819218043576964,18.63347412995752,2.2519240577709825,-0.5080977703459971,-0.46399999999999997,-0.9077095722563062,-9.008255402615042,53.146549895210605,-106.64596130705907,0.11736615039711779,0.5473284095196222,0.1536429575694206,-6290.708297036102,-5065.258140636358,2043.3943395240708,0.4444444444444444,0.0,0.8,0.996926138859241,1.0000000000000002,1.0,-0.06410752971914369,-0.0019379230199072677
10.75,18.47166426763933,2.1883973237613557,18.600845778163677,2.2434516122770902,-0.5084966919618558,-0.46399999999999997,-0.9049893888801548,-9.007665291256316,52.92541248715511,-106.42839976049162,0.11792353701086243,0.54780260854348,0.15429061303822778,-6290.204270981517,-5064.836066367581,2045.9455123469209,0.4444444444444444,0.0,0.8,0.9969353060900161,1.0,1.0,-0.06410333017330752,-0.0019321155390299763
10.766666666666666,18.43802033061411,2.194721465634921,18.568182356489768,2.2349724691928223,-0.5089003076877383,-0.46399999999999997,-0.9022433500003486,-9.007057301068981,52.7063906142173,-106.20947769520464,0.11847493427881556,0.5482701264338329,0.1549330024712624,-6289.695401320741,-5064.406759869336,2048.5258582821916,0.4444444444444444,0.0,0.8,0.9969445606245105,1.0,1.0,-0.06409900339223155,-0.0019262528577039344
10.783333333333333,18.404354701521612,2.2008953271557146,18.53548521675428,2.2264865502805353,-0.5093086177897086,-0.46399999999999997,-0.8994720360293686,-9.006431670296402,52.489495131771065,-105.98921259925966,0.11902036335554528,0.5487309824467425,0.15557014889410867,-6289.181796706419,-5063.970298232996,2051.1347538133537,0.4444444444444444,0.0,0.8,0.9969539005676807,1.0,1.0,-0.0640945510713821,-0.0019203362150861827
10.8,18.370668809235347,2.206920005541215,18.502755697718936,2.217993777295681,-0.5097216227742899,-0.46399999999999997,-0.8966760121853548,-9.005788632716229,52.27473675163114,-105.76762205898613,0.11955984542068739,0.5491851958299677,0.15620207538962017,-6288.663562879363,-5063.526755919189,2053.7715919309467,0.4444444444444444,0.0,0.8,0.9969633240469372,1.0,1.0,-0.06408997487444507,-0.001914366817894463
10.816666666666666,18.336964065673342,2.212796598088129,18.46999512534602,2.209494071982567,-0.5101393234094734,-0.46399999999999997,-0.8938558275789446,-9.005128417345418,52.06212604132335,-105.54472375805176,0.12009340168643247,0.5496327858290426,0.15682880510657046,-6288.14080252591,-5063.076204593763,2056.4357831751404,0.4444444444444444,0.0,0.8,0.9969728292287253,1.0,1.0,-0.06408527643122675,-0.001908345838457653
10.833333333333334,18.303241866097217,2.2185262022209877,18.437204813061957,2.200987356069848,-0.5105617207383628,-0.46399999999999997,-0.8910120150558003,-9.004451248379748,51.85167342335254,-105.32053547652791,0.12062105340542714,0.5500737716944136,0.15745036126815215,-6287.613615263927,-5062.618713104695,2059.1267558271184,0.4444444444444444,0.0,0.8,0.9969824143262382,1.0,1.0,-0.06408045733722338,-0.001902274414379572
10.85,18.269503589407705,2.224109915545997,18.404386062018233,2.1924735512658415,-0.5109888160886973,-0.46399999999999997,-0.8881450914244347,-9.003757345253332,51.64338917446784,-105.09507508994986,0.12114282187891989,0.5505081726891758,0.15806676718041332,-6287.082097694048,-5062.154347530775,2061.8439556661397,0.4444444444444444,0.0,0.8,0.9969920776024784,1.0,1.0,-0.06407551915404464,-0.0018961536490253747
10.866666666666667,18.23575059843247,2.2295488359078273,18.371540161345433,2.183952579253704,-0.5114206110800128,-0.46399999999999997,-0.8852555578742667,-9.003046922757589,51.43728342492582,-104.8683605683717,0.12165872846506036,0.5509360080971504,0.15867804624067983,-6286.5463434827625,-5061.683171265501,2064.5868455118407,0.4444444444444444,0.0,0.8,0.9970018173708864,1.0,1.0,-0.06407046341026035,-0.0018899846124140875
10.883333333333333,18.20198424020427,2.2348440614480825,18.33866838839817,2.1754243616865065,-0.511857107629404,-0.46399999999999997,-0.8823439004814424,-9.002320191187824,51.23336615775128,-104.64040997541561,0.12216879458730241,0.5513572972311718,0.1592842219459901,-6286.006443459907,-5061.205245117002,2067.3549046671724,0.4444444444444444,0.0,0.8,0.9970116319947235,1.0000000000000002,1.0,-0.0640652916024436,-0.0018837683422985136
10.9,18.16820584622859,2.2399966906647433,18.305772008990054,2.1668888201822245,-0.5122983079564158,-0.46399999999999997,-0.8794105907487071,-9.001577356500656,51.03164720799612,-104.4112414673156,0.12267304174288422,0.5517720594415072,0.159885317901557,-6285.462485721399,-5060.720627413866,2070.147628322463,0.4444444444444444,0.0,0.8,0.9970215198858277,1.0,1.0,-0.06406000519629106,-0.0018775058453178374
10.916666666666666,18.134416732740622,2.2450078224721812,18.272852277618412,2.1583458763186503,-0.5127442145873594,-0.46399999999999997,-0.8764560861514925,-9.0008186204737,50.83213626199646,-104.1808732919554,0.12317149151136987,0.5521803141243683,0.16048135782926456,-6284.91455573253,-5060.229374111693,2072.9645269519915,0.4444444444444444,0.0,0.8,0.9970314795030798,1.0,1.0,-0.06405460562775941,-0.001871198098163501
10.933333333333334,18.10061820095149,2.2498785562615047,18.239910437678738,2.1497954516282403,-0.5131948303592195,-0.46399999999999997,-0.8734808306759649,-9.00004418086288,50.63484285662805,-103.94932378790044,0.12366416556324446,0.5525820807304923,0.1610723655762031,-6284.362736429398,-5059.731538897668,2075.805125719135,0.4444444444444444,0.0,0.8,0.9970415093507482,1.0,1.0,-0.06404909430418482,-0.0018648460487279111
10.95,18.06681153728417,2.2546099919610865,18.2069477216692,2.1412374675928985,-0.5136501584232516,-0.46399999999999997,-0.870485255342013,-8.999254231555344,50.43977637856029,-103.71661138342401,0.124151085668557,0.5529773787737788,0.16165836512324566,-6283.807108317333,-5059.227173291905,2078.668963898035,0.4444444444444444,0.0,0.8,0.9970516079768081,1.0,1.0,-0.06404347260537123,-0.001858450617221001
10.966666666666667,18.032998013599205,2.259203230097169,18.173965351385327,2.1326718456387037,-0.5141102022483269,-0.46399999999999997,-0.8674697787079586,-8.998448962716918,50.24694606350903,-103.48275459552696,0.12463227370560866,0.5533662278399764,0.16223938059366594,-6283.247749565788,-5058.716326744968,2081.555594315433,0.4444444444444444,0.0,0.8,0.9970617739712826,1.0,1.0,-0.06403774188463962,-0.0018520126972477648
10.983333333333333,17.99917888741069,2.263659371854476,18.140964538105337,2.124098507130583,-0.5145749656240665,-0.46399999999999997,-0.8644348073557111,-8.997628560933585,50.05636099548825,-103.24777202895163,0.1251077516696838,0.5537486475954106,0.16281543626179837,-6282.684736099494,-5058.199046731347,2084.464582814112,0.4444444444444444,0.0,0.8,0.9970720059646234,1.0,1.0,-0.06403190346983498,-0.0018455331568440433
11.0,17.96533607364776,2.2679720017949014,18.10792636499373,2.115517403721245,-0.5150406923481412,-0.46399999999999997,-0.8636707488309838,-8.997586619323258,49.86803022045847,-103.01168246685843,0.1255772634996486,0.5541246530438135,0.16338626284552316,-6282.4024462733705,-5058.410090905071,2084.780705188947,0.4444444444444444,0.0,0.8,0.9970771420885278,1.0,1.0,-0.06403160499106075,-0.001843901922968273
11.016666666666666,17.931440072817143,2.272130650597879,18.07482007596255,2.1069285333247683,-0.5155073656409749,-0.46399999999999997,-0.8636445634967671,-8.997736533395058,49.68196308865441,-102.77450517046155,0.12604041003923716,0.5544938271252611,0.16395130409250983,-6282.3980889001905,-5058.599270472313,2084.3346094884596,0.4444444444444444,0.0,0.8,0.9970772330137108,1.0,1.0,-0.06403267185921487,-0.001843846018344687
11.033333333333333,17.897491994427778,2.27613514863397,18.0416465685772,2.0983318665606845,-0.5159758096237542,-0.46399999999999997,-0.8636077682190888,-8.997874750436976,49.4981688908249,-102.53625959313034,0.12649714451459212,0.5548559806584976,0.16451060651795293,-6282.391806052013,-5058.785777123039,2083.9005343937283,0.4444444444444444,0.0,0.8,0.9970773585662828,1.0,1.0,-0.06403365548509207,-0.0018437674619233204
11.05,17.86349321088378,2.2799852423190368,18.008406992304554,2.0897273742001174,-0.5164459970238575,-0.46399999999999997,-0.8635605953207055,-8.998001389153593,49.31665675444214,-102.29696528457336,0.12694741309056523,0.5552110591185657,0.16506411759691952,-6282.383580509643,-5058.969742190216,2083.4782198427642,0.4444444444444444,0.0,0.8,0.997077519061619,1.0,1.0,-0.0640345567134572,-0.00184366674970381
11.066666666666666,17.82944509665038,2.283680675531542,17.975102499909884,2.0811150274787034,-0.5169178996530367,-0.46399999999999997,-0.8635033182475924,-8.998116564956687,49.137435642659575,-102.05664188952188,0.1273911611122441,0.5555590072635872,0.16561178388766515,-6282.37346267156,-5059.1512234518395,2083.0673854808083,0.4444444444444444,0.0,0.8,0.997077713588829,1.0,1.0,-0.06403537636564176,-0.0018435444654821918
11.083333333333334,17.79534902821824,2.2872211894469308,17.941734247434468,2.0724947981097035,-0.5173914885857692,-0.46399999999999997,-0.8634362142359298,-8.998220395022095,48.96051435330013,-101.81530914649801,0.1278283330904622,0.5558997690836722,0.16615355105937404,-6282.361504028913,-5059.330278924316,2082.667746735272,0.4444444444444444,0.0,0.8,0.9970779412176966,1.0,1.0,-0.06403611527553123,-0.0018434012011464352
11.1,17.76120638419484,2.290606522447284,17.908303394309623,2.063866658295365,-0.5178667342425103,-0.46399999999999997,-0.8633595586886786,-8.998312996251759,48.785901517850995,-101.57298688657211,0.12825887269045697,0.556233287783493,0.16668936388615394,-6282.347755934686,-5059.506965791903,2082.279021037585,0.4444444444444444,0.0,0.8,0.9970782010207038,1.0000000000000002,1.0,-0.06403677427506192,-0.0018432375446706614
11.116666666666667,17.72701854545713,2.293836410075298,17.87481110353808,2.055230580737291,-0.5183436064370613,-0.46399999999999997,-0.8632736222537303,-8.998394484210866,48.613605600463956,-101.32969503210843,0.12868272272245082,0.556559505770089,0.16721916624002103,-6282.332268961762,-5059.681339858084,2081.9009310566153,0.4444444444444444,0.0,0.8,0.9970784920845108,1.0,1.0,-0.0640373541866571,-0.001843054073877111
11.133333333333333,17.69278689533514,2.2969105850140696,17.84125854191045,2.0465865386462507,-0.5188220744039679,-0.46399999999999997,-0.8631786693566217,-8.998464972591227,48.44363489696071,-101.08545359549844,0.12909982513336146,0.5568783646436488,0.16774290108337014,-6282.315092576991,-5059.853455279112,2081.533206322408,0.4444444444444444,0.0,0.8,0.9970788135157802,1.0000000000000002,1.0,-0.06403785581940803,-0.001842851353303551
11.15,17.6585128198101,2.299828777082554,17.807646880239247,2.037934505751651,-0.5193021068147163,-0.46399999999999997,-0.8630749575157146,-8.998524572958349,48.275997533843324,-100.8402826778815,0.12951012099920808,0.5571898051900364,0.16826051046120588,-6282.296274985304,-5060.0233644489435,2081.175583983908,0.4444444444444444,0.0,0.8,0.9970791644439564,1.0000000000000002,1.0,-0.06403827996727415,-0.0018426299327412108
11.166666666666666,17.62419770771833,2.3025907132411096,17.77397729360112,2.0292744563108136,-0.5197836717875761,-0.46399999999999997,-0.8629627370769597,-8.998573394650842,48.110701467309624,-100.59420246785255,0.12991355051797635,0.5574937673743784,0.16877193549328998,-6282.275863065126,-5060.191117964993,2080.8278091022453,0.4444444444444444,0.0,0.8,0.9970795440224123,1.0,1.0,-0.06403862740836709,-0.0018423903466685126
11.183333333333334,17.589842950956204,2.3051961176040328,17.740250961582262,2.0206063651181267,-0.5202667368937667,-0.46399999999999997,-0.8628422511721117,-8.998611544761223,47.94775448227391,-100.34723324015685,0.1303100530028116,0.5577901903353406,0.16927711636629086,-6282.25390235252,-5060.356764636548,2080.4896346966425,0.4444444444444444,0.0,0.8,0.9970799514287252,1.0,1.0,-0.06403889890481404,-0.0018421331141618652
11.2,17.555449944683584,2.307644711457345,17.706469068524303,2.0119302075141205,-0.5207512691614385,-0.46399999999999997,-0.8627137357943331,-8.99863912815955,47.787164191392954,-100.09939535437147,0.13069956687547016,0.5580790123798867,0.16977599232598448,-6282.230437051023,-5060.520351515256,2080.160821660354,0.4444444444444444,0.0,0.8,0.9970803858644911,1.0,1.0,-0.06403909520292604,-0.0018418587390570725
11.216666666666667,17.521020087524498,2.3099362132808388,17.67263280376931,2.0032459593944867,-0.5212372350782967,-0.46399999999999997,-0.8625774199337961,-8.998656247539031,47.628938034097736,-99.85070925357356,0.13108202965998988,0.5583601709784075,0.17026850166953478,-6282.205510054751,-5060.681923936532,2079.8411386101584,0.4444444444444444,0.0,0.8,0.997080846554903,1.0,1.0,-0.06403921703352251,-0.001841567710238839
11.233333333333333,17.48655478176436,2.3120703387738084,17.638743361903185,1.9945535972190709,-0.5217246005933324,-0.46399999999999997,-0.8624335257422631,-8.998663003472366,47.47308327563094,-99.60119546299524,0.13145737797655954,0.5586336027601577,0.17075458173786895,-6282.179162978024,-5060.841525565897,2079.5303617037616,0.4444444444444444,0.0,0.8,0.9970813327482138,0.9999999999999999,1.0,-0.0640392651123322,-0.001841260501992142
11.25,17.452055433543414,2.314046800884093,17.60480194299709,1.9858530980208344,-0.5222133311179266,-0.46399999999999997,-0.8622822687098866,-8.998659494472646,47.31960700609067,-99.3508745886652,0.13182554753557676,0.5588992435089678,0.1712341689081578,-6282.151436187865,-5060.999198447014,2079.2282744436543,0.4444444444444444,0.0,0.8,0.997081843715146,1.0,1.0,-0.06403924014042656,-0.0018409375743796937
11.266666666666666,17.417523453046247,2.315865309840214,17.57080975284683,1.9771444394148108,-0.522703391526476,-0.46399999999999997,-0.862123857845235,-8.998645817055534,47.16851613948042,-99.09976731603683,0.13218647313188947,0.5591570281592142,0.17170719858640734,-6282.122368837441,-5061.154983049686,2078.9346674773856,0.4444444444444444,0.0,0.8,0.9970823787482862,1.0000000000000002,1.0,-0.06403914280466233,-0.001840599373626287
11.283333333333333,17.38296025468736,2.317525573186443,17.536768003210103,1.9684275996070517,-0.5231947461566326,-0.46399999999999997,-0.8619584958537483,-8.998622065801008,47.019817412765754,-98.84789440860273,0.1325400886392201,0.5594068907920386,0.172173605200166,-6282.0919988993655,-5061.30891831695,2078.649338399575,0.4444444444444444,0.0,0.8,0.9970829371614821,1.0,1.0,-0.06403897377812086,-0.0018402463324997918
11.3,17.348367257292814,2.319027295820673,17.50267791204165,1.9597025574035722,-0.5236873588092088,-0.46399999999999997,-0.8617863793120963,-8.998588333413702,46.8735173849378,-98.59527670649581,0.13288632700477188,0.559648764631814,0.1726333221913508,-6282.060363198345,-5061.461041710769,2078.3720915584436,0.4444444444444444,0.0,0.8,0.9970835182892507,1.0,1.0,-0.06403873372053756,-0.0018398788706834035
11.316666666666666,17.313745884277996,2.3203701800350034,17.468540703726482,1.9509692922193038,-0.5241811927477857,-0.46399999999999997,-0.8616076988371844,-8.99854471078139,46.729622436083886,-98.34193512507684,0.1332251202440195,0.5598825820428566,0.1730862820091952,-6282.027497442869,-5061.611389256116,2078.102737868275,0.4444444444444444,0.0,0.8,0.9970841214862051,1.0,1.0,-0.0640384232787181,-0.0018394973951364627
11.333333333333334,17.279097563821534,2.321553925558954,17.434357609311032,1.9422277840870523,-0.5246762106980472,-0.46399999999999997,-0.8614226392491875,-8.998491287031367,46.58813876646554,-98.08789065350821,0.13355639943568673,0.5601082745263852,0.17353241610332257,-6281.9934362558,-5061.759995583372,2077.8410946284725,0.4444444444444444,0.0,0.8,0.9970847461264993,0.9999999999999999,1.0,-0.06403804308693964,-0.0018391023004425266
11.35,17.244423729035454,2.3225782296052295,17.400129866732524,1.9334780136664744,-0.5251723748468577,-0.46399999999999997,-0.8612313797283706,-8.998428149584706,46.4490723956042,-97.83316435331425,0.13388009471691364,0.5603257727177323,0.17397165491694752,-6281.958213203823,-5061.906893968995,2077.5869853494933,0.4444444444444444,0.0,0.8,0.997085391603296,1.0,1.0,-0.06403759376733698,-0.0018386939691441729
11.366666666666667,17.209725818131652,2.3234427869179686,17.365858721046543,1.924719962253069,-0.525669646841099,-0.46399999999999997,-0.8610340939656604,-8.998355384208244,46.31242916137473,-97.57777735692768,0.13419613527861657,0.5605350063838076,0.17440392788020792,-6281.921860825736,-5062.052116374474,2077.3402395856983,0.4444444444444444,0.0,0.8,0.9970860573282526,1.0000000000000002,1.0,-0.06403707593027247,-0.0018382727720644661
11.383333333333333,17.175005274584716,2.3241472898234132,17.331545424652884,1.9159536117871903,-0.5261679877862749,-0.46399999999999997,-0.8608309503070002,-8.998273075064471,46.178214719107174,-97.32175086622254,0.13450444936104514,0.5607359044208206,0.1748291634036318,-6281.884410659564,-5062.195693483628,2077.10069277507,0.4444444444444444,0.0,0.8,0.9970867427310306,1.0,1.0,-0.06403649017469108,-0.001837839068615149
11.4,17.140263547291188,2.3246914282829443,17.297191237519787,1.907178944863088,-0.5266673582448992,-0.46399999999999997,-0.8606221118916051,-8.99818130475921,46.046434540696865,-97.06510615103323,0.13480496424954042,0.5609283948522652,0.17524728887174218,-6281.845893268551,-5062.337654738259,2076.868186085683,0.4444444444444444,0.0,0.8,0.9970874472588239,1.0,1.0,-0.06403583708845975,-0.0018373932070918106
11.416666666666666,17.10550209072528,2.3250748899484117,17.26279742740659,1.898395944737977,-0.5271677182346716,-0.46399999999999997,-0.8604077367842504,-8.998080154387232,45.91709391372329,-96.80786454765986,0.1350976062704986,0.5611124048271723,0.17565823063680341,-6281.806338266022,-5062.478028372208,2076.6425662687766,0.4444444444444444,0.0,0.8,0.9970881703759087,1.0,1.0,-0.06403511724869189,-0.0018369355249563176
11.433333333333334,17.070722365091218,2.325297360219719,17.22836527008498,1.8896045953411362,-0.5276690272264546,-0.46399999999999997,-0.8601879781016997,-8.997969703575784,45.79019794057782,-96.55004745735994,0.13538230078754437,0.5612878606186343,0.1760619140127138,-6281.765774339147,-5062.616841443887,2076.4236855182953,0.4444444444444444,0.0,0.8,0.9970889115632097,1.0,1.0,-0.06403433122205733,-0.0018364663491067326
11.45,17.035925836472067,2.3253585223046014,17.193896049558724,1.880804881283047,-0.5281712441420577,-0.46399999999999997,-0.8599629841334562,-8.997850030526145,45.665751537600684,-96.29167634482614,0.13565897219792047,0.5614546876226089,0.17645826326904787,-6281.72422927166,-5062.754119867293,2076.2114013367286,0.4444444444444444,0.0,0.8,0.9970896703178913,1.0,1.0,-0.06403347956507788,-0.0018359859961351148
11.466666666666667,17.00111397697535,2.3252580572805495,17.15939105828219,1.871996787864568,-0.5286743273518391,-0.46399999999999997,-0.8597328984569221,-8.99772121205322,45.54375943422743,-96.03277273665039,0.13592754392909698,0.5616128103570062,0.17684720162525394,-6281.681729965505,-5062.889888441568,2076.005576407114,0.4444444444444444,0.0,0.8,0.9970904461529617,1.0,1.0,-0.06403256282440921,-0.001835494772573378
11.483333333333333,16.966288264875246,2.3249956441588293,17.12485159737745,1.863180301086153,-0.5291782346721297,-0.46399999999999997,-0.8594978600471328,-8.997583323623163,45.42422617214508,-95.77335821977412,0.13618793843560784,0.5617621524610669,0.17722865124501055,-6281.638302461487,-5063.024170879141,2075.8060784710565,0.4444444444444444,0.0,0.8,0.9970912385968989,1.0,1.0,-0.06403158153710853,-0.0018349929751275704
11.5,16.931450184751647,2.3245709599505537,17.09027897685032,1.854355407657113,-0.5296829233624927,-0.46399999999999997,-0.8592580033811557,-8.997436439389196,45.30715610445827,-95.51345443992483,0.1364400771961189,0.5619026366950373,0.17760253323074804,-6281.593971958915,-5063.1569898324915,2075.612780212633,0.4444444444444444,0.0,0.8,0.9970920471932923,1.0,1.0,-0.06403053623088957,-0.0018344808909007625
11.516666666666666,16.89660122762593,2.323983679734758,17.0556745158051,1.8455220950049256,-0.530188350122821,-0.46399999999999997,-0.8590134585372928,-8.99728063222554,45.19255339486575,-95.25308310003874,0.13668388071073503,0.5620341849401481,0.17796876761834018,-6281.548762834277,-5063.288366919558,2075.425559148059,0.4444444444444444,0.0,0.8,0.9970928715005047,1.0000000000000002,1.0,-0.06402942742436399,-0.001833958797604838
11.533333333333333,16.861742891093645,2.323233476728441,17.02103954265834,1.8366803512845942,-0.5306944710902823,-0.46399999999999997,-0.858764351289173,-8.997115973759552,45.08042201684724,-94.99226595866982,0.13691926849855215,0.5621567181989049,0.1783272733719714,-6281.502698658951,-5063.4183227478425,2075.2442975209974,0.4444444444444444,0.0,0.8,0.9970937110913484,1.0,1.0,-0.0640282556272701,-0.0018334269637613795
11.55,16.82687667945404,2.3223200223585265,16.98637539535146,1.8278301653880606,-0.5312012418361208,-0.46399999999999997,-0.8585108031948316,-8.996942534402105,44.97076575286129,-94.73102482838497,0.1371461590954614,0.5622701565956957,0.17867796837918565,-6281.45580221599,-5063.546876937225,2075.068882203408,0.4444444444444444,0.0,0.8,0.9970945655527793,1.0,1.0,-0.06402702134068906,-0.0018328856488918487
11.566666666666666,16.792004103836543,2.3212429863357116,16.951683421562475,1.818971526953671,-0.5317086173623187,-0.46399999999999997,-0.8582529316808827,-8.996760383376213,44.863588193554016,-94.46938157414549,0.13736447005221217,0.5623744193777264,0.17902076944612333,-6281.4080955159825,-5063.67404814152,2074.8992046018393,0.4444444444444444,0.0,0.8,0.9970954344856088,1.0,1.0,-0.06402572505724861,-0.0018323351036972908
11.583333333333334,16.757126682324188,2.3200020367301524,16.916964978916678,1.8101044263757002,-0.532216552098128,-0.46399999999999997,-0.8579908501218299,-8.996569588743917,44.758892736979305,-94.20735811167475,0.13757411793274216,0.5624694249162898,0.17935559229295286,-6281.359599811998,-5063.79985406881,2074.7351605690737,0.4444444444444444,0.0,0.8,0.9970963175042282,1.0,1.0,-0.06402436726131439,-0.00183177557022766
11.6,16.722245940074053,2.3185968400489676,16.882221435196502,1.801228854813934,-0.5327249998964784,-0.46399999999999997,-0.857724667914634,-8.996370217431537,44.656682587830524,-93.9449764058124,0.1377750183127816,0.5625550907083778,0.17968235154950327,-6281.310335613667,-5063.924311500565,2074.5766503210493,0.4444444444444444,0.0,0.8,0.9970972142363548,1.0,1.0,-0.06402294842916961,-0.0018312072820410186
11.616666666666667,16.687363409434745,2.317027061315511,16.84745416855051,1.7923448042033125,-0.533233914030268,-0.46399999999999997,-0.8574544905485513,-8.9961623352532,44.55696075668419,-93.68225846885458,0.13796708577873998,0.5626313333786442,0.18000096075110525,-6281.260322700354,-5064.047436309568,2074.4235783589834,0.4444444444444444,0.0,0.8,0.9970981243227873,1.0,1.0,-0.06402146902918258,-0.0018306304643526383
11.633333333333333,16.652480630060925,2.3152923641503866,16.812664567701557,1.7834522672636384,-0.5337432471885434,-0.46399999999999997,-0.8571804196703334,-8.99594600693271,44.45973005925573,-93.4192263588808,0.13815023392688397,0.5626980686817298,0.18031133233464863,-6281.209580133477,-5064.169243476689,2074.2758533966517,0.4444444444444444,0.0,0.8,0.9970990474171818,1.0,1.0,-0.06401992952196225,-0.0018300453341741998
11.65,16.61759914902496,2.3133924108541777,16.777854032154195,1.7745512375093468,-0.5342529514725768,-0.46399999999999997,-0.856902553144814,-8.995721296123799,44.36499311566767,-93.155902178067,0.13832437536281486,0.5627552115049553,0.18061337763486301,-6281.158126267963,-5064.289747106484,2074.1333882927556,0.4444444444444444,0.0,0.8,0.9970999831858398,1.0,1.0,-0.06401833036050239,-0.0018294521004431428
11.666666666666666,16.582720520925704,2.311326862491851,16.743023972401367,1.7656417092593455,-0.5347629783918456,-0.46399999999999997,-0.8566209851109348,-8.995488265428753,44.27275234973053,-92.89230807098508,0.13848942170125472,0.5628026758713957,0.18090700688083033,-6281.105978762859,-5064.4089604416695,2073.996099988348,0.4444444444444444,0.0,0.8,0.9971009313075143,0.9999999999999999,1.0,-0.06401667199031409,-0.0018288509641422792
11.683333333333334,16.54784630799442,2.309095378978816,16.708175810130378,1.7567236776469186,-0.5352732788599227,-0.46399999999999997,-0.8563358060332258,-8.99524697641538,44.18300998823669,-92.62846622288913,0.13864528356615102,0.5628403749433427,0.18119212919273775,-6281.053154591084,-5064.526895876455,2073.863909449283,0.4444444444444444,0.0,0.8,0.9971018914732284,1.0,1.0,-0.06401495484954663,-0.0018282421184097014
11.7,16.51297808019794,2.3066976191686055,16.67331097842824,1.7477971386297035,-0.5357838031902824,-0.46399999999999997,-0.8560471027487677,-8.994997489632379,44.09576806026746,-92.36439885798778,0.13879187059110845,0.5628682210261676,0.18146865257887917,-6280.999670048342,-5064.643564968762,2073.7367416136676,0.4444444444444444,0.0,0.8,0.9971028633861092,1.0,1.0,-0.06401317936909665,-0.0018276257486390453
11.716666666666667,16.478117415338993,2.3041332409421615,16.638430921986387,1.7388620889997355,-0.5362945010920298,-0.46399999999999997,-0.8557549585096604,-8.994739864623128,44.01102839651372,-92.10012823770354,0.13892909142015958,0.562886125572595,0.1817364839329151,-6280.945540761209,-5064.75897845133,2073.6145253442996,0.4444444444444444,0.0,0.8,0.9971038467612405,1.0,1.0,-0.06401134597270645,-0.0018270020325701578
11.733333333333333,16.443265899153815,2.3014019012986866,16.603537097304777,1.7299185263935668,-0.53680532166556,-0.46399999999999997,-0.8554594530209643,-8.994474159937774,43.92879262861034,-91.83567665891849,0.13905685370888313,0.5628939991873965,0.18199552903139957,-6280.890781694355,-5064.873146241706,2073.497193386099,0.4444444444444444,0.0,0.8,0.9971048413255234,0.9999999999999999,1.0,-0.06400945507705003,-0.0018263711403701012
11.75,16.408425125407025,2.2985032564480576,16.568630972895463,1.720966449302458,-0.537316213398154,-0.46399999999999997,-0.8551606624741563,-8.994200433143787,43.84906218848462,-91.57106645220675,0.13917506412588176,0.5628917516325184,0.18224569253158443,-6280.835407156956,-5064.986077451126,2073.3846823285303,0.4444444444444444,0.0,0.8,0.9971058468175586,1.0000000000000002,1.0,-0.06400750709180804,-0.0018257332347045802
11.766666666666666,16.373596695983785,2.295436961904761,16.533714029485623,1.7120058570826406,-0.5378271241595171,-0.46399999999999997,-0.8548586595760432,-8.993918740834827,43.77183830771921,-91.30631998005379,0.13928362835462982,0.562879291832653,0.18248687796951088,-6280.779430808238,-5065.097780392286,2073.2769325730424,0.4444444444444444,0.0,0.8,0.9971068629875399,1.0,1.0,-0.064005502419731,-0.0018250884707996702
11.783333333333333,16.33878222097933,2.2922026725833473,16.498787760220097,1.7030367499656602,-0.5383380011972675,-0.46399999999999997,-0.854553513573133,-8.993629138638015,43.69712201692948,-91.04145963506235,0.13938245109570288,0.5628565278812659,0.1827189877583989,-6280.722865662192,-5065.208262586006,2073.173888305548,0.4444444444444444,0.0,0.8,0.997107889597163,1.0000000000000002,1.0,-0.0640034414566911,-0.0018244369964938497
11.8,16.30398331878579,2.288800042895372,16.463853670863426,1.6940591290687892,-0.5388487911323823,-0.46399999999999997,-0.854245290271417,-8.99333168121951,43.62491414515599,-90.77650783814552,0.13947143606940088,0.5628233670470919,0.18294192318734503,-6280.665724091429,-5065.317530766761,2073.075497473993,0.4444444444444444,0.0,0.8,0.9971089264195518,1.0,1.0,-0.06400132459172173,-0.0018237789522802337
11.816666666666666,16.269201616176463,2.285228726847816,16.428913280001492,1.6850729964055204,-0.5393594399546067,-0.46399999999999997,-0.8539340520515182,-8.993026422288466,43.55521531927205,-90.51148703670651,0.13955048601877648,0.5627797157811109,0.1831555844203404,-6280.608017830171,-5065.425590887104,2072.981711771055,0.4444444444444444,0.0,0.8,0.9971099732391965,1.0,1.0,-0.06399915220704575,-0.0018231144713389148
11.833333333333334,16.23443874838744,2.281488378142972,16.39396811924267,1.6760783548961344,-0.5398698930178341,-0.46399999999999997,-0.853619857879161,-8.992713414599244,43.48802596340675,-90.24641970280575,0.13961950271308246,0.5627254797240192,0.18335987049562033,-6280.54975797638,-5065.532448120923,2072.892486622045,0.4444444444444444,0.0,0.8,0.9971110298519094,0.9999999999999999,1.0,-0.06399692467809122,-0.001822443679559317
11.85,16.199696359196682,2.2775786502797666,16.359019733418638,1.6670752083783462,-0.5403800950354637,-0.46399999999999997,-0.8533027633108783,-8.992392709951963,43.42334629838376,-89.98132833131483,0.13967838695164952,0.5626605637142067,0.18355467932535702,-6280.490954992999,-5065.638106865571,2072.8077811780813,0.4444444444444444,0.0,0.8,0.9971120960647966,1.0,1.0,-0.0639946423734953,-0.0018217666955523786
11.866666666666667,16.164976101000576,2.2734991966565303,16.324069680784802,1.6580635616180284,-0.5408899900757445,-0.46399999999999997,-0.8529828204948935,-8.992064359191263,43.36117634117628,-89.71623543805794,0.13972703856820903,0.5625848717962547,0.18373990769570892,-6280.431618708294,-5065.742570742804,2072.7275583146256,0.4444444444444444,0.0,0.8,0.9971131716962434,1.0,1.0,-0.06399230565509544,-0.001821083630652435
11.883333333333333,16.13027963488796,2.2692496706751872,16.289119533220347,1.6490434203200122,-0.5413995215571109,-0.46399999999999997,-0.8526600781670772,-8.991728412203324,43.301515904378135,-89.45116355794033,0.139765356435674,0.5624983072299687,0.18391545126723854,-6280.37175831529,-5065.845842598539,2072.651784635486,0.4444444444444444,0.0,0.8,0.9971142565759178,1.0,1.0,-0.0639899148779082,-0.0018203945889085885
11.9,16.095608630711656,2.264829725846865,16.254170876427967,1.6400147911389666,-0.5419086322435194,-0.46399999999999997,-0.8523345816418817,-8.991384917911052,43.244364595691586,-89.1861352430645,0.13979323847139255,0.5624007724999605,0.18408120457571286,-6280.311382370269,-5065.947924501396,2072.580430482394,0.4444444444444444,0.0,0.8,0.9971153505447896,1.0,1.0,-0.06398747039009497,-0.0018196996670653514
11.916666666666666,16.060964767157603,2.2602390158989163,16.21922531013333,1.6309776816903547,-0.5424172642397922,-0.46399999999999997,-0.8520063727981395,-8.991033924267455,43.18972181743209,-88.92117306083361,0.13981058164288818,0.5622921693257923,0.18423706103329937,-6280.250498790324,-5066.048817740001,2072.513469950297,0.4444444444444444,0.0,0.8,0.9971164534551674,1.0,1.0,-0.06398497253291481,-0.0018189989545323285
11.933333333333334,16.02634973181151,2.255477194883345,16.1842844482842,1.6219321005614669,-0.5429253589869785,-0.46399999999999997,-0.8516754900595893,-8.990675478247041,43.13758676605009,-88.65629959204263,0.13981728197410206,0.5621723986727012,0.18438291293017256,-6280.189114849916,-5066.148522819014,2072.450880908493,0.4444444444444444,0.0,0.8,0.9971175651707496,1.0,1.0,-0.06398242164066327,-0.0018182925333426383
11.95,15.991765221223178,2.2505439172866413,16.149349919249353,1.6128780573225328,-0.5434328572577386,-0.46399999999999997,-0.8513419683699996,-8.990309625835371,43.08795843167048,-88.39153742895725,0.13981323455215267,0.5620413607629164,0.1845186514365452,-6280.127237176467,-5066.247039453858,2072.392645027794,0.4444444444444444,0.0,0.8,0.9971186855666977,1.0,1.0,-0.06397981804059803,-0.0018175804780998061
11.966666666666667,15.957212940968418,2.245438838141019,16.114423366017228,1.6038155625379082,-0.543939699151762,-0.46399999999999997,-0.8510058391627231,-8.989936412016519,43.04083559764963,-88.12690917338055,0.13979833353462867,0.5618989550875862,0.18464416660513938,-6280.064871744882,-5066.344366564106,2072.3387478138634,0.4444444444444444,0.0,0.8,0.997119814529724,1.0,1.0,-0.06397716205284966,-0.001816862855912761
11.983333333333333,15.922694605708713,2.2401616131370603,16.079506446394372,1.5947446277773396,-0.5444458240912263,-0.46399999999999997,-0.8506671303245064,-8.989555880758534,42.99621684015061,-87.86243743470766,0.1397724721574311,0.5617450804193308,0.1847593473741137,-6280.002023871035,-5066.440502265488,2072.2891786469504,0.4444444444444444,0.0,0.8,0.9971209519581994,1.0,1.0,-0.06397445399031812,-0.0018161397263185728
12.0,15.884415697232194,2.2366777328330745,16.041115588481613,1.5856731875838297,-0.5440843370085775,-0.539,-1.2192393754317612,-8.781163518829734,42.954083865367274,-87.59817666538025,0.13988985982517968,0.6367102844379893,0.18491387937289328,-6331.071024771161,-5006.055281900063,2068.941311277672,0.4444444444444444,0.0,1.0,0.996194377674362,1.0,1.0,-0.062491423265887844,-0.002603026479662812
12.016666666666666,15.840928867110378,2.2357830494649735,15.997929654087299,1.5766157505261824,-0.5430867236225125,-0.58,-1.4307761307354252,-8.648575204952927,42.91438231239001,-87.33424163136668,0.14021350179471406,0.6779654192710234,0.18524306141639926,-6387.194389517246,-4939.518136884353,2065.142279621935,0.4444444444444444,0.0,1.0,0.9951760275198046,1.0000000000000002,1.0,-0.06154785440683872,-0.0030546488489636703
12.033333333333333,15.796871460937783,2.2346365066055505,15.954145175158864,1.5675732434730705,-0.5422287768144555,-0.58,-1.4306598682396907,-8.64827590832121,42.87708605206064,-87.07069221542866,0.14052827459993097,0.6782419205186129,0.18561601961230131,-6387.58643154155,-4939.095294572062,2065.0151489280374,0.4444444444444444,0.0,1.0,0.9951690171605567,1.0,1.0,-0.06154572445305132,-0.003054400633263713
12.05,15.752865353812009,2.2328700979062392,15.910326072379993,1.5585450311945581,-0.541371129091958,-0.58,-1.4303276875556103,-8.64805106572244,42.842191136292406,-86.80755060249504,0.1408057530498299,0.6784804821957993,0.1859526868618203,-6387.5248381454985,-4939.216012964811,2064.906191114209,0.4444444444444444,0.0,1.0,0.995170173210601,1.0000000000000002,1.0,-0.06154412435370483,-0.003053691441013104
12.066666666666666,15.708916078850908,2.230485940919275,15.866477614928247,1.5495311114628558,-0.5405136370903636,-0.58,-1.429997547772331,-8.647802856736865,42.809693721313764,-86.54483834668713,0.14104571311443223,0.6786810609796778,0.18625258314447404,-6387.463850296828,-4939.336357942311,2064.7960006846824,0.4444444444444444,0.0,1.0,0.9951712971283089,1.0,1.0,-0.06154235796673997,-0.003052986606002701
12.083333333333334,15.665029147080304,2.227486285180552,15.822605137256726,1.540531481807498,-0.5396562756942997,-0.58,-1.4296635902027215,-8.647529323934341,42.77958976963176,-86.28257693180443,0.1412479359566608,0.6788434460610984,0.1865154824551085,-6387.402325067217,-4939.45507538374,2064.691115928501,0.4444444444444444,0.0,1.0,0.9951724224156677,1.0000000000000002,1.0,-0.06154041136204425,-0.0030522736201737534
12.1,15.621210095244935,2.223873428079887,15.778714075104538,1.5315461410926714,-0.538798937073607,-0.58,-1.42932248335832,-8.647229470433526,42.75187505084171,-86.02078776816971,0.14141220242250888,0.6789674348432649,0.18674115045646839,-6387.339576344638,-4939.571471531408,2064.595269153416,0.4444444444444444,0.0,1.0,0.9951735660280592,1.0,1.0,-0.0615382774452806,-0.0030515453709338888
12.116666666666667,15.57746445729637,2.219649687435126,15.734809933814343,1.5225750905316937,-0.537941463529951,-0.58,-1.4289723774300491,-8.64690286233469,42.726545142733485,-85.75949219007386,0.14153829169233917,0.6790528284608961,0.1869293460431691,-6387.2752173742665,-4939.685151545122,2064.51056368268,0.4444444444444444,0.0,1.0,0.9951747368760264,1.0,1.0,-0.061535953128588096,-0.0030507979090159585
12.133333333333333,15.533797748062357,2.2148173851531014,15.690898270248379,1.5136183343012104,-0.537083667059052,-0.58,-1.4286122741830451,-8.646549391997743,42.70359543256449,-85.49871145360147,0.14162598050492406,0.6790994291329505,0.1870798223055602,-6387.209036977397,-4939.795891104104,2064.438167655829,0.4444444444444444,0.0,1.0,0.9951759396883351,0.9999999999999998,1.0,-0.061533437645942685,-0.0030500291032291276
12.15,15.490215454087997,2.209378837494731,15.646984682731564,1.5046758799172189,-0.5362253409905733,-0.58,-1.4282416565198106,-8.64616913752979,42.68302111843302,-85.23846673468238,0.1416750427251582,0.6791070386220123,0.18719232712537937,-6387.14092442209,-4939.9035615961675,2064.3787206744064,0.4444444444444444,0.0,1.0,0.9951771769354225,1.0,1.0,-0.06153073155319603,-0.0030492378495912695
12.166666666666666,15.446723028670501,2.2033363492594495,15.603074805705045,1.4957477384693032,-0.535366266920999,-0.58,-1.4278602713202109,-8.645762279917214,42.66481721071362,-84.97877912727776,0.14168524911788058,0.6790754573544301,0.1872666035534705,-6387.070824767747,-4940.008086418937,2064.3325718918136,0.4444444444444444,0.0,1.0,0.9951784498645239,1.0,1.0,-0.061527836138343325,-0.0030484236077011908
12.183333333333334,15.40332588933895,2.1966922102963187,15.559174307139697,1.486833924770339,-0.5345062188499753,-0.58,-1.4274680021204036,-8.645329054210135,42.64897853353276,-84.719669641647,0.14165636724598288,0.6790044839354579,0.18730239005916013,-6386.998712514321,-4940.109415387241,2064.2999195384327,0.4444444444444444,0.0,1.0,0.9951797590790451,1.0,1.0,-0.061524753074126075,-0.003047586128913326
12.2,15.360029416757294,2.189448693400156,15.515288887567678,1.4779344574556947,-0.5336449656540448,-0.58,-1.4270647942838297,-8.644869720710464,42.6354997262724,-84.4611592026634,0.14158816144431735,0.6788939149014732,0.1872994207047578,-6386.924576072524,-4940.207509683781,2064.2808929158773,0.4444444444444444,0.0,1.0,0.9951811048701074,1.0,1.0,-0.06152148421299092,-0.0030467252965808416
12.216666666666667,15.316838954454912,2.181608053036402,15.471424280064868,1.4690493590521763,-0.532782272571088,-0.58,-1.4266506107895358,-8.644384547879872,42.62437524509474,-84.20326864816018,0.14148039284072267,0.6787435446154938,0.18725742527716435,-6386.8484085846285,-4940.302332947758,2064.275600850098,0.4444444444444444,0.0,1.0,0.9951824874091683,1.0,1.0,-0.06151803146545369,-0.003045841031665509
12.233333333333333,15.273759809037989,2.173172524566156,15.427586250794821,1.460178656028761,-0.531917902095702,-0.58,-1.4262254058454187,-8.643873802100538,42.6155993644843,-83.94601872729558,0.14133281940723763,0.6785531652502927,0.18717612939578696,-6386.770202456162,-4940.393845931332,2064.284160620681,0.4444444444444444,0.0,1.0,0.9951839068615295,1.0,1.0,-0.061514396727231455,-0.0030449332364030496
12.25,15.230797250680542,2.16414432377732,15.383780599887517,1.451322378836301,-0.53105161452377,-0.58,-1.4257891088423602,-8.643337741430766,42.609166178805516,-83.68943009893012,0.14114519603153844,0.6783225668260398,0.18705525460835157,-6386.689946046467,-4940.482003221389,2064.306715564046,0.4444444444444444,0.0,1.0,0.9951853634544515,0.9999999999999998,1.0,-0.061510581834804144,-0.003044001760045869
12.266666666666666,15.187956513778882,2.154525646607403,15.340013162521323,1.442480561940463,-0.5301831682882969,-0.58,-1.4253416142631807,-8.642776611675203,42.6050696038749,-83.43352333001218,0.14091727460278106,0.6780515372828358,0.18689451848167005,-6386.607621606401,-4940.566751145829,2064.3434461543493,0.4444444444444444,0.0,1.0,0.9951868575192222,1.0,1.0,-0.061506588537448184,-0.003043046377319079
12.283333333333333,15.145242797703279,2.1443186689907057,15.296289810132558,1.4336532438504461,-0.5293123201714248,-0.58,-1.424882774968186,-8.642190643779628,42.60330337854759,-83.17831889396915,0.1406488041084953,0.6777398625765241,0.1866936346917228,-6386.523203926816,-4940.648026346004,2064.3945773860373,0.4444444444444444,0.0,1.0,0.9951883895183957,1.0,1.0,-0.06150241847869639,-0.003042066774085417
12.3,15.102661267609887,2.1335255467906578,15.252616451709924,1.4248404671449761,-0.5284388254435305,-0.58,-1.4244123973346365,-8.641580051964425,42.60386106631824,-82.92383716910228,0.1403395307406545,0.6773873267909258,0.186452313115811,-6386.436659381137,-4940.725754708564,2064.4603841260423,0.4444444444444444,0.0,1.0,0.9951899600647647,1.0000000000000002,1.0,-0.061498073183054794,-0.0030410625369682084
12.316666666666666,15.060217055293409,2.1221484157948587,15.208999035150574,1.4160422784964517,-0.527562437960042,-0.58,-1.4239302373441136,-8.640945032247908,42.606736056936704,-82.67009843698422,0.13998919800993206,0.6769937122625178,0.18617025992858496,-6386.347945173897,-4940.799850473434,2064.5411954283186,0.4444444444444444,0.0,1.0,0.9951915699359424,1.0,1.0,-0.06149355404549381,-0.003040033144998054
12.333333333333334,15.017915260071385,2.1101893917604375,15.165443548666266,1.4072587286937444,-0.5266829102345351,-0.58,-1.4234359970720143,-8.64028576114942,42.61192156803871,-82.41712288085775,0.13959754686769676,0.6765587997152701,0.18584717770319417,-6386.257008682249,-4940.8702154069115,2064.6373984088937,0.4444444444444444,0.0,1.0,0.9951932200868733,0.9999999999999998,1.0,-0.06148886232221885,-0.003038977962118044
12.35,14.975760949697323,2.0976505705035065,15.121956022235118,1.3984898726639179,-0.5257999934994704,-0.58,-1.4229293212434981,-8.639602394443656,42.619410646792176,-82.16493058403526,0.1391643158356316,0.6760823684044108,0.18548276551848517,-6386.163786821394,-4940.936737970764,2064.749442049466,0.4444444444444444,0.0,1.0,0.9951949116616834,1.0,1.0,-0.061483999121805355,-0.0030378962298308423
12.366666666666667,14.933759161303843,2.084534028030299,15.078542529098849,1.3897357694930002,-0.5249134377616417,-0.58,-1.4224097936420637,-8.638895065884746,42.62919617155968,-81.91354152829778,0.13868924114307382,0.6755641962685007,0.18507671907299095,-6386.0682053902665,-4940.999292442579,2064.877841164097,0.4444444444444444,0.0,1.0,0.9951966460057489,1.0,1.0,-0.061478965396118766,-0.0030367870595311448
12.383333333333333,14.891914902379643,2.070841820710022,15.035209187308253,1.3809964824458427,-0.5240229918568563,-0.58,-1.4218769332269017,-8.638163885846195,42.641270853577566,-81.66297559229257,0.13817205687231385,0.6750040600896022,0.18462873080636508,-6385.970178368636,-4941.057737956362,2065.023180686942,0.4444444444444444,0.0,1.0,0.9951984246785656,1.0,1.0,-0.061473761930635556,-0.0030356494242163904
12.4,14.850233151785899,2.0565759854911114,14.991962161321636,1.372272078985048,-0.5231284035068687,-0.58,-1.4213301898541348,-8.63740893983816,42.65562723865253,-81.41325254992825,0.13761249511219056,0.6744017356615628,0.18413849002887397,-6385.869607144941,-4941.111917439982,2065.186120396233,0.4444444444444444,0.0,1.0,0.995200249467827,1.0,1.0,-0.06146838933389141,-0.0030344821493517742
12.416666666666666,14.808718860819203,2.041738540163787,14.948807663662429,1.3635626307889046,-0.5222294193807139,-0.58,-1.4207689395176617,-8.636630286871709,42.67225770887605,-81.16439206876665,0.13701028612039667,0.673756997966601,0.18360568305955755,-6385.766379658633,-4941.1616564298365,2065.367400167209,0.4444444444444444,0.0,1.0,0.9952021224050199,1.0,1.0,-0.061462848025840455,-0.0030332839027096474
12.433333333333334,14.767376954329272,2.0263314836727453,14.905751956643405,1.3548682137682413,-0.5213257851620963,-0.58,-1.4201924790346232,-8.635827957643887,42.69115448435776,-80.91641370840964,0.13636515849497427,0.6730696213604922,0.183029993373687,-6385.660369442957,-4941.206761744626,2065.5678458365155,0.4444444444444444,0.0,1.0,0.9952040457828111,1.0,1.0,-0.06145713822493913,-0.0030320531830232067
12.45,14.726212331900927,2.010356796484673,14.862801354166146,1.3461889080820775,-0.5204172456242351,-0.58,-1.4196000201027632,-8.635001952518445,42.712309624978154,-80.66933691887988,0.13567683935553906,0.672339379766739,0.18241110176018532,-6385.551434554691,-4941.247020000134,2065.788375758154,0.4444444444444444,0.0,1.0,0.9952060221744709,1.0,1.0,-0.06145125993377611,-0.003030788307299193
12.466666666666667,14.685229869110918,1.9938164410160621,14.819962223605478,1.3375247981519416,-0.5195035447134551,-0.58,-1.4189906826546599,-8.634152239276766,42.73571503216176,-80.42318103899375,0.13494505453483396,0.6715660468801778,0.18174868648972273,-6385.439416377166,-4941.2821959458915,2066.030008133613,0.4444444444444444,0.0,1.0,0.9952080544555897,1.0,1.0,-0.06144521292306659,-0.0030294873966294563
12.483333333333333,14.644434418871473,1.9767123621276055,14.777240987789824,1.3288759726746904,-0.5185844256427985,-0.58,-1.418363487428297,-8.63327875061164,42.76136245067142,-80.17796529472479,0.1341695287812741,0.670749396380543,0.18104242349426158,-6385.324138281946,-4941.312030602967,2066.2938692049293,0.4444444444444444,0.0,1.0,0.9952101458283535,0.9999999999999998,1.0,-0.061438996713816724,-0.003028148360329417
12.5,14.603830812873813,1.9590464876923244,14.73464412708981,1.3202425246336529,-0.51765963099698,-0.58,-1.4177173476654068,-8.632381381334088,42.789243470424836,-79.93370879755568,0.13334998597321468,0.6698892021565668,0.18029198655889328,-6385.205404133187,-4941.336239179759,2066.5812024082393,0.4444444444444444,0.0,1.0,0.9952122998486695,1.0,1.0,-0.06143261055744587,-0.003026768878214372
12.516666666666666,14.563423863146351,1.9408207292454993,14.69217818162881,1.311624551307894,-0.516728902850105,-0.58,-1.4170510598390147,-8.631459985259866,42.81934952833429,-79.69043054281651,0.13248614934574746,0.6689852385412652,0.17949704752689277,-6385.082996616913,-4941.354508739855,2066.8933785964623,0.4444444444444444,0.0,1.0,0.9952145204564665,1.0,1.0,-0.06142605341362931,-0.0030253463808031793
12.533333333333333,14.523218363744013,1.9220369827255142,14.649849753630782,1.303022154279369,-0.515791982897704,-0.58,-1.4163632932995307,-8.630514371738286,42.8516719101708,-79.44814940800694,0.13157774173091683,0.6680372805591283,0.17865727651900756,-6384.9566753753015,-4941.3664955926915,2067.231907453038,0.4444444444444444,0.0,1.0,0.9952168120095297,1.0,1.0,-0.06141932392559549,-0.0030238780272130823
12.55,14.483219092587047,1.9026971293158768,14.607665509922688,1.2944354394377127,-0.5148486126048029,-0.58,-1.4156525787147296,-8.629544301781054,42.88620175245379,-79.20688415109936,0.1306244858123394,0.6670451041860099,0.17777234216810575,-6384.826174923575,-4941.371822373772,2067.5984502340852,0.4444444444444444,0.0,1.0,0.9952191793212798,1.0,1.0,-0.061412420392576786,-0.003022360680479538
12.566666666666666,14.44343081346983,1.8828030363999673,14.565632184610687,1.2858645169823764,-0.513898533371949,-0.58,-1.4149172951628115,-8.628549483743264,42.9229300443679,-78.96665340882029,0.1296261043953188,0.6660084866226074,0.17684191187042478,-6384.691202324172,-4941.370074776741,2067.99483399415,0.4444444444444444,0.0,1.0,0.9952216277029512,0.9999999999999998,1.0,-0.061405340739073146,-0.0030207908800004273
12.583333333333334,14.403858278262595,1.8623565586415343,14.523756581951828,1.2773095014217917,-0.5129414867213519,-0.58,-1.414155655719238,-8.627529568502215,42.961847629708224,-78.72747569490616,0.1285823206936682,0.6649272065825099,0.17586565205480223,-6384.551434589602,-4941.360797894316,2068.4230674710843,0.4444444444444444,0.0,1.0,0.995224163010692,0.9999999999999998,1.0,-0.06139808248054202,-0.003019164810764536
12.6,14.364506229331852,1.8413595392055973,14.482045579445503,1.2687705115691996,-0.5119772145055637,-0.58,-1.4133656913569193,-8.626484144072224,43.002945208855785,-78.48936939832996,0.12749285863459048,0.6638010445959196,0.17484322847142364,-6384.406515781577,-4941.343492119132,2068.885358828892,0.4444444444444444,0.0,1.0,0.9952267916981751,0.9999999999999998,1.0,-0.061390642685074485,-0.003017478268979107
12.616666666666667,14.325379402208345,1.8198138111362903,14.440506131172048,1.2602476705347425,-0.5110054591414467,-0.58,-1.4125452329551194,-8.625412729585058,43.04621334078513,-78.25235278149422,0.12635744318312117,0.6626297833302641,0.17377430650179812,-6384.256053769638,-4941.317608548549,2069.3841354840024,0.4444444444444444,0.0,1.0,0.9952295208753786,1.0,1.0,-0.0613830179305568,-0.003015726623659589
12.633333333333333,14.286482528534988,1.7977211989102988,14.399145271409235,1.2517411057133656,-0.5100259638725343,-0.58,-1.4116918911850054,-8.624314768555791,43.09164244510605,-78.01644397838572,0.12517580068782022,0.6614132079290764,0.1726585514918768,-6384.099616607657,-4941.282543829537,2069.922066270761,0.4444444444444444,0.0,1.0,0.9952323583743049,1.0,1.0,-0.0613752042567467,-0.0030139047736860987
12.65,14.247820339331286,1.7750835201869475,14.357970118561383,1.2432509487680177,-0.5090384730633161,-0.58,-1.4108030340081146,-8.62318962134258,43.1392228041418,-77.78166099268624,0.12394765924959941,0.6601511063706754,0.1714956291104576,-6383.936728480822,-4941.237634370457,2070.5020862367146,0.4444444444444444,0.0,1.0,0.9952353128224842,1.0,1.0,-0.06136719711161308,-0.003012007099763563
12.666666666666666,14.209397568615342,1.7519025877787464,14.316987879440196,1.234777335607578,-0.508042732529459,-0.58,-1.4098757614880615,-8.62203655669559,43.1889445650464,-77.54802169583354,0.12267274911580728,0.6588432698483752,0.17028520573528366,-6383.766865169341,-4941.182149835897,2071.1274243979437,0.4444444444444444,0.0,1.0,0.9952383937252465,1.0,1.0,-0.0613589912911938,-0.0030100274106457416
12.683333333333334,14.171218957429815,1.728180211869326,14.276205853941546,1.2263204063588637,-0.5070384899085414,-0.58,-1.4089068775745137,-8.620854742275592,43.24079774196394,-77.31554382502571,0.1213508031019597,0.6574894931741665,0.1690269488695462,-6383.589448967666,-4941.115285828267,2071.8016348302026,0.4444444444444444,0.0,1.0,0.9952416115578693,1.0,1.0,-0.061350580872120794,-0.0030079588828951587
12.7,14.133289258324163,1.70391820250926,14.235631440168138,1.217880305331991,-0.5060254950765277,-0.58,-1.4078928584711257,-8.61964323400489,43.29477221823313,-77.0842449811612,0.11998155704381026,0.6560895752080615,0.16772052759184755,-6383.403842989539,-4941.03615564554,2072.528631523754,0.4444444444444444,0.0,1.0,0.9952449778688646,1.0,1.0,-0.06134195913583583,-0.0030057939933499297
12.716666666666667,14.095613240352318,1.6791183724243712,14.195272140054541,1.209457180978262,-0.5050035006159633,-0.58,-1.4068298171449038,-8.61840096409333,43.35085774864079,-76.85414262670608,0.11856475028280768,0.6546433193155805,0.16636561304308212,-6383.209344779492,-4940.943780987656,2073.31272748959,0.4444444444444444,0.0,1.0,0.9952485053958458,1.0,1.0,-0.061333118483377046,-0.003003524443352702
12.733333333333333,14.05819569465274,1.6537825401757753,14.15513556555864,1.2010511858396498,-0.5039722623427519,-0.58,-1.4057134634721016,-8.617126727558635,43.409043961728365,-76.62525408347886,0.11710012618839082,0.6531505338561828,0.16496187895414977,-6383.005179140219,-4940.837081464636,2074.1586786734556,0.4444444444444444,0.0,1.0,0.9952522081956209,0.9999999999999998,1.0,-0.061324050339450584,-0.0030011410736637562
12.75,14.021041440686673,1.6279125337163083,14.115229445491975,1.1926624764888212,-0.5029315398994012,-0.58,-1.4045390594440492,-8.615819167032962,43.469320362156154,-76.39759653034213,0.1155874327210409,0.6516110327058239,0.16350900221894932,-6382.790490072379,-4940.714862736579,2075.071733313044,0.4444444444444444,0.0,1.0,0.9952561017903805,1.0,1.0,-0.06131474504430599,-0.0029986337688272797
12.766666666666666,13.984155333220562,1.6015101943941392,14.075561633071322,1.1842912134584975,-0.5018810974238183,-0.58,-1.4033013687738891,-8.61447675561605,43.53167633313046,-76.17118700078878,0.11402642304054796,0.6500246358172512,0.16200666351771298,-6382.564331708681,-4940.575803088963,2076.057687464701,0.4444444444444444,0.0,1.0,0.9952602033321319,1.0,1.0,-0.06130519173171008,-0.002995991349583793
12.783333333333333,13.94754227015026,1.5745773814614856,14.036140114284922,1.17593756115879,-0.5008207043041399,-0.58,-1.4019946001500734,-8.613097777498172,43.596101138899705,-75.9460423804092,0.11241685616457255,0.6483911698221502,0.16045454799645437,-6382.325658107017,-4940.418438215307,2077.1229475306873,0.4444444444444444,0.0,1.0,0.9952645317878306,1.0000000000000002,1.0,-0.06129537819104956,-0.0029932014517186746
12.8,13.911207201277925,1.5471159771545442,13.996973017179595,1.1676016877809443,-0.49975013603172896,-0.58,-1.4006123432728597,-8.611680306032962,43.66258392732604,-75.72217940422415,0.11075849768330599,0.6467104686798255,0.15885234600912795,-6382.073311747776,-4940.241143942272,2078.2746007389164,0.4444444444444444,0.0,1.0,0.9952691081480152,1.0,1.0,-0.06128529071128566,-0.0029902503895026847
12.816666666666666,13.875155138167825,1.5191278924202265,13.958068622189609,1.1592837651857248,-0.4986691751664017,-0.58,-1.399147496683463,-8.610222178889469,43.731113732540265,-75.49961465386556,0.10905112053686888,0.6449823743777711,0.1571997539300593,-6381.80601055782,-4940.042116588797,2079.520494666573,0.4444444444444444,0.0,1.0,0.9952739556621703,0.9999999999999998,1.0,-0.06127491390412291,-0.0029871230016101365
12.833333333333334,13.839391165224741,1.4906150733762598,13.919435373644907,1.1509839687743897,-0.4975776124302418,-0.58,-1.3975921862492005,-8.608720969853383,43.801679477688545,-75.27836455458609,0.10729450586306159,0.6432067376902424,0.15549647504532393,-6381.522333257413,-4939.819350599354,2080.8693270602826,0.4444444444444444,0.0,1.0,0.9952791001045115,1.0,1.0,-0.06126423050333172,-0.0029838024770879957
12.85,13.803920452158868,1.4615795086039518,13.881081892615606,1.1427024773399281,-0.49647524794905534,-0.58,-1.3959376729986688,-8.607173956777437,43.874269977780735,-75.05844537207471,0.10548844392421312,0.6413834190018409,0.15374222053306177,-6381.220702796038,-4939.570613030427,2082.3307473920586,0.4444444444444444,0.0,1.0,0.9952845700744399,1.0000000000000002,1.0,-0.06125322113666642,-0.0029802701585877325
12.866666666666667,13.768748268024197,1.432023237387715,13.843016991271726,1.1344394728958682,-0.49536189266373215,-0.58,-1.3941742488049575,-8.605578085098486,43.948873942651545,-74.83987320905383,0.1036327351231956,0.6395122892041439,0.15193671054424282,-6380.89936760795,-4939.293414396891,2083.915471806324,0.4444444444444444,0.0,1.0,0.9952903973365476,1.0,1.0,-0.06124186406623337,-0.002976505319653226
12.883333333333333,13.7338799970441,1.4019483590327086,13.805249688962622,1.1261951404795547,-0.49423736993759443,-0.58,-1.392291118187607,-8.603929926241424,44.0254799800471,-74.62266400162885,0.10172719112021586,0.6375932306746142,0.15007967539719674,-6380.55638037764,-4938.984975298575,2085.6354133637806,0.4444444444444444,0.0,1.0,0.9952966172057962,1.0,1.0,-0.061230134892471234,-0.0029724849123727516
12.9,13.699321156468525,1.3713570434120965,13.76778923024979,1.1179696679263227,-0.4931015173903665,-0.58,-1.3902762642402808,-8.602225630114564,44.10407659885143,-74.40683351535839,0.09977163606380211,0.6356261383484083,0.14817085690132809,-6380.1895739581005,-4938.642188144189,2087.503829778542,0.4444444444444444,0.0,1.0,0.9953032689843502,1.0,1.0,-0.061218006216082775,-0.0029681832811400124
12.916666666666666,13.6650774167427,1.340251542919018,13.730645105160505,1.1097632456104185,-0.4919541889948514,-0.58,-1.3881162963848206,-8.600460870764127,44.184652212469175,-74.1923973410083,0.09776590795152397,0.6336109208953238,0.14621000982792648,-6379.796534029948,-4938.26157316624,2089.535491182516,0.4444444444444444,0.0,1.0,0.9953103964575333,1.0,1.0,-0.0612054472512834,-0.002963571837615239
12.933333333333334,13.631154624308143,1.3086342060260423,13.693827071968547,1.101576066147855,-0.4907952574789409,-0.58,-1.3857962772962602,-8.598630784092135,44.26719514238348,-73.97937088994792,0.09570986013847589,0.6315475020160078,0.14419690354892037,-6379.374568025709,-4937.839227771952,2091.746870843409,0.4444444444444444,0.0,1.0,0.995318048457547,1.0,1.0,-0.06119242338256856,-0.002958618691217135
12.95,13.597558827404175,1.2765074926874482,13.657345182853232,1.0934083240556005,-0.4896246170834683,-0.58,-1.3832995259291387,-8.596729896347348,44.351693621910215,-73.76776938914116,0.09360336301448932,0.6294358218737539,0.1421313238679007,-6378.920669769273,-4937.370768096318,2094.1563622191884,0.4444444444444444,0.0,1.0,0.9953262795049223,1.0,1.0,-0.061178895655817356,-0.002953288228592066
12.966666666666667,13.564296305292814,1.243873991858082,13.621209812839727,1.085260215360554,-0.48844218673593004,-0.58,-1.3806073930931788,-8.594752041865284,44.438135800173264,-73.55760787567864,0.09144630587450434,0.627275838680782,0.14001307507187274,-6378.431479194186,-4936.85126140678,2096.784526263293,0.4444444444444444,0.0,1.0,0.9953351505392557,1.0,1.0,-0.061164820192886736,-0.0029475406344772583
12.983333333333333,13.531373601393398,1.2107364414479764,13.585431692483542,1.0771319371506507,-0.4872479137116494,-0.58,-1.3776990054645992,-8.592690268253621,44.526509746328536,-73.3489011907889,0.08923859901063341,0.6250675304609173,0.137841982237114,-6377.903236403682,-4936.275147746551,2099.654373513879,0.4444444444444444,0.0,1.0,0.9953447297526048,1.0,1.0,-0.06115014751686054,-0.002941331345175364
13.0,13.498797560886764,1.1770977510857943,13.550021944831443,1.0690236870591008,-0.4860417778679911,-0.58,-1.3745509732645451,-8.590536726881748,44.61680345406898,-73.1416639732588,0.08698017605931377,0.6228108970141109,0.13561789382838624,-6377.331729217957,-4935.63614888384,2102.791686221838,0.4444444444444444,0.0,1.0,0.9953550935410462,1.0,1.0,-0.06113482177271493,-0.002934610424459799
13.016666666666666,13.466575373434079,1.142961028128254,13.514992127271151,1.060935662671164,-0.4848237965543727,-0.58,-1.371137056072767,-8.588282546126116,44.70900484644689,-72.93591065218256,0.08467099664273102,0.6205059621124027,0.13334068463778095,-6376.712233217176,-4934.927162244031,2106.2253866133506,0.4444444444444444,0.0,1.0,0.9953663275923862,1.0,1.0,-0.061118779825265035,-0.002927321850100537
13.033333333333333,13.434714621754377,1.1083296074291478,13.480354278975197,1.0528680608409389,-0.4835940303218086,-0.58,-1.3674277803547223,-8.585917684329594,44.803101781055595,-72.73165543894716,0.08231104935059282,0.6181527759618147,0.13101025911791894,-6376.039443128983,-4934.140137023473,2109.9879583631828,0.4444444444444444,0.0,1.0,0.9953785281309205,1.0,1.0,-0.06110195021274559,-0.0029194026973000287
13.049999999999999,13.403223336919812,1.07320708547306,13.446120974751842,1.044821076903322,-0.4823525895815191,-0.58,-1.3633900012427627,-8.583430758833694,44.89908205561848,-72.52891231834869,0.0799003551165763,0.6157514179704218,0.12862655517439184,-6375.307394222757,-4933.265929095694,2114.1159294977824,0.4444444444444444,0.0,1.0,0.9953918033435131,1.0,1.0,-0.061084251930113485,-0.0029107822031138575
13.066666666666666,13.37211006136123,1.037597359588732,13.412305386240792,1.036794903763473,-0.48109964239396374,-0.58,-1.3589863999035132,-8.580808846711857,44.996933414040264,-72.32769503871825,0.07743897105365448,0.6133019998696541,0.12618954849461728,-6374.509372155526,-4932.294130595291,2118.65042627844,0.4444444444444444,0.0,1.0,0.9954062750152163,1.0000000000000002,1.0,-0.06106559301095996,-0.0029013806933505387
13.083333333333334,13.341383920731872,1.0015046730892923,13.378921351535878,1.0287897308427056,-0.47983542360905473,-0.58,-1.354174906417019,-8.578037251938916,45.09664355298354,-72.12801710091777,0.07492699482438454,0.6108046692439366,0.1236992575051679,-6373.637809461118,-4931.21286916693,2123.637809163796,0.4444444444444444,0.0,1.0,0.995422080407254,1.0,1.0,-0.0610458688705649,-0.0028911083504419652
13.1,13.31105470595748,0.9649336673463977,13.345983454484399,1.0208057428555448,-0.47856024562725674,-0.58,-1.3489080364592039,-8.575099232636674,45.1982001290428,-71.92989174604519,0.0723645696365565,0.6082596135333099,0.12115574906773532,-6372.684166579293,-4930.008570751645,2129.130403750256,0.4444444444444444,0.0,1.0,0.9954393744155271,1.0,1.0,-0.06102496036483146,-0.0028798637972874395
13.116666666666667,13.281132967010755,0.9278894419991027,13.313507115106573,1.0128431183875792,-0.47727451111231306,-0.58,-1.3431321281857964,-8.571975680688766,45.301590766598615,-71.73333194166347,0.06975188997190782,0.6056670645850053,0.11855914504597652,-6371.638794979511,-4928.665678392901,2135.1873416734406,0.4444444444444444,0.0,1.0,0.9954583320540367,1.0,1.0,-0.06100273151025527,-0.002867532468031887
13.133333333333333,13.251630120191557,0.8903776247339569,13.281508692802749,1.0049020282374517,-0.4759787280627114,-0.58,-1.3367864635298017,-8.56864474435689,45.40680306644659,-71.53835036633924,0.06708920817658973,0.6030273038434192,0.11590962990251645,-6370.4907795377085,-4927.166317807986,2141.8755288598913,0.4444444444444444,0.0,1.0,0.9954791513147819,1.0,1.0,-0.06097902679826117,-0.0028539847320716983
13.15,13.222558570976446,0.8524044523604988,13.250005604274538,0.996982633478576,-0.4746735277448987,-0.58,-1.3298022556141955,-8.565081382476707,45.51382461530961,-71.3449593922434,0.06437684206758239,0.6003406682839769,0.11320745951857364,-6369.227756868206,-4925.489898292392,2149.270761280627,0.4444444444444444,0.0,1.0,0.9955020564639927,1.0,1.0,-0.06095366802262438,-0.002839073732222013
13.166666666666666,13.19393185482791,0.813976865258568,13.219016458383688,0.9890850831865612,-0.4733596861120752,-0.58,-1.3221014811197103,-8.561256836266555,45.62264299635702,-71.15317106552605,0.06161518374036183,0.5976075572155205,0.11045297146956724,-6367.835705790425,-4923.612634787242,2157.4590115059264,0.4444444444444444,0.0,1.0,0.9955273018440404,1.0000000000000002,1.0,-0.06092645052058082,-0.00282263289186943
13.183333333333334,13.165764798730498,0.7751026177066193,13.188561210513706,0.9812095117663852,-0.4720381494851183,-0.58,-1.3135955332196627,-8.557138001621105,45.733245800872325,-70.96299708413301,0.058804709801159184,0.5948284400987272,0.10764659704060334,-6366.2987055174835,-4921.506973489721,2166.5379129093517,0.4444444444444444,0.0,1.0,0.9955551762611149,0.9999999999999998,1.0,-0.06089713870573543,-0.00280447303904265
13.2,13.138073706653973,0.7357904071335472,13.158661339387917,0.9733560357984594,-0.47071006546582134,-0.58,-1.3041836671079445,-8.552686680831894,45.84562064123026,-70.77444877267627,0.05594599329378758,0.5920038655554166,0.10478887532839758,-6364.598656490431,-4919.140899030218,2176.618472308469,0.4444444444444444,0.0,1.0,0.9955860080508131,1.0,1.0,-0.06086546074290803,-0.002784379087677958
13.216666666666667,13.110876572638052,0.6960500259957115,13.12934004973738,0.9655247503040677,-0.46937682029884276,-0.58,-1.2937512062518937,-8.547858687785535,45.95975516536633,-70.58753705390762,0.05303971764832882,0.5891344717763498,0.10188046985409603,-6362.7149580535115,-4916.4770957315795,2187.8270461038123,0.4444444444444444,0.0,1.0,0.9956201709270016,1.0,1.0,-0.06083110218024855,-0.0027621062080420535
13.233333333333333,13.08419332575263,0.6558925407977407,13.100622504703498,0.9577157243072226,-0.4680400842126152,-0.58,-1.2821674734177582,-8.542602774605468,46.07563707294577,-70.40227241627066,0.05008669304957105,0.586220998574328,0.09892218820857518,-6360.624136389186,-4913.471928496279,2200.307619453003,0.4444444444444444,0.0,1.0,0.9956580907334192,1.0,1.0,-0.06079369831064973,-0.002737375409555566
13.25,13.058046111812567,0.6153305037902914,13.072536092400668,0.9499289955404273,-0.4667018666703991,-0.58,-1.2692834064768546,-8.536859340144591,46.193254133465196,-70.21866487691854,0.04708787571019716,0.5832643013763422,0.09591500537314651,-6358.299415341948,-4910.074200051952,2214.2244324321277,0.4444444444444444,0.0,1.0,0.9957002532318283,1.0,1.0,-0.06075282498069466,-0.0027098684506361623
13.266666666666666,13.03242017166483,0.5744639489562647,13.045075099801718,0.9421641731400076,-0.46543645369002506,-0.58,-1.2614027849469482,-8.51731834181771,46.3125937228825,-70.03672385237404,0.044051090369959967,0.5802653172489234,0.09286446898052997,-6356.245194863827,-4889.121391124176,2222.222222222222,0.4444444444444444,0.0,1.0,0.995737502636089,0.996642687904429,1.0,-0.060613760858398716,-0.0026930436441773955
13.283333333333333,13.007147241896007,0.533740709385897,13.018093505472246,0.93441624504973,-0.46460089039591657,-0.58,-1.2610169968436744,-8.48041503149399,46.433637936573035,-69.85645731125199,0.04101140909120205,0.5772237686895803,0.08983796369661584,-6356.163554813381,-4844.583145356114,2222.222222222222,0.4444444444444444,0.0,1.0,0.9957389436809593,0.9891072909228757,1.0,-0.060351137302829254,-0.0026922200022670407
13.299999999999999,12.982199103291837,0.4933582391575943,12.99157018645768,0.9266769316041725,-0.4642807105074692,-0.58,-1.2606302080029332,-8.440465962769526,46.55636541823707,-69.67787209409401,0.03798439214155042,0.5741451373863116,0.08687078675707367,-6356.091876051902,-4796.202718467374,2222.222222222222,0.4444444444444444,0.0,1.0,0.9957402000288604,0.9809392097954116,1.0,-0.06006683851288128,-0.002691394223822893
13.316666666666666,12.957567464036007,0.45348596087410037,12.9655005341774,0.9189371927888473,-0.4645188985746506,-0.58,-1.260238377064777,-8.397618652592167,46.68075413286277,-69.50097430033331,0.034983491171995604,0.5710382601000162,0.0839810800136062,-6356.01919319639,-4744.169010406407,2222.222222222222,0.4444444444444444,0.0,1.0,0.9957414703636129,0.9721717273653683,1.0,-0.05976191429750179,-0.002690557680705828
13.333333333333334,12.93324346840554,0.4142983710059336,12.939877501478625,0.9111872962504122,-0.4653559991409754,-0.58,-1.2598424300644786,-8.352089615067179,46.80678142172432,-69.32576931296487,0.03202265141139863,0.5679126804175489,0.08118732421683988,-6355.9456799105,-4688.747252559304,2222.222222222222,0.4444444444444444,0.0,1.0,0.9957427511880551,0.9628534353772373,1.0,-0.05943790548605426,-0.002689712349963492
13.35,12.9092177573883,0.3759729596367769,12.914691586485812,0.9034168698758008,-0.4668289401267583,-0.58,-1.2594431842644944,-8.304182442553499,46.93442405132346,-69.15226184107031,0.029116149172290502,0.564778602392639,0.07850807312526385,-6355.8714911962925,-4630.311879402554,2222.222222222222,0.4444444444444444,0.0,1.0,0.9957440393555547,0.9530512553212876,1.0,-0.059096972603002416,-0.002688859976417989
13.366666666666667,12.885480525336531,0.3386876128324881,12.889930863581588,0.8956149763115425,-0.46896964435232646,-0.58,-1.259041321376648,-8.254300334238955,47.063658279759466,-68.98045597972892,0.026278387361844652,0.5616468298055137,0.07596161364367374,-6355.796758414576,-4569.362307300551,2222.222222222222,0.4444444444444444,0.0,1.0,0.9957453321679595,0.9428527987642568,1.0,-0.05874198502790548,-0.0026880020154963387
13.383333333333333,12.862021569107117,0.3026175639254857,12.865581068656514,0.8877702120523799,-0.47180351528264497,-0.58,-1.2586373564808326,-8.202952329406891,47.194459942452255,-68.81035528971425,0.02352365381998639,0.558528682337673,0.07356557017885082,-6355.721583646661,-4506.530830306861,2222.222222222222,0.4444444444444444,0.0,1.0,0.9957466274879558,0.9323673220676222,1.0,-0.05837656535465391,-0.002687139566873164
13.4,12.83883032778456,0.2679320004504679,12.841625743748569,0.8798708321794357,-0.47534789682758966,-0.58,-1.2582316108370815,-8.150752030493214,47.32680455764537,-68.64196289830689,0.020865850554293353,0.5554358867613584,0.07133647029571448,-6355.646034397574,-4442.581104217098,2222.222222222222,0.4444444444444444,0.0,1.0,0.9957479238474132,0.9217250446650819,1.0,-0.05800508030406517,-0.0026862733164255696
13.416666666666666,12.815895911305102,0.23479047462993116,12.818046441497385,0.8719048999900026,-0.4796106231169764,-0.58,-1.257824196803974,-8.098407905176881,47.46066745042261,-68.4752816212146,0.01831820528447787,0.5523804428144701,0.06928929412115517,-6355.570140185491,-4378.396071290763,2222.222222222222,0.4444444444444444,0.0,1.0,0.9957492205233169,0.9110746833689675,1.0,-0.057632571708409096,-0.002685403504034554
13.433333333333334,12.793207117019861,0.20333930010347215,12.794822984704954,0.8638604587271158,-0.48458878273319056,-0.58,-1.2574150218677371,-8.046704888345651,47.59602389217977,-68.31031410404391,0.015892979585259443,0.5493744652821584,0.06743703432592708,-6355.493892389107,-4314.954970630321,2222.222222222222,0.4444444444444444,0.0,1.0,0.9957505175558473,0.9005792059938404,1.0,-0.057264625581225,-0.002684529932186973
13.45,12.770752434377524,0.17370813917125372,12.77193377127261,0.8557257205564468,-0.49026781889166093,-0.58,-1.2570038163428832,-7.996477880905846,47.732849250757525,-68.14706298012301,0.013601189778907355,0.5464300058125509,0.06579029589116232,-6355.417248329097,-4253.300178756669,2222.222222222222,0.4444444444444444,0.0,1.0,0.9957518156901735,0.8904100029138319,1.0,-0.05690718352077717,-0.00268365202511528
13.466666666666667,12.748520039325767,0.14600698772676593,12.749356110547533,0.8474892660703893,-0.49662107018051416,-0.58,-1.256590185733933,-7.948578720819824,47.87111914495841,-67.98553103990231,0.01145235713370647,0.5435588599678138,0.0643569644340997,-6355.340139943094,-4194.495853026872,2222.222222222222,0.4444444444444444,0.0,1.0,0.9957531162345215,0.880739879293711,1.0,-0.05656630765841593,-0.0026827689405876706
13.483333333333333,12.726497781510165,0.12032374653228087,12.727066574303866,0.8391402461582648,-0.5036098258153575,-0.58,-1.2561736845454992,-7.903839099717104,48.010809596137335,-67.82572140583487,0.009454302635112327,0.5407723667260597,0.06314196824775306,-6355.262486650938,-4139.5814778816175,2222.222222222222,0.4444444444444444,0.0,1.0,0.9957544208407564,0.8717354412552745,1.0,-0.05624791675348741,-0.0026818797274896105
