t,vx,vy,speed,yaw,yaw_rate,steering_angle,ax,ay,pos_x,pos_y,sideslip,alpha_f,alpha_r,fy_f,fy_r,f_long,throttle,brake,steer_cmd,util_f,util_r,mu_surface,roll,pitch
0.0,19.801029354191222,-0.0124359947160671,19.801033259390962,-6.941459222575719e-05,-0.009286485718504104,-0.075,1.2901728497645402,-1.578535435301639,50.32331566504996,-0.00010328061958896081,-0.0006280478079455702,0.07435895524272047,-2.7562768628214067e-06,-1794.554309144958,0.0895298912896325,2020.6456281723513,0.4444444444444444,0.0,0.2,0.3072177194142838,0.34071011017673103,1.0,-0.011233696515969635,0.0027544665624745406
0.016666666666666666,19.8192312183757,-0.052077604053967136,19.81929963859172,-0.00054151647934517,-0.042361670696472765,-0.11599999999999999,1.007120892261326,-3.5672188763800134,50.65352788300627,-0.0008037591586844259,-0.002627623827842351,0.11190985303989492,0.0001505508966466793,-4068.32178234808,-3.0996948300963894,2018.6701055689514,0.4444444444444444,0.0,0.2,0.6890121493347976,0.3440472476668433,1.0,-0.025386224070183,0.0021501621450254697
0.03333333333333333,19.835247312584027,-0.09608002528013462,19.83548001240781,-0.0017116453991735479,-0.08763823034673063,-0.11599999999999999,0.9345491405785732,-4.2191560849498275,50.98401445482789,-0.002538919835023432,-0.004843865686263063,0.10690431038197284,0.0008463779940323277,-4793.45868377097,-25.529004792052948,2017.0116503963786,0.4444444444444444,0.0,0.2,0.8090170734032105,0.3449952234741887,1.0,-0.030025755489471177,0.0019952244067008495
0.05,19.850783674564507,-0.13014785298119846,19.85121031468843,-0.003675120934490785,-0.13604766681811536,-0.11599999999999999,0.9114305182012544,-4.456014120869433,51.31475678273924,-0.005462653454372976,-0.006556214119980823,0.10202311609066803,0.0022487192676292223,-5011.29980047166,-86.10909550023852,2015.4268560068606,0.4444444444444444,0.0,0.2,0.8448769988553357,0.3453864394627692,1.0,-0.0317113630681069,0.0019458670881675833
0.06666666666666667,19.866293004593064,-0.15076539751582133,19.866865076036316,-0.006448037069978923,-0.18445504991672637,-0.11599999999999999,0.9047910086302632,-4.58719167406654,51.64574688290019,-0.009634066774782917,-0.0075888593426697865,0.09776956455770691,0.004341554157682148,-5064.5506394658805,-195.91798540874953,2013.8545977264114,0.4444444444444444,0.0,0.2,0.8535726865067522,0.3465465799967559,1.0,-0.03264489220490589,0.0019316920052646507
0.08333333333333333,19.881925432631324,-0.1575542471063208,19.882549691865314,-0.01001306332072676,-0.23130497297037914,-0.11599999999999999,0.9049355483954367,-4.702651732791184,51.976979504639495,-0.015089175719940881,-0.00792433055604241,0.0942995332902276,0.007045144307949305,-5053.045320412999,-357.903376033717,2012.2745708601522,0.4444444444444444,0.0,0.2,0.8516017714841353,0.3500697683594651,1.0,-0.03346656730349551,0.0019320005917848142
0.1,19.89770479243539,-0.15132695790373668,19.898280223554366,-0.014333600661442587,-0.2756260246174834,-0.11599999999999999,0.9079736607552662,-4.834236059578861,52.308449746048524,-0.021862018992336984,-0.007605100287236806,0.09164870591741842,0.010254345112983083,-5015.830575598132,-568.9452531293615,2010.6819712939548,0.4444444444444444,0.0,0.2,0.8454053189621211,0.35787706891141174,1.0,-0.03440299125720199,0.0019384868381119777
0.11666666666666667,19.913586029937754,-0.13344213598716614,19.91403312680254,-0.019360442617098662,-0.3167746100346357,-0.11599999999999999,0.9118920774347826,-4.993250239261003,52.64015199749795,-0.029992079656680073,-0.006700959760302136,0.08979653509025072,0.01385608923612135,-4972.2804081039385,-821.7671290920782,2009.0800018983628,0.4444444444444444,0.0,0.2,0.8381775269313381,0.37170199017506317,1.0,-0.03553462061206896,0.0019468524983593935
0.13333333333333333,19.9294837951512,-0.10550375359632264,19.929763053865372,-0.025036264012887048,-0.3543509227706229,-0.11599999999999999,0.9155069696342731,-5.181470055231987,52.97207931621325,-0.039526733888976304,-0.005293803347880702,0.08869101092573578,0.017739909237088104,-4933.221963434113,-1106.5084850008536,2007.4765039163265,0.4444444444444444,0.0,0.2,0.8317032688400109,0.39246960686335713,1.0,-0.036874092785847336,0.0019545701461863986
0.15,19.945291780345514,-0.06918052456359303,19.945411756795025,-0.0312992237226938,-0.3881569221909167,-0.11599999999999999,0.9181254466651427,-5.395459791097957,53.304223008343925,-0.050521339397728224,-0.00346850013025462,0.08826195395964864,0.021804888215249018,-4904.622872081538,-1412.099413783071,2005.881810065688,0.4444444444444444,0.0,0.2,0.8269660024261054,0.41996573152497935,1.0,-0.0383969573959734,0.0019601604881529454
0.16666666666666666,19.960897199815918,-0.026085914775152118,19.960914245008134,-0.03808597230450572,-0.4181624418642446,-0.11599999999999999,0.9193971743028689,-5.62896851942813,53.63657236122833,-0.06303803530111823,-0.0013068500711006451,0.08842994290734822,0.025963963914826103,-4889.2235879563905,-1727.4898620096187,2004.3071631305877,0.4444444444444444,0.0,0.2,0.8244164893418348,0.4529728100881663,1.0,-0.040058729522989306,0.0019628755749378913
0.18333333333333332,19.976191348817565,0.022299108995860177,19.976203794886448,-0.045334095149593245,-0.4444709615619741,-0.11599999999999999,0.919218740391058,-5.874611800179575,53.96911450805485,-0.0771438737043207,0.0011162838473185663,0.08911284866554094,0.030145947574669218,-4887.546868765763,-2042.6678898135535,2002.7635565689786,0.4444444444444444,0.0,0.2,0.8241390536642021,0.4897175988141125,1.0,-0.041806857569681874,0.0019624946257931434
0.2,19.99107660708825,0.07466890579079513,19.991216054956812,-0.052983974668840896,-0.46728454514424655,-0.11599999999999999,0.917656161267262,-6.125093268214392,54.30183441033224,-0.09290872193703051,0.003735094413596048,0.09023057268393539,0.03429562404883678,-4898.662902244339,-2349.3652334793064,2001.2609523471679,0.4444444444444444,0.0,0.2,0.8259778779979042,0.5283433381528861,1.0,-0.043589416726638644,0.0019591585829144688
0.21666666666666667,20.00547036664708,0.12990886005752256,20.005892154630743,-0.06098007837131607,-0.48687009311596247,-0.11599999999999999,0.9148797157070707,-6.374000322247588,54.6347149378526,-0.11040324815893482,0.006493575593900946,0.09170825860076674,0.03837243320692869,-4920.7955242456155,-2641.396320601427,1999.807828042478,0.4444444444444444,0.0,0.2,0.8296373064320011,0.5672288786928046,1.0,-0.04536077151739041,0.0019532309845624544
0.23333333333333334,20.01930653135838,0.18709162248601938,20.02018075022533,-0.06927172176687049,-0.50352946535994,-0.11599999999999999,0.9111118869047925,-6.616210192127731,54.967737020933534,-0.12969718621795495,0.009345287542791231,0.09347820983628216,0.042348303876844386,-4951.78447316113,-2914.6595435390773,1998.4109877405963,0.4444444444444444,0.0,0.2,0.8347584499483394,0.6051301336305221,1.0,-0.04708446558884221,0.0019451868233084813
0.25,20.032535292132255,0.24546121041024724,20.03403906945228,-0.07781339104469957,-0.5175753065794658,-0.11599999999999999,0.9065891024010639,-6.847987497600443,55.30087984870722,-0.1508579720755832,0.012252514396844154,0.09548077005651304,0.04620516634519246,-4989.4125679595045,-3166.8944937605866,1997.0755633971594,0.4444444444444444,0.0,0.2,0.8409734356323385,0.641194768722523,1.0,-0.04873391599124772,0.0019355308623362193
0.26666666666666666,20.045121823294572,0.30441103534377,20.047433127190107,-0.08656472935223815,-0.5293132729987434,-0.11599999999999999,0.9015364026453985,-7.066878420896561,55.634121089927625,-0.17394976495676137,0.01518512283576743,0.09766443519563141,0.04993253727698067,-5031.6147562513615,-3397.3109416684492,1995.805137765188,0.4444444444444444,0.0,0.2,0.8479400422071517,0.6749098395915532,1.0,-0.05029166005414175,0.0019247435538529074
0.2833333333333333,20.057044418950905,0.36346023784066833,20.060337339343544,-0.09549029106351065,-0.5390303312812215,-0.11599999999999999,0.89615290023832,-7.271500107848359,55.96743711771314,-0.19903281621979055,0.018119342682394415,0.09998544911305594,0.05352541135640127,-5076.592653753806,-3606.189626640284,1994.6019324383801,0.4444444444444444,0.0,0.2,0.8553606232003312,0.7060255352449246,1.0,-0.051747856652834504,0.001913249995162686
0.3,20.068292441495917,0.42223107295038537,20.072733759913397,-0.10455915553879698,-0.5469881424087288,-0.11599999999999999,0.8906053404836125,-7.46129902147794,56.30080322522271,-0.22616312465891483,0.021036607264569334,0.10240709567586853,0.05698255559870689,-5122.860086882175,-3794.520864957762,1993.4670198462416,0.4444444444444444,0.0,0.2,0.8629895608491182,0.7344796336002367,1.0,-0.05309856652420842,0.0019014061807075453
0.31666666666666665,20.078864320678832,0.4804287846341645,20.084611129552258,-0.1137444722634534,-0.5534202853223628,-0.11599999999999999,0.8850271406092238,-7.636323291819631,56.63419382433269,-0.25539231132019896,0.023922524985361893,0.10489885013713049,0.060305207383626616,-5169.242988080562,-3963.7125683252316,1992.4005324027444,0.4444444444444444,0.0,0.2,0.870633143431582,0.7603337953712055,1.0,-0.05434413218714956,0.0018894969508430298
0.3333333333333333,20.088765736300875,0.5378245091608691,20.095963873639654,-0.12302298861580224,-0.5585321147485522,-0.11599999999999999,0.8795207160942755,-7.7970305664372095,56.9675826233799,-0.2867676522697682,0.02676600813365213,0.10743550303618694,0.06349612585698083,-5214.852567099617,-4115.373991046861,1991.4018535515913,0.4444444444444444,0.0,0.2,0.8781450211946724,0.7837247658895351,1.0,-0.05548781050477789,0.0018777409584517905
0.35,20.09800804344442,0.5942412055484638,20.106791139431678,-0.13237459338674354,-0.5625022486517408,-0.11599999999999999,0.8741614629711794,-7.944137257536271,57.30094278285667,-0.32033221807135387,0.02955855772795278,0.10999632738467631,0.06655892739202228,-5259.045614605959,-4251.167163620654,1990.4697837021004,0.4444444444444444,0.0,0.2,0.8854195483653352,0.8048294900521552,1.0,-0.0565346998468341,0.0018662991709966447
0.36666666666666664,20.10660695196095,0.6495423302707911,20.117095922609156,-0.1417818950432906,-0.5654849327045377,-0.11599999999999999,0.8690022994937372,-8.07850652638892,57.634247049734995,-0.35612508012827104,0.0322936892025202,0.11256432743838155,0.06949763633179355,-5301.38115328069,-4372.712201166488,1989.602679366973,0.4444444444444444,0.0,0.2,0.8923845421885119,0.8238415605582144,1.0,-0.057490942927354474,0.0018552845667972554
0.3833333333333333,20.11458144516518,0.7036228609029719,20.12688430544004,-0.15122984368936257,-0.5676127650369823,-0.11599999999999999,0.8640781040211813,-8.20106870198499,57.967467872101054,-0.3941815544648269,0.034966478266878945,0.1151255847985522,0.0723163919819776,-5341.578943312318,-4481.532171394153,1988.7985668756703,0.4444444444444444,0.0,0.2,0.8989943704035408,0.8409561692125794,1.0,-0.0583631604615273,0.0018447716097320693
0.4,20.12195290981425,0.7564022576650392,20.13616481061334,-0.1607053991134896,-0.5689994547421535,-0.11599999999999999,0.8594096998755032,-8.312767056354584,58.30057749624185,-0.43453346213629906,0.03757320565830921,0.1176687033151156,0.07501926529241429,-5379.482678235697,-4579.025224382011,1988.0552335417415,0.4444444444444444,0.0,0.2,0.9052238333922267,0.8563610798206978,1.0,-0.059158065274089504,0.001834804756746646
0.4166666666666667,20.12874444525497,0.8078189849668973,20.144947864287357,-0.1701972433828648,-0.569742426576133,-0.11599999999999999,0.8550072447244299,-8.414522487946074,58.63354804843994,-0.47720939213953745,0.0401110813283165,0.12018434617876002,0.0776101504716936,-5415.028952307468,-4666.454475766505,1987.3702996855573,0.4444444444444444,0.0,0.2,0.9110630156839563,0.8702316758626465,1.0,-0.05988221096748781,0.001825405694048467
0.43333333333333335,20.13498032033403,0.857826267980311,20.153245356673345,-0.17969553434869923,-0.5699251783187922,-0.11599999999999999,0.8508730059978412,-8.507211810967398,58.96635160364536,-0.522234957655322,0.04257803139015908,0.12266485472455474,0.08009270656908979,-5448.222033360416,-4744.948791630716,1986.7412748755187,0.4444444444444444,0.0,0.2,0.9165131082547251,0.8827286567911524,1.0,-0.06054183741730093,0.0018165792625081084
0.45,20.140685549807184,0.906388815937643,20.161070286615956,-0.18919169552588952,-0.5696193566649906,-0.11599999999999999,0.8470035699579952,-8.591655550538517,59.29896024300442,-0.5696330400106987,0.04497253410036349,0.12510393725682173,0.08247033158471968,-5479.113922944913,-4815.509792410081,1986.165601430158,0.4444444444444444,0.0,0.2,0.9215831123268576,0.8939973868614056,1.0,-0.06114278391606247,0.0018083181739343293
0.4666666666666667,20.145885566044747,0.9534802964142685,20.168436476728193,-0.19867823763063977,-0.5688865524079113,-0.11599999999999999,0.8433915610573349,-8.668612199283718,59.631346101993344,-0.6194240172292885,0.04729349386142016,0.12749641651226917,0.08474615718338625,-5507.788951691716,-4879.0220147575155,1985.6406877922252,0.4444444444444444,0.0,0.2,0.9262872974913522,0.9041682256492459,1.0,-0.06169044830012139,0.0018006066818330618
0.48333333333333334,20.150605965968072,0.9990813901336256,20.175358346751104,-0.20814860728315832,-0.5677798343063155,-0.11599999999999999,0.84002695535191,-8.73877673977686,59.963481410667576,-0.6716259757205144,0.049540144561713864,0.12983802545365603,0.08692305599881393,-5534.352111605964,-4936.264313723845,1985.1639339403869,0.4444444444444444,0.0,0.2,0.9306432801022674,0.9133574020890017,1.0,-0.062189776434577744,0.001793423385491649
0.5,20.15487231694264,1.0431782931905866,20.181850734351517,-0.21759705880377503,-0.5663450494633073,-0.11599999999999999,0.8368980672187913,-8.802781884642698,60.29533852731458,-0.7262549047682995,0.051711975484168796,0.13212524246405252,0.08900365622672118,-5558.920380126645,-4987.921359746848,1984.7327505935943,0.4444444444444444,0.0,0.2,0.9346705973273376,0.9216681540090407,1.0,-0.06264527103850223,0.001786743336580395
0.5166666666666666,20.15871000862793,1.0857615635716917,20.187928754205707,-0.22701854552546707,-0.5646219204491729,-0.11599999999999999,0.8339922788276882,-8.86120096324484,60.626889966596565,-0.7833248741856718,0.05380867454868485,0.13435515842556223,0.0909903600546325,-5581.616387945456,-5034.59458834446,1984.3445736075955,0.4444444444444444,0.0,0.2,0.9383896688069245,0.9291919622265532,1.0,-0.06306101222814087,0.0017805395965448014
0.5333333333333333,20.162144140509824,1.1268252324854071,20.19360768776249,-0.2364086275431254,-0.5626449684829247,-0.11599999999999999,0.83129657043034,-8.914551727236887,60.95810842309495,-0.8428481959284825,0.055830084859828474,0.13652536947835897,0.09288536372211245,-5602.563891703773,-5076.812278246164,1983.9968746668665,0.4444444444444444,0.0,0.2,0.941821056281729,0.9360097781997939,1.0,-0.06344068459923798,0.001774784368751849
0.55,20.165199437055893,1.1663661194246342,20.198902897454133,-0.24576339328316604,-0.5604442894273008,-0.11599999999999999,0.8287978985064869,-8.963300590002982,61.28896679101813,-0.904835570698637,0.05777617146916838,0.13863389040651705,0.09469067783576623,-5621.884616880182,-5115.038627757174,1983.6871691346632,0.4444444444444444,0.0,0.2,0.9449849490293332,0.9421931889538613,1.0,-0.06378760739714674,0.0017694498058162679
0.5666666666666667,20.167900184203663,1.204383304110322,20.203829760300938,-0.2550793926900025,-0.5580462061457873,-0.11599999999999999,0.8264834590371439,-9.007866984246169,61.61943818070758,-0.9692962206781031,0.05964699598525383,0.14067908457134948,0.09640814711207703,-5639.696127806551,-5149.681812899504,1983.4130217318852,0.4444444444444444,0.0,0.2,0.9479008182649472,0.9478054909773801,1.0,-0.06410476552774223,0.0017645085716782684
0.5833333333333334,20.170270182290032,1.2408777194044602,20.208403616839526,-0.26435358018392924,-0.5554738174755489,-0.11599999999999999,0.8243408649595355,-9.048627638526439,61.949495932470775,-1.0362380095635744,0.061442697219756,0.142659607119046,0.09803946908004758,-5656.110458443458,-5181.101073776905,1983.1720505640121,0.4444444444444444,0.0,0.2,0.9505871964458339,0.9529026618597827,1.0,-0.06439483999153747,0.001759934220462611
0.6,20.172332711626364,1.2758518376674846,20.212639732113928,-0.2735832658499232,-0.5527474609755755,-0.11599999999999999,0.8223582601747553,-9.085920652857691,62.27911362818112,-1.1056675510483895,0.06316347648353189,0.1445743588460778,0.09958621150753413,-5671.233299694438,-5209.612907102372,1982.961929896907,0.4444444444444444,0.0,0.2,0.9530615477551859,0.9575342285112137,1.0,-0.0646602368877959,0.0017557014398803224
0.6166666666666667,20.174110507778256,1.3093094294549725,20.216553266125974,-0.28276607357358585,-0.5498851038441522,-0.11599999999999999,0.8205243871660689,-9.120049306742438,62.6082651010112,-1.1775903068438165,0.06480958647139211,0.14642244863522064,0.10104982846258932,-5685.163588283871,-5235.496455453325,1982.780391990175,0.4444444444444444,0.0,0.2,0.9553402042154719,0.9617440364556589,1.0,-0.06490311451452876,0.001751786195591022
0.6333333333333333,20.175625744273304,1.3412553783603696,20.220159251671692,-0.2918999050549012,-0.5469026740031249,-0.11599999999999999,0.8188286211298745,-9.151285568242924,62.93692444360451,-1.2520106752599935,0.06638132292265982,0.1482031627988395,0.10243167501263258,-5697.9933806199815,-5258.998185528813,1982.6252282253936,0.4444444444444444,0.0,0.2,0.9574383482434191,0.965570927587686,1.0,-0.06512540834090896,0.001748165804071134
0.65,20.17690002097492,1.371695539569501,20.223472577915313,-0.3009829088087754,-0.5438143413095445,-0.11599999999999999,0.8172609803089821,-9.179873295491959,63.26506601494035,-1.3289320712868713,0.06787901843435327,0.14991594000381878,0.10373302061896451,-5709.807924646065,-5280.335943419154,1982.4942897113797,0.4444444444444444,0.0,0.2,0.959370027352239,0.9690493350107289,1.0,-0.06532885379092233,0.001744818954675019
0.6666666666666666,20.1779543567591,1.4006366325715953,20.226507978391993,-0.3100134534091305,-0.5406327571463151,-0.11599999999999999,0.8158121197567714,-9.206031136379261,63.592664446104365,-1.4083569990333797,0.06930303794892928,0.15156035072095925,0.10495506131480804,-5720.685865265946,-5299.702467675494,1982.3854875061058,0.4444444444444444,0.0,0.2,0.9611481904364954,0.9722098038145967,1.0,-0.06551500687907573,0.0017417256963217051
0.6833333333333333,20.178809185439484,1.4280861606789421,20.229280022400687,-0.3189901043556952,-0.5373692592217294,-0.11599999999999999,0.814473313888199,-9.229955140751455,63.919694645142606,-1.4902871173025052,0.07065377554961132,0.15313608035473897,0.10609893077020684,-5730.699536045305,-5317.268432576514,1982.2967925620896,0.4444444444444444,0.0,0.2,0.962784737897464,0.9750794463321674,1.0,-0.06568526280019961,0.0017388674002419976
0.7,20.17948435412497,1.4540523517020052,20.231803108963486,-0.3279116040439191,-0.5340340472314318,-0.11599999999999999,0.8132364317565905,-9.251821104232759,64.24613180114795,-1.5747232990032534,0.07193165228147821,0.15464291537840733,0.10716571035239365,-5739.915302784563,-5333.185085459772,1982.2262354767872,0.4444444444444444,0.0,0.2,0.9642905799898595,0.977682339806654,1.0,-0.06584087260932074,0.0017362267071954344
0.7166666666666667,20.179999123378863,1.4785441154297263,20.234091462698384,-0.33677685440231636,-0.530636334066234,-0.11599999999999999,0.8120939079278999,-9.27178666501551,64.57195138770378,-1.6616656850288387,0.07313711478184964,0.1560807319335945,0.10815643828940756,-5748.39393422166,-5347.586533873711,1982.1719061100662,0.4444444444444444,0.0,0.2,0.9656756993592913,0.9800398736638585,1.0,-0.06598295814353729,0.0017337874652880163
0.7333333333333333,20.180372168691942,1.5015710145678427,20.236159131087764,-0.34558490183107404,-0.527184476450564,-0.11599999999999999,0.8110387110236643,-9.289993175578847,64.89712916579012,-1.7511137331644877,0.07427063455373947,0.15744948646026555,0.10907211804025307,-5756.190982327824,-5360.591730886539,1982.1319531158085,0.4444444444444444,0.0,0.2,0.9669492149223284,0.982171052814591,1.0,-0.06611252534216291,0.0017315346628126937
0.75,20.18062158289274,1.5231432465612724,20.238019982732045,-0.35433492413350076,-0.5236860882392111,-0.11599999999999999,0.8100643114060126,-9.306567370880071,65.2216411862404,-1.84306626252811,0.07533270775480287,0.15874920800770442,0.10991372596837523,-5763.35716000443,-5372.306200265311,1982.104583423142,0.4444444444444444,0.0,0.2,0.968119445116831,0.984092762665739,1.0,-0.06623047611846258,0.0017294543592581743
0.7666666666666666,20.18076487920468,1.5432716343232977,20.23968770626286,-0.3630262191799111,-0.5201481390591742,-0.11599999999999999,0.8091646490334661,-9.32162285353795,65.5454637918237,-1.9375214939926844,0.0763238554039757,0.15997999194485013,0.11068221840770306,-5769.938707932134,-5382.823537422595,1982.0880616938612,0.4444444444444444,0.0,0.2,0.9691939691951075,0.9858200008233015,1.0,-0.06633761892900565,0.0017275336166823647
0.7833333333333333,20.180818994726625,1.5619676243549865,20.241175809657207,-0.37165819508356945,-0.5165770405377806,-0.11599999999999999,0.8083341021871924,-9.335261415165494,65.86857361901538,-2.034477086990246,0.07724462393094525,0.16114199484231473,0.11137853820265843,-5775.977745214036,-5392.226716977141,1982.0807097757297,0.4444444444444444,0.0,0.2,0.9701796857042491,0.9873660798403976,1.0,-0.06643467817697173,0.001725760432944196
0.8,20.180800294165806,1.5792432910940353,20.24249761974713,-0.38023036170174634,-0.5129787219904565,-0.11599999999999999,0.8075674575252372,-9.347574211494535,66.19094759950963,-2.1339301730534954,0.07809558601126664,0.16223543034162408,0.11200362079572894,-5781.512600556838,-5400.5892334227,1982.0809061660257,0.4444444444444444,0.0,0.2,0.9710828676403388,0.9887428048018126,1.0,-0.06652230257496122,0.0017241236777706232
0.8166666666666667,20.180724573692604,1.5951113466066649,20.243666281761165,-0.3887423233029199,-0.5093586971373192,-0.11599999999999999,0.806859881745307,-9.358642807382259,66.51256296151938,-2.235877386411876,0.0788773416435405,0.1632605658618666,0.11255839992870634,-5786.578122248353,-5407.976097669574,1982.0870854955956,0.4444444444444444,0.0,0.2,0.971909214009178,0.9899606290426963,1.0,-0.06660107258181688,0.0017226130322578223
0.8333333333333334,20.180607064818883,1.6095851549474345,20.244694758766926,-0.39719377226462,-0.5057221231654762,-0.11599999999999999,0.8062068950084841,-9.368540106275814,66.83339723090184,-2.340314891924061,0.07959051943550637,0.16421772002175536,0.11304381301660567,-5791.205966266708,-5414.444709040768,1982.0977380404995,0.4444444444444444,0.0,0.2,0.9726638977005254,0.9910287908683936,1.0,-0.06667150701718753,0.0017212189321319
0.85,20.180462438226403,1.622678750673703,20.24559583090986,-0.405584483686122,-0.5020738532440003,-0.11599999999999999,0.8056043461844671,-9.377331177278936,67.15342823214277,-2.4472384105977807,0.08023577807387826,0.1651072606774953,0.11346080624666276,-5795.424862609851,-5420.0456195969045,1982.111409265864,0.4444444444444444,0.0,0.2,0.9733516097042858,0.9919554337694714,1.0,-0.06673406894737349,0.0017199325148984914
0.8666666666666667,20.180304807491805,1.6344068611245166,20.246382094363618,-0.41391431081678376,-0.4984184834232672,-0.11599999999999999,0.8050483899141179,-9.385073991639645,67.47263408922737,-2.5566432429203854,0.08081380795878515,0.16592960349487257,0.11381033944865074,-5799.260860448727,-5424.823205366326,1982.1266994046482,0.4444444444444444,0.0,0.2,0.9739765997796205,0.9927477123048397,1.0,-0.06678917092656415,0.001718745570872228
0.8833333333333333,20.180147732670374,1.6447849321660126,20.24706595992322,-0.4221831812147783,-0.49476039470328487,-0.11599999999999999,0.8045354654403215,-9.391820079271657,67.79099322642139,-2.6685242901991635,0.08132533298818231,0.16668521098851505,0.11409339077703369,-5802.737553047501,-5428.816257111509,1982.1422630725378,0.4444444444444444,0.0,0.2,0.97454271374204,0.9934118855505283,1.0,-0.06683717966899297,0.0017176504979814872
0.9,20.180004223713482,1.6538291571731214,20.247659651184627,-0.4303910935627373,-0.4911037909316847,-0.11599999999999999,0.804062277128031,-9.397615114837626,68.10848436898306,-2.7828760740888723,0.08177111248087969,0.16737459197297389,0.11431096124013727,-5805.87628360743,-5432.058501619568,1982.156808918998,0.4444444444444444,0.0,0.2,0.9750534275670484,0.993953399776582,1.0,-0.06687842021981716,0.0017166402601794784
0.9166666666666666,20.179886743704763,1.6615565090650752,20.248175202263727,-0.4385381150767112,-0.4874527330868729,-0.11599999999999999,0.8036257765750036,-9.402499441957673,68.42508654382254,-2.8996927544649,0.08215194322912102,0.16799830137968857,0.1144640791065017,-5808.696333313055,-5434.579063120073,1982.1690993136035,0.4444444444444444,0.0,0.2,0.9755118785276446,0.9943769618146694,1.0,-0.06691317968566396,0.001715708349251392
0.9333333333333333,20.1798072119086,1.6679847752434593,20.248624455015268,-0.44662437945315797,-0.48381117041200816,-0.11599999999999999,0.8032231462030914,-9.406508543256184,68.74077908012349,-3.018968145783715,0.08246866167311666,0.1685569404014323,0.11455380421382644,-5811.215092916899,-5436.402873270159,1982.1779500660202,0.4444444444444444,0.0,0.2,0.9759208935913201,0.9946866044097614,1.0,-0.06694171057973328,0.001714848749782475
0.95,20.179777006631618,1.6731325952988605,20.249019055717973,-0.4546500853056132,-0.4801829687880844,-0.11599999999999999,0.8028517842138356,-9.409673463216672,69.05554160993864,-3.140695732057534,0.08272214619071337,0.16905115693182382,0.11458123220134649,-5813.448219211587,-5437.551037173445,1982.1822301773989,0.4444444444444444,0.0,0.2,0.9762830153033261,0.9948857447066817,1.0,-0.06696423383105747,0.0017140559070388335
0.9666666666666667,20.17980696790377,1.6770195013574387,20.24937045119652,-0.4626154950484505,-0.4765719366670916,-0.11599999999999999,0.8025092907898821,-9.4120211901699,69.36935406876891,-3.2648686805572384,0.08291331949556993,0.16948164627219658,0.11454749868203207,-5815.409777720818,-5438.041162088045,1982.1808616204576,0.4444444444444444,0.0,0.2,0.976600525379303,0.9949772369028704,1.0,-0.06698094150293175,0.0017133246975080177
0.9833333333333333,20.179907399991055,1.6796659609333162,20.24968988435457,-0.4705209341898682,-0.47298184882704275,-0.11599999999999999,0.8021934554241607,-9.413575003186592,69.68219669613347,-3.391479854346341,0.08304315113686349,0.16984915208173282,0.11445378336660213,-5817.1123729037145,-5437.88765480696,1982.1728191451054,0.4444444444444444,0.0,0.2,0.9768754662236122,0.9949634199992863,1.0,-0.06699199926158685,0.0017126504018473354
1.0,20.183926452282723,1.6815713584277543,20.2538531954945,-0.47836027066131975,-0.46843629636980566,-0.04099999999999998,1.1693433275244316,-9.326315782191788,69.99408007910091,-3.520533138112985,0.0831204430967421,0.09518492105642591,0.11426807932521092,-5643.803734414846,-5483.939067596274,1981.9310998784292,0.4444444444444444,0.0,0.0,0.9569818765756102,0.9926113939486876,1.0,-0.06637101630171541,0.0024965004466700625
1.0166666666666666,20.1931069808167,1.6859745802480235,20.263367928948796,-0.4860791470907745,-0.45914133850044553,0.0,1.3592398436496227,-8.905203752877899,70.30508698601963,-3.6520182496922278,0.0832993772431337,0.054811556283390295,0.11387291328769318,-5123.737928378028,-5529.566296855167,1981.113166514866,0.4444444444444444,0.0,0.0,0.8775055888302687,0.9900098356044981,1.0,-0.06337415944900093,0.0029019217854408383
1.0333333333333332,20.203046907657093,1.6942069282149443,20.27395968893606,-0.49357982744036927,-0.4439068190433152,0.0,1.3562468166964377,-8.422855371099768,70.61528583369072,-3.7858351552374567,0.08366323171435984,0.056007707219878966,0.11326817143943183,-4582.330427260353,-5525.10109952359,1980.1461140663446,0.4444444444444444,0.0,0.0,0.784698799203462,0.9893503908264434,1.0,-0.059941512189594204,0.0028955317946232216
1.05,20.213387100035227,1.7030074792702325,20.28500067858813,-0.5007776332004868,-0.42421363143394075,0.0,1.3534975673485854,-8.087898222693699,70.92471729605342,-3.9218688080823934,0.08405296225461337,0.057580433683664535,0.11241383924531914,-4209.025298865849,-5518.435392087167,1979.1440090941169,0.4444444444444444,0.0,0.0,0.7206995718262866,0.9883339435528216,1.0,-0.057557779226178434,0.0028896622590784717
1.0666666666666667,20.224243854349197,1.708558810738908,20.296285687039756,-0.5076187454911524,-0.40201367436207913,0.0,1.3511562628658171,-7.9103055923692605,71.23340413512243,-4.0600417149907795,0.0842806031680056,0.05921541965041899,0.11124480729230123,-4016.1938672091323,-5508.958043268685,1978.0949748403962,0.4444444444444444,0.0,0.0,0.6876218463385123,0.9868548051778215,1.0,-0.056293935749547004,0.002884663669229419
1.0833333333333333,20.235704255236232,1.70828021919296,20.30768199506462,-0.5140777168535754,-0.37879174638393853,0.0,1.3491732231178744,-7.834285859100289,71.54135178062575,-4.200311774455629,0.08421942685542634,0.06066642309619875,0.10972596587752695,-3941.6525354985915,-5495.928956273848,1976.9899252673367,0.4444444444444444,0.0,0.0,0.6748099301432182,0.9847957450693078,1.0,-0.055752938953611664,0.0028804299600184683
1.1,20.247828175131712,1.7008819274075468,20.319142332801334,-0.5201471937415948,-0.35540857587074587,0.0,1.3474520051785444,-7.808572437097058,71.84855502126344,-4.342658743532074,0.08380642060599913,0.061794336060358064,0.1078466576041213,-3928.1781659583035,-5478.612262155228,1975.822592439879,0.4444444444444444,0.0,0.0,0.6724606099727759,0.9820431871260773,1.0,-0.05556994858626767,0.0028767552297205234
1.1166666666666667,20.260654090394777,1.6859289711438343,20.330677821124723,-0.525829311252566,-0.33228527762683435,0.0,1.345909048226207,-7.800258978370161,72.15500395581802,-4.487072812063067,0.08302070584305193,0.06253837580452062,0.1056111355481848,-3939.2235114763926,-5456.290846077239,1974.588980665888,0.4444444444444444,0.0,0.0,0.6743135455957476,0.9784867765930532,1.0,-0.05551078559869866,0.0028734610793798724
1.1333333333333333,20.27420437950477,1.6634603747679229,20.342331814232935,-0.5311303985708357,-0.3095914677379268,0.0,1.3444852569750076,-7.790932171141215,72.46068783262027,-4.633547490158997,0.08186474804410061,0.06288327253293201,0.10303154871461992,-3954.617438411983,-5428.225466438389,1973.2868111055463,0.4444444444444444,0.0,0.0,0.6769137884063641,0.9740123122214654,1.0,-0.05544441108500083,0.002870421342964641
1.15,20.2884891445081,1.633751714313115,20.354162631531764,-0.5360581661701656,-0.28736971962948105,0.0,1.3431425906971568,-7.7709424292881195,72.76559723508657,-4.782075706115063,0.08035265983183038,0.06283713583978895,0.10012393463915782,-3964.1489234458277,-5393.602249412524,1971.9151047562743,0.4444444444444444,0.0,0.0,0.6785124846909085,0.9684936088958208,1.0,-0.05530215346544518,0.002867554805068127
1.1666666666666667,20.303508707585323,1.5971872093393942,20.36623364347641,-0.5406203855569514,-0.2656067580429111,0.0,1.3418579277645153,-7.73533057304663,73.06972526078614,-4.932647796293983,0.07850390792853609,0.06241890871030651,0.0969062923345556,-3963.0097043305395,-5351.485873026093,1970.473903581751,0.4444444444444444,0.0,0.0,0.6782862050904463,0.9617855118561114,1.0,-0.05504872058301465,0.00286481210195462
1.1833333333333333,20.31925516369334,1.5541981476875115,20.378607957599897,-0.5448243869706152,-0.2442715377972518,0.0,1.3406178450755353,-7.6814287012244895,73.37306815731256,-5.08525048774532,0.0763402868745129,0.061651924192572635,0.0933978772881858,-3949.1170235907916,-5300.782956820593,1968.9640936172764,0.4444444444444444,0.0,0.0,0.6758783723528512,0.9537186381418788,1.0,-0.05466512623590586,0.002862164575848237
1.2,20.33571332783542,1.505237766146165,20.391345646732976,-0.5486769859635989,-0.2233350053544718,0.0,1.3394148793035519,-7.607565166862202,73.67562569096178,-5.239866354316046,0.07388468456447017,0.06056088577163249,0.08961916485724358,-3921.673134936514,-5240.2164959963875,1967.3872946122112,0.4444444444444444,0.0,0.0,0.6711525324598298,0.9440959892021374,1.0,-0.05413947409654525,0.0028595962928500834
1.2166666666666666,20.35286132331904,1.4507751131751532,20.40450225992451,-0.55218463199466,-0.20278035833029714,0.0,1.3382449622735202,-7.5124071720115975,73.97740139877556,-5.396473469971317,0.07116077804245118,0.05917064612816835,0.08559216546457088,-3880.433798044225,-5168.312766597625,1965.7457897180395,0.4444444444444444,0.0,0.0,0.6640670565870331,0.9326917310374554,1.0,-0.05346227926688619,0.002857098567571893
1.2333333333333334,20.37067098105437,1.3912983484414538,20.418127909109263,-0.5553536743700592,-0.18260857182352142,0.0,1.337105611576846,-7.394654490350878,74.27840280057225,-5.5550451213278675,0.06819318932228956,0.057505887741383786,0.08134091578388435,-3825.3590930713385,-5083.404369726979,1964.0424769298725,0.4444444444444444,0.0,0.0,0.6546153205361844,0.919252820806205,1.0,-0.05262428864587404,0.0028546661001722777
1.25,20.389108169886168,1.3273223428400134,20.432266554768738,-0.5581906938187102,-0.1628415807393076,0.0,1.3359945560733462,-7.252928277472204,74.5786416056832,-5.715549517066279,0.06500784836018393,0.055591233019150574,0.07689204142322771,-3756.4648175886223,-4983.655781125188,1962.2808296113815,0.4444444444444444,0.0,0.0,0.6428002350286889,0.9035046031383733,1.0,-0.05161568964439993,0.0028522940418593138
1.2666666666666666,20.40813314860125,1.2593976768094324,20.446955301936526,-0.5607028728388851,-0.14352416634395906,0.0,1.3349086029475434,-7.085776791173463,74.87813392478398,-5.877949474028334,0.06163242042444017,0.05345153942412895,0.07227531499595777,-3673.778542197836,-4867.120203894711,1960.4648568327655,0.4444444444444444,0.0,0.0,0.6286266989634636,0.8851618928443153,1.0,-0.050426150893935005,0.002849975576101812
1.2833333333333332,20.427701013440196,1.1881191415388717,20.46222362767538,-0.5628983869388929,-0.12472483255378856,0.0,1.3338426650607627,-6.891762162421932,75.1769004817006,-6.04220208542119,0.058096704856670595,0.051112250806616175,0.0675241367928469,-3577.351057161468,-4731.837841433898,1958.5990562249,0.4444444444444444,0.0,0.0,0.6121035394441035,0.8639472603146736,1.0,-0.049045439754791816,0.0028476998420655947
1.3,20.447762303254247,1.1141322035888392,20.478092532691104,-0.5647867986911328,-0.1065355105230583,0.0,1.3327889616652646,-6.669612783705402,75.474966808635,-6.208258394699246,0.05443293008143045,0.04859973139805574,0.06267585538483866,-3467.2979513190558,-4575.984658291827,1956.688353351994,0.4444444444444444,0.0,0.0,0.5932506152879266,0.8396180253125167,1.0,-0.047464506792564184,0.0028454502281706853
1.3166666666666667,20.46826381163184,1.0381359534970038,20.494573665253462,-0.5663794309932789,-0.08906967901065554,0.0,1.3317364833375227,-6.4184321834633336,75.77236339875745,-6.376063113560396,0.0506758732063861,0.04594153263568703,0.05777183199502167,-3343.857623617343,-4398.075643503166,1954.7380228590973,0.4444444444444444,0.0,0.0,0.5721087411387428,0.8120025616266278,1.0,-0.045676972239512295,0.002843203229745611
1.3333333333333333,20.48914963628127,0.9608810726189358,20.511668514619725,-0.5676896879562504,-0.07245840405414565,0.0,1.3306708657070132,-6.137951325806523,76.06912578221802,-6.54555443508271,0.04686273391594843,0.04316655135881748,0.05285714539856676,-3207.456844280355,-4197.21602251413,1952.7535883688295,0.4444444444444444,0.0,0.0,0.548750914279763,0.7810446554054787,1.0,-0.043680921493363924,0.002840928179443508
1.35,20.51036246730644,0.8831615237944169,20.529367813388788,-0.5687332843857272,-0.05684390612544204,0.0,1.3295748277460808,-5.82879970249392,76.36529448635746,-6.7166640020477795,0.043032701531887076,0.04030504064104325,0.04797984462520936,-3058.7762054495606,-3973.3775058655683,1950.7407006394424,0.4444444444444444,0.0,0.0,0.5232935344734889,0.7468517855962361,1.0,-0.0414808343517981,0.0028385881829731574
1.3666666666666667,20.531845077275534,0.8057991641966166,20.5476513151811,-0.569528341362703,-0.04237058565409436,0.0,1.328429276134048,-5.492754994051227,76.66091484022735,-6.889317093027278,0.039226178953802135,0.0373884382578441,0.043189695342305164,-2898.8073111858425,-3727.657028055788,1948.7049969583668,0.4444444444444444,0.0,0.0,0.4959062205169518,0.7097397128758678,1.0,-0.03908936173355981,0.002836142476871445
1.3833333333333333,20.553541931050344,0.7296213742605165,20.566488112004503,-0.5700953095589256,-0.029173966961653378,0.0,1.3272150457855252,-5.132917640192553,76.95603658973792,-7.063433081288816,0.035483671433039855,0.03444898752314149,0.03853643756934156,-2728.892701134013,-3462.4589394785744,1946.6519488532012,0.4444444444444444,0.0,0.0,0.46681867676612887,0.6702627359885446,1.0,-0.036528568014294674,0.0028335501444605136
1.4,20.57540079112769,0.6554330280148494,20.585837611565644,-0.5704566961992148,-0.017368658444708637,0.0,1.3259150577860888,-4.753753705858396,77.25071330437356,-7.238926201371449,0.03184440822469389,0.03151914413705676,0.034067670770620416,-2550.739415126675,-3181.5377412565263,1944.58670921316,0.4444444444444444,0.0,0.0,0.4363230442314923,0.6292179831992304,1.0,-0.03383023608404121,0.002830774722952675
1.4166666666666667,20.59737416725309,0.58398544180489,20.605651204998715,-0.5706365958872045,-0.007036977516216844,0.0,1.3245164919921233,-4.360964286893278,77.54500157900979,-7.415706625492699,0.02834482840784198,0.02863079102769456,0.029826585306680992,-2366.3987105731326,-2889.855647757388,1942.5139727100595,0.4444444444444444,0.0,0.0,0.40477044409625274,0.5876145953070107,1.0,-0.031034937968674535,0.00282778884186271
1.4333333333333333,20.619420459265445,0.5159459296291703,20.625874533659786,-0.5706600558734767,0.00177988899813599,0.0,1.3230124813634303,-3.9611736014577152,77.83896006166668,-7.593681811219329,0.025017109004071905,0.025814317113560647,0.025849832535533506,-2178.2082239670517,-2593.2486251131463,1940.437863833057,0.4444444444444444,0.0,0.0,0.3725610711408537,0.5466049307906332,1.0,-0.028189815122739565,0.002824577840339079
1.45,20.64150467519573,0.45187186951196384,20.64645014143069,-0.5705523353149649,0.009086597418513328,0.0,1.3214029076817475,-3.5614723553881102,78.13264836423996,-7.772758041515065,0.021887924993912265,0.023097647547761266,0.02216583640703264,-1988.6985659263116,-2297.94544954082,1938.3618642341041,0.4444444444444444,0.0,0.0,0.34012817663971745,0.5073835156988886,1.0,-0.0253453287748339,0.002821141465990601
1.4666666666666666,20.663598667598844,0.39219255834623795,20.667320215703217,-0.5703381371386576,0.014933408666394832,0.0,1.3196941108937512,-3.168891626967137,78.42612593172177,-7.952842048418614,0.018977598283198113,0.02050533245334402,0.018793782914774026,-1800.4728265264205,-2010.0269770076002,1936.2887856924226,0.4444444444444444,0.0,0.0,0.3079173990066191,0.4710676458019358,1.0,-0.022551515812214668,0.002817493254345581
1.4833333333333334,20.68568090460392,0.33720074653722193,20.68842910495044,-0.5700408942892928,0.019411200327563143,0.0,1.3178976287141935,-2.7898993677446793,78.71945095123034,-8.133842600049613,0.01629972370518032,0.01805780053182939,0.01574339607458571,-1616.0729890769628,-1734.9284879401303,1934.2207881345423,0.4444444444444444,0.0,0.0,0.2763638514585237,0.4385789096905337,1.0,-0.019854405613232512,0.002813657837955772
1.5,20.707735858217944,0.2870540273327063,20.709725357626866,-0.5696821787030507,0.02264286507398765,0.0,1.3160283310868208,-2.4300002615233236,79.01267937412885,-8.315671939818916,0.013861276031811384,0.015770861253425413,0.013015461158253937,-1437.8500674707773,-1477.070309536824,1932.159435651365,0.4444444444444444,0.0,0.0,0.24586985875598488,0.41054654974938354,1.0,-0.01729317243135791,0.002809666963546308
1.5166666666666666,20.729753134592805,0.241784721069622,20.73116313361368,-0.5692812761049956,0.024772776954765437,0.0,1.3141024122268903,-2.093486799755119,79.30586410554581,-8.498246992877561,0.011663127688607304,0.01365550005651576,0.010602934299010687,-1267.8539370387427,-1239.6605667581157,1930.1057790034176,0.4444444444444444,0.0,0.0,0.2167860856678195,0.3872515718841228,1.0,-0.014898363915500935,0.002805555205108137
1.5333333333333332,20.75172648250312,0.20131591205677454,20.75270295891763,-0.5688549405714801,0.025956055347727793,0.0,1.3121356403377202,-1.783349896914686,79.59905439125282,-8.681490290034363,0.0097008601731993,0.011717965856669118,0.008492412983276016,-1107.7545999630831,-1024.6677351279097,1928.0604515313785,0.4444444444444444,0.0,0.0,0.18939806854831215,0.3686242107049566,1.0,-0.012691265001534243,0.0028013562271140473
1.55,20.773652800912657,0.16548097799769704,20.774311893464617,-0.5684173172712955,0.026349000544098996,0.0,1.310142102913795,-1.5013254101375788,79.89229540795988,-8.865330594887627,0.007965738114596476,0.009960110766669058,0.006665739031500298,-958.8003952706433,-832.9264720442773,1926.0237665021014,0.4444444444444444,0.0,0.0,0.16391908828466084,0.35429573575654716,1.0,-0.010684228970746178,0.0027971001057918183
1.5666666666666667,20.79553123463909,0.13404418337189355,20.795963242272425,-0.5679800045497012,0.026101521889664102,0.0,1.3081335079718484,-1.248035831562186,80.18562804390898,-9.049703249164434,0.006445727471851809,0.008379916320880872,0.0051015479188574655,-821.8122799412649,-664.3253279541215,1923.9958068057038,0.4444444444444444,0.0,0.0,0.14048922676917294,0.3436906640359423,1.0,-0.008881685807798374,0.002792811837281008
1.5833333333333333,20.81736241042967,0.10672046134054432,20.81763596050327,-0.5675522186370313,0.02535183377648592,0.0,1.3061189697401627,-1.0231838098664516,80.47908884409898,-9.234550271049628,0.005126467241137733,0.006972131198973935,0.003776640884479263,-697.208336750313,-518.0271477628547,1921.9765014472123,0.4444444444444444,0.0,0.0,0.11917959815089628,0.33613405485820425,1.0,-0.007281519402760131,0.002788510880088321
1.6,20.839147833114925,0.08319315871707833,20.83931389254636,-0.5671410241641105,0.024223285189410637,0.0,1.3041051423135315,-0.8257611482175666,80.77271008842861,-9.41982025149355,0.003992136215398229,0.005728950083856458,0.0026671178727723324,-585.0499066375467,-392.68507399671154,1919.9656865292825,0.4444444444444444,0.0,0.0,0.10000027630082378,0.3309475647996109,1.0,-0.005876554891516999,0.002784211440435516
1.6166666666666667,20.860889437494738,0.06312910849088413,20.86098495775591,-0.5667515985675909,0.02282295439310655,0.0,1.3020965563826525,-0.6542478821356659,81.06651997015602,-9.605468095901724,0.0030261852435421238,0.00464067683749912,0.0017492575693857043,-485.10018162481686,-286.631804698992,1917.9631508868422,0.4444444444444444,0.0,0.0,0.08291034673860559,0.3275173521372488,1.0,-0.004655975399578862,0.002779923191162969
1.6333333333333333,20.882589277063452,0.04619084774116223,20.882640362486267,-0.5663875056299429,0.021241558439650744,0.0,1.3000960393191103,-0.5067868232759116,81.36054284459163,-9.791454655720957,0.00221192744811598,0.0036963322965332074,0.001000161964295963,-396.88715980867323,-198.03244201590635,1915.968668076506,0.4444444444444444,0.0,0.0,0.06782869622345765,0.32532994596466347,1.0,-0.0036065641883332488,0.0027756521685940224
1.65,20.904249324129314,0.03204610077889194,20.90427388736418,-0.5660509607900049,0.019554247605145667,0.0,1.2981051360206617,-0.3813274591719535,81.65479952227189,-9.977746288593051,0.0015329933727103672,0.0028841835525537586,0.0003981989073224472,-319.76479851016524,-125.00003250533923,1913.9820171584845,0.4444444444444444,0.0,0.0,0.05464448602226897,0.3239817779953373,1.0,-0.0027137287220447863,0.0027714016710225545
1.6666666666666667,20.925871354977506,0.02037481844261074,20.925881274113515,-0.5657430773048786,0.017821927896596413,0.0,1.2961244830070526,-0.2757387989711601,81.94930758580644,-10.164314378756117,0.0009736661216330482,0.0021921851990961854,-7.67187736604661e-05,-252.968338717143,-65.67782259278411,1912.0029948583403,0.4444444444444444,0.0,0.0,0.043226621436497886,0.32317173431000273,1.0,-0.001962303738039346,0.002767173057392338
1.6833333333333333,20.947456896172188,0.01087413834071176,20.947459718635965,-0.5654640873694058,0.016092843591539324,0.0,1.2941541150468903,-0.18789399910436433,82.2440817143844,-10.351134842420288,0.0005191149177593075,0.001608332844588708,-0.00044298054998110416,-195.6616719980878,-18.294280550897767,1910.0314214884836,0.4444444444444444,0.0,0.0,0.03343185516704293,0.32268533183203807,1.0,-0.0013371534879145501,0.0027629664019329326
1.7,20.969007212104433,0.0032616408992500578,20.969007465771696,-0.565213535868102,0.014404238287380996,0.0,1.2921937010645055,-0.11573099405720044,82.5391340041596,-10.538187636587777,0.00015554579384486453,0.0011209354369173205,-0.0007172196821923147,-146.9760726739202,18.802842785408018,1908.0671426279266,0.4444444444444444,0.0,0.0,0.025111410305554093,0.32237654937785803,1.0,-0.0008236032183095366,0.002758780997811251
1.7166666666666666,20.99052331827634,-0.002722755136856405,20.99052349486545,-0.5649904464850177,0.012783999326529773,0.0,1.2902427159660803,-0.05729375569627393,82.83447427626575,-10.725456284487718,-0.00012971354169217164,0.0007188175096777193,-0.0009143242813164443,-106.04062117735955,47.12789371553462,1906.1100281286429,0.4444444444444444,0.0,0.0,0.01811618003291295,0.32215074497894236,1.0,-0.00040773279418276714,0.0027546157239733467
1.7333333333333334,21.012006008878725,-0.007315951026207208,21.012007282510993,-0.5647934621385008,0.011252118378201871,0.0,1.2883005586335368,-0.010758999847033823,83.13011036696753,-10.912927426600891,-0.00034817954684958114,0.00039145777447403346,-0.0010474927968632027,-72.00511479839629,68.04957807221012,1904.159969611474,0.4444444444444444,0.0,0.0,0.012300641221527764,0.3219501913375033,1.0,-7.656675700399856e-05,0.0027504692970565714
1.75,21.033455890684884,-0.010731604088814833,21.033458628402343,-0.5646209625502026,0.009822029455804694,0.0,1.2863666279863586,0.025549371522181258,83.42604839659384,-11.100590402944539,-0.0005102158776651445,0.0001290775216372873,-0.0011283188236761621,-44.056461702189324,82.79046973094647,1902.2168772673879,0.4444444444444444,0.0,0.0,0.007525653002108637,0.32174261328184806,1.0,0.0001818228969938179,0.002746340433778469
1.7666666666666666,21.05487341801775,-0.013160649819829364,21.054877531143564,-0.5644711606475133,0.008501826529990108,0.0,1.2844403683989427,0.05315386321691565,83.72229301555637,-11.288436869685047,-0.0006250642235915129,-7.730743886247918e-05,-0.0011668987448241446,-21.429891632957336,92.43142498052717,1900.2806765022922,0.4444444444444444,0.0,0.0,0.003660368781391131,0.32151252889980075,1.0,0.00037827112060749557,0.0027422279479009755
1.7833333333333332,21.076258925578088,-0.014772247674549805,21.076264102475832,-0.5643421803362731,0.007295321919749986,0.0,1.2825212929085748,0.0734230165384121,84.01884762687821,-11.47646045135671,-0.0007008950358665243,-0.0002358664425340779,-0.0011719504733853203,-3.416028662349064,97.91911266650854,1898.3513047576855,0.4444444444444444,0.0,0.0,0.0005834407799657468,0.3212549600512106,1.0,0.0005225171805673969,0.002738130799778499
1.8,21.097612657402813,-0.01571501662995339,21.09761851023833,-0.5642321182038207,0.0062029561128020185,0.0,1.2806089914693977,0.0875753588554108,84.31571458547474,-11.664656428634968,-0.0007448716581698991,-0.0003539579540830123,-0.0011509368448334879,10.635289366738423,100.07536367010242,1896.4287086892382,0.4444444444444444,0.0,0.0,0.0018163314425420091,0.3209710265634127,1.0,0.0006232327647879679,0.0027340481139798115
1.8166666666666667,21.118934791237805,-0.016118456942739327,21.118940942225507,-0.5641390914549802,0.005222573493633411,0.0,1.2787031297129858,0.09668624635430931,84.61289537500042,-11.853021460661711,-0.0007632228600710761,-0.00043815145099943524,-0.0011101894701456448,21.313674365294354,99.60746511794859,1894.5128417817439,0.4444444444444444,0.0,0.0,0.0036397766465144673,0.32066497552354956,1.0,0.0006880706790120536,0.0027299791766419246
1.8333333333333333,21.140225458267388,-0.01609447510198655,21.140231584788882,-0.5640612743753045,0.004350060649220694,0.0,1.2768034421973944,0.10169658276761112,84.91039076344317,-12.041553340290585,-0.0007613197893401725,-0.0004942632039864951,-0.0010550286867388075,29.148723277158922,97.11877826149836,1892.6036624116612,0.4444444444444444,0.0,0.0,0.004977447188306223,0.32034226702126906,1.0,0.0007237268939130443,0.00272592342105708
1.8499999999999999,21.161484758534147,-0.015738947711999563,21.16149061148926,-0.563996925220658,0.0035798862269217136,0.0,1.2749097230758875,0.10342279480548895,85.20820093889019,-12.230250780190236,-0.0007437542776172804,-0.0005274006701359583,-0.000989878345485475,34.61191605265508,93.11926400127663,1890.7011323279041,0.4444444444444444,0.0,0.0,0.005909946853412137,0.32000841363172794,1.0,0.0007360115355638208,0.00272188040775087
1.8666666666666667,21.182712772581823,-0.01513328096772986,21.182718178314463,-0.5639444050601397,0.0029055495869209115,0.0,1.2730218158667364,0.10256730651710645,85.50632562702614,-12.419113227485743,-0.0007144164468249007,-0.0005420122246656493,-0.0009183743263044329,38.11944116144573,88.03568656988418,1888.8052155007288,0.4444444444444444,0.0,0.0,0.006508416854406347,0.31966834079964357,1.0,0.00072992342655484,0.0027178498026411667
1.8833333333333333,21.2039095699343,-0.014345931321678903,21.203914422947875,-0.563902190021433,0.0023199464757633335,0.0,1.2711396035167941,0.09972917362707809,85.8047641919736,-12.608140704506178,-0.0006765700016512459,-0.0005419401707587543,-0.0008434654381295801,40.03564099330439,82.22132028913039,1886.9158772799535,0.4444444444444444,0.0,0.0,0.0068351274088017866,0.31932609352367824,1.0,0.0007097257655802683,0.0027138313558242623
1.9,21.225075215022855,-0.013433861944220856,21.22507946633002,-0.5638688782010921,0.0018156631458548257,0.0,1.269262999420178,0.0954145803966315,86.10351572208505,-12.797333673176423,-0.0006329240303881812,-0.0005304750233955953,-0.0007675061989759593,40.676839278202344,75.96504594651351,1885.0330838032714,0.4444444444444444,0.0,0.0,0.006944134251255801,0.31898476204147685,1.0,0.0006790208286768835,0.00270982488240012
1.9166666666666667,21.246209771125155,-0.012443917273404265,21.246213415329592,-0.5638431923236458,0.0013852092133412666,0.0,1.2673919397062248,0.09004698329086246,86.4025791022586,-12.986692920628169,-0.0005857005077383116,-0.0005104095220517168,-0.0006923413126662645,40.3153651276855,69.49977123716562,1883.1568015998503,0.4444444444444444,0.0,0.0,0.00688196841107687,0.3186465363320689,1.0,0.0006408221569475509,0.0027058302460074707
1.9333333333333333,21.26731330280664,-0.011414104086994614,21.26731636576436,-0.5638239790734462,0.0010211984417468217,0.0,1.2655263768830414,0.08397675045667345,86.70195307428334,-13.176219463690433,-0.000536696987934446,-0.00048409121061695305,-0.000619381894283986,39.183631339946835,63.01014370453104,1881.2869973413603,0.4444444444444444,0.0,0.0,0.006688334947622638,0.31831282760708146,1.0,0.0005976231562057506,0.0027018473452530547
1.95,21.288385877273416,-0.010374772394365638,21.288388405316088,-0.563810205880987,0.0007164855991692938,0.0,1.2636662747819984,0.07749019615234756,87.0016362866361,-13.365914470039394,-0.00048734420884816854,-0.00045347273652989134,-0.0005496736707833748,37.47815949808731,56.639549164478254,1879.4236377004243,0.4444444444444444,0.0,0.0,0.006396802302101597,0.31798441611215367,1.0,0.0005514613907745999,0.002697876102918319
1.9666666666666666,21.309427564965528,-0.009349693268240877,21.3094296160943,-0.5638009558197415,0.0004642665754864613,0.0,1.2618116046695693,0.07081794821379025,87.30162733505503,-13.5557791939294,-0.00043875850910447497,-0.0004201592760095072,-0.0004839575094948,35.36347249539699,50.49640651854535,1877.5666892843017,0.4444444444444444,0.0,0.0,0.0060354687293751,0.3176615999428497,1.0,0.0005039781308205819,0.0026939164576583532
1.9833333333333334,21.330438439646247,-0.008357033700978846,21.330440076743624,-0.5637954211590809,0.0002581480644150823,0.0,1.259962342356572,0.06414261687565899,87.60192479511225,-13.745814924582929,-0.0003917890997424573,-0.00038545269794671604,-0.00042272271534399687,32.97579768503933,44.659782926311614,1875.7161186187427,0.4444444444444444,0.0,0.0,0.005627596130283394,0.3173443304490658,1.0,0.0004564729277576055,0.0026899683578302373
2.0,21.350559261759397,0.005870009659772975,21.35056006869406,-0.5637178749205382,0.010058927507457944,0.075,1.1369716958351432,1.7442193990487327,87.90258242524206,-13.935925231077434,0.0002749346956163229,-0.07470866646168202,-0.0003646765786313705,1939.6817567860305,39.04278712001954,1873.903037628154,0.4444444444444444,0.0,-0.2,0.3303063729031141,0.31769962247478384,1.0,0.012412791596557487,0.002427388329578807
2.0166666666666666,21.366100806458885,0.04742104312192337,21.366153430767405,-0.5632193876498554,0.04442871326710332,0.11599999999999999,0.8477068110446325,3.752832369429531,88.20383010241152,-14.125644507238292,0.0022194487280036697,-0.11233615722863338,-0.00048376759815247337,4231.053965768769,37.55196643425674,1872.434771719672,0.4444444444444444,0.0,-0.2,0.7125439086479878,0.3210142233311066,1.0,0.026707148265837106,0.0018098195650532436
2.033333333333333,21.379517828163475,0.09126486202614059,21.37971262294703,-0.5620046998476065,0.09061557379653229,0.11599999999999999,0.7806296522630567,4.3597955501634145,88.50585111236019,-14.314571848025494,0.004268772963140226,-0.1076124523311406,-0.0011757547738253202,4903.724824978251,58.32424462054923,1871.2372856988306,0.4444444444444444,0.0,-0.2,0.8231524609107597,0.32196499354146424,1.0,0.031026620617390085,0.0016666125591056563
2.05,21.39251963898951,0.12319097882203424,21.3928743398781,-0.5599856941408784,0.13955643882446991,0.11599999999999999,0.7607701844512921,4.573272684217791,88.80870732034454,-14.502576870494437,0.0057585370585702235,-0.10312498778599902,-0.0025941830785361415,5092.913940676478,120.70721240017758,1870.0958376356825,0.4444444444444444,0.0,-0.2,0.8541116354814388,0.3225906878598139,1.0,0.03254583728078262,0.0016242134030189132
2.0666666666666664,21.405520643582555,0.1400685605403538,21.40597891301612,-0.5571508784874603,0.1882705989787623,0.11599999999999999,0.7559175193046664,4.69640127341159,89.11242119449025,-14.689610325823999,0.006543478374414314,-0.09931184946451446,-0.00471622970193326,5133.275363089974,235.13939306434355,1868.961405356708,0.4444444444444444,0.0,-0.2,0.8606598786367845,0.3243471264263078,1.0,0.0334220857149385,0.001613853160290425
2.0833333333333335,21.41864216255161,0.1417973417206983,21.419111526241057,-0.5535203440984647,0.23529164238500802,0.11599999999999999,0.7569702866331216,4.813200385079821,89.4170068581258,-14.875640518532176,0.006620180174415174,-0.09629788197750536,-0.007460439982025718,5118.311125886032,403.60144846308367,1867.8191891929491,0.4444444444444444,0.0,-0.2,0.8581517422335888,0.32903580396008136,1.0,0.03425329022544417,0.0016161007757202683
2.1,21.431883665918306,0.12940551434949246,21.432274337003992,-0.5491322990717183,0.27970849567856204,0.11599999999999999,0.7603157109737975,4.952314914856016,89.7224786978244,-15.060635475056383,0.006037917329516777,-0.09410199802926637,-0.010722867078828396,5084.028016829955,622.0986349679282,1866.6672381772432,0.4444444444444444,0.0,-0.2,0.8524924360679749,0.33875805273923115,1.0,0.03524330310289913,0.0016232431206280545
2.1166666666666667,21.445178555471614,0.10442726354105342,21.445432808162913,-0.5440367115587831,0.3209233933165421,0.11599999999999999,0.7641208277095872,5.1228850857922446,90.02885404831817,-15.244556827128946,0.004869459952924337,-0.09269395482747685,-0.014393165126879891,5047.804116780513,882.7059113289857,1865.5102298621025,0.4444444444444444,0.0,-0.2,0.8465307215369554,0.35527321890768654,1.0,0.03645717102890392,0.0016313668901035616
2.1333333333333333,21.458422849465695,0.06860946588894287,21.458532532428237,-0.5382910333609294,0.3585700045814531,0.11599999999999999,0.7673562563149877,5.324947068958652,90.33615369656458,-15.427357911214273,0.0031973100994727483,-0.09201663194440365,-0.018364151833399348,5018.777615643936,1175.1443811382208,1864.3565898416616,0.4444444444444444,0.0,-0.2,0.841763905679725,0.3793277490430759,1.0,0.03789515141600408,0.0016382743985900994
2.15,21.47149476544748,0.023735597949497127,21.471507884665403,-0.5319568033799286,0.3924714064833228,0.11599999999999999,0.769465687401683,5.553649669479344,90.64440135751056,-15.608983877699451,0.001105446478709893,-0.09199812129780519,-0.022538049592752237,5001.445503987991,1488.1127816898409,1863.216624145432,0.4444444444444444,0.0,-0.2,0.8389277454035612,0.4104005095214549,1.0,0.039522720584998734,0.0016427779481689075
2.1666666666666665,21.484269151008313,-0.028489114168040834,21.484288039928007,-0.5250968378847116,0.42260713657295146,0.11599999999999999,0.7702101064585378,5.8016672024832125,90.95362263770254,-15.789372891607744,-0.0013260445244579599,-0.09255973046648268,-0.026830297915430405,4997.362987641778,1810.4599489033678,1862.1011576927554,0.4444444444444444,0.0,-0.2,0.8382749278389867,0.44697403881446257,1.0,0.041287745071682196,0.001644367252579514
2.183333333333333,21.496627724058715,-0.08650937952344048,21.496801794209187,-0.517772956350486,0.44908112638802944,0.11599999999999999,0.7695669083374905,6.060878362400209,91.2638438031776,-15.968457887463561,-0.004024301561475219,-0.09362166876485928,-0.03117129934401647,5006.198990512998,2132.147651826787,1861.0205600115828,0.4444444444444444,0.0,-0.2,0.8397482464209387,0.4870700400784039,1.0,0.043132429352401934,0.0016429940507501663
2.2,21.508465630388528,-0.1489576056360193,21.508981429669824,-0.5100442447187115,0.47208943665180114,0.11599999999999999,0.767652842299789,6.323544054082786,91.57509056989667,-16.146168501644684,-0.006925423076606595,-0.09510703951924473,-0.035506448762176505,5026.491200413194,2444.9113236392495,1859.9841086136544,0.4444444444444444,0.0,-0.2,0.8431047326003847,0.5287313871240062,1.0,0.045001697915863406,0.0016389075976053964
2.216666666666667,21.5196949193137,-0.21466565169602075,21.52076557100964,-0.5019658454039564,0.4918893089528823,0.11599999999999999,0.7646634850426313,6.583036423479053,91.88738705816374,-16.32243291830971,-0.009974980253808816,-0.09694445878547515,-0.03979490094901451,5056.201175721983,2742.570106244427,1858.9996377225586,0.4444444444444444,0.0,-0.2,0.8480070701702591,0.5703096860721386,1.0,0.04684838343258765,0.0016325254414395506
2.2333333333333334,21.53024565168249,-0.28265837157677676,21.532101002382817,-0.4935882299298094,0.5087716541045828,0.11599999999999999,0.7608276143513015,6.834176674389554,92.20075498427454,-16.497179465765107,-0.013127678084350005,-0.09906955455864777,-0.04400758560934287,5093.108377816922,3021.0153828020593,1858.073409459345,0.4444444444444444,0.0,-0.2,0.8540885305319721,0.6105718809113004,1.0,0.048635630838366625,0.0016243360135197397
2.25,21.5400653657362,-0.35213607745307296,21.542943526297243,-0.48495687887212036,0.5230386057702073,0.11599999999999999,0.7563753375333273,7.073275414714996,92.51521310730973,-16.67033788707142,-0.016346501571691076,-0.10142559233432932,-0.04812493539604412,5135.070161076312,3277.9676579283164,1857.2101419972653,0.4444444444444444,0.0,-0.2,0.8609957939802086,0.6486916824143051,1.0,0.050337184459589825,0.0016148305835889914
2.2666666666666666,21.549117541546543,-0.42245168591711607,21.553258042493788,-0.4761122763064659,0.5349868186709135,0.11599999999999999,0.7515181081023358,7.297984506589662,92.8307769110312,-16.84184027431154,-0.019601618415981466,-0.10396346501961105,-0.05213467542679806,5180.1745218746555,3512.611903904057,1856.4131355794464,0.4444444444444444,0.0,-0.2,0.8684140474176107,0.6841854020362539,1.0,0.051936333700111484,0.0016044605962990132
2.283333333333333,21.557379567057726,-0.4930866355002188,21.563018068635635,-0.4670901244167738,0.5448962786779336,0.11599999999999999,0.7464381562537958,7.507057710427446,93.1474584803869,-17.011621697516045,-0.02286922996630961,-0.10664126202025112,-0.056029882963082714,5226.81256830243,3725.2063680453666,1855.6844491320644,0.4444444444444444,0.0,-0.2,0.8760788127542571,0.7168310684648552,1.0,0.053424209657160444,0.0015936151057057662
2.3,21.564840560493366,-0.5636280984115599,21.572204918200153,-0.45792169460223425,0.55302378436584,0.11599999999999999,0.7412847060842572,7.700090642563304,93.46526652563695,-17.179620579634403,-0.026130488133359303,-0.10942359538823365,-0.05980740463398437,5273.6956072162375,3916.727647093379,1855.0250935762306,0.4444444444444444,0.0,-0.2,0.8837786332264236,0.746591755324224,1.0,0.054797934521808554,0.0015826126991863889
2.3166666666666664,21.57149927294424,-0.6337487821779477,21.580806713409626,-0.44863424851018263,0.5596000043092835,0.11599999999999999,0.7361746035296075,7.8772818853107305,93.78420650963676,-17.345778874042164,-0.029370538123395896,-0.1122808178063486,-0.06346663488507577,5319.837725389031,4088.5823498655595,1854.435220081672,0.4444444444444444,0.0,-0.2,0.8913520804405723,0.7735520705637362,1.0,0.05605892151126547,0.001571702838061837
2.3333333333333335,21.577362193674524,-0.7031897811354834,21.58881736235934,-0.4392514808018108,0.5648290295150912,0.11599999999999999,0.731195455345202,8.039234251320194,94.10428084087175,-17.51004209704655,-0.032577707621043915,-0.11518822553920109,-0.06700861335276675,5364.5198310974965,4242.3917351149385,1853.914291079272,0.4444444444444444,0.0,-0.2,0.8986817274651874,0.7978698445082019,1.0,0.05721146056050506,0.0015610725591917976
2.35,21.582441910239382,-0.7717464383713881,21.596235583406575,-0.42979395185571756,0.5688895070637827,0.11599999999999999,0.7264099112244038,8.186800368107159,94.4254891032447,-17.67235925957745,-0.035742839721861576,-0.11812530427470602,-0.07043538122138816,5407.246316517413,4379.841999460315,1853.4612286127835,0.4444444444444444,0.0,-0.2,0.9056869326888585,0.8197416380173439,1.0,0.058261619419756855,0.0015508556171236155
2.3666666666666667,21.586755731157677,-0.839256923340499,21.603064022958495,-0.42027949158440153,0.5719366599814063,0.11599999999999999,0.7218601979631971,8.320968805265391,94.74782830153781,-17.832682732910644,-0.0388587550846342,-0.12107504899971117,-0.07374953619740394,5447.701425340528,4502.587260630593,1853.0745389288481,0.4444444444444444,0.0,-0.2,0.9123166012073441,0.839379411428228,1.0,0.059216433275278264,0.0015411421643493398
2.3833333333333333,21.590324553971822,-0.9055931311412464,21.60930848650666,-0.4107235649019702,0.574104707870453,0.11599999999999999,0.7175723873622772,8.442783743873472,95.07129310808685,-17.990968074595457,-0.041919824271627625,-0.12402337047782495,-0.0769539336510126,5485.709309545114,4612.191646225205,1852.7524146698438,0.4444444444444444,0.0,-0.2,0.9185425761157087,0.8569955584380234,1.0,0.06008333307418785,0.001531987863103105
2.4,21.593171949753042,-0.9706534993760547,21.6149772858417,-0.40113959562635537,0.5755093745673947,0.11599999999999999,0.7135601421227578,8.553290681792294,95.39587610132415,-18.14717383348104,-0.04492163090989169,-0.12695858914063923,-0.08005149204362384,5521.1996109849415,4710.098693047745,1852.4928172300602,0.4444444444444444,0.0,-0.2,0.9243539568477593,0.8727938825356704,1.0,0.060869759134526455,0.0015234218826961226
2.4166666666666665,21.595323431471943,-1.034357372999926,21.620080695616295,-0.3915392494443105,0.5762502965438691,0.11599999999999999,0.709827852487706,8.653501462189144,95.72156799059785,-18.301261347002576,-0.04786070803612585,-0.12987101052800928,-0.08304507096579643,5554.179044532657,4797.618838113328,1852.2935422365222,0.4444444444444444,0.0,-0.2,0.9297524179404811,0.8869646188092203,1.0,0.06158291226966122,0.0015154535961187877
2.433333333333333,21.59680587459381,-1.0966405996872937,21.624630507589536,-0.38193267871145986,0.5764132335410039,0.11599999999999999,0.7063731743092132,8.74437315815144,96.04835782430602,-18.45319453956472,-0.05073433251988602,-0.1327525732080715,-0.08593739870062739,5584.70868566136,4875.928275837278,1852.1522710637257,0.4444444444444444,0.0,-0.2,0.9347484749283126,0.8996821069242624,1.0,0.06222960351998265,0.0015080779987106535
2.45,21.597647061450004,-1.1574520932991923,21.62863966918037,-0.3723287328764925,0.5760720396106289,0.11599999999999999,0.7031890290266922,8.826796607525983,96.37623318015898,-18.602939727700786,-0.05354036510754988,-0.13559655909004228,-0.08873103292463765,5612.886287836513,4946.074517555736,1852.0666110127195,0.4444444444444444,0.0,-0.2,0.9393585829101638,0.9111041354183903,1.0,0.06281617256073153,0.0015012799780327528
2.466666666666667,21.59787532497112,-1.2167511538480587,21.632121993077494,-0.3627351386342508,0.5752903870560135,0.11599999999999999,0.7002651456569264,8.901591483937782,96.70518033753234,-18.750465435437523,-0.05627712606065734,-0.13839735628767397,-0.09142834313527867,5638.832824480798,5008.985550234179,1852.0341264176914,0.4444444444444444,0.0,-0.2,0.943602932792102,0.9213722917394942,1.0,0.06334845262475115,0.0014950376059536434
2.4833333333333334,21.597519271455806,-1.274505376108489,21.635091925726464,-0.3531586538217668,0.5741232549753843,0.11599999999999999,0.6975892271465514,8.969505661294432,97.03518443258157,-18.895742221731037,-0.05894329844842662,-0.141150265581654,-0.09403150697807315,5662.68245985723,5065.4806067402515,1852.0523625655642,0.4444444444444444,0.0,-0.2,0.9475038125940795,0.9306128786564402,1.0,0.06383176597996296,0.0014893246287645172
2.5,21.596607565797868,-1.3306890151740314,21.63756436399861,-0.34360519876719936,0.5726182036401557,0.11599999999999999,0.695147816769802,9.031217291252668,97.36622959719404,-19.038742520775916,-0.061537852873792175,-0.14385134268133604,-0.09654251517225801,5684.57523277284,5116.281325135476,1852.1188639654706,0.4444444444444444,0.0,-0.2,0.9510844149255714,0.9389381146682796,1.0,0.0642709387137218,0.0014841123169031555
2.5166666666666666,21.595168765842836,-1.385281706366821,21.639554510923475,-0.3340799684041432,0.5708164595715332,0.11599999999999999,0.6929269298400779,9.087338500435814,97.69829908305772,-19.179440495285743,-0.06405998879399113,-0.14649726967798182,-0.09896318148755123,5704.651843677962,5162.0225824100335,1852.2311882019444,0.4444444444444444,0.0,-0.2,0.9543679897400321,0.9464474421036912,1.0,0.06467032704417905,0.0014793708136324284
2.533333333333333,21.593231195263034,-1.4382674599474152,21.641077762866253,-0.324587528043667,0.568753836421539,0.11599999999999999,0.6909125047765704,9.13841996487946,98.03137537219737,-19.317811902393082,-0.0665090886885716,-0.1490852501964254,-0.1012951554293067,5723.050045426813,5203.262615927697,1852.3869163518118,0.4444444444444444,0.0,-0.2,0.9573772598365675,0.953228836723853,1.0,0.06503384987446734,0.0014750700980491987
2.55,21.590822846561853,-1.4896338691074784,21.64214962187466,-0.315131895292612,0.5664615152093667,0.11599999999999999,0.6890907170342592,9.184955867388904,98.36544027531797,-19.45383397154355,-0.06888468218104432,-0.15161292373752916,-0.10353993610999636,5739.9022385549715,5240.492251571959,1852.5836607373146,0.4444444444444444,0.0,-0.2,0.9601340333291304,0.9593600581186181,1.0,0.06536502407188911,0.0014711806553120974
2.5666666666666664,21.58797130760547,-1.5393714837419028,21.64278562807835,-0.30571661023835256,0.563966705081589,0.11599999999999999,0.6874481902212886,9.227388916832025,98.70047501923497,-19.587485293606314,-0.0711864178825378,-0.15407829554494698,-0.10569888634014457,5755.333958456079,5274.143182581653,1852.8190706211942,0.4444444444444444,0.0,-0.2,0.9626589616630321,0.9649098091165016,1.0,0.06566700018787035,0.0014676739273685345
2.5833333333333335,21.584703706502697,-1.587473313335129,21.64300130799937,-0.29634479569486005,0.5612932031207705,0.11599999999999999,0.6859721310694799,9.266115228015995,99.03646032458381,-19.71874572035276,-0.07341404123722517,-0.15647967903132912,-0.10777324634481196,5769.463013316382,5304.595315820848,1853.0908363169542,0.4444444444444444,0.0,-0.2,0.96497140358778,0.9699387904308094,1.0,0.06594259718575503,0.0014645226011112554
2.6,21.581046670777454,-1.6339344306550279,21.64281213544013,-0.28701920902339095,0.5584618691325354,0.11599999999999999,0.6846504087244389,9.301488942373517,99.37337647490027,-19.847596273438356,-0.07556737704319455,-0.15881564837531253,-0.10976414676028605,5782.399089103625,5332.183241852476,1853.3966920830267,0.4444444444444444,0.0,-0.2,0.9670893649791924,0.9745006476468465,1.0,0.06619433532406237,0.0014617007776594948
2.6166666666666667,21.577026297661302,-1.678751654384592,21.642233502276664,-0.27774228680082963,0.5554910289521782,0.11599999999999999,0.6834715939066437,9.333826524575354,99.71120337805975,-19.9740190620406,-0.0776463156254026,-0.1610849993688774,-0.11167262072956712,5794.243683161607,5357.201904249534,1853.734418087678,0.4444444444444444,0.0,-0.2,0.9690294918608503,0.978642813960849,1.0,0.06642446673346354,0.001459184055966305
2.6333333333333333,21.572668133025036,-1.721923293776341,21.64128069702169,-0.2685161834054683,0.5523968176933775,0.11599999999999999,0.682424969656387,9.363410706508825,100.04992062096191,-20.0979972083452,-0.07965080187027189,-0.1632867169724434,-0.11349961502180027,5805.090263097259,5379.911550222065,1854.1018416674854,0.4444444444444444,0.0,-0.2,0.9708070997538334,0.9824072554863914,1.0,0.06663500348422728,0.0014569495557585745
2.65,21.567997157008868,-1.7634489422289934,21.63996888945525,-0.25934280441910623,0.549193472527127,0.11599999999999999,0.6815005224118128,9.390494073563042,100.38950751825013,-20.219514780123728,-0.08158082651060843,-0.16541994833848064,-0.11524600016862016,5815.024574617601,5400.54204405669,1854.4968380524085,0.4444444444444444,0.0,-0.2,0.9724362269119177,0.9858311275427836,1.0,0.06682774310813035,0.0014549758984889957
2.6666666666666665,21.563037774832615,-1.8033293096252212,21.63831311996875,-0.2502238356011747,0.5458935830152548,0.11599999999999999,0.6806889199013384,9.415302302876112,100.72994315576669,-20.33855672970321,-0.08343641918736482,-0.16748398030737488,-0.11691257965214695,5824.125042487895,5419.29662032292,1854.9173306916555,0.4444444444444444,0.0,-0.2,0.9739297023618844,0.9889473508404046,1.0,0.06700429164354435,0.0014532431601372855
2.683333333333333,21.557813811596542,-1.8415660855367004,21.63632829254681,-0.24116076807089284,0.5425083057037997,0.11599999999999999,0.6799814806088702,9.438037071948026,101.07120642936287,-20.45510883868705,-0.08521764292098961,-0.1694782205735646,-0.11850009820375718,5832.46322426453,5436.355147312579,1855.3612912844242,0.4444444444444444,0.0,-0.2,0.9752992222021429,0.9917851163337731,1.0,0.06716608433466993,0.0014517328060196647
2.7,21.552348510140323,-1.8781618271544192,21.634029170534273,-0.2321549202334763,0.539047548576526,0.11599999999999999,0.6793701382695267,9.458878660765873,101.41327607960993,-20.56915766784507,-0.08692458970706679,-0.17140218187524403,-0.12000924928564696,5840.104288059426,5451.876963960853,1855.8267395961645,0.4444444444444444,0.0,-0.2,0.9765554295085022,0.9943703270120621,1.0,0.0673144041496417,0.0014504276149886694
2.716666666666667,21.546664531228217,-1.913119867157891,21.63143037451297,-0.22320745690289873,0.5355201300474167,0.11599999999999999,0.6788474038772037,9.477988272682392,101.75613072289147,-20.680690511646077,-0.08855737701430622,-0.17325546868507202,-0.12144068183260884,5847.1074942307605,5466.003346258281,1856.3117431227793,0.4444444444444444,0.0,-0.2,0.977707994604721,0.9967259842184448,1.0,0.06745039829713266,0.0014493115983208469
2.7333333333333334,21.540767275635424,-1.9464941934688011,21.62853426537022,-0.214319137353098,0.5319749980520349,0.11599999999999999,0.6763250424780518,9.489779445303204,102.09974871312154,-20.789695619237964,-0.09011851475489163,-0.17503775515777276,-0.12279721917140023,5853.782312400045,5471.150077958969,1854.2759103098317,0.4444444444444444,0.0,-0.2,0.9787648437208566,0.9975169624310701,1.0,0.06753431054378066,0.0014439264593189617
2.75,21.53463899751315,-1.9784213053830069,21.625328381664115,-0.20548906466413286,0.5285125842190489,0.11599999999999999,0.6729483622049698,9.49765065631067,102.44410743549065,-20.896163317760163,-0.09161440372580708,-0.17674921468050867,-0.12409243471269292,5860.28260412546,5471.531613394693,1851.1384233017764,0.4444444444444444,0.0,-0.2,0.9797337392473692,0.9975296437821579,1.0,0.06759032626170093,0.0014367173842666776
2.7666666666666666,21.528297399074358,-2.0089442271112916,21.621827994196874,-0.19671583844768506,0.5251320358379234,0.11599999999999999,0.6699077616038243,9.504929151691186,102.78918404418503,-21.000084887284164,-0.09304698837155534,-0.1783916939078785,-0.12532973466821717,5866.24151554589,5471.868990640871,1848.3277902620086,0.4444444444444444,0.0,-0.2,0.9806236962912398,0.9975410585253821,1.0,0.06764212390042926,0.0014302258256455023
2.783333333333333,21.521760619472154,-2.0380993463771193,21.618048688712985,-0.18799815367540387,0.5218277101000611,0.11599999999999999,0.6671671950423278,9.511665357460432,103.1349557985075,-21.101452028728076,-0.09441789661791998,-0.17996720858526616,-0.1265103873780739,5871.709270023397,5472.167517063591,1845.807576937161,0.4444444444444444,0.0,-0.2,0.9814418693932184,0.9975513459119343,1.0,0.06769006231827437,0.0014243748274964903
2.8,21.51504580713301,-2.065920507172303,21.614005265683332,-0.17933479461199062,0.5185944148223358,0.11599999999999999,0.6646973604417777,9.517904189562488,103.48140006077047,-21.200256843647868,-0.09572863511130035,-0.18147762233277337,-0.12763556794117045,5876.731032202993,5472.431333551055,1843.548763924642,0.4444444444444444,0.0,-0.2,0.982194806926105,0.997560618241797,1.0,0.06773446116094921,0.001419101831073337
2.8166666666666664,21.50816924091989,-2.0924392365901663,21.60971184571591,-0.17072462777880498,0.5154273631415961,0.11599999999999999,0.6624734684271474,9.523685606420278,103.82849429500135,-21.296491815925595,-0.09698059998443663,-0.1829246604839576,-0.1287063661324099,5881.347121462141,5472.663857222236,1841.5271084482251,0.4444444444444444,0.0,-0.2,0.9828884066736179,0.9975689697407428,1.0,0.06777560479381312,0.001414353912068553
2.8333333333333335,21.501146422266824,-2.1176849477138884,21.605181948077444,-0.16216659564583902,0.5123221310392099,0.11599999999999999,0.6604740307978394,9.529045177102788,104.17621606614375,-21.39014979524958,-0.09817508654100585,-0.18430992268628957,-0.12972379343532803,5885.593451761995,5472.867995075273,1839.7217518445511,0.4444444444444444,0.0,-0.2,0.9835279435045882,0.9975764816861322,1.0,0.06781374634525171,0.0014100851940477951
2.85,21.493992149838544,-2.1416851200818208,21.6004285534084,-0.15365971099013637,0.5092746189109196,0.11599999999999999,0.6586801485453283,9.53401460833533,104.52454303955011,-21.481223982141568,-0.09931329789905752,-0.18563489419031864,-0.13068878929877484,5889.502009552117,5473.046266075039,1838.114428851182,0.4444444444444444,0.0,-0.2,0.9841181232458943,0.9975832253539797,1.0,0.06784911145716171,0.0014062553283964911
2.8666666666666667,21.486720582614765,-2.1644654599554745,21.595464156222743,-0.14520305185087887,0.5062810173277991,0.11599999999999999,0.6570750532053969,9.538622213981421,104.87345298066737,-21.569707914330838,-0.10039635268407038,-0.1869009559016139,-0.1316022267086146,5893.10130934864,5473.200877331889,1836.688976872739,0.4444444444444444,0.0,-0.2,0.9846631426808488,0.9975892638735274,1.0,0.06788190162603339,0.0014028285151255163
2.8833333333333333,21.479345294599998,-2.186050042706528,21.590300810175673,-0.13679575701379754,0.5033377767183957,0.11599999999999999,0.6556437841111799,9.542893325629056,105.22292375486703,-21.655595454308106,-0.10142529187488836,-0.18810939331478882,-0.13246491715697825,5896.4168055027185,5473.333776026923,1835.4310021823967,0.4444444444444444,0.0,-0.2,0.9851667473618347,0.9975946535050458,1.0,0.06791229712490046,0.0013997728138195682
2.9,21.471879323038017,-2.2064614394874593,21.584950167814902,-0.12843702196369444,0.5004415805675566,0.11599999999999999,0.654372944193039,9.54685064877202,105.57293332739413,-21.738880777917256,-0.1024010849024134,-0.1892614044565911,-0.13327761508215483,5899.471255518251,5473.446687595548,1834.3276339288786,0.4444444444444444,0.0,-0.2,0.9856322841872256,0.9975994445909997,1.0,0.06794045953811559,0.0013970596222798335
2.9166666666666665,21.464335211338128,-2.2257208301195384,21.57942351589397,-0.12012609525087345,0.4975893217104378,0.11599999999999999,0.6532505052967896,9.550514570892165,105.9234597634208,-21.819558363863507,-0.1033246350917405,-0.1903581069577409,-0.1340410218430149,5902.285037143398,5473.5411454496625,1833.3673315320068,0.4444444444444444,0.0,-0.2,0.9860627479871349,0.9976036823058664,1.0,0.06796653395382739,0.0013946632608863162
2.933333333333333,21.45672504755865,-2.243848103890931,21.573731806988462,-0.11186227522403681,0.4947780813287969,0.11599999999999999,0.6522656475490574,9.553903427859652,106.2744812281951,-21.897622984033337,-0.10419678452778507,-0.19140054436085313,-0.134755789283474,5904.876423888204,5473.618515024448,1832.5397275571765,0.4444444444444444,0.0,-0.2,0.9864608223123725,0.9976074072703999,1.0,0.06799065085982609,0.0013925606296494107
2.95,21.449060499084286,-2.260861949733664,21.567885687965138,-0.10364490708831298,0.49200511029976,0.11599999999999999,0.6514086239366121,9.557033734526616,106.62597598727916,-21.973069694535635,-0.10501831841416877,-0.1923896917585853,-0.13542252293509624,5907.261824134704,5473.6800137191285,1831.8354961574662,0.4444444444444444,0.0,-0.2,0.9868289149694711,0.9976106560672142,1.0,0.06801292778457048,0.0013907309190922844
2.966666666666667,21.441352844002658,-2.2767799370497217,21.56189552573644,-0.09547338025244231,0.4892678125919178,0.11599999999999999,0.6506706446300764,9.559920384654953,106.9779224068713,-22.045893827385388,-0.10578996898585208,-0.19332646084378066,-0.13604178489950663,5909.4559887453825,5473.726727687018,1831.2462411598856,0.4444444444444444,0.0,-0.2,0.9871691889312698,0.9976134616800232,1.0,0.06803347071998031,0.0013891553632867026
2.9833333333333334,21.43361299959557,-2.291618588284511,21.555771430654097,-0.08734712593379836,0.48656373044488754,0.11599999999999999,0.6500437773731851,9.562576824582509,107.33029895420857,-22.11609098276131,-0.1065124190278821,-0.19421170444236835,-0.13661409644674719,5911.472191546073,5473.759626105105,1830.7643999465643,0.4444444444444444,0.0,-0.2,0.9874835892311699,0.9976158538712697,1.0,0.068052375357337,0.0013878170271881462
3.0,21.4258515482946,-2.305393444198235,21.54952327783866,-0.07926561499393342,0.48389053110486474,0.11599999999999999,0.6495208612770542,9.565015204364906,107.6830841980462,-22.18365702177745,-0.10718630504562078,-0.19504622059022514,-0.1371399403609593,5913.322386476732,5473.779573369973,1830.3831604260504,0.4444444444444444,0.0,-0.2,0.9877738663885235,0.9976178595086196,1.0,0.06806972816288925,0.001386700622590084
3.0166666666666666,21.418078761399606,-2.318119122659373,21.543160726698297,-0.07122835598079583,0.4812459949200819,0.11599999999999999,0.6490954319849533,9.56724650955243,108.03625680921107,-22.248588059716162,-0.10781222012581138,-0.19583075620698984,-0.13761976306070547,5915.017344654995,5473.787339555157,1830.0963890696466,0.4444444444444444,0.0,-0.2,0.9880415968425481,0.9976195028482238,1.0,0.0680856073156473,0.0013857923483538038
3.033333333333333,21.41030462081772,-2.3298093716764385,21.5366932388554,-0.06323489335674896,0.4786280046269145,0.11599999999999999,0.6487616565902119,9.569280676270775,108.3897955612269,-22.31088045967627,-0.10839071652269805,-0.19656601041279614,-0.13805397651774873,5916.56677411197,5473.783609391749,1829.8985684256525,0.4444444444444444,0.0,-0.2,0.9882882008048515,0.9976208057809948,1.0,0.06810008352635867,0.001385079751460791
3.05,21.402538839046354,-2.340477117291713,21.530130094670906,-0.05528480589410069,0.4760345356802136,0.11599999999999999,0.6485142769886268,9.571126691861831,108.74367933100906,-22.3705308265956,-0.10892230799900936,-0.19725263752788044,-0.13844295999510672,5917.979424542357,5473.768989982075,1829.7847428292994,0.4444444444444444,0.0,-0.2,0.9885149578804804,0.9976217880469465,1.0,0.06811322075372139,0.0013845516060724198
3.0666666666666664,21.39479087759582,-2.350134506881338,21.523480408532716,-0.04737770522208527,0.4734636475008722,0.11599999999999999,0.6483485605732148,9.572792682994779,109.09788709962723,-22.427536001611948,-0.10940747194783623,-0.19789124978988162,-0.13878706162260954,5919.263179056821,5473.744017417623,1829.75047125258,0.4444444444444444,0.0,-0.2,0.9887230207553318,0.9976224674217795,1.0,0.06812507683142943,0.001384197808265259
3.0833333333333335,21.38706996402289,-2.358792948337959,21.51675314305434,-0.039513234511181244,0.4709134755301761,0.11599999999999999,0.6482602573580387,9.57428599286767,109.45239795313466,-22.4818930567305,-0.10984665131818752,-0.19848241981924225,-0.1390865998259573,5920.425134625577,5473.709162442172,1829.7917864146466,0.4444444444444444,0.0,-0.2,0.9889134272033583,0.9976228598791964,1.0,0.0681357040175801,0.00138400928449218
3.1,21.37938510772663,-2.366463145553329,21.509957122313036,-0.031691067282339086,0.4683822239945959,0.11599999999999999,0.648245562763257,9.575613248876321,109.80719108346334,-22.53359928976957,-0.11024025636420473,-0.19902668285933472,-0.13934186462333825,5921.471672650347,5473.664835276772,1829.9051594157484,0.4444444444444444,0.0,-0.2,0.989087110629413,0.9976229797318708,1.0,0.0681451494762418,0.0013839779121299553
3.1166666666666667,21.371745114640365,-2.373155130567476,21.50310104424227,-0.02391090633017068,0.4658681592967292,0.11599999999999999,0.6483010854139859,9.5767804219222,110.16224578938365,-22.582652219559318,-0.11058866623559904,-0.19952453881467375,-0.13955311880198765,5922.408520889369,5473.6113897033465,1830.087469275099,0.4444444444444444,0.0,-0.2,0.9892449093317988,0.9976228397535418,1.0,0.06815345569952054,0.0013840964507311362
3.1333333333333333,21.364158600938847,-2.37887829270704,21.496193492280955,-0.016172482750447706,0.46336960395841514,0.11599999999999999,0.6484238194068123,9.57779287835804,110.51754147752926,-22.629049581371184,-0.11089223042477793,-0.1999764541077631,-0.13972059898560568,5923.240807780591,5473.549126487119,1830.3359768516116,0.4444444444444444,0.0,-0.2,0.9893875746417228,0.9976224512843143,1.0,0.06816066087723242,0.0013843584828141869
3.15,21.356634005867175,-2.383641404997124,21.489242946371537,-0.00847555506339519,0.4608849310508875,0.11599999999999999,0.6486111205837208,9.578655425423094,110.8730576634863,-22.67278932255791,-0.11115127008430771,-0.20038286337268602,-0.1398445166022741,5923.9731100560475,5473.478296203976,1830.648302710143,0.4444444444444444,0.0,-0.2,0.98951577807411,0.9976218243209184,1.0,0.06816679922024511,0.0013847583632092834
3.1666666666666665,21.349179603786965,-2.3874526480977227,21.482257793389927,-0.0008199084252714815,0.4584125590544257,0.11599999999999999,0.6488606864269495,9.579372350894971,111.22877397294786,-22.713869598386374,-0.11136607922677555,-0.20074417100143704,-0.13992505876139374,5924.609494410948,5473.3991015269785,1831.0224085678426,0.4444444444444444,0.0,-0.2,0.9896301176049042,0.9976209675934051,1.0,0.06817190124266129,0.0013852911761346482
3.183333333333333,21.34180351552617,-2.390319631986718,21.475246337082755,0.006794646078384444,0.4559509470964955,0.11599999999999999,0.6491705392519957,9.57994745757845,111.58467014293419,-22.752288768047134,-0.11153692581773028,-0.20106075255715494,-0.13996238904718286,5925.153553880545,5473.311699015812,1831.4565820175533,0.4444444444444444,0.0,-0.2,0.9897311231735312,0.9976198886295128,1.0,0.06817599400725943,0.0013859526993143009
3.2,21.334513719110976,-2.3922494155859964,21.46821680758106,0.014368272063666958,0.4534985905229925,0.11599999999999999,0.6495390124316888,9.580384093159703,111.94072602307978,-22.788045390826387,-0.1116640527711736,-0.20133295606681623,-0.139956648235412,5925.6084394831405,5473.216200443911,1831.9494242799658,0.4444444444444444,0.0,-0.2,0.9898192614951312,0.9976185938077281,1.0,0.06817910133795227,0.0013867393745670149
3.216666666666667,21.32731805995155,-2.3932485245049455,21.461177370554037,0.02190110840850256,0.4510540167620447,0.11599999999999999,0.6499647394333264,9.58068517587534,112.29692157698872,-22.821138222427436,-0.11174767885601265,-0.20156110320455134,-0.13990795493928906,5925.976887606009,5473.112673689867,1832.4998407847065,0.4444444444444444,0.0,-0.2,0.9898949402550958,0.9976170883998804,1.0,0.06818124400246144,0.0013876482844010479
3.2333333333333334,21.32022426054762,-2.393322967055968,21.45413613606199,0.029393269746625553,0.4486157814440045,0.11599999999999999,0.6504466454946899,9.580853216376786,112.65323688366017,-22.85156621143008,-0.1117879995209545,-0.20174549037552536,-0.13981640618973315,5926.261243540404,5473.001143212485,1833.107034424125,0.4444444444444444,0.0,-0.2,0.9899585117480408,0.9976153766039452,1.0,0.06818243986791585,0.001388677134242774
3.25,21.31323992977533,-2.3924782486794305,21.44710116716415,0.03684484689925471,0.44618246474485573,0.11599999999999999,0.6509839418043518,9.58089033611029,113.0096521389861,-22.879328495877573,-0.11178518764450514,-0.20188638970925413,-0.13968207795467802,5926.463481510375,5472.881590122072,1833.7705013632376,0.4444444444444444,0.0,-0.2,0.9900102760143498,0.9976134615675826,1.0,0.0681827040316537,0.0013898242400118767
3.2666666666666666,21.306372571812833,-2.3907193849001946,21.440080488333894,0.04425590724788165,0.443752667923358,0.11599999999999999,0.651576122087998,9.580798282479856,113.36614765732382,-22.904424399981732,-0.11173939421601257,-0.20198404997029024,-0.13950502560151334,5926.585221486261,5472.753951854238,1834.4900293259964,0.4444444444444444,0.0,-0.2,0.9900504835195817,0.9976113454028049,1.0,0.06818204892912996,0.0013910885208332857
3.283333333333333,21.2996295947589,-2.388050912924477,21.433082093731844,0.05162649505111516,0.4413250100249069,0.11599999999999999,0.6522229615363473,9.580578441013007,113.7227038731466,-22.926853430937847,-0.11165074895305857,-0.20203869739338942,-0.13928528430629955,5926.627743026193,5472.618121446412,1835.26569831266,0.4444444444444444,0.0,-0.2,0.9900793374151851,0.9976090291920345,1.0,0.0681804844204943,0.0013924694967483294
3.3,21.293018318996594,-2.3844769019738483,21.42611395538564,0.0589566317080997,0.4388981247273734,0.11599999999999999,0.6529245180423683,9.580231844706992,114.07930134277562,-22.946615275841765,-0.1115193608599404,-0.20205053644954662,-0.13902286941296788,5926.591996346667,5472.473946411309,1836.0978837362125,0.4444444444444444,0.0,-0.2,0.9900969954129303,0.9976065129857021,1.0,0.06817801785710381,0.0013939672913561402
3.3166666666666664,21.286545985352074,-2.3800009624426743,21.419184031324267,0.06624631597063459,0.4364706573061279,0.11599999999999999,0.6536811357465833,9.579759180694271,114.43592074619737,-22.963709798702418,-0.11134531873148747,-0.2020197505486544,-0.13871777674534003,5926.478610785224,5472.321227195587,1836.9872619982752,0.4444444444444444,0.0,-0.2,0.990103571300115,0.9976037957914191,1.0,0.06817465412895797,0.0013955826393827373
3.3333333333333335,21.280219763097683,-2.374626253955973,21.41230027371441,0.07349552410575817,0.4340412616971133,0.11599999999999999,0.654493450919859,9.579160794330507,114.79254288897103,-22.97813703754367,-0.11112869160601906,-0.201946502683983,-0.13836998287446417,5926.287900783787,5472.159715205753,1837.934818557353,0.4444444444444444,0.0,-0.2,0.9900991361178182,0.9976008755546422,1.0,0.06817039569379112,0.001397316899240544
3.35,21.274046757847838,-2.3683554923963808,21.40547063704651,0.08070421001022378,0.4316085976382213,0.11599999999999999,0.6553624002439143,9.578436690774945,115.14914870423102,-22.989897201590008,-0.11086952917086114,-0.20183093602319013,-0.13797944534345882,5926.019869489446,5471.989110376919,1838.94185857525,0.4444444444444444,0.0,-0.2,0.990083719020163,0.9975977491306403,1.0,0.06816524258831916,0.0013991720707069348
3.3666666666666667,21.268034019396257,-2.3611909559616553,21.398703086418852,0.08787230527797756,0.42917132787039497,0.11599999999999999,0.6562892315813882,9.577586534101242,115.5057192547904,-22.99899066853123,-0.11056786212350081,-0.20167317445014588,-0.13754610285178934,5925.674210039942,5471.809058253061,1840.0100202617318,0.4444444444444444,0.0,-0.2,0.9900573078286172,0.9975944122474584,1.0,0.06815919242191186,0.0014011508179178928
3.3833333333333333,21.26218854954396,-2.3531344903076703,21.39200560596958,0.09499971922144909,0.42672811538083993,0.11599999999999999,0.6572755173602695,9.576609643946057,115.8622357353516,-23.005417981861825,-0.11022370249115584,-0.20147332306148566,-0.1370698754006552,5925.250304573108,5471.619146539918,1841.1412910735835,0.4444444444444444,0.0,-0.2,0.9900198492917375,0.9975908594594511,1.0,0.06815224035274231,0.0014032564979432232
3.4,21.256517309968576,-2.34418751282624,21.38538620750825,0.10208633884718021,0.4242776206715023,0.11599999999999999,0.6583231707325349,9.57550498967226,116.21867947483175,-23.009179848291115,-0.10983704391127806,-0.20123146862148486,-0.1365506644009555,5924.747220972657,5471.418901083329,1842.3380269629197,0.4444444444444444,0.0,-0.2,0.9899712490573862,0.997587084090839,1.0,0.06814437904624936,0.0014054931952845874
3.4166666666666665,21.251027230187546,-2.3343510161021688,21.37885293940135,0.10913202878604344,0.42181849903658475,0.11599999999999999,0.6594344647045699,9.574271181993074,116.57503193881053,-23.010277135220925,-0.10940786187528291,-0.2009476799785765,-0.13598835274510754,5924.163707336439,5471.207781216499,1843.602974911661,0.4444444444444444,0.0,-0.2,0.9899113713612498,0.9975830781685967,1.0,0.06813559861553042,0.001407865762718175
3.433333333333333,21.245725215670454,-2.3236255705897135,21.372413895769323,0.11613663117803583,0.4193493978333381,0.11599999999999999,0.6606120544781471,9.572906461972204,116.93127473210976,-23.008710868287746,-0.10893611393760814,-0.20062200844660205,-0.13538280484382986,5923.498184127241,5470.985174409203,1844.939299035313,0.4444444444444444,0.0,-0.2,0.9898400384324364,0.9975788323438497,1.0,0.06812588654306068,0.0014103798689917818
3.4499999999999997,21.24061815615903,-2.3120113265450546,21.366077226056852,0.12309996551137514,0.41686895373069827,0.11599999999999999,0.6618590032862294,9.571408687282167,117.28738960151449,-23.004482228966907,-0.10842173989204515,-0.2002544881536972,-0.13473386662885936,5922.748733939767,5470.750390139861,1846.3506105905692,0.4444444444444444,0.0,-0.2,0.9897570296139385,0.9975743358007698,1.0,0.06811522758289995,0.0014130420539832014
3.466666666666667,21.23571293425773,-2.299508015248454,21.359851145042956,0.1300218284153706,0.41437578992055446,0.11599999999999999,0.6631788120586003,9.569775315568604,117.64335843864679,-22.997592552236668,-0.10786466191716093,-0.19984513636156478,-0.13404136552245394,5921.913088790454,5470.502652897767,1847.8410022788557,0.4444444444444444,0.0,-0.2,0.9896620801928249,0.9975695761518119,1.0,0.06810360364230438,0.0014158597920351371
3.4833333333333334,21.231016434362637,-2.2861149495475055,21.35374394336321,0.13690199340628761,0.4118685132765458,0.11599999999999999,0.6645754533093499,9.568003384731004,117.99916328300473,-22.988043324300406,-0.1072647846925361,-0.19939395375777702,-0.1333051103744434,5920.98861480857,5470.24109420672,1849.4150873029623,0.4444444444444444,0.0,-0.2,0.9895548799320787,0.9975645393179052,1.0,0.06809099364139358,0.0014188415643036085
3.5,21.226535552002737,-2.2718310237512602,21.347763998623247,0.14374021058517528,0.40934571144530685,0.11599999999999999,0.6660534097028179,9.56608948988958,118.35478632518033,-22.975836180365608,-0.10662199548748404,-0.19890092472367726,-0.13252489136752427,5919.972294177154,5469.964743542838,1851.0780437077995,0.4444444444444444,0.0,-0.2,0.9894350712930189,0.9975592093919963,1.0,0.06807737334923465,0.0014219969410946688
3.5166666666666666,21.22227720367476,-2.2566547129041137,21.34191978719079,0.15053620628637296,0.40680594985503166,0.11599999999999999,0.6676177178281505,9.5640297567633,118.7102099102717,-22.96097290247853,-0.10593616422389282,-0.19836601758041972,-0.13170047989146197,5918.860704140606,5469.672517997695,1852.8356646207737,0.4444444444444444,0.0,-0.2,0.9893022473341921,0.9975535684840832,1.0,0.06806271519438614,0.0014253366753213053
3.533333333333333,21.2182483372612,-2.2405840714682035,21.33621989676252,0.15728968267515975,0.4042477686261159,0.11599999999999999,0.6692740177968338,9.561819811133958,119.06541654150682,-22.943455417413976,-0.10520714351484838,-0.19778918481569693,-0.13083162838686377,5917.6499928610965,5469.3632105124825,1854.694415104197,0.4444444444444444,0.0,-0.2,0.9891559492694347,0.9975475965455735,1.0,0.06804698804758814,0.0014288728083921558
3.55,21.214455943131217,-2.2236167314437636,21.33067303981316,0.1640003172927542,0.40166967936849324,0.11599999999999999,0.6710286093744501,9.559454744014964,119.42038888409779,-22.923285794619712,-0.10443476868075428,-0.19717036329375803,-0.12991807015922469,5916.335851868394,5469.035476479027,1856.6614964439102,0.4444444444444444,0.0,-0.2,0.9889956636644833,0.9975412711704728,1.0,0.06803015697388494,0.0014326187900505249
3.5666666666666664,21.21090706603559,-2.2057498999585623,21.325288068046483,0.1706677625466148,0.399070161850124,0.11599999999999999,0.6728885154697233,9.556929072079646,119.77510976934715,-22.900466244215636,-0.10361885774477422,-0.19650947445142627,-0.12895951916403486,5914.9134848060985,5468.687818468,1858.744918827558,0.4444444444444444,0.0,-0.2,0.988820819247979,0.9975345673705035,1.0,0.06801218295101175,0.0014365896139209133
3.5833333333333335,21.207608817920654,-2.186980356360316,21.32007398798259,0.17729164514373016,0.396447660520953,0.11599999999999999,0.6748615539335971,9.554236692831022,120.12956219903002,-22.874999115048023,-0.10275921140958583,-0.1958064244829812,-0.12795566976387848,5913.377572131322,5468.318568802629,1860.9535835160991,0.4444444444444444,0.0,-0.2,0.9886307833089634,0.9975274573208031,1.0,0.067993022550359,0.0014408019707971326
3.6,21.20456839180177,-2.1673044488500244,21.315039977832644,0.1838715654643256,0.39380058087656794,0.11599999999999999,0.6769564187718002,9.55137083391118,120.48372935007889,-22.84688689279954,-0.10185561301766687,-0.19506110451698888,-0.1269061964586594,5911.7222313734,5467.925869646122,1863.2973757869015,0.4444444444444444,0.0,-0.2,0.9884248576489351,0.997519910072328,1.0,0.06797262757623102,0.0014452744220278238
3.6166666666666667,21.201793076855402,-2.1467180906997676,21.31019540583172,0.19040709687315108,0.39112728564580845,0.11599999999999999,0.679182772050226,9.54832399585172,120.83759457960095,-22.8161321981561,-0.10090782849764325,-0.19427339078845324,-0.1258107535903783,5909.940972499595,5467.507650211006,1865.787270130998,0.4444444444444444,0.0,-0.2,0.9882022740522013,0.9975118912264641,1.0,0.06795094465842769,0.0014500275957307109
3.6333333333333333,21.19929027491036,-2.125216756105901,21.305549850223116,0.19689778496525306,0.3884260907867521,0.11599999999999999,0.6815513479781535,9.545087887454233,121.19114143026161,-22.782737785032072,-0.09991560629962958,-0.19344314481002728,-0.12466897502427023,5908.026647870807,5467.061600626722,1868.4354494262425,0.4444444444444444,0.0,-0.2,0.987962189233586,0.997503362566633,1.0,0.0679279147923777,0.00145508440900604
3.65,21.197067518543797,-2.102795475738172,21.30111312111387,0.2033431467428784,0.38569526127593234,0.11599999999999999,0.6840740708957034,9.541653352858788,121.54435363607205,-22.746706538855555,-0.09887867732300652,-0.19257021354648707,-0.12348047380861749,5905.971396196785,5466.585141915081,1871.2554400890658,0.4444444444444444,0.0,-0.2,0.9877036792174815,0.9974942816408265,1.0,0.06790347282011912,0.0014604703198350013
3.6666666666666665,21.195132491016775,-2.079448832057522,21.296895284451683,0.20974266971991265,0.38293300667640495,0.11599999999999999,0.6867641891758887,9.53801028920455,121.89721512862323,-22.708041474916104,-0.09779675484072661,-0.19165442959723933,-0.12224484181620701,5903.766579816868,5466.07539141861,1874.262265538446,0.4444444444444444,0.0,-0.2,0.9874257330967443,0.9974846012880318,1.0,0.06787754684432862,0.001466213612955163
3.683333333333333,21.193493048318548,-2.0551709544908023,21.29290668840939,0.21609581095002872,0.380137476471527,0.11599999999999999,0.6896364273866225,9.53414755360592,122.24971004381449,-22.666745736777475,-0.09666953442505077,-0.19069561139233648,-0.12096164937123918,5901.402714537355,5465.529122899674,1877.4726206965152,0.4444444444444444,0.0,-0.2,0.9871272461139952,0.9974742691003126,1.0,0.06785005756631432,0.0014723457247201655
3.6999999999999997,21.192157243628674,-2.0299555145700396,21.28915799250446,0.22240199597452043,0.3773067551531967,0.11599999999999999,0.6927071594543893,9.53005285795351,122.60182272913066,-22.62282259475859,-0.0954966938806283,-0.18969356340832622,-0.11963044486655924,5898.869391147973,5464.942720373762,1880.9050707130475,0.4444444444444444,0.0,-0.2,0.9868070120014335,0.9974632268109535,1.0,0.06782091753736359,0.0014789016127971203
3.716666666666667,21.191133354553255,-2.003795721168152,21.2856601998301,0.22866061768563592,0.374438857056062,0.11599999999999999,0.6959946060413976,9.525712649795363,122.95353775152934,-22.57627544448634,-0.09427789319208692,-0.18864807641130224,-0.11825075437743207,5896.155187615814,5464.31212455127,1884.580277650603,0.4444444444444444,0.0,-0.2,0.9864637145083501,0.9974514095974222,1.0,0.06779003031103063,0.0014859201775588018
3.7333333333333334,21.190426824537685,-1.976693252727077,21.28242244720894,0.2348710656051068,0.3715390418890414,0.11599999999999999,0.6987954892670459,9.51912114764939,123.30483990177302,-22.527107842055887,-0.09301320607201075,-0.1875589277357837,-0.11682208127978044,5893.2475708124575,5461.058991189411,1887.6316248759983,0.4444444444444444,0.0,-0.2,0.9860959180380395,0.9969688770967325,1.0,0.06774312168102065,0.0014918999493326785
3.75,21.19000198873436,-1.9487756905789564,21.27942459219134,0.24103380049729273,0.3687128337173139,0.11599999999999999,0.6991158148842794,9.505066979116819,123.65571405902926,-22.475324702597547,-0.09170878006344452,-0.18642592790917087,-0.11535428112553331,5890.797837876403,5447.697512180696,1887.6754827534223,0.4444444444444444,0.0,-0.2,0.9857004550327464,0.9947776744461464,1.0,0.06764310475359005,0.0014925838314977192
3.7666666666666666,21.18984604769892,-1.9201270103559138,21.276664758863873,0.24715060734062524,0.36600052147984913,0.11599999999999999,0.6994352348578018,9.490103158145624,124.00614517873676,-22.420932491127136,-0.09036862560294344,-0.18525026213063678,-0.11385678970526335,5888.202619975488,5433.379338791439,1887.6953471238658,0.4444444444444444,0.0,-0.2,0.9852771275141398,0.9924334823317585,1.0,0.06753661425629083,0.0014932657801502694
3.783333333333333,21.18995685548944,-1.8908062973185664,21.274149101467806,0.2532234726388883,0.3634105885781965,0.11599999999999999,0.6997562638416411,9.474213898253296,124.35611845306047,-22.36393803550312,-0.08899554695135048,-0.18403419835164653,-0.11233290559348547,5885.433006553419,5418.112571855826,1887.6913960771653,0.4444444444444444,0.0,-0.2,0.9848246576146639,0.9899340522689117,1.0,0.06742353784412929,0.0014939511639744075
3.8,21.190331723826002,-1.8608758627248885,21.27188326270758,0.2592545257851254,0.3609516742303473,0.11599999999999999,0.7000796089805411,9.45738277210721,124.7056193189662,-22.30434847626594,-0.08759250650618888,-0.18278015948540394,-0.11078608781353591,5882.481876378169,5401.879459564425,1887.6638573941345,0.4444444444444444,0.0,-0.2,0.9843418767945454,0.9872766229971068,1.0,0.06730375861148188,0.001494641492695401
3.8166666666666664,21.190967431654425,-1.8304013528321599,21.269872350390077,0.26524604231359206,0.3586326272073969,0.11599999999999999,0.7004059822445458,9.439592430305595,125.05463345810242,-22.24217126846175,-0.0861626295650367,-0.18149071777170173,-0.10921997126322493,5879.342678461615,5384.66018328269,1887.6130082733316,0.4444444444444444,0.0,-0.2,0.9838277120299106,0.9844581137333087,1.0,0.06717715309079143,0.0014953382863403383
3.8333333333333335,21.191860234349765,-1.7994518108455384,21.268120909280398,0.2712004474565421,0.3564625071143649,0.11599999999999999,0.7007360924657435,9.420827338367545,125.40314679639077,-22.177414183683105,-0.08470920683629926,-0.18016859717829586,-0.10763837044172803,5876.009299818808,5366.436533298263,1887.5391744364006,0.4444444444444444,0.0,-0.2,0.9832811634500952,0.9814757243417208,1.0,0.06704361073044142,0.0014960430582368993
3.85,21.193005873536656,-1.7680996957930302,21.266632890281965,0.27712031937038445,0.3544505534528334,0.11599999999999999,0.7010706336671064,9.401075715200829,125.75114550313768,-22.110085311656324,-0.08323569487649285,-0.17881667580131994,-0.10604527882927622,5872.476065674009,5347.194409315428,1887.4427291813497,0.4444444444444444,0.0,-0.2,0.9827013039955883,0.9783273431922561,1.0,0.0669030476899226,0.001496757290095904
3.8666666666666667,21.194399588129293,-1.736420857626757,21.265411618308647,0.2830083915969216,0.3526061315141513,0.11599999999999999,0.7014102708553687,9.380331096633752,126.09861598950951,-22.0401930608964,-0.08174571441729395,-0.17743798764072669,-0.10444486460389489,5868.737815652139,5326.925755367038,1887.3240923223148,0.4444444444444444,0.0,-0.2,0.9820872916983038,0.9750118620826186,1.0,0.0667554179667561,0.0014974824016796826
3.8833333333333333,21.196036126917463,-1.7044944652669172,21.26445975978971,0.28886755442302514,0.3509386594568627,0.11599999999999999,0.7017556239083882,9.358593733104822,126.44554490622369,-21.96774615804086,-0.08024304642716351,-0.17603572331198775,-0.10284146288957587,5864.790027270382,5305.630231241865,1887.1837289830564,0.4444444444444444,0.0,-0.2,0.9814383898106186,0.9715294473739601,1.0,0.06660072334319535,0.001498219716402252
3.9,21.197909762864555,-1.672402883076091,21.263779290565203,0.294700854848841,0.34945751865854424,0.11599999999999999,0.7021072499386651,9.335871916933403,126.79191914030952,-21.892753645515405,-0.07873162569678714,-0.17461322934623652,-0.10123956449139804,5860.628971875094,5283.316760483571,1887.022148227839,0.4444444444444444,0.0,-0.2,0.9807539923132811,0.9678817900350045,1.0,0.06643902283178897,0.001498970423676142
3.9166666666666665,21.200014309180165,-1.6402314908446756,21.263371464868932,0.30051149489817786,0.3481719484674223,0.11599999999999999,0.7024656244167773,9.312183272288634,127.13772581078904,-21.815224877203963,-0.07721553172031563,-0.17317400577641495,-0.09964380097203257,5856.251894854147,5260.005007161477,1886.8399015236382,0.4444444444444444,0.0,-0.2,0.9800336534465025,0.9640723429569815,1.0,0.06627044185548472,0.0014997355386116983
3.933333333333333,21.20234313715432,-1.6080684425304779,21.26323678609391,0.3063028280202267,0.34709092623232357,0.11599999999999999,0.7028311213191383,9.287556005001829,127.48295226312517,-21.735169511808984,-0.07569897665379148,-0.17172170173269957,-0.0980589259038052,5851.65721493702,5235.726783828357,1886.6375810349716,0.4444444444444444,0.0,-0.2,0.9792771204063613,0.9601065457981236,1.0,0.06609518114195835,0.0015005158596333543
3.9499999999999997,21.20488919567841,-1.5760043596124984,21.26337498005706,0.3120783533477551,0.346223033659243,0.11599999999999999,0.7032039925869153,9.262030087156198,127.8275860622825,-21.65259750360297,-0.07418629016291901,-0.17026010879075468,-0.096489792162388,5846.844738423971,5210.527363202015,1886.4158177584807,0.4444444444444444,0.0,-0.2,0.9784843685212878,0.9559920327796153,1.0,0.06591352515378308,0.001501311924625256
3.966666666666667,21.207645032323473,-1.544131955940514,21.263784971504748,0.3178417075985488,0.34557631096678076,0.11599999999999999,0.7035843472283415,9.235658336786255,128.17161498424775,-21.567519090294887,-0.07268190102213526,-0.168793151839355,-0.09494132519757456,5841.815884158204,5184.466647202286,1886.1752795094988,0.4444444444444444,0.0,-0.2,0.9776556382201099,0.9517388158293258,1.0,0.06572584977214413,0.001502123966315547
3.9833333333333334,21.210602815798424,-1.5125455923618834,21.264464864616965,0.3235966544373216,0.3451581008954654,0.11599999999999999,0.7039721304546783,9.20850734321709,128.5150270058631,-21.47994477776867,-0.07119031539448965,-0.1673248772645305,-0.09341849231525838,5836.573914443843,5157.620134892755,1885.9166687772795,0.4444444444444444,0.0,-0.2,0.9767914730026103,0.9473594335797014,1.0,0.06553262888204434,0.0015029518677324993
4.0,21.21375435956941,-1.4813407611595102,21.265411928265646,0.32934707115651746,0.34497488530140624,0.11599999999999999,0.7043671033048556,9.180658182501105,128.85781029283814,-21.389885321497434,-0.06971609180588027,-0.16585943828860936,-0.09192626812697588,5831.12416618275,5130.079623943585,1885.640720469451,0.4444444444444444,0.0,-0.2,0.9758927574698686,0.9428690556985707,1.0,0.065334439463732,0.0015037951187039462
4.016666666666667,21.217091146389492,-1.4506135024017839,21.26662258675669,0.3350969325873419,0.34503211777688847,0.11599999999999999,0.704768823280953,9.152206864879757,129.19995318582522,-21.29735170449795,-0.06826381292583275,-0.16440107735607823,-0.09046959646384789,5825.474275423521,5101.953578024072,1885.3481995692928,0.4444444444444444,0.0,-0.2,0.9749607542928789,0.9382855317942415,1.0,0.06513196477707626,0.0015046527745148249
4.033333333333333,21.2206043534675,-1.420459756627377,21.26809241673079,0.340850292217027,0.34533405643459036,0.11599999999999999,0.705176626582604,9.123264457422106,129.54144418446825,-21.20235511176496,-0.06683805437736312,-0.16295410552465728,-0.08905334920434524,5819.63438741484,5073.36709518609,1885.0398987314866,0.4444444444444444,0.0,-0.2,0.9739971388154441,0.9336293747049813,1.0,0.06492599523432814,0.0015055234179783496
4.05,21.22428487799925,-1.3909746607812592,21.269816150813412,0.3466112605638618,0.34588360161112364,0.11599999999999999,0.705589612589064,9.093956830278422,129.8822719293704,-21.104906901214058,-0.06544335091649735,-0.16152287889900133,-0.08768228262266109,5813.61734324875,5044.46142008821,1884.7166358427364,0.4444444444444444,0.0,-0.2,0.9730040298203888,0.928923669392805,1.0,0.06471742659432646,0.001506405126305859
4.066666666666666,21.22812336279525,-1.3622517968745707,21.27178768848875,0.3523839809460515,0.34668214373102035,0.11599999999999999,0.7060066312885525,9.064423984536447,130.2224251819658,-21.005018571262127,-0.06408416044252213,-0.16011177223449624,-0.08636099201793859,5807.438833381658,5015.392955974879,1884.3792515729485,0.4444444444444444,0.0,-0.2,0.9719840148557217,0.9241939009215595,1.0,0.06450725517916599,0.001507295444268973
4.083333333333333,21.232110221768075,-1.3343824053300304,21.274000114528597,0.35817260287117325,0.34772942686706076,0.11599999999999999,0.7064262743899802,9.034818933428493,130.56189280232945,-20.90270172528399,-0.0627648264168144,-0.15872514993715336,-0.08509386552451259,5801.117507847862,4986.331750478239,1884.0286069403537,0.4444444444444444,0.0,-0.2,0.9709401684387389,0.9194676980624328,1.0,0.06429656991227302,0.0015081913652234924
4.1,21.23623566508941,-1.307454577251585,21.27644572513914,0.36398125336616105,0.34902343358606003,0.11599999999999999,0.7068468708658036,9.00530612620825,130.90066372501224,-20.797968033297902,-0.06148953937427447,-0.1573673347889689,-0.08388503811957998,5794.675032944198,4957.459451917641,1883.6655809100064,0.4444444444444444,0.0,-0.2,0.9698760614497677,0.9147744928145665,1.0,0.06408654110187563,0.001509089321593572
4.116666666666666,21.240489723889937,-1.281552441772213,21.27911606180309,0.36981400665891706,0.35056029644173875,0.11599999999999999,0.7072664876591953,8.976059424600114,131.23872693304628,-20.69082919134647,-0.06026229829990025,-0.15604257483171224,-0.08273834692755576,5788.136084665926,4928.966758700345,1883.2910680396876,0.4444444444444444,0.0,-0.2,0.9687957601100239,0.9101451003522275,1.0,0.06387840604034238,0.0015099851863815043
4.133333333333333,21.24486227445108,-1.256755366044167,21.282001952600126,0.3756748527068862,0.35233424094610455,0.11599999999999999,0.7076829362363978,8.947259664140052,131.57607143032465,-20.581296879147747,-0.05908687270717339,-0.1547550089406049,-0.08165728896128366,5781.528270291417,4901.050412069348,1882.9059761805986,0.4444444444444444,0.0,-0.2,0.9677038131227828,0.9056112283370605,1.0,0.06367345164938876,0.001510874287156725
4.15,21.24934306192145,-1.233137186218185,21.285093560594547,0.38156766514015894,0.3543375640176427,0.11599999999999999,0.7080937855689091,8.919091855477102,131.91268621261872,-20.469382716687864,-0.05796676628894543,-0.15350863170699391,-0.0806449824328905,5774.881971289746,4873.909809822652,1882.5112242327675,0.4444444444444444,0.0,-0.2,0.9666052258508157,0.9012049288344488,1.0,0.06347299456305226,0.0015117514337722533
4.166666666666667,21.25392172367579,-1.2107654878209733,21.28838043869557,0.38749616924206226,0.3565606507928059,0.11599999999999999,0.7084963819846888,8.891742102099368,132.24856023755174,-20.355098220505848,-0.056905183011218635,-0.15230725832014763,-0.079704132707991,5768.230103158016,4847.743343564576,1882.1077399474298,0.4444444444444444,0.0,-0.2,0.9655054208052355,0.8969580098937704,1.0,0.06327835919259359,0.0015126109607462085
4.183333333333334,21.25858781251354,-1.189700953234693,21.291851590232277,0.3934639106245911,0.3589920313458405,0.11599999999999999,0.7088878761303532,8.865394329269368,132.58368239389642,-20.238454760478003,-0.055904996483453796,-0.15115449018739796,-0.07883700386627786,5761.607790825385,4822.744582389918,1881.6964577613326,0.4444444444444444,0.0,-0.2,0.9644101842216692,0.8929014268550375,1.0,0.0630908544478633,0.0015134467848250007
4.2,21.26333081995985,-1.169996792508574,21.29549553435033,0.39947422526631016,0.3616184773621907,0.11599999999999999,0.7092652570391305,8.84022693264065,132.91804147060557,-20.119463517939423,-0.054968723365994426,-0.15005368205463865,-0.07804539667313935,5755.051961770095,4799.098439758459,1881.2783166416511,0.4444444444444444,0.0,-0.2,0.9633255990793447,0.8890646753453668,1.0,0.0629117498870778,0.001514252477717029
4.216666666666667,21.268140199977417,-1.15169827154311,21.299300375236996,0.40553021156478986,0.36442513724086273,0.11599999999999999,0.7096253930093175,8.816409462854685,133.2516261260142,-19.998135445980964,-0.054098501468506144,-0.14900791138265412,-0.07733063356832304,5748.6008628075815,4776.977466298819,1880.8542579156722,0.4444444444444444,0.0,-0.2,0.9622579655479292,0.8854752085345086,1.0,0.06274225212264993,0.0015150213533665247
4.233333333333333,21.273005393417034,-1.1348423488825081,21.30325387411903,0.41163470501406,0.3673957065589837,0.11599999999999999,0.7099650786779081,8.794099463636506,133.5844248576685,-19.87448123273019,-0.05329607305793338,-0.14801995069758628,-0.07669355104937411,5742.293510395909,4756.538408666529,1880.4252230569962,0.4444444444444444,0.0,-0.2,0.9612137104883447,0.8821579004511054,1.0,0.06258348231939832,0.0015157465684538332
4.25,21.277915853525027,-1.1194574290736856,21.307343522954707,0.4177902560514804,0.37051262941570273,0.11599999999999999,0.7102810873424537,8.773439575339022,133.91642597323994,-19.748511268365167,-0.05256277373725735,-0.1470922435666545,-0.07613449958240515,5736.169088009826,4737.919163420062,1879.9921514002376,0.4444444444444444,0.0,-0.2,0.9601992882444287,0.8791345750682549,1.0,0.062436455581830384,0.001516421234100457
4.266666666666667,21.282861072785206,-1.1055632369728348,21.311556618755507,0.4239991115308736,0.3737573249723783,0.11599999999999999,0.7105702272638565,8.754555003932353,134.24761756297198,-19.620235616522745,-0.051899527085576706,-0.14622688475557347,-0.07565335092459961,5730.2663073854255,4721.236235986607,1879.5559777590731,0.4444444444444444,0.0,-0.2,0.9592210754974673,0.8764236176160526,1.0,0.06230206294212627,0.001517038536073232
4.283333333333333,21.287830611303743,-1.0931708136921603,21.31588033751994,0.43026320017414227,0.3771104325946893,0.11599999999999999,0.7108294003989815,8.737551438033035,134.57798747408108,-19.489663990652314,-0.05130684507472203,-0.14542560500630758,-0.07524951250553488,5724.62275297665,4706.582789656113,1879.117629927975,0.4444444444444444,0.0,-0.2,0.9582852633729689,0.87403968043684,1.0,0.062181056536612336,0.0015175918601760636
4.3,21.29281412685158,-1.082282631269773,21.320301806836564,0.4365841222372608,0.3805520684298779,0.11599999999999999,0.7110556617898283,8.722513475073773,134.90752328749554,-19.356805735737026,-0.0507848341067609,-0.14468976073869375,-0.07492194830053209,5719.274230576165,4694.027340154241,1878.6780260557116,0.4444444444444444,0.0,-0.2,0.9573977502530029,0.8719934909987624,1.0,0.06207403840554931,0.001518074919043393
4.316666666666666,21.297801406566997,-1.0728928197914078,21.324808176307872,0.44296314350441834,0.38406208604200115,0.11599999999999999,0.7112462776975259,8.709503593748911,135.2362122972661,-19.221669815663372,-0.05033320635867824,-0.14402032883391916,-0.07466920544920394,5714.2541415841815,4683.61311996104,1878.2380718881423,0.4444444444444444,0.0,-0.2,0.9565640388330814,0.8702917647855928,1.0,0.0619814531805085,0.0015184818762539129
4.333333333333333,21.30278240019922,-1.0649874977446456,21.329386685054732,0.44940119360222364,0.38762033387568917,0.11599999999999999,0.7113987805308054,8.69856168514657,135.56404149292456,-19.084264806373174,-0.04995129598230435,-0.14341790650923597,-0.07448944573370124,5709.592903789327,4675.358105449615,1877.7986578883028,0.4444444444444444,0.0,-0.2,0.9557891408585361,0.8689372210350969,1.0,0.06190358474765911,0.0015188074636006221
4.35,21.307747254651105,-1.058545193960998,21.334024725675874,0.45589886850994976,0.3912069027950321,0.11599999999999999,0.7115110186880557,8.689705131135723,135.8909975450008,-18.944598894786317,-0.049638079594614797,-0.14288271614895035,-0.0743804809381295,5705.317437776429,4669.255671209281,1877.360656252484,0.4444444444444444,0.0,-0.2,0.9550774926852637,0.8679286950098759,1.0,0.06184055680561222,0.001519047087501587
4.366666666666666,21.312686349464013,-1.0535373476749221,21.33870990415249,0.46245643703677775,0.39480235769861755,0.11599999999999999,0.7115811996084618,8.682929397039775,136.2170667938403,-18.802679883343533,-0.04939220040933189,-0.14241461482338033,-0.07433981106421846,5701.450735308251,4665.275811305286,1876.9249178511436,0.4444444444444444,0.0,-0.2,0.9544328843521015,0.8672613368905997,1.0,0.06179233708320083,0.001519196920912372
4.383333333333333,21.317590332789088,-1.0499288720365572,21.34343009530002,0.46907385094686305,0.3983879481794189,0.11599999999999999,0.7116079246006792,8.678209087508419,136.54223524179508,-18.65851519989206,-0.04921199530683485,-0.14201310811084852,-0.07436466437657295,5698.011522431825,4663.366847932374,1876.4922691323686,0.4444444444444444,0.0,-0.2,0.9538584042583914,0.8669268846375501,1.0,0.06175874485362472,0.0015192539776838416
4.4,21.322450157312392,-1.0476787658523599,21.348173493474544,0.4757507583405999,0.40194579430624744,0.11599999999999999,0.7115902143682924,8.675499400536836,136.86648854879277,-18.512111912526695,-0.04909552411539128,-0.14167736774222056,-0.07445203828919891,5695.014025886065,4663.4575346172805,1876.063509032585,0.4444444444444444,0.0,-0.2,0.9533564008519638,0.8669139963444032,1.0,0.06173946128202328,0.0015192161670579771
4.416666666666667,21.327257115551493,-1.046740758356029,21.352928658337376,0.48248651984726515,0.4054590447775727,0.11599999999999999,0.7115275245550556,8.674737905133956,137.1898120312241,-18.363476748908216,-0.04904060038068674,-0.1414062525158316,-0.07459874017711048,5692.467846920902,4665.45945395928,1875.6394059439285,0.4444444444444444,0.0,-0.2,0.9529284619968144,0.8672086267032421,1.0,0.06173404207630705,0.0015190823268563327
4.433333333333334,21.332002873920228,-1.0470639723648285,21.357684555568408,0.48928022715063985,0.4089120058690558,0.11599999999999999,0.7114197510610709,8.675846563213,137.51219066403172,-18.212616119511683,-0.049044822929296995,-0.14119833188408315,-0.07480142729515078,5690.377942173039,4669.269608544349,1875.2206947898594,0.4444444444444444,0.0,-0.2,0.9525754119545483,0.8677944321431292,1.0,0.06174193187600456,0.0015188522348298604
4.45,21.336679504966263,-1.0485935921677172,21.362430592495382,0.4961307233545423,0.4122902407026887,0.11599999999999999,0.7112672253046183,8.678733915569119,137.8336090858313,-18.059536144209794,-0.04910560758095782,-0.1410519115912625,-0.0750566451027119,5688.744707053606,4674.773107435878,1874.8080742602351,0.4444444444444444,0.0,-0.2,0.9522973252243211,0.8686531898802744,1.0,0.06176247980884023,0.001518526598543109
4.466666666666667,21.341279517221004,-1.0512715238242818,21.367156648673696,0.5030366246978673,0.4155806393598896,0.11599999999999999,0.7110706999964018,8.683297354792254,138.15405160685376,-17.90424268157024,-0.049220218429562534,-0.14096506074364235,-0.0753608634199702,5687.56415342227,4681.845858590587,1874.4022042543174,0.4444444444444444,0.0,-0.2,0.9520935558808975,0.8697652173803998,1.0,0.061794955665989415,0.0015181070250028185
4.483333333333333,21.345795882159344,-1.0550370371263909,21.37185310150992,0.5099963431464737,0.4187714612089844,0.11599999999999999,0.7108313263311261,8.689425413956414,138.47350221946408,-17.746741360240115,-0.04938579818893338,-0.14093563971501571,-0.07571050997136354,5686.828170326289,4690.357188596913,1874.003703575332,0.4444444444444444,0.0,-0.2,0.951962780558448,0.8711097804248046,1.0,0.061838566189606786,0.001517595971962864
4.5,21.35022205784323,-1.0598273801897633,21.37651084707267,0.5170081094194271,0.4218523514989449,0.11599999999999999,0.7105506237692901,8.697000008170681,138.79194461098643,-17.587037611802256,-0.04959939718190739,-0.1409613283301345,-0.0761020009991179,5686.524854382193,4700.172324184084,1873.6131479137186,0.4444444444444444,0.0,-0.2,0.9519030528668214,0.8726654799332678,1.0,0.061892471024893835,0.0015169966834096137
4.516666666666667,21.354552008912233,-1.0655783594106285,21.381121316277632,0.5240699960468117,0.4248143347787029,0.11599999999999999,0.7102304437703817,8.705898575803548,139.10936217855016,-17.425136704515513,-0.04985800063590612,-0.14103965382123976,-0.07653176874869187,5686.6388950141545,4711.154683965476,1873.231068148479,0.4444444444444444,0.0,-0.2,0.9519118668041505,0.8744106097835889,1.0,0.061955797958188404,0.0015163131121337747
4.533333333333333,21.358780222681023,-1.0722248792656799,21.38567648666991,0.5311799401027126,0.4276497880386121,0.11599999999999999,0.7098729289446792,8.715996076676609,139.425738045663,-17.26104377739064,-0.05015855403125958,-0.14116801811506743,-0.07699628573534495,5687.1519992181165,4723.167942949433,1872.8579489876752,0.4444444444444444,0.0,-0.2,0.9519862266415147,0.8763234799529217,1.0,0.06202765713717225,0.0015155498325211507
4.55,21.3629017212022,-1.0797014380883592,21.390168890056806,0.53833576530731,0.4303523966502406,0.11599999999999999,0.7094804691179721,8.727166815126738,139.7410550802179,-17.09476387410259,-0.05049798632716527,-0.141343724075575,-0.07749208579422018,5688.043340722345,4736.077845731979,1872.4942279604736,0.4444444444444444,0.0,-0.2,0.9521227207901031,0.8783827012876687,1.0,0.06210715404474978,0.0015147119467526068
4.566666666666666,21.366912069248805,-1.0879425774729867,21.39459161626809,0.5455352032438842,0.43291709622147034,0.11599999999999999,0.7090556557601824,8.739286066028965,140.05529591364558,-16.926301976295605,-0.05087323096204133,-0.1415640003976815,-0.0780157819940914,5689.290019253864,4749.753756422116,1872.1402947647478,0.4444444444444444,0.0,-0.2,0.9523175973007703,0.880567430009617,1.0,0.06219340107069031,0.001513804987511031
4.583333333333333,21.370807378260075,-1.0968832843072485,21.398938313339002,0.5527759134878386,0.4353400034084984,0.11599999999999999,0.7086012361268814,8.752231491248827,140.36844296093696,-16.75566303589709,-0.051281244588655475,-0.14182602491653595,-0.07856408155698807,5690.86751696212,4764.069943869763,1871.7964909663867,0.4444444444444444,0.0,-0.2,0.9525668388679234,0.8828575716344087,1.0,0.06228552759185537,0.001512834820075336
4.6,21.37458430637357,-1.1064593455936276,21.403203184423653,0.5600555024938934,0.43761833855906435,0.11599999999999999,0.708120068315919,8.76588434226988,140.6804784412754,-16.58285200611713,-0.051719023558905515,-0.1421269461627676,-0.07913379797280198,5692.750140752192,4778.906609467161,1871.4631100394313,0.4444444444444444,0.0,-0.2,0.9528662354905787,0.8852339452854702,1.0,0.06238268853073473,0.0015118075463681911
4.616666666666666,21.378240054734803,-1.1166076571841397,21.407380981753693,0.5673715411331386,0.4397503428261649,0.11599999999999999,0.707615078264257,8.780130451750857,140.99138439903817,-16.407873870870933,-0.052183618218189204,-0.1424639030549535,-0.07972186053083309,5694.911441198042,4794.150671620185,1871.1403977301666,0.4444444444444444,0.0,-0.2,0.9532114532598047,0.8876784104230808,1.0,0.06248407141189381,0.0015107294131460115
4.633333333333333,21.381772360330658,-1.1272664883226673,21.411466997959188,0.5747215808127458,0.4417351921112077,0.11599999999999999,0.7070892195163991,8.794861022439866,141.3011427249479,-16.23073367241939,-0.05267214510509127,-0.14283404267486394,-0.08032532151057638,5697.324600711763,4809.696325996665,1870.828552723413,0.4444444444444444,0.0,-0.2,0.9535980980722286,0.8901739587813173,1.0,0.06258890197630604,0.001509606726106191
4.65,21.38517948563511,-1.1383757044754514,21.415457055065826,0.5821031681472932,0.44357290989002696,0.11599999999999999,0.7065454363979131,8.80997322622523,141.60973517717818,-16.05143653707743,-0.05318179717915396,-0.14323453611813525,-0.08094136128365577,5699.962785625874,4825.44540399959,1870.5277275855262,0.4444444444444444,0.0,-0.2,0.9540217733954716,0.8927047748341298,1.0,0.06269644844451681,0.0015084457712640693
4.666666666666667,21.38846020538532,-1.1498769513485043,21.41934749147588,0.5895138581816123,0.4452642806613758,0.11599999999999999,0.7059866310357729,8.825370629211898,141.91714340224058,-15.869987698889519,-0.053709852218556356,-0.14366259245256052,-0.0815672915795261,5702.7994587132835,4841.30755378565,1870.2380299560273,0.4444444444444444,0.0,-0.2,0.9544781315186548,0.8952562684230143,1.0,0.06280602454171305,0.0015072527445427059
4.683333333333334,21.391613790823744,-1.1617138032600225,21.42313514722916,0.5969512261908347,0.44681076544907466,0.11599999999999999,0.7054156344895012,8.840963460701861,142.22334895550455,-15.68639252121643,-0.05425367954154338,-0.14411547084823617,-0.0822005571612111,5705.80865035825,4857.200268785867,1869.959523958221,0.4444444444444444,0.0,-0.2,0.9549629179987308,0.8978150833046504,1.0,0.06291699141193059,0.0015060336901390411
4.7,21.394639991749187,-1.173831879177225,21.42681734782668,0.604412878104092,0.44821442049630716,0.11599999999999999,0.7048351820990614,8.85666874497612,142.52833332122367,-15.500656516216258,-0.05481074521142819,-0.1445904909687146,-0.08283873614563178,5708.9651880585,4873.0487883262695,1869.6922317985664,0.4444444444444444,0.0,-0.2,0.955472009254363,0.9003690853513374,1.0,0.06302875855588473,0.0015047944478926505
4.716666666666667,21.397539016717765,-1.186178929761793,21.43039188688275,0.6118964596144559,0.4494778200209642,0.11599999999999999,0.7042478930204594,8.87241031498718,142.83207793196408,-15.312785362236362,-0.055378615885971455,-0.145085041730651,-0.08347953918754102,5712.244885161619,4888.785893826533,1869.4361355247545,0.4444444444444444,0.0,-0.2,0.9560014434597665,0.9029073339934949,1.0,0.06314078392841324,0.0015035406095950837
4.733333333333333,21.400311511725153,-1.1987048987169175,21.433857007852883,0.6193996640496304,0.45060398365911697,0.11599999999999999,0.703656253809553,8.888118726637353,143.13456418735134,-15.122784919160738,-0.05595496146890661,-0.1455965885519015,-0.08412080772805014,5715.624690712873,4904.351622388552,1869.1911789133264,0.4444444444444444,0.0,-0.2,0.956547445050591,0.9054200402631534,1.0,0.06325257332843533,0.0015022774839419683
4.75,21.402958537686168,-1.211361961611151,21.437211385064796,0.626920239086116,0.451596309012065,0.11599999999999999,0.7030626058285357,8.903731091394459,143.43577347206985,-14.930661241780202,-0.05653755671525163,-0.1461226792154052,-0.08476051148933042,5719.082803025366,4919.692917564121,1868.9572694590775,0.4444444444444444,0.0,-0.2,0.9571064432740112,0.9078985145081551,1.0,0.06336367920775594,0.0015010100696463634
4.766666666666667,21.405481547007668,-1.2241045451871067,21.44045410425893,0.6344559923945635,0.4524585095315673,0.11599999999999999,0.7024691361866024,8.91919084372293,143.7356871730669,-14.736420591270608,-0.057124281933647464,-0.14666094847925995,-0.08539674537719814,5722.59875009563,4934.763234870977,1868.7342804402888,0.4444444444444444,0.0,-0.2,0.9576750852988117,0.9103351065227292,1.0,0.06347369901598211,0.0014997430360974501
4.783333333333333,21.407882359527665,-1.2368893299616963,21.443584642823804,0.6420047963063369,0.45319455782703494,0.11599999999999999,0.7018778718843063,8.934447458308034,144.03428669592782,-14.540069444877897,-0.05771312291900826,-0.1472091215629652,-0.08602772593365582,5726.153440303314,4949.522117338521,1868.522053035928,0.4444444444444444,0.0,-0.2,0.9582502444525487,0.9127231405009205,1.0,0.06358227318814026,0.00149848071085897
4.8,21.41016313806853,-1.2496752387018757,21.446602849890542,0.6495645915913909,0.4538086343558756,0.11599999999999999,0.7012906768073476,8.949456130426443,144.3315534804021,-14.34161450391834,-0.058302170237863764,-0.14776501663657793,-0.08665178746258656,5729.729186981374,4963.934754108776,1868.3203984731877,0.4444444444444444,0.0,-0.2,0.9588290241766011,0.9150568468807396,1.0,0.06368908287002345,0.0014972270732510886
4.816666666666666,21.41232636382611,-1.2624234131263081,21.44950892643028,0.6571333904358792,0.45430508136139275,0.11599999999999999,0.7007092512071796,8.964177431151843,144.62746901507217,-14.141062700208566,-0.05888961797741682,-0.14832654643418147,-0.08726737793405578,5733.30971045284,4977.971532967948,1868.1291001860957,0.4444444444444444,0.0,-0.2,0.9594087582909877,0.9173312928206002,1.0,0.06379384746445135,0.001495985753241509
4.833333333333333,21.414374811790648,-1.275097180947482,21.452303405478723,0.6647092787048537,0.45468836184883943,0.11599999999999999,0.7001351333098006,8.978576947444353,144.92201485116544,-13.93842120104316,-0.0594737620579247,-0.14889171910618013,-0.08787305475630308,5736.880121030787,4991.607595690176,1867.9479159682196,0.4444444444444444,0.0,-0.2,0.959987008144026,0.9195423127440564,1.0,0.06389632206995548,0.0014947600348801766
4.85,21.416311526369775,-1.2876620151371008,21.45498713259334,0.6722904175713412,0.45496302333644184,0.11599999999999999,0.6995697027077677,8.992624915605505,145.21517261551944,-13.73369741283848,-0.06005299819684677,-0.1494586384170129,-0.08846748048964213,5740.426886296808,5004.822403268638,1867.7765801047942,0.4444444444444444,0.0,-0.2,0.9605615571916875,0.9216864401094628,1.0,0.06399629487225006,0.0014935528635410932
4.866666666666666,21.41813979735964,-1.3000854870749319,21.45756124663154,0.6798750445882933,0.45513366608147354,0.11599999999999999,0.6990141852111855,9.006295855120314,145.50692402271582,-13.526898983560084,-0.060625819602507444,-0.15002550338634374,-0.0890494185631771,5743.937785733937,5017.599316506199,1867.6148054717619,0.4444444444444444,0.0,-0.2,0.9611304035118426,0.9237608413110697,1.0,0.06409358453845776,0.0014923668562789774
4.883333333333333,21.419863136387168,-1.3123372150311434,21.460027160922085,0.6874614742746574,0.45520491545895553,0.11599999999999999,0.6984696588589099,9.019568208575516,145.79725088640478,-13.318033804048401,-0.061190814464959796,-0.15059060746297948,-0.08961772904347691,5747.401855513702,5029.925196041682,1867.4622855912294,0.4444444444444444,0.0,-0.2,0.961691750712896,0.9257632523983444,1.0,0.06418803765457672,0.0014912043146629425
4.9,21.42148525392549,-1.3243888092367277,21.46238654488775,0.6950480982813145,0.455181398159657,0.11599999999999999,0.697937060819683,9.032423992149985,146.08613512984553,-13.10711000835308,-0.06174666330240127,-0.15115233731195887,-0.09017136449406692,5750.809325940831,5041.790024693764,1867.318696634742,0.4444444444444444,0.0,-0.2,0.9622439976474392,0.927691919110765,1.0,0.06427952623818459,0.0014900672395101382
4.916666666666667,21.423010036965028,-1.3362138146171838,21.464641306163916,0.7026333851970445,0.45506772187242966,0.11599999999999999,0.6974171949426751,9.044848460123298,146.37355879569174,-12.894135973181537,-0.0622921362129455,-0.15170917128665729,-0.09070936595570807,5754.1515537573305,5053.1865540008375,1867.183699367457,0.4444444444444444,0.0,-0.2,0.96278572729179,0.9295455405645996,1.0,0.0643679453509034,0.00148895734700585
4.933333333333334,21.42444152740555,-1.3477876521016954,21.4667935732465,0.7102158800491523,0.45486845812144383,0.11599999999999999,0.696910739746819,9.056829785938834,146.65950405505308,-12.679120316561459,-0.0628260900738105,-0.15225967764951215,-0.0912308590698289,5757.420951210761,5064.109976006782,1867.0569410278458,0.4444444444444444,0.0,-0.2,0.9633156951034014,0.9313232167942768,1.0,0.06445321082867518,0.0014878760857604042
4.95,21.425783901218903,-1.3590875592735454,21.468845678692258,0.717794203547998,0.45458812793982983,0.11599999999999999,0.6964182566673591,9.06835876158223,146.94395321586555,-12.462071895810896,-0.06334746572303783,-0.15280251259720476,-0.09173505036103302,5760.610913507767,5074.557620671716,1866.9380571388772,0.4444444444444444,0.0,-0.2,0.9638328171214234,0.9330244002414193,1.0,0.06453525714237936,0.001486824654415213
4.966666666666667,21.427041448418663,-1.3700925309969234,21.4708001428858,0.7253670511195228,0.4542311900760464,0.11599999999999999,0.6959401984055875,9.079428516385113,147.22688873060383,-12.242999804903192,-0.06385528515268042,-0.15333641813890023,-0.09222122368920263,5763.715746008701,5084.528678754992,1866.826673247837,0.4444444444444444,0.0,-0.2,0.9643361580321127,0.9346488511967881,1.0,0.06461403539669078,0.0014858040194691243
4.983333333333333,21.428218553860997,-1.380783260539805,21.472659658379992,0.7329331917649747,0.45380203144675035,0.11599999999999999,0.6954769172532848,9.090034255826703,147.50829320336996,-12.021913371307487,-0.06434864873694797,-0.15386021986948764,-0.09268873687723195,5766.7305922762835,5094.023949606524,1866.7224065929572,0.4444444444444444,0.0,-0.2,0.9648249193808672,0.9361965971315787,1.0,0.06468951147125321,0.0014848149330507615
