t,vx,vy,speed,yaw,yaw_rate,steering_angle,ax,ay,pos_x,pos_y,sideslip,alpha_f,alpha_r,fy_f,fy_r,f_long,throttle,brake,steer_cmd,util_f,util_r,mu_surface,roll,pitch
0.0,19.801814242654867,0.0,19.801814242654867,0.0,0.0,0.0,1.4022792791696779,0.0,50.32332070898379,0.0,0.0,0.0,0.0,-0.0,-0.0,2020.6131422828767,0.4444444444444444,0.0,0.0,0.0,0.34006050687048917,1.0,0.0,0.002993809229847537
0.016666666666666666,19.825161576646956,0.0,19.825161576646956,0.0,0.0,0.0,1.399977506731019,0.0,50.65359419768683,0.0,0.0,0.0,0.0,-0.0,-0.0,2018.2318653681932,0.4444444444444444,0.0,0.0,0.0,0.3396871019285045,1.0,0.0,0.002988895039304875
0.03333333333333333,19.848470631815516,0.0,19.848470631815516,0.0,0.0,0.0,1.3976837967799909,0.0,50.98425640971049,0.0,0.0,0.0,0.0,-0.0,-0.0,2015.8600867185603,0.4444444444444444,0.0,0.0,0.0,0.3393151398236015,1.0,0.0,0.002983998061845401
0.05,19.87174154200747,0.0,19.87174154200747,0.0,0.0,0.0,1.3953980986975947,0.0,51.31530670846973,0.0,0.0,0.0,0.0,-0.0,-0.0,2013.4977455771896,0.4444444444444444,0.0,0.0,0.0,0.33894461159187167,1.0,0.0,0.0029791181893996112
0.06666666666666667,19.89497444023081,0.0,19.89497444023081,0.0,0.0,0.0,1.3931203623165935,0.0,51.646744459601514,0.0,0.0,0.0,0.0,-0.0,-0.0,2011.1447817295252,0.4444444444444444,0.0,0.0,0.0,0.33857550834740663,1.0,0.0,0.0029742553148624945
0.08333333333333333,19.91816945866205,0.0,19.91816945866205,0.0,0.0,0.0,1.390850537916342,0.0,51.97856903095096,0.0,0.0,0.0,0.0,-0.0,-0.0,2008.8011354970406,0.4444444444444444,0.0,0.0,0.0,0.3382078212814252,1.0,0.0,0.0029694093320824953
0.1,19.94132672865364,0.0,19.94132672865364,0.0,0.0,0.0,1.3885885762176857,0.0,52.310779792557504,0.0,0.0,0.0,0.0,-0.0,-0.0,2006.4667477311161,0.4444444444444444,0.0,0.0,0.0,0.33784154166141245,1.0,0.0,0.002964580135850623
0.11666666666666667,19.96444638074126,0.0,19.96444638074126,0.0,0.0,0.0,1.3863344283779298,0.0,52.643376116641306,0.0,0.0,0.0,0.0,-0.0,-0.0,2004.1415598070048,0.4444444444444444,0.0,0.0,0.0,0.3374766608302702,1.0,0.0,0.0029597676218897106
0.13333333333333333,19.987528544651056,0.0,19.987528544651056,0.0,0.0,0.0,1.3840880459858795,0.0,52.976357377589665,0.0,0.0,0.0,0.0,-0.0,-0.0,2001.8255136178789,0.4444444444444444,0.0,0.0,0.0,0.33711317020547876,1.0,0.0,0.002954971686843826
0.15,20.010573349306764,0.0,20.010573349306764,0.0,0.0,0.0,1.3818493810569514,0.0,53.309722951943606,0.0,0.0,0.0,0.0,-0.0,-0.0,1999.518551568966,0.4444444444444444,0.0,0.0,0.0,0.33675106127827126,1.0,0.0,0.002950192228267836
0.16666666666666666,20.033580922836773,0.0,20.033580922836773,0.0,0.0,0.0,1.3796183860283482,0.0,53.643472218384595,0.0,0.0,0.0,0.0,-0.0,-0.0,1997.2206165717562,0.4444444444444444,0.0,0.0,0.0,0.3363903256128179,1.0,0.0,0.002945429144617102
0.18333333333333332,20.056551392581124,0.0,20.056551392581124,0.0,0.0,0.0,1.377395013754302,0.0,53.97760455772135,0.0,0.0,0.0,0.0,-0.0,-0.0,1994.931652038299,0.4444444444444444,0.0,0.0,0.0,0.336030954845422,1.0,0.0,0.0029406823352373275
0.2,20.079484885098374,0.0,20.079484885098374,0.0,0.0,0.0,1.3751792175013835,0.0,54.31211935287678,0.0,0.0,0.0,0.0,-0.0,-0.0,1992.6516018755706,0.4444444444444444,0.0,0.0,0.0,0.33567294068372633,1.0,0.0,0.00293595170035454
0.21666666666666667,20.102381526172458,0.0,20.102381526172458,0.0,0.0,0.0,1.3729709509438734,0.0,54.64701598887501,0.0,0.0,0.0,0.0,-0.0,-0.0,1990.3804104799224,0.4444444444444444,0.0,0.0,0.0,0.33531627490593047,1.0,0.0,0.0029312371410652152
0.23333333333333334,20.12524144081942,0.0,20.12524144081942,0.0,0.0,0.0,1.3707701681592004,0.0,54.98229385282859,0.0,0.0,0.0,0.0,-0.0,-0.0,1988.1180227316058,0.4444444444444444,0.0,0.0,0.0,0.33496094936001863,1.0,0.0,0.0029265385593265298
0.25,20.148064753294083,0.0,20.148064753294083,0.0,0.0,0.0,1.368576823623437,0.0,55.31795233392568,0.0,0.0,0.0,0.0,-0.0,-0.0,1985.8643839893693,0.4444444444444444,0.0,0.0,0.0,0.3346069559629978,1.0,0.0,0.0029218558579467506
0.26666666666666666,20.17085158709665,0.0,20.17085158709665,0.0,0.0,0.0,1.3663908722068618,0.0,55.65399082341754,0.0,0.0,0.0,0.0,-0.0,-0.0,1983.6194400851311,0.4444444444444444,0.0,0.0,0.0,0.3342542867001456,1.0,0.0,0.0029171889405757573
0.2833333333333333,20.193602064979224,0.0,20.193602064979224,0.0,0.0,0.0,1.364212269169578,0.0,55.99040871460592,0.0,0.0,0.0,0.0,-0.0,-0.0,1981.383137318724,0.4444444444444444,0.0,0.0,0.0,0.33390293362426904,1.0,0.0,0.002912537711695689
0.3,20.216316308952273,0.0,20.216316308952273,0.0,0.0,0.0,1.3620409701571916,0.0,56.327205402830735,0.0,0.0,0.0,0.0,-0.0,-0.0,1979.1554224527094,0.4444444444444444,0.0,0.0,0.0,0.33355288885497236,1.0,0.0,0.0029079020766117213
0.31666666666666665,20.238994440291002,0.0,20.238994440291002,0.0,0.0,0.0,1.3598769311965517,0.0,56.664380285457725,0.0,0.0,0.0,0.0,-0.0,-0.0,1976.936242707264,0.4444444444444444,0.0,0.0,0.0,0.3332041445779346,1.0,0.0,0.002903281941442962
0.3333333333333333,20.26163657954165,0.0,20.26163657954165,0.0,0.0,0.0,1.3577201086915431,0.0,57.001932761866286,0.0,0.0,0.0,0.0,-0.0,-0.0,1974.725545755134,0.4444444444444444,0.0,0.0,0.0,0.3328566930441975,1.0,0.0,0.002898677213113481
0.35,20.28424284652776,0.0,20.28424284652776,0.0,0.0,0.0,1.355570459418939,0.0,57.33986223343738,0.0,0.0,0.0,0.0,-0.0,-0.0,1972.5232797166573,0.4444444444444444,0.0,0.0,0.0,0.3325105265694618,1.0,0.0,0.0028940877993434448
0.36666666666666664,20.306813360356326,0.0,20.306813360356326,0.0,0.0,0.0,1.3534279405243077,0.0,57.67816810354156,0.0,0.0,0.0,0.0,-0.0,-0.0,1970.3293931548517,0.4444444444444444,0.0,0.0,0.0,0.332165637533393,1.0,0.0,0.002889513608640386
0.3833333333333333,20.329348239423908,0.0,20.329348239423908,0.0,0.0,0.0,1.3512925095179749,0.0,58.01684977752709,0.0,0.0,0.0,0.0,-0.0,-0.0,1968.1438350705712,0.4444444444444444,0.0,0.0,0.0,0.331822018378937,1.0,0.0,0.0028849545502905778
0.4,20.351847601422666,0.0,20.351847601422666,0.0,0.0,0.0,1.3491641242710397,0.0,58.355906662708165,0.0,0.0,0.0,0.0,-0.0,-0.0,1965.9665548977246,0.4444444444444444,0.0,0.0,0.0,0.3314796616116439,1.0,0.0,0.00288041053435053
0.4166666666666667,20.37431156334634,0.0,20.37431156334634,0.0,0.0,0.0,1.347042743011443,0.0,58.69533816835321,0.0,0.0,0.0,0.0,-0.0,-0.0,1963.7975024985574,0.4444444444444444,0.0,0.0,0.0,0.3311385597990005,1.0,0.0,0.0028758814716385948
0.43333333333333335,20.396740241496136,0.0,20.396740241496136,0.0,0.0,0.0,1.3449283243200887,0.0,59.035143705673356,0.0,0.0,0.0,0.0,-0.0,-0.0,1961.6366281590003,0.4444444444444444,0.0,0.0,0.0,0.3307987055697724,1.0,0.0,0.0028713672737266873
0.45,20.419133751486605,0.0,20.419133751486605,0.0,0.0,0.0,1.342820827127017,0.0,59.37532268781091,0.0,0.0,0.0,0.0,-0.0,-0.0,1959.4838825840734,0.4444444444444444,0.0,0.0,0.0,0.3304600916133538,1.0,0.0,0.0028668678529321138
0.4666666666666667,20.441492208251383,0.0,20.441492208251383,0.0,0.0,0.0,1.3407202107076261,0.0,59.71587452982799,0.0,0.0,0.0,0.0,-0.0,-0.0,1957.3392168933565,0.4444444444444444,0.0,0.0,0.0,0.330122710679126,1.0,0.0,0.0028623831223095054
0.48333333333333334,20.463815726048935,0.0,20.463815726048935,0.0,0.0,0.0,1.3386264346789465,0.0,60.05679864869524,0.0,0.0,0.0,0.0,-0.0,-0.0,1955.2025826165157,0.4444444444444444,0.0,0.0,0.0,0.32978655557582426,1.0,0.0,0.0028579129956428644
0.5,20.4861044184682,0.0,20.4861044184682,0.0,0.0,0.0,1.3365394589959612,0.0,60.39809446328063,0.0,0.0,0.0,0.0,-0.0,-0.0,1953.0739316888894,0.4444444444444444,0.0,0.0,0.0,0.3294516191709126,1.0,0.0,0.0028534573874377084
0.5166666666666666,20.50835839843419,0.0,20.50835839843419,0.0,0.0,0.0,1.334459243947978,0.0,60.73976139433834,0.0,0.0,0.0,0.0,-0.0,-0.0,1950.9532164471364,0.4444444444444444,0.0,0.0,0.0,0.3291178943899673,1.0,0.0,0.0028490162129133248
0.5333333333333333,20.530577778213512,0.0,20.530577778213512,0.0,0.0,0.0,1.3323857501550456,0.0,61.08179886449778,0.0,0.0,0.0,0.0,-0.0,-0.0,1948.840389624932,0.4444444444444444,0.0,0.0,0.0,0.3287853742160673,1.0,0.0,0.002844589387995118
0.55,20.552762669419867,0.0,20.552762669419867,0.0,0.0,0.0,1.3303189385644185,0.0,61.42420629825266,0.0,0.0,0.0,0.0,-0.0,-0.0,1946.7354043487303,0.4444444444444444,0.0,0.0,0.0,0.32845405168919317,1.0,0.0,0.002840176829307066
0.5666666666666667,20.574913183019444,0.0,20.574913183019444,0.0,0.0,0.0,1.3282587704470687,0.0,61.76698312195019,0.0,0.0,0.0,0.0,-0.0,-0.0,1944.6382141335755,0.4444444444444444,0.0,0.0,0.0,0.3281239199056337,1.0,0.0,0.002835778454164269
0.5833333333333334,20.597029429336292,0.0,20.597029429336292,0.0,0.0,0.0,1.3262052073942392,0.0,62.110128763780274,0.0,0.0,0.0,0.0,-0.0,-0.0,1942.5487728789683,0.4444444444444444,0.0,0.0,0.0,0.3277949720173995,1.0,0.0,0.0028313941805655925
0.6,20.61911151805762,0.0,20.61911151805762,0.0,0.0,0.0,1.3241582113140462,0.0,62.453642653764945,0.0,0.0,0.0,0.0,-0.0,-0.0,1940.4670348647883,0.4444444444444444,0.0,0.0,0.0,0.3274672012316446,1.0,0.0,0.0028270239271864137
0.6166666666666667,20.641159558239035,0.0,20.641159558239035,0.0,0.0,0.0,1.3221177444281247,0.0,62.79752422374776,0.0,0.0,0.0,0.0,-0.0,-0.0,1938.3929547472676,0.4444444444444444,0.0,0.0,0.0,0.3271406008100955,1.0,0.0,0.00282266761337146
0.6333333333333333,20.663173658309752,0.0,20.663173658309752,0.0,0.0,0.0,1.320083769268315,0.0,63.14177290738333,0.0,0.0,0.0,0.0,-0.0,-0.0,1936.326487555017,0.4444444444444444,0.0,0.0,0.0,0.3268151640684868,1.0,0.0,0.0028183251591277344
0.65,20.685153926077714,0.0,20.685153926077714,0.0,0.0,0.0,1.3180562486733913,0.0,63.48638814012695,0.0,0.0,0.0,0.0,-0.0,-0.0,1934.2675886850996,0.4444444444444444,0.0,0.0,0.0,0.32649088437600443,1.0,0.0,0.0028139964851175317
0.6666666666666666,20.70710046873467,0.0,20.70710046873467,0.0,0.0,0.0,1.3160351457858397,0.0,63.83136935922428,0.0,0.0,0.0,0.0,-0.0,-0.0,1932.2162138991644,0.4444444444444444,0.0,0.0,0.0,0.3261677551547361,1.0,0.0,0.002809681512651557
0.6833333333333333,20.729013392861226,0.0,20.729013392861226,0.0,0.0,0.0,1.3140204240486657,0.0,64.17671600370116,0.0,0.0,0.0,0.0,-0.0,-0.0,1930.1723193196158,0.4444444444444444,0.0,0.0,0.0,0.32584576987912767,1.0,0.0,0.002805380163682115
0.7,20.750892804431793,0.0,20.750892804431793,0.0,0.0,0.0,1.3120120472022532,0.0,64.52242751435342,0.0,0.0,0.0,0.0,-0.0,-0.0,1928.1358614258452,0.4444444444444444,0.0,0.0,0.0,0.3255249220754477,1.0,0.0,0.0028010923607964
0.7166666666666667,20.772738808819533,0.0,20.772738808819533,0.0,0.0,0.0,1.310009979281258,0.0,64.86850333373691,0.0,0.0,0.0,0.0,-0.0,-0.0,1926.106797050503,0.4444444444444444,0.0,0.0,0.0,0.3252052053212578,1.0,0.0,0.0027968180272098654
0.7333333333333333,20.79455151080122,0.0,20.79455151080122,0.0,0.0,0.0,1.3080141846115416,0.0,65.21494290615742,0.0,0.0,0.0,0.0,-0.0,-0.0,1924.0850833758186,0.4444444444444444,0.0,0.0,0.0,0.3248866132448896,1.0,0.0,0.002792557086759675
0.75,20.816331014562063,0.0,20.816331014562063,0.0,0.0,0.0,1.3060246278071466,0.0,65.56174567766087,0.0,0.0,0.0,0.0,-0.0,-0.0,1922.0706779299721,0.4444444444444444,0.0,0.0,0.0,0.324569139524929,1.0,0.0,0.00278830946389825
0.7666666666666666,20.838077423700483,0.0,20.838077423700483,0.0,0.0,0.0,1.3040412737673037,0.0,65.90891109602352,0.0,0.0,0.0,0.0,-0.0,-0.0,1920.0635385835035,0.4444444444444444,0.0,0.0,0.0,0.3242527778897054,1.0,0.0,0.002784075083686875
0.7833333333333333,20.859790841232833,0.0,20.859790841232833,0.0,0.0,0.0,1.302064087673486,0.0,66.25643861074215,0.0,0.0,0.0,0.0,-0.0,-0.0,1918.0636235457766,0.4444444444444444,0.0,0.0,0.0,0.323937522116789,1.0,0.0,0.0027798538717894116
0.8,20.881471369598067,0.0,20.881471369598067,0.0,0.0,0.0,1.300093034986492,0.0,66.60432767302447,0.0,0.0,0.0,0.0,-0.0,-0.0,1916.0708913614799,0.4444444444444444,0.0,0.0,0.0,0.32362336603249287,1.0,0.0,0.0027756457544660692
0.8166666666666667,20.903119110662367,0.0,20.903119110662367,0.0,0.0,0.0,1.2981280814435734,0.0,66.95257773577957,0.0,0.0,0.0,0.0,-0.0,-0.0,1914.0853009071784,0.4444444444444444,0.0,0.0,0.0,0.32331030351138224,1.0,0.0,0.002771450658567273
0.8333333333333334,20.92473416572373,0.0,20.92473416572373,0.0,0.0,0.0,1.2961691930555879,0.0,67.30118825360834,0.0,0.0,0.0,0.0,-0.0,-0.0,1912.106811387901,0.4444444444444444,0.0,0.0,0.0,0.32299832847578896,1.0,0.0,0.0027672685115275875
0.85,20.946316635516492,0.0,20.946316635516492,0.0,0.0,0.0,1.2942163361041985,0.0,67.65015868279414,0.0,0.0,0.0,0.0,-0.0,-0.0,1910.1353823337752,0.4444444444444444,0.0,0.0,0.0,0.3226874348953322,1.0,0.0,0.0027630992413597336
0.8666666666666667,20.9678666202158,0.0,20.9678666202158,0.0,0.0,0.0,1.2922694771391041,0.0,67.99948848129334,0.0,0.0,0.0,0.0,-0.0,-0.0,1908.1709735967074,0.4444444444444444,0.0,0.0,0.0,0.32237761678644594,1.0,0.0,0.0027589427766486797
0.8833333333333333,20.989384219442076,0.0,20.989384219442076,0.0,0.0,0.0,1.2903285829753015,0.0,68.34917710872617,0.0,0.0,0.0,0.0,-0.0,-0.0,1906.2135453470958,0.4444444444444444,0.0,0.0,0.0,0.3220688682119104,1.0,0.0,0.002754799046545793
0.9,21.01086953226539,0.0,21.01086953226539,0.0,0.0,0.0,1.2883936206903848,0.0,68.69922402636742,0.0,0.0,0.0,0.0,-0.0,-0.0,1904.263058070591,0.4444444444444444,0.0,0.0,0.0,0.32176118328039083,1.0,0.0,0.0027506679807630763
0.9166666666666666,21.032322657209818,0.0,21.032322657209818,0.0,0.0,0.0,1.2864645576218778,0.0,69.04962869713741,0.0,0.0,0.0,0.0,-0.0,-0.0,1902.3194725648932,0.4444444444444444,0.0,0.0,0.0,0.3214545561459812,1.0,0.0,0.002746549509567471
0.9333333333333333,21.05374369225775,0.0,21.05374369225775,0.0,0.0,0.0,1.284541361364599,0.0,69.40039058559282,0.0,0.0,0.0,0.0,-0.0,-0.0,1900.382749936593,0.4444444444444444,0.0,0.0,0.0,0.3211489810077535,1.0,0.0,0.002742443563775233
0.95,21.075132734854144,0.0,21.075132734854144,0.0,0.0,0.0,1.2826239997680597,0.0,69.75150915791778,0.0,0.0,0.0,0.0,-0.0,-0.0,1898.4528515980471,0.4444444444444444,0.0,0.0,0.0,0.32084445210931267,1.0,0.0,0.002738350074746376
0.9666666666666667,21.096489881910742,0.0,21.096489881910742,0.0,0.0,0.0,1.2807124409338924,0.0,70.10298388191497,0.0,0.0,0.0,0.0,-0.0,-0.0,1896.5297392642935,0.4444444444444444,0.0,0.0,0.0,0.32054096373835644,1.0,0.0,0.0027342689743791826
0.9833333333333333,21.11781522981025,0.0,21.11781522981025,0.0,0.0,0.0,1.2788066532133138,0.0,70.4548142269967,0.0,0.0,0.0,0.0,-0.0,-0.0,1894.6133749500077,0.4444444444444444,0.0,0.0,0.0,0.32023851022624134,1.0,0.0,0.0027302001951047886
1.0,21.138276232226087,-0.013186534517716616,21.138280345254834,-7.439015511413906e-05,-0.00988852123917924,-0.075,1.1584240702493522,-1.674453705266592,70.80699429423561,-0.00011108733041553304,-0.0006238225228166881,0.07435732026613333,-1.76709850065179e-06,-1896.4859026188874,0.07893628949551096,1892.7341271991377,0.4444444444444444,0.0,1.0,0.3231872256024292,0.3205889574199716,1.0,-0.011916301867123646,0.0024731882764777104
1.0166666666666666,21.153304556665407,-0.05505348812812475,21.15337619751506,-0.0005750313304219615,-0.04518941405729546,-0.15,0.7167469478744333,-3.9237934943471044,71.15946543348309,-0.0008564341618304014,-0.0026025892871500743,0.1459654390583012,0.00016604365671898537,-4478.0432665580565,-3.6877242926908904,1891.2254366285774,0.4444444444444444,0.0,1.0,0.7531429049866978,0.3246080973025199,1.0,-0.02792379842800835,0.0015302255833674655
1.0333333333333332,21.16002666011902,-0.10544162770143223,21.160289369330467,-0.0018605321481448395,-0.09749510508890123,-0.22499999999999995,0.21170902971947148,-4.946333437908791,71.5120988551998,-0.0027662447558305762,-0.004983016168769236,0.21565303001166355,0.0009272479483348993,-5703.865350522662,-28.90186273804583,1890.4394220722934,0.4444444444444444,0.0,1.0,0.9423891325435594,0.3305673010062911,1.0,-0.03520073573618712,0.00045199016817214726
1.05,21.159221006230258,-0.14422019902943156,21.1597124993773,-0.004080461535102829,-0.15479790946614358,-0.29999999999999993,-0.2251094797518174,-5.216821846766798,71.86475772442817,-0.006068281611120888,-0.006815844765490212,0.2852887004557604,0.002535489932938487,-6076.56687609183,-97.50476538201066,1890.3532772701049,0.4444444444444444,0.0,1.0,0.9886027748659831,0.33648690436587025,1.0,-0.03712567490970509,-0.0004805995839903022
1.0666666666666667,21.151805209170334,-0.16480072121747352,21.152447207933154,-0.007257224873036632,-0.211906746662397,-0.3749999999999999,-0.6226141913771718,-5.288756687704198,72.21732005895832,-0.0108236160068098,-0.007791173612620041,0.3557026804125384,0.005008884627135529,-6207.51227695256,-222.66534005444024,1890.872641585742,0.4444444444444444,0.0,1.0,0.9963100946193866,0.3435781979714093,1.0,-0.03763760144232732,-0.0013292559766573374
1.0833333333333333,21.13811537737447,-0.16656630617768123,21.1387716303845,-0.011363891298888517,-0.26668533494286145,-0.44999999999999984,-1.00537125066419,-5.330858847420918,72.56967142435012,-0.017049346963386572,-0.007879740260920125,0.4271123020300446,0.008260004144041105,-6289.124222907466,-406.7057664866651,1891.957914021417,0.4444444444444444,0.0,1.0,0.9966027759048455,0.35433494476218386,1.0,-0.037937222771280345,-0.002146426731374109
1.1,21.118240821688197,-0.1506322984085433,21.11877803027774,-0.016344006946265244,-0.3175195390235783,-0.5249999999999999,-1.3790128220471058,-5.372090931276326,72.92169962500273,-0.02475505258429295,-0.0071326842604796945,0.49957795110495534,0.012141852907772064,-6360.536097460129,-643.2950555226813,1893.5998171403735,0.4444444444444444,0.0,1.0,0.9956033155289624,0.3714931888868255,1.0,-0.038230652178307976,-0.0029441362901456445
1.1166666666666667,21.092608521189643,-0.11892940521512926,21.09294380667589,-0.022122080050281698,-0.36362786872259706,-0.58,-1.6535237862948031,-5.474001659724778,73.27329535629902,-0.0339500107767019,-0.005638380136101772,0.5530878232072178,0.01651397609551894,-6427.606932983206,-920.9668940206736,1895.7958725338738,0.4444444444444444,0.0,1.0,0.9944330328674645,0.3970412524812433,1.0,-0.03895590304661842,-0.003530206034359315
1.1333333333333333,21.065688923503114,-0.07559421529711476,21.065824557970384,-0.028628643808219934,-0.4059896875426488,-0.58,-1.6494121909423423,-5.721989879854904,73.62439810197966,-0.04467241697681588,-0.003588484150234452,0.5524220026852756,0.021240919506354757,-6428.240194912677,-1239.2689033870438,1898.2145472302334,0.4444444444444444,0.0,1.0,0.9944277147401672,0.42710041195253023,1.0,-0.0407207189273243,-0.003521427945501806
1.15,21.04229027074385,-0.024554472876644466,21.04230459717708,-0.035813305197580934,-0.445857969702609,-0.5049999999999998,-1.281009166885169,-6.177971504199222,73.9750250706801,-0.0570076597145718,-0.001166910132671123,0.47734777163393616,0.026206394878052496,-6377.426021818922,-1591.0555588410407,1900.4558164006487,0.4444444444444444,0.0,0.0,0.9953494831309185,0.46200353309045333,1.0,-0.043965726337477314,-0.0027349024722172124
1.1666666666666667,21.02484470491072,0.03256984733594134,21.024869932072537,-0.043637103588418644,-0.48322367572007396,-0.4299999999999998,-0.8971865356042742,-6.601978379358593,74.32525779687408,-0.0710756822471688,0.00154911114635804,0.40271126569283555,0.03131800981229872,-6306.483232952105,-1962.00245032355,1902.1669360812018,0.4444444444444444,0.0,0.0,0.996629718157666,0.5019493816116297,1.0,-0.04698318445067755,-0.001915456764630693
1.1833333333333333,21.01332527025604,0.09526726706849237,21.013541223833638,-0.05205311025308167,-0.5176042192801126,-0.35499999999999987,-0.5093122449818867,-6.996161841986412,74.67518407298921,-0.08699364548727445,0.004533628692329828,0.3285249391052393,0.03651304580270046,-6234.2929278999,-2337.1315589106052,1903.3432011368757,0.4444444444444444,0.0,0.0,0.9979007907445402,0.5455817217171165,1.0,-0.04978840332112299,-0.0010873609291324633
1.2,21.00766004239796,0.1630222066061043,21.00829256976422,-0.06100764734452672,-0.5486351090411268,-0.2799999999999999,-0.12000208289884652,-7.353041838330263,75.02489007461858,-0.10487131258005579,0.007759975838130561,0.2547874555529093,0.041737353201723,-6160.493423297805,-2707.227788053015,1903.9882765610014,0.4444444444444444,0.0,0.0,0.9990129663064852,0.5904501555427749,1.0,-0.052328150913663475,-0.00025619956646312573
1.2166666666666666,21.00775188779928,0.23537554968061106,21.00907044656478,-0.07044134850290895,-0.5759396252337058,-0.20499999999999996,0.2694744796908312,-7.658298907089242,75.3744599711973,-0.12480886525838134,0.01120375480531572,0.18149430467879196,0.04694237575970144,-6076.479561089163,-3064.6333255825675,1904.109618502021,0.4444444444444444,0.0,0.0,0.9984829132421882,0.6345075571786442,1.0,-0.054500522336632246,0.0005753170545203175
1.2333333333333334,21.01350993649477,0.3121006370605335,21.01582752733801,-0.08028315313047231,-0.5986145936968684,-0.13,0.6586248411574607,-7.875521843896087,75.72397635294745,-0.14689138377933175,0.014851288145027116,0.1086768868575533,0.05205865729070359,-5947.121060999023,-3403.137849733984,1903.715394669946,0.4444444444444444,0.0,0.0,0.9903857942189638,0.6761437462004859,1.0,-0.05604639612180289,0.0014061372493727642
1.25,21.024847280856672,0.3943065394534184,21.028544429665168,-0.09044131472809931,-0.614992359971983,-0.05499999999999999,1.046472204960021,-7.817275073264786,76.07352207436378,-0.17117121476280342,0.018752113387009862,0.036429761119112045,0.05702460578738008,-5561.702538826384,-3718.7910263597632,1902.814023226625,0.4444444444444444,0.0,0.0,0.9388335778142277,0.7143249859452211,1.0,-0.05563188116719733,0.002234175597205786
1.2666666666666666,21.040893989163756,0.4907830104846168,21.0466170162002,-0.10074347050550306,-0.6172990371320155,0.0,1.3011222704757608,-6.650424874499837,76.4231857331247,-0.19757125466930064,0.023320968864424713,-0.014638902818512049,0.061769692304407334,-3983.181480775866,-4004.603723413683,1901.4357522469531,0.4444444444444444,0.0,0.0,0.6807483230065074,0.748729573774617,1.0,-0.047327955439980765,0.0027778431303762973
1.2833333333333332,21.05686652807014,0.6102771952208408,21.065708301312046,-0.1108404908648534,-0.5961731930297458,0.0,1.2985884469545288,-5.014443774180361,76.77303028988918,-0.22572356556101228,0.02897422595016376,-0.00827614144288595,0.06615188088013656,-1943.082604326609,-4218.713081140038,1899.9693041219332,0.4444444444444444,0.0,0.0,0.3320642255263714,0.7814941934547869,1.0,-0.035685445062417255,0.0027724335202099393
1.3,21.071865474210735,0.7374207975559272,21.08476473655569,-0.12039801741409611,-0.5584374143883339,0.0,1.2928925664433892,-4.226335253772723,77.12308162408426,-0.2552419663466409,0.03498123994445238,-0.00018494369536987054,0.06989927145575878,-890.3017094251816,-4396.849597532717,1898.5965047075554,0.4444444444444444,0.0,0.0,0.15212111825966326,0.8090755212158421,1.0,-0.030076846267663247,0.0027602730469720727
1.3166666666666667,21.08616580220998,0.8551037772523042,21.103497120339103,-0.1292459242570871,-0.5139553035409796,0.0,1.2863122225669004,-4.134501959636202,77.47334541295675,-0.2859614424134482,0.040530625560256425,0.00813822370715442,0.07279392972831134,-657.1343518505165,-4537.166955664182,1897.2958328053487,0.4444444444444444,0.0,0.0,0.11225493676976808,0.8309973850154181,1.0,-0.02942331177403034,0.0027462242804206136
1.3333333333333333,21.100110622385934,0.9545895186813097,21.121692863643766,-0.13733885029690418,-0.4686808805450142,0.0,1.2803923661680126,-4.383532059798591,77.82380980343235,-0.31788256326950093,0.045210144490900286,0.015771834734837682,0.07477488151572566,-841.7673501025446,-4640.961375928554,1896.036542150413,0.4444444444444444,0.0,0.0,0.14376342646982415,0.8473079964284713,1.0,-0.031195542226387103,0.00273358562777158
1.35,21.11400696831647,1.0330502805272117,21.139264016048756,-0.14469639022312578,-0.4254698077855906,0.0,1.2756127177143872,-4.7531342127726885,78.17445332688307,-0.351083893984668,0.048888263262269326,0.022321520460217764,0.07587751511193028,-1192.4643846226927,-4711.846251509986,1894.7896002594553,0.4444444444444444,0.0,0.0,0.20362149696369392,0.8584846297017216,1.0,-0.03382582744223124,0.0027233812727130336
1.3666666666666667,21.128089288078897,1.0907797788587175,21.156227392685146,-0.15136582354759376,-0.38539996819874933,0.0,1.271912388517723,-5.1261434096961604,78.52525091776052,-0.38566854148709434,0.051581201156162104,0.02769150875227883,0.0761801914602282,-1573.1757152174814,-4754.1148801196905,1893.5322429507232,0.4444444444444444,0.0,0.0,0.26859294362369834,0.8651592705768331,1.0,-0.03648035899229627,0.002715481220371814
1.3833333333333333,21.142520325718056,1.1294910298072718,21.172669073827613,-0.15740188888587575,-0.34862288978774797,0.0,1.2690541855917612,-5.447934515837758,78.8761776979054,-0.42173633034125124,0.053371988340827486,0.03193480978122684,0.07577377801609354,-1918.7560373622553,-4771.6548862878735,1892.2484393956897,0.4444444444444444,0.0,0.0,0.3275595287719463,0.8679276393285583,1.0,-0.038770395406488085,0.00270937907336898
1.4,21.157405121275033,1.1513634090952545,21.18870994576023,-0.16285704446717608,-0.3148763930473992,0.0,1.266798260154917,-5.69936924579059,79.22721106631728,-0.4593713608799707,0.054365309014039534,0.035165566531265784,0.07474670222672038,-2204.8513803020846,-4767.495514180258,1890.9277542502332,0.4444444444444444,0.0,0.0,0.376368310999928,0.8672642615921913,1.0,-0.040559738481529765,0.00270456276431058
1.4166666666666667,21.172806096703827,1.158568502083208,21.204480634588485,-0.16777776444153156,-0.2837678304251341,0.0,1.2649583162072848,-5.878976805557171,79.57833165365875,-0.4986380840028732,0.054665131573643694,0.03751212771600491,0.07317917982425236,-2427.86241746933,-4743.733602980644,1889.5639360605956,0.4444444444444444,0.0,0.0,0.41440796141866115,0.86350368357281,1.0,-0.0418379212661982,0.002700634558813537
1.4333333333333333,21.18875507245116,1.1530803264541873,21.220106874367538,-0.17220393132803782,-0.254910695586036,0.0,1.26340444173181,-5.992404675369306,79.9295236196204,-0.5395814773824646,0.0543658212822543,0.039095587659024315,0.0711422870561149,-2592.958938420333,-4701.63005844553,1888.1537398857495,0.4444444444444444,0.0,0.0,0.4425626721816176,0.8568528482029872,1.0,-0.0426451342291932,0.0026973171000050067
1.45,21.205261775354455,1.1366331712145286,21.23570252963659,-0.17616957801054903,-0.22797886800114364,0.0,1.2620496995532466,-6.047049165481168,80.28077462786233,-0.582228783001808,0.053550222381039556,0.04002243039069257,0.06869918346166522,-2707.886564295949,-4641.764551652306,1886.696076801697,0.4444444444444444,0.0,0.0,0.46215545582921186,0.8474149841933902,1.0,-0.043034013442455374,0.0026944247805516033
1.4666666666666666,21.222319610721303,1.1107439099695233,21.251367054689457,-0.17970407312458692,-0.20272056656388387,0.0,1.2608358876217745,-6.04976995819921,80.63207569386864,-0.6265915491696644,0.05229076593639752,0.04038388913117171,0.065907019553107,-2780.2424578697364,-4564.201440279533,1885.1914327677812,0.4444444444444444,0.0,0.0,0.4744835135361249,0.8352164759937363,1.0,-0.04305337604844686,0.0026918333414440586
1.4833333333333334,21.239909596716643,1.0767553276947899,21.267185091412895,-0.18283334065087378,-0.17895525712743757,0.0,1.259722692642567,-6.006181128372075,80.98342100242704,-0.6726674628966098,0.050651549690730956,0.04025793566316174,0.06281883589571916,-2816.5307490932123,-4468.6539966873515,1883.6414732559026,0.4444444444444444,0.0,0.0,0.4806572278592219,0.8202341739919474,1.0,-0.042743174785419336,0.0026894567154374725
1.5,21.258003162451867,1.035880613697139,21.283226895859734,-0.1855809572510676,-0.15656465239722483,0.0,1.2586803406006344,-5.920650548848716,81.33480773357117,-0.7204418302897989,0.048690456393329626,0.03971193864605637,0.05948516876684194,-2822.0170894005773,-4354.648655944007,1882.0487648477222,0.4444444444444444,0.0,0.0,0.481575450551724,0.8024232183716044,1.0,-0.04213449375633821,0.0026872313362207617
1.5166666666666666,21.27656428849713,0.9892411683962297,21.299548962637715,-0.1879690826012454,-0.13548240287697685,0.0,1.2576848760152266,-5.796575744945821,81.6862359057007,-0.769888726173132,0.04646094426546135,0.03880517288373275,0.055955262445639496,-2800.8904587700167,-4221.694809032233,1880.4165659451476,0.4444444444444444,0.0,0.0,0.47795317735893794,0.7817461535450678,1.0,-0.04125151155577885,0.0026851060598168026
1.5333333333333332,21.29555129638349,0.9378952436462933,21.316194606565094,-0.19001921887728337,-0.11568395522167696,0.0,1.2567152625288638,-5.636742569569174,82.03770823028292,-0.8209718958219901,0.04401339644585855,0.03759090129384391,0.05227785886012635,-2756.511182159825,-4069.4633163449853,1878.7486557070915,0.4444444444444444,0.0,0.0,0.4703639112623642,0.7582037240419758,1.0,-0.0401140537925821,0.0026830359744579313
1.55,21.314918472849147,0.8828570744056499,21.333194465856113,-0.19175280491145197,-0.09717674770562508,0.0,1.2557517612181768,-5.443685251588423,82.38922996649283,-0.8736455082579287,0.04139601664729124,0.0361179774099079,0.04850155839134565,-2691.6560092358814,-3897.970717564385,1877.0491823271982,0.4444444444444444,0.0,0.0,0.45928151468637646,0.7318666756288522,1.0,-0.03874015538531044,0.002680978938345544
1.5666666666666667,21.334617629314987,0.8251069418307565,21.35056699140646,-0.1931916483725728,-0.0799905097625298,0.0,1.2547752577560953,-5.220011454871669,82.74080876243238,-0.9278548581044649,0.03865529479836579,0.0344319971474708,0.044674756881452074,-2608.729293672355,-3707.7576517530424,1875.322520127029,0.4444444444444444,0.0,0.0,0.4451162735642132,0.7029064092391878,1.0,-0.03714837385497655,0.002678894143168731
1.5833333333333333,21.35459963367671,0.765592963178932,21.368319028409665,-0.19435819547456565,-0.06416747379895697,0.0,1.2537673260876627,-4.968669683860925,83.0924544704397,-0.983537101719247,0.035836082955293336,0.032576049954861956,0.040845180832534425,-2509.932316821889,-3500.0412691807032,1873.573131009502,0.4444444444444444,0.0,0.0,0.42824381805564865,0.6716207843954339,1.0,-0.03535969232513716,0.002676742250049554
1.6,21.374815902463002,0.7052257365083101,21.386446600677235,-0.19527563698554914,-0.04975256057434508,0.0,1.2527108460073342,-4.6931384770274525,83.44417892679412,-1.040622096098463,0.032981337182442796,0.030591121479645298,0.03705907170736399,-2397.390450625005,-3276.8152922169547,1871.8054304234083,0.4444444444444444,0.0,0.0,0.4090268468018378,0.6384502253782833,1.0,-0.03339886592300155,0.00267448670804546
1.6166666666666667,21.39521980484945,0.6448673915546342,21.404935983331335,-0.19596785367856207,-0.03678392188854125,0.0,1.251590965571424,-4.397518355591296,83.7959956905368,-1.0990333863813042,0.03013160062770474,0.028516199803673408,0.03336010907422606,-2273.239653820157,-3040.871217830293,1870.0236614256326,0.4444444444444444,0.0,0.0,0.3878299062840223,0.6039791135814031,1.0,-0.03129507613535368,0.002672095808860714
1.6333333333333333,21.41576790769276,0.5853170554507315,21.423765101670732,-0.1964592137571877,-0.02528449916160521,0.0,1.2503961566489892,-4.086514215419304,84.14791974176093,-1.158689360389759,0.02732432388945745,0.026388141103140857,0.029788202196586004,-2139.674116491672,-2795.722421019956,1868.231782618613,0.4444444444444444,0.0,0.0,0.365027530734733,0.5689186865157948,1.0,-0.029081805499946864,0.002669544940404605
1.65,21.436420985415154,0.5272950861754226,21.442905231611036,-0.19677424732104362,-0.0152553818518151,0.0,1.2491190949086919,-3.7653092531397707,84.49996714586828,-1.2195045587783773,0.024593134070675093,0.024241358308400515,0.02637830756462901,-1998.9575690981142,-2545.42943210441,1866.4333764696153,0.4444444444444444,0.0,0.0,0.3410061686655705,0.5340703291119732,1.0,-0.026795940396777834,0.00266681846552761
1.6666666666666667,21.457144731247492,0.4714284992442936,21.462322913599117,-0.19693723537666305,-0.006671661298511469,0.0,1.2477571344261156,-3.4393490600819865,84.85215469593061,-1.2813911009645809,0.021967166294928037,0.02210740478594473,0.02315943344466217,-1853.4023889591697,-2294.345531207498,1864.6315836696783,0.4444444444444444,0.0,0.0,0.31616060070487517,0.5002716978513513,1.0,-0.024476234545893143,0.00266391073528871
1.6833333333333333,21.47791013437198,0.41823972112950525,21.481981943118964,-0.19697175961561156,0.0005188236493027113,0.0,1.2463122464491594,-3.114070771044396,85.20449954935668,-1.3442601647623968,0.019470556737519608,0.020014529786921295,0.020153965689104037,-1705.3229250643965,-2046.8202856667954,1862.8290669391074,0.4444444444444444,0.0,0.0,0.29088594743613017,0.4683316268266401,1.0,-0.022161381486174598,0.002660825958221998
1.7,21.498693524276185,0.36814016894525436,21.501845279760197,-0.19690026138928063,0.006393884218798476,0.0,1.2447904261615859,-2.79462130832263,85.55701887673125,-1.408023445511884,0.01712216568504429,0.0179872795385934,0.017377395685560643,-1556.9717325428978,-1806.9080013365715,1861.028004556925,0.4444444444444444,0.0,0.0,0.26556675639728927,0.4389623341723516,1.0,-0.019888009450202446,0.0026575769338009823
1.7166666666666666,21.519476320239384,0.32142931681708214,21.521876728181795,-0.1967436531070838,0.011052992927072632,0.0,1.2432006965298419,-2.485607505997948,85.9097295396959,-1.4725945202828603,0.014935559358699814,0.016046205714919888,0.014838464595062535,-1410.468854440828,-1578.1248797118676,1859.230110641738,0.4444444444444444,0.0,0.0,0.24056490540506564,0.41271862466477216,1.0,-0.01768890311598324,0.0026541829256920588
1.7333333333333334,21.540244551990835,0.27829906179974145,21.542042283111634,-0.19652101394912952,0.014611693075744886,0.0,1.2415539143138044,-2.1909100215457546,86.26264781145306,-1.5378900534481588,0.012919239501909633,0.014207722873703747,0.012539675211134131,-1267.734312636053,-1363.2846445480627,1857.4366765966502,0.4444444444444444,0.0,0.0,0.2162080624129639,0.389953526687347,1.0,-0.015591679303124698,0.002650667112636017
1.75,21.56098823207064,0.23884252635480882,21.562311084294375,-0.19624938718436655,0.017195311444455748,0.0,1.2398615928203176,-1.913576677103421,86.61578914874698,-1.6038307982458389,0.011077078421092793,0.01248413207224344,0.01047807834245366,-1130.432418687244,-1164.4231665150003,1855.6486266623954,0.4444444444444444,0.0,0.0,0.1927801746352549,0.37079802923308025,1.0,-0.013618027932651208,0.002647054075074719
1.7666666666666666,21.581700660501543,0.2030660348700925,21.582655981459062,-0.19594368184460412,0.018932805580348204,0.0,1.2381349092864131,-1.6557946070839327,86.96916801904239,-1.6703423704569846,0.009408899035697728,0.010883804153763442,0.00864622137048468,-999.9337294535396,-982.804754059317,1853.866580337393,0.4444444444444444,0.0,0.0,0.17051498093842082,0.35516893488102286,1.0,-0.011783513814630152,0.002643367675954645
1.7833333333333332,21.6023777309864,0.17090289044230594,21.603053752425343,-0.19561666969906447,0.019951368310306427,0.0,1.2363839895899082,-1.4189284723053708,87.32279778198654,-1.737355790872114,0.007911134930439063,0.009411497413722663,0.007033150879581187,-877.2971318009941,-818.9908970619573,1852.0909153096723,0.4444444444444444,0.0,0.0,0.1495929687947078,0.34280327524074883,1.0,-0.010097848600212801,0.002639629533613112
1.8,21.6230172898808,0.14222769586506995,21.623485043719366,-0.19527906081057222,0.020372149932290185,0.0,1.2346174885575882,-1.2036057493639623,87.67669062068158,-1.80480780990441,0.006577511494149416,0.008068772967617203,0.005625381618043303,-763.2713979159585,-672.9477215872199,1850.3218260881965,0.4444444444444444,0.0,0.0,0.13014165943211992,0.33331155206681007,1.0,-0.008565497746110005,0.0026358581257533123
1.8166666666666667,21.643618579598538,0.11687021805905964,21.64393411251781,-0.19493963754877616,0.020307214438387223,0.0,1.2328424297558154,-1.0098292079542377,88.03085751602421,-1.8726410391896218,0.005399701615238722,0.006854467454274364,0.004407771486635819,-658.3131818491147,-544.1699339284719,1848.5593752725454,0.4444444444444444,0.0,0.0,0.112238700192476,0.32623786896346174,1.0,-0.007186480962939025,0.0026320684474037785
1.8333333333333333,21.66418178058346,0.09462809978648307,21.664388445082714,-0.19460542699966404,0.01985766283827984,0.0,1.2310642404569025,-0.8370994124855299,88.38530825631217,-1.9408039212848045,0.004367923928469961,0.005765185327622968,0.0033642692699393946,-562.6170927282861,-431.8040581617279,1846.803536008645,0.4444444444444444,0.0,0.0,0.09591701612431881,0.32111491860613933,1.0,-0.005957244001787003,0.0026282720855701686
1.8499999999999999,21.684707652519283,0.07527801156277113,21.684838315151286,-0.19428189406418808,0.019112746792925604,0.0,1.2292869117962753,-0.6845344950135492,88.74005147421971,-2.0092505704879953,0.0034714652544660073,0.004795779669283243,0.0024785238991789907,-476.15314123586967,-334.75984893152105,1845.0542254415254,0.4444444444444444,0.0,0.0,0.08117121623682427,0.3175055919386158,1.0,-0.004871511022003319,0.002624477561164296
1.8666666666666667,21.705197266547664,0.058585073863942926,21.70527633066734,-0.19397314102828184,0.018149750691494628,0.0,1.2275132229240067,-0.550979045715151,89.09509470380465,-2.077940516553562,0.002699119979214473,0.00393979890368951,0.001734359506313981,-398.70727250253464,-251.80422554468268,1843.3113298306039,0.4444444444444444,0.0,0.0,0.06796452208262814,0.31502836803308215,1.0,-0.003921059513649639,0.002620690807558538
1.8833333333333333,21.725651815433665,0.04431055256990166,21.725697002179817,-0.19368210311885742,0.01703442150425378,0.0,1.2257449831946936,-0.43509788187073256,89.45044445114156,-2.146838379872657,0.0020395471448223937,0.0031898852070601775,0.0011161297283130063,-329.92155564101955,-181.6361531578977,1841.574722471816,0.4444444444444444,0.0,0.0,0.056235633459128506,0.31336809382150643,1.0,-0.003096387607379257,0.0026169156876513716
1.9,21.746072486903696,0.032217942299102124,21.746096353172813,-0.19341073297014885,0.015821753724036686,0.0,1.2239832623542244,-0.335453350725247,89.80610627325984,-2.2159135025176924,0.001481551151168723,0.0025381176379704684,0.0006089689677096578,-269.3316100821583,-122.94348456656247,1839.8442757559867,0.4444444444444444,0.0,0.0,0.04590511887761336,0.31227605703192757,1.0,-0.0023872642026515263,0.0026131544853067613
1.9166666666666667,21.766460385753337,0.022077613984450455,21.766471582358236,-0.19316016973536385,0.014556975812098836,0.0,1.2222285921160847,-0.2505667076327285,90.16208486114515,-2.285139555132121,0.0010142947462324138,0.0019762985756343987,0.00019895916924982782,-216.3998048144285,-74.44412265197712,1838.1198686774744,0.4444444444444444,0.0,0.0,0.03688108179773614,0.3115635929441083,1.0,-0.0017831657672061645,0.002609408335711374
1.9333333333333333,21.786816491894122,0.013670228086160245,21.786820780614267,-0.19293089071947253,0.013276624423283567,0.0,1.2204811323696585,-0.17896517076287938,90.51838412355079,-2.354494135439553,0.000627454052190833,0.0014961858866687442,-0.00012677049401751739,-170.54355307478002,-34.91433599386846,1836.4013909739133,0.4444444444444444,0.0,0.0,0.029063987844763942,0.31109268684970215,1.0,-0.0012736112033460295,0.002605677580222542
1.95,21.807141643615985,0.006789115601054916,21.807142700427793,-0.19272284493141917,0.01200962768301155,0.0,1.218740801660016,-0.11921671723344685,90.87500726921556,-2.423958370398592,0.0003113253214320688,0.0010896755749130289,-0.00037999579186877866,-131.15860200379976,-3.207001205016352,1834.6887448898487,0.4444444444444444,0.0,0.0,0.022350636584625872,0.3107659202825327,1.0,-0.0008484094756952957,0.0026019620449373028
1.9666666666666666,21.82743653754674,0.001241815075008038,21.827436572871655,-0.19253556892183726,0.010778353306193627,0.0,1.2170073752106298,-0.06995468282570244,91.23195688578704,-2.4935165308393703,5.689239190007959e-05,0.0007489409981172758,-0.000571388892881935,-97.63759678227804,21.737787205826827,1832.9818453564508,0.4444444444444444,0.0,0.0,0.016637326131207508,0.3105171119088802,1.0,-0.0004978346758396893,0.0025982612499669123
1.9833333333333334,21.84770173883357,-0.0031490706878362484,21.847701965782985,-0.19236828575706577,0.00959958876346258,0.0,1.2152805555094053,-0.029894435353247678,91.58923501431111,-2.5631556647872182,-0.0001441373881643097,0.0004665353451836525,-0.0007105395191666355,-69.38443171591743,40.88775815853725,1831.280619191577,0.4444444444444444,0.0,0.0,0.011822298457232715,0.3103032826226458,1.0,-0.00021274467887411462,0.0025945745601351476
2.0,21.867937696828665,-0.006545545944921888,21.867938676440264,-0.19221998903361032,0.008485393055108922,0.0,1.2135600204729269,0.0021563416101186006,91.94684321857072,-2.6328652536460924,-0.00029932158396408246,0.0002354604178411905,-0.0008059940240145858,-45.824896992285524,55.11748307651848,1829.5850037620005,0.4444444444444444,0.0,0.0,0.007807552534062256,0.3100981227527355,1.0,1.5345672128165322e-05,0.002590901287807017
2.0166666666666666,21.888144763006295,-0.009094295234186953,21.88814665229849,-0.1920895133631261,0.00744388730210932,0.0,1.2118454546691826,0.027292518049230247,92.30478264889669,-2.702636893723132,-0.00041548951769711955,4.92112454207736e-05,-0.0008653092696763677,-26.41423499866067,65.21013889391115,1827.894945415711,0.4444444444444444,0.0,0.0,0.00450013024801577,0.309886891421128,1.0,0.0001942280534634241,0.002587240759548003
2.033333333333333,21.908323208951273,-0.010927067504136188,21.90832593396121,-0.19197559253793486,0.006479959866418067,0.0,1.2101365679245792,0.04650987325222883,92.66305410031984,-2.772464004303335,-0.0004987632551258758,-9.819913071656167e-05,-0.0008951166278776436,-10.642240202240746,71.86120163334007,1826.2103978880245,0.4444444444444444,0.0,0.0,0.0018129833775950132,0.309662565371775,1.0,0.0003309889594033175,0.0025835923558492854
2.05,21.92847324309237,-0.012161289035187192,21.92847661535039,-0.1918769068900441,0.00559588143504962,0.0,1.2084331048046837,0.06070618976913435,93.02165806510499,-2.8423415625699664,-0.0005545888969815468,-0.00021223151937378872,-0.0009011912882553666,1.9636295546825708,75.68339072774714,1824.5313208076989,0.4444444444444444,0.0,0.0,0.0003344984655960464,0.3094230187359444,1.0,0.0004320174873850726,0.002579955531368738
2.0666666666666664,21.94859502546456,-0.012900837614703262,21.948598816859786,-0.19179212125819636,0.004791839088954634,0.0,1.2067348478870163,0.07068435823720655,93.3805947798319,-2.912265864965224,-0.0005877750313438077,-0.0002978252992293725,-0.0008885240551595985,11.836720411537815,77.21236621388157,1822.8576783722915,0.4444444444444444,0.0,0.0,0.002016228950232321,0.309169020193387,1.0,0.0005030274335977285,0.0025763298219182106
2.0833333333333335,21.96868868020625,-0.013236924189400773,21.968692668067078,-0.19171991486716516,0.0040663910091603755,0.0,1.2050416169786986,0.07715680193261121,93.73986426727465,-2.9822343140793857,-0.000602535853650707,-0.0003594129772057653,-0.0008613934148726241,19.37087425430627,76.91282593826242,1821.1894382224305,0.4444444444444444,0.0,0.0,0.0032993747398140758,0.30890285818109087,1.0,0.0005490887804416674,0.0025727148427932343
2.1,21.988754305777345,-0.01324903605428706,21.9887582972936,-0.19165900442554826,0.00341684820146797,0.0,1.2033532659965671,0.08075091350543576,94.09946637338524,-3.052245229813592,-0.0006025368361794355,-0.00040094239745979576,-0.0008234356495362006,24.921068646804265,75.18472264833146,1819.5265705184513,0.4444444444444444,0.0,0.0,0.004244466674634518,0.3086274352749694,1.0,0.0005746663872224302,0.0025691102821121976
2.1166666666666667,22.008791983052134,-0.01300590799045276,22.008795825917023,-0.19160816142954085,0.002839601908976671,0.0,1.2016696786402343,0.08201506251675326,94.45940079972358,-3.122297683310057,-0.0005909414058949402,-0.00042590359431215655,-0.0007777127048774121,28.80474642227988,72.36943040350381,1817.869047206815,0.4444444444444444,0.0,0.0,0.0049056283328915585,0.30834570385551197,1.0,0.0005836627429750587,0.002565515891578503
2.1333333333333333,22.028801781531868,-0.012566496152957978,22.02880536585784,-0.19156622457410885,0.0023303974044072626,0.0,1.1999907636203713,0.08142488334903905,94.81966713169291,-3.1923913520050147,-0.0005704574817299515,-0.0004373589623279864,-0.0007267767330467807,31.303631277638704,68.75574388404706,1816.2168414551124,0.4444444444444444,0.0,0.0,0.005330887244951573,0.308060342938479,1.0,0.0005794627145741237,0.0025619314762931455
2.15,22.048783763961417,-0.011980934168962109,22.048787019079125,-0.19153210810538812,0.0018845601517066448,0.0,1.1983164499641468,0.07938965834704481,95.1802648629434,-3.262526394092268,-0.0005433829420269993,-0.0004379754440221125,-0.0006727306564302714,32.66587779705455,64.58561779202856,1814.5699272305785,0.4444444444444444,0.0,0.0,0.005562542920453197,0.30777359960324213,1.0,0.0005649789725542634,0.0025583568847320176
2.1666666666666665,22.06873798963755,-0.011291455954038526,22.068740878270543,-0.19150480684397597,0.001497180431965439,0.0,1.196646682703432,0.07625863835712024,95.54119341630269,-3.3327033406674156,-0.0005116493282954853,-0.00043005761497658075,-0.0006172844050040659,33.10843318541782,60.05958392792414,1812.9282789965132,0.4444444444444444,0.0,0.0,0.005637570772804036,0.30748723794253624,1.0,0.0005426969714248267,0.0025547919995403995
2.183333333333333,22.088664516678037,-0.010533273976364617,22.088667028143913,-0.19148339851277962,0.0011632619913726282,0.0,1.1949814191041024,0.07232718252053866,95.90245216158114,-3.402923003845796,-0.00047686328750179657,-0.00041558078518459917,-0.000561806650154941,32.81951246020895,55.3418065386985,1811.2918715025428,0.4444444444444444,0.0,0.0,0.005588045201008091,0.30720255407054037,1.0,0.0005147186437000166,0.0025512367294826727
2.2,22.108563403490184,-0.009735405159167555,22.108565546960733,-0.19146704391604472,0.0008778397343374745,0.0,1.193320625494203,0.06784263113900732,96.26404043058477,-3.473186399200667,-0.0004403454151338354,-0.00039622343682342137,-0.0005073719907198683,31.9611096365652,50.56475381855762,1809.660679647313,0.4444444444444444,0.0,0.0,0.0054415686350544204,0.3069204279353782,1.0,0.00048280419432893313,0.002547691002670584
2.216666666666667,22.12843470964205,-0.008921439428133018,22.1284365080539,-0.19145498543785242,0.0006360709713261872,0.0,1.1916642746835842,0.0630098511608001,96.62595752965008,-3.5434946809436827,-0.000403166290875196,-0.0003733984870031206,-0.00045480364947931635,30.67148484618853,45.83347658340557,1808.0346783953491,0.4444444444444444,0.0,0.0,0.005221696320091015,0.3066413920167569,1.0,0.0004484115653200949,0.002544154761054269
2.2333333333333334,22.148278496303288,-0.008110248181835103,22.148279981207033,-0.19144654425830154,0.00043330424650140655,0.0,1.1900123439285084,0.05799641451565329,96.98820274999439,-3.613849088360735,-0.00036617960265825875,-0.0003482830037622148,-0.0004047118160333818,29.067581779377083,41.22949517344555,1806.413842733055,0.4444444444444444,0.0,0.0,0.0049483490786823466,0.3063657039619077,1.0,0.00041273328752276545,0.0025406279560767735
2.25,22.16809482638868,-0.007316631773877204,22.168096033824398,-0.19144111662326127,0.0002651293180236362,0.0,1.188364813374247,0.05293738608234136,97.35077537615402,-3.6842509021171423,-0.00033005233717647094,-0.0003218461186880482,-0.0003575278293287028,27.247341761476296,36.81430326547214,1804.7981476518544,0.4444444444444444,0.0,0.0,0.0046382083232010055,0.30609341528852885,1.0,0.0003767305543471065,0.0025371105453490584
2.2666666666666666,22.187883764507273,-0.006551906516965019,22.18788473187033,-0.19143816944844153,0.00012741144466588936,0.0,1.1867216649008971,0.04793971123312324,97.71367469276011,-3.754701409152805,-0.0002952920790494364,-0.0002948749735518206,-0.0003135344337036892,25.291890560703916,32.632502987364376,1803.1875681491938,0.4444444444444444,0.0,0.0,0.004305089258503774,0.3058244318685355,1.0,0.00034116444586067745,0.0025336024901858687
2.283333333333333,22.207645376794172,-0.005824432812801,22.20764614058557,-0.1914372354900352,1.6312745986673505e-05,0.0,1.1850828812981982,0.04308620324358795,98.07689998987996,-3.82520187499672,-0.00026227150967297414,-0.0002679986143288976,-0.00027289236919330993,23.26758200929675,28.714589882635618,1801.582079240437,0.4444444444444444,0.0,0.0,0.00396028957582595,0.3055585643463359,1.0,0.00030662430531460554,0.002530103753843998
2.3,22.227379730680862,-0.0051400868301859,22.227380325004003,-0.19143790827179688,-7.169695095161484e-05,0.0,1.183448445700694,0.038439138854314,98.44045056712996,-3.895753522438605,-0.00023125023285880316,-0.0002417098065830286,-0.0002356635725303964,21.22788898668338,25.079409152279183,1799.9816559766005,0.4444444444444444,0.0,0.0,0.003612912040530156,0.3052955682261978,1.0,0.0002735533270699532,0.002526614300316384
2.3166666666666664,22.247086894642855,-0.004502678742601776,22.247087350300617,-0.1914398369216109,-0.00013983768831433266,0.0,1.181818341222815,0.03404347631017467,98.80432573674527,-3.9663575156011017,-0.00020239407983812962,-0.00021638479373876704,-0.00020183127197087898,19.215137498319663,21.736306432024836,1798.3862734644033,0.4444444444444444,0.0,0.0,0.0032701602593434203,0.3050351743168487,1.0,0.00024227145787451102,0.002523134093553021
2.3333333333333335,22.266766937950365,-0.003914320935339847,22.26676728200364,-0.19144272103885596,-0.00019102358041239823,0.0,1.1801925507427333,0.029929714610600282,99.16852482577181,-4.037014948557688,-0.0001757920629396471,-0.00019230105626315746,-0.0001713172586139149,17.262083685717165,18.686997337060397,1796.7959068862867,0.4444444444444444,0.0,0.0,0.002937607610958755,0.30477711073124486,1.0,0.00021299574480620895,0.0025196630969995036
2.35,22.286419930437695,-0.003375749835190954,22.286420186102063,-0.19144630568670318,-0.00022787210923240898,0.0,1.178571056793157,0.026116415758370162,99.53304717752678,-4.107726837737765,-0.00015147115687088605,-0.00016965315698377892,-0.00014399661087144723,15.393336790715761,15.927180287965529,1795.2105315189697,0.4444444444444444,0.0,0.0,0.002619439866170203,0.3045211178472338,1.0,0.00018585828493508302,0.002516201273363874
2.3666666666666667,22.30604594229991,-0.0028866051324905237,22.306046129076382,-0.1914503765804182,-0.00025271721499606437,0.0,1.1769538415258138,0.022612413735587575,99.89789215245679,-4.1784941174507635,-0.00012940909042524724,-0.0001485667772216752,-0.00011971013851372697,13.626633514717083,13.447916863772802,1793.6301227497393,0.4444444444444444,0.0,0.0,0.0023186724347328195,0.30426695764740647,1.0,0.0001609219455694979,0.0025127485845407964
2.3833333333333333,22.325645043920176,-0.002445670181462834,22.32564517787605,-0.19145475552332963,-0.00026762509396117127,0.0,1.1753408867240178,0.01941873497089191,100.26305912850646,-4.2493176379448805,-0.00010954533080091334,-0.00012911106145508056,-9.827479941450772e-05,11.97397098624323,11.236803234262265,1792.054656090138,0.4444444444444444,0.0,0.0,0.0020373434772076766,0.3040144187519532,1.0,0.00013819403132078655,0.0025093049916383877
2.4,22.345217305727925,-0.002051077302241596,22.345217399862566,-0.19145929612595736,-0.0002744118009099176,0.0,1.1737321738441813,0.016530255370958324,100.62854750109518,-4.320198165493193,-9.179043857207811e-05,-0.00011130939601949938,-7.949232669087597e-05,10.442606786212,9.278955209986048,1790.4841071870248,0.4444444444444444,0.0,0.0,0.0017766843296730323,0.3037633182921498,1.0,0.00011763807641944929,0.0025058704550668413
2.4166666666666665,22.364762798085774,-0.001700481585286667,22.364762862732952,-0.1914638798304713,-0.00027466191617291313,0.0,1.1721276840724315,0.013937118726188864,100.99435668278663,-4.391136384070103,-7.603396456122005e-05,-9.51487509018784e-05,-6.315628716076064e-05,9.03593527402631,7.557828205355219,1788.9184518311624,0.4444444444444444,0.0,0.0,0.0015372688234525271,0.30351350158185725,1.0,9.918393884336544e-05,0.0025024449346593056
2.433333333333333,22.384281591202043,-0.0013912066318863233,22.384281634434522,-0.19146841225181474,-0.00026974767840082703,0.0,1.170527398386735,0.011625940597083193,101.36048610272283,-4.462132898244643,-6.215105114840182e-05,-8.058771387130944e-05,-4.9057774562847016e-05,7.754249890908332,6.055892013063517,1787.3576659635983,0.4444444444444444,0.0,0.0,0.0013191431549143132,0.3032648403544149,1.0,8.273636781259008e-05,0.002499028389804512
2.45,22.403773755065178,-0.0011203654661610487,22.403773783078734,-0.19147281983814177,-0.00026084810643172264,0.0,1.1689312976182034,0.009580820755865974,101.7269352058841,-4.533188236974204,-5.000789052218567e-05,-6.756334375000542e-05,-3.6989923308605774e-05,6.595401260816017,4.755178799633215,1785.801725680159,0.4444444444444444,0.0,0.0,0.001121937984035705,0.3030172301570543,1.0,6.818220886168117e-05,0.002495620779577663
2.466666666666667,22.42323935939629,-0.0008849596353183792,22.42323937685928,-0.1914770468463876,-0.00024896773830946213,0.0,1.167339362507711,0.007784185991334196,102.09370345222621,-4.604302858033112,-3.946618152154178e-05,-5.5996965197600586e-05,-2.675141106452674e-05,5.555360824840864,3.637721202616025,1784.2506072343792,0.4444444444444444,0.0,0.0,0.0009449644252242969,0.3027705873420113,1.0,5.5396401686605706e-05,0.0024922220628613096
2.4833333333333334,22.442678473616322,-0.0006819592847038372,22.442678483977573,-0.19148105262353715,-0.00023495470453967007,0.0,1.1657515737557334,0.0062174836613756775,102.46079031573704,-4.675477152855408,-3.038671544021157e-05,-4.579902149023536e-05,-1.8149101500961446e-05,4.628699484402429,2.68589588026515,1782.704287039169,0.4444444444444444,0.0,0.0,0.0007872955487394611,0.30252484596575013,1.0,4.4246915832806425e-05,0.0024888321984517505
2.5,22.462091166824575,-0.0005083667595725317,22.462091172577306,-0.19148480918024102,-0.00021951792770739134,0.0,1.164167912064572,0.00486174486091398,102.82819528344834,-4.746711451610776,-2.2632209784481995e-05,-3.6873094865735965e-05,-1.099996231975733e-05,3.808990336061653,1.8826863656260422,1781.1627416675,0.4444444444444444,0.0,0.0,0.0006478349435079418,0.30227995480493486,1.0,3.4598758497395605e-05,0.002485451145149186
2.5166666666666666,22.481477507785943,-0.0003612660520996999,22.481477510688624,-0.19148829904063172,-0.00020324330321837283,0.0,1.162588358172956,0.003698034514559861,103.19591785443036,-4.818006028366971,-1.606949774290801e-05,-2.911919644186392e-05,-5.1323783476480705e-06,3.0891440934925045,1.2118776326106913,1779.6259478523464,0.4444444444444444,0.0,0.0,0.000525373808499271,0.3020358746180191,1.0,2.6317177627506524e-05,0.002482078861831585
2.533333333333333,22.500837564924467,-0.00023786018431233227,22.500837566181698,-0.19149151335032363,-0.00018660876765516047,0.0,1.1610128928835222,0.002707804143759437,103.56395753879248,-4.889361106222016,-1.0571170233869936e-05,-2.243641979246152e-05,-3.869651632249393e-07,2.4616852408933263,0.6581934088999625,1778.0938824860807,0.4444444444444444,0.0,0.0,0.0004186379453696936,0.3017925757216409,1.0,1.927017239867402e-05,0.002478715307513358
2.55,22.520171406321502,-0.00013549839863604836,22.520171406729133,-0.19149445022347328,-0.00016999820344074465,0.0,1.159441497083968,0.0018731615293747857,103.93231385670707,-4.960776862315042,-6.016756985978284e-06,-1.672504422389041e-05,3.383024525053006e-06,1.9189763721521216,0.20738598127004382,1776.56652261948,0.4444444444444444,0.0,0.0,0.00032632592409922404,0.3015500359081318,1.0,1.3330412276975532e-05,0.0024753604413905164
2.5666666666666664,22.539479099716882,-5.169481998218916e-05,22.539479099776162,-0.19149711330928595,-0.0001537141626663872,0.0,1.157874151762791,0.001177070012184212,104.30098633747032,-5.032253432646536,-2.2935232776851465e-06,-1.1888165820658034e-05,6.311621689260313e-06,1.4533975618617174,-0.15371295945762792,1775.0438454604785,0.4444444444444444,0.0,0.0,0.00024713958931700715,0.3013082387011422,1.0,8.376655347239255e-06,0.002472014222874276
2.5833333333333335,22.558760712512125,1.5859942024282743e-05,22.5587607125177,-0.19149951055838052,-0.0001379894218902304,0.0,1.1563108380205414,0.000603488770628673,104.66997451860965,-5.103790916657272,7.030502351790751e-07,-7.832926672194288e-06,8.520320116482626e-06,1.0574870066346453,-0.4371729938989083,1773.5258283727508,0.4444444444444444,0.0,0.0,0.00017980797113686462,0.3010671719276596,1.0,4.294746603989069e-06,0.0024686766116150793
2.6,22.578016311774757,6.929296282388608e-05,22.57801631188109,-0.19150165316974713,-0.00012299738960180957,0.0,1.154751537077469,0.0001374641729023191,105.03927794504479,-5.175389381530602,3.0690456533832537e-06,-4.47140481554342e-06,1.0118454560265166e-05,0.7240485699347031,-0.6539707333886785,1772.0124488742085,0.4444444444444444,0.0,0.0,0.0001231055609199434,0.3008268265739484,1.0,9.782680614378136e-07,0.0024653475675189248
2.6166666666666667,22.597245964243204,0.00011054782125960946,22.597245964513608,-0.19150355469966446,-0.00010886141859338353,0.0,1.153196230278354,-0.00023481914342179553,105.40889616830663,-5.247048866195679,4.892092666232563e-06,-1.7212207769985143e-06,1.1203727732102765e-05,0.4462312755532348,-0.8140151219317506,1770.503684635456,0.4444444444444444,0.0,0.0,7.5865811948162e-05,0.30058719588798477,1.0,-1.6710977367678352e-06,0.0024620270507576757
2.6333333333333333,22.616449736331827,0.00014138709890535323,22.61644973677377,-0.1915052303149771,-9.566308383160772e-05,0.0,1.1516448990951909,-0.0005260196761382484,105.77882874581645,-5.318769385019604,6.251516066926383e-06,4.940896323206706e-07,1.1862844598350442e-05,0.21758527223618393,-0.9261875963965942,1768.9995134782428,0.4444444444444444,0.0,0.0,3.6990635743465206e-05,0.300348274690025,1.0,-3.7434353838477823e-06,0.0024587150217747944
2.65,22.635627694135874,0.00016339772995257014,22.635627694725624,-0.19150669617410598,-8.344948651160519e-05,0.0,1.1500975251282923,-0.0007476463380219117,106.14907524022613,-5.390550931185001,7.218608300050051e-06,2.2448935271842917e-06,1.217221868909185e-05,0.032098254092771374,-0.9983931406597837,1767.4999133739316,0.4444444444444444,0.0,0.0,5.456572974813344e-06,0.3001100588546458,1.0,-5.3206484154784215e-06,0.0024554114412876963
2.6666666666666665,22.654779903436157,0.0001779984944869319,22.654779904135424,-0.19150796892028185,-7.223965402923845e-05,0.0,1.1485540901062736,-0.0009100859248348914,106.51963521881845,-5.4623934797561855,7.856995090747772e-06,3.595432728028901e-06,1.2198721553861996e-05,-0.11578416706059545,-1.0376189133008464,1766.0048624420042,0.4444444444444444,0.0,0.0,1.9681765452062778e-05,0.2998725449308728,1.0,-6.476654786718241e-06,0.0024521162702877187
2.683333333333333,22.67390642970336,0.00018644905896274836,22.673906430469952,-0.19150906527268696,-6.203010801193022e-05,0.0,1.1470145758852741,-0.0010226459096402127,106.89050825296653,-5.534296990442345,8.223067319105327e-06,4.603916758079618e-06,1.2000451956669914e-05,-0.2311510848571479,-1.049997703936474,1764.5143389486036,0.4444444444444444,0.0,0.0,3.929046719969592e-05,0.2996357298710966,1.0,-7.277691419072021e-06,0.002448829470038457
2.7,22.69300733810201,0.0001898600656410626,22.693007338896237,-0.19151000170237029,-5.279967090620249e-05,0.0,1.1454789644476833,-0.0010936084649152062,107.26169391764923,-5.606261410070027,8.366456803539383e-06,5.322709482602573e-06,1.1627505925471761e-05,-0.31862927566557414,-1.0408739714035502,1763.0283213051207,0.4444444444444444,0.0,0.0,5.415684740224637e-05,0.29939961084383054,1.0,-7.782698650540769e-06,0.0024455510020730447
2.716666666666667,22.712082693494047,0.00018920385939842746,22.71208269428213,-0.19151079418101957,-4.451358526240376e-05,0.0,1.1439472379005884,-0.0011302922979766806,107.63319179102022,-5.678286674780127,8.330537623845865e-06,5.798585747171201e-06,1.1122733018480192e-05,-0.38239425715172864,-1.014870653909728,1761.5467880668232,0.4444444444444444,0.0,0.0,6.499135070708153e-05,0.2991641851096174,1.0,-8.043760289347979e-06,0.0024422808281908417
2.7333333333333334,22.73113256044206,0.00018532551682927227,22.731132561197533,-0.19151145799185543,-3.712701421577436e-05,0.0,1.1424193784740806,-0.0011391194370553022,108.00500145402714,-5.750372711966508,8.152938105146572e-06,6.073038220143373e-06,1.052246754321623e-05,-0.426187486716268,-0.9759553225686077,1760.0697179315239,0.4444444444444444,0.0,0.0,7.243049599867308e-05,0.298929449943331,1.0,-8.106578899114912e-06,0.002439018910453815
2.75,22.750157003212227,0.00017895390811526837,22.75015700391606,-0.19151200759302148,-3.058798884825338e-05,0.0,1.1408953685195218,-0.0011256846533662427,108.37712249007718,-5.822519441974586,7.866051565547873e-06,6.18261798977527e-06,9.857226294335681e-06,-0.4533380624087686,-0.9275045673175998,1758.5970897382865,0.4444444444444444,0.0,0.0,7.704058515845204e-05,0.2986954025896113,1.0,-8.010969843185322e-06,0.0024357652111828398
2.7666666666666666,22.76915608577697,0.000170712578929499,22.76915608641693,-0.19151245652490712,-2.4839864876540604e-05,0.0,1.1393751905078435,-0.00109482564605538,108.7495544847457,-5.894726779578837,7.49753650434756e-06,6.15929531647748e-06,9.152366854934797e-06,-0.4667875550962839,-0.8723657771408284,1757.1288824661654,0.4444444444444444,0.0,0.0,7.932194256974258e-05,0.29846204024117373,1.0,-7.791360757977757e-06,0.0024325196929540684
2.783333333333333,22.788129871817436,0.0001611302883304975,22.788129872387096,-0.19151281735383865,-1.9823347028836104e-05,0.0,1.1378588270279106,-0.0010506925047939239,109.12229702552392,-5.966994635258298,7.0707991061208336e-06,6.03082947394249e-06,8.428702530987909e-06,-0.46911683534875465,-0.812915706746415,1755.6650752329733,0.4444444444444444,0.0,0.0,7.971349205775462e-05,0.29822936003223466,1.0,-7.477285885700418e-06,0.0024292823185954352
2.8,22.80707842472574,0.0001506510799495848,22.8070784252233,-0.19151310164550234,-1.5478135150003927e-05,0.0,1.1363462607849752,-0.0009968152974656422,109.49534970160225,-6.039322916288849,6.605452795920981e-06,5.8211388115755355e-06,7.703071650239992e-06,-0.4625739644292456,-0.7511154137407459,1754.2056472940749,0.4444444444444444,0.0,0.0,7.859751302856805e-05,0.2979973590413435,1.0,-7.093867064229213e-06,0.0024260530511833562
2.8166666666666664,22.82600180760713,0.0001396437985792342,22.826001808034285,-0.1915133199623172,-1.1744241650465563e-05,0.0,1.1348374745992278,-0.0009361689132318287,109.86871210368564,-6.1117115276705345,6.1177511398844074e-06,5.550664064511937e-06,6.988860302818521e-06,-0.4491023981314904,-0.6885613085945149,1752.750578041204,0.4444444444444444,0.0,0.0,7.630444811268805e-05,0.29776603429952975,1.0,-6.662275184796134e-06,0.0024228318540396375
2.8333333333333335,22.84490008328199,0.0001284109932792683,22.844900083642887,-0.1915134818797566,-8.563025496567972e-06,0.0,1.1333324514044456,-0.000871234529632856,110.24238382383747,-6.184160372907366,5.6209916790963644e-06,5.236719556145268e-06,6.29647867388734e-06,-0.4303689072575012,-0.6265321886062052,1751.2998470013008,0.4444444444444444,0.0,0.0,7.311766101584202e-05,0.29753538280093694,1.0,-6.200167624529028e-06,0.0024196186907285877
2.85,22.86377331428778,0.00011719717202946569,22.86377331458815,-0.1915135960173256,-5.877983613684707e-06,0.0,1.1318311742467275,-0.0008040572713573195,110.61636445534896,-6.256669354656127,5.125889345447703e-06,4.893828310085318e-06,5.633791957581912e-06,-0.40779075153998845,-0.5660322305564933,1749.853433835366,0.4444444444444444,0.0,0.0,6.927806591957137e-05,0.2973054015140749,1.0,-5.7220985768753185e-06,0.002416413525054317
2.8666666666666667,22.882621562880935,0.0001061963924159805,22.88262156312736,-0.19151367008053868,-3.6353364016073023e-06,0.0,1.130333626283313,-0.0007362997926094384,110.99065359263096,-6.329238375259635,4.6409189665350515e-06,4.534038240947493e-06,5.006507481026845e-06,-0.3825617569991676,-0.5078299983602353,1748.411318337331,0.4444444444444444,0.0,0.0,6.498856903461566e-05,0.29707608739252656,1.0,-5.239900372185978e-06,0.002413216321058217
2.8833333333333333,22.901444891038672,9.555918843474444e-05,22.90144489123804,-0.19151371091081199,-1.7844400914855482e-06,0.0,1.1288397907814667,-0.0006692916490034804,111.36525083112548,-6.4018673371787855,4.172627049902084e-06,4.1672175518203695e-06,4.418520138469221e-06,-0.3556770422005989,-0.4524935849541015,1746.9734804329423,0.4444444444444444,0.0,0.0,6.041827915303524e-05,0.29684743738445646,1.0,-4.763034834337598e-06,0.0024100270430165776
2.9,22.920243360460784,8.539884576359245e-05,22.920243360619878,-0.1915137245406912,-2.7805493712451347e-07,0.0,1.1273496511174292,-0.0006040744326145878,111.74015576723413,-6.474556143336595,3.7259135699456388e-06,3.8013282543381175e-06,3.8722185659548885e-06,-0.3279562186533238,-0.4004220547618986,1745.5399001786604,0.4444444444444444,0.0,0.0,5.570645761245816e-05,0.2966194484406209,1.0,-4.2989144857252495e-06,0.0024068456554383498
2.9166666666666665,22.939017032571414,7.57970472794921e-05,22.93901703269664,-0.1915137162522822,9.275052483605057e-07,0.0,1.125863190775407,-0.000541442728857477,112.11536799826159,-6.547304697386272,3.3042848859474233e-06,3.442677366801261e-06,3.3687547007271132e-06,-0.3000649565277144,-0.35187338689133507,1744.1105577605672,0.4444444444444444,0.0,0.0,5.0966189297227625e-05,0.29639211752081085,1.0,-3.853194018163462e-06,0.0024036721230629846
2.933333333333333,22.957765968520796,6.680891761078739e-05,22.957765968618006,-0.191513690637143,1.8723199153687414e-06,0.0,1.124380393346617,-0.0004819810195303958,112.49088712237146,-6.620112903914221,2.910079216863077e-06,3.09614585665694e-06,2.908279487797684e-06,-0.27253486071202404,-0.3069891419726107,1742.6854334932916,0.4444444444444444,0.0,0.0,4.6287765452030095e-05,0.29616544159881053,1.0,-3.430032914546177e-06,0.0024005064108583987
2.95,22.976490229186986,5.846750050184856e-05,22.976490229261376,-0.1915136516562368,2.5928856111026606e-06,0.0,1.122901242528349,-0.0004260967055915718,112.86671273855308,-6.6929806685878015,2.54466630536335e-06,2.765395793922172e-06,2.4901475373095394e-06,-0.245781645554084,-0.26581608921209565,1741.2645078189387,0.4444444444444444,0.0,0.0,4.174177644471577e-05,0.29593941766602877,1.0,-3.0323304564623285e-06,0.0023973484840189682
2.966666666666667,22.995189875177587,5.078770606926206e-05,22.995189875233674,-0.19151360269883883,3.1222001530323892e-06,0.0,1.1214257221230666,-0.00037404945864471807,113.24284444659716,-6.7659078982566285,2.208623035724651e-06,2.453056488060482e-06,2.113093516231724e-06,-0.22012163089513334,-0.22832503651161565,1739.847761306035,0.4444444444444444,0.0,0.0,3.738191843289891e-05,0.29571404273400653,1.0,-2.661934604955228e-06,0.0023941983079636114
2.9833333333333334,23.01386496683147,4.376976694348832e-05,23.013864966873093,-0.19151354663954334,3.489892890463627e-06,0.0,1.1199538160375202,-0.00032597713401052997,113.61928184707921,-6.838894501015182,1.9018868411072341e-06,2.160890606930216e-06,1.7753829901789593e-06,-0.19578660850160542,-0.1944271068729719,1738.4351746484797,0.4444444444444444,0.0,0.0,3.324752238603361e-05,0.2954893138360057,1.0,-2.3198264117017473e-06,0.0023910558483338958
3.0,23.032515564220425,3.740224307834919e-05,23.032515564250794,-0.19151348589273084,3.722388970232381e-06,0.0,1.1184855082818868,-0.000281918492681749,113.99602454134889,-6.911940386233608,1.623888757353902e-06,1.8899414356116653e-06,1.4749403272664369e-06,-0.17293714790830075,-0.16398770003715343,1737.0267286645133,0.4444444444444444,0.0,0.0,2.9365817290472618e-05,0.29526522802787886,1.0,-2.006281720512154e-06,0.002387921070992199
3.0166666666666666,23.05114172715092,3.16646148984967e-05,23.05114172717267,-0.1915134224640371,3.843097453435626e-06,0.0,1.1170207829689145,-0.00024183298616999564,114.37307213152461,-6.98504546456271,1.3736679628836099e-06,1.6406625365694542e-06,1.209456145617034e-06,-0.15167442504530035,-0.1368383704797767,1735.6224042956871,0.4444444444444444,0.0,0.0,2.5753941797159413e-05,0.2950417823883949,1.0,-1.7210119668078838e-06,0.0023847939420198845
3.033333333333333,23.06974351516572,2.6529503636279053e-05,23.069743515180974,-0.19151335799851638,3.872614838412942e-06,0.0,1.1155596243130852,-0.00020561785878584984,114.75042422049198,-7.058209647918368,1.1499695962734585e-06,1.4130311306892725e-06,9.764766375495414e-07,-0.1320506667536627,-0.11278684241298043,1734.2221826058494,0.4444444444444444,0.0,0.0,2.2420720217203075e-05,0.2948189740191737,1.0,-1.463285886529594e-06,0.002381674427715513
3.05,23.088320987545597,2.1964556349838352e-05,23.088320987556045,-0.19151329382531637,3.828937046612706e-06,0.0,1.1141020166297835,-0.00017312281756766288,115.1280804119056,-7.1314328494499035,9.513275721383093e-07,1.2066465399250959e-06,7.734769432989867e-07,-0.11407831021217796,-0.09162537009554245,1732.82604478014,0.4444444444444444,0.0,0.0,1.9368219767712348e-05,0.2945968000443528,1.0,-1.232033915141773e-06,0.0023785624945930686
3.0666666666666664,23.106874203310973,1.793403135410894e-05,23.106874203317933,-0.19151323099878406,3.7276742387292922e-06,0.0,1.1126479443344768,-0.0001441625120142402,115.50604031019306,-7.204714983496237,7.761340281817772e-07,1.0208150241092432e-06,5.979205808293727e-07,-0.09773797910711628,-0.07313763816309951,1731.4339721239921,0.4444444444444444,0.0,0.0,1.6593106439440014e-05,0.2943752576100855,1.0,-1.0259370000384807e-06,0.0023754581093802084
3.0833333333333335,23.12540322122358,1.440011775332272e-05,23.125403221228062,-0.1915131703360033,3.5822639649101785e-06,0.0,1.1111973919419011,-0.00011852705493426059,115.88430352056072,-7.278055965533134,6.226969370248645e-07,8.54622313353888e-07,4.473067703038231e-07,-0.08298537869284167,-0.05710438238063705,1730.0459460621478,0.4444444444444444,0.0,0.0,1.4087816903492743e-05,0.2941543438839456,1.0,-8.435014724954284e-07,0.002372361239016523
3.1,23.143908099788085,1.1324020535434739e-05,23.143908099790856,-0.19151311245083003,3.4041791309982066e-06,0.0,1.1097503440652565,-9.599080290033469e-05,116.26286964900085,-7.351455712114286,4.89287309930924e-07,7.069950888942165e-07,3.19207325567065e-07,-0.06975721024186649,-0.04330789661222537,1728.66194813768,0.4444444444444444,0.0,0.0,1.184156358652709e-05,0.29393405605429507,1.0,-6.831215340443475e-07,0.002369271850651821
3.1166666666666667,23.16238889725375,8.666840355864532e-06,23.16238889725537,-0.19151305778454036,3.2031280983011307e-06,0.0,1.108306785415407,-7.631960065211526e-05,116.64173830229939,-7.424914140808561,3.741773093574002e-07,5.767526038233742e-07,2.112946232749919e-07,-0.057976202220034904,-0.03153557723500416,1727.281960011025,0.4444444444444444,0.0,0.0,9.841189499311863e-06,0.2937143913296523,1.0,-5.431308114930163e-07,0.0023661899116444183
3.1333333333333333,23.180845671616,6.3902747652019075e-06,23.180845671616883,-0.19151300663324383,2.9872449421963233e-06,0.0,1.1068667008000888,-5.927667887665329e-05,117.02090908804425,-7.4984311701352615,2.7567047620813835e-07,4.6264956482497206e-07,1.2136200511416717e-07,-0.04755535122888617,-0.02158264195892328,1725.9059634590258,0.4444444444444444,0.0,0.0,8.071888667400085e-06,0.2934953469380897,1.0,-4.218443286625784e-07,0.0023631153895594496
3.15,23.199278480618077,4.457165274991648e-06,23.199278480618506,-0.19151295917224131,2.763268489096462e-06,0.0,1.1054300751231279,-4.462737954802253e-05,117.40038161463353,-7.57200671949898,1.9212516797517424e-07,3.6341131993235465e-07,4.733782136880297e-08,-0.03840146065457318,-0.013254146251535887,1724.5339403739843,0.4444444444444444,0.0,0.0,6.517807139617088e-06,0.2932769201266731,1.0,-3.1759213441393355e-07,0.0023600482521671977
3.1666666666666665,23.217687381752594,2.8319123480322375e-06,23.217687381752768,-0.1915129154775242,2.5367092451302497e-06,0.0,1.103996893383658,-3.2142867785798255e-05,117.78015549128388,-7.645640709125246,1.2197219737991217e-07,2.777623181649281e-07,-1.2705814074556543e-08,-0.030418059318706954,-0.0063664074563033884,1723.1658727627198,0.4444444444444444,0.0,0.0,5.162538585633891e-06,0.29305910816095343,1.0,-2.287457182040363e-07,0.0023569884674414228
3.183333333333333,23.236072432263136,1.4807781758110563e-06,23.23607243226318,-0.19151287554462196,2.3120037355795757e-06,0.0,1.1025671406753519,-2.1602974270497612e-05,118.16023032803827,-7.7193330599979255,6.372755895505831e-08,2.0444872673464956e-07,-6.054861571706477e-08,-0.023507776461498864,-0.0007479343374374256,1721.8017427456423,0.4444444444444444,0.0,0.0,3.98952747549073e-06,0.29284190832451207,1.0,-1.5373823822377304e-07,0.0023539360035577227
3.2,23.25443368914583,3.720949886111779e-07,23.254433689145834,-0.19151283930501053,2.0926561031179205e-06,0.0,1.1011408021856555,-1.2798297843064341e-05,118.54060573577354,-7.793083693799125,1.6001034193529115e-08,1.4225601207179093e-07,-9.782124243435335e-08,-0.01757424328069783,0.003760051748283098,1720.4415325558298,0.4444444444444444,0.0,0.0,2.9823917919820547e-06,0.2926253179185593,1.0,-9.10794846125836e-08,0.002350890828891897
3.216666666666667,23.272771209150882,-5.236053506002206e-07,23.27277120915089,-0.19151280664029205,1.8813670749343052e-06,0.0,1.0997178631950306,-5.531684187696649e-06,118.9212813262072,-7.86689253285211,-2.2498624933602157e-08,9.002221350405961e-08,-1.2600722302881377e-07,-0.012523585144869459,0.007303428525203489,1719.0852245381186,0.4444444444444444,0.0,0.0,2.1251761857187857e-06,0.2924093342615818,1.0,-3.9366402550790836e-08,0.0023478529120183303
3.2333333333333334,23.29108504878413,-1.2335265781468027e-06,23.29108504878416,-0.19151277739435452,1.6801506121931375e-06,0.0,1.0982983090762057,3.8081647267310093e-07,119.3022567119037,-7.940759500067621,-5.296131870040102e-08,4.664756390613812e-08,-1.464470754474616e-07,-0.00826556260491406,0.010015251584625861,1717.7328011482,0.4444444444444444,0.0,0.0,1.4025454608290808e-06,0.29219395468903436,1.0,2.7100922707346064e-09,0.0023448222217083924
3.25,23.30937526430859,-1.7825959193832007e-06,23.309375264308656,-0.1915127513837109,1.4904387152279443e-06,0.0,1.0968821252934293,5.109421849652498e-06,119.68353150628002,-8.014684518893828,-7.647549104899073e-08,1.1101041174804492e-08,-1.6034409302992802e-07,-0.004714413538905059,0.01201604347993674,1716.384244951726,0.4444444444444444,0.0,0.0,7.999272928393286e-07,0.29197917655307026,1.0,3.6361359490224165e-08,0.0023417987269288456
3.2666666666666666,23.327641911745943,-2.1934940499556524e-06,23.327641911746046,-0.19151272840620998,1.3131749695722638e-06,0.0,1.095469297401737,8.810440593263139e-06,120.06510532361054,-8.088667513270028,-9.402982342810985e-08,-1.7575632156063223e-08,-1.6877135096741628e-07,-0.0017894432405201025,0.013414244413176016,1715.0395386234268,0.4444444444444444,0.0,0.0,3.0361213913854106e-07,0.29176499722230453,1.0,6.269977447657668e-08,0.002338782396840278
3.283333333333333,23.34588504687807,-2.4867179834586725e-06,23.3458850468782,-0.19151270824829897,1.1488974982651467e-06,0.0,1.094059811046219,1.1626376511350038e-05,120.44697777903122,-8.162708407584146,-1.0651632947156996e-07,-4.02660857306906e-08,-1.7267955728778176e-07,0.0005845959591787634,0.01430678305645624,1713.6986649462322,0.4444444444444444,0.0,0.0,9.918258662142498e-08,0.2915514140816043,1.0,8.273947001002652e-08,0.0023357732007955405
3.3,23.364104725248527,-2.68066904520491e-06,23.36410472524868,-0.19151269069100785,9.978120374325663e-07,0.0,1.0926536519612977,1.3686254075301836e-05,120.82914848854297,-8.236807126633964,-1.1473450734485112e-07,-5.777909627571571e-08,-1.7290543574648833e-07,0.0024772988234945535,0.014779732540068409,1712.3616068104052,0.4444444444444444,0.0,0.0,4.2027783511566085e-07,0.2913384245319025,1.0,9.739865275372435e-08,0.0023327711083382064
3.3166666666666664,23.38230100216403,-2.7917592652891385e-06,23.382301002164198,-0.19151267551481158,8.59855879232392e-07,0.0,1.0912508059700141,1.5106113783491219e-05,121.21161706901455,-8.310963595592002,-1.193962589494827e-07,-7.08497346214259e-08,-1.701803834465889e-07,0.00395254290147391,0.014909022397467829,1711.028347212684,0.4444444444444444,0.0,0.0,6.705222650960261e-07,0.2911260259900288,1.0,1.0750312852306609e-07,0.002329776089201044
3.3333333333333335,23.40047393269594,-2.8345305724420445e-06,23.400473932696112,-0.19151266250351484,7.347534348893774e-07,0.0,1.0898512589833174,1.5989633616287858e-05,121.59438313818461,-8.385177739973908,-1.211313318095463e-07,-8.014156651132522e-08,-1.6513919446523316e-07,0.005068537740581151,0.014761182333657771,1709.6988692554294,0.4444444444444444,0.0,0.0,8.598008456575585e-07,0.2909142158885553,1.0,1.1379072488961905e-07,0.002326788113304503
3.35,23.4186235716817,-2.821782101087109e-06,23.41862357168187,-0.1915126514472916,6.220641638527468e-07,0.0,1.088454996999363,1.6428839644039544e-05,121.97744631466323,-8.459449485610168,-1.2049308075045257e-07,-8.624965188641044e-08,-1.583286828890212e-07,0.0058779633725436035,0.014394098132980234,1708.3731561457844,0.4444444444444444,0.0,0.0,9.970585972529236e-07,0.2907029916756532,1.0,1.1691634824491875e-07,0.0023238071507552154
3.3666666666666667,23.436749973726283,-2.7647017450368013e-06,23.436749973726446,-0.19151264214499825,5.212235956318311e-07,0.0,1.0870620061028202,1.6504874926617013e-05,122.36080621793282,-8.533778758620954,-1.1796438278072478e-07,-8.970412602304216e-08,-1.5021607489382588e-07,0.006428177260631898,0.013857763892830364,1707.0511911948395,0.4444444444444444,0.0,0.0,1.0903359362408895e-06,0.29049235081495844,1.0,1.1745745569799158e-07,0.002320833171844514
3.3833333333333333,23.454853193203654,-2.6729988106984907e-06,23.454853193203807,-0.19151263440586883,4.315781430865183e-07,0.0,1.0856722724641779,1.628880120194688e-05,122.74446246834854,-8.608165485393886,-1.139635702973837e-07,-9.097418036292429e-08,-1.411970705468944e-07,0.006761471989582635,0.01319501811433508,1705.7329578168049,0.4444444444444444,0.0,0.0,1.1468126137823e-06,0.29028229078544304,1.0,1.1591976031673103e-07,0.0023178661470469567
3.4,23.47293328425816,-2.555035248952077e-06,23.4729332842583,-0.19151262805068875,3.5241437131468173e-07,0.0,1.0842857823390688,1.5842412557135435e-05,123.12841468713812,-8.682609592564512,-1.0885027525152003e-07,-9.04722914208684e-08,-1.316035023503026e-07,0.006915368744641636,0.012442254050603016,1704.4184395281954,0.4444444444444444,0.0,0.0,1.1728577101041208e-06,0.29007280908129274,1.0,1.1274302164375439e-07,0.0023149060470188786
3.4166666666666665,23.490990300805958,-2.417953486218999e-06,23.490990300806082,-0.1915126229125325,2.8298334699121714e-07,0.0,1.0829025220675923,1.5219044365571195e-05,123.51266249640135,-8.757111006999244,-1.0293110061588303e-07,-8.855857305566835e-08,-1.2171053970027988e-07,0.006922934083068629,0.011630097155455276,1703.1076199470185,0.4444444444444444,0.0,0.0,1.1740835628361617e-06,0.2898639032117866,1.0,1.083068025224501e-07,0.002311952842596946
3.433333333333333,23.509024296536413,-2.2677993397137226e-06,23.509024296536523,-0.1915126188371416,2.2252065076841133e-07,0.0,1.0815224780736448,1.4464364309846073e-05,123.89720551910901,-8.831669655780571,-9.64650557636214e-08,-8.554515091992832e-08,-1.1174340688859644e-07,0.006813109670245958,0.010784044536377404,1701.800482791973,0.4444444444444444,0.0,0.0,1.1554018767647486e-06,0.28965557070118114,1.0,1.0293609843619621e-07,0.002309006504796731
3.4499999999999997,23.527035324913495,-2.1096388971946326e-06,23.52703532491359,-0.19151261568300906,1.7026259152448917e-07,0.0,1.0801456368642592,1.3617135345875263e-05,124.28204337910157,-8.906285466194321,-8.966870955307598e-08,-8.170047834880938e-08,-1.0188359746558113e-07,0.006611046554565032,0.009925063037829349,1700.4970118816539,0.4444444444444444,0.0,0.0,1.1210805855793368e-06,0.28944780908859474,1.0,9.690676716624676e-08,0.002306067004811298
3.466666666666667,23.545023439177143,-1.9476685750682404e-06,23.545023439177225,-0.19151261332122896,1.2545911696293025e-07,0.0,1.0787719850289492,1.2709943048659859e-05,124.66717570108749,-8.980958365718752,-8.272102935465599e-08,-7.725353058438029e-08,-9.22745801296646e-08,0.006338437212174254,0.009070144005081103,1699.1971911337657,0.4444444444444444,0.0,0.0,1.0748003177068726e-06,0.2892406159278952,1.0,9.04507049704711e-08,0.0023031343140098026
3.4833333333333334,23.562988692344646,-1.7853178473702173e-06,23.562988692344714,-0.19151261163516076,8.738387120884915e-08,0.0,1.077401509239058,1.1769881962675581e-05,125.05260211064117,-9.055688282015304,-7.57678862677655e-08,-7.239782933253619e-08,-8.302700118072745e-08,0.00601384002599394,0.008232813941410861,1697.9010045643429,0.4444444444444444,0.0,0.0,1.0197095618076192e-06,0.28903398878758707,1.0,8.376073101724005e-08,0.002300208403936106
3.5,23.580931137211994,-1.6253443684020308e-06,23.58093113721205,-0.19151261051995222,5.534180731455521e-08,0.0,1.0760341962471185,1.081919740500149e-05,125.43832223420078,-9.130475142920789,-6.892621665126473e-08,-6.729526247297404e-08,-7.422339631454086e-08,0.005652992094182383,0.007423601206724049,1696.6084362869797,0.4444444444444444,0.0,0.0,9.584778365332251e-07,0.28882792525070167,1.0,7.699515479735063e-08,0.002297289246307404
3.5166666666666666,23.598850826355225,-1.4699213996102988e-06,23.59885082635527,-0.1915126098819574,2.8674721502170885e-08,0.0,1.0746700328862129,9.87588067908749e-06,125.8243356990657,-9.20531887644091,-6.22878380996708e-08,-6.207967453556667e-08,-6.592243045043825e-08,0.005269107311748829,0.006650459644291279,1695.3194705120627,0.4444444444444444,0.0,0.0,8.933463471785765e-07,0.2886224229146862,1.0,7.028201198131302e-08,0.0022943768130128626
3.533333333333333,23.616747812131763,-1.3207176021341844e-06,23.6167478121318,-0.19151260963808117,6.765036924023857e-09,0.0,1.0733090060693442,8.954216890390187e-06,126.21064213339386,-9.280219410744866,-5.592292438570815e-08,-5.686021254956336e-08,-5.816268864940859e-08,0.004873157554553899,0.005919150592264147,1694.0340915460172,0.4444444444444444,0.0,0.0,8.261757621814559e-07,0.2884174793912951,1.0,6.372296296635962e-08,0.002291471076112276
3.55,23.634622146681746,-1.1789693753054352e-06,23.634622146681775,-0.1915126097150761,-1.0961872019306671e-08,0.0,1.07195110278881,8.065285547668037e-06,126.59724116619894,-9.355176674160969,-4.988314888169089e-08,-5.1724419280098984e-08,-5.096604424032742e-08,0.0044741355356955085,0.005233585162971908,1692.7522837905537,0.4444444444444444,0.0,0.0,7.584908681343579e-07,0.2882130923064811,1.0,5.739685542112999e-08,0.002288572007834728
3.5666666666666664,23.65247388192933,-1.0455460127843485e-06,23.652473881929353,-0.19151261004881362,-2.503655802648719e-08,0.0,1.0705963101155849,7.217414918031925e-06,126.98413242734733,-9.430190595173103,-4.4204509769405266e-08,-4.674107188763583e-08,-4.434063224517694e-08,0.0040792985172147045,0.0045961289780998395,1691.4740317419285,0.4444444444444444,0.0,0.0,6.915219659595895e-07,0.2880092593002882,1.0,5.1362957717518345e-08,0.0022856795805772756
3.5833333333333335,23.670303069584,-9.210080160170108e-07,23.67030306958402,-0.19151261058354657,-3.5945356825798814e-08,0.0,1.069244615198707,6.4165917093171105e-06,127.37131554755504,-9.505261102417917,-3.890985313155928e-08,-4.19627688616155e-08,-3.828345727087496e-08,0.0036943925608725284,0.004007871751544567,1690.199319990206,0.4444444444444444,0.0,0.0,6.262429558345817e-07,0.28780597802674435,1.0,4.566387444801406e-08,0.002282793766903638
3.6,23.68810976114188,-8.056589529370174e-07,23.688109761141895,-0.1915126112711783,-4.4131024704642375e-08,0.0,1.0678960052646707,5.666828106430818e-06,127.75879015838453,-9.58038812468262,-3.401111194860406e-08,-3.74282718547512e-08,-3.27826653827347e-08,0.003323857404866241,0.0034688642315256627,1688.9281332185308,0.4444444444444444,0.0,0.0,5.634061267929902e-07,0.2876032461537552,1.0,4.0328158451283755e-08,0.002279914539542899
3.6166666666666667,23.70589400788699,-6.995912815351338e-07,23.705894007887,-0.1915126120705485,-4.999398818365529e-08,0.0,1.0665504676168238,4.970488512670396e-06,128.1465558922413,-9.655571590903328,-2.951128024542666e-08,-3.316461192808475e-08,-2.7819509237651315e-08,0.002971012371919431,0.0029783250647301045,1687.6604562024052,0.4444444444444444,0.0,0.0,5.035737209055771e-07,0.2874010613629994,1.0,3.5372636076923256e-08,0.002277041871388224
3.6333333333333333,23.723655860892535,-6.027265759313158e-07,23.723655860892542,-0.19151261294674513,-5.389406040623667e-08,0.0,1.0652079896347764,4.328578563585309e-06,128.5346123823707,-9.730811430163813,-2.5406142268523018e-08,-2.918897184295041e-08,-2.33700350589707e-08,0.0026382239601038995,0.002534820141213848,1686.3962738089754,0.4444444444444444,0.0,0.0,4.47146383588441e-07,0.2871994213498237,1.0,3.080446396159444e-08,0.002274175735495593
3.65,23.74139537102218,-5.148505994037821e-07,23.741395371022186,-0.19151261387044846,-5.61525004322271e-08,0.0,1.0638685587738042,3.740999108288439e-06,128.92295926285456,-9.806107571694648,-2.1685776735439425e-08,-2.5510357523658664e-08,-1.940651898677786e-08,0.002327055951746468,0.0021364169310125448,1685.1355709963218,0.4444444444444444,0.0,0.0,3.9438864271690896e-07,0.28699832382313945,1.0,2.6622936494925645e-08,0.0022713161050825306
3.6666666666666665,23.759112588931277,-4.3564366663704275e-07,23.75911258893128,-0.1915126148173124,-5.705431095409929e-08,0.0,1.06253216256427,3.206767907444653e-06,129.31159616860745,-9.88145994487261,-1.833585597973879e-08,-2.213107276981789e-08,-1.589867902807931e-08,0.0020384030074208814,0.0017808162418181104,1683.8783328127593,0.4444444444444444,0.0,0.0,3.4545158146998743e-07,0.2867977665053203,1.0,2.2821063540141886e-08,0.002268462953526868
3.683333333333333,23.776807565068143,-3.6470672813007814e-07,23.776807565068147,-0.19151261576738549,-5.685068712996813e-08,0.0,1.0611987886110419,2.724211792621223e-06,129.70052273537357,-9.956868479220335,-1.5338759298615406e-08,-1.9048011812934792e-08,-1.2814687337732428e-08,0.0017726087998356523,0.0014654637200896391,1682.624544396141,0.4444444444444444,0.0,0.0,3.003928846394434e-07,0.2865977471321001,1.0,1.9386937942058027e-08,0.0022656162543655024
3.6999999999999997,23.794480349675275,-3.015835948775129e-07,23.79448034967528,-0.19151261670457367,-5.5761544394678364e-08,0.0,1.059868424592919,2.2911319805146516e-06,130.0897385997232,-10.032333104406149,-1.2674519066840164e-08,-1.6253784469843695e-08,-1.0122005946979898e-08,0.001529569793918805,0.0011876432927076057,1681.374190973169,0.4444444444444444,0.0,0.0,2.5919444678654443e-07,0.2863982634524719,1.0,1.6304911990915083e-08,0.0022627759812931716
3.716666666666667,23.81213099279058,-2.4577970248269766e-07,23.81213099279058,-0.19151261761614555,-5.397806641813375e-08,0.0,1.0585410582620667,1.9049451482875946e-06,130.47924339904904,-10.107853750244036,-1.032161726966438e-08,-1.3737688516543995e-08,-7.788067374890582e-09,0.001308825801164551,0.0009445546087102463,1680.1272578587161,0.4444444444444444,0.0,0.0,2.2177773423857943e-07,0.2861993132285884,1.0,1.3556601389402708e-08,0.002259942108161246
3.7333333333333334,23.8297595442486,-1.9677779195110418e-07,23.8297595442486,-0.19151261849227982,-5.166522598038542e-08,0.0,1.0572166774434482,1.5628027618235609e-06,130.86903677156297,-10.183430346693727,-8.257649078905507e-09,-1.1486543551436075e-08,-5.780819851928137e-09,0.0011096384340933613,0.0007333763957078344,1678.8837304551453,0.4444444444444444,0.0,0.0,1.8801709246290874e-07,0.28600089423566244,1.0,1.1121734455894751e-08,0.0022571146089765183
3.75,23.8473660536817,-1.540508605250882e-07,23.8473660536817,-0.1915126193256542,-4.8964241575817995e-08,0.0,1.0558952700342734,1.2616910147180287e-06,131.25911835629245,-10.259062823860821,-6.4598689925885924e-09,-9.485400089267765e-09,-4.0691551888151985e-09,0.0009310585654632381,0.0005513174972952853,1677.6435942516443,0.4444444444444444,0.0,0.0,1.5775118668369922e-07,0.2858030042618693,1.0,8.978863343387496e-09,0.002254293457900023
3.7666666666666666,23.86495057052129,-1.1707271086941091e-07,23.86495057052129,-0.19151262011107414,-4.599494119025675e-08,0.0,1.054576824003442,9.985135886248552e-07,131.64948779307707,-10.334751111996983,-4.905633913779091e-09,-7.71813697102022e-09,-2.6232356650567224e-09,0.0007719838609352987,0.0003956572094366076,1676.406834823562,0.4444444444444444,0.0,0.0,1.3079275744215174e-07,0.285605641108249,1.0,7.1059530060786624e-09,0.002251478629245851
3.783333333333333,23.882513143999002,-8.532640136671021e-08,23.882513143999002,-0.1915126208451401,-4.2858012055565126e-08,0.0,1.053261327390998,7.701592904341791e-07,132.04014472256517,-10.41049514150015,-3.5727563867435916e-09,-6.167959428165671e-09,-1.414734710876582e-09,0.0006312074068919832,0.0002637763879617247,1675.1734378317492,0.4444444444444444,0.0,0.0,1.0693686476456627e-07,0.28540880258861034,1.0,5.480862541447378e-09,0.0022486700974799815
3.8,23.90005382314787,-5.83108747711638e-08,23.90005382314787,-0.1915126215259506,-3.96371214099879e-08,0.0,1.0519487683075872,5.735564629886412e-07,132.43108878621044,-10.486294842914745,-2.4397800608586113e-09,-4.8178093337064545e-09,-4.1700462951386e-10,0.0005074584001203314,0.00015318065800309084,1673.9433890219116,0.4444444444444444,0.0,0.0,8.596778521816228e-08,0.28521248652943515,1.0,4.081732405808271e-09,0.002245867837219128
3.8166666666666664,23.917572656803504,-3.554601742377369e-08,23.917572656803504,-0.19151262215283957,-3.640089850497987e-08,0.0,1.05063913493392,4.0571590713570006e-07,132.82231962626835,-10.562150146931886,-1.4861883324795672e-09,-3.650698333176666e-09,3.9481683507361173e-10,0.00039943580569574175,6.151692091834348e-05,1672.7166742239615,0.4444444444444444,0.0,0.0,6.766471584147263e-08,0.2850166907697837,1.0,2.8872898704316095e-09,0.0022430718232295875
3.8333333333333335,23.935069693605243,-1.6576376985495236e-08,23.935069693605243,-0.19151262272614483,-3.3204772417993864e-08,0.0,1.0493324155202397,2.6376389663424856e-07,133.21383688579297,-10.638060984389565,-6.925560358791838e-10,-2.6499736975891577e-09,1.0437506296940844e-09,0.0003058358257823278,-1.341577390968588e-05,1671.4932793513822,0.4444444444444444,0.0,0.0,5.1806428098739833e-08,0.28482141316120124,1.0,1.877083973152957e-09,0.0022402820304261075
3.85,23.95254498199733,-9.737434448135758e-10,23.95254498199733,-0.19151262324700616,-3.0092663764498314e-08,0.0,1.0480285983857953,1.4496671593501844e-07,133.60564020863353,-10.714027286272799,-4.065302645482719e-11,-1.799525894212699e-09,1.5509620203411896e-09,0.00022537395696643303,-7.366004528845183e-05,1670.2731904005932,0.4444444444444444,0.0,0.0,3.817500392471101e-08,0.28462665156762484,1.0,1.0316601422505206e-09,0.002237498433870759
3.8666666666666667,23.969998570230032,1.1661223814695393e-08,23.969998570230032,-0.19151262371718963,-2.7098531250830592e-08,0.0,1.0467276719183187,4.6748005767603155e-08,133.9977292394311,-10.790048983713751,4.864924701822159e-10,-1.0839460435250359e-09,1.935779670237755e-09,0.00015680234858432,-0.00012109784929851966,1669.0563934503243,0.4444444444444444,0.0,0.0,2.6558774838847744e-08,0.2844324038652916,1.0,3.3268363685462754e-10,0.0022347210087718225
3.8833333333333333,23.987430506360795,2.169816072062208e-08,23.987430506360795,-0.19151262413893638,-2.4247776264376914e-08,0.0,1.0454296245735073,-3.329993604653519e-08,134.39010362361535,-10.86612600799181,9.045637762188966e-10,-4.886406320941473e-10,2.2157411772638254e-09,9.892311042487819e-05,-0.0001574512695117083,1667.8428746609934,0.4444444444444444,0.0,0.0,1.675457420780069e-08,0.2842386679426474,1.0,-2.369800304650694e-10,0.0022319497304826813
3.9,24.004840838255355,2.9476812018697425e-08,24.004840838255355,-0.19151262451483336,-2.1558510441472107e-08,0.0,1.0441344448745122,-9.740988023905595e-08,134.78276300740114,-10.942258290533623,1.2279528207377928e-09,8.99107117376798e-14,2.4066590417464743e-09,5.0598156066239365e-05,-0.00018428579146453447,1666.6326202740931,0.4444444444444444,0.0,0.0,8.569402171423995e-09,0.2840454417002565,1.0,-6.932204420570386e-10,0.00222918457450073
3.9166666666666665,24.02222961358887,3.530736833859028e-08,24.02222961358887,-0.19151262484770404,-1.9042692459681963e-08,0.0,1.0428421214114285,-1.4763752010838583e-07,135.17570703778551,-11.018445762913096,1.469778988317456e-09,3.9500288398702036e-10,2.522701904013411e-09,1.0756108603721048e-05,-0.0002030155109199121,1665.4256166115786,0.4444444444444444,0.0,0.0,1.8215926325707014e-09,0.2838527230507121,1.0,-1.050667003209243e-09,0.0022264255164662853
3.933333333333333,24.03959687984702,3.94712178426648e-08,24.03959687984702,-0.19151262514051626,-1.67071412381567e-08,0.0,1.0415526428407942,-1.8586266690984429e-07,135.56893536254418,-11.094688356851332,1.6419251138006597e-09,7.078900200884928e-10,2.5764866709841567e-09,-2.1603260869471546e-05,-0.00021490980367198166,1664.2218500752651,0.4444444444444444,0.0,0.0,3.6584378737074176e-09,0.28366050991854774,1.0,-1.3226974491801418e-09,0.002223672532161517
3.9499999999999997,24.056942684327126,4.222201830506263e-08,24.056942684327126,-0.19151262539630634,-1.455443335602543e-08,0.0,1.0402659978850883,-2.1379310156225198e-07,135.96244763022864,-11.170986004216532,1.7550866233958269e-09,9.495746342802796e-10,2.5791778471509e-09,-4.740664462642852e-05,-0.00022110105501807397,1663.0213071462283,0.4444444444444444,0.0,0.0,8.0277886142997e-09,0.28346880024014925,1.0,-1.5214652559885544e-09,0.002220925597509377
3.966666666666667,24.07426707413922,4.3787008890986866e-08,24.07426707413922,-0.19151262561811652,-1.2583692866899701e-08,0.0,1.0389821753322404,-2.329704905117829e-07,136.35624349016277,-11.247338637023864,1.8188304032741764e-09,1.1299252073907467e-09,2.5405910028217055e-09,-6.750649143229514e-05,-0.0002225931099402189,1661.823974384212,0.4444444444444444,0.0,0.0,1.1430957956296518e-08,0.2832775919636677,1.0,-1.6579417408427404e-09,0.0022181846885725508
3.9833333333333334,24.091570096207157,4.436849298516716e-08,24.091570096207157,-0.1915126258089449,-1.0791281844127876e-08,0.0,1.0377011640351386,-2.4477785772189813e-07,136.7503225924399,-11.323746187435273,1.8416604981736865e-09,1.257881917739727e-09,2.4692978569959076e-09,-8.268165892739433e-05,-0.0002202701609543882,1660.6298384270399,0.4444444444444444,0.0,0.0,1.3999956831258342e-08,0.2830868830489329,1.0,-1.7419692367891329e-09,0.0022154497815524074
4.0,24.10885179726966,4.41454342225711e-08,24.10885179726966,-0.19151262597170568,-9.171399976216013e-09,0.0,1.0364229529111444,-2.5044818046376164e-07,137.1446845879195,-11.400208587759268,1.831088207509351e-09,1.3414931188898708e-09,2.3727309293234007e-09,-9.363914458754086e-05,-0.00021490583997496045,1659.438885990033,0.4444444444444444,0.0,0.0,1.5854604769335176e-08,0.2828966714673685,1.0,-1.7823222649221525e-09,0.0022127208527879653
4.016666666666667,24.126112223881435,4.327511747938041e-08,24.126112223881435,-0.19151262610919864,-7.716601380282344e-09,0.0,1.035147530941612,-2.5107374429901e-07,137.53932912822432,-11.476725770450658,1.7937045586874196e-09,1.3879591938329297e-09,2.2572861308908347e-09,-0.00010101665270322052,-0.0002071723238937939,1658.2511038654325,0.4444444444444444,0.0,0.0,1.7102967379145305e-08,0.28270695520190625,1.0,-1.7867741094100169e-09,0.002209997878754863
4.033333333333333,24.143351422414185,4.189483506891132e-08,24.143351422414185,-0.19151262622408638,-6.418236543690372e-09,0.0,1.0338748871714136,-2.476159528458809e-07,137.93425586573713,-11.553297668110261,1.7352535004737175e-09,1.4036816060671208e-09,2.1284220226155797e-09,-0.00010538578934320989,-0.00019764930138108257,1657.0664789218292,0.4444444444444444,0.0,0.0,1.784190000947271e-08,0.28251773224690285,1.0,-1.7621666290004666e-09,0.0022072808360643487
4.05,24.16056943905769,4.0123565838742764e-08,24.16056943905769,-0.19151262631887822,-5.266826965896174e-09,0.0,1.0326050107084654,-2.409153411093936e-07,138.3294644535978,-11.629924213484584,1.6607044771833683e-09,1.3943153160353966e-09,1.9907547781554606e-09,-0.00010725570833920308,-0.000186832681165076,1655.8849981035955,0.4444444444444444,0.0,0.0,1.8157667601931913e-08,0.28232900060805605,1.0,-1.7144815171963985e-09,0.002204569701462266
4.066666666666666,24.177766319820847,3.806362136558073e-08,24.177766319820847,-0.19151262639591982,-4.252379676023373e-09,0.0,1.03133789072326,-2.3170158785867505e-07,138.7249545457003,-11.706605339465465,1.5743233209420304e-09,1.3648230401723372e-09,1.8481481505831364e-09,-0.00010707705912026842,-0.00017514295021274704,1654.7066484303239,0.4444444444444444,0.0,0.0,1.8126615459552677e-08,0.28214075830232255,1.0,-1.6489115556504781e-09,0.002201864451828057
4.083333333333333,24.19494211053271,3.580223907610765e-08,24.19494211053271,-0.19151262645738734,-3.364648365214126e-09,0.0,1.0300735164484043,-2.206033632756865e-07,139.1207257966896,-11.783340979089703,1.4797406380452536e-09,1.3195301020835378e-09,1.7037979634820324e-09,-0.00010524611193388577,-0.00016293311426792472,1653.531416996272,0.4444444444444444,0.0,0.0,1.7815869847935848e-08,0.2819530033578362,1.0,-1.5699306952635564e-09,0.002199165064173776
4.1,24.212096856843523,3.3413106965838335e-08,24.212096856843523,-0.19151262650528544,-2.5933474117835257e-09,0.0,1.0288118771781585,-2.0815788339952572e-07,139.5167778619589,-11.860131065538637,1.3800170701198131e-09,1.2621788639517941e-09,1.5603108321527898e-09,-0.0001021089578211243,-0.00015049617353899472,1652.359290969809,0.4444444444444444,0.0,0.0,1.7284051048554573e-08,0.28176573381382664,1.0,-1.4813620506846772e-09,0.0021964715156431035
4.116666666666666,24.22923060422574,3.095780872132833e-08,24.22923060422574,-0.1915126265414487,-1.9283246043026995e-09,0.0,1.0275529622679804,-1.948200732554418e-07,139.91311039764648,-11.936975532137744,1.2777049848181758e-09,1.195981933926367e-09,1.419776973518947e-09,-9.796569988105533e-05,-0.0001380721033713866,1651.1902575928707,0.4444444444444444,0.0,0.0,1.6581984734354187e-08,0.281578947720539,1.0,-1.3864431100036727e-09,0.002193783783510375
4.133333333333333,24.246343397975032,2.8487181547689135e-08,24.246343397975032,-0.19151262656754506,-1.3596978932534913e-09,0.0,1.0262967611340774,-1.8097126647446455e-07,140.30972306063293,-12.013874312356187,1.1749062974200178e-09,1.1236735247561916e-09,1.283837088010543e-09,-9.307456907921925e-05,-0.0001258543238700383,1650.0243041804179,0.4444444444444444,0.0,0.0,1.575340037272387e-08,0.2813926431391546,1.0,-1.2878876458648059e-09,0.0021911018451796233
4.15,24.263435283211304,2.6042581932744773e-08,24.263435283211304,-0.19151262658508147,-8.77961034072341e-10,0.0,1.0250432632529551,-1.6692739114105834e-07,140.70661550853816,-12.090827339806347,1.0733262470366065e-09,1.047558492942412e-09,1.1537433967851843e-09,-8.76559123399684e-05,-0.00011399565400519025,1648.8614181198984,0.4444444444444444,0.0,0.0,1.4835607816437371e-08,0.28120681814171167,1.0,-1.18794397030617e-09,0.002188425678183617
4.166666666666667,24.280506304879697,2.3657057006257942e-08,24.280506304879697,-0.1915126265954112,-4.740625296888132e-10,0.0,1.0237924581609783,-1.529466099886124e-07,141.10378739971853,-12.167834548243372,9.743230519663232e-10,9.69558718765866e-10,1.0304149964016286e-09,-8.189601312036054e-05,-0.00010261375506435353,1647.7015868707174,0.4444444444444444,0.0,0.0,1.3860145354596944e-08,0.2810214708110273,1.0,-1.0884493064484946e-09,0.0021857552601829188
4.183333333333334,24.297556507751576,2.1356421137688476e-08,24.297556507751576,-0.19151262659974194,-1.3946184399334508e-10,0.0,1.022544335453929,-1.3923639830328415e-07,141.50123839326403,-12.244895871564667,8.789534507667552e-10,8.912565981145132e-10,9.144877534668856e-10,-7.595071529363136e-05,-9.179607569931093e-05,1646.5447979637088,0.4444444444444444,0.0,0.0,1.285339429691456e-08,0.28083659924061993,1.0,-9.90880158617963e-10,0.002183090568964947
4.2,24.314585936425516,1.9160239014383216e-08,24.314585936425516,-0.19151262659914461,1.3383355733181962e-10,0.0,1.0212988847865725,-1.2596005537338664e-07,141.89896814899546,-12.322011243809413,7.880142012074897e-10,8.139355093716872e-10,8.063590065150852e-10,-6.994883016309536e-05,-8.160431652754891e-05,1645.3910390006129,0.4444444444444444,0.0,0.0,1.1837156688119206e-08,0.28065220153463233,1.0,-8.963986512782761e-10,0.0021804315824430474
4.216666666666667,24.331594635328287,1.7082717704667584e-08,24.331594635328287,-0.19151262659456297,3.5324717298208894e-10,0.0,1.0200560958722256,-1.1324265538172752e-07,142.29697632746146,-12.399180599158068,7.020796606509428e-10,7.386171948508287e-10,7.062273738453634e-10,-6.399531396164467e-05,-7.207843652436441e-05,1644.2402976535589,0.4444444444444444,0.0,0.0,1.0829194025313713e-08,0.2804682758077554,1.0,-8.058948787410484e-10,0.0021777782786555687
4.233333333333333,24.34858264871581,1.5133511183129024e-08,24.34858264871581,-0.19151262658682286,5.256256385412406e-10,0.0,1.01881595848233,-1.0117645159983203e-07,142.69526258993588,-12.47640387193184,6.21535610571862e-10,6.660960583394158e-10,6.141279863838855e-10,-5.8174209435140565e-05,-6.324022650191102e-05,1643.0925616645525,0.4444444444444444,0.0,0.0,9.843725908143673e-09,0.2802848201851529,1.0,-7.200253642820605e-10,0.002175130635764955
4.25,24.36555002067414,1.3318441520111384e-08,24.36555002067414,-0.19151262657664223,6.572416429709625e-10,0.0,1.0175784624460273,-8.982575389447957e-08,143.09382659841492,-12.553680996592181,5.466095166663877e-10,5.969704300475801e-10,5.29963475733024e-10,-5.255135021505436e-05,-5.509647700800215e-05,1641.9478188449662,0.4444444444444444,0.0,0.0,8.891888416033952e-09,0.2801018328023864,1.0,-6.39247771068211e-10,0.0021724886320568376
4.266666666666667,24.38249679512041,1.1640141451489155e-08,24.38249679512041,-0.19151262656464016,7.53805438089998e-10,0.0,1.0163435976497404,-7.923130415906217e-08,143.4926680156142,-12.631011907740263,4.773974359270154e-10,5.31670889291295e-10,4.535310510923853e-10,-4.7176830799538e-05,-4.7641769161944856e-05,1640.806057075036,0.4444444444444444,0.0,0.0,7.982152702748967e-09,0.27991931180534096,1.0,-5.638520400508509e-10,0.00216985224593914
4.283333333333333,24.399423015803794,1.0098623381560975e-08,24.399423015803794,-0.19151262655134638,8.204830747568901e-10,0.0,1.0151113540367565,-6.941417756883406e-08,143.89178650496638,-12.708396540116455,4.1388779460153537e-10,4.704857650685356e-10,3.845459961361871e-10,-4.2087248213302185e-05,-4.086091742803738e-05,1639.6672643033617,0.4444444444444444,0.0,0.0,7.120704848315815e-09,0.279737255350152,1.0,-4.939881533700906e-10,0.00216722145594119
4.3,24.41632872630644,8.691780061033487e-09,24.41632872630644,-0.19151262653721,8.619197581484168e-10,0.0,1.013881721606815,-6.037923973882555e-08,144.291181730618,-12.7858348285998,3.5598226737784953e-10,4.13583956654809e-10,3.2266190947285194e-10,-3.7307723923929056e-05,-3.473109324183692e-05,1638.5314285464115,0.4444444444444444,0.0,0.0,6.31178843205879e-09,0.27955566160313183,1.0,-4.2969073732660833e-10,0.002164596240712838
4.316666666666666,24.4332139700444,7.415822249707702e-09,24.4332139700444,-0.19151262652260775,8.822669481250988e-10,0.0,1.0126546904156988,-5.2118191121111056e-08,144.69085335742705,-12.863326708207481,3.035139895553506e-10,3.6103523165733895e-10,2.6748800108540547e-10,-3.28537164627308e-05,-2.92236578649258e-05,1637.3985378880316,0.4444444444444444,0.0,0.0,5.55801160631908e-09,0.2793745287406978,1.0,-3.7090072792948527e-10,0.0021619765790235846
4.333333333333333,24.45007879026858,6.265658642555602e-09,24.45007879026858,-0.19151262650785217,8.852120403665696e-10,0.0,1.0114302505748283,-4.461223047739341e-08,145.0908010509601,-12.940872114094294,2.5626333134964815e-10,3.128281686986296e-10,2.186037430887409e-10,-2.8732636528192167e-05,-2.4305731950092894e-05,1636.26858047896,0.4444444444444444,0.0,0.0,4.8606206746977895e-09,0.2791938549493005,1.0,-3.174843255816826e-10,0.002159362449761715
4.35,24.46692323006565,5.235223228355471e-09,24.46692323006565,-0.19151262649319886,8.740096510737966e-10,0.0,1.0102083922508613,-3.78343691464377e-08,145.49102447748973,-13.018470981552127,2.139714576748367e-10,2.688859170008212e-10,1.7557115703495568e-10,-2.4945277225259346e-05,-1.9941528135897138e-05,1635.1415445363439,0.4444444444444444,0.0,0.0,4.219742325927653e-09,0.27901363842535265,1.0,-2.692494646362057e-10,0.002156753831933443
4.366666666666666,24.48374733235896,4.31775507922129e-09,24.48374733235896,-0.19151262647885336,8.51513694008104e-10,0.0,1.0089891056652933,-3.1751427218195745e-08,145.89152330399176,-13.096123246009425,1.7635188848378314e-10,2.2907994644882133e-10,1.379450025185342e-10,-2.1487072590416774e-05,-1.6093471630114662e-05,1634.0174183432612,0.4444444444444444,0.0,0.0,3.6345967576648624e-09,0.2788338773751586,1.0,-2.2596001923133934e-10,0.0021541507046620597
4.383333333333333,24.50055113990945,3.5060353520590306e-09,24.50055113990945,-0.19151262646497755,8.20209584964937e-10,0.0,1.007772381094063,-2.6325741735111037e-08,146.29229719814262,-13.17382884303067,1.4310026464457682e-10,1.9324195995441094e-10,1.0528111353585311e-10,-1.8349197737774844e-05,-1.2723132246882414e-05,1632.8961902482483,0.4444444444444444,0.0,0.0,3.1036839549830264e-09,0.27865457001484506,1.0,-1.8734795975835779e-10,0.002151553047187089
4.4,24.517334695316563,2.7925860318643973e-09,24.517334695316563,-0.19151262645169545,7.822460369828541e-10,0.0,1.0065582088671634,-2.1516615758459264e-08,146.69334582831672,-13.251587708315855,1.1390251291865965e-10,1.6117413576122036e-10,7.714311039718707e-11,-1.5519523894117102e-05,-9.791989783679476e-06,1631.77784866483,0.4444444444444444,0.0,0.0,2.6249453761214653e-09,0.27847571457029124,1.0,-1.5312366518720126e-10,0.0021489608388634597
4.416666666666667,24.53409804101913,2.1698346725348533e-09,24.53409804101913,-0.19151262643909847,7.394660211783783e-10,0.0,1.0053465793682501,-1.7281535642349983e-08,147.0946688635838,-13.32939977769996,8.844159132759052e-11,1.326578612703383e-10,5.3107696347221004e-11,-1.2983441322254161e-05,-7.262053003993772e-06,1630.6623820710524,0.4444444444444444,0.0,0.0,2.195903251772423e-09,0.2782973092770604,1.0,-1.229845858347647e-10,0.0021463740591606676
4.433333333333334,24.55084121929627,1.6302491024521736e-09,24.55084121929627,-0.1915126264272502,6.93436564557887e-10,0.0,1.0041374830342609,-1.3577182216643567e-08,147.49626597370627,-13.407264987152438,6.64029834208224e-11,1.0746111249836654e-10,3.276872972051778e-11,-1.0724562706406313e-05,-5.09635086418243e-06,1629.5497790090246,0.4444444444444444,0.0,0.0,1.8137796313934671e-09,0.2781193523803322,1.0,-9.66224394795728e-11,0.0021437926876619632
4.45,24.567564272268257,1.166445766906641e-09,24.567564272268257,-0.19151262641619074,6.454771389229012e-10,0.0,1.0029309103550326,-1.0360259848106583e-08,147.89813682913672,-13.485183272776695,4.747909699063326e-11,8.53446248033323e-11,1.5740244675361302e-11,-8.725319028721493e-06,-3.259313016430108e-06,1628.4400280844588,0.4444444444444444,0.0,0.0,1.4755972171453017e-09,0.2779418421348347,1.0,-7.372911140127521e-11,0.002141216704063536
4.466666666666667,24.58426724189743,7.712750835313245e-10,24.58426724189743,-0.19151262640594058,5.966864654267489e-10,0.0,1.0017268518729232,-7.588165572614604e-09,148.3002811010153,-13.56315457080957,3.1372709869378925e-11,6.606699136533874e-11,1.658576491378653e-12,-6.967459334827865e-06,-1.7170550557417262e-06,1627.3331179662182,0.4444444444444444,0.0,0.0,1.1782639185685384e-09,0.277764776804778,1.0,-5.400141628077704e-11,0.0021386460881737046
4.483333333333333,24.600950169989027,4.378868951615932e-10,24.600950169989027,-0.1915126263965039,5.479676187579407e-10,0.0,1.0005252981824393,-5.219518707661276e-09,148.702698461167,-13.64117881762084,1.779959278547608e-11,4.938881636855864e-11,-9.816268785450296e-12,-5.432465095878891e-06,-4.375824744111142e-07,1626.2290373858668,0.4444444444444444,0.0,0.0,9.186429436575141e-10,0.2775881546637876,1.0,-3.7144867204129924e-11,0.0021360808199121224
4.5,24.61761309819207,1.5977882077069856e-10,24.61761309819207,-0.19151262638787167,5.000513645388038e-10,0.0,0.9993262399298631,-3.214569594031514e-09,149.10538858209927,-13.719255949712695,6.4904270017320566e-12,3.5076040130196e-11,-1.899987582108529e-11,-4.101889147752625e-06,6.090741450988714e-07,1625.127775137225,0.4444444444444444,0.0,0.0,6.936101184375983e-10,0.27741197399483897,1.0,-2.2876584485360808e-11,0.002133520879308983
4.516666666666667,24.634256068000226,-6.916996768918522e-11,24.634256068000226,-0.19151262638002434,4.5351770447366473e-10,0.0,0.9981296678128861,-1.5355044020531471e-09,149.50835113699947,-13.797385903719245,-2.8078772705069286e-12,2.2902543748149477e-11,-2.6183202314680547e-11,-2.957628443836811e-06,1.4507815195921109e-06,1624.029320075927,0.4444444444444444,0.0,0.0,5.001000007058026e-10,0.27723623309019213,1.0,-1.0927464829640856e-11,0.002130966246504236
4.533333333333333,24.65087912075266,-2.546772743930849e-10,24.65087912075266,-0.191512626372934,4.088156371104781e-10,0.0,0.9969355725802426,-1.4666128967026528e-10,149.9115857997322,-13.875568616406014,-1.0331366810309073e-11,1.2652131342403696e-11,-3.163278509597272e-11,-1.9821391116122428e-06,2.1132737226554454e-06,1622.9336611189829,0.4444444444444444,0.0,0.0,3.351422268650631e-10,0.27706093025132716,1.0,-1.0437196289367085e-12,0.002128416901746805
4.55,24.66748229763487,-4.0204669153805887e-10,24.66748229763487,-0.19151262636656646,3.662811687596649e-10,0.0,0.9957439450313493,9.85328369698191e-10,150.31509224483685,-13.95380402466944,-1.629865126432491e-11,4.1199787631636974e-12,-3.5591285102569616e-11,-1.1586015674496482e-06,2.620161171201471e-06,1621.8407872443456,0.4444444444444444,0.0,0.0,1.9588940586818354e-10,0.27688606378888014,1.0,7.012119985541839e-12,0.0021258728253938197
4.566666666666666,24.684065639679538,-5.16164900150858e-10,24.684065639679538,-0.19151262636088304,3.2615363002547907e-10,0.0,0.9945547760159472,1.8914614522894656e-09,150.71887014752514,-14.03209206553639,-2.091085430112959e-11,-2.886371179111857e-12,-3.8278297479378095e-11,-4.7104272844057827e-07,2.9929708861742406e-06,1620.7506874904793,0.4444444444444444,0.0,0.0,7.963775284038239e-11,0.2767116320225797,1.0,1.3460644247504509e-11,0.0021233339979098483
4.583333333333333,24.70062918776736,-6.015058789451833e-10,24.70062918776736,-0.19151262635584182,2.8859036934903303e-10,0.0,0.9933680564337455,2.600336390795779e-09,151.12291918367862,-14.110432676163649,-2.435184441548844e-11,-8.546395274749765e-12,-3.989136317399405e-11,9.557832779564467e-08,3.2512113663108406e-06,1619.6633509559342,0.4444444444444444,0.0,0.0,1.6158461762032002e-11,0.2765376332811838,1.0,1.8505374792584024e-11,0.00212080039986614
4.6,24.717172982627883,-6.621406369144045e-10,24.717172982627883,-0.19151262635139912,2.536799066600871e-10,0.0,0.9921837772340689,3.1381687590463972e-09,151.52723902984619,-14.188825793837456,-2.6788688066381245e-11,-1.302629445294971e-11,-4.060712756299947e-11,5.553155589693563e-07,3.412456319081066e-06,1618.578766798922,0.4444444444444444,0.0,0.0,9.387768263436045e-11,0.2763640659024177,1.0,2.233287556721069e-11,0.0021182720119398723
4.616666666666666,24.73369706484032,-7.017512655373956e-10,24.73369706484032,-0.19151262634751032,2.214536383341386e-10,0.0,0.9910019294155097,3.528840758718186e-09,151.9318293632415,-14.267271355973001,-2.8372275430467517e-11,-1.6478959832332727e-11,-4.058259987952893e-11,9.212069306319497e-07,3.49244231258253e-06,1617.4969242368986,0.4444444444444444,0.0,0.0,1.5572619962097917e-10,0.27619092823291164,1.0,2.511310500232707e-11,0.002115748814913405
4.633333333333333,24.75020147483437,-7.236482706548083e-10,24.75020147483437,-0.19151262634413077,1.918961897295689e-10,0.0,0.9898225040255808,3.793977321146685e-09,152.33668986174072,-14.345769300113956,-2.9238075956294854e-11,-1.9044150630790035e-11,-3.995647457291645e-11,1.2052666638872982e-06,3.505176149993547e-06,1616.4178125461467,0.4444444444444444,0.0,0.0,2.0373687502818584e-10,0.2760182186281398,1.0,2.699995759429314e-11,0.0021132307896735425
4.65,24.766686252891034,-7.307902927721922e-10,24.766686252891034,-0.1915126263412165,1.6495451414833545e-10,0.0,0.9886454921603721,3.953042529305549e-09,152.74182020388,-14.42431956393198,-2.9506987140311774e-11,-2.0848840551916227e-11,-3.885048227142837e-11,1.4184947931992322e-06,3.4630484284986644e-06,1615.3414210613646,0.4444444444444444,0.0,0.0,2.3977079697584705e-10,0.27584593545235914,1.0,2.8131950094901635e-11,0.0021107179172107984
4.666666666666667,24.783151439143413,-7.258054584374942e-10,24.783151439143413,-0.19151262633872473,1.4054583757380704e-10,0.0,0.9874708849642106,4.0234509633071445e-09,153.14722006885302,-14.502922085226267,-2.928624554547694e-11,-2.200769500105182e-11,-3.7370743796027845e-11,1.5709005638620425e-06,3.3769503321077907e-06,1614.2677391752568,0.4444444444444444,0.0,0.0,2.655212713530882e-10,0.2756740770785492,1.0,2.863301390509571e-11,0.0021082101786186716
4.683333333333334,24.799597073577516,-7.110137251988518e-10,24.799597073577516,-0.19151262633661437,1.1856454738591274e-10,0.0,0.9862986736293226,4.0206893814343145e-09,153.5528891365086,-14.581576801923047,-2.8670374082665815e-11,-2.2623646698572458e-11,-3.5609105744750605e-11,1.6715366519818042e-06,3.256391227432355e-06,1613.19675633813,0.4444444444444444,0.0,0.0,2.82519641756223e-10,0.2755026418883521,1.0,2.861336102181568e-11,0.002105707555092923
4.7,24.816023196033047,-6.88449689319562e-10,24.816023196033047,-0.19151262633484617,9.888812078048166e-11,0.0,0.9851288493954996,3.958444872454333e-09,153.95882708734834,-14.66028365207514,-2.7742144012406216e-11,-2.278854197077234e-11,-3.364444059135665e-11,1.7285416026019636e-06,3.1096150883127224e-06,1612.1284620574904,0.4444444444444444,0.0,0.0,2.9214249672569153e-10,0.2753316282720135,1.0,2.8170396037926645e-11,0.0021032100279308645
4.716666666666667,24.832429846204203,-6.598854197988412e-10,24.832429846204203,-0.19151262633338312,8.138218512363218e-11,0.0,0.9839614035497664,3.848736258930179e-09,154.36503360252414,-14.739042573861479,-2.6573534039388777e-11,-2.2583834232941273e-11,-3.1543898075146324e-11,1.7491882552634592e-06,2.9437141742689192e-06,1611.0628458976464,0.4444444444444444,0.0,0.0,2.9561988689702103e-10,0.27516103462832336,1.0,2.7389651277969677e-11,0.002100717578530647
4.733333333333333,24.848817063640457,-6.268529652280093e-10,24.848817063640457,-0.1915126263321905,6.590479820830238e-11,0.0,0.9827963274260513,3.702046100831501e-09,154.77150836383598,-14.817853505586642,-2.5226672304865552e-11,-2.2081304961478978e-11,-2.936409795611693e-11,1.7399362625401869e-06,2.764738734054372e-06,1609.9998974793125,0.4444444444444444,0.0,0.0,2.940442316328349e-10,0.27499085936455786,1.0,2.6345726205964395e-11,0.0020982301883905614
4.75,24.865184887747326,-5.906662525125653e-10,24.865184887747326,-0.19151262633123603,5.231003156558606e-11,0.0,0.9816336124048617,3.5274511494797197e-09,155.1782510537294,-14.896716385680405,-2.3754750072404428e-11,-2.134379581056907e-11,-2.715225702361948e-11,1.7064871079151876e-06,2.5778018039717433e-06,1608.939606479219,0.4444444444444444,0.0,0.0,2.88379645646217e-10,0.27482110089642137,1.0,2.5103215804966267e-11,0.0020957478391083408
4.766666666666667,24.88153335778716,-5.524421594089383e-10,24.88153335778716,-0.19151262633048993,4.0450934801656865e-11,0.0,0.9804732499129587,3.332749539270529e-09,155.58526135529326,-14.975631152697275,-2.2202898489615828e-11,-2.0425938493634508e-11,-2.4947245627308242e-11,1.6538402969170836e-06,2.387178425712725e-06,1607.8819626297227,0.4444444444444444,0.0,0.0,2.7947146142721423e-10,0.274651757647989,1.0,2.3717615740915303e-11,0.0020932705123804687
4.783333333333333,24.897862512879886,-5.131205970337043e-10,24.897862512879886,-0.1915126263299247,3.0181953534821156e-11,0.0,0.9793152314230394,3.1245833841537397e-09,155.99253895225738,-15.054597745316036,-2.0609022030235023e-11,-1.937487165054722e-11,-2.278057099346773e-11,1.5863496319816287e-06,2.1963988247342956e-06,1606.8269557184237,0.4444444444444444,0.0,0.0,2.6805576332858537e-10,0.27448282805165014,1.0,2.223619482429748e-11,0.0020907981900015007
4.8,24.9141723920038,-4.734834848424934e-10,24.9141723920038,-0.19151262632951532,2.1360868023121228e-11,0.0,0.9781595484534154,2.9085557728142646e-09,156.40008352899017,-15.133616102339298,-1.9004584113516763e-11,-1.82309361882779e-11,-2.0677286241651433e-11,1.5077786893501527e-06,2.0083352717541194e-06,1605.7745755877816,0.4444444444444444,0.0,0.0,2.54768784346771e-10,0.2743143105480513,1.0,2.069882760998862e-11,0.0020883308538633765
4.816666666666666,24.930463033996297,-4.3417253984525664e-10,24.930463033996297,-0.19151262632923916,1.3850314104013126e-11,0.0,0.9770061925677006,2.6893414359820843e-09,156.80789477049638,-15.21268616269305,-1.741534199558185e-11,-1.702834254468547e-11,-1.8656825366677148e-11,1.421354797778117e-06,1.8252825007397464e-06,1604.7248121347388,0.4444444444444444,0.0,0.0,2.4015604734239903e-10,0.27414620358604075,1.0,1.9138781964607406e-11,0.0020858684859547554
4.833333333333333,24.946734477554642,-3.957058347787409e-10,24.946734477554642,-0.1915126263290757,7.518942696657115e-12,0.0,0.975855155374497,2.470790596149761e-09,157.21597236241476,-15.29180786542621,-1.5862029362390892e-11,-1.5795805010870257e-11,-1.6733765536887976e-11,1.329820976180706e-06,1.6490316804039798e-06,1603.6776553103443,0.4444444444444444,0.0,0.0,2.2468115906823071e-10,0.2739785056226127,1.0,1.7583458116259674e-11,0.0020834110683603433
4.85,24.962986761236706,-3.5849310730268657e-10,24.962986761236706,-0.19151262632900662,2.242268909260598e-12,0.0,0.9747064285270847,2.2560257087644885e-09,157.62431599101586,-15.370981149710186,-1.4360986156486918e-11,-1.4557139684167284e-11,-1.491851891552681e-11,1.2354854228018979e-06,1.4809380360449766e-06,1602.6330951193813,0.4444444444444444,0.0,0.0,2.0873418828703514e-10,0.27381121512285234,1.0,1.6055077116240172e-11,0.0020809585832602335
4.866666666666666,24.979219923461716,-3.228498246805004e-10,24.979219923461716,-0.1915126263290156,-2.096743201573476e-12,0.0,0.9735600037231156,2.047530968965523e-09,158.03292534319965,-15.450205954838426,-1.292473606740873e-11,-1.3331823837260617e-11,-1.3217956869313695e-11,1.1402682641852793e-06,1.3219822976484455e-06,1601.5911216199997,0.4444444444444444,0.0,0.0,1.9263957882830534e-10,0.27364433055988113,1.0,1.457131781651303e-11,0.0020785110129292496
4.883333333333333,24.995434002510983,-2.8901002645473346e-10,24.995434002510983,-0.19151262632908816,-5.60731891873909e-12,0.0,0.9724158727043078,1.8472345931309293e-09,158.44180010649325,-15.529482220225983,-1.1562512834372078e-11,-1.2135515503353502e-11,-1.1635969915111586e-11,1.0457453701719626e-06,1.1728262112922862e-06,1600.5517249233483,0.4444444444444444,0.0,0.0,1.766635649941754e-10,0.27347785041480294,1.0,1.314590242889808e-11,0.0020760683397362967
4.9,25.011629036528632,-2.571379818894402e-10,25.011629036528632,-0.1915126263292115,-8.390697370305197e-12,0.0,0.9712740272561436,1.6565839935470628e-09,158.85093996904885,-15.608809885409087,-1.0280737072899128e-11,-1.0980532915518308e-11,-1.0173967097330426e-11,9.531891232609142e-07,1.03386239658964e-06,1599.5148951932133,0.4444444444444444,0.0,0.0,1.6102107060489256e-10,0.27331177317664995,1.0,1.1789131507944034e-11,0.002073630546143712
4.916666666666667,25.027805063522333,-2.2733870993325945e-10,25.027805063522333,-0.19151262632937452,-1.0540109603606815e-11,0.0,0.9701344592075708,1.4766140507823288e-09,159.26034461964124,-15.688188890044696,-9.083445765869511e-12,-9.87629412130693e-12,-8.831318708183638e-12,8.636060987245377e-07,9.052588654518379e-07,1598.4806226456587,0.4444444444444444,0.0,0.0,1.4588208447535077e-10,0.27314609734232986,1.0,1.0508369813399547e-11,0.0020711976147066336
4.933333333333334,25.043962121364025,-1.9966741761937552e-10,25.043962121364025,-0.19151262632956756,-1.2140881458660133e-11,0.0,0.9689971604307033,1.308008754898001e-09,159.6700137476658,-15.76761917391007,-7.972676873243115e-12,-8.829717640796543e-12,-7.605746380292812e-12,7.777716675351131e-07,7.869985388873093e-07,1597.4488975486684,0.4444444444444444,0.0,0.0,1.3137751451750763e-10,0.2729808214165726,1.0,9.308484981806982e-12,0.002068769528072353
4.95,25.060100247790633,-1.7413791857659158e-10,25.060100247790633,-0.19151262632978225,-1.3270636050067554e-11,0.0,0.9678621228405285,1.1511565362398093e-09,160.0799470431361,-15.847100676902352,-6.948811730788829e-12,-7.845585465207368e-12,-6.493664614315178e-12,6.962615789550466e-07,6.789141106920279e-07,1596.419710221793,0.4444444444444444,0.0,0.0,1.176045302281817e-10,0.2728159439118783,1.0,8.192241289801467e-12,0.0020663462689796985
4.966666666666667,25.07621948040477,-1.5073009705182083e-10,25.07621948040477,-0.1915126263300115,-1.3999573945719358e-11,0.0,0.9667293383946135,1.0061996417258474e-09,160.49014419668185,-15.926633339038123,-6.010878042027243e-12,-6.9268700201882645e-12,-5.490477768960822e-12,6.194806149779052e-07,5.807186113391481e-07,1595.393051035798,0.4444444444444444,0.0,0.0,1.0463140928534336e-10,0.272651463348465,1.0,7.160651041999329e-12,0.002063927820258402
4.983333333333333,25.092319856675445,-1.29396484870203e-10,25.092319856675445,-0.19151262633024932,-1.4390812117633371e-11,0.0,0.9655987990928173,8.730779355198614e-10,160.9006048995467,-16.006217100452986,-5.156816333017489e-12,-6.075026957413322e-12,-4.590836450704962e-12,5.476884359554282e-07,4.920320235550614e-07,1594.3689104123187,0.4444444444444444,0.0,0.0,9.250190855499633e-11,0.2724873782542177,1.0,6.213286279851715e-12,0.0020615141648284885
5.0,25.108401413938783,-1.100680193788883e-10,25.108401413938783,-0.19151262633049063,-1.450076544539395e-11,0.0,0.9644704969770014,7.515675157498203e-10,161.3113288435858,-16.085851901401153,-4.3837127487449155e-12,-5.290255803390663e-12,-3.788857107603972e-12,4.810227568654825e-07,4.124042942139415e-07,1593.3472788235115,0.4444444444444444,0.0,0.0,8.123918320113594e-11,0.2723236871646365,1.0,5.3485535987232224e-12,0.002059105285699656
5.016666666666667,25.12446418939869,-9.265904989343636e-11,25.12446418939869,-0.19151262633073132,-1.437955698845081e-11,0.0,0.963344424130745,6.41314543267261e-10,161.72231572126407,-16.165537682255007,-3.688001033372644e-12,-4.571730597088911e-12,-3.0783084661670184e-12,4.195200078096596e-07,3.4133507636875785e-07,1592.3281467917136,0.4444444444444444,0.0,0.0,7.084927996958734e-11,0.2721603886227863,1.0,4.563934891309822e-12,0.002056701165970668
5.033333333333333,25.140508220127582,-7.707165871868022e-11,25.140508220127582,-0.19151262633096797,-1.4071445424347939e-11,0.0,0.9622205726790636,5.418646758992083e-10,162.13356522565368,-16.245274383504697,-3.065636463823606e-12,-3.917802698572455e-12,-2.452768261008012e-12,3.6313364141045557e-07,2.7829052139235283e-07,1591.3115048891034,0.4444444444444444,0.0,0.0,6.132423224084082e-11,0.2719974811792466,1.0,3.856196817408011e-12,0.0020543017888287524
5.05,25.156533543067045,-6.319936064625165e-11,25.156533543067045,-0.19151262633119792,-1.3615259991278987e-11,0.0,0.9610989347881275,4.5268849358285534e-10,162.5450770504321,-16.325061945757717,-2.5122444051385978e-12,-3.3261779585289938e-12,-1.9057535014632486e-12,3.117502546380319e-07,2.227174251232123e-07,1590.2973437373641,0.4444444444444444,0.0,0.0,5.264478525803315e-11,0.27183496339206165,1.0,3.221571742676472e-12,0.002051907137549002
5.066666666666666,25.172540195028528,-5.093024210936964e-11,25.172540195028528,-0.19151262633141902,-1.3044834991418992e-11,0.0,0.959979502664984,3.732032873772192e-10,162.95685088987983,-16.404900309738494,-2.0232460337645287e-12,-2.7940704114789795e-12,-1.4308273037774795e-12,2.652036939714484e-07,1.740550142732791e-07,1589.285654007349,0.4444444444444444,0.0,0.0,4.4782780158546013e-11,0.2716728338266904,1.0,2.655912800815114e-12,0.0020495171954937794
5.083333333333333,25.18852821269402,-4.014959804829375e-11,25.18852821269402,-0.1915126263316297,-1.2389437422788833e-11,0.0,0.9588622685572818,3.0279156963743336e-10,163.36888643887846,-16.484789416287974,-1.5939636373061266e-12,-2.31833460065594e-12,-1.0216850970492049e-12,2.232873113367015e-07,1.3174464072910683e-07,1588.2764264187508,0.4444444444444444,0.0,0.0,3.77032251809058e-11,0.2715110910559581,1.0,2.1548256217960875e-12,0.0020471319461121303
5.1,25.204497632616725,-3.0742121131533917e-11,25.204497632616725,-0.1915126263318288,-1.1674182628491528e-11,0.0,0.9577472247529984,2.408166444918798e-10,163.7811833929084,-16.564729206363214,-1.2197077513558946e-12,-1.895578566181445e-12,-6.722227901677816e-13,1.857645345304376e-07,9.523763223760222e-08,1587.2696517397749,0.4444444444444444,0.0,0.0,3.136608177862253e-11,0.27134973366000764,1.0,1.7137791396485093e-12,0.0020447513729391995
5.116666666666666,25.220448491221738,-2.259369439343596e-11,25.220448491221738,-0.19151262633201555,-1.0920433999282632e-11,0.0,0.9566343635801665,1.8663555792426662e-10,164.19374144804675,-16.644719621036984,-8.958482400223751e-13,-1.5222594355194015e-12,-3.765892689367968e-13,1.523779103261673e-07,6.400152870455638e-08,1586.2653207868107,0.4444444444444444,0.0,0.0,2.5727792432570673e-11,0.2711887602262507,1.0,1.3281977521203043e-12,0.0020423754595956492
5.133333333333333,25.236380824806687,-1.559283467568482e-11,25.236380824806687,-0.1915126263321895,-1.0146183754404775e-11,0.0,0.9555236774066077,1.396097258589155e-10,164.6065603009654,-16.724760601497348,-6.178712702083446e-13,-1.1947634508042153e-12,-1.2922538021476007e-13,1.228567715939896e-07,3.7524914265624e-08,1585.2634244241108,0.4444444444444444,0.0,0.0,2.0742575785328667e-11,0.2710281693493202,1.0,9.935369557776733e-13,0.002040004189787089
5.15,25.25229466954243,-9.631830570760647e-12,25.25229466954243,-0.19151262633235047,-9.366412671616778e-12,0.0,0.9544151586396634,9.911351720043441e-11,165.01963964892892,-16.80485208904727,-3.8142397341727106e-13,-9.094721553294527e-13,7.510864464643572e-14,9.692367190911652e-08,1.532103666866827e-08,1584.26395356347,0.4444444444444444,0.0,0.0,1.6363513386072703e-11,0.2708679596310229,1.0,7.053444274738482e-13,0.002037637547303502
5.166666666666667,25.268190061473668,-4.6076149180892085e-12,25.268190061473668,-0.19151262633249852,-8.593427354838254e-12,0.0,0.9533087997259325,6.454104721895632e-11,165.43297918979218,-16.884994025104202,-1.8234843520171336e-13,-6.628163444762799e-13,2.4131556991452706e-13,7.429972258790343e-08,-3.0696124688801556e-09,1583.2668991639082,0.4444444444444444,0.0,0.0,1.2543450885395989e-11,0.2707081296802922,1.0,4.593083696864087e-13,0.0020352755160186835
5.183333333333334,25.28406703651963,-4.2240834536576027e-13,25.28406703651963,-0.19151262633263386,-7.837174230455794e-12,0.0,0.952204593151007,3.5311415348521877e-11,165.8465786219987,-16.96518635119971,-1.670650314111432e-14,-4.513192673264414e-13,3.739517665437207e-13,5.4708958132724786e-08,-1.807760014405469e-08,1582.2722522313543,0.4444444444444444,0.0,0.0,9.235734999742615e-12,0.27054867811314115,1.0,2.51294785472362e-13,0.002032918079889678
5.2,25.29992563047471,3.015833085151696e-12,25.29992563047471,-0.19151262633275684,-7.10552996387593e-12,0.0,0.9511025314392123,1.0872600657560932e-11,166.26043764457842,-17.045429008979035,1.192032391399211e-13,-2.7163044633361406e-13,4.772246548011864e-13,3.788184690543971e-08,-3.0103597086214286e-08,1581.2800038183336,0.4444444444444444,0.0,0.0,6.394806011582684e-12,0.2703896035526165,1.0,7.737520070496993e-14,0.0020305652229562245
5.216666666666667,25.31576587900911,5.793136344997352e-12,25.31576587900911,-0.1915126263328679,-6.404568398247403e-12,0.0,0.9500026071533489,-9.295791825949525e-12,166.67455595714554,-17.125721940200755,2.2883512087622856e-13,-1.2055136548807415e-13,5.549957404605536e-13,2.355805466148785e-08,-3.9518040699092154e-08,1580.2901450236589,0.4444444444444444,0.0,0.0,3.976664014086804e-12,0.2702309046287524,1.0,-6.615379161785722e-14,0.002028216929340205
5.233333333333333,25.331587817669465,7.989369348151658e-12,25.331587817669465,-0.19151262633296767,-5.738804448390696e-12,0.0,0.9489048128944372,-2.5680759931799354e-11,167.08893325989686,-17.206065086736345,3.153915737796293e-13,4.9458361969363536e-15,6.10788155982769e-13,1.1488559507187397e-08,-4.6661305292223215e-08,1579.3026669921217,0.4444444444444444,0.0,0.0,1.939225572243996e-12,0.27007257997852474,1.0,-1.8275792669689424e-13,0.002025873183245097
5.25,25.3473914818795,9.678214544623295e-12,25.3473914818795,-0.1915126263330567,-5.111415644947344e-12,0.0,0.9478091413014624,-3.873495246829687e-11,167.50356925360933,-17.286458390569805,3.8182290085124205e-13,1.077056382412361e-13,6.477977555600399e-13,1.437208006454406e-09,-5.1844282297924035e-08,1578.3175609141883,0.4444444444444444,0.0,0.0,2.425859754840158e-13,0.26991462824580625,1.0,-2.756584938533272e-13,0.0020235339689554364
5.266666666666667,25.36317690694065,1.0927237167245439e-11,25.36317690694065,-0.19151262633313573,-4.524442225797251e-12,0.0,0.9467155850511222,-4.887639787436352e-11,167.91846363963833,-17.366901793797272,4.3083077515637216e-13,1.9038145563072468e-13,6.68906938602288e-13,-6.818206350745898e-09,-5.5349285356209584e-08,1577.3348180256964,0.4444444444444444,0.0,0.0,1.1507991850306466e-12,0.26975704808132117,1.0,-3.478304054729465e-13,0.002021199270836268
5.283333333333333,25.378944128032682,1.179802962454751e-11,25.378944128032682,-0.19151262633320537,-3.978966822239463e-12,0.0,0.9456241368575792,-5.648879055212905e-11,168.33361611991566,-17.447395238626626,4.648747231180443e-13,2.5543217363621646e-13,6.767004905418095e-13,-1.3485269230044035e-08,-5.7431206306583356e-08,1576.3544296075563,0.4444444444444444,0.0,0.0,2.2760007568499037e-12,0.269599838142601,1.0,-4.020042347009653e-13,0.0020188690733326264
5.3,25.39469318021432,1.2346415857991953e-11,25.39469318021432,-0.1915126263332664,-3.475274893826931e-12,0.0,0.9445347894722088,-6.192222678262764e-11,168.74902639694736,-17.527938667377118,4.86180942229748e-13,3.0512216702789146e-13,6.734828331714474e-13,-1.8756610682071972e-08,-5.83188582803636e-08,1575.3763869854502,0.4444444444444444,0.0,0.0,3.165560027913339e-12,0.26944299709394004,1.0,-4.406714526089571e-13,0.002016543360968993
5.316666666666666,25.41042409842386,1.2622701611077966e-11,25.41042409842386,-0.19151262633331945,-3.012997134851562e-12,0.0,0.9434475356833582,-6.549429571264541e-11,169.16469417381197,-17.608532022478975,4.967528901597876e-13,3.415241558112573e-13,6.612961696444061e-13,-2.2809851332220744e-08,-5.821645127778335e-08,1574.4006815295409,0.4444444444444444,0.0,0.0,3.849480154089268e-12,0.26928652360635175,1.0,-4.660921922366843e-13,0.0020142221183487813
5.333333333333333,25.426136917479802,1.2671958496120367e-11,25.426136917479802,-0.19151262633336522,-2.5912351133282725e-12,0.0,0.9423623683160984,-6.749144333571568e-11,169.58061915415843,-17.689175246473024,4.983831612819141e-13,3.6652432876681583e-13,6.419390923357841e-13,-2.5807778068111326e-08,-5.7305153885578077e-08,1573.4273046541757,0.4444444444444444,0.0,0.0,4.355256315173551e-12,0.2691304163575252,1.0,-4.803049554052694e-13,0.002011905330153811
5.35,25.441831672081427,1.2534331499067563e-11,25.441831672081427,-0.19151262633340438,-2.208671415281686e-12,0.0,0.9412792802319848,-6.817053870625423e-11,169.9968010422041,-17.769868282010318,4.926662380532177e-13,3.8182923880895093e-13,6.169852956191766e-13,-2.7898703988596222e-08,-5.574470219348109e-08,1572.456247817598,0.4444444444444444,0.0,0.0,4.7079369554073504e-12,0.26897467403178205,1.0,-4.851377587287959e-13,0.002009592981143793
5.366666666666666,25.457508396809423,1.2245361142070891e-11,25.457508396809423,-0.19151262633343755,-1.86366555792252e-12,0.0,0.9401982643288163,-6.776058186527184e-11,170.413239542733,-17.850611071851752,4.810117687560341e-13,3.889740406164262e-13,5.878021008885211e-13,-2.9216973107180238e-08,-5.367502355580716e-08,1571.4875025216584,0.4444444444444444,0.0,0.0,4.9302094337200386e-12,0.2688192953200334,1.0,-4.82220288120756e-13,0.002007285056155816
5.383333333333333,25.47316712612649,1.1836312937196624e-11,25.47316712612649,-0.19151262633346533,-1.5543369090567412e-12,0.0,0.9391193135403967,-6.646450216954528e-11,170.8299343610937,-17.931403558867686,4.646580803474861e-13,3.8933170132451987e-13,5.55568558504397e-13,-2.988357554269347e-08,-5.121784867295699e-08,1570.5210603115272,0.4444444444444444,0.0,0.0,5.042504295165327e-12,0.26866427891973765,1.0,-4.729966966595228e-13,0.002004981540103839
5.4,25.488807894377928,1.1334508022882624e-11,25.488807894377928,-0.19151262633348834,-1.27863581041099e-12,0.0,0.938042420836299,-6.446100395993392e-11,171.24688520319737,-18.01224568603758,4.4468568596268794e-13,3.8412286955856736e-13,5.212929414093553e-13,-3.0006843694926534e-08,-4.847829059383409e-08,1569.5569127754136,0.4444444444444444,0.0,0.0,5.0631131808024624e-12,0.2685096235348582,1.0,-4.587387393443221e-13,0.0020026824179781868
5.416666666666667,25.50443073579223,1.0763649988070161e-11,25.50443073579223,-0.19151262633350705,-1.0344040526088249e-12,0.0,0.936967579221632,-6.190642383890412e-11,171.664091775516,-18.093137396449624,4.2203059145189017e-13,3.74426137021892e-13,4.858294885692596e-13,-2.9683204211284948e-08,-4.554637372022129e-08,1568.5950515442828,0.4444444444444444,0.0,0.0,5.008316121740851e-12,0.26835532787582167,1.0,-4.405589904684952e-13,0.00200038767484505
5.433333333333334,25.520035684481677,1.0144143868126779e-11,25.520035684481677,-0.19151262633352203,-8.194257919805564e-13,0.0,0.9358947817368052,-5.893657031468417e-11,172.08155378508044,-18.174078633300354,3.9749724465688227e-13,3.611884705471267e-13,4.498942937674755e-13,-2.8997964424212557e-08,-4.249849978347179e-08,1567.6354682915758,0.4444444444444444,0.0,0.0,4.892514617938893e-12,0.2682013906594765,1.0,-4.194239355043381e-13,0.001998097295845987
5.45,25.53562277444293,9.493404152421828e-12,25.53562277444293,-0.1915126263335337,-6.314699365250729e-13,0.0,0.9348240214573019,-5.5668522273073866e-11,172.49927093947852,-18.255069339894302,3.71771005402038e-13,3.4523563131590526e-13,4.1408026719085627e-13,-2.802611540242122e-08,-3.939884111611523e-08,1566.6781547329354,0.4444444444444444,0.0,0.0,4.728367487746898e-12,0.2680478106090517,1.0,-3.961667699836643e-13,0.0019958112661974353
5.466666666666667,25.551192039557595,8.826149386237237e-12,25.551192039557595,-0.19151262633354246,-4.683249621003062e-13,0.0,0.933755291493447,-5.2202367720752596e-11,172.9172429468531,-18.33610945964362,3.4543004383407455e-13,3.2728243219437307e-13,3.788711242561089e-13,-2.6833136837647048e-08,-3.6300654407683685e-08,1565.7231026259285,0.4444444444444444,0.0,0.0,4.526926994491087e-12,0.267894586454116,1.0,-3.714997733186302e-13,0.00199352957119022
5.483333333333333,25.56674351359281,8.154681589797803e-12,25.56674351359281,-0.19151262633354876,-3.2782705191863184e-13,0.0,0.9326885849901824,-4.862286856778704e-11,173.33546951590023,-18.417198936067717,3.189566002202152e-13,3.0794271416978367e-13,3.4465437875542785e-13,-2.5475791709399462e-08,-3.324751056422997e-08,1564.7703037697759,0.4444444444444444,0.0,0.0,4.2977732161357835e-12,0.2677417169305375,1.0,-3.460261562782236e-13,0.0019912521961890695
5.5,25.582277230201832,7.489149264390787e-12,25.582277230201832,-0.19151262633355293,-2.0788238400283285e-13,0.0,0.931623895126841,-4.500104094186484e-11,173.75395035586735,-18.498337712792903,2.9274756101654916e-13,2.8773894905218606e-13,3.1173333614043045e-13,-2.4002901059945823e-08,-3.027443833086117e-08,1563.8197500050808,0.4444444444444444,0.0,0.0,4.049145027807645e-12,0.26758920078044324,1.0,-3.2025130734365406e-13,0.001988979126632138
5.516666666666667,25.597793222924587,6.837793219145192e-12,25.597793222924587,-0.1915126263335553,-1.0648432350858205e-13,0.0,0.9305612151169227,-4.1395643710103193e-11,174.1726851765513,-18.57952573355202,2.6712432433517267e-13,2.671113982625563e-13,2.803380980678986e-13,-2.2456091297388654e-08,-2.7408981029428768e-08,1562.8714332135605,0.4444444444444444,0.0,0.0,3.7880664192636406e-12,0.26743703675217956,1.0,-2.9459338582009447e-13,0.0019867103480305233
5.533333333333333,25.61329152518824,6.20717484086702e-12,25.61329152518824,-0.19151262633355617,-2.1726210615559934e-14,0.0,0.9295005382078746,-3.785457058079521e-11,174.59167368829665,-18.660762942184096,2.423419432353258e-13,2.4642677699093356e-13,2.5063560161915416e-13,-2.0870508252414218e-08,-2.467216714955324e-08,1561.925345317781,0.4444444444444444,0.0,0.0,3.5204671746850254e-12,0.26728522360027235,1.0,-2.693932287720524e-13,0.0019844458459677998
5.55,25.628772170307784,5.6023867516349985e-12,25.628772170307784,-0.19151262633355579,4.818962928212025e-14,0.0,0.92844185768087,-3.4416143418768126e-11,175.01091560199367,-18.742049282633975,2.185975478811913e-13,2.2598638958733463e-13,2.227387262620488e-13,-1.927549376956718e-08,-2.2079396647613707e-08,1560.9814782808928,0.4444444444444444,0.0,0.0,3.2512972047937367e-12,0.2671337600853879,1.0,-2.4492355494233697e-13,0.0019821856060995456
5.566666666666666,25.644235191486565,5.027246062338227e-12,25.644235191486565,-0.19151262633355434,1.0494608757079528e-13,0.0,0.927385166850589,-3.1110306282449834e-11,175.4304106290766,-18.823384698951962,1.9603805786367082e-13,2.0603371604043675e-13,1.9671450900181775e-13,-1.7695221941129607e-08,-1.964124568937036e-08,1560.0398241063685,0.4444444444444444,0.0,0.0,2.984634045346584e-12,0.26698264497429397,1.0,-2.2139746215397617e-13,0.0019799296141528745
5.583333333333333,25.659680621816868,4.484470642092332e-12,25.659680621816868,-0.1915126263335521,1.5010817915711131e-13,0.0,0.9263304590650053,-2.795972122320937e-11,175.85015848152185,-18.90476913529349,1.7476720416697077e-13,1.8676144108280206e-13,1.725915135831477e-13,-1.614929321403355e-08,-1.736419324871191e-08,1559.1003748377436,0.4444444444444444,0.0,0.0,2.7237832254909816e-12,0.2668318770398208,1.0,-1.9897622560030168e-13,0.001977677855925981
5.6,25.675108494280444,3.975838990040678e-12,25.675108494280444,-0.1915126263335492,1.8512220118215992e-13,0.0,0.9252777277051687,-2.4980768119580543e-11,176.2701588718461,-18.986202535918743,1.5485188664057105e-13,1.6831792709699565e-13,1.503664033483683e-13,-1.4653285539561756e-08,-1.525127347597105e-08,1558.163122558358,0.4444444444444444,0.0,0.0,2.47137136796196e-12,0.2666814550608233,1.0,-1.777764131962948e-13,0.0019754303172876755
5.616666666666666,25.690518841749075,3.502334423407266e-12,25.690518841749075,-0.19151262633354582,2.113167420385234e-13,0.0,0.9242269661849938,-2.2184451788737896e-11,176.69041151310458,-19.06768484519233,1.363278976567691e-13,1.5081313982586127e-13,1.3000976968383972e-13,-1.321926251233317e-08,-1.3302658099921653e-08,1557.228059391102,0.4444444444444444,0.0,0.0,2.2294320141233295e-12,0.2665313778221426,1.0,-1.578763410656154e-13,0.0019731869841769336
5.633333333333333,25.70591169698511,3.064274389249541e-12,25.70591169698511,-0.19151262633354207,2.299051864667555e-13,0.0,0.9231781679510482,-1.957722035991042e-11,177.11091611888924,-19.14921600758291,1.1920504611431195e-13,1.343240421352326e-13,1.1147126912878606e-13,-1.1856239078229017e-08,-1.1516173350953427e-08,1556.2951774981602,0.4444444444444444,0.0,0.0,1.9994842736210886e-12,0.26638164411456844,1.0,-1.39321897520451e-13,0.0019709478426024442
5.65,25.72128709264202,2.661425772072918e-12,25.72128709264202,-0.1915126263335381,2.4198940629223056e-13,0.0,0.9221313264823421,-1.7161699440926468e-11,177.53167240332698,-19.230795967662875,1.0347171828871118e-13,1.1889947594273448e-13,9.468412238255838e-14,-1.0570605898037467e-08,-9.88775600955087e-09,1555.364469080761,0.4444444444444444,0.0,0.0,1.7826044838926888e-12,0.26623225273480156,1.0,-1.2213176778056552e-13,0.0019687128786421587
5.666666666666667,25.736645061264927,2.293107109728894e-12,25.736645061264927,-0.191512626333534,2.4856436652836913e-13,0.0,0.9210864352901217,-1.4937346988359804e-11,177.95268008107792,-19.312424670107987,8.909891340810956e-14,1.0456455609828218e-13,7.956902780810916e-14,-9.366513850788904e-09,-8.411853212330949e-09,1554.4359263789268,0.4444444444444444,0.0,0.0,1.5794911316861031e-12,0.26608320248541667,1.0,-1.0630209437705918e-13,0.0019664820784428515
5.683333333333334,25.75198563529114,1.9582786497730282e-12,25.75198563529114,-0.1915126263335298,2.5052341320706825e-13,0.0,0.920043487917662,-1.290103402945873e-11,178.37393886733344,-19.394102059697037,7.604379240913199e-14,9.132460264923752e-14,6.603754074969447e-14,-8.246220462722441e-09,-7.0817706036358805e-09,1553.509541671226,0.4444444444444444,0.0,0.0,1.3905233395741822e-12,0.2659344921748255,1.0,-9.181060987803709e-14,0.001964255428219678
5.7,25.767308847050685,1.6556211812178765e-12,25.767308847050685,-0.19151262633352564,2.486640425259186e-13,0.0,0.919002477940061,-1.1047556503118492e-11,178.7954484778147,-19.475828081311516,6.42527782410377e-14,7.91686396981501e-14,5.3994968199561394e-14,-7.210400267911762e-09,-5.889973318187345e-09,1552.585307274527,0.4444444444444444,0.0,0.0,1.2158132574586324e-12,0.2657861206172402,1.0,-7.862027942080689e-14,0.001962032914255733
5.716666666666667,25.782614728766845,1.3836045654828455e-12,25.782614728766845,-0.19151262633352154,2.4369398087533067e-13,0.0,0.9179633989640391,-9.370083507971729e-12,179.21720862877066,-19.557602679935254,5.3664245463013276e-14,6.807249010009471e-14,4.334282618119346e-14,-6.258421256830795e-09,-4.828344131937835e-09,1551.663215543754,0.4444444444444444,0.0,0.0,1.0552527242804152e-12,0.2656380866326368,1.0,-6.668249068335453e-14,0.001959814522901625
5.733333333333333,25.797903312556663,1.1405468680454094e-12,25.797903312556663,-0.19151262633351757,2.3623743219727023e-13,0.0,0.9169262446277358,-7.860547186216195e-12,179.63921903697644,-19.639425800654106,4.421083582750963e-14,5.800149567153029e-14,3.398090476836296e-14,-5.38858966036989e-09,-3.88840293471039e-09,1550.7432588716458,0.4444444444444444,0.0,0.0,9.085545804170068e-13,0.26549038904671973,1.0,-5.593982850472922e-14,0.0019576002405750402
5.75,25.813174630431487,9.24664961218661e-13,25.813174630431487,-0.19151262633351374,2.268413731144072e-13,0.0,0.9158910086005085,-6.509979347871171e-12,180.06147941973168,-19.721297388655607,3.582143515693577e-14,4.891289250130044e-14,2.580898301744644e-14,-4.598365358675148e-09,-3.0614914687148046e-09,1549.825429688514,0.4444444444444444,0.0,0.0,7.752890181830548e-13,0.26534302669088505,1.0,-4.632847048203272e-14,0.0019553900537603148
5.766666666666667,25.82842871429747,7.341174306855063e-13,25.82842871429747,-0.19151262633351007,2.1598179754565393e-13,0.0,0.9148576845827378,-5.308799765539098e-12,180.48398949485858,-19.803217389228625,2.8422845183730885e-14,4.075787046202302e-14,1.8728233329292266e-14,-3.884550205247333e-09,-2.3389270494351376e-09,1548.909720462007,0.4444444444444444,0.0,0.0,6.549153579075057e-13,0.2651959984021861,1.0,-3.778023862905617e-14,0.0019531839490080165
5.783333333333333,25.843665595956097,5.670405756903062e-13,25.843665595956097,-0.19151262633350657,2.0406983128656418e-13,0.0,0.913826266305626,-4.24706085639414e-12,180.90674898070034,-19.885185747763053,2.194118220516807e-14,3.348334520006917e-14,1.2642351938388054e-14,-3.243451524566932e-09,-1.7121287463605325e-09,1547.9961236968709,0.4444444444444444,0.0,0.0,5.468096315149809e-13,0.2650493030232974,1.0,-3.022434066326108e-14,0.0019509819129345188
5.8,25.858885307104693,4.215782466456978e-13,25.858885307104693,-0.1915126263335033,1.9145765347629133e-13,0.0,0.9127967475310051,-3.3146532263043577e-12,181.3297575961195,-19.967202409749458,1.6303032464043212e-14,2.7033469807210797e-14,7.458449402424433e-15,-2.6710229827445334e-09,-1.1727192561603623e-09,1547.0846319347163,0.4444444444444444,0.0,0.0,4.5028834551284507e-13,0.26490293940248,1.0,-2.3588832766916924e-14,0.0019487839322215852
5.816666666666666,25.874087879336926,2.959062156442976e-13,25.874087879336926,-0.19151262633350025,1.7844417618944574e-13,0.0,0.9117691220511415,-2.5014762894945706e-12,181.75301506049607,-20.049267320778746,1.1436392155126312e-14,2.135091210959474e-14,3.087732176383253e-15,-2.1629849511164306e-09,-7.126054548098534e-10,1546.1752377537853,0.4444444444444444,0.0,0.0,3.6462878175492433e-13,0.2647569063935469,1.0,-1.780183380723796e-14,0.0019465899936159572
5.833333333333333,25.88927334414333,1.8825172605255052e-13,25.88927334414333,-0.19151262633349742,1.6528044576887235e-13,0.0,0.9107433836885427,-1.7975779033970843e-12,182.17652109372602,-20.131380426541867,7.271417916993674e-15,1.637792210385874e-14,-5.539963645125932e-16,-1.7149263873233073e-09,-3.240403716319996e-10,1545.267933768719,0.4444444444444444,0.0,0.0,2.890861781637925e-13,0.26461120285582806,1.0,-1.279251905214095e-14,0.0019444000839289404
5.85,25.904441732911774,9.690881790281124e-14,25.904441732911774,-0.1915126263334948,1.521747401348874e-13,0.0,0.9097195262957697,-1.1932666785358489e-12,182.6002754162195,-20.213541672829464,3.7410116342977546e-15,1.2057212571792306e-14,-3.5459897130079723e-15,-1.3223901515303899e-09,3.3090972742819903e-13,1544.3627126303322,0.4444444444444444,0.0,0.0,2.2290811347261122e-13,0.2644658276541372,1.0,-8.491919427028467e-15,0.0019422141900360015
5.866666666666666,25.919593076927995,2.0249976922003845e-14,25.919593076927995,-0.19151262633349242,1.39297345340468e-13,0.0,0.9086975437552428,-6.792003425945755e-13,183.02427774889915,-20.295751005531535,7.812613748179987e-16,8.332674352631151e-15,-5.962343598131022e-15,-9.809435607410869e-10,2.674391483430111e-10,1543.4595670253805,0.4444444444444444,0.0,0.0,1.6534640061398495e-13,0.26432077965873696,1.0,-4.833550360427656e-15,0.0019400322988763574
5.883333333333333,25.934727407376077,-4.326539267051674e-14,25.934727407376077,-0.19151262633349025,1.2678500225370109e-13,0.0,0.9076774299790583,-2.464532604335048e-13,183.44852781319855,-20.37800837063715,-1.668241658796524e-15,5.1499461781178685e-15,-7.871892081447526e-15,-6.862358647236241e-10,4.837705861802147e-10,1542.5584896763387,0.4444444444444444,0.0,0.0,1.1566677316024362e-13,0.2641760577453057,1.0,-1.7538922922893889e-15,0.001937854397452581
5.9,25.949844755338944,-9.508521753383704e-14,25.949844755338944,-0.19151262633348826,1.1474502059205564e-13,0.0,0.9066591789087981,1.1343405888375718e-13,183.87302533106038,-20.46031371423409,-3.664192153375951e-15,2.456857406444101e-15,-9.338195767899553e-15,-4.3404420550414833e-10,6.553564855037742e-10,1541.6594733411741,0.4444444444444444,0.0,0.0,7.315662864417401e-14,0.2640316607949039,1.0,8.072570077156723e-16,0.0019356804728301962
5.916666666666667,25.964945151798858,-1.365613167640869e-13,25.964945151798858,-0.19151262633348645,1.0325906275110228e-13,0.0,0.9056427845153465,4.0842089836253267e-13,184.29777002493486,-20.542666982508553,-5.259449460251446e-15,2.0376044868878533e-16,-1.0419605610464801e-14,-2.2030950082185637e-10,7.877709145434264e-10,1540.7625108131258,0.4444444444444444,0.0,0.0,3.713107202250236e-14,0.26388758769394105,1.0,2.906540024619495e-15,0.001933510512137286
5.933333333333334,25.980028627637893,-1.6894790749070087e-13,25.980028627637893,-0.19151262633348484,9.238660409612128e-14,0.0,0.904628240798707,6.459453929726231e-13,184.7227616177782,-20.625068121744825,-6.502991582964304e-15,-1.656231817424122e-15,-1.1169387731331683e-14,-4.116357213565761e-11,8.86135316666285e-10,1539.8675949204833,0.4444444444444444,0.0,0.0,6.937482280194489e-15,0.2637438373341429,1.0,4.596890477252158e-15,0.0019313445025641019
5.95,25.99509521363842,-1.9340172576053873e-13,25.99509521363842,-0.19151262633348343,8.216807974118678e-14,0.0,0.9036155417878184,8.329146306661494e-13,185.14799983305082,-20.70751707832496,-7.439931424412317e-15,-3.1670897933274307e-15,-1.1635896476380471e-14,1.070512788873712e-10,9.551285695602195e-10,1538.974718526368,0.4444444444444444,0.0,0.0,1.8041194553202e-14,0.26360040861251866,1.0,5.927462871827457e-15,0.0019291824313626713
5.966666666666667,26.010144940483606,-2.1098347081697419e-13,26.010144940483606,-0.19151262633348215,7.262773043914164e-14,0.0,0.9026046815403754,9.757039353275127e-13,185.5734843947158,-20.79001379872847,-8.111583818534899e-15,-4.369779586384617e-15,-1.1862784566444367e-14,2.277691538931188e-10,9.990013991588466e-10,1538.0838745285157,0.4444444444444444,0.0,0.0,3.838424170982534e-14,0.26345730043132853,1.0,6.9436273990340115e-15,0.0019270242858464137
5.983333333333333,26.025177838757866,-2.2266031513880716e-13,26.025177838757866,-0.191512626333481,6.377616214978893e-14,0.0,0.9015956541426476,1.0801636812767077e-12,185.99921502723723,-20.872558229532014,-8.555573242124455e-15,-5.30223293916185e-15,-1.1889240711796711e-14,3.241929172188392e-10,1.021594158379321e-09,1537.1950558590604,0.4444444444444444,0.0,0.0,5.463189119277178e-14,0.2633145116980516,1.0,7.68701842966001e-15,0.0019248700533897555
