t,vx,vy,speed,yaw,yaw_rate,steering_angle,ax,ay,pos_x,pos_y,sideslip,alpha_f,alpha_r,fy_f,fy_r,f_long,throttle,brake,steer_cmd,util_f,util_r,mu_surface,roll,pitch
0.0,20.02287922083375,-0.01087682669887522,20.022882175087958,-6.4643171759976e-05,-0.008175542431653941,-0.0464,1.3468415860378637,-1.2443755516117834,0.3335732167026817,-9.627053856121255e-05,-0.0005432198590942347,0.045789150056979616,-1.631739103181809e-06,-1411.4562334352352,0.07563341103897903,2023.2532232800747,0.45,0.0,0.08,0.24174057551844333,0.34100096617793374,1.0,-0.008855637311700816,0.0028754520096811263
0.016666666666666666,20.04492604191453,-0.03371479342707716,20.044954395386362,-0.00039780720003871153,-0.028015351749448573,-0.0464,1.3111520898211684,-2.004679432391284,0.6675180682387383,-0.0005920097744742019,-0.0016819598916775825,0.04362232836220694,0.00012922777287333002,-2271.7426086094165,-2.8844209158610754,2021.0126458632922,0.45,0.0,0.08,0.3884781981967116,0.3411455605187141,1.0,-0.014266363523848712,0.002799256386762546
0.03333333333333333,20.066637659429468,-0.05622171301512189,20.06671641888247,-0.0011183457897318083,-0.05269153691971915,-0.0464,1.295914443902632,-2.309067060809883,1.0018257812870301,-0.00166620246047244,-0.002801743214790487,0.04097714813911692,0.0005778841262528518,-2603.7677853336513,-18.80694563087944,2018.8198199388944,0.45,0.0,0.08,0.444955873993669,0.3410169015106666,1.0,-0.016432547547596568,0.0027667246324467615
0.05,20.08824668960854,-0.07291484683656523,20.088379019658547,-0.0022669703244016016,-0.07867732009035767,-0.0464,1.2902492169425663,-2.416320625114384,1.3364922727311184,-0.0033897430146253974,-0.003629710832909218,0.03845767611267929,0.0014016775921755409,-2692.5396580785596,-56.93943146416403,2016.6463703074653,0.45,0.0,0.08,0.4600047105941532,0.3408595911041848,1.0,-0.017195820873432653,0.002754629603293747
0.06666666666666667,20.109859671733787,-0.0818412432535557,20.110026205997897,-0.0038451118248359318,-0.10415746125716321,-0.0464,1.289041197637447,-2.447833118711598,1.6715154417970108,-0.0057874446134167645,-0.004069684859150603,0.036325656825255105,0.002585918178325067,-2671.1402290998717,-122.2945624745224,2014.4790659477358,0.45,0.0,0.08,0.4563161646280574,0.3410083105013842,1.0,-0.017420080514119717,0.0027520505312078774
0.08333333333333333,20.13151421432497,-0.08278086234676904,20.131684411214557,-0.005833425229955544,-0.12815897546318533,-0.0464,1.2896859686981028,-2.4629394462176952,2.006893937035374,-0.008867414256930207,-0.004111980594276,0.034677566361371294,0.004080377566246421,-2606.069206324378,-215.70221789755638,2012.31273863343,0.45,0.0,0.08,0.4452054475144325,0.3419592496509786,1.0,-0.017527585163606352,0.0027534270911993173
0.1,20.15320796027318,-0.07638578221953916,20.153352720521305,-0.008201513484149965,-0.15017337816185727,-0.0464,1.290772002456641,-2.490734283705353,2.342626517252985,-0.012635409569574776,-0.0037902361046698602,0.0335249232025574,0.005819394392017772,-2532.35758983238,-334.85748347269765,2010.1468293598525,0.45,0.0,0.08,0.4326293660217342,0.34431296644848974,1.0,-0.017725387988974904,0.00275574572910443
0.11666666666666667,20.1749160899308,-0.06372079452933513,20.17501671809479,-0.01091358493735769,-0.16997118649521573,-0.0464,1.2915373051131687,-2.5439117287705,2.6787116810253053,-0.01710175383626097,-0.0031584063280484407,0.032834680301773014,0.007733713693323606,-2468.225793249693,-475.4623571309977,2007.9833892864797,0.45,0.0,0.08,0.42168641023457515,0.3486375880163523,1.0,-0.01810382693053871,0.002757379619150995
0.13333333333333333,20.196603014242932,-0.04599854676055419,20.196655395912234,-0.0139319470692467,-0.187497621573469,-0.0464,1.2916070723318362,-2.625781685753988,3.0151474376607923,-0.022284182350392846,-0.0022775348504929624,0.03255183605238827,0.00975753217472992,-2422.1640080181946,-632.1993980640427,2005.8257716609785,0.45,0.0,0.08,0.41382081497295015,0.3553230020030979,1.0,-0.018686457025473672,0.0027575285693253937
0.15,20.218230247507705,-0.024424170189591584,20.218245000032148,-0.01721920894932903,-0.20280809901315128,-0.0464,1.2908435900467057,-2.7343735204136963,3.3519311664006404,-0.028208368429487155,-0.0012080265191184146,0.03261282068168551,0.01183245023644202,-2396.910810989867,-799.4857483600521,2003.6777536533384,0.45,0.0,0.08,0.40949835737711315,0.36448631585147945,1.0,-0.019459254193911268,0.0027558985656977266
0.16666666666666666,20.239761434202,-0.00010790902038794719,20.239761434489658,-0.020739656155969517,-0.21602603666757964,-0.0464,1.289250851463192,-2.865023365459634,3.6890595384164895,-0.0349071644334628,-5.331536181280059e-06,0.03295345243413883,0.013909335333244866,-2391.9038607672346,-972.0152301192024,2001.5429713367519,0.45,0.0,0.08,0.4086227811822016,0.3759583548658286,1.0,-0.020389027879241343,0.0027524981335991495
0.18333333333333332,20.26116523441038,0.02597840142075141,20.26118188885881,-0.024460072922536144,-0.22731432370841123,-0.0464,1.2869117316408676,-3.0120220700580362,4.026528486716961,-0.04241921156793856,0.0012821763646975017,0.033513478962470616,0.015948779989246903,-2404.8357311254194,-1145.1104806979608,1999.4245895511324,0.45,0.0,0.08,0.4108004815787571,0.389342832316003,1.0,-0.021435148732007355,0.0027475042079112937
0.2,20.28241666095866,0.0530167589455784,20.28248595181228,-0.028350185589278928,-0.23685563319367794,-0.0464,1.283946875062066,-3.16962656310788,4.36433321307361,-0.05078733215426104,0.0026139211655396024,0.03423893075445851,0.01792065585890488,-2432.632816799682,-1314.9125443900969,1997.3251422751453,0.45,0.0,0.08,0.4155072724945523,0.40411348227599986,1.0,-0.022556746008115938,0.002741174359697287
0.21666666666666667,20.303497363660426,0.0803410912969556,20.303656318188523,-0.03238284337790235,-0.2448387478001432,-0.0464,1.2804886120608492,-3.332631091055889,4.702468222721782,-0.06005695474456708,0.003956986845045187,0.03508308494220973,0.019803139990770657,-2472.050868719971,-1478.4401970009112,1995.2464897521374,0.45,0.0,0.08,0.4221899629220144,0.4197111571790891,1.0,-0.023716772800512216,0.0027337911088384324
0.23333333333333334,20.324395253697976,0.10742543597014308,20.324679152518847,-0.03653401774919023,-0.25144918062421,-0.0464,1.27666526786798,-3.4966403481912662,5.040927378595157,-0.07027470997625046,0.005285492348792003,0.03600657064862439,0.021581490345441753,-2520.016524715052,-1633.5544158303624,1993.1898495160426,0.45,0.0,0.08,0.43032465135814435,0.4356167866177164,1.0,-0.02488394977941633,0.002725628424483378
0.25,20.345103762206776,0.13386721346966343,20.345544168829754,-0.04078267985897733,-0.25686298735286256,-0.0464,1.2725925363192825,-3.6581499309651337,5.379703967863175,-0.08148725950359557,0.006579729609541809,0.03697697020255313,0.023246764336368887,-2573.8034692264328,-1778.8627800069667,1991.1558690768784,0.45,0.0,0.08,0.4394467923753013,0.4513933299298512,1.0,-0.026033337747989743,0.002716933308266299
0.26666666666666666,20.365620940029743,0.15936886207726705,20.366244491981767,-0.045110600903752934,-0.2612429924529598,-0.0464,1.268369525200703,-3.8145111655685513,5.718790774713637,-0.09374037212315972,0.007825227111551088,0.03796815106614528,0.02479460478731042,-2631.1038534816767,-1913.5939823509295,1989.144717446921,0.45,0.0,0.08,0.4491633642784421,0.4667012493250488,1.0,-0.02714608733670042,0.002707917351279444
0.2833333333333333,20.38594853457507,0.18371984685958723,20.386776366960856,-0.04950210915214211,-0.26473682782260316,-0.0464,1.264077767368345,-3.9638345139255646,6.0581801545998575,-0.10707823282498086,0.009011838376171644,0.038959481713862126,0.026224162835604033,-2690.03608394646,-2037.4654762350558,1987.1561804220369,0.45,0.0,0.08,0.459154158498284,0.4812961824602277,1.0,-0.028208751589068347,0.002698754622854624
0.3,20.40609112544908,0.20678017255016945,20.407138776905782,-0.05394382862426238,-0.26747629196592304,-0.0464,1.2597820001730573,-4.104867691115246,6.3978641064312995,-0.12154295593766938,0.010132910517688392,0.03993502851905348,0.027537187104398078,-2749.1164935385286,-2150.5594963645317,1985.1897504717144,0.45,0.0,0.08,0.4691668979010953,0.4950170165874717,1.0,-0.029212418580509127,0.0026895833346030117
0.31666666666666665,20.42605536156101,0.2284659318219637,20.427333020136487,-0.05842441709856067,-0.2695776243287723,-0.0464,1.2555318925836507,-4.236870916443254,6.7378343403208705,-0.13717426807102148,0.011184558207648089,0.04088279192277302,0.02873728166293531,-2807.212952413423,-2253.2158047083763,1983.2447063780555,0.45,0.0,0.08,0.4790092756110598,0.5077703104260247,1.0,-0.030151823638705135,0.0026805095277529635
0.3333333333333333,20.445849316142738,0.24873703617436418,20.447362283961695,-0.06293431520499511,-0.27114236908724004,-0.0464,1.251364177453612,-4.359501863285778,7.07808233944587,-0.15400932664975997,0.012165049352557848,0.04179401361042567,0.029829319487598968,-2863.491900653006,-2345.944300182296,1981.320180666473,0.45,0.0,0.08,0.48853987996873766,0.519514667007545,1.0,-0.03102453058559206,0.002671611625452736
0.35,20.465481959715312,0.26758704735922806,20.467231240970218,-0.06746551372271145,-0.2722585775789138,-0.0464,1.247304848419747,-4.472716210205028,7.418599415311489,-0.1720826429561254,0.013074297534109493,0.04266256866017802,0.0308189904639007,-2917.3657444905566,-2429.3572147428536,1979.4152146963925,0.45,0.0,0.08,0.49765919257458474,0.530246877639206,1.0,-0.03183022400627952,0.00266294512305974
0.36666666666666664,20.48496274176137,0.28503490542981547,20.48694568325559,-0.07201134273415621,-0.2730021659612878,-0.0464,1.2433712238493337,-4.576685503299115,7.75937675623629,-0.19142608307480471,0.013913450370568783,0.04348444522325251,0.03171246072267551,-2968.4444731415733,-2504.1187258973036,1977.5288023210417,0.45,0.0,0.08,0.5063013173372716,0.5399905114557967,1.0,-0.032570124713909625,0.0026545469945837693
0.3833333333333333,20.504301267450924,0.3011182982889253,20.506512202126277,-0.0765662838393054,-0.2734383016922276,-0.0464,1.2395737775895403,-4.671731631162435,8.100405469237334,-0.21206892491792192,0.014684560572756912,0.044257307443383166,0.03251612108135351,-3016.493318403512,-2570.9090261543806,1975.6599235293681,0.45,0.0,0.08,0.5144267497496895,0.5487869822741024,1.0,-0.03324652343867474,0.002646439601262553
0.4,20.523507054449748,0.315888409874962,20.525937915270568,-0.08112580501444142,-0.2736227377569984,-0.0464,1.2359176993287946,-4.758276009983171,8.441676615714378,-0.23403795401347688,0.015390326223229453,0.044980133641024746,0.03323640497135951,-3061.396995594432,-2630.3997975436437,1973.8075696437659,0.45,0.0,0.08,0.5220162760493167,0.5566888167535293,1.0,-0.03386241920198366,0.0026386340228698197
0.4166666666666667,20.54258935533421,0.3294058008341942,20.545230239729943,-0.08568621671680773,-0.27360304756535797,-0.0464,1.2324041855876338,-4.836801130798395,8.783181241453091,-0.2573575846849782,0.01603388775201525,0.04565292022701106,0.03387965943681726,-3103.130307309598,-2683.2383249803383,1971.9707616056428,0.45,0.0,0.08,0.5290659627730411,0.5637547388406058,1.0,-0.03442124566630658,0.002631132813928251
0.43333333333333335,20.561557032570725,0.3417372040678589,20.564396706937522,-0.09024454731467328,-0.2734197375507655,-0.0464,1.2290314833336657,-4.907822114834694,9.124910401516912,-0.28204999653936746,0.016618670589787415,0.04627644158995946,0.034452055979065935,-3141.734491214028,-2730.0379282090735,1970.148562733294,0.45,0.0,0.08,0.5355831292501495,0.5700461819364336,1.0,-0.034926668707872234,0.002623932231784988
0.45,20.58041847483431,0.35295305003975036,20.58344481506518,-0.09479843571668273,-0.27310723063697134,-0.0464,1.225795717839309,-4.9718661432437905,9.466855180600419,-0.30813527882858943,0.01714826416121637,0.04685205676328096,0.03495953088595639,-3177.2985240057037,-2771.372866967615,1968.3400871449917,0.45,0.0,0.08,0.5415831671562861,0.5756248849572412,1.0,-0.03538244002774155,0.0026170240040542304
0.4666666666666667,20.599181545306614,0.3631255686268137,20.60238191363055,-0.09934603907230578,-0.27269472383408694,-0.0464,1.222691538988129,-5.029457941411729,9.809006709391952,-0.335631577325138,0.017626329515011543,0.047381554639070414,0.03540774710300525,-3209.9445656774396,-2807.776309044494,1966.5445048416786,0.45,0.0,0.08,0.5470870668899652,0.5805512893211481,1.0,-0.035792293850442705,0.0026103967084549805
0.48333333333333334,20.6178535543294,0.3723273432344406,20.621215115465276,-0.10388595353431457,-0.27220692899514254,-0.0464,1.2197126187992706,-5.081109828353995,10.151356177452667,-0.3645552399421482,0.018056529359620356,0.047867030609560136,0.03580207166177541,-3239.8167792286285,-2839.740317405415,1964.7610442582545,0.45,0.0,0.08,0.5521195195922821,0.5848835145294321,1.0,-0.036159876110181906,0.0026040368350054746
0.5,20.636441250312668,0.38063021789997503,20.639951231540856,-0.10841714625717878,-0.27166470858230646,-0.0464,1.2168520294766823,-5.127315148220766,10.493894843071827,-0.39492095852448883,0.018442475539569302,0.04831078863172465,0.03614756422033895,-3267.072850269202,-2867.717104989644,1962.9889929295196,0.45,0.0,0.08,0.5567074791390153,0.5886767432413776,1.0,-0.03648869770594636,0.002597929593142898
0.5166666666666666,20.65495082408341,0.38810447900124917,20.658596724654963,-0.11293889701415154,-0.2710856192001337,-0.0464,1.2141025270505477,-5.16854416601046,10.83661404050946,-0.4267419051213764,0.01878769004140425,0.04871526374374189,0.03644897345424859,-3291.8776331951826,-2892.12103022581,1961.2276967791875,0.45,0.0,0.08,0.5608790860757712,0.591982890347684,1.0,-0.036782105293221984,0.0025920595172863083
0.5333333333333333,20.673387922919535,0.39481825023408823,20.677157678516483,-0.11745074802692058,-0.27048437539858666,-0.0464,1.2114567613924585,-5.205241728671975,11.179505184990862,-0.4600298616939835,0.019095576475423988,0.049082960974159144,0.03671073893063541,-3314.3984511654794,-2913.3309735521275,1959.476558427235,0.45,0.0,0.08,0.5646628727569867,0.5948504647421721,1.0,-0.03704326463915486,0.002586410915210486
0.55,20.691757671367476,0.4008370531849282,20.69563977928203,-0.12195246080124772,-0.2698732453440862,-0.0464,1.2089074294393065,-5.237826168184304,11.522559775774415,-0.4947953426713961,0.019369399664541584,0.049416407363890906,0.03693699676402803,-3334.801668391277,-2931.6928568457993,1957.7350348197174,0.45,0.0,0.08,0.5680871846094566,0.597324558510518,1.0,-0.03727515281628312,0.002580968195172712
0.5666666666666667,20.71006469662166,0.40622349662388046,20.714048307066008,-0.1264439789428921,-0.26926238873999725,-0.0464,1.2064473850238293,-5.266689060356781,11.86576939757562,-0.531047710091359,0.01961227151184557,0.04971811447141864,0.03713158784241782,-3353.2502320925023,-2947.522154245352,1956.0026344127896,0.45,0.0,0.08,0.5711797659431574,0.5994469176170609,1.0,-0.03748055648603148,0.0025757161003965197
0.5833333333333334,20.728313156778242,0.4110370660866912,20.732388135358722,-0.13092539608744735,-0.2686601460608031,-0.0464,1.2040697158253884,-5.292195558361092,12.209125720596353,-0.5687952812845799,0.019827141739861144,0.0499905492646969,0.037298067768464185,-3369.901947300842,-2961.106303237088,1954.2789140859338,0.45,0.0,0.08,0.5739674699886754,0.6012560623288121,1.0,-0.03766207427230205,0.0025706398733584706
0.6,20.746506770692765,0.4153339918564498,20.750663736642068,-0.13539692821525237,-0.268073286872767,-0.0464,1.2017677955966672,-5.314685099567099,12.552620499378557,-0.6080454292105174,0.02001679242039248,0.05023611173457235,0.03743971791710634,-3384.9083013085033,-2972.7069660968264,1952.5634759151917,0.45,0.0,0.08,0.5764760619986523,0.6027874358155564,1.0,-0.03782212179169359,0.002565725367290037
0.6166666666666667,20.7646488484944,0.41916717848784346,20.76887919279231,-0.13985888973946378,-0.26750722381708,-0.0464,1.1995353179319677,-5.334472343580143,12.896245570675987,-0.6488046756493885,0.02018383546398811,0.05045711790982393,0.037559557193177294,-3398.4136974318026,-2982.5621192130793,1950.8559639031112,0.45,0.0,0.08,0.5787300915647778,0.6040735666130223,1.0,-0.03796293832907306,0.0025609591182715365
0.6333333333333333,20.782742322058557,0.4225861828624335,20.787038209110747,-0.14431167285366048,-0.26696619776190067,-0.0464,1.1973663163504635,-5.35184824305745,13.239992850515097,-0.6910787775150296,0.020330712428915796,0.050655787228112724,0.03766035420066608,-3410.5549915335328,-2990.8879654885413,1949.1560607359338,0.45,0.0,0.08,0.5807528160585701,0.6051442357158658,1.0,-0.03808659445807391,0.002556328388109064
0.65,20.800789774930614,0.4256372306864809,20.80514413103174,-0.1487557297072342,-0.26645343869753974,-0.0464,1.195255174303732,-5.367081180633748,13.583854330596871,-0.734872806587652,0.020459696154353505,0.05083423343341057,0.03774463962392795,-3421.4612510384263,-2997.880675872456,1947.4634846185443,0.45,0.0,0.08,0.5825661615810903,0.6060266425733261,1.0,-0.038195000132062555,0.002551821185700164
0.6666666666666666,20.818793471339557,0.42836326355435406,20.823199962730357,-0.1531915570445814,-0.26597130615158737,-0.0464,1.193196627818046,-5.3804181280506755,13.927822074174225,-0.7801912229826592,0.020572893831909144,0.050994458340191666,0.037814718681509596,-3431.2536764304928,-3003.7179722490964,1945.7779862225186,0.45,0.0,0.08,0.5841907112527934,0.6067455666365181,1.0,-0.03828991293311892,0.002547426272675017
0.6833333333333333,20.836755384051223,0.43080401036758464,20.84120838699466,-0.15761968299989804,-0.26552141222829934,-0.0464,1.1911857627940339,-5.392085799645516,14.271888211524745,-0.827037942677461,0.02067225121194822,0.051138347937303076,0.03787268355357007,-3440.045640680969,-3008.560566921857,1944.0993457711018,0.45,0.0,0.08,0.5856457133027976,0.6073235226793176,1.0,-0.03837294628087484,0.002543133157631322
0.7,20.854677220895038,0.4329960781532617,20.859171785845536,-0.1620406557851422,-0.26510472981608413,-0.0464,1.189218008464081,-5.402291783465076,14.61604493512508,-0.8754163994167755,0.02075955770308715,0.05126767040777301,0.037920425710201995,-3447.942813752644,-3012.5534748682903,1942.427370276296,0.45,0.0,0.08,0.5869491034035803,0.607780909123353,1.0,-0.03844557748212116,0.002538932082166117
0.7166666666666667,20.872560449861517,0.43497305826771226,20.877092261484645,-0.16645503404619216,-0.2647216880444916,-0.0464,1.1872891281145668,-5.411225640762919,14.960284494621385,-0.9253296013111085,0.020836452169688945,0.05138407572119578,0.03795964808472338,-3455.043348098693,-3015.8272145577157,1940.7618909367811,0.45,0.0,0.08,0.5881175371857837,0.6081361492147913,1.0,-0.038509155555413996,0.0025348140010681298
0.7333333333333333,20.890406322715386,0.43676564468124535,20.894971657231814,-0.17086337869287627,-0.26437225669397646,-0.0464,1.185395207886118,-5.419059969517549,15.304599191679328,-0.9767801824348786,0.020904429267202373,0.05148909651783169,0.03799187704643205,-3461.438107592931,-3018.498911948159,1939.1027607005544,0.45,0.0,0.08,0.5891664299730387,0.6084058252509755,1.0,-0.03856490879963497,0.0025307705584067777
0.75,20.908215897104586,0.43840176157775695,20.912811578180765,-0.17526624603366106,-0.26405602095513186,-0.0464,1.183532644247342,-5.425951430629599,15.648981374787233,-1.0297704497212488,0.020964846181722726,0.05158415005222954,0.03801847413369816,-3467.210927124482,-3020.6733206778845,1937.4498519926694,0.45,0.0,0.08,0.5901100015890551,0.6086048062278461,1.0,-0.03861395209695544,0.0025267940607890936
0.7666666666666666,20.925990057171617,0.43990669791544795,20.930613411357925,-0.1796641820664218,-0.2637722476875054,-0.0464,1.1816981305775653,-5.432041737178995,15.993423434076819,-1.0843024254409015,0.021018929660508695,0.05167054100222252,0.03804064751223981,-3472.438893579764,-3022.443769686293,1935.8030546058453,0.45,0.0,0.08,0.5909613246796656,0.6087463693377527,1.0,-0.038657293952915776,0.0025228774487144213
0.7833333333333333,20.943729532692885,0.4413032469167341,20.948378345216398,-0.18405771779378038,-0.26351994413134117,-0.0464,1.179888643177825,-5.437458607964665,16.33791779621752,-1.140377885542194,0.021067783236089096,0.05174946497908521,0.038059463126109964,-3477.192641443058,-3023.8930477045346,1934.1622737498833,0.45,0.0,0.08,0.5917323754163264,0.6088423157364508,1.0,-0.03869584328232047,0.0025190142667084496
0.8,20.96143491678541,0.44261184871275067,20.966107388336336,-0.18844736544571278,-0.2632979098697396,-0.0464,1.1781014269456753,-5.442316686814587,16.68245691943247,-1.1979983941205519,0.02111239455932014,0.051822012598432894,0.03807585551106756,-3481.5366580252066,-3025.094232353792,1932.5274282545236,0.45,0.0,0.08,0.5924340857475652,0.6089030809486049,1.0,-0.038730415951536645,0.0025151986327395077
0.8166666666666667,20.979106682230114,0.4438507345799338,20.983801387236284,-0.1928336155041037,-0.263104782716152,-0.0464,1.1763339808897921,-5.446718429065168,17.027033288677007,-1.2571653342756703,0.021153642767252505,0.051889173990617043,0.03809063824209134,-3485.5295945719326,-3026.111470043498,1930.8984489194945,0.45,0.0,0.08,0.593076396573955,0.6089378402141298,1.0,-0.038761741087152045,0.0025114252072928347
0.8333333333333334,20.996745196467504,0.4450360713869393,21.00146104322784,-0.1972169344341465,-0.2629390791062984,-0.0464,1.1745840436184078,-5.450754956324328,17.371639411013646,-1.3178799356060766,0.021192305820619494,0.051951843645088314,0.03810451398909712,-3489.2245803573096,-3027.0007115074604,1929.2752770049199,0.45,0.0,0.08,0.5936683113656132,0.6089546090069408,1.0,-0.03879046715892324,0.002507689162388979
0.85,21.01435073532617,0.44618210502949124,21.019086928269555,-0.20159776303633575,-0.26279922949901185,-0.0464,1.1728495789063156,-5.454506880263388,17.71626781121124,-1.3801432985817694,0.021229067753642677,0.05201082549634526,0.038118084157573444,-3492.669537446908,-3027.8104066671217,1927.6578628549164,0.45,0.0,0.08,0.5942179498381319,0.608960338891911,1.0,-0.03881716784231609,0.0025039861507699375
0.8666666666666667,21.031923495546906,0.44730130177538974,21.0366794997953,-0.20597651534058548,-0.26268360923255224,-0.0464,1.171128761424836,-5.458045095803975,18.060911027590137,-1.443956416026935,0.021264525785998252,0.052066838170326694,0.03813185809389109,-3495.9074942040306,-3028.582161567621,1926.04616464704,0.45,0.0,0.08,0.5947326013676514,0.608961008829973,1.0,-0.03884234766324514,0.0025003122754332164
0.8833333333333333,21.049463606167095,0.4484044865762448,21.054239114509333,-0.21035357797096407,-0.26259056523777474,-0.0464,1.1694199627049207,-5.461431543725668,18.405561608129847,-1.5093201919360195,0.0212991972534077,0.05212052031992395,0.038146261838436495,-3498.976895874606,-3029.3513593836497,1924.4401472601792,0.45,0.0,0.08,0.5952187778692449,0.6089617119977621,1.0,-0.03886644742519452,0.0024966640596636278
0.9,21.066971138829995,0.44950097752923435,21.071766041153165,-0.21472930991584588,-0.2625184389740609,-0.0464,1.1677217373934268,-5.464719942446292,18.75021210685075,-1.5762354578376627,0.021333526319541374,0.05217243598704034,0.038161646413394916,-3501.911910768053,-3030.1477469217816,1922.8397812535613,0.45,0.0,0.08,0.5956822658927299,0.6089667381575686,1.0,-0.03888984941695528,0.0024930384176909946
0.9166666666666666,21.084446117083676,0.45059871579274346,21.089260472261206,-0.21910404264407513,-0.2624655859255831,-0.0464,1.1660328098550534,-5.467956488533112,19.094855080476965,-1.6447029869120897,0.021367890437821852,0.052223079936554284,0.038178295635868546,-3504.7427306858426,-3030.995987633622,1921.2450419496345,0.45,0.0,0.08,0.5961281777120578,0.6089796515950446,1.0,-0.03891288239783501,0.0024894326260858305
0.9333333333333333,21.101888524733333,0.45170439037471644,21.10672253493081,-0.22347808051311652,-0.26243039197227613,-0.0464,1.164352061166408,-5.471180525392993,19.439483085383536,-1.7147235060584953,0.021402606537314364,0.052272882914820025,0.03819643345095349,-3507.4958643597975,-3031.9161818774915,1919.6559086137688,0.45,0.0,0.08,0.5965610012025001,0.6090033646347709,1.0,-0.03893582635641221,0.0024858442959921987
0.95,21.11929831330961,0.45282355732196733,21.12415230063985,-0.22785170142019817,-0.2624112869302563,-0.0464,1.1626785165434328,-5.474425179558602,19.784088674827437,-1.786297706099709,0.021437936912196233,0.05232221679207474,0.0382162307833123,-3510.194422763472,-3032.924355002956,1918.0723637238923,0.45,0.0,0.08,0.5969846483164641,0.6090402067457167,1.0,-0.0389589170386868,0.002482271346285781
0.9666666666666667,21.136675408714,0.45396075294222776,21.14154979415055,-0.23222515765218335,-0.26240675553916903,-0.0464,1.1610113332385867,-5.477717964027453,20.12866439645893,-1.8594262503020051,0.021474094799291868,0.05237139955438074,0.03823781190957048,-3512.8583952617273,-3034.03291376025,1916.494392323443,0.45,0.0,0.08,0.5974025019855724,0.6090919892578915,1.0,-0.03898235024176121,0.002478711977734852
0.9833333333333333,21.154019717100674,0.45511960078789226,21.15891500154262,-0.23659867689436495,-0.2624153461581696,-0.0464,1.1593497889393407,-5.4810813482094725,20.473202790106992,-1.9341097813783696,0.021511249632823165,0.05242070011655575,0.038261260357451414,-3515.5049156709824,-3035.251071535068,1914.9219814512253,0.45,0.0,0.08,0.5978174612944344,0.6091600657262111,1.0,-0.039006285869889946,0.002475164648231539
1.0,21.171331130052142,0.4563029122207215,21.17624787742191,-0.24097246336258374,-0.26243567741732604,-0.0464,1.1576932706946643,-5.484533294184193,20.81769638583028,-2.0103489271338364,0.021549531969834394,0.05247034293295012,0.03828662434087648,-3518.1485174174663,-3036.585242959716,1913.355119642042,0.45,0.0,0.08,0.598231984790682,0.6092453879959937,1.0,-0.03903085175077062,0.0024716280491503206
1.0166666666666666,21.18860952910412,0.45751278045970706,21.193548351352728,-0.2453466990270322,-0.26246644305675426,-0.0464,1.156041264391181,-5.48808775914766,21.16213770222328,-2.0881443049017783,0.021589038083684724,0.05252051238792599,0.03831392174324286,-3520.8013771029673,-3038.0394085377648,1911.793796492222,0.45,0.0,0.08,0.5986481318162651,0.6093485580449582,1.0,-0.039056147211222914,0.0024681010828800473
1.0333333333333332,21.205854789672728,0.4587506680895125,21.21081633356336,-0.24972154489982917,-0.26250641517148665,-0.0464,1.1543933447955692,-5.491755164129516,21.506519244965553,-2.1674965249102827,0.021629834226545557,0.05257135695248009,0.038343144663714426,-3523.4735459154454,-3039.6154500271773,1910.2380022844616,0.45,0.0,0.08,0.5990676017664424,0.6094698756977508,1.0,-0.03908224641282839,0.0024645828415648715
1.05,21.223066784434863,0.460017488074124,21.228051719974594,-0.2540971423619351,-0.2625544460658137,-0.0464,1.152749166174628,-5.495542829271258,21.85083350560103,-2.2484061927080425,0.0216719605649839,0.05262299309762867,0.03837426354359819,-3526.173168453066,-3041.3134574447195,1908.6877276666476,0.45,0.0,0.08,0.5994917712049364,0.6096093823297398,1.0,-0.03910920144960166,0.0024610725870784713
1.0666666666666667,21.24024538621036,0.46131367837948306,21.245254396600917,-0.25847361450822415,-0.2626094689065675,-0.0464,1.1511084534993667,-5.499455376167649,22.195072960533228,-2.330873910769617,0.021715434795455717,0.05267550895893958,0.03840723089172354,-3528.9066886619244,-3043.1320086728533,1907.1429633796383,0.45,0.0,0.08,0.5999217287858769,0.6097669006962072,1.0,-0.039137045211265556,0.002457569732245136
1.0833333333333333,21.257390470391954,0.462639270359962,21.262424243373328,-0.26285106749254034,-0.26267049735057346,-0.0464,1.1494709942344956,-5.5034950979766535,22.539230070221716,-2.414900279390515,0.02176025544887924,0.05272896774995712,0.03844198462919633,-3531.6790427170754,-3045.0684227621496,1905.6037000292401,0.45,0.0,0.08,0.600358307954929,0.6099420710404592,1.0,-0.039165794017150056,0.0024540738233106672
1.1,21.27450191696675,0.46399395110676717,21.279561137431514,-0.26722959185733547,-0.26273662430733585,-0.0464,1.147836630709998,-5.507662298192581,22.88329727856486,-2.500485896973372,0.021806404895418605,0.05278341092522398,0.038478451074977806,-3534.493838800904,-3047.1189881221126,1904.069927897912,0.45,0.0,0.08,0.6008021174229639,0.6101343836493267,1.0,-0.039195450027081864,0.0024505845236559905
1.1166666666666667,21.291579612170395,0.4653771199920133,21.29666495593153,-0.2716092638350271,-0.26280701998404854,-0.0464,1.1462052530670392,-5.511955599147384,23.227267012453638,-2.587631359797627,0.021853852062200568,0.0528388610961757,0.03851654759446174,-3537.353523849958,-3049.2791668775435,1902.541636792006,0.45,0.0,0.08,0.6012535694253598,0.6103432080367464,1.0,-0.03922600343684346,0.002447101598736962
1.1333333333333333,21.308623449812693,0.46678793967070514,21.3137355784135,-0.27599014661052185,-0.2628809293463307,-0.0464,1.1445767927664359,-5.516372221453321,23.571131681481468,-2.676337261356529,0.021902554877932454,0.05289532470537758,0.03855618493361717,-3540.2595374492494,-3051.5437767341054,1901.0188159206252,0.45,0.0,0.08,0.6017129057982052,0.6105678189454868,1.0,-0.03925743446683557,0.002443624902225213
1.15,21.32563333231087,0.46822538182467344,21.330772888771595,-0.2803722915364354,-0.2629576691147901,-0.0464,1.142951216644298,-5.520908235723803,23.914883677795263,-2.7666041913371475,0.02195246245931368,0.05295279446641346,0.03859726926136092,-3543.2124531502604,-3053.9071517444354,1899.5014538024557,0.45,0.0,0.08,0.602180221919063,0.6108074193636126,1.0,-0.039289715153456306,0.0024401543633171883
1.1666666666666667,21.3426091714643,0.46968826794817986,21.34777677686649,-0.2847557392944051,-0.26303662440470893,-0.0464,1.1413285214963131,-5.525558788008044,24.258515376073152,-2.8584327343112683,0.022003517054763624,0.05301125157824032,0.038639703942656985,-3546.2121075744626,-3056.3632833950996,1897.9895381971974,0.45,0.0,0.08,0.6026554885743723,0.6110611607560584,1.0,-0.03932281095341396,0.0024366899751718093
1.1833333333333333,21.359550889002097,0.4711753054850131,21.36474713981818,-0.289140520997555,-0.26311724510392087,-0.0464,1.1397087291694663,-5.530318300448599,24.602019133615084,-2.951823468197713,0.02205565576135508,0.05307066772401664,0.03868339106444223,-3549.2577177375288,-3058.9059434454916,1896.4830560584767,0.45,0.0,0.08,0.6031385718279285,0.6113281607128958,1.0,-0.03935668217171256,0.002433231784431501
1.2,21.37645841693257,0.4726851196320398,21.381683883014663,-0.29352665923063265,-0.26319904207237615,-0.0464,1.1380918821378152,-5.535180648720373,24.94538729053282,-3.0467769625497314,0.022108812030974805,0.053131006865322024,0.03872823273588613,-3552.347987090447,-3061.5287899438317,1894.9819935053692,0.45,0.0,0.08,0.6036292509751411,0.6116075182147511,1.0,-0.039391285224402106,0.00242977988177665
1.2166666666666666,21.39333169772125,0.4742162811249586,21.398586920869537,-0.29791416902561707,-0.2632815832360274,-0.0464,1.1364780395372271,-5.54013931783628,25.28861217002679,-3.143293776714651,0.02216291698166099,0.053192226843337534,0.0387741321837383,-3555.4812008225745,-3064.2254578242396,1893.486335809918,0.45,0.0,0.08,0.6041272346759913,0.6118983267126119,1.0,-0.03942657374737439,0.0024263343934599274
1.2333333333333334,21.410170684321976,0.4757673303190207,21.415456177359356,-0.30230305877169983,-0.2633644896375598,-0.0464,1.1348672736327332,-5.545187537910678,25.631686078737843,-3.2413744579070154,0.02221790052982121,0.053254280798977774,0.03882099466263416,-3558.655311008757,-3066.9896354544267,1891.9960673982491,0.45,0.0,0.08,0.6046321753658223,0.6121996852142578,1.0,-0.03946249956252771,0.002422895473764235
1.25,21.42697534008334,0.4773367978713026,21.432291586368958,-0.30669333105948626,-0.26344743149715394,-0.0464,1.1332596666913504,-5.550318401458919,25.974601307162743,-3.341019539230892,0.022273692358641163,0.05331711842418431,0.038868728199245674,-3561.8680122088012,-3069.8151284578794,1890.5111718631258,0.45,0.0,0.08,0.6051436820474759,0.6125107075630265,1.0,-0.03949901351253275,0.0024194632983263087
1.2666666666666666,21.443745638550784,0.478923222322282,21.44909309187093,-0.31108498346005914,-0.2635301243279203,-0.0464,1.1316553082327703,-5.55552496378229,26.317350130123135,-3.442229537681991,0.022330222737481243,0.053380687056631855,0.03891724418810826,-3565.11680814342,-3072.695912079331,1889.031631985978,0.45,0.0,0.08,0.6056613315709146,0.6128305300868625,1.0,-0.03953606617522515,0.0024160380582670497
1.2833333333333332,21.46048156318255,0.4805251648634809,21.46586064796297,-0.3154780092402098,-0.2636123251428782,-0.0464,1.130054292630284,-5.560800327944791,26.659924807278408,-3.5450049521555966,0.022387423206448525,0.05344493262998916,0.03896645785585001,-3568.3990700775676,-3075.6261733001415,1887.557429766665,0.45,0.0,0.08,0.6061846785075681,0.613158317786884,1.0,-0.03957360846834538,0.0024126199550695954
1.3,21.47718310699603,0.48214122156526873,21.482594218784847,-0.31987239801568296,-0.26369382878334946,-0.0464,1.1284567170345166,-5.566137715793668,27.002317583673737,-3.6493462614821244,0.02244522713964862,0.053509800491639975,0.039016288609418324,-3571.7120875405967,-3078.6003438423786,1886.0885464593882,0.45,0.0,0.08,0.6067132637263429,0.6134932692252552,1.0,-0.03961159215495857,0.00240920919614658
1.3166666666666667,21.493850272159044,0.4837700333249707,21.49929377833455,-0.3242681363447108,-0.26377446439238045,-0.0464,1.1268626795931171,-5.571530526412089,27.344520690315477,-3.755253922508336,0.022503570199885182,0.05357523609942755,0.03906666028275958,-3575.0531120041132,-3081.6131251289967,1884.6249626133829,0.45,0.0,0.08,0.6072466217767416,0.6138346202622376,1.0,-0.0396499702594348,0.0024058059910392424
1.3333333333333333,21.510483069539124,0.4854102937805867,21.515959310201286,-0.3286652082644505,-0.263854092051254,-0.0464,1.1252722779402613,-5.576972383321518,27.686526344766655,-3.8627283682388533,0.022562390696802076,0.05364118560855981,0.03911750129527557,-3578.419394123848,-3084.659506193784,1883.1666581171517,0.45,0.0,0.08,0.6077842871820252,0.6141816467820718,1.0,-0.03968869740336627,0.0024024105481925766
1.35,21.527081518222257,0.4870607554200133,21.532590807231177,-0.33306359577318484,-0.2639325995922767,-0.0464,1.1236856079308037,-5.582457171675636,28.028326751756275,-3.9717700060495833,0.022621629859669912,0.05370759635932017,0.039168744734270275,-3581.8082151322233,-3087.734775460269,1881.713612245175,0.45,0.0,0.08,0.6083257997419909,0.6145336665370429,1.0,-0.03972773007025899,0.0023990230722527985
1.3666666666666667,21.54364564501111,0.48872023409997045,21.549188271139702,-0.3374632792613231,-0.2640098995967737,-0.0464,1.1221027625949955,-5.587979066608327,28.369914103796727,-4.082379215982008,0.022681232035218525,0.053774417275687394,0.039220328372521804,-3585.2169129446443,-3090.834527234499,1880.2658037061633,0.45,0.0,0.08,0.608870708940892,0.6148900402288012,1.0,-0.0397670268072721,0.0023956437618357115
1.3833333333333333,21.560175483911447,0.4903876121730971,21.565751712083422,-0.34186423789434756,-0.2640859265835564,-0.0464,1.1205238312909165,-5.593532553817378,28.711280581804346,-4.194556349124924,0.022741144820120796,0.053841599184391555,0.03927219463107658,-3588.642903515713,-3093.954663683734,1878.823210692052,0.45,0.0,0.08,0.6094185775514526,0.6152501719359301,1.0,-0.039806548371702416,0.0023922728077171804
1.4,21.576671075614197,0.4920618404061154,21.58228114820188,-0.3462664499509073,-0.2641606343899992,-0.0464,1.1189488990330603,-5.599112443384116,29.052418355718775,-4.308301726088195,0.0228013191369508,0.05390909506333533,0.039324290496372705,-3592.0836979524574,-3097.0913930021916,1877.385810927058,0.45,0.0,0.08,0.6099689845209646,0.6156135089869453,1.0,-0.03984625782933228,0.0023889103913996936
1.4166666666666667,21.59313246697966,0.4937419388567255,21.598776605139403,-0.35066989311926533,-0.2642339937452141,-0.0464,1.1173780459768774,-5.604713877748466,29.393319585117396,-4.423615635571259,0.022861709261678038,0.053976860227701484,0.039376567399860694,-3595.5369158608833,-3100.2412243968706,1875.953581716211,0.45,0.0,0.08,0.610521527220221,0.615979541368461,1.0,-0.03988612061118438,0.002385556684011876
1.4333333333333333,21.609559710529076,0.49542699686213454,21.61523811555499,-0.35507454475527733,-0.2643059900326178,-0.0464,1.115811347040464,-5.610332334680001,29.7339764198217,-4.540498333027671,0.02292227281002611,0.05404485246145734,0.039428981067407685,-3599.0002953705202,-3103.4009604615603,1874.526499992895,0.45,0.0,0.08,0.6110758231306501,0.6163478007492654,1.0,-0.03992610453466522,0.0023822118455008173
1.45,21.62595286394814,0.49711617227793564,21.631665718627566,-0.3594803821050121,-0.26437662123738,-0.0464,1.1142488716459784,-5.615963626008924,30.074381000492885,-4.658950039425627,0.022982970689322223,0.05411303210136423,0.039481491344945434,-3602.4717002495636,-3106.5676874457836,1873.1045423649914,0.45,0.0,0.08,0.6116315110395677,0.6167178591925073,1.0,-0.03996617979453422,0.0023788760240800013
1.4666666666666666,21.64231198960602,0.49880869009253426,21.648059459562567,-0.3638873824950351,-0.2644458960727954,-0.0464,1.1126906835647574,-5.6216038928075065,30.414525459214566,-4.778970940103337,0.023043767021798535,0.054181362080009884,0.03953406200605605,-3605.9491244912447,-3109.7387638678665,1871.6876851593258,0.45,0.0,0.08,0.6121882518080289,0.6170893276201902,1.0,-0.04000631892861218,0.0023755493558986385
1.4833333333333334,21.65863715409285,0.500503840529511,21.66441938910517,-0.3682955234932649,-0.2645138322784871,-0.0464,1.1111368408514453,-5.627249597642552,30.754401920060797,-4.900561183717246,0.02310462904467808,0.054249807933810554,0.03958666054648039,-3609.430694720655,-3112.9118078677075,1870.2759044641546,0.45,0.0,0.08,0.6127457287704278,0.6174618540866835,1.0,-0.04004649676264574,0.0023722319649010335
1.5,21.674928427777868,0.5022009767382689,21.680745563064246,-0.3727047830431839,-0.26458045508249006,-0.0464,1.1095873958537747,-5.632897514453368,31.094002499648077,-5.023720881280346,0.02316552699178995,0.05431833778138026,0.03963925796988288,-3612.914670740608,-3116.0846836452392,1868.8691761695197,0.45,0.0,0.08,0.6133036478197882,0.6178351219110241,1.0,-0.04008669033827365,0.002368923962847467
1.5166666666666666,21.69118588438995,0.5038995121620458,21.697038041850664,-0.3771151395740468,-0.26464579581864184,-0.0464,1.108042395285902,-5.638544716547784,31.433319307670356,-5.148450105287255,0.023226433960910255,0.05438692227714154,0.03969182856861097,-3616.399444505608,-3119.255487284896,1867.4674760053372,0.45,0.0,0.08,0.6138617372276834,0.6182088477113782,1.0,-0.04012687882760009,0.0023656254494707624
1.5333333333333332,21.70740960062166,0.5055989176619006,21.713296890032666,-0.3815265720895812,-0.2647098906902958,-0.0464,1.1065018803543822,-5.644188563150965,31.77234444741629,-5.2747488889222875,0.023287325770517477,0.05445553454455656,0.03974434970264554,-3619.8835377848063,-3122.4225322247107,1866.0707795771236,0.45,0.0,0.08,0.6144197472429335,0.6185827793791651,1.0,-0.0401670434374688,0.002362336512745239
1.55,21.723599655757578,0.5072987184655913,21.72952217591053,-0.38593906023752395,-0.2647727796711342,-0.0464,1.1049658869270542,-5.649826684888328,32.11107001626839,-5.402617225346418,0.023348180809182842,0.05452415009289093,0.039796801579448544,-3623.3655987480456,-3125.584334590739,1864.679062399335,0.45,0.0,0.08,0.6149774495086913,0.6189566940249984,1.0,-0.040207167306151884,0.0023590572292472734
1.5666666666666667,21.739756131327233,0.508998491001345,21.74571397111214,-0.3903525843621811,-0.26483450553377014,-0.0464,1.1034344457361132,-5.655456968534481,32.44948810618382,-5.532055067058798,0.023408979880387024,0.05459274672098681,0.03984916703697197,-3626.844397683886,-3128.7395985831463,1863.2922999262835,0.45,0.0,0.08,0.6155346363332532,0.6193303959237373,1.0,-0.0402472353948151,0.0023557876645888534
1.5833333333333333,21.755879110782697,0.510697859668358,21.761872350210602,-0.3947671255420441,-0.26489511299686713,-0.0464,1.1019075826077138,-5.661077541315095,32.78759080415697,-5.66306232532834,0.023469706045162738,0.05466130441111596,0.03990143133169727,-3630.3188220349266,-3131.887202069557,1861.9104675806695,0.45,0.0,0.08,0.6160911198459297,0.6197037144815747,1.0,-0.04028723437580172,0.0023525278739077683
1.6,21.771968679200548,0.51239649358842,21.777997390364693,-0.3991826656143423,-0.26495464798164425,-0.0464,1.100385318711328,-5.666686755007425,33.12537019266397,-5.79563886969083,0.023530344464607188,0.054729805215608274,0.03995358193322109,-3633.787870913794,-3135.0261825135667,1860.5335407797588,0.45,0.0,0.08,0.6166467310655955,0.620076502244148,1.0,-0.040327152519483316,0.00234927790239998
1.6166666666666667,21.78802492300781,0.5140941033763092,21.79408917098248,-0.40359918718826315,-0.26501315696885974,-0.0464,1.0988676708229588,-5.672283170047952,33.462818350089485,-5.929784527506991,0.02359088224398657,0.05479823313860551,0.04000560832659078,-3637.250649242873,-3138.1557233419,1859.161494959268,0.45,0.0,0.08,0.6172013189061002,0.6204486329611624,1.0,-0.04036697958116133,0.0023460377858815725
1.6333333333333333,21.804047929731126,0.5157904379605173,21.810147773408225,-0.4080166736484216,-0.2650706864476601,-0.0464,1.0973546515970976,-5.677865539822086,33.79992735113635,-6.065499083577004,0.023651308279866074,0.054866574014973385,0.0400575018233175,-3640.7063616421924,-3141.27514083195,1857.79430559504,0.45,0.0,0.08,0.6177547491395566,0.6208199997199002,1.0,-0.04040670668926427,0.00234280755136937
1.65,21.82003778776842,0.5174852814803892,21.826173280632375,-0.4124351091500267,-0.26512728244802247,-0.0464,1.0958462698430267,-5.683432795280675,34.136689267218564,-6.202782279807058,0.023711613111439787,0.054934815388116544,0.040109255381753105,-3644.1543061728366,-3144.383871582372,1856.431948222592,0.45,0.0,0.08,0.6183069033356396,0.6211905131572398,1.0,-0.040446326235870585,0.0023395872176708325
1.6666666666666667,21.835994586182046,0.5191784502808794,21.842165777024213,-0.4168544786070528,-0.2651829901489048,-0.0464,1.0943425308017263,-5.688984030001215,34.47309616683852,-6.341633814923623,0.02377178877700484,0.055002946388178736,0.04016086343730694,-3647.5938680276513,-3147.4814606128234,1855.074398454645,0.45,0.0,0.08,0.618857677792389,0.6215600997574127,1.0,-0.04048583177039636,0.0023363767959752395
1.6833333333333333,21.8519184145125,0.5208697900217806,21.85812534808664,-0.4212747676746013,-0.26523785355462604,-0.0464,1.0928434364202273,-5.694518485787921,34.80914011594892,-6.482053344231312,0.02383182867632013,0.055070957611874034,0.04021232174279681,-3651.0245132470086,-3150.567550124415,1853.721631996731,0.45,0.0,0.08,0.619406982471634,0.6219287002406105,1.0,-0.040525217897117695,0.0023331762904394223
1.7,21.867809362611517,0.522559172914441,21.874052080232346,-0.42569596272651367,-0.2652919152324307,-0.0464,1.0913489856207936,-5.700035538883624,35.14481317830046,-6.624040479410376,0.023891727439410523,0.055138841004982286,0.040263627219072604,-3654.445782524676,-3153.6418689400894,1852.373624660995,0.45,0.0,0.08,0.6199547399500125,0.6222962680457561,1.0,-0.0405644801770473,0.0023299856987624586
1.7166666666666666,21.8836675204935,0.5242464950956095,21.889946060580463,-0.43011805082918864,-0.26534521610462986,-0.0464,1.0898591745627793,-5.7055346868482015,35.48010741577597,-6.767594788350033,0.023951480802220204,0.0552065897483515,0.04031477781591883,-3657.857285157485,-3156.7042226334866,1851.0303523783034,0.45,0.0,0.08,0.6205008843946316,0.6226627679091823,1.0,-0.040603615034554424,0.002326805012744725
1.7333333333333334,21.899492978204062,0.5259316741451069,21.905807376772902,-0.43454101971244624,-0.2653977952891544,-0.0464,1.0883739968954438,-5.711015536142088,35.81501488871189,-6.912715795014083,0.024011085489382803,0.05527419814808102,0.040365772383130855,-3661.2586931823685,-3159.7544843458927,1849.6917912087752,0.45,0.0,0.08,0.6210453605707069,0.6230281745396433,1.0,-0.04064261966900251,0.0023236342188276493
1.75,21.915285825704604,0.5276146467514591,21.921636116809253,-0.4389648577381868,-0.2654496899827968,-0.0464,1.08689344400036,-5.7164777904395665,36.14952765620796,-7.0594029793354505,0.02407053910425759,0.05534166153040935,0.04041661055156727,-3664.649735735331,-3162.7925862833595,1848.3579173508472,0.45,0.0,0.08,0.6215881228869963,0.6233924713889618,1.0,-0.04068149197158037,0.00232047329861124
1.7666666666666666,21.931046152771696,0.5292953665274369,21.937432368899273,-0.44338955386749945,-0.2655009353818505,-0.0464,1.0854175052224067,-5.721921239684634,36.48363777642599,-7.207655777136495,0.02412984002628098,0.0554089761416987,0.04046729262390533,-3668.030193659025,-3165.8185118799056,1847.0287071489877,0.45,0.0,0.08,0.6221291344835078,0.6237556495166936,1.0,-0.04072023044741793,0.0023173222293472466
1.7833333333333332,21.946774048910168,0.5309738019755674,21.9531962213319,-0.4478150976267937,-0.26555156463527935,-0.0464,1.083946168088595,-5.727345749892084,36.817337306878564,-7.3574735800722015,0.02418898731559676,0.055476139053793415,0.040517819474765626,-3671.3998943786287,-3168.8322886076407,1845.7041371001683,0.45,0.0,0.08,0.6226683663647856,0.6241177065464198,1.0,-0.04075883414300532,0.002314180984406345
1.8,21.9624696032788,0.5326499346021043,21.96892776235966,-0.45224147907344786,-0.2656016088259573,-0.0464,1.082479418514252,-5.732751253687955,37.150618304708445,-7.508855735593501,0.024247980624857373,0.05554314807492915,0.04056819245982484,-3674.7587070597065,-3171.83398141068,1844.384183859201,0.45,0.0,0.08,0.6232057965810587,0.6244786457106745,1.0,-0.0407973025788736,0.002311049533718331
1.8166666666666667,21.978132904627536,0.5343237571766208,21.984627080097468,-0.45666868876140004,-0.2656510969759112,-0.0464,1.0810172409962804,-5.738137741576352,37.48347282695965,-7.661801546928257,0.02430682011802924,0.055610001666283666,0.040618413333499484,-3678.1065380564796,-3174.8236867365836,1843.0688242430401,0.45,0.0,0.08,0.6237414094586541,0.6248384749810212,1.0,-0.040835635687445,0.002307927844184724
1.8333333333333333,21.99376404124515,0.5359952721333111,22.000294262434707,-0.4610967177070429,-0.26570005607187497,-0.0464,1.0795596187934147,-5.7435052539139,37.81589293084077,-7.816310273077603,0.024365506395987405,0.05567669886418651,0.04066848417475773,-3681.4433266544847,-3177.801527136772,1841.758035234154,0.45,0.0,0.08,0.6242751948803227,0.6251972062794365,1.0,-0.04087383375591865,0.002304815880063601
1.8499999999999999,22.009363100916456,0.5376644901092041,22.01592939695954,-0.46552555735572465,-0.2657485111078156,-0.0464,1.0781065340935263,-5.748853873568359,38.1478706739815,-7.972381128825561,0.024424040428646234,0.05574323920794241,0.04071840732059951,-3684.769041107766,-3180.7676464056944,1840.4517939830496,0.45,0.0,0.08,0.6248071476154802,0.6255548547668798,1.0,-0.040911897374025556,0.002301713603326793
1.8666666666666667,22.02493017088804,0.5393314286138133,22.031532570894495,-0.4699551995491087,-0.2657964851414318,-0.0464,1.0766579681681843,-5.754183719234266,38.47939811468294,-8.13001328476002,0.0244824234933437,0.055809622673171425,0.040768185306735545,-3688.0836749675477,-3183.7222052275233,1839.1500778100467,0.45,0.0,0.08,0.6253372666998276,0.6259114382047554,1.0,-0.04094982738645909,0.002298620973989861
1.8833333333333333,22.040465337841685,0.5409961108242154,22.047103871042285,-0.4743856364935955,-0.26584399936193376,-0.0464,1.0752139015147688,-5.759494939375722,38.810467312162366,-8.28920586730336,0.02454065711917466,0.05587584961052574,0.04081782081499291,-3691.3872436966894,-3186.665377298584,1837.8528642063795,0.45,0.0,0.08,0.6258655548633693,0.6262669763848656,1.0,-0.040987624849768624,0.0022955379504155057
1.9,22.055968687874593,0.5426585644991717,22.062643383740962,-0.47881686072996943,-0.2658910731667133,-0.0464,1.0737743139865228,-5.764787706764343,39.14107032679328,-8.449957958751176,0.02459874303695319,0.055941920689608605,0.0408673166269772,-3694.679781562058,-3189.597345893634,1836.5601308347061,0.45,0.0,0.08,0.6263920180054816,0.6266214906234066,1.0,-0.04102529099348875,0.0022924644895912193
1.9166666666666667,22.07144030648572,0.5443188210056515,22.07815119482751,-0.48324886510439696,-0.26593772424478207,-0.0464,1.0723391849110049,-5.7700622135790995,39.471199220341056,-8.612268597317723,0.024656683134474538,0.05600783684789304,0.04091667558352829,-3697.961338795173,-3192.518300844356,1835.2718555290949,0.45,0.0,0.08,0.6269166647153865,0.6269750033145817,1.0,-0.04106282718526709,0.002289400547382181
1.9333333333333333,22.08688027856737,0.545976914450965,22.093627389609015,-0.4876816427408684,-0.26598396866511226,-0.0464,1.0709084931974462,-5.775318667033921,39.80084605619494,-8.77613677718683,0.024714479416742603,0.056073599244417,0.04096590054951739,-3701.2319790101633,-3195.4284358989635,1833.9880162945558,0.45,0.0,0.08,0.6274395058361644,0.627327537539448,1.0,-0.04110023489974802,0.0022863460787604564
1.95,22.102288688401494,0.5476328809136601,22.109072052840627,-0.4921151870151483,-0.26602982096824435,-0.0464,1.0694822174335665,-5.7805572854986975,40.13000289959693,-8.941561448567217,0.02477213397082826,0.05613920921801642,0.04101499438354694,-3704.491776867009,-3198.327946432649,1832.7085913061799,0.45,0.0,0.08,0.6279605540702589,0.6276791167257257,1.0,-0.04113751569096764,0.002283301038011698
1.9666666666666666,22.117665619659977,0.5492867577663635,22.124485268709563,-0.4965494915302736,-0.26607529425974447,-0.0464,1.068060335972423,-5.785778295079381,40.45866181786784,-9.108541517751219,0.024829648935027142,0.05620466824984646,0.04106395991213098,-3707.740815967324,-3201.21702747954,1831.43355890794,0.45,0.0,0.08,0.6284798236243109,0.6280297643544047,1.0,-0.041174671168016,0.002280265378920564
1.9833333333333334,22.13301115540841,0.5509385830838291,22.13986712082445,-0.5009845500936173,-0.26612040030428796,-0.0464,1.066642827009877,-5.790981926623373,40.786814880631255,-9.277075847176132,0.024887026471991397,0.05626997792993535,0.041112799907951796,-3710.979186969447,-3204.095872058048,1830.162897611207,0.45,0.0,0.08,0.6289973298910737,0.6283795037091506,1.0,-0.041211702973725804,0.002277239054936104
2.0,22.148864359233453,0.5729418851083462,22.15627348647406,-0.5054017319192254,-0.26436396114389177,-0.0464,1.1002517148341715,-4.554056632937269,41.11456369022553,-9.446976437863313,0.02586200962549939,0.0571034818649257,0.04177053400193785,-2834.703798786275,-2606.0870164662865,1828.8626154323456,0.45,0.0,0.08,0.8746228130139816,0.984609554235524,0.55,-0.03240908565424758,0.0023489926635559665
2.0166666666666666,22.1646104787827,0.5940058878512765,22.172568652976718,-0.5097889382503139,-0.2625462363497334,-0.0464,1.098336700538512,-4.579035125971634,41.44196569958302,-9.618132899265696,0.026793330722347204,0.058159323970274575,0.04259126727656763,-2847.433587669701,-2622.2900425882567,1827.5609277926148,0.45,0.0,0.08,0.8784926818913097,0.9885504067358595,0.55,-0.032586845876729185,0.0023449041859190225
2.033333333333333,22.180252816559328,0.6139799465118535,22.18874909455706,-0.5141452095896922,-0.2606661358171525,-0.0464,1.0963249622700117,-4.608693758330379,41.769011392195,-9.790549788124567,0.027674310169844753,0.05916908349498799,0.04335943222652772,-2862.7330628173404,-2641.677248115004,1826.2697421282776,0.45,0.0,0.08,0.8831506770523089,0.9933185583818482,0.55,-0.03279791245625971,0.0023406092065338603
2.05,22.19577731561308,0.6328385276363414,22.204797122386527,-0.5184696043799879,-0.25874632618519483,-0.0464,1.0909634745252734,-4.63437179525935,42.09569071101015,-9.96423229503654,0.028503941129596318,0.060129869340235856,0.044072443092430455,-2878.5641875350293,-2655.360667072362,1820.9634371511495,0.45,0.0,0.08,0.8879244616355112,0.995997499969449,0.55,-0.032980651004622295,0.0023291626482523915
2.0666666666666664,22.21109933004025,0.6507276035240153,22.22062960095646,-0.5227627886934918,-0.2569102274991674,-0.0464,1.081859808277122,-4.653727637271011,42.421993334323574,-10.139183560003096,0.029289028348759436,0.06104084630570005,0.04474338440200339,-2894.3655161592574,-2660.93814527164,1811.1311094978591,0.45,0.0,0.08,0.8925083181174714,0.996031152283354,0.55,-0.03311839745624282,0.00230972669106182
2.0833333333333335,22.2262208670844,0.6677145203432405,22.236248260736236,-0.5270263782618727,-0.25517009830530546,-0.0464,1.0733434964185562,-4.671828884740743,42.74790903406381,-10.315405311450041,0.030032714998323072,0.061904017263608425,0.04537855285399924,-2909.1693222644103,-2666.0987040783584,1801.9474957355123,0.45,0.0,0.08,0.8967994210146536,0.9960627602846739,0.55,-0.033247215546789256,0.002291544711605109
2.1,22.241155661199574,0.6838538415923537,22.2516664819148,-0.531261910314523,-0.25351984513815473,-0.0464,1.0654331783902273,-4.688586433717106,43.073427916207855,-10.492898990243726,0.03073754218835676,0.06272228200140735,0.04598011947853107,-2922.870436720514,-2670.8447477162485,1793.4309816666369,0.45,0.0,0.08,0.9007673490159953,0.99609215483963,0.55,-0.03336647116522013,0.002274656504329977
2.1166666666666667,22.25591691588484,0.6991978423788014,22.26689730046726,-0.5354708148300451,-0.25195293978995675,-0.0464,1.0581008747696807,-4.704043275126316,43.39854043376283,-10.671665752016764,0.03140593799310616,0.06349849078469652,0.046550128434148734,-2935.490872265836,-2675.2034993925304,1785.549864440651,0.45,0.0,0.08,0.9044187725943857,0.9961194090187344,0.55,-0.03347647025779885,0.002259002334307416
2.1333333333333333,22.27051690553622,0.7137952293454385,22.28195294109587,-0.5396544142953728,-0.25046302648264207,-0.0464,1.0513020776402318,-4.718292346259814,43.72323737281126,-10.851706480212295,0.03204016151042849,0.0642353277219331,0.04709046964524754,-2947.1022043337825,-2679.210002620708,1778.254825954573,0.45,0.0,0.08,0.9077748715392638,0.9961446758462924,0.55,-0.03357787421565019,0.0022444871789454555
2.15,22.284966880361623,0.7276908416402481,22.296844683044764,-0.5438139293861486,-0.24904416121328724,-0.0464,1.0449888550115582,-4.731439961872356,44.04750982951437,-11.033021806643546,0.03264229069805561,0.06493527359822485,0.04760287746812451,-2957.790958303177,-2682.8996172891802,1771.4930468595262,0.45,0.0,0.08,0.9108611695389879,0.9961681293190141,0.55,-0.033671439631032654,0.0022310087053941698
2.1666666666666665,22.299277098007682,0.7409257676904264,22.311582868253826,-0.5479504867171776,-0.24769088351366556,-0.0464,1.039115262940666,-4.743590314561417,44.37134918504813,-11.215612133567802,0.0332142286496976,0.06560060340060324,0.048088939829222,-2967.6436725099093,-2686.3051380215916,1765.2140140974584,0.45,0.0,0.08,0.9137031546624124,0.9961899395784537,0.55,-0.033757907993806416,0.0022184688252038206
2.183333333333333,22.313456902429593,0.7535376197738105,22.326176965190374,-0.5520651269438029,-0.24639821485668392,-0.0464,1.0336393040092529,-4.754839547330769,44.69474708139949,-11.39947765479899,0.03375771677397119,0.06623339796315943,0.048550110796871604,-2976.7409776162413,-2689.455922969673,1759.3716056352025,0.45,0.0,0.08,0.9163245489872112,0.9962102635001799,0.55,-0.033837963508647775,0.0022067778755943835
2.2,22.327514815144486,0.7655608516417922,22.340635649821223,-0.5561588124910768,-0.24516162745286754,-0.0464,1.0285233800574056,-4.765274065354075,45.01769539911421,-11.584618374969203,0.03427434976364745,0.06683556042232014,0.04898772356987697,-2985.1557162414038,-2692.3778587749916,1753.9245558966538,0.45,0.0,0.08,0.9187467638688538,0.9962292420673111,0.55,-0.0339122210806622,0.002195855586023573
2.216666666666667,22.341458624329512,0.77702707050203,22.354966887269605,-0.5602324346450627,-0.2439770033341248,-0.0464,1.0237341247638108,-4.774970639165033,45.34018623727686,-11.771034126740972,0.034765590199234926,0.06740883340920475,0.04940300268158745,-2992.9528027614906,-2695.0936416270133,1748.836256836478,0.45,0.0,0.08,0.9209888648596356,0.9962470005912938,0.55,-0.03398122704974023,0.0021856307207524053
2.2333333333333334,22.355295466342042,0.7879653246837918,22.369178007704196,-0.5642868199449247,-0.24284059245696218,-0.0464,1.0192420120831465,-4.783997192232036,45.66221189566383,-11.958724586056183,0.03523278197094745,0.06795481531188743,0.04979707502114457,-3000.189773860894,-2697.623149874698,1744.074320935845,0.45,0.0,0.08,0.923067738152123,0.9962636500101368,0.55,-0.03404546479535703,0.002176040242874952
2.25,22.36903189822071,0.7984023616190001,22.383275774440488,-0.568322735900978,-0.2417489733892841,-0.0464,1.0150209124072802,-4.792413784763175,45.983764858882616,-12.147689285609259,0.03567716229511413,0.06847497502572639,0.05017097961609422,-3006.9175612425024,-2699.9838159251794,1739.6100906690833,0.45,0.0,0.08,0.9249983211545258,0.9962792884885774,0.55,-0.034105361737851274,0.0021670283667405504
2.2666666666666666,22.38267396137652,0.808362856407501,22.397266444119953,-0.5723408960963969,-0.24069901779714767,-0.0464,1.011047666714813,-4.800273588695438,46.304837782277644,-12.337927626754832,0.03609987235009676,0.06897066508378576,0.05052567625602116,-3013.1812854896707,-2702.19096345311,1735.4181695717077,0.45,0.0,0.08,0.9267938384005149,0.9962940029967523,0.55,-0.03416129627696613,0.002158545648780399
2.283333333333333,22.396227237291516,0.8178696133934057,22.411155819566975,-0.5763419647386777,-0.23968785891719444,-0.0464,1.0073017037143437,-4.807623776398507,46.62542347938771,-12.529438890050619,0.03650196665080441,0.06944313325312224,0.05086205308113405,-3019.0209917827065,-2704.258100895751,1731.4760013879632,0.45,0.0,0.08,0.9284660197060561,0.9963078707464834,0.55,-0.03421360411633745,0.0021505481701239986
2.3,22.409696896198415,0.8269437438013987,22.424949296149972,-0.5803265607251425,-0.2387128637783599,-0.0464,1.0037647054724799,-4.8145063015705265,46.94551491076061,-12.722222244615278,0.03688442130672264,0.06989353275046303,0.05118093326538418,-3024.472302294063,-2706.1971722863727,1727.7635028554928,0.45,0.0,0.08,0.9300252933393628,0.9963209604525382,0.55,-0.03426258382076278,0.0021429968227285523
2.3166666666666664,22.423087739684778,0.8356048224573306,22.438651902485493,-0.5842952612810755,-0.23777160879030784,-0.0464,1.000420319140498,-4.820958574071417,47.26510517395369,-12.9162767564579,0.03724814130570555,0.07032293124376923,0.05148308091430054,-3029.56698314264,-2708.0187700402353,1724.262747281075,0.45,0.0,0.08,0.9314809537048577,0.9963333334226405,0.55,-0.03430850161867366,0.0021358566939271113
2.3333333333333335,22.43640423806878,0.8438710263480207,22.452268336253695,-0.5882486052223413,-0.2368618582908006,-0.0464,0.9972539096746325,-4.8270140390436005,47.58418749457259,-13.1116013959138,0.03759396695248946,0.07073231879689909,0.0517692062835886,-3034.3334327609914,-2709.7323151128,1720.9576931948645,0.45,0.0,0.08,0.9328413056481081,0.9963450444933096,0.55,-0.034351595523466234,0.002129096538496449
2.35,22.449650563281537,0.8517592574375553,22.465802995799585,-0.5921870958877626,-0.23598154566839605,-0.0464,0.9942523479294103,-4.832702672892521,47.902755218220285,-13.308195044301899,0.03792267957479912,0.0711226148976406,0.052039970409993294,-3038.797101275352,-2711.34620966911,1717.8339518619118,0.45,0.0,0.08,0.934113788272556,0.9963561428318995,0.55,-0.034392078863162076,0.002122688326244946
2.3666666666666667,22.46283061788384,0.859285251825078,22.479260008099548,-0.5961112037805518,-0.2351287567181117,-0.0464,0.9914038288603637,-4.838051408305832,48.2208018032474,-13.506056499902254,0.038235006594262835,0.07149467469106646,0.05229598923261604,-3042.980850618683,-2712.867966762449,1714.8785878493084,0.45,0.0,0.08,0.9353050811770347,0.9963666726244577,0.55,-0.03443014330507046,0.00211660685388278
2.3833333333333333,22.47594806075018,0.8664636770293856,22.492643253587406,-0.6000213689528511,-0.23430171493190435,-0.0464,0.9886977152159746,-4.843084499162019,48.53832081420906,-13.705184483338124,0.038531626045308374,0.07184929452300938,0.052537837271283666,-3046.9052642173183,-2714.304320821207,1712.07994756712,0.45,0.0,0.08,0.9364211957517399,0.9963766736668224,0.55,-0.03446596145267188,0.00211082941131058
2.4,22.489006329871863,0.8733082189256373,22.50595638825997,-0.6039180031629047,-0.23349876846724973,-0.0464,0.9861244027817261,-4.847823834639715,48.855305915947476,-13.905577642434977,0.03881317061305898,0.07218721688329814,0.05276605091869784,-3050.588913925605,-2715.6613221004523,1709.4275114574516,0.45,0.0,0.08,0.9374675538180529,0.996386181873901,0.55,-0.03449968908098681,0.00210533549392096
2.4166666666666665,22.502008662662238,0.879831659637917,22.519202863419203,-0.6078014918304925,-0.23271837857382557,-0.0464,0.9836752038665243,-4.85228921037938,49.17175086822978,-14.10723455661873,0.03908023125090987,0.07250913482536547,0.05298113139477449,-3054.048590726856,-2716.944417703061,1706.9117661977257,0.45,0.0,0.08,0.9384490555506715,0.99639522971971,0.55,-0.034531467066306214,0.002100106553846765
2.433333333333333,22.514958114089705,0.8860459475040613,22.532385943355006,-0.6116721958129301,-0.23195910928999486,-0.0464,0.9813422462646277,-4.856498563267509,49.487649520880304,-14.310153740906996,0.03933336042973191,0.07281569592777423,0.05318354740459419,-3057.2995046822475,-2718.1585213163994,1704.5240938815102,0.45,0.0,0.08,0.9393701383104247,0.9964038466187111,0.55,-0.034561423057040644,0.002095125784248902
2.45,22.527857572916115,0.8919622600711802,22.545508721228387,-0.6155304530210838,-0.23121961824780463,-0.0464,0.9791183853830852,-4.86046817532764,49.802995809354506,-14.514333649539894,0.03957307506328846,0.07310750585386144,0.053373737535514436,-3060.3554587200833,-2719.3080734342166,1702.2566756423157,0.45,0.0,0.08,0.9402348277507194,0.9964120592572425,0.55,-0.03458967292471696,0.0020903779317119945
2.466666666666667,22.54070977627785,0.8975910609470473,22.558574133377313,-0.6193765798924077,-0.23049864844812495,-0.0464,0.9769971276042634,-4.864212851297338,50.11778375070831,-14.719772679290843,0.039799859148245624,0.07338513155781251,0.0535521124240553,-3063.2290001110114,-2720.39709352659,1700.102407602611,0.45,0.0,0.08,0.9410467823379554,0.9964198918823904,0.55,-0.03461632202771045,0.002085849132626492
2.4833333333333334,22.553517322813217,0.9029421512199396,22.571584972236344,-0.6232108727359107,-0.22979502088694836,-0.0464,0.9749725632667523,-4.867746073721514,50.43200743992247,-14.926469172492533,0.040014166151913576,0.07364910417881687,0.0537190567190029,-3065.931552853585,-2721.429225370978,1698.0548273746617,0.45,0.0,0.08,0.9418093322413035,0.9964273665544505,0.55,-0.03464146631497127,0.0020815267701056327
2.5,22.56628268451128,0.9080247160641339,22.584543898034713,-0.6270336089621499,-0.2291076279302969,-0.0464,0.9730393079069162,-4.8710801387743565,50.74566104654672,-15.13442141980886,0.040216421176417494,0.0738999216593191,0.053874930863648814,-3068.4735336797708,-2722.4077765538286,1696.108049623988,0.45,0.0,0.08,0.9425255133941238,0.9964345033681465,0.55,-0.03466519329260543,0.002077399348538542
2.5166666666666666,22.579008217433415,0.9128473670672449,22.59745344941521,-0.6308450482097874,-0.22843542734911926,-0.0464,0.9711924506173188,-4.874226275511733,51.05873881163247,-15.343627662779747,0.04040702292422592,0.07413805111859564,0.054020072717088814,-3070.8644539635984,-2723.3357529857713,1694.2567094409992,0.45,0.0,0.08,0.9431980974025853,0.9964413206469461,0.55,-0.034687582872538224,0.0020734563833375713
2.533333333333333,22.591696171438493,0.9174181807465543,22.610316053097378,-0.6346454333788977,-0.22777743693740723,-0.0464,0.9694275085555124,-4.877194750833798,51.37123504492676,-15.554086096162523,0.040586345486752204,0.07436393100881764,0.0541547990319539,-3073.113009462508,-2724.215889137032,1692.4959124608022,0.45,0.0,0.08,0.9438296178720358,0.9964478351141454,0.55,-0.034708708119483886,0.0020696883038164144
2.55,22.60434869902539,0.9217447336624787,22.623134032692406,-0.638434991580038,-0.22713272964685635,-0.0464,0.9677403867838384,-4.87999496208742,51.68314412230317,-15.765794870090716,0.04075473997499962,0.0745779730772861,0.0542794068037664,-3075.2271595269763,-2725.050674587439,1690.821190832633,0.45,0.0,0.08,0.9444223936344504,0.9964540620438348,0.55,-0.034728635909953655,0.002066086367449712
2.5666666666666664,22.616967863391935,0.9258341344867401,22.635909616763456,-0.6422139350070769,-0.2265004291800211,-0.0464,0.9661273427435466,-4.882635518946653,51.99446048340825,-15.978752092068646,0.04091253600886787,0.07478056415555236,0.054394174505244516,-3077.214197168984,-2725.8423773926816,1689.228464274866,0.45,0.0,0.08,0.9449785492876325,0.9964600153943786,0.55,-0.03474742751496068,0.002062642584026744
2.5833333333333335,22.629555645796703,0.9296930533393196,22.64864494621338,-0.6459824617408839,-0.2258797059913045,-0.0464,0.9645849547690452,-4.885124315966538,52.30517862950446,-16.19295582881814,0.04106004307971628,0.07497206779358377,0.05449936321727142,-3079.0808111750475,-2726.5930646916568,1687.7140055640189,0.45,0.0,0.08,0.9455000333961482,0.9964657079266691,0.55,-0.03476513911635143,0.002059349648430632
2.6,22.64211395229955,0.9333277486707698,22.661342081071826,-0.6497407564902111,-0.2252697736514668,-0.0464,0.9631100941340606,-4.887468597001932,52.6152931214928,-16.40840410799179,0.04119755179903465,0.07515282575493719,0.05459521766685806,-3080.8331412777356,-2727.3046209157847,1686.27440990044,0.45,0.0,0.08,0.9459886346531047,0.9964711513090732,0.55,-0.03478182226524427,0.002056200880958028
2.6166666666666667,22.654644619947288,0.9367440919340513,22.674003006744968,-0.6534889912754116,-0.22466988553680345,-0.0464,0.9616999001938413,-4.889675012512136,52.92479857809978,-16.625094919765644,0.04132533504456589,0.07532315938700535,0.054681967181229585,-3082.4768272551323,-2727.9787639077836,1684.9065676727291,0.45,0.0,0.08,0.9464459962591344,0.9964763562107232,0.55,-0.03479752428983963,0.0020531901742487316
2.6333333333333333,22.667149422463194,0.9399475902619452,22.68662963978371,-0.6572273260600463,-0.22407933180885786,-0.0464,0.9603517582485719,-4.8917496706281,53.23368967421563,-16.843026218322755,0.04144364901391719,0.07548337087875902,0.05475982656612455,-3084.0170527057835,-2728.61705921267,1683.6076402098884,0.45,0.0,0.08,0.9468736287388851,0.9964813323845708,0.55,-0.03481228865884138,0.0020503119460249775
2.65,22.67963007549197,0.9429434073416751,22.699223833219698,-0.6609559093349019,-0.22349743665461677,-0.0464,0.9590632798048847,-4.893698182737243,53.54196113937144,-17.06219592323789,0.04155273419456141,0.075633744416983,0.05482899691549174,-3085.458584143515,-2729.220932766112,1682.3750381669247,0.45,0.0,0.08,0.9472729213848331,0.9964860887414195,0.55,-0.0348261553058626,0.002047561096950566
2.6666666666666665,22.692088241445955,0.9457363826570868,22.711787381512956,-0.6646748786584824,-0.22292355576067663,-0.0464,0.9578322849562539,-4.895525704237741,53.849607756344625,-17.282601920772468,0.041652816258140775,0.07577454725076357,0.0548896663589805,-3086.80580596898,-2729.791682173559,1681.2064022377745,0.45,0.0,0.08,0.9476451524923774,0.9964906334159994,0.55,-0.03483916091945472,0.0020449329730137223
2.683333333333333,22.704525533993174,0.9483310492501534,22.724322025150055,-0.6683843611576248,-0.22235707399794646,-0.0464,0.9566567866404367,-4.897236971026443,54.156624359883075,-17.504242065088047,0.04174410688612132,0.0759060306729045,0.05494201075293049,-3088.0627518002925,-2730.3304867466672,1680.0995859304342,0.45,0.0,0.08,0.9479914985281788,0.9964949738259872,0.55,-0.03485133920277495,0.0020424233319173727
2.7,22.716943522223254,0.9507316501373121,22.736829454927392,-0.6720844739915288,-0.22179740329613684,-0.0464,0.9555349765641202,-4.898836332209764,54.4630058355392,-17.727114179385698,0.04182680453309059,0.07602843092600367,0.0549861943199648,-3089.233132581536,-2730.8384164408176,1679.0526401742602,0.45,0.0,0.08,0.9483130423549514,0.9964991167247755,0.55,-0.03486272110637436,0.002040028313028838
2.716666666666667,22.72934373452346,0.9529421535018692,22.74931131595068,-0.6757753247821697,-0.22124398068962595,-0.0464,0.9544652126122322,-4.900327779462973,54.768747118606235,-17.95121605697794,0.041901095133327945,0.07614197004009438,0.055022370241758406,-3090.3203618335638,-2731.316439817992,1678.063799559375,0.45,0.0,0.08,0.9486107806198769,0.9965030682486655,0.55,-0.03487333503713413,0.002037744410499224
2.7333333333333334,22.741727662193515,0.9549662667711788,22.76176921137829,-0.6794570120137761,-0.22069626651834678,-0.0464,0.9534460075829506,-4.901714973408511,55.07384319314972,-18.176545462299284,0.04196715275569429,0.07624685660802927,0.0550506812090897,-3091.327578364863,-2731.765431142797,1677.1314700339613,0.45,0.0,0.08,0.9488856304000636,0.9965068339590951,0.55,-0.03488320704598769,0.0020355684492131265
2.75,22.754096762824947,0.9568074496762595,22.77420470593335,-0.6831296254038046,-0.2201537427691369,-0.0464,0.9524760191096475,-4.903001267336838,55.378289091127925,-18.40310013186074,0.04202514021137495,0.07634328650414562,0.05507125993287134,-3092.257666720118,-2732.1861767051364,1676.2542179074135,0.45,0.0,0.08,0.9491384351866508,0.9965104188804195,0.55,-0.034892360996730896,0.002033497563272389
2.7666666666666666,22.76645246346813,0.9584689263817748,22.786619329207078,-0.6867932462476141,-0.21961591154457655,-0.0464,0.9515540406485152,-4.904189728552791,55.68207989159551,-18.63087777515333,0.042075209618556694,0.0764314435511878,0.055084229619494385,-3093.11327560959,-2732.57938045086,1675.430760026523,0.45,0.0,0.08,0.94936997027899,0.9965138275337012,0.55,-0.03490081871793401,0.002031529176755052
2.783333333333333,22.778796163607772,0.9599536967657012,22.799014578773495,-0.6904479477388409,-0.21908229364773324,-0.0464,0.9506789934257612,-4.9052831575953135,55.98521071998532,-18.85987607550501,0.04211750292772012,0.07651150013996524,0.05508970441349953,-3093.896834532506,-2732.945668991166,1674.659955008495,0.45,0.0,0.08,0.9495809476515313,0.9965170639669119,0.55,-0.03490860013971951,0.0020296609865229427
2.8,22.791129237965592,0.9612645469203897,22.811391923133847,-0.6940937952673011,-0.21855242727246385,-0.0464,0.9498499192514039,-4.906284105548113,56.287676747463784,-19.09009269089509,0.042152152410874506,0.07658361780578521,0.05508778981030519,-3094.6105687818335,-2733.2855960524544,1673.9407954290307,0.45,0.0,0.08,0.9497720203484485,0.996520131781891,0.55,-0.034915723416953946,0.0020278909468794213
2.8166666666666664,22.80345303914721,0.962404058939979,22.823752804507333,-0.6977308466960763,-0.2180258667900139,-0.0464,0.9490659741181661,-4.907194889632476,56.58947319035569,-19.321525254729895,0.04217928111774842,0.07664794776530963,0.05507858304147094,-3095.2565129953455,-2733.5996464204363,1673.2724008762966,0.45,0.0,0.08,0.9499437864544286,0.9965230341583775,0.55,-0.03492220504021466,0.002026217255903276
2.8333333333333335,22.815768900148647,0.9633746200531295,22.83609864148324,-0.7013591526193057,-0.21750218162362098,-0.0464,0.9483264225139265,-4.908017607250499,56.890595309634726,-19.554171376583046,0.04219900330167093,0.07670463141714018,0.05506217343475135,-3095.8365233983714,-2733.8882394254247,1672.6540117925467,0.45,0.0,0.08,0.9500967926843201,0.9965257738753727,0.55,-0.0349280599357289,0.0020246383433060425
2.85,22.828078136736362,0.9641784311547199,22.84843083154825,-0.7049787566020672,-0.21698095520368874,-0.0464,0.9476306323849709,-4.908754148627083,57.1910384104763,-19.788028642903456,0.042211424817630634,0.07675380080912873,0.05503864275099689,-3096.3522888666175,-2734.1517320097714,1672.084984034819,0.45,0.0,0.08,0.9502315376293394,0.9965283533300792,0.55,-0.03493330155534095,0.0020231528596787456
2.8666666666666667,22.8403820497137,0.9648175147854253,22.860750753501524,-0.7085896954036256,-0.2164617839968638,-0.0464,0.9469780706949307,-4.909406208181508,57.490797841869835,-20.02309461769394,0.0422166434947797,0.07679557907513715,0.05500806549978238,-3096.805340922573,-2734.390421413141,1671.5647840945269,0.45,0.0,0.08,0.9503484746931673,0.9965307745546168,0.55,-0.03493794195743833,0.0020217596670104175
2.8833333333333333,22.852681927085346,0.9652937226038732,22.873059769769142,-0.7121919991852111,-0.2159442766030329,-0.0464,0.9463682995310869,-4.9099752947441635,57.789868996287694,-20.259366843163047,0.04221474948545378,0.07683008084372756,0.054970509235486305,-3097.1970627660335,-2734.604547506766,1671.0929849232439,0.45,0.0,0.08,0.9504480147474614,0.9965330392307079,0.55,-0.0349419918796594,0.0020204578303752137
2.9,22.86497904613056,0.96560874239233,22.885359228628552,-0.7157856917034078,-0.21542805291486988,-0.0464,0.9458009727156468,-4.910462740720508,58.08824730940838,-20.496842840352507,0.0422058255926043,0.07685741262104712,0.054926034835404945,-3097.528697427851,-2734.7942948036807,1670.6692623184956,0.45,0.0,0.08,0.9505305285329637,0.9965351487024768,0.55,-0.03494546080410907,0.0020192466106976254
2.9166666666666665,22.877274675395054,0.9657641046335261,22.897650466352886,-0.7193707904901407,-0.21491274333511476,-0.0464,0.9452758328849216,-4.910869710292578,58.38592825989195,-20.73552010974257,0.042189947577383716,0.0768776731499782,0.05487469676136087,-3097.8013551260187,-2734.95979416842,1670.2933918292422,0.45,0.0,0.08,0.9505963488294448,0.9965371039875154,0.55,-0.03494835701572499,0.0020181254585166443
2.933333333333333,22.889570076610568,0.9657611886932571,22.909934809284206,-0.7229473070201803,-0.21439798804726135,-0.0464,0.9447927090040025,-4.911197206737848,58.68290736920567,-20.97539613183731,0.04216718444848581,0.07689095374745218,0.05481654330615544,-3098.0160198943854,-2735.1011242464374,1669.965246145877,0.45,0.0,0.08,0.950645772415157,0.9965389057863339,0.55,-0.034950687654362524,0.002017094008679696
2.95,22.90186650655069,0.9656012286407416,22.922213575844303,-0.726515246867011,-0.213883436335781,-0.0464,0.9443515142887217,-4.911446078936098,58.979180201498316,-21.216468367731775,0.04213759873471919,0.07689733862167057,0.054751616826116234,-3098.173555546509,-2735.2183126306213,1669.6847929441897,0.45,0.0,0.08,0.9506790618341812,0.9965405544902977,0.55,-0.03495245876110101,0.0020161520759061123
2.966666666666667,22.914165218830714,0.9652853187363708,22.934488078490855,-0.7300746098478559,-0.21336874595241573,-0.0464,0.9439522445104386,-4.911617027126695,59.27474236352156,-21.45873425966287,0.0421012467421823,0.07689690517084012,0.05467995396090426,-3098.2747110303144,-2735.311336779794,1669.452093156887,0.45,0.0,0.08,0.9506964469880562,0.9965420501881532,0.55,-0.034953675319215685,0.002015299651167917
2.9833333333333334,22.92646746565894,0.964814418614385,22.946759625626537,-0.7336253901585897,-0.21285358252544578,-0.0464,0.9435949766625339,-4.911710607971417,59.569589504597374,-21.70219123154552,0.042058178797310136,0.07688972426490473,0.05460158584166822,-3098.320125223114,-2735.380124701686,1669.2672996499646,0.45,0.0,0.08,0.9506981265662996,0.9965433926712108,0.55,-0.0349543412902074,0.0020145368988428464
3.0,22.93877449954626,0.9641893581861636,22.959029523467954,-0.7371675764992304,-0.2123376190091758,-0.0464,0.9432798679705467,-4.9117272389715465,59.86371731663019,-21.946836689495814,0.042008439476976085,0.07687586051164784,0.05451653828856624,-3098.3103312112185,-2735.4245554108415,1669.130656284596,0.45,0.0,0.08,0.9506842693288631,0.9965445814372649,0.55,-0.03495445964523704,0.0020138641546010323
3.0166666666666666,22.95108757498054,0.963410842288172,22.971299077881177,-0.740701152190649,-0.21182053517119584,-0.0464,0.9430071552306001,-4.911667202282044,60.15712153416302,-22.192668022342506,0.04195206782675505,0.07685537250844073,0.05442483199861554,-3098.2457600935295,-2735.4444591699757,1669.042497348223,0.45,0.0,0.08,0.9506550152521688,0.996545615693299,0.55,-0.034954032392269116,0.0020132819239925674
3.033333333333333,22.96340795007207,0.9624794550971744,22.983569596190172,-0.744226095283111,-0.21130201711526203,-0.0464,0.9427771544632872,-4.911530647960503,60.449797934476756,-22.43968260212833,0.04188909756838621,0.0768283130808249,0.05432648272477908,-3098.1267443443103,-2735.439617521521,1669.0032473413264,0.45,0.0,0.08,0.9506104765491433,0.9965464943570336,0.55,-0.03495306059919318,0.002012790881708564
3.05,22.975736888175717,0.961395664334056,22.995842388964114,-0.747742378657217,-0.21078175683790942,-0.0464,0.9425902608724408,-4.9113175966838725,60.74174233773216,-22.687877784602403,0.04181955729741421,0.07679472950903962,0.05422150144715386,-3097.9535207665276,-2735.4097631144987,1669.0134211088725,0.45,0.0,0.08,0.9505507385725629,0.9965472160573516,0.55,-0.03495154441315739,0.002012391871493134
3.0666666666666664,22.988075659495603,0.9601598252765038,23.00811877178943,-0.7512499701177902,-0.21025945181716035,-0.0464,0.9424469491002977,-4.911027941961746,61.032950607154,-22.937250909704993,0.04174347067193488,0.07675466374353644,0.054109894537087075,-3097.726233063798,-2735.3545793303047,1669.0736243077574,0.45,0.0,0.08,0.9504758606100486,0.9965477791336365,0.55,-0.034949483076319454,0.002012085906688147
3.0833333333333335,23.00042554267756,0.9587721845998575,23.020400067032213,-0.7547488324812315,-0.20973480463192803,-0.0464,0.9423477737725113,-4.91066145187117,61.32341864925703,-23.187799302045832,0.04166085659332726,0.07670815261046265,0.05399166391501488,-3097.4449340559804,-2735.273699709563,1669.18455420374,0.45,0.0,0.08,0.950385876578184,0.9965481816340479,0.55,-0.03494687493819244,0.002011874171396818
3.1,23.012787826394618,0.9572328840646386,23.032687605596333,-0.7582389236568391,-0.2092075226109391,-0.0464,0.9422933703282201,-4.910217770334513,61.613142414113874,-23.439520271377116,0.041571729379814196,0.07665522800804173,0.053866807202792,-3097.109587560776,-2735.166707180859,1669.3470007933338,0.45,0.0,0.08,0.9502807956224522,0.9965484213127573,0.55,-0.03494371746473884,0.002011758022255863
3.1166666666666667,23.025163810930543,0.9555419640686085,23.04498272868265,-0.761720196722576,-0.2086773175102133,-0.0464,0.9422844561320405,-4.909696417958718,61.90211789566449,-23.69241111306226,0.041476098933662116,0.07659591709473308,0.05373531787125999,-3096.7200699613213,-2735.033133090799,1669.5618482479856,0.45,0.0,0.08,0.950160602628999,0.9965484956261497,0.55,-0.03494000724434303,0.0020117389908095628
3.1333333333333333,23.0375548097664,0.953699367080662,23.05728678955443,-0.7651925999957525,-0.20814390521834553,-0.0464,0.9423218318664233,-4.909096792451467,62.190341132067594,-23.946469108541535,0.041373970902802926,0.0765302424700129,0.05359718538378656,-3096.2761714776175,-2734.8724560336655,1669.8300766796408,0.45,0.0,0.08,0.9500252586536215,0.9965484017280039,0.55,-0.034935739990773006,0.002011818786482386
3.15,23.049962151174913,0.9517049409734551,23.069601155314093,-0.7686560770990809,-0.20760700548903693,-0.0464,0.9424063832042121,-4.908418168627043,62.4778082060941,-24.201691525795525,0.04126534683764017,0.07645822234858414,0.053452395336497746,-3095.77759715778,-2734.6841004776193,1670.152764228392,0.45,0.0,0.08,0.949874701272836,0.9965481364636549,0.55,-0.034930910543222074,0.0020119993001498334
3.1666666666666665,23.06238717982745,0.949558442271359,23.08192720869638,-0.7721105670225534,-0.20706634170051982,-0.0464,0.9425390827626566,-4.907659698012352,62.76451524556305,-24.458075619807463,0.041150224343785125,0.07637987072879471,0.05330092959591964,-3095.2239676033723,-2734.4674351832437,1670.5310894744978,0.45,0.0,0.08,0.9497088448613953,0.9965476963631281,0.55,-0.03492551286350506,0.002012282608310176
3.183333333333333,23.074831258418353,0.9472595393301502,23.09426634988288,-0.7755560041815883,-0.20652164064171696,-0.0464,0.9427209923413664,-4.906820408061209,63.05045842382048,-24.715618633025382,0.04102859723145721,0.07629519755601986,0.053142766434745387,-3094.6148194416496,-2734.221771408998,1670.9663341784762,0.45,0.0,0.08,0.9495275808002077,0.9965470776332424,0.55,-0.03491954003046679,0.0020126709778623963
3.2,23.08729576931124,0.9448078154647654,23.1066199983429,-0.7789923184718915,-0.20597263232517296,-0.0464,0.9429532654479558,-4.905899200983057,63.33563396026187,-24.974317795825034,0.04090045566227686,0.0762042088817463,0.052977880666447756,-3093.949605556184,-2733.9463608969804,1671.4598863544206,0.45,0.0,0.08,0.9493307776182307,0.9965462761486719,0.55,-0.034912984231646634,0.0020131668714983373
3.216666666666667,23.09978211621209,0.9422027720414834,23.118989594705788,-0.7824194353214807,-0.205419049826993,-0.0464,0.9432371501162276,-4.904894852190193,63.62003812089884,-25.234170326974574,0.04076578629417734,0.07610690701908138,0.05280624377946613,-3093.2276950862442,-2733.6403936311494,1672.0132436829385,0.45,0.0,0.08,0.9491182810715921,0.9965452874419445,0.55,-0.034905836752228116,0.0020137729537194108
3.2333333333333334,23.112291725873757,0.9394438315510321,23.131376602669626,-0.7858372757403275,-0.204860629154227,-0.0464,0.9435739920228492,-4.903806008365957,63.90366721897098,-25.49517343410186,0.04062457242516488,0.07600329069540251,0.052627824071710856,-3092.448373204297,-2733.3029953589657,1672.6280172714055,0.45,0.0,0.08,0.9488899141629158,0.9965441066923567,0.55,-0.03489808796129115,0.002014492097490572
3.25,23.124826049836678,0.9365303406793661,23.14378251095136,-0.7892457563680798,-0.20429710914034327,-0.0464,0.943965237909495,-4.902631185154498,64.18651761560389,-25.757324314165334,0.04047679413666443,0.0758933552028567,0.05244258678614626,-3091.6108406801573,-2732.9332248661985,1673.3059357703874,0.45,0.0,0.08,0.9486454771035866,0.9965427287137888,0.55,-0.03488972729537115,0.002015327391546456
3.2666666666666666,23.137386566210605,0.9334615733932147,23.156208835283568,-0.7926447895203443,-0.20372823136965212,-0.0464,0.9444124393183486,-4.901368764471379,64.46858572051445,-26.02062015392944,0.0403224284372007,0.0757770925474199,0.05225049424823773,-3090.7142132396607,-2732.5300709933144,1674.0488498561656,0.45,0.0,0.08,0.9483847472215046,0.9965411479413806,0.55,-0.03488074323931989,0.002016282148366524
3.283333333333333,23.149974781502213,0.9302367340579625,23.168657120462964,-0.7960342832340187,-0.20315374013176177,-0.0464,0.9449172566497622,-4.900016991432614,64.74986799276446,-26.285058130445456,0.0401614494071811,0.07565449159723031,0.052051506006076456,-3089.7575207251357,-2732.092449380633,1674.8587370903588,0.45,0.0,0.08,0.9481074788167173,0.9965393584170452,0.55,-0.03487112330445093,0.0020173599128379977
3.3,23.162592232493523,0.9268549606060075,23.181128942455956,-0.7994141413121905,-0.2025733824073843,-0.0464,0.9454814635516562,-4.898573970898634,65.03036094156431,-26.550635411538707,0.03999382834556949,0.07552553823091793,0.05184557897403023,-3088.739706064596,-2731.6191989280815,1675.737707168534,0.45,0.0,0.08,0.9478134029672147,0.9965373537737845,0.55,-0.03486085400394457,0.002018564471627053
3.3166666666666664,23.17524048817623,0.9233153277744296,23.193625910566592,-0.8027842633691401,-0.20198690788705545,-0.0464,0.9461069516509354,-4.897037663628236,65.31006112712777,-26.81734915630307,0.03981953391926612,0.07539021548666525,0.0516326675808077,-3087.659624056286,-2731.109077954002,1676.6880075705526,0.45,0.0,0.08,0.9475022272870909,0.9965351272187679,0.55,-0.03484992082547738,0.002019899863280198
3.3333333333333335,23.187921151747016,0.919616850431624,23.206149669672357,-0.8061445448760146,-0.20139406902459517,-0.0464,0.9467957356378257,-4.895405882036621,65.58896516157989,-27.085196515603773,0.03963853231604153,0.0752485037127514,0.0514127239228696,-3086.516039975105,-2730.5607600360854,1677.7120296261085,0.45,0.0,0.08,0.9471736356392504,0.9965326715151392,0.55,-0.03483830820103411,0.0020213703890791276
3.35,23.20063586266917,0.9157584870134887,23.218701902533397,-0.8094948772077738,-0.200794621127412,-0.0464,0.9475499587144847,-4.893676285550537,65.86706970991966,-27.354174632589434,0.03945078740190917,0.07510038072035305,0.05118569792417129,-3085.307628007506,-2729.972829516038,1678.8123150094877,0.45,0.0,0.08,0.9468272878048511,0.9965299789625068,0.55,-0.034825999473852426,0.0020229806246732833
3.3666666666666667,23.213386298805794,0.9117391430908288,23.23128433218079,-0.8128351476920465,-0.20018832248605403,-0.0464,0.9483718984196028,-4.891846375552674,66.14437149103915,-27.624280643214327,0.039256260883864115,0.07494582193940211,0.05095153750327958,-3084.032969521631,-2729.343776648118,1679.9915626779964,0.45,0.0,0.08,0.946462819111725,0.9965270413760778,0.55,-0.03481297686244453,0.0020247354325151406
3.3833333333333333,23.226174178630167,0.9075576750908483,23.243898724389656,-0.81616523966058,-0.19957493454572475,-0.0464,0.949263972840856,-4.889913489906799,66.42086727880145,-27.895511676771903,0.03905491247896396,0.07478480057832976,0.05071018874897085,-3082.6905511798836,-2728.6719923701567,1681.2526362687179,0.45,0.0,0.08,0.9460798400241276,0.996523850064392,0.55,-0.03479922142163512,0.002026639975123543
3.4,23.23900126351879,0.9032128941969514,23.256546890243005,-0.8194850325040123,-0.19895422212282513,-0.0464,0.9502287472270393,-4.887874797054446,66.6965539031795,-28.16786485644062,0.03884670009078185,0.07461728778856289,0.05046159610548944,-3081.2787629016843,-2727.955762674147,1682.598571968243,0.45,0.0,0.08,0.9456779356963241,0.9965203958056165,0.55,-0.03478471300055034,0.002028699729200339
3.4166666666666665,23.25186936013286,0.8987035704525793,23.26923068879222,-0.8227944017307535,-0.19832595366994876,-0.0464,0.9512689410114211,-4.885727289673664,66.97142825145802,-28.441337299843095,0.038631579994322665,0.07444325283467847,0.050205702568724773,-3079.795895684951,-2727.1932625518907,1684.0325868697,0.45,0.0,0.08,0.9452566654927187,0.9965166688223516,0.55,-0.03476943019748998,0.002030920500624956
3.433333333333333,23.264780322893973,0.8940284370964691,23.28195202982026,-0.8260932190308234,-0.19768990159315206,-0.0464,0.9523874352572814,-4.883467777890117,67.24548726950121,-28.715926119619773,0.03840950703055989,0.07426266327116723,0.049942449894652165,-3078.2401392958873,-2726.3825494896632,1685.558087830784,0.45,0.0,0.08,0.9448155624775202,0.996512658754917,0.55,-0.03475335031161414,0.0020333084403503228
3.4499999999999997,23.277736056559895,0.8891861951585535,23.29471287671366,-0.8293813523455597,-0.19704584262574604,-0.0464,0.9535872805356672,-4.881092882030915,67.51872796308888,-28.991628424018142,0.0381804348118253,0.07407548512680831,0.04967177882147871,-3076.6095798379,-2725.5215564842792,1687.1786808454199,0.45,0.0,0.08,0.944354132877256,0.9965083546330744,0.55,-0.034736449291375586,0.002035870061221557
3.466666666666667,23.29073851890647,0.8841755183477232,23.307515249449455,-0.8326586659441872,-0.19639355826331387,-0.0464,0.9548717052440494,-4.878599024911901,67.79114739932355,-29.26844131749874,0.03794431593936383,0.07388168309771284,0.049393629307039,-3074.9021972120777,-2724.608084551438,1688.8981809401603,0.45,0.0,0.08,0.9438718555198674,0.996503744846158,0.55,-0.03471870167963202,0.002038612255735959
3.4833333333333334,23.303789723521515,0.8789950582648685,23.320361227703163,-0.8359250205083224,-0.19573283526515114,-0.0464,0.9562441243727288,-4.8759824236498766,68.06274270811193,-29.54636190135913,0.03770110223445534,0.07368122075015633,0.04910794078309967,-3073.1158624834793,-2723.639794695761,1690.7206226042968,0.45,0.0,0.08,0.9433681812545955,0.996498817111587,0.55,-0.034700080555377516,0.002041542314758932
3.5,23.316891742716816,0.8736434499769967,23.333252954083864,-0.8391802732255786,-0.19506346622785614,-0.0464,0.9577081487233928,-4.873239080992321,68.33351108372337,-29.82538727437707,0.03745074498460083,0.07347406073438714,0.04881465242835501,-3071.248335169766,-2722.614199310631,1692.6502707598504,0.45,0.0,0.08,0.9428425323574523,0.9964935584417403,0.55,-0.034680557472040206,0.002044667947205227
3.5166666666666666,23.330046710564066,0.8681193179908161,23.346192637502373,-0.8424242778935406,-0.194385250237367,-0.0464,0.9592675945810993,-4.870364776158805,68.60344978642907,-30.105514533474217,0.0371931952063754,0.0732601650106724,0.04851370346202907,-3069.297260471303,-2721.528652974712,1694.6916322739714,0.45,0.0,0.08,0.942294301927737,0.9964879551091863,0.55,-0.0346601023923049,0.002047997300688232
3.533333333333333,23.343256826060625,0.862421282666968,23.35918255667828,-0.8456568850354849,-0.19369799360635503,-0.0464,0.9609264938369975,-4.86735505519051,68.87255614422519,-30.38674077440163,0.03692840392666292,0.07303949508892252,0.04820503346014399,-3067.2601664649364,-2720.3803426111167,1696.8494680116794,0.45,0.0,0.08,0.9417228532818452,0.9964819926102823,0.55,-0.03463868361943515,0.002051538983131572
3.55,23.356524356430715,0.8565479671191143,23.372225063791362,-0.8488779420293486,-0.19300151070453875,-0.0464,0.9626891045541357,-4.864205220807092,69.14082755464348,-30.669063092448486,0.036656322484109216,0.07281201228332224,0.04788858269666904,-3065.1344612872194,-2719.166276974496,1699.1288054210916,0.45,0.0,0.08,0.9411275193515206,0.9964756556271557,0.55,-0.034616267725089314,0.002055302085326679
3.5666666666666664,23.369851640567404,0.8504980046453189,23.38532258828252,-0.8520872932515792,-0.19229562489018232,-0.0464,0.9645599219626373,-4.86091032177388,69.40826148665347,-30.9524785831754,0.036376902852760594,0.07257767798348932,0.04756429251193113,-3062.9174303369914,-2717.8832754310724,1701.534951636203,0.45,0.0,0.08,0.940507602094733,0.9964689279881247,0.55,-0.03459281947365187,0.0020592962044070438
3.5833333333333335,23.383241092620352,0.8442700467426406,23.398477640808938,-0.8552847802376449,-0.19158016955178928,-0.0464,0.9665436898630433,-4.85746514178703,69.67485548265967,-31.23698434317377,0.03609009798999387,0.07233645394378128,0.04723210571084446,-3060.606233531954,-2716.5279559968653,1704.0735070735382,0.45,0.0,0.08,0.9398623719285581,0.9964617926266214,0.55,-0.0345683017431343,0.002063531468193889
3.6,23.39669520573367,0.8378627717595487,23.411692817357345,-0.8584702418611431,-0.19085498926979141,-0.0464,0.968645412407595,-4.853864187890065,69.94060716059832,-31.5225774708527,0.03579586221099253,0.07208830259247812,0.04689196699370651,-3058.1979026593344,-2715.096722600292,1706.750379488426,0.45,0.0,0.08,0.9391910671947818,0.9964542315387238,0.55,-0.034542675442741,0.0020680185603487297
3.6166666666666667,23.410216555937744,0.8312748942447011,23.424970803518693,-0.8616435145336168,-0.19011994110886804,-0.0464,0.9708703662183354,-4.8501016784424165,70.20551421613753,-31.809255067254924,0.0354941515921798,0.07183318736268102,0.04654382342250596,-3055.6893388669714,-2713.5857515370467,1709.5717984438722,0.45,0.0,0.08,0.9384928936704867,0.996446225739442,0.55,-0.034515899427247074,0.002072768746245025
3.6333333333333333,23.423807806197683,0.8245051750547762,23.438314378926222,-0.8648044324273749,-0.1893748960524065,-0.0464,0.973224112787826,-4.846171530669266,70.46957442498534,-32.09701423690335,0.03518492440618532,0.07157107304688762,0.04618762492589983,-3053.0773103482315,-2711.9909770879194,1712.5443301296527,0.45,0.0,0.08,0.9377670241376173,0.9964377552179366,0.55,-0.03448793040839635,0.002077793899443206
3.65,23.43747171062023,0.8175524322884071,23.45172642185782,-0.8679528277238137,-0.1886197405915269,-0.0464,0.975712511092709,-4.842067347832682,70.73278564530986,-32.38585208867974,0.03486814159109436,0.07130192617732956,0.04582332484623607,-3050.3584502822528,-2710.308076274359,1715.6748924509557,0.45,0.0,0.08,0.9370125980274747,0.9964287988919198,0.55,-0.03445872286360441,0.002083106528620118
3.6666666666666665,23.451211118819284,0.8104155531178173,23.465209914001804,-0.871088530889952,-0.18785437848203485,-0.0464,0.9783417303318356,-4.837782406076881,70.9951458202763,-32.675765736737134,0.03454376725690832,0.07102571543428982,0.045450880532227,-3047.529255100129,-2708.5324527322505,1718.9707702841267,0.45,0.0,0.08,0.9362287211582997,0.9964193345615426,0.55,-0.034428228942342466,0.002088719804764404
3.683333333333333,23.465028980438603,0.8030935065944623,23.478767945383286,-0.8742113709861297,-0.18707873268362887,-0.0464,0.9811182626787915,-4.83330964101578,71.25665298070507,-32.96675230144751,0.034211769232330075,0.07074241208475304,0.045070253981113806,-3044.5860831579794,-2706.659219692084,1722.4396307712937,0.45,0.0,0.08,0.9354144655865629,0.9964093388631499,0.55,-0.03439639837068727,0.002094647588402631
3.6999999999999997,23.47892528497892,0.7955901599524656,23.49240081899327,-0.8773211925456356,-0.18629671651421498,-0.0464,0.9833174244830591,-4.827581665221933,71.51730525387201,-33.25880888885122,0.03387232838143887,0.07045199045388305,0.044681412534401964,-3041.525153909498,-2703.300078581505,1725.206861933636,0.45,0.0,0.08,0.9345688695953619,0.9958892552229092,0.55,-0.034355635052816864,0.002099342709414077
3.716666666666667,23.492854514715106,0.787988538530301,23.5060660082972,-0.8804185062836452,-0.1855746394204168,-0.0464,0.9823675730052028,-4.817032014693188,71.7771010831,-33.55193179436401,0.03352905586530787,0.07015443220415316,0.044289975796101166,-3038.723696833046,-2693.3572944432726,1724.1841286705194,0.45,0.0,0.08,0.9336852348569492,0.9931410955186595,0.55,-0.03428055813674699,0.0020973148151396397
3.7333333333333334,23.506800318892616,0.7803467056317293,23.519749195373667,-0.8835046705902031,-0.1849377086501055,-0.0464,0.9814221195641092,-4.806218358919721,72.03603926452003,-33.846116331444875,0.03318445014818228,0.06985060491927084,0.04390171240307064,-3035.840565403735,-2683.168349946536,1723.161372073844,0.45,0.0,0.08,0.9327683616266045,0.9903392215575327,0.55,-0.034203602419142796,0.0020952963104948204
3.75,23.52076155532275,0.772701752886414,23.533450493738957,-0.8865811150253482,-0.18438682107714863,-0.0464,0.9804815748253273,-4.795206464833442,72.29411869398209,-34.14135773278308,0.03284009117364417,0.06954203879552737,0.04351827316370604,-3032.8556507912385,-2672.839499751251,1722.138676453933,0.45,0.0,0.08,0.9318204414114113,0.9875025691082258,0.55,-0.034125235932420485,0.0020932882857297988
3.7666666666666666,23.53473698879778,0.765089917626066,23.547169845098995,-0.8896492762864578,-0.18392215428167283,-0.0464,0.9795454519081566,-4.784057338750096,72.55133833872857,-34.43765121131182,0.032497519081749755,0.06923027472317984,0.0431412188837189,-3029.7789501019256,-2662.435859584383,1721.1161324769566,0.45,0.0,0.08,0.9308445328694944,0.984648275817233,0.55,-0.0340458928299233,0.00209128970137408
3.783333333333333,23.548725301886165,0.7575464645296706,23.560907028160337,-0.8927105881676858,-0.18354333684648305,-0.0464,0.9786132138837959,-4.772827127661751,72.8076972230262,-34.73499196980624,0.03215822926685561,0.06891684091606395,0.04277203385518358,-3026.622747126037,-2652.0136295247103,1720.093836574083,0.45,0.0,0.08,0.9298443949598423,0.9817910974643037,0.55,-0.03396597268346637,0.00208929941110651
3.8,23.562725104293346,0.7501055354852939,23.57466166575592,-0.8957664732954231,-0.18324952582238882,-0.0464,0.9776842916801611,-4.7615702684990096,73.0631944145689,-35.033375209601516,0.03182366610865219,0.06860324180034283,0.042412125310914484,-3023.4007314851287,-2641.625236621238,1719.0718902024653,0.45,0.0,0.08,0.9288242169278969,0.9789447548113346,0.55,-0.03388586289515929,0.002087316199981335
3.8166666666666664,23.576734941473575,0.7427999867795807,23.588433231583245,-0.8988183356767446,-0.18303944254818125,-0.0464,0.9767580938438294,-4.750340767459695,73.31782901109615,-35.33279613891983,0.03149521619086787,0.06829094895130677,0.042062819267216195,-3020.127546623471,-2631.321541606845,1718.050399175309,0.45,0.0,0.08,0.9277884797592334,0.9761225106602197,0.55,-0.033805947801788375,0.0020853388052695506
3.8333333333333335,23.590753302811102,0.7356612241297563,23.602221057154367,-0.9018675536433259,-0.18291139116836885,-0.0464,0.97583401269629,-4.739192565473268,73.57160012701327,-35.63324998100077,0.03117420145487579,0.06798139303723927,0.041725354954928184,-3016.81853338754,-2621.1526265403777,1717.0294730322476,0.45,0.0,0.08,0.9267418775954295,0.9733373758898187,0.55,-0.03372661127565564,0.0020833659296022517
3.85,23.604778629512182,0.7287190419363232,23.61602433921416,-0.9049154730355266,-0.18286327156295007,-0.0464,0.974911429060395,-4.728179449413366,73.82450687996938,-35.9347319820868,0.030861872558527733,0.06767595632585602,0.04140087895088349,-3013.4895580983984,-2611.167891316793,1716.0092244370867,0.45,0.0,0.08,0.9256892650575373,0.9706021357608404,0.55,-0.033648236092720045,0.0020813962510614088
3.8666666666666667,23.618809322268465,0.7220014711161904,23.629842147715877,-0.9079634005974963,-0.1828925923183799,-0.0464,0.9739897165848737,-4.717354733437377,74.07654837743387,-36.23723741924553,0.03055940262397788,0.0673759655945814,0.04109043959829462,-3010.1568726253768,-2601.4158123282373,1714.9897685972753,0.45,0.0,0.08,0.924635614387719,0.9679292892607678,0.55,-0.033571201664840636,0.0020794284324125336
3.8833333333333333,23.63284374871641,0.7155346388230714,23.643673434358714,-0.9110125976143202,-0.1829964863973134,-0.0464,0.9730682461322901,-4.706770823474034,74.32772370335573,-36.54076160797609,0.03026788151288483,0.06708268542207743,0.04079498204739381,-3006.8369822322065,-2591.9435385909524,1713.9712227026928,0.45,0.0,0.08,0.9235859749830401,0.9653309474538808,0.55,-0.033495880940439024,0.0020774611304727876
3.9,23.646880250702196,0.7093426427311986,23.657517041647598,-0.9140642738497152,-0.18317173067623632,-0.0464,0.9721463904160866,-4.6964787252507145,74.57803190501318,-36.84529990953063,0.029988310740037417,0.06679731190175527,0.0405153441156598,-3003.546510733018,-2582.7964160740207,1712.9537053827578,0.45,0.0,0.08,0.9225454321148465,0.962818714530443,0.55,-0.033422636903360295,0.0020754930060108818
3.9166666666666665,23.660917151355914,0.7034474420956875,23.671371712410743,-0.917119581853534,-0.18341476974055876,-0.0464,0.9712235289294476,-4.686527531357329,74.82747198017181,-37.15084773787538,0.029721599116327463,0.06652096684510025,0.040252253093279074,-3000.3020593162364,-2574.0174906115317,1711.937336181382,0.45,0.0,0.08,0.92151906371745,0.9604035645911435,0.55,-0.03335181892254727,0.0020735227342700007
3.933333333333333,23.674952761977046,0.6978687673927749,23.68523609969609,-0.920179611709974,-0.18372174388987988,-0.0464,0.9702990531328861,-4.676963910916369,75.07604286467412,-37.45740056621432,0.029468559194188886,0.06625469255106871,0.04000632357265259,-2997.1200588625757,-2565.647020227906,1710.9222350494797,0.45,0.0,0.08,0.9205118951925493,0.9580957220083088,0.55,-0.033283759120261526,0.00207154901604309
3.9499999999999997,23.68898538873274,0.69262404993722,23.6991087769592,-0.9232453862936691,-0.18408852103996398,-0.0464,0.9693723718252478,-4.6678316194334775,75.32374342058219,-37.76495393300174,0.02922990457108697,0.06599944721606034,0.03977805634620669,-2994.0166174040055,-2557.7220178046946,1709.908521854785,0.45,0.0,0.08,0.9195288527335402,0.9559045505510045,0.55,-0.03321876888391972,0.0020695705891397294
3.966666666666667,23.70301333917003,0.6877283724567208,23.71298824845056,-0.9263178570937081,-0.1845107320328472,-0.0464,0.9684429165985237,-4.659171043000407,75.57057242499093,-38.07350344737528,0.02900624808871711,0.06575610105126828,0.03956783838800785,-2991.007365348812,-2550.2758394764887,1708.8963159087582,0.45,0.0,0.08,0.9185747159733919,0.9538384549636729,0.55,-0.03315713562239976,0.0020675862400319363
3.9833333333333334,23.717034928542244,0.6831944411746346,23.726872959708466,-0.9293979006561677,-0.18498380874633089,-0.0464,0.9675101472631241,-4.651018788646567,75.81652855962169,-38.38304479394862,0.02879810094727958,0.06552543316280457,0.03937594390906763,-2988.1073016112737,-2543.3378304823027,1707.8857355103971,0.45,0.0,0.08,0.9176540709168536,0.9519047977006612,0.55,-0.03309911985076487,0.0020655948154369073
4.0,23.7310484859483,0.6790325795207202,23.74076130806423,-0.9324863156847167,-0.1855030243129895,-0.0464,0.9665735571237397,-4.643407330576978,76.06161040129592,-38.69357373691271,0.02860587273588256,0.06530812923622892,0.03920253645290757,-2985.330644009507,-2536.93303728557,1706.8768975068897,0.45,0.0,0.08,0.9167712641864724,0.9501098327479225,0.55,-0.03304495267270501,0.002063595233580764
4.016666666666667,23.745052360281445,0.6752507431665273,23.75465165306901,-0.9355838208267954,-0.18606353470976747,-0.0464,0.9656326779850615,-4.636364720000329,76.30581641337552,-39.0050861234048,0.02842987236227461,0.0651047800518961,0.03904767197690011,-2982.6906873153293,-2531.081992130403,1705.8699168711598,0.45,0.0,0.08,0.9159303596179119,0.9484586577834572,0.55,-0.03299483371551916,0.0020615864948855638
4.033333333333333,23.75904492598105,0.6718545556798049,23.768542326755625,-0.9386910531603126,-0.18666042095888757,-0.0464,0.964687084770745,-4.62991436415136,76.54914493824286,-39.31757788611635,0.028270309848238435,0.06491588084161892,0.03891130284638931,-2980.1996721985734,-2525.8005736562955,1704.8649062965756,0.45,0.0,0.08,0.9151350981965458,0.9469551852949827,0.55,-0.03294892955752128,0.002059567691830599
4.05,23.773024588578146,0.6688473637226959,23.782431643654522,-0.9418085673831809,-0.18728873118682846,-0.0464,0.9637363996474994,-4.62407487795666,76.7915941908773,-39.63104504512315,0.02812729894158082,0.06474183148115745,0.03879328265297922,-2977.8686680320147,-2521.099944728527,1703.8619758092748,0.45,0.0,0.08,0.9143888622425106,0.9456021326793389,0.55,-0.03290737267241536,0.0020575380177571597
4.066666666666666,23.786989790021906,0.6662303103917929,23.796317910489662,-0.944936835695735,-0.18794352181817364,-0.0464,0.9627802955586795,-4.618860009636982,77.03316225356855,-39.9454837089332,0.028000860482152095,0.0645829374975646,0.038693371755960174,-2975.70747213432,-2516.9865663020296,1702.8612323988127,0.45,0.0,0.08,0.9136946446321879,0.9444010308011958,0.55,-0.032870260899841935,0.002055496774412611
4.083333333333333,23.80093901377128,0.6640024250224971,23.810199435487633,-0.9480762483545374,-0.1886198972323128,-0.0464,0.9618184990875709,-4.614278639454563,77.27384707179039,-40.26089007476003,0.027890926448052276,0.06443941185594909,0.03861124343681496,-2973.7245275496807,-2513.462283990413,1701.8627796680382,0.45,0.0,0.08,0.913055023697355,0.9433522500017092,0.55,-0.03283765743646338,0.0020534433780633864
4.1,23.81487078963311,0.6621607275612514,23.82407453724163,-0.9512271148655668,-0.18931304727985448,-0.0464,0.9608507925890571,-4.610334848874456,77.51364645124123,-40.57726042804104,0.027797344599355782,0.06431137747719151,0.03854649055116515,-2971.9268609182855,-2510.5244821265633,1700.8667175033181,0.45,0.0,0.08,0.9124721442764174,0.9424550421331996,0.55,-0.03280959132815268,0.002051377364046015
4.116666666666666,23.828783698325797,0.6607003454501997,23.83794155308036,-0.9543896657755857,-0.19001828213829422,-0.0464,0.9598770155486925,-4.60702805567993,77.75255805604188,-40.89459114123104,0.027719883630426316,0.06419887042691487,0.038498632560302254,-2970.3200414073103,-2508.166298532621,1699.8731417663735,0.45,0.0,0.08,0.9119477052131214,0.9417075968630205,0.55,-0.03278605843154635,0.0020492983896686833
4.133333333333333,23.84267637574608,0.6596146408702235,23.85179884690064,-0.957564055012753,-0.19073106407882334,-0.0464,0.9588970651495186,-4.604353209116178,77.99057940806483,-41.212878671910715,0.027658238738205262,0.06410184370682054,0.03846712282539505,-2968.908161074025,-2506.376892003058,1698.882144009113,0.45,0.0,0.08,0.9114829534150173,0.9411071102435793,0.55,-0.03276702280279074,0.002047206235421366
4.15,23.856547516915835,0.6588953461483539,23.865644816430983,-0.9607503627214331,-0.1914470358139719,-0.0464,0.957910896048313,-4.60230103797006,78.227707887356,-41.53211956025874,0.02761203751264999,0.06402017157250894,0.03845135605126268,-2967.6938364464654,-2505.141753662877,1697.8938112128956,0.45,0.0,0.08,0.9110786844045237,0.9406498633866468,0.55,-0.03275241846300922,0.0020451008044981285
4.166666666666667,23.870395879585967,0.6585327051504023,23.879477899901985,-0.9639485985316796,-0.1921620451950364,-0.0464,0.9569185193835368,-4.600858343645732,78.46394073359633,-41.852310425942626,0.02758084605659546,0.06395365429717081,0.038450675772863645,-2966.6782305564675,-2504.4430528922003,1696.908225553633,0.45,0.0,0.08,0.91073524912693,0.9403313090053045,0.55,-0.032742151483983996,0.002042982120679131
4.183333333333334,23.884220287475696,0.6585156185438339,23.89329658210712,-0.9671587052010366,-0.19287216612528768,-0.0464,0.9559200010561697,-4.600008329769832,78.69927504854026,-42.173447964489334,0.027564175245470113,0.06390202329802692,0.03846438178593035,-2965.861094164925,-2504.2600083893417,1695.925464194075,0.45,0.0,0.08,0.9104525666282872,0.9401461635894268,0.55,-0.03273610233380169,0.002040850324660285
4.2,23.898019633127532,0.6588317909227004,23.907099399845215,-0.9703805625650322,-0.19357371564663156,-0.0464,0.9549154593413245,-4.599730959643345,78.93370779935873,-42.49552894320055,0.027561487042219786,0.06386494654200034,0.03849173743300776,-2965.2408244959393,-2504.5692751434203,1694.9455991044701,0.45,0.0,0.08,0.9102301420867352,0.9400885030511882,0.55,-0.03273412842067066,0.002038705668954147
4.216666666666667,23.91179288036109,0.6594678779283412,23.92088494674281,-0.9736139917329165,-0.1942632672411365,-0.0464,0.9539050619023874,-4.6000033329262155,79.16723582280724,-42.818550196679716,0.027572200789156637,0.0638420341486457,0.0385319766670617,-2964.814539456552,-2505.345338560287,1693.9686969125987,0.45,0.0,0.08,0.9100670895769302,0.9401518598047922,0.55,-0.032736066773608706,0.0020365485115152273
4.233333333333333,23.925539066312446,0.6604096316686838,23.934651877460926,-0.9768587594666709,-0.19493766046272892,-0.0464,0.9528890222901851,-4.6008000732612455,79.3998558301342,-43.142508622039436,0.02759569940591468,0.06383284411160361,0.03858431082635522,-2964.578165068269,-2506.5609076808987,1692.9948187839293,0.45,0.0,0.08,0.909962158870775,0.9403293194175871,0.55,-0.03274173680098066,0.0020343793082658553
4.25,23.939257303049658,0.6616420429274408,23.94839891129646,-0.9801145826839046,-0.19559400707711563,-0.0464,0.951867596017089,-4.602093719075154,79.63156441264154,-43.467401173856764,0.02763133543092373,0.06383688806452976,0.038647935066034755,-2964.5265336774237,-2508.18730029489,1692.0240203323697,0.45,0.0,0.08,0.9099137655291661,0.9406136151759331,0.55,-0.03275094307164624,0.002032198604714552
4.266666666666667,23.952946778759678,0.6631494788547899,23.96212483519354,-0.9833811330287702,-0.19622969393896406,-0.0464,0.9508410763000701,-4.603855110492784,79.86235804780792,-43.79322485894324,0.027678436852489628,0.0638536370232794,0.038722034403455174,-2964.6534904408063,-2510.1948137299946,1691.0563515617675,0.45,0.0,0.08,0.90992002351808,0.940997219137097,0.55,-0.03276347806844706,0.002030007026867626
4.283333333333333,23.966606758506313,0.6649158150363002,23.975828506184428,-0.986658041459268,-0.19684238287444972,-0.0464,0.9498097895676575,-4.606053766119998,80.09223310588497,-44.11997673099309,0.027736312684399148,0.0638825270428191,0.03880578934539504,-2964.9520055945486,-2512.553076138815,1690.0918568379998,0.45,0.0,0.08,0.909978779586107,0.9414724284773487,0.55,-0.0327791248695938,0.0020278052716367107
4.3,23.98023658456359,0.6669245610407696,23.989508853283375,-0.989944902804081,-0.1974300078648349,-0.0464,0.9487740908237815,-4.608658244347899,80.32118585687859,-44.44765388517,0.027804258249694416,0.06392296473460363,0.038898381075723514,-2965.4142900987495,-2515.231374162276,1689.1305748911684,0.45,0.0,0.08,0.910087648666616,0.9420314461869473,0.55,-0.03279765971989896,0.002025594096940759
4.316666666666666,23.99383567633347,0.6691589787450717,24.00316487885979,-0.9932412802471948,-0.19799076984351707,-0.0464,0.9477343589569936,-4.611636484765035,80.54921247782961,-44.77625345268861,0.02788156014466845,0.0639743325977316,0.03899899619159086,-2966.0319123964123,-2518.198953884146,1688.1725388470982,0.45,0.0,0.08,0.9102440496126571,0.942666455396775,0.55,-0.03281885446044737,0.002023374311691419
4.333333333333333,24.007403529861005,0.6716021929207846,24.016795659519584,-0.9965467097038548,-0.19852312942601613,-0.0464,0.9466909920769793,-4.6149561261989795,80.77630906031321,-45.10577259544182,0.027967500863044177,0.06403599412483961,0.039106830984700136,-2966.7959142204045,-2521.4252929710906,1687.2177762870422,0.45,0.0,0.08,0.9104452406326241,0.943369686842583,0.55,-0.032842478791949084,0.002021146765836677
4.35,24.020939716963976,0.6742372937400486,24.030400346525383,-0.999860704056725,-0.19902579789087113,-0.0464,0.9456444029520928,-4.6185847988136794,81.00247161807958,-45.43620850072035,0.028061363067581897,0.0641072986512023,0.039221095271603224,-2967.696923613483,-2524.880342792964,1686.266309334237,0.45,0.0,0.08,0.9106883538656516,0.9441334791762005,0.55,-0.03286830235345917,0.002018912340620184
4.366666666666666,24.034443883997632,0.6770474310144371,24.043978165787674,-1.003182757226337,-0.19949772672072352,-0.0464,0.9445950146122926,-4.622490388539499,81.22769609476535,-45.76755837606519,0.0281624335029218,0.06418758592270288,0.03934101578322597,-2968.725263581369,-2528.5347401211343,1685.3181547656989,0.45,0.0,0.08,0.9109704286138817,0.9449503320151258,0.55,-0.03289609660420233,0.0020166719391936944
4.383333333333333,24.04791575027789,0.6800159001191708,24.057528417459643,-1.0065123480549232,-0.19993809599832882,-0.0464,0.9435432561718562,-4.626641272890421,81.45197837160994,-46.099819444288414,0.02827000654925291,0.0642761903650877,0.039465839128977644,-2969.8710550655937,-2532.3599886979505,1684.3733241474697,0.45,0.0,0.08,0.9112884428304675,0.945812951780584,0.55,-0.032925636501773416,0.0020144264776987397
4.4,24.06135510618893,0.6831262196750791,24.071050475168956,-1.0098489439874494,-0.2003463019331917,-0.0464,0.9424895589159765,-4.631006527914423,81.6753142751181,-46.432988938692404,0.02838338742138436,0.06437244504311498,0.03959483435488657,-2971.1243131910364,-2536.3286115534042,1683.4318239913541,0.45,0.0,0.08,0.9116393425443258,0.9467142905083753,0.55,-0.03295670197490616,0.0020121768769116657
4.416666666666667,24.07476181100289,0.6863622011622965,24.084543784919564,-1.0131920045380267,-0.20072194377220934,-0.0464,0.9414343526851581,-4.635556106621448,81.89769958461557,-46.76706409851215,0.028501895021983577,0.06447568530378667,0.03972729511829691,-2972.475036003758,-2540.414275416092,1682.493655931068,0.45,0.0,0.08,0.9120200689824716,0.9476475779267394,0.55,-0.0329890791932614,0.002009924054524468
4.433333333333334,24.088135790440717,0.6897080107232826,24.09800786369626,-1.0165409845338538,-0.201064810323272,-0.0464,0.940378062581606,-4.640260989735161,82.11913003965168,-47.102042164600476,0.028624864461165106,0.06458525210276742,0.03986254150384998,-2973.9132851607496,-2544.5918889292197,1681.558816915646,0.45,0.0,0.08,0.9124275832260664,0.9486063471818426,0.55,-0.03302256164025662,0.0020076689181130654
4.45,24.101477034003906,0.6931482234793365,24.11144229780397,-1.0198953371323929,-0.2013748662952087,-0.0464,0.9393211060126937,-4.645093310021382,82.33960134720851,-47.43792037537108,0.02875164925730807,0.06470049501733852,0.03999992150685568,-2975.4292582591042,-2548.8376766462225,1680.627299417912,0.45,0.0,0.08,0.912858888305424,0.9495844546558488,0.55,-0.03305695099785314,0.002005412358825224
4.466666666666667,24.1147855921073,0.6966678707355743,24.1248467409727,-1.0232545166105984,-0.2016522386316337,-0.0464,0.9382638900783604,-4.650026451761439,82.55910918868267,-47.77469596301012,0.0288816232360054,0.0648207749528085,0.04013881221084034,-2977.01335269401,-2553.1292309541736,1679.6990916558022,0.45,0.0,0.08,0.9133110487009704,0.9505760943667654,0.55,-0.03309205785446132,0.0020031552458027574
4.483333333333333,24.12806157304275,0.7002524804858419,24.138220912257985,-1.026617980927717,-0.20189720299085445,-0.0464,0.9372068093020037,-4.65503512716926,82.77764922661108,-48.11236614996297,0.029014182145470434,0.06494546655223593,0.04027862068614179,-2978.6562211106866,-2557.4455441676073,1678.7741778243753,0.45,0.0,0.08,0.9137812072708722,0.9515758074656104,0.55,-0.03312770224876515,0.0020008984213370743
4.5,24.14130513980313,0.7038881116528193,24.151564593765166,-1.0299851940654532,-0.20211017049959815,-0.0464,0.9361502436981757,-4.660095431704842,82.99521711111782,-48.450928145699194,0.02914874500761437,0.0650739603216487,0.04041878463601187,-2980.3488186637824,-2561.767023062121,1677.8525383363688,0.45,0.0,0.08,0.9142665996713999,0.9525784873572603,0.55,-0.0331637140633623,0.0019986426967437874
4.516666666666667,24.154516506794998,0.7075613825112899,24.16487762822426,-1.0333556281511869,-0.20229167488533178,-0.0464,0.9350945571651968,-4.665184880322949,83.21180848606409,-48.79037914375548,0.02928475522443419,0.06520566448471748,0.04055877281587858,-2982.082442419206,-2566.0754880877344,1676.9341500692663,0.45,0.0,0.08,0.9147645663731779,0.9535793809690538,0.55,-0.033199933282729084,0.001996388848931011
4.533333333333333,24.16769593646733,0.7112594937458125,24.178159916440766,-1.0367287653714452,-0.2024423600706886,-0.0464,0.9340400961866,-4.670282426723923,83.42741899488742,-49.13071631905384,0.029421681459383522,0.06534000658211218,0.040698085250301635,-2983.8487633287277,-2570.3541594275825,1676.0189866169178,0.45,0.0,0.08,0.9152725624055782,0.9545740866781925,0.55,-0.033236210130219476,0.001994137617626997
4.55,24.1808437358821,0.7149702465894242,24.191411414645835,-1.040104099684027,-0.20256296829416487,-0.0464,0.9329871888221317,-4.67536846765287,83.64204428612138,-49.47193682548962,0.029559018313107373,0.06547643483159662,0.040836253270807504,-2985.6398512787828,-2574.5876319583435,1675.107018543874,0.45,0.0,0.08,0.915788164983186,0.9555585493873952,0.55,-0.033272405098660376,0.001991889703225961
4.566666666666666,24.193960253251134,0.7186820564789766,24.20463213176768,-1.0434811383380571,-0.20265432880392095,-0.0464,0.9319361439667111,-4.68042483423351,83.85568001858941,-49.81403779378204,0.029696286812366763,0.06561441926535712,0.04097283939628197,-2987.4481937639734,-2578.761841034312,1674.19821364071,0.45,0.0,0.08,0.9163090791831919,0.9565290532102555,0.55,-0.03330838888867872,0.001989645765205993
4.583333333333333,24.207045874461674,0.7223839626466234,24.217822126644275,-1.0468594032118712,-0.20271734715623377,-0.0464,0.930887250854263,-4.6854347722320435,84.06832186627108,-50.15701632957832,0.02983303473021979,0.06575345266117096,0.04110743707599148,-2989.266708765166,-2582.8640208652614,1673.2925371787621,0.45,0.0,0.08,0.9168331418514842,0.9574822121950725,0.55,-0.03334404226824862,0.00198740642106976
4.6,24.2201010196117,0.726065634047047,24.23098150519578,-1.0502384319790132,-0.20275299513687164,-0.0464,0.9298407787825558,-4.690382913032504,84.27996552284051,-50.50086951180118,0.029968836754611754,0.06589305128385718,0.04123967031364856,-2991.0887524246145,-2586.882657096421,1672.389952162814,0.45,0.0,0.08,0.9173583239189679,0.9584149594802706,0.55,-0.03337925586613662,0.001985172245757043
4.616666666666666,24.2331261395739,0.7297173719973086,24.244110417573474,-1.053617779112816,-0.20276230131231981,-0.0464,0.9287969770349822,-4.695255236974999,84.49060670588037,-50.84559439122832,0.030103294521504842,0.06603275545306404,0.04136919318927565,-2992.9081221087367,-2590.8074350327784,1671.4904195804213,0.45,0.0,0.08,0.9178827313090165,0.9593245352372192,0.55,-0.03341392991099708,0.001982943771477749
4.633333333333333,24.24612171260558,0.7333301098816644,24.257209055300297,-1.0569970167400438,-0.2027463422082575,-0.0464,0.9277560749755855,-4.700039030568052,84.70024116077602,-51.191187989292025,0.030236036527585823,0.06617212995288271,0.0414956892939877,-2994.719055435687,-2594.6291847843254,1670.5938986466942,0.45,0.0,0.08,0.9184046046127686,0.9602084737184967,0.55,-0.03344797392687254,0.001980721487914781
4.65,24.259088241019853,0.7368954102481036,24.27027764841664,-1.0603757353539514,-0.2027062341048451,-0.0464,0.9267182822943445,-4.704722838941165,84.90886466429673,-51.53764729708611,0.03036671793646188,0.06631076429807681,0.04161887109123472,-2996.5162258220585,-2598.3398244476584,1669.7003470434927,0.45,0.0,0.08,0.9189223177019428,0.9610645896923243,0.55,-0.03348130639482088,0.001978505842747716
4.666666666666667,24.272026247931993,0.7404054595973955,24.283316462643675,-1.0637535443968773,-0.20264312543206894,-0.0464,0.9256837893808225,-4.709296414757591,85.1164730278717,-51.884969274567624,0.030495020291117,0.06644827287091877,0.04173847921654066,-2998.2947350731915,-2601.9323022852177,1668.8097211521133,0.45,0.0,0.08,0.9194343754396587,0.9618909645077734,0.55,-0.03351385438935145,0.0019762972424505285
4.683333333333334,24.284936274092725,0.7438530611396279,24.296325796574912,-1.067130072722146,-0.20255818974345435,-0.0464,0.9246527678055793,-4.713750664663907,85.32306210057038,-52.23315084994026,0.030620651144277637,0.06658429494175974,0.041854281726359174,-3000.050103506555,-2605.4005387186176,1667.9219762786772,0.45,0.0,0.08,0.9199394106389975,0.9626859320009792,0.55,-0.03354555319733182,0.0019740960533193856
4.7,24.29781887481907,0.7472316257680198,24.30930597890573,-1.07050496894466,-0.2024526192427418,-0.0464,0.9236253708902283,-4.718077594214601,85.5286277717969,-52.58218891920652,0.030743343617243457,0.06671849458555673,0.04196607330534989,-3001.7782580593243,-2608.739368818287,1667.0370668715407,0.45,0.0,0.08,0.9204361804072606,0.9634480644203653,0.55,-0.033576345926041896,0.0019719026026896965
4.716666666666667,24.310674617031548,0.750535161475525,24.322257365709152,-1.0738779016891105,-0.20232761883546832,-0.0464,0.9226017343485974,-4.722270252078652,85.73316597370933,-52.93208034587611,0.030862855896691296,0.06685056050566197,0.04207367444016569,-3003.475518790966,-2611.944485848819,1666.1549467301606,0.45,0.0,0.08,0.9209235620015275,0.964176158519066,0.55,-0.03360618310611828,0.0019697171803049643
4.733333333333333,24.323504076405293,0.753758261416681,24.335180337765298,-1.0772485597442436,-0.2021844006756653,-0.0464,0.9215819769830834,-4.7263226742123186,85.93667268337487,-53.28282196081792,0.030978970677967888,0.06698020577526397,0.04217693056673545,-3005.1385841506963,-2615.01238631841,1665.275569204953,0.45,0.0,0.08,0.9214005483085609,0.9648692219354823,0.55,-0.03363502229425821,0.001967540039803474
4.75,24.336307834641268,0.7568960907954725,24.34807529795083,-1.0806166521311158,-0.2020241791769343,-0.0464,0.9205662014219407,-4.7302298285689774,86.13914392467242,-53.63441056224374,0.031091494562456835,0.06710716750597309,0.04227571119702732,-3006.7645153390117,-2617.94031688149,1664.3988873877656,0.45,0.0,0.08,0.921866243049644,0.9655264599582717,0.55,-0.0336628276797454,0.0019653714002923752
4.766666666666667,24.3490864768626,0.7599443727398005,24.36094266869392,-1.0839819080927564,-0.2018481664568719,-0.0464,0.9195544948848481,-4.733987560813225,86.34057576995383,-53.98684291581192,0.031200257415742234,0.06723120645217892,0.04236990903038279,-3008.3507200529466,-2620.7262233558417,1663.5248542926915,0.45,0.0,0.08,0.9223198557988287,0.9661472627500408,0.55,-0.03368956969812276,0.0019632114479821348
4.783333333333333,24.361840589139852,0.7628993733045415,24.37378288949933,-1.0873440770121356,-0.20165756818406813,-0.0464,0.918546929965667,-4.7375925414129725,86.54096434147539,-54.34011575483998,0.031305111692497646,0.06735210655897916,0.04245943905371704,-3009.8949358668665,-2623.368702038664,1662.653423027006,0.45,0.0,0.08,0.9227606968914819,0.9667311930845276,0.55,-0.03371522465467163,0.0019610603378576942
4.8,24.374570756148234,0.7657578857281879,24.386596414547718,-1.0907029282648342,-0.2014535797975987,-0.0464,0.9175435654227823,-4.7410422143995445,86.74030581261106,-54.69422578061551,0.03140593173330604,0.06746967446070191,0.042544237634183496,-3011.3952134649035,-2625.86695343951,1661.7845469521008,0.45,0.0,0.08,0.9231881722890958,0.9672779746349863,0.55,-0.03373977435976145,0.001958918195365816
4.816666666666666,24.387277558958576,0.7685172140526627,24.399383710372273,-1.0940582510123211,-0.2012373830699802,-0.0464,0.9165444469688195,-4.744334748011757,86.93859640885827,-55.04916966279539,0.031502613037962694,0.06758373893631281,0.042624261607292206,-3012.8498999079143,-2628.2207384910657,1660.9181798343388,0.45,0.0,0.08,0.9236017784561544,0.9677874808367095,0.55,-0.03376320577760679,0.001956785118101096
4.833333333333333,24.399961572963342,0.7711751562020839,24.41214525361569,-1.0974098539412707,-0.20101014298587871,-0.0464,0.915549608052818,-4.747468987375045,87.13583240864767,-55.4049440398837,0.0315950715192277,0.06769415032732551,0.04269948736294839,-3014.2576220871983,-2630.430337250586,1660.0542759858233,0.45,0.0,0.08,0.9240010972954863,0.9682597243339659,0.55,-0.03378551068950689,0.001954661177475873
4.85,24.412623365938007,0.7737299866039569,24.42488152886954,-1.1007575649539056,-0.20077300491039013,-0.0464,0.9145590706291284,-4.750444409310415,87.33201014396705,-55.76154551977963,0.03168324274047494,0.0678007799232139,0.04276990993143198,-3015.6172704893393,-2632.496510064615,1659.1927903951082,0.45,0.0,0.08,0.9243857911800007,0.9686948470109307,0.55,-0.033806685372242164,0.0019525464203617928
4.866666666666666,24.425263496237598,0.7761804384254348,24.437593026598,-1.1041012308139397,-0.20052709202238336,-0.0464,0.9135728459083927,-4.753261079319751,87.52712600080993,-56.11897068038686,0.03176708114022709,0.06790351931876137,0.04283554207096553,-3016.9279833713663,-2634.420461136638,1658.3336788479428,0.45,0.0,0.08,0.924755598111018,0.9690931105972661,0.55,-0.03382673029195882,0.00195044087069312
4.883333333333333,24.43788251112751,0.7785256854878285,24.450280241147258,-1.1074407167522942,-0.20027350299016808,-0.0464,0.9125909350869212,-4.755919610753115,87.72117641945866,-56.477216070276704,0.031846559246168034,0.06800227974727421,0.04289641335820902,-3018.189131422958,-2636.2038044107294,1657.476898038167,0.45,0.0,0.08,0.9251103270265344,0.969454887831699,0.55,-0.03384564981358164,0.001948344531023929
4.9,24.45048094524731,0.7807653239143971,24.462943668841838,-1.1107759060364066,-0.20001330986857244,-0.0464,0.9116133300516605,-4.758421126129552,87.91415789461165,-56.83627820939776,0.031921666880881175,0.0680969913931305,0.04295256928277128,-3019.400302972512,-2637.8485316634083,1656.6224056689139,0.45,0.0,0.08,0.9254498532766846,0.9697806541610883,0.55,-0.03386345192555232,0.0019462573840331792
4.916666666666667,24.46305931920568,0.7828993535594964,24.47558380616854,-1.114106699506624,-0.1997475561983584,-0.0464,0.9106400140587014,-4.760767220554843,88.10606697536383,-57.196153589825286,0.03199241036127029,0.06818760268673318,0.04300407034663139,-3020.561289776509,-2639.3569826800476,1655.7701605443067,0.45,0.0,0.08,0.9257741142783499,0.9700709799478997,0.55,-0.03388014797949075,0.0019441793939733074
4.933333333333334,24.475618138304252,0.7849281592613397,24.488201148048613,-1.1174330150828675,-0.199477255290735,-0.0464,0.909670962383957,-4.762959927157196,88.29690026504912,-57.55683867654414,0.03205881169337551,0.06827407958458093,0.043050991169215076,-3021.67207341647,-2640.7318173807357,1654.9201226518662,0.45,0.0,0.08,0.9260831053562452,0.9703265231555718,0.55,-0.03389575244421706,0.0019421105080593924
4.95,24.488157891387864,0.7868524919558231,24.500796186198496,-1.1207547872444938,-0.19920338868152568,-0.0464,0.9087061429452036,-4.765001684444107,88.48665442095336,-57.918329908259416,0.03212090776409539,0.06835640483686216,0.043093419598764095,-3022.732812314857,-2641.9759897528866,1654.072253235859,0.45,0.0,0.08,0.9263768757738667,0.970548022478848,0.55,-0.03391028267344568,0.0019400506577971917
4.966666666666667,24.500679049818288,0.7886734496850046,24.513369407579262,-1.1240719664860315,-0.19892690474128857,-0.0464,0.9077455168951869,-4.766895305470496,88.67532615390577,-58.28062369822954,0.0321787495311647,0.06843457724471312,0.04313145583056743,-3023.743829370331,-2643.092723443554,1653.22651486184,0.45,0.0,0.08,0.9266555249543402,0.9707362908845926,0.55,-0.033923758686369425,0.0019379997602493974
4.983333333333333,24.51318206656836,0.7903924585308106,24.525921292934765,-1.1273845187512679,-0.19864871742936052,-0.0464,0.9067890391859075,-4.7686439486987116,88.86291222775661,-58.64371643511684,0.03223240121261057,0.06850861090905572,0.04316521153258513,-3024.7056002035933,-2644.085488863048,1652.3828714726633,0.45,0.0,0.08,0.9269191988884184,0.970892209527862,0.55,-0.03393620296028382,0.0019359577192403624
5.0,24.525667375433095,0.7920112535022806,24.538452315418297,-1.130692424847973,-0.19836970518138144,-0.0464,0.9058366591045472,-4.7702510904250905,89.0494094587485,-59.00760448385118,0.032281939476814916,0.06857853447274348,0.04319480897898565,-3025.618741997575,-2644.95798165243,1651.5412884362408,0.45,0.0,0.08,0.9271680867245952,0.9710167220078895,0.55,-0.03394764023435987,0.0019339244265002835
5.016666666666667,24.53813539035432,0.7935318594030789,24.55096293930743,-1.1339956798453898,-0.19809070992135186,-0.0464,0.9048883207817853,-4.771720498644654,89.23481471478847,-59.372284186502334,0.032327452634243886,0.06864439035759017,0.04322038019213058,-3026.484002909695,-2645.714102370664,1650.7017325853446,0.45,0.0,0.08,0.9274024175344667,0.9711108289291307,0.55,-0.03395809732365131,0.0019318997627504318
5.033333333333333,24.550586504855005,0.7949565717050044,24.563453618806655,-1.1372942924564868,-0.19781253619066677,-0.0464,0.9039439636734733,-4.77305620822514,89.4191249146276,-59.73775186315747,0.032369039831862415,0.06870623399773253,0.043242066093573284,-3027.302252029272,-2646.3579372620975,1649.8641722497548,0.45,0.0,0.08,0.9276224572450629,0.9711755827334998,0.55,-0.03396760294241987,0.0019298835987315137
5.05,24.56302109157955,0.7962879374527457,24.575924796937237,-1.1405882844068536,-0.19753595038785507,-0.0464,0.9030035230168192,-4.774262497263417,89.60233702695474,-60.10400381280014,0.03240681025123007,0.06876413307068346,0.04326001566468564,-3028.074469849668,-2646.8937399714478,1649.028577281063,0.45,0.0,0.08,0.9278285057287993,0.971212082771322,0.55,-0.03397618753587498,0.0019278757961776014
5.066666666666666,24.575439501935982,0.7975287362250767,24.588376904513648,-1.1438776897920333,-0.19726168011392464,-0.0464,0.9020669302623523,-4.775343864500998,89.7844480694108,-60.47103631418753,0.03244088231127059,0.06881816672736059,0.043274385117587154,-3028.801739222316,-2647.325914081159,1648.1949190704468,0.45,0.0,0.08,0.9280208940409768,0.9712214705803075,0.55,-0.03398388311945051,0.0019258762087383634
5.083333333333333,24.587842065836014,0.7986819611780007,24.600810359205774,-1.1471625544250066,-0.19699041361927186,-0.0464,0.9011341134830362,-4.776305007680869,89.9654551075297,-60.83884562672311,0.032471382876717976,0.06886842482232625,0.04328533707711947,-3029.485236758327,-2647.6589963547785,1647.3631705597377,0.45,0.0,0.08,0.9281999817943027,0.9712049253439058,0.55,-0.03399072312478051,0.0019238846828525022
5.1,24.60022909152883,0.7997508001959487,24.61322556468606,-1.1504429351754841,-0.19672279934905298,-0.0464,0.9002049977619382,-4.7771508027346234,90.14535525361195,-61.20742799132193,0.032498446473264435,0.06891500714544405,0.04329303977468342,-3030.1262246426736,-2647.8976405796366,1646.5333062461002,0.45,0.0,0.08,0.9283661546597117,0.9711636595027225,0.55,-0.03399674225158382,0.0019219010585754133
5.116666666666666,24.612600865524417,0.8007386171779651,24.625622909860642,-1.1537188993026293,-0.1964594455847371,-0.0464,0.899279505559891,-4.777886283696876,90.32414566553668,-61.57677963126595,0.032522214510466635,0.06895802265614229,0.043297666254833396,-3030.726042826018,-2648.0466019124015,1645.7053021806496,0.45,0.0,0.08,0.9285198219827834,0.9710989144951976,0.55,-0.034001976324724306,0.0019199251703641282
5.133333333333333,24.62495765260215,0.8016489334867938,24.638002768183334,-1.1569905237827922,-0.1962009201802641,-0.0464,0.8983575570645667,-4.778516623252868,90.50182354551778,-61.94689675304744,0.0325428345135044,0.0689975887214726,0.043299393595600554,-3031.2861015599206,-2648.110721641909,1644.8791359613294,0.45,0.0,0.08,0.9286614145052667,0.9710119566064059,0.55,-0.03400646215577736,0.0019179568478225725
5.15,24.637299695900378,0.8024854095898627,24.650365497051304,-1.160257894633823,-0.19594775039181775,-0.0464,0.8974390705223623,-4.779047113834865,90.67838613880986,-62.317775547197996,0.03256045936492698,0.06903383035916139,0.043298402143592145,-3031.807874242387,-2648.0949122948246,1644.0547867203784,0.45,0.0,0.08,0.9287913821815936,0.970904072906636,0.55,-0.034010237408501794,0.0019159959164101292
5.166666666666667,24.649627217082728,0.8032518269222908,24.66271143728117,-1.1635211062375181,-0.19570042280069402,-0.0464,0.8965239625544317,-4.779483149193274,90.85383073236922,-62.68941218910141,0.03257524655756512,0.06906687948686785,0.04329487476498409,-3032.2928905423655,-2648.0041430211413,1643.2322351067041,0.45,0.0,0.08,0.9289101920807816,0.9707765672642548,0.55,-0.034013340467690105,0.0019140421981163527
5.183333333333334,24.661940416576766,0.8039520700031488,24.675040912664056,-1.166780260661749,-0.1954593833291041,-0.0464,0.8956121484581352,-4.779830206378976,91.02815465347551,-63.061802839788726,0.03258735745982862,0.06909687417888531,0.04328899611358837,-3032.74272977387,-2647.8434252079546,1642.4114632634871,0.45,0.0,0.08,0.929018326364747,0.9706307564202622,0.55,-0.034015810310945235,0.0019120955121045518
5.2,24.674239473880764,0.8045901088372617,24.687354229598085,-1.170035466983823,-0.1952250373489983,-0.0464,0.8947035424950943,-4.780093828084486,91.2013552683192,-63.43494364671366,0.032596956594648584,0.06912395793154809,0.04328095191723173,-3033.159014492775,-2647.6177982814797,1641.5924548013381,0.45,0.0,0.08,0.9291162803347889,0.9704679661148418,0.55,-0.03401768638301084,0.0019101556753267762
5.216666666666667,24.686524547934248,0.8051699816357806,24.69965167679673,-1.1732868406166295,-0.19499774988414034,-0.0464,0.8937980581669425,-4.780279605302369,91.37342998056016,-63.808830744507055,0.03260421093335796,0.0691482789386335,0.04327092828372792,-3033.543404291942,-2647.332315668513,1640.775194767316,0.45,0.0,0.08,0.9292045605387971,0.9702895272590738,0.55,-0.034019008472359356,0.0019082225031125306
5.233333333333333,24.698795777548042,0.8056957778895454,24.71193352507112,-1.1765345026391258,-0.19477784590570263,-0.0464,0.892895608479759,-4.780393160270533,91.5443762298624,-64.18346025570895,0.032609289205831955,0.06916998937807485,0.04325911102775878,-3033.8975897731784,-2646.992030899616,1639.9596696101255,0.45,0.0,0.08,0.929283682932609,0.9700967721477791,0.55,-0.03401981658982173,0.0019062958097333326
5.25,24.71105328188958,0.8061716218298649,24.72420002718449,-1.1797785791327298,-0.19456561072159928,-0.0464,0.8919961061980607,-4.780440129684672,91.71419149041033,-64.55882829147706,0.03261236122823062,0.06918924471132532,0.04324568502000123,-3034.2232866774757,-2646.601983846916,1639.1458671418022,0.45,0.0,0.08,0.9293541710898436,0.9698910307121691,0.55,-0.03402015084911814,0.0019043754089449732
5.266666666666667,24.72329716101927,0.8066016563117256,24.73645141777673,-1.1830192005251738,-0.19436129045963066,-0.0464,0.8910994640891137,-4.780426148168699,91.88287326941142,-64.93493095227049,0.03261359724969674,0.06920620299673205,0.04323083355984324,-3034.5222301580416,-2646.1671870995297,1638.3337764961825,0.45,0.0,0.08,0.9294165544554767,0.9696736268135454,0.55,-0.03402005134922491,0.0019024611145091138
5.283333333333333,24.73552749647371,0.8069900271545768,24.74868791335682,-1.1862565009433914,-0.19416509264428913,-0.0464,0.8902055951582053,-4.780356832004025,92.05041910559024,-65.31176432850789,0.03261316731936356,0.06922102421829389,0.04321473777302565,-3034.7961691837554,-2645.6926124891806,1637.5233880844644,0.45,0.0,0.08,0.9294713666393717,0.9694458745817262,0.55,-0.03401955805858335,0.0019005527406955806
5.3,24.747744351891672,0.8073408679756984,24.76090971236093,-1.1894906175769862,-0.1939771868667755,-0.0464,0.8893144128754008,-4.780237763128048,92.21682656767905,-65.68932450119873,0.0326112406750165,0.0692338696311829,0.04319757603552311,-3035.0468610637427,-2645.183177787379,1636.714693548145,0.45,0.0,0.08,0.9295191437469266,0.969209074804104,0.55,-0.03401871070122456,0.0018986501027664824
5.316666666666666,24.759947773678743,0.8076582855507318,24.773116995273682,-1.1927216900538322,-0.19379770554741238,-0.0464,0.8884258313941914,-4.780074473421014,92.38209325290954,-66.0676075425474,0.032607985154731116,0.0692449011254081,0.04317952342494051,-3035.2760660868657,-2644.643733603563,1635.90768570963,0.45,0.0,0.08,0.9295604227449293,0.9689645113732833,0.55,-0.03401754864494633,0.0018967530174430144
5.333333333333333,24.772137791706697,0.8079463457352177,24.7853099248101,-1.1959498598293337,-0.19362674478921807,-0.0464,0.8875397657623252,-4.779872429308492,92.5462167855108,-66.44660951652908,0.03260356663277536,0.06925428060898924,0.04316075120064748,-3035.485542272869,-2644.079050520762,1635.1023585207847,0.45,0.0,0.08,0.9295957398616289,0.9687134478030466,0.55,-0.03401611079173622,0.0018948613033555736
5.35,24.784314420043557,0.8082090599799375,24.797488646155536,-1.199175269590845,-0.19346436532093683,-0.0464,0.8866561321249992,-4.779637016713898,92.70919481521794,-66.8263264794369,0.03259814848101765,0.06926216941198754,0.04314142631380594,-3035.6770402347797,-2643.4938065115175,1634.2987070097108,0.45,0.0,0.08,0.9296256290208909,0.9684571238239542,0.55,-0.03401443547068573,0.0018929747814775658
5.366666666666666,24.796477657710582,0.8084503724714927,24.809653287260776,-1.2023980626787192,-0.19331059352731442,-0.0464,0.8857748479204983,-4.779373526401755,92.87102501579639,-67.20675448040004,0.03259189105702231,0.06926872771270853,0.043121710948361994,-3035.852298154861,-2642.892574681982,1633.4967272260112,0.45,0.0,0.08,0.9296506203111345,0.9681967520711845,0.55,-0.03401256033368512,0.0018910932755430876
5.383333333333333,24.80862748946233,0.8086741479278784,24.82180395918945,-1.2056183825254108,-0.19316542256387548,-0.0464,0.8848958320682507,-4.779087139757656,93.03170508358599,-67.58788956187206,0.03258495121994278,0.06927411398734956,0.04310176209397727,-3036.013036878909,-2642.279811396263,1632.6964161848027,0.45,0.0,0.08,0.9296712384905098,0.9679335148782321,0.55,-0.03401052225422609,0.0018892166124484155
5.4,24.820763886586175,0.8088841600768282,24.833940756514735,-1.2088363721140125,-0.1930288135529081,-0.0464,0.8840190051492005,-4.778782915055075,93.19123273606968,-67.96972776008953,0.032577481875238755,0.0692784844843105,0.04308173115176415,-3036.1609551359643,-2641.6598448360405,1631.89777180973,0.45,0.0,0.08,0.9296880015304648,0.9676685611908212,0.55,-0.034008357229669134,0.001887344622637095
5.416666666666667,24.832886807717582,0.8090840808424282,24.846063757762245,-1.2120521734575331,-0.192900696856805,-0.0464,0.883144289578303,-4.778465774262334,93.34960571047056,-68.35226510550046,0.03256963154914813,0.06928199272432108,0.043061763573567634,-3036.2977248925545,-2641.0368640524516,1631.1007928752254,0.45,0.0,0.08,0.9297014192004817,0.9674030036158366,0.55,-0.03400610028735487,0.0018854771404682115
5.433333333333334,24.84499619966771,0.8092774702629524,24.85817302589589,-1.215265927100164,-0.19278097342435765,-0.0464,0.8822716097688919,-4.778140490444953,93.50682176238205,-68.73549762316274,0.03256154399373873,0.0692847890274615,0.043041998535403796,-3036.4249868523357,-2640.4149085679596,1630.3054789482503,0.45,0.0,0.08,0.9297119916972876,0.9671379156202287,0.55,-0.03400378539495253,0.0018836140045673062
5.45,24.857091998259907,0.8094677671600632,24.870268608843528,-1.2184777716417006,-0.19266951620505948,-0.0464,0.8814008922885967,-4.777811675819587,93.66287866443446,-69.11942133311229,0.03255335782324877,0.06928702006806638,0.04302256864552225,-3036.5443461134696,-2639.7978585856354,1629.5118303297454,0.45,0.0,0.08,0.9297202083223032,0.9668743288947202,0.55,-0.034001445375445354,0.001881755058159255
5.466666666666667,24.869174129171796,0.809658280576491,24.88235054005899,-1.2216878432861922,-0.1925661716259598,-0.0464,0.8805320660064564,-4.777483770515416,93.81777420500227,-69.50403225070124,0.03254520618230064,0.0692888284584043,0.04300359968741094,-3036.6573679972653,-2639.1894258618395,1628.7198479960123,0.45,0.0,0.08,0.929726546211442,0.9666132308967395,0.55,-0.03399911182715074,0.0018799001493823486
5.483333333333333,24.881242508779742,0.8098521819960746,24.89441883911717,-1.2248962754158068,-0.1924707611251241,-0.0464,0.879665062230822,-4.777161032097631,93.97150618695512,-69.88932638690646,0.03253721644644045,0.06929035236191929,0.04298521039790493,-3036.765574062439,-2638.5931452958516,1627.9295335402317,0.45,0.0,0.08,0.9297314691216391,0.966355562586325,0.55,-0.03399681504916378,0.0018780491315827103
5.5,24.89329704500266,0.8100524983566421,24.906473512338756,-1.228103198190783,-0.19238308273531524,-0.0464,0.878799814837643,-4.776847525905222,94.12407242645655,-70.27529974860835,0.03252950995531767,0.06929172513670456,0.042967512280401195,-3036.8704383199088,-2638.012367286582,1627.1408891143267,0.45,0.0,0.08,0.9297354262786426,0.966102216367836,0.55,-0.03399458397259582,0.0018762018635881817
5.516666666666667,24.905337638142168,0.8102621058626902,24.918514553441142,-1.231308738176238,-0.19230291271111266,-0.0464,0.8779362603886931,-4.776547116251993,94.27547075181269,-70.66194833884076,0.03252220177867647,0.06929307500975705,0.042950609453018776,-3036.973383663223,-2637.4502509021463,1626.3539173713568,0.45,0.0,0.08,0.9297388512906719,0.965854034249145,0.55,-0.033992446097956215,0.0018743582099607296
5.533333333333333,24.91736418171625,0.8104837246011849,24.93054194421211,-1.2345130179964838,-0.19223000719234737,-0.0464,0.8770743382393213,-4.776263458535435,94.42569900237466,-71.04926815701229,0.03251540051518394,0.06929452478243167,0.04293459853137988,-3037.075778529653,-2636.9097579029694,1625.5686214086315,0.45,0.0,0.08,0.9297421611325116,0.9656118062286375,0.55,-0.0339904274389949,0.0018725180412264906
5.55,24.929376563283743,0.8107199139601277,24.942555655202863,-1.2377161560173768,-0.1921641038964494,-0.0464,0.8762139906353019,-4.775999992293039,94.57475502749644,-71.4372551990997,0.032509208123972996,0.06929619156738055,0.042919568545526164,-3037.1789338065228,-2636.3936476532162,1624.785004711712,0.45,0.0,0.08,0.9297457552044772,0.9653762689188083,0.55,-0.033988552473287394,0.0018706812340825415
5.566666666666666,24.941374665257037,0.8109730688458289,24.954555646436962,-1.240918266057106,-0.19210492383208774,-0.0464,0.8753551627983988,-4.7757599352398294,94.72263668555122,-71.82590545781395,0.03250371978862966,0.06929818655712447,0.0429056008903247,-3037.2840999966807,-2635.9044729489096,1624.0030710994677,0.45,0.0,0.08,0.9297500144704818,0.9651481044135619,0.55,-0.03398684409980273,0.0018688476715795765
5.583333333333333,24.95335836570052,0.8112454166911433,24.96654186813181,-1.2441194571256922,-0.19205217302633554,-0.0464,0.8744978030002895,-4.775546278314464,94.86934184300766,-72.21521492274002,0.03249902381320776,0.06930061482426383,0.042892769308564026,-3037.392464655985,-2635.4445767841103,1623.222824670343,0.45,0.0,0.08,0.9297553006791169,0.9649279394045054,0.55,-0.03398532360364888,0.0018670172432797302
5.6,24.96532753911252,0.8115390152432945,24.9785142614294,-1.247319833193342,-0.19200554425751445,-0.0464,0.8736418626245321,-4.775361781754359,95.01486837356818,-72.60517958045101,0.03249520154971076,0.06930357515319491,0.042881139905792565,-3037.5051501144685,-2635.0160900692886,1622.4442697499746,0.45,0.0,0.08,0.9297619556712915,0.9647163445496466,0.55,-0.033984010628141256,0.0018651898453888776
5.616666666666666,24.97728205718843,0.8118557511163875,24.990472759132984,-1.2505194929876724,-0.1919647187858646,-0.0464,0.872787296216325,-4.775208972212928,95.15921415737053,-72.99579541459775,0.032492327356341104,0.0693071599030568,0.042870771195811244,-3037.623211491335,-2634.6209303084015,1621.6674108402942,0.45,0.0,0.08,0.929770300777511,0.9645138340959347,0.55,-0.03398292315428746,0.0018633653808628643
5.633333333333333,24.989221789563157,0.8121973390902877,25.002417286446594,-1.2537185298196845,-0.19192936807425048,-0.0464,0.8719340615198539,-4.775090140924572,95.30237708025379,-73.38705840597474,0.0324904685856836,0.06931145490149548,0.04286171417560138,-3037.747635012274,-2634.2608012335913,1620.892252570245,0.45,0.0,0.08,0.9297806363073718,0.9643208657551188,0.55,-0.033982077487728364,0.0018615437594872465
5.65,25.00114660453082,0.8125653221343122,25.01434776171424,-1.2569170314382412,-0.19189915549124545,-0.0464,0.8710821195031071,-4.7750073429152184,95.44435503308964,-73.77896453256382,0.03248968560186319,0.06931653936869565,0.042854012428347965,-3037.879336635712,-2633.937193388719,1620.1187996482215,0.45,0.0,0.08,0.9297932411332743,0.9641378408304209,0.55,-0.03398148825311987,0.0018597248979302663
5.666666666666667,25.013056369740053,0.8129610721311096,25.02626409715589,-1.2601150799126806,-0.1918737379891368,-0.0464,0.8702314343700921,-4.774962397248607,95.58514591117923,-74.17150976955637,0.03249003182559868,0.06932248587100004,0.04284770225310938,-3038.0191609926396,-2633.6513856454526,1619.3470568163361,0.45,0.0,0.08,0.9298083723697516,0.9639651045895804,0.55,-0.03398116839588567,0.0018579087197689358
5.683333333333334,25.024950952863275,0.8133857912732676,25.03816619959732,-1.263312751543066,-0.19185276774965748,-0.0464,0.8693819735604799,-4.774956888290856,95.72474761371626,-74.56469008935564,0.03249155380596492,0.0693293603033104,0.04284281281958787,-3038.1678806425366,-2633.404447628342,1618.5770288066092,0.45,0.0,0.08,0.9298262651491704,0.9638029468779652,0.55,-0.03398112919121652,0.0018560951554882766
5.7,25.036830222238454,0.8138405141025823,25.05005397119111,-1.2665101167974682,-0.19183589379057187,-0.0464,0.8685337077367763,-4.774992167968474,95.86315804331574,-74.95850146156022,0.032494291317576224,0.06933722189934573,0.042839366346370866,-3038.3261956457395,-2633.197243018375,1617.8087202991637,0.45,0.0,0.08,0.9298471324938941,0.9636516029636523,0.55,-0.03398138026013944,0.0018542841424539316
5.716666666666667,25.04869404748205,0.8143261101595761,25.06192731012622,-1.2697072402755554,-0.1918227635266202,-0.0464,0.8676866107591958,-4.77506935898787,96.00037510560814,-75.35293985293008,0.03249827748181567,0.06934612326872269,0.04283737830094321,-3038.494733450425,-2633.0304336980153,1617.0421358824988,0.45,0.0,0.08,0.9298711652843328,0.9635112546047283,0.55,-0.03398192959242952,0.0018524756248585223
5.733333333333333,25.060542300072008,0.8148432872087811,25.073786111323667,-1.2729041806976689,-0.1918130242787513,-0.0464,0.8668406596485053,-4.775189358977846,96.13639670889857,-75.74800122733652,0.03250353891065723,0.06935611045972148,0.04283685761971337,-3038.674049090139,-2632.904484694744,1616.2772800159048,0.45,0.0,0.08,0.9298985323216268,0.9633820313275165,0.55,-0.03398278357609005,0.00185066955364232
5.75,25.072374853899728,0.8153925950035139,25.085630267116073,-1.276100990918462,-0.1918063247260405,-0.0464,0.8659958345371679,-4.775352845510297,96.2712207638895,-76.14368154569749,0.0325100958715622,0.06936722304650736,0.042837806946254116,-3038.8646256856514,-2632.819669874778,1615.5141569940718,0.45,0.0,0.08,0.9299293804830515,0.9632640119030752,0.55,-0.03398394703308248,0.0018488658863889422
5.766666666666667,25.084191585790183,0.8159744295523779,25.09745966790883,-1.2792977179640932,-0.19180231629519273,-0.0464,0.8651521186092129,-4.775560281948884,96.40484518346628,-76.53997676589948,0.03251796247187786,0.06937949423949667,0.042840222885929174,-3039.066875242816,-2632.7760783338495,1614.752770913937,0.45,0.0,0.08,0.9299638349675917,0.9631572260080818,0.55,-0.03398542326094873,0.0018470645871969747
5.783333333333333,25.09599237598945,0.8165890378485264,25.109274202821055,-1.2824944030918877,-0.19180065448306255,-0.0464,0.8643094980293151,-4.775811924070377,96.53726788254376,-76.93688284270756,0.03252714686112447,0.06939295101748415,0.042844096275061826,-3039.2811397360906,-2632.7736214279676,1613.993125643805,0.45,0.0,0.08,0.9300019996285195,0.9630616560552072,0.55,-0.03398721407993211,0.001845265626528561
5.8,25.10777710861907,0.8172365230218217,25.121073760304448,-1.2856910818713028,-0.19180100010817633,-0.0464,0.863467961861641,-4.776107827399232,96.66848677797236,-77.33439572766488,0.03253765144952706,0.06940761428008732,0.042849412462799066,-3039.5076924655145,-2632.812040383726,1613.235224794759,0.45,0.0,0.08,0.9300439573892395,0.9629772391772179,0.55,-0.03398931988517417,0.0018434689810361419
5.816666666666666,25.119545672096837,0.817916849873418,25.132858228738446,-1.2888877842849844,-0.1918030204878109,-0.0464,0.8626275019790863,-4.776447855192303,96.79849978850167,-77.73251136898321,0.032549473141130936,0.06942349901901514,0.04285615160383567,-3039.746739673171,-2632.8909144251447,1612.4790716943867,0.45,0.0,0.08,0.9300897707381337,0.9629038693483951,0.55,-0.033991739703538026,0.0018416746333686797
5.833333333333333,25.13129795952364,0.818629850751972,25.144627497000215,-1.2920845348486365,-0.19180639053775875,-0.0464,0.8617881129635739,-4.776831687007851,96.92730483479946,-78.13122571142557,0.03256260357983303,0.06944061450662907,0.04286428896018408,-3039.9984224036266,-2633.009669352236,1611.724669362816,0.45,0.0,0.08,0.9301394822976614,0.9628413996263846,0.55,-0.033994471254590104,0.0018398825719588001
5.85,25.143033869036316,0.8193752317306476,25.15638145500821,-1.295281352748395,-0.19181079379248753,-0.0464,0.8609497919981489,-4.777258827790889,97.05489983952383,-78.53053469618266,0.032577029406666284,0.069458964500238,0.042873795210210355,-3040.2628185914245,-2633.167586505358,1610.9720204910675,0.45,0.0,0.08,0.9301931154625506,0.9627896444973124,0.55,-0.033997511015256186,0.0018380927907924191
5.866666666666666,25.154753304126437,0.8201525790442932,25.168119994238204,-1.2984782519943594,-0.19181592334397532,-0.0464,0.8601125387516215,-4.77772861740559,97.18128272744615,-78.93043426074425,0.03259273252668899,0.06947854746055199,0.04288463676319925,-3040.5399453575446,-2633.36381204903,1610.2211274217,0.45,0.0,0.08,0.9302506751015527,0.9627483823068922,0.55,-0.03400085428765913,0.0018363052891624601
5.883333333333333,25.166456173925084,0.820961365746653,25.179843008210767,-1.3016752415889115,-0.1918214826980638,-0.0464,0.8592763552565787,-4.778240240544838,97.30645142562189,-79.33092033876677,0.03260969038385664,0.06949935678271463,0.04289677607776547,-3040.8297614957432,-2633.5973665091988,1609.4719921317392,0.45,0.0,0.08,0.9303121483169389,0.9627173577603282,0.55,-0.03400449526964047,0.0018345200714084135
5.9,25.178142393454007,0.8218009585481693,25.191550392949548,-1.3048723257084438,-0.19182718654771896,-0.0464,0.8584412457815727,-4.778792736947087,97.43040386360694,-79.73198885993857,0.03262787624228713,0.06952138103833796,0.042910171982489136,-3041.1321701289226,-2633.867154498851,1608.724616217853,0.45,0.0,0.08,0.9303775052556774,0.9626962844740466,0.55,-0.034008427127469085,0.0018327371466434646
5.916666666666667,25.189811883843348,0.8226706247958566,25.203242047409645,-1.3080695038971082,-0.19183276146311184,-0.0464,0.857607216698342,-4.779385011851421,97.55313797371649,-80.13363574984382,0.032647259472373596,0.06954460422697825,0.042924779997222544,-3041.4470215151377,-2634.1719745684063,1607.979000883743,0.45,0.0,0.08,0.9304466999660691,0.9626848475626765,0.55,-0.03401264207024485,0.0018309565284710164
5.933333333333334,25.201464572516556,0.8235695395578498,25.214917873875667,-1.3112667712712023,-0.19183794649893263,-0.0464,0.856774276344914,-4.780015846623012,97.67465169132346,-80.53585692982632,0.03266780584024872,0.06956900603551477,0.04294055265359083,-3041.7741159824677,-2634.5105291193913,1607.2351469297034,0.45,0.0,0.08,0.9305196712935094,0.9626827062452221,0.55,-0.03401713142551512,0.0018291782346924177
5.95,25.213100393342984,0.8244967927765107,25.226577778329165,-1.3144641187328245,-0.1918424937198209,-0.0464,0.8559424348854401,-4.780683909483117,97.79494295519369,-80.93864831685443,0.03268947779916118,0.06959456210392499,0.04295743981328923,-3042.1132069718874,-2634.881434322421,1606.4930547443005,0.45,0.0,0.08,0.9305963438090104,0.9626894964550157,0.55,-0.034021885715635046,0.0018274022870077187
5.966666666666667,25.224719286758905,0.8254513964554319,25.238221670785304,-1.3176615331914445,-0.19184616864523443,-0.0464,0.85511170416762,-4.781387766280106,97.91400970785476,-81.34200582338781,0.032712234781387996,0.06962124429598918,0.042975388982865084,-3042.4640041672947,-2635.2832299834913,1605.7527242981193,0.45,0.0,0.08,0.9306766287641278,0.9627048334387915,0.55,-0.03402689473441996,0.0018256287107112762
5.983333333333333,25.236321199857773,0.8264322918472536,25.249849465598775,-1.320858997792063,-0.1918487506154813,-0.0464,0.8542820975785358,-4.782125891240936,98.03184989599546,-81.74592535724739,0.03273603348937354,0.06964902097350426,0.04299434562376028,-3042.8261766921337,-2635.7143893059138,1605.014155139504,0.45,0.0,0.08,0.9307604250660285,0.9627283143310684,0.55,-0.03403214762365855,0.0018238575343839662
