t,vx,vy,speed,yaw,yaw_rate,steering_angle,ax,ay,pos_x,pos_y,sideslip,alpha_f,alpha_r,fy_f,fy_r,f_long,throttle,brake,steer_cmd
0.0,19.59728363289214,-0.03768795612205754,19.597319872116667,-0.00027007611751205457,-0.029948026757770297,-0.057999999999999996,0.8983325820502492,-3.317336306129288,54.4914399724206,-0.0003874224664550393,-0.0019231190590742206,0.05536213869011889,6.008996821582979e-05,-3755.979901381693,-4.904305830855634,1631.0322646457223,0.4444444444444444,0.0,0.1
0.016666666666666666,19.61240780416156,-0.07387825559228886,19.61254695018948,-0.0011557774518136117,-0.0667106871487557,-0.057999999999999996,0.9074214051059885,-3.158799460571577,54.818217678968,-0.0016649955763945207,-0.0037668962881884367,0.05094809326899707,0.0006096073777623451,-3536.358100318029,-49.75489444292508,1630.0647777650588,0.4444444444444444,0.0,0.1
0.03333333333333333,19.627747245469813,-0.09661432997209994,19.62798502803596,-0.002624683536984404,-0.10062705213124337,-0.057999999999999996,0.9153154601656132,-3.061950141279599,55.14524689532628,-0.00381334313275381,-0.0049222943659104935,0.04743036239404157,0.001674760591653151,-3349.5511340621633,-136.67735081708508,1629.0834173109913,0.4444444444444444,0.0,0.1
0.05,19.64328132859133,-0.10781044099878688,19.643577180477415,-0.004628693378537602,-0.13164794320087936,-0.057999999999999996,0.9217628344424306,-3.022469263628851,55.472528428232685,-0.006809949604225958,-0.005488357912401543,0.044713851990657916,0.0031506186103434936,-3198.311045930521,-257.01163931004453,1628.0890880851725,0.4444444444444444,0.0,0.1
0.06666666666666667,19.658969843126833,-0.10928194098847442,19.659273583619424,-0.007119945201004755,-0.15982137515856892,-0.057999999999999996,0.9266767319841145,-3.0340031993929113,55.800062210109054,-0.010647934614189442,-0.005558827152888471,0.04270104051582716,0.004944136039945117,-3082.3447192910326,-402.93304086351077,1627.0841139841816,0.4444444444444444,0.0,0.1
0.08333333333333333,19.67476162746226,-0.10269940104466602,19.67502966362278,-0.010052096674550402,-0.18526096024893485,-0.057999999999999996,0.9300818812808738,-3.089218192097217,56.12784726119231,-0.015334202166631845,-0.005219807500503647,0.04129692820216089,0.006974434043817104,-2999.495991556845,-567.4671487251736,1626.07164870864,0.4444444444444444,0.0,0.1
0.1,19.690601215574038,-0.08956289686682475,19.69080490338729,-0.013381160133900446,-0.20812203271770738,-0.057999999999999996,0.9320786451251153,-3.1804593089188558,56.45588165624952,-0.02088736246950581,-0.004548478649283348,0.04041223991107598,0.009172546838139818,-2946.47907876434,-744.5054174517464,1625.0552170772346,0.4444444444444444,0.0,0.1
0.11666666666666667,19.70643359446323,-0.07119225150000329,19.70656219003362,-0.017066008940332177,-0.228584211343537,-0.057999999999999996,0.932812388816467,-3.3002687351864535,56.78416250133257,-0.027335600229985997,-0.0036126243466201797,0.03996529879822558,0.011480765358236361,-2919.4587817595084,-928.8137222818309,1624.0383806759248,0.4444444444444444,0.0,0.1
0.13333333333333333,19.722207350581378,-0.048728853685940425,19.722267549156403,-0.021068646206738664,-0.24683886486882717,-0.057999999999999996,0.9324499948411143,-3.4417439540707933,57.11268592399372,-0.03471462273101866,-0.002470755613833591,0.03988290457460407,0.013851699191927042,-2914.4652051311414,-1116.022805166925,1623.0245119833978,0.4444444444444444,0.0,0.1
0.15,19.73787654025216,-0.02314519788018815,19.737890110607605,-0.025354303493172116,-0.2630801671256782,-0.057999999999999996,0.9311632081819082,-3.5987505036941436,57.44144707839499,-0.043065777455618015,-0.001172628029379696,0.04010051771421684,0.0162471677281896,-2927.665659271819,-1302.5937598648898,1622.016655836882,0.4444444444444444,0.0,0.1
0.16666666666666666,19.753401606725568,0.004740938510303491,19.753402175652838,-0.02989141876361138,-0.2774987724899937,-0.057999999999999996,0.9291176338585785,-3.766018067105426,57.77044016502493,-0.052434390557129444,0.00024000617785539314,0.04056198939010519,0.018637016823411106,-2955.5266799660694,-1485.758147516685,1621.0174570657687,0.4444444444444444,0.0,0.1
0.18333333333333332,19.768749622930507,0.034249996625595996,19.768779292520414,-0.03465152995421308,-0.29027744044835463,-0.057999999999999996,0.9264660575712349,-3.939151266232763,58.09965846345196,-0.06286834717679689,0.001732530534803759,0.041219014843410826,0.0209979388779243,-2994.8973741192995,-1663.4376574286523,1620.0291355799923,0.4444444444444444,0.0,0.1
0.2,19.783894085627598,0.06482346377416959,19.78400028489654,-0.03960911158793074,-0.30158814468969336,-0.057999999999999996,0.9233449061195507,-4.114583559215019,58.42909437574776,-0.07441691282091036,0.0032765658527275352,0.042030436245078934,0.023312353940119834,-3043.0393998080954,-1834.1511053611573,1619.0534935550454,0.4444444444444444,0.0,0.1
0.21666666666666667,19.798814434462688,0.09600713273111729,19.799047208889203,-0.0447413755340554,-0.31159032887730487,-0.057999999999999996,0.9198728927365811,-4.2894974272983495,58.75873947787145,-0.08712978075024752,0.004849097432169979,0.04296148169507308,0.025567389640846736,-3097.622568565397,-1996.917034748696,1618.0919427666497,0.4444444444444444,0.0,0.1
0.23333333333333334,19.813495423396354,0.12743547958380338,19.813905235828827,-0.050028052208096765,-0.32043004591345375,-0.057999999999999996,0.9161511146217678,-4.461728366817765,59.088584576316016,-0.10105632212825202,0.006431662847885977,0.04398299810689528,0.027753980380691864,-3156.6996919598314,-2151.1589882274893,1617.1455431987245,0.4444444444444444,0.0,0.1
0.25,19.82792643394495,0.15881753670605295,19.828562471341645,-0.05545116463470225,-0.3282397645622125,-0.057999999999999996,0.9122640580379101,-4.629664986313462,59.41861976756868,-0.11624501198064319,0.008009619208570642,0.04507071491284954,0.02986609241748427,-3218.670146941311,-2296.618520627632,1616.2150466223275,0.4444444444444444,0.0,0.1
0.26666666666666666,19.842100789732157,0.18992441742888372,19.84300972721188,-0.06099480456792814,-0.3351386623075608,-0.057999999999999996,0.9082811170766256,-4.792153164863933,59.748834498319525,-0.132743003451122,0.009571497470040732,0.04620456068203009,0.03190007164858309,-3282.2385635847977,-2433.278925616756,1615.3009408921832,0.4444444444444444,0.0,0.1
0.2833333333333333,19.85601510927475,0.22057850096067003,19.85724026381393,-0.06664491716599598,-0.3412332538710872,-0.057999999999999996,0.904258349841322,-4.948408874556003,60.07921762478209,-0.15059582425774867,0.011108443800290612,0.0473680442786599,0.033854104627121996,-3346.3728137175412,-2561.3008621271715,1614.4034922686358,0.4444444444444444,0.0,0.1
0.3,19.86966871758757,0.2506441931911368,19.871249519299447,-0.07238909850777217,-0.3466182333678774,-0.057999999999999996,0.9002402858294029,-5.097941852496634,60.40975746990925,-0.1698471717950349,0.012613743267222964,0.048547704956942855,0.035727780016367505,-3410.2638902140197,-2680.969760447938,1613.5227842145214,0.4444444444444444,0.0,0.1
0.31666666666666665,19.883063125865426,0.2800201265024019,19.88503483875238,-0.07821640848418203,-0.3513774346328474,-0.057999999999999996,0.896261665726649,-5.240490681720333,60.74044187766213,-0.19053878636972255,0.014082418478502716,0.04973263095509781,0.037521736492638395,-3473.2891509784,-2792.654062005162,1612.6587519167954,0.4444444444444444,0.0,0.1
0.3333333333333333,19.896201581024187,0.30863263750665865,19.898595213172303,-0.0841172002585016,-0.35558483803243346,-0.057999999999999996,0.8923490439934959,-5.375968831685304,61.071258263803806,-0.21271038519304372,0.015510894618007778,0.050914043089086265,0.039237383335929334,-3534.9796359985685,-2896.7729172903933,1611.811212317963,0.4444444444444444,0.0,0.1
0.35,19.90908868225093,0.33643035624526546,19.91193103499345,-0.09008296651136392,-0.35930557241691113,-0.057999999999999996,0.8885222192940774,-5.504420650430178,61.40219366293917,-0.23639964272831657,0.01689672210199727,0.05208493807329162,0.04087668101744521,-3594.9916579377773,-2993.7718230679225,1610.9798897799478,0.4444444444444444,0.0,0.1
0.36666666666666664,19.921730059099016,0.3633797467115905,19.925043874178282,-0.09610620200853878,-0.36259687748711483,-0.057999999999999996,0.8847954812664953,-5.62598604982395,61.73323477171189,-0.2616422056747128,0.018238348452386186,0.053239785436092306,0.04244197057924244,-3653.082546151639,-3084.104720246405,1610.1644376989304,0.4444444444444444,0.0,0.1
0.3833333333333333,19.934132104425323,0.38946145150953976,19.93793627682896,-0.10218028159073493,-0.36550900485249527,-0.057999999999999996,0.8811786771469973,-5.740872571946573,62.06436798820714,-0.288471733198753,0.019534931691667028,0.054374271663515016,0.04393584221747493,-3709.0902368622524,-3168.221216494551,1609.3644564880144,0.4444444444444444,0.0,0.1
0.4,19.946301755123763,0.41466730954710146,19.950611586717343,-0.1082993524282138,-0.36808604581899323,-0.057999999999999996,0.8776781106492287,-5.849333587725259,62.39557944770294,-0.31691995499683584,0.02078618842494391,0.0554850853749116,0.04536103505228055,-3762.916307403691,-3246.557785598104,1608.5795083785677,0.4444444444444444,0.0,0.1
0.4166666666666667,19.958246313815806,0.43899793262211606,19.963073789068375,-0.11445823926006385,-0.37036668097378256,-0.057999999999999996,0.8742972901040483,-5.9516515029461505,62.72685505497412,-0.34701674140592353,0.021992270673294498,0.056569737749572586,0.046720361498837744,-3814.5120191561973,-3319.531992182671,1607.8091294850133,0.4444444444444444,0.0,0.1
0.43333333333333335,19.969973305175195,0.4624607432002554,19.97532737524998,-0.12065236130865145,-0.37238485146942335,-0.057999999999999996,0.8710375446009504,-6.048124995530229,63.058180513387576,-0.3787901811110786,0.023153666388926554,0.05762641296751915,0.048016650903653424,-3863.8669394266385,-3387.5389748965554,1607.0528395484776,0.4444444444444444,0.0,0.1
0.45,19.981490361229774,0.4850683908402212,19.98737722663258,-0.12687765959282044,-0.3741703550572605,-0.057999999999999996,0.8678985267876175,-6.139059459467642,63.389541351043704,-0.4122666630690613,0.024271119377619135,0.05865384402282344,0.0492527081689095,-3910.9997410328824,-3450.949583327895,1606.3101497336418,0.4444444444444444,0.0,0.1
0.4666666666666667,19.992805130696173,0.5068374782242152,19.999228515703397,-0.13313053343536185,-0.3757493718149693,-0.057999999999999996,0.8648786198277654,-6.224759972695909,63.720922944221826,-0.44747096011790416,0.025345565059963316,0.05965120986251285,0.050431283965667144,-3955.9508186481085,-3510.109700460062,1605.5805688076744,0.4444444444444444,0.0,0.1
0.48333333333333334,20.003925208099915,0.5277875394980327,20.010886622488886,-0.1394077850540617,-0.3771449255117436,-0.057999999999999996,0.8619752643032148,-6.305526232475198,64.05231053838071,-0.4844263124115092,0.02637807911541264,0.0606180503672389,0.051555053853156604,-3998.776405751102,-3565.340393884277,1604.8636079848702,0.4444444444444444,0.0,0.1
0.5,20.01485807908023,0.5479402236650897,20.022357064402616,-0.1457065712293057,-0.37837728693473394,-0.057999999999999996,0.85918521891211,-6.381649010384044,64.38368926695333,-0.5231545093396934,0.027369836575436502,0.061554196204334485,0.052626604198889475,-4039.5439207277236,-3616.9386278005686,1604.1587846781383,0.4444444444444444,0.0,0.1
0.5166666666666666,20.025611078858333,0.5673186442474588,20.03364543775806,-0.15202436114673504,-0.37946432547162445,-0.057999999999999996,0.8565047668726717,-6.453407770149535,64.7150441681592,-0.5636759689967014,0.028322079371686654,0.06245971104207965,0.05364842325550598,-4078.3283126065726,-3665.1783373414,1603.4656253601786,0.4444444444444444,0.0,0.1
0.5333333333333333,20.036191361354685,0.5859468634986728,20.04475736933895,-0.1583588996156531,-0.3804218149599179,-0.057999999999999996,0.8539298781134479,-6.521069166565679,65.04636020004033,-0.6060098145692351,0.029236090711467436,0.06333484401454095,0.054622896115863205,-4115.209214712526,-3710.3117203335087,1602.7836677034607,0.4444444444444444,0.0,0.1
0.55,20.046605876876487,0.6038494853124012,20.055698476585924,-0.16470817495970308,-0.38126369938235466,-0.057999999999999996,0.8514563356800093,-6.584886204708348,65.3776222539085,-0.6501739472484545,0.030113174955816942,0.06417999067159244,0.05555230255603855,-4150.268747651601,-3752.5706423972897,1602.1124621390302,0.4444444444444444,0.0,0.1
0.5666666666666667,20.05686135666589,0.621051335796831,20.066474335124557,-0.1710703909641428,-0.3820023234848036,-0.057999999999999996,0.8490798333393558,-6.645097887621703,65.70881516637421,-0.6961851154453275,0.030954641924635436,0.06499566094309439,0.056438817002027665,-4183.589841485379,-3792.168081976555,1601.451572949449,0.4444444444444444,0.0,0.1
0.5833333333333334,20.066964302909714,0.6375772144405791,20.077090452518924,-0.17744394234318328,-0.3826486328677731,-0.057999999999999996,0.846796050118282,-6.701929219636649,66.0399237301105,-0.7440589802181341,0.03176179475718421,0.06578245289509906,0.05728451003267466,-4215.254970997637,-3829.299564748464,1600.800578990336,0.4444444444444444,0.0,0.1
0.6,20.076920983069684,0.6534517020273976,20.087552247282552,-0.18382739326131056,-0.3832123475871558,-0.057999999999999996,0.8446007064586185,-6.755591463291349,66.3709327034886,-0.7938101769151785,0.03253592062254826,0.06654103126502275,0.05809135096913328,-4245.3452180361,-3864.144553707566,1600.1590741176249,0.4444444444444444,0.0,0.1
0.6166666666666667,20.086737427606135,0.6686990140892881,20.097865032312193,-0.19021945850465535,-0.38370211281299155,-0.057999999999999996,0.8424896057917225,-6.806282572019515,66.7018268192083,-0.8454523731029767,0.03327828370988285,0.06727210993745136,0.05886121120824613,-4273.9395915221785,-3896.867773495687,1599.5266673832323,0.4444444444444444,0.0,0.1
0.6333333333333333,20.096419430344262,0.6833428908275819,20.108034002029214,-0.196618986952901,-0.38412562964721997,-0.057999999999999996,0.8404586646054556,-6.854187739669156,67.03259079203183,-0.8989983228967898,0.033990120038017164,0.06797643766769829,0.05959586804027723,-4301.114549356271,-3927.62045638964,1598.9029830499817,0.4444444444444444,0.0,0.1
0.65,20.105972550876515,0.6974065161685076,20.118064222618294,-0.2030249470496342,-0.3844897687970902,-0.057999999999999996,0.8385039334775866,-6.899480022599775,67.36320932571844,-0.9544599178413455,0.03467263371293028,0.068654786480948,0.060297008755697185,-4326.943677569106,-3956.5415036325126,1598.2876604668393,0.4444444444444444,0.0,0.1
0.6666666666666666,20.1154021185129,0.7109124600281063,20.127960624844647,-0.2094364140101792,-0.38480066944082525,-0.057999999999999996,0.836621611060015,-6.9423210014646495,67.69366711924563,-1.0118482345088304,0.03532699433361153,0.06930794227477473,0.060966234895334724,-4351.497491097481,-3983.7585601667092,1597.6803538375846,0.4444444444444444,0.0,0.1
0.6833333333333333,20.12471323738743,0.7238826390023629,20.137727999010362,-0.21585255854153973,-0.38506382530472916,-0.057999999999999996,0.8348080526002148,-6.982861458529733,68.02394887239329,-1.071173578991749,0.03595433530505036,0.06993669723545233,0.06160506653641934,-4374.843327859171,-4009.389003801674,1597.0807319094736,0.4444444444444444,0.0,0.1
0.7,20.13391079240726,0.7363382916223601,20.147370991678365,-0.22227263687978394,-0.3852841596932702,-0.057999999999999996,0.8330597742641286,-7.021242053081086,68.35403929075864,-1.1324455284723471,0.03655575286417631,0.070541843746693,0.06221494653638974,-4397.045313677905,-4033.540851805711,1596.4884776032013,0.4444444444444444,0.0,0.1
0.7166666666666667,20.142999455794897,0.7482999650622156,20.15689410385106,-0.2286959819766738,-0.3854660909722188,-0.057999999999999996,0.8313734542647433,-7.057593982580242,68.6839230902616,-1.1956729700497661,0.037132305662611505,0.07112416952573355,0.06279724467881066,-4418.164380327154,-4056.313589132584,1595.9032876011122,0.4444444444444444,0.0,0.1
0.7333333333333333,20.15198369402531,0.7597875107929255,20.166301690340223,-0.23512199569012374,-0.3856135897958781,-0.057999999999999996,0.8297459315914828,-7.0920396210978875,69.01358500119412,-1.2608641370022755,0.03768501478083168,0.07168445376809764,0.06335326168287572,-4438.258322739239,-4077.798923190537,1595.3248719071598,0.4444444444444444,0.0,0.1
0.75,20.160867775001723,0.7708200871651593,20.17559796010716,-0.2415501418526774,-0.38573022918906497,-0.057999999999999996,0.8281742029676908,-7.124693129470096,69.34300977186011,-1.3280266426558698,0.03821486407315884,0.07222346412062272,0.06388423305097626,-4457.381884443987,-4098.081470389352,1594.7529533892532,0.4444444444444444,0.0,0.1
0.7666666666666666,20.169655775347493,0.7814161673005406,20.184786977387876,-0.24797994010905405,-0.38581922843924743,-0.057999999999999996,0.8266554185291413,-7.155661033797427,69.6721821718484,-1.3971675120229616,0.03872280076305995,0.072741954333884,0.06439133273862394,-4475.586862706263,-4117.239379774465,1594.187267312363,0.4444444444444444,0.0,0.1
0.7833333333333333,20.17835158771875,0.7915935509917995,20.19387266344828,-0.25441096042832456,-0.3858834916208472,-0.057999999999999996,0.8251868766091546,-7.185042770516119,70.00108699497528,-1.4682932113664564,0.03920973622442022,0.07324066247115567,0.06487567663835561,-4492.922226744564,-4135.344898959272,1593.6275608689134,0.4444444444444444,0.0,0.1
0.8,20.186958928064342,0.8013693795718185,20.20285879884013,-0.2608428182087598,-0.38592564145923836,-0.057999999999999996,0.8237660179303132,-7.212931197444839,70.32970906193002,-1.5414096758355713,0.0396765468975341,0.07372030957250143,0.0653383258746855,-4509.434243930572,-4152.464887357819,1593.0735927114858,0.4444444444444444,0.0,0.1
0.8166666666666667,20.195481342777217,0.8107601529216771,20.21174902604988,-0.26727516990414724,-0.3859480491438145,-0.057999999999999996,0.8223904194346918,-7.2394130710538676,70.65803322265248,-1.6165223353106675,0.04012407529911239,0.07418159869028676,0.06578028991114578,-4525.166610071369,-4168.661281443391,1592.5251324916924,0.4444444444444444,0.0,0.1
0.8333333333333334,20.20392221569551,0.8197817479577238,20.22054685245083,-0.2737077091096305,-0.3859528606153454,-0.057999999999999996,0.8210577879304449,-7.2645694907949485,70.9860443584693,-1.693636138585357,0.040553131094119975,0.07462521422701605,0.06620252947330789,-4540.160580824985,-4183.99151644464,1591.981960408106,0.4444444444444444,0.0,0.1
0.85,20.21228477492277,0.828449438075127,20.229255653484184,-0.2801401630531184,-0.3859420197807278,-0.057999999999999996,0.8197659536897792,-7.288476311731911,71.31372738401163,-1.7727555760053315,0.04096449220412741,0.07505182151846497,0.06660595929367222,-4554.455102047331,-4198.508908561319,1591.44386676536,0.4444444444444444,0.0,0.1
0.8666666666666667,20.220572099445807,0.8367779131364036,20.2378786760075,-0.28657228944520297,-0.3859172890463964,-0.057999999999999996,0.8185128640995337,-7.311204526971292,71.64106724893547,-1.853884700674895,0.04135890593239403,0.0754620666150503,0.06699145068565453,-4568.08693745529,-4212.2630014509095,1590.9106515459537,0.4444444444444444,0.0,0.1
0.8833333333333333,20.228787125535664,0.8447812996831162,20.246419041759747,-0.29300387364648434,-0.3858802675086386,-0.057999999999999996,0.8172965774389336,-7.3328206215455305,71.96804893946347,-1.9370271483341144,0.04173709009035612,0.07585657622262304,0.06735983395474564,-4581.090792449585,-4225.299880415251,1590.382123995774,0.4444444444444444,0.0,0.1
0.9,20.236932652922892,0.8524731811212686,20.254879750901207,-0.29943472611635524,-0.385832407093544,-0.057999999999999996,0.8161152568382054,-7.35338689947658,72.29465747976437,-2.0221861560018537,0.042099734113775045,0.0762359577706899,0.0677119006553965,-4593.499433298219,-4237.662457408947,1589.8581022240032,0.4444444444444444,0.0,0.1
0.9166666666666666,20.245011350742605,0.8598666176892183,20.263263685594016,-0.305864680111762,-0.3857750269002428,-0.057999999999999996,0.8149671644553904,-7.372961785766309,72.62087793318578,-2.109364579472804,0.04244750015967495,0.07660079958171107,0.06804840570238108,-4605.343801157948,-4249.390729702325,1589.3384128177488,0.4444444444444444,0.0,0.1
0.9333333333333333,20.253025763248257,0.8669741660637874,20.271573613595457,-0.3122935896083291,-0.3857093259674942,-0.057999999999999996,0.8138506558960268,-7.391600105038435,72.94669540335323,-2.1985649097498965,0.042781024177500786,0.07695167111979426,0.06837006934538553,-4616.653120623913,-4260.522014763195,1588.822890471526,0.4444444444444444,0.0,0.1
0.95,20.26097831529572,0.8738078984978541,20.279812191841437,-0.3187213274195964,-0.38563639465478955,-0.057999999999999996,0.8127641748905363,-7.409353338506683,73.27209503514801,-2.289789288487247,0.043100916949764874,0.07728912330097361,0.06867757901542279,-4627.455002659849,-4271.091163674123,1588.3113776315258,0.4444444444444444,0.0,0.1
0.9666666666666667,20.26887131760117,0.8803794214127845,20.28798197000191,-0.3251477834930396,-0.38555722480424476,-0.057999999999999996,0.8117062482366659,-7.426269860875165,73.59706201557464,-2.3830395225129823,0.04340776509891201,0.07761368885046632,0.06897159105141612,-4637.775541883645,-4281.130755175189,1587.8037241544648,0.4444444444444444,0.0,0.1
0.9833333333333333,20.27670697177782,0.8866998933930362,20.29608539399375,-0.3315728633640879,-0.38547271882809697,-0.057999999999999996,0.8106754810086223,-7.442395158696429,73.92158157452806,-2.47831709749592,0.04370213205829071,0.07792588269495576,0.06925273231497237,-4647.639408274147,-4290.671272215816,1587.299786980727,0.4444444444444444,0.0,0.1
1.0,20.284487375157557,0.8927800425492813,20.3041248094396,-0.3379964867515706,-0.3853836978480998,-0.057999999999999996,0.8096705520302849,-7.457772031625115,74.24563898546937,-2.57562319081511,0.04398455900602958,0.07822620238014777,0.06952160170099267,-4657.069933431519,-4299.7412627117565,1586.7994298214135,0.4444444444444444,0.0,0.1
1.0166666666666666,20.292214525404447,0.8986301832313948,20.31210246506377,-0.3444185862799589,-0.38529090899710006,-0.057999999999999996,0.8086902096067317,-7.472440777914786,74.56921956601842,-2.674958683686678,0.04425556576133033,0.07851512850566947,0.06977877155137241,-4666.089191570773,-4308.367486033876,1586.3025228588692,0.4444444444444444,0.0,0.1
1.0333333333333332,20.29989032492734,0.904260232084398,20.32002051601838,-0.35083910631546034,-0.38519503197922966,-0.057999999999999996,0.8077332675060769,-7.486439365414854,74.89230867847064,-2.776324172598176,0.04451565164324101,0.07879312517088773,0.07002478897863043,-4674.7180754604115,-4316.575046602422,1585.808942460228,0.4444444444444444,0.0,0.1
1.05,20.307516585099325,0.9096797234495496,20.327881027134612,-0.35725800190450385,-0.3850966849731408,-0.057999999999999996,0.8067986011820445,-7.499803589235395,75.21489173024513,-2.8797199800967705,0.044765296292395,0.07906064042647241,0.070260177105895,-4682.976367538833,-4324.387515822623,1585.3185709034756,0.4444444444444444,0.0,0.1
1.0666666666666667,20.31509503029178,0.9148978241197505,20.33568597609544,-0.36367523780444966,-0.38499642995230476,-0.057999999999999996,0.8058851442267032,-7.512567217161732,75.53695417426988,-2.9851461649740356,0.04500496045651945,0.07931810672756201,0.07048543622926617,-4690.882806453112,-4331.827043473657,1584.8312961155527,0.4444444444444444,0.0,0.1
1.0833333333333333,20.32262730173087,0.91992334746368,20.343437256527366,-0.3700907875974959,-0.38489477748734574,-0.057999999999999996,0.8049918850421435,-7.524762123818244,75.8584815093101,-3.0926025318868207,0.0452350867407507,0.07956594138524098,0.07070104490817605,-4698.455149269819,-4338.914459551552,1584.3470114219665,0.4444444444444444,0.0,0.1
1.1,20.33011496118425,0.924764766936952,20.35113668100963,-0.3765046328797544,-0.3847921910875177,-0.057999999999999996,0.804117863719634,-7.53641841450322,76.17945928024473,-3.202088640450669,0.045456100323961336,0.07980454701374169,0.07090746098898625,-4705.71022960762,-4345.669367466755,1583.8656153074414,0.4444444444444444,0.0,0.1
1.1166666666666667,20.337559494485525,0.9294302290013291,20.35878598400012,-0.38291676251834517,-0.38468909113157945,-0.057999999999999996,0.8032621691147108,-7.547564539543235,76.49987307829605,-3.3136038138394817,0.04566840964241702,0.08003431197136246,0.07110512256669493,-4712.664011937623,-4352.110229407336,1583.387011187095,0.4444444444444444,0.0,0.1
1.1333333333333333,20.344962314903928,0.9339275654749027,20.36638682467793,-0.38932717197013617,-0.38458585843234727,-0.057999999999999996,0.8024239361067996,-7.558227399947256,76.81970854121684,-3.4271471469225916,0.04587240704215174,0.08025561079356852,0.07129444888927804,-4719.331642291015,-4358.254444598306,1582.9111071876719,0.4444444444444444,0.0,0.1
1.15,20.35232476636636,0.9382643053373043,20.373940789702896,-0.3957358626564354,-0.3844828374739888,-0.057999999999999996,0.8016023430322474,-7.568432445076935,77.13895135343903,-3.542717513968088,0.046068469401487934,0.0804688046171326,0.0714758412088599,-4725.727495605024,-4364.1184211154305,1582.4378159383737,0.4444444444444444,0.0,0.1
1.1666666666666667,20.35964812653869,0.9424476860146068,20.38144939589294,-0.40214284138854606,-0.3843803393565587,-0.057999999999999996,0.8007966092799692,-7.578203762990622,77.45758724618781,-3.6603135759390755,0.04625695872513857,0.08067424159448956,0.07164968358359941,-4731.865219928627,-4369.71764184709,1581.9670543708237,0.4444444444444444,0.0,0.1
1.1833333333333333,20.366933609773017,0.9464846641687378,20.388914092820354,-0.4085481198396283,-0.38427864447828425,-0.057999999999999996,0.8000059930393784,-7.587564164064005,77.7756019975647,-3.7799337874076118,0.046438222711318776,0.08087225729773805,0.07181634363388681,-4737.75777769876,-4375.066725139672,1581.4987435277517,0.4444444444444444,0.0,0.1
1.2,20.37418236992713,0.9503819260160354,20.396336265328326,-0.41495171405878195,-0.3841780049826092,-0.057999999999999996,0.7992297891907061,-7.596535258439979,78.09298143260271,-3.9015764031092606,0.04661259529326995,0.08106317511193137,0.07197617325617463,-4743.417484286861,-4380.179480609853,1581.0328083799757,0.4444444444444444,0.0,0.1
1.2166666666666666,20.38139550306231,0.9541458971991342,20.403717235969296,-0.4213536440236834,-0.3840786469939306,-0.057999999999999996,0.7984673273283294,-7.605137527814081,78.4097114232968,-4.025239484159536,0.04678039715656194,0.08124730661746771,0.07212950929751323,-4748.856044004351,-4385.068960560308,1580.569177651293,0.4444444444444444,0.0,0.1
1.2333333333333334,20.38857405002522,0.9577827522357192,20.411058267366787,-0.4277539332284785,-0.38398077266326697,-0.057999999999999996,0.797717969908217,-7.613390392019166,78.72577788861234,-4.150920903952009,0.04694193623349363,0.08142495196152395,0.07227667419362424,-4754.084583744552,-4389.74750739331,1580.1077836509032,0.4444444444444444,0.0,0.1
1.25,20.395718998919317,0.9612984235668935,20.418360564502493,-0.434152608303963,-0.38388456204272015,-0.057999999999999996,0.7969811105111213,-7.621312270834008,79.04116679447442,-4.278618353756467,0.04709750817586052,0.08159640021858283,0.07241797657312678,-4759.113684427549,-4394.2267973789685,1579.6485621130075,0.4444444444444444,0.0,0.1
1.2666666666666666,20.40283128747107,0.9646986102270101,20.425625276930504,-0.44054969866737576,-0.38379017480550326,-0.057999999999999996,0.7962561722136342,-7.62892064140459,79.35586415374019,-4.408329348034186,0.04724739680730182,0.0817619297401857,0.07255371183032641,-4763.953410403909,-4398.517881100781,1579.1914520432454,0.4444444444444444,0.0,0.1
1.2833333333333332,20.409911805295813,0.9679887861558463,20.432853500920444,-0.44694523619938675,-0.3836977518264636,-0.057999999999999996,0.7955426060597185,-7.636232091634044,79.66985602615676,-4.540051229486289,0.04739187455638158,0.08192180849410652,0.07268416266878877,-4768.613336962935,-4402.631220870684,1578.736395571652,0.4444444444444444,0.0,0.1
1.3,20.416961396067993,0.971174208172993,20.440046281531536,-0.4533392549460962,-0.3836074166364027,-0.057999999999999996,0.7948398896257922,-7.643262369867138,79.98312851830677,-4.673781173849995,0.047531202871498084,0.08207629439318945,0.07280959961774369,-4773.102576081249,-4406.576725378219,1578.2833378118246,0.4444444444444444,0.0,0.1
1.3166666666666667,20.423980859600146,0.9742599236332949,20.447204614619356,-0.4597317908440675,-0.38351927676205827,-0.057999999999999996,0.7941475256729087,-7.650026431167579,80.29566778354359,-4.809516194456629,0.04766563261865641,0.08222563561412718,0.07293028152320444,-4777.429800538266,-4410.363781813635,1577.832226726019,0.4444444444444444,0.0,0.1
1.3333333333333333,20.430970953834862,0.9772507777811397,20.454329448777283,-0.46612288146659836,-0.3834334249623417,-0.057999999999999996,0.7934650408799855,-7.656538480461347,80.60746002191814,-4.947253146564323,0.0477954044630789,0.08237007090648041,0.0730464560155364,-4781.603266516225,-4414.001285682428,1577.3830129958976,0.4444444444444444,0.0,0.1
1.35,20.43793239675363,0.9801514208203685,20.4614216872144,-0.47251256578960327,-0.38334994037029946,-0.057999999999999996,0.7927919846524734,-7.662812012795988,80.91849148009908,-5.086988731477528,0.047920749235570465,0.08250982989225399,0.07315835995507106,-4785.630834794084,-4417.497668508574,1576.9356498986772,0.4444444444444444,0.0,0.1
1.3666666666666667,20.444865868206303,0.9829663147155691,20.468482189571667,-0.47890088397562375,-0.3832688895492701,-0.057999999999999996,0.7921279280012226,-7.668859850944942,81.22874845128796,-5.228719500464626,0.048041888284498645,0.08264513335635336,0.07326621985723353,-4789.519990636802,-4420.860923605607,1576.4900931884274,0.4444444444444444,0.0,0.1
1.3833333333333333,20.451772011664758,0.9856997397395258,20.475511773678246,-0.48528787717461747,-0.3831903274708246,-0.057999999999999996,0.791472462486682,-7.674694180566485,81.53821727513107,-5.372441858484298,0.04815903381419327,0.0827761935282472,0.073370252298534,-4793.277862474091,-4424.09863007813,1576.0463009822945,0.4444444444444444,0.0,0.1
1.4,20.45865143590405,0.98835580078066,20.4825112172496,-0.49167358734029387,-0.38311429842129247,-0.057999999999999996,0.7908251992239088,-7.680326583109288,81.84688433762925,-5.518152067730582,0.04827238921051818,0.08290321435516013,0.07347066430466412,-4796.911239455887,-4427.217975201577,1575.604233651432,0.4444444444444444,0.0,0.1
1.4166666666666667,20.46550471661422,0.9909384334233732,20.489481259529107,-0.49805805706087075,-0.3830408368429792,-0.057999999999999996,0.7901857679441915,-7.685768066640392,82.15473607104711,-5.665846251005971,0.048382149354316895,0.0830263917671143,0.07356765372184003,-4800.426587965273,-4430.225775314513,1575.1638537164304,0.4444444444444444,0.0,0.1
1.4333333333333333,20.472332397945753,0.9934514098133417,20.49642260287486,-0.5044413294032215,-0.3829699681155621,-0.057999999999999996,0.7895538161093913,-7.691029094756681,82.46175895382311,-5.815520394931359,0.048488500923386434,0.08314591393413005,0.07366140957244091,-4803.830067163671,-4433.1284953456225,1574.7251257470582,0.4444444444444444,0.0,0.1
1.45,20.479134993991533,0.9958983443189742,20.503335914293213,-0.5108234477694672,-0.3829017092825995,-0.057999999999999996,0.7889290080753831,-7.696119613727312,82.76793951048133,-5.967170353001103,0.04859162268358739,0.08326196151588598,0.07375211239590689,-4807.1275436374035,-4435.932267086502,1574.288016266118,0.4444444444444444,0.0,0.1
1.4666666666666666,20.48591299020791,0.9982826989994655,20.510221826920617,-0.5172044557651472,-0.3828360697275967,-0.057999999999999996,0.7883110243012599,-7.701049078002234,83.07326431154651,-6.120791848490997,0.04869168576965656,0.08337470790412746,0.07383993457578258,-4810.324605209601,-4438.6429063113565,1573.8524936572576,0.4444444444444444,0.0,0.1
1.4833333333333334,20.492666844777524,1.000607788889134,20.517080941455333,-0.5235843970781675,-0.38277305180363813,-0.057999999999999996,0.7876995606011867,-7.705826474210612,83.37771997346299,-6.2763804772265255,0.048788853956246936,0.08348431945809953,0.07392504065372017,-4813.426573976542,-4441.265928835644,1573.4185280765594,0.4444444444444444,0.0,0.1
1.5,20.499396989916125,1.0028767871070308,20.523913827540312,-0.5299633153677942,-0.3827126514202019,-0.057999999999999996,0.787094327436046,-7.710460343762494,83.68129315851878,-6.4339317102183395,0.048883283919682795,0.08359095573326775,0.07400758763119043,-4816.438518623013,-4443.806565597502,1572.9860913677612,0.4444444444444444,0.0,0.1
1.5166666666666666,20.506103833125845,1.005092729800159,20.530721025098842,-0.5363412541630093,-0.38265485859042836,-0.057999999999999996,0.7864950492422074,-7.714958804157726,83.98397057477557,-6.593440896171523,0.04897512549088171,0.08369476970357612,0.07408772525958954,-4819.365266067106,-4446.269776838285,1572.555156980955,0.4444444444444444,0.0,0.1
1.5333333333333332,20.512787758396954,1.007258520928027,20.53750304562417,-0.5427182567696046,-0.38259965794180295,-0.057999999999999996,0.785901463794958,-7.719329569097266,84.28573897600555,-6.754903263874867,0.04906452189986234,0.08379590797747896,0.07416559631937376,-4822.211412481008,-4448.660265451822,1572.125699894619,0.4444444444444444,0.0,0.1
1.55,20.51944912736024,1.0093769368956809,20.54426037342454,-0.5490943661854293,-0.38254702919293687,-0.057999999999999996,0.7853133216043335,-7.723579967484164,84.58658516163574,-6.91831392447605,0.049151610012225795,0.08389451100796881,0.07424133688880341,-4824.98133373071,-4450.982489565762,1571.6976965408603,0.4444444444444444,0.0,0.1
1.5666666666666667,20.526088280391935,1.0114506310418474,20.55099346682486,-0.5554696250232538,-0.38249694759888264,-0.057999999999999996,0.7847303853412291,-7.727716961394213,84.8864959767007,-7.083667873648293,0.049236520557970266,0.08399071329681038,0.07431507660283115,-4827.679195274301,-4453.240674412862,1571.271124733731,0.4444444444444444,0.0,0.1
1.5833333333333333,20.532705537672992,1.0134821379883059,20.55770275932621,-0.5618440754407477,-0.38244938436719855,-0.057999999999999996,0.7841524292918525,-7.731747163089528,85.18545831180406,-7.25095999365382,0.04931937835297146,0.08408464359317773,0.0743869389026269,-4830.308961555385,-4455.4388235449305,1570.8459636005027,0.4444444444444444,0.0,0.1
1.6,20.53930120020461,1.0154738778561638,20.564388660724507,-0.568217759077106,-0.38240430704678174,-0.057999999999999996,0.7835792388387177,-7.735676851142254,85.48345910308966,-7.420185055309122,0.049400302513436974,0.08417642508687878,0.07445704127619256,-4832.874404925332,-4457.5807294375245,1570.4221935157798,0.4444444444444444,0.0,0.1
1.6166666666666667,20.54587555078158,1.017428160354286,20.571051558189392,-0.5745907169958901,-0.38236167989130837,-0.057999999999999996,0.7830106099665164,-7.7395119857300125,85.7804853322227,-7.59133771985686,0.04947940666362028,0.08426617559634092,0.07452549549048443,-4835.379114125459,-4459.669983529305,1569.9997960383482,0.4444444444444444,0.0,0.1
1.6333333333333333,20.552428854925136,1.0193471887447365,20.577691817304512,-0.5809629896336747,-0.38232146419896496,-0.057999999999999996,0.7824463487913219,-7.743258223159521,86.0765240263815,-7.764412540748935,0.049556799137058904,0.08435400775151936,0.07459240781542904,-4837.826502357818,-4461.7099857361045,1569.5787538506456,0.4444444444444444,0.0,0.1
1.65,20.55896136177679,1.0212330636897382,20.584309783070314,-0.5873346167541262,-0.38228361863000965,-0.057999999999999996,0.781886271111718,-7.746920929670244,86.3715622582603,-7.9394039653450825,0.04963258317158224,0.08444002917188001,0.07465787924018776,-4840.21981497098,-4463.703953476323,1569.1590507007652,0.4444444444444444,0.0,0.1
1.6666666666666667,20.565473304954708,1.023087786984328,20.59090578087038,-0.5937056374071555,-0.3822480995035776,-0.057999999999999996,0.7813302019805192,-7.750505194565485,86.66558714608325,-8.116306336531133,0.04970685709831679,0.08452434263959897,0.07472200568199953,-4842.56213678519,-4465.6549302410285,1568.7406713468818,0.4444444444444444,0.0,0.1
1.6833333333333333,20.571964903373907,1.0249132651785842,20.59748011740239,-0.6000760898928124,-0.3822148610750282,-0.057999999999999996,0.7807779752958857,-7.754015842714607,86.95858585363035,-8.295113894260897,0.0497797145249008,0.08460704626811148,0.07478487818790636,-4844.856399079353,-4467.5657937393635,1568.3236015040293,0.4444444444444444,0.0,0.1
1.7,20.578436362031784,1.0267113130930288,20.604033081574713,-0.6064460117296107,-0.3821838557950311,-0.057999999999999996,0.7802294334106915,-7.757457446466283,87.25054559027538,-8.47582077702542,0.04985124451310492,0.08468823366613464,0.07484658312964328,-4847.105386260525,-4469.439263647124,1567.9078277931196,0.4444444444444444,0.0,0.1
1.7166666666666666,20.584887872760127,1.0284836572305625,20.61056494536958,-0.612815439626993,-0.3821550345514939,-0.057999999999999996,0.779684426759118,-7.760834337009555,87.541453611036,-8.658421023253252,0.04992153175104288,0.08476799409728088,0.07490720239195563,-4849.3117422350015,-4471.2779089840915,1567.4933376921385,0.4444444444444444,0.0,0.1
1.7333333333333334,20.5913196149449,1.0302319390880652,20.61707596467384,-0.6191844094616561,-0.3821283468953539,-0.057999999999999996,0.7791428134995049,-7.764150615216361,87.83129721663646,-8.842908572645143,0.04999065672014369,0.08484641263537196,0.07496681355458722,-4851.47797649859,-4473.084155143475,1567.080119489423,0.4444444444444444,0.0,0.1
1.75,20.597731756215044,1.0319577183705801,20.62356638007826,-0.6255529562574814,-0.38210374125117824,-0.057999999999999996,0.7786044591725689,-7.767410161996587,88.12006375358298,-9.029277267446476,0.05005869585704529,0.08492357031555639,0.07502549006816661,-4853.606469962305,-4474.860290594892,1566.6681622389563,0.4444444444444444,0.0,0.1
1.7666666666666666,20.604124453101335,1.03366247611083,20.63003641764619,-0.6319211141688247,-0.3820811651134527,-0.057999999999999996,0.7780692363741636,-7.770616648194035,88.40774061425192,-9.21752085366058,0.050125721710560664,0.0849995442813278,0.07508330142420405,-4855.69948052843,-4476.60847328047,1566.2574557175928,0.4444444444444444,0.0,0.1
1.7833333333333332,20.61049785166651,1.0353476176966345,20.636486289652602,-0.6382889164669361,-0.38206056522937676,-0.057999999999999996,0.7775370244418198,-7.773773544049554,88.69431523699086,-9.407632982205959,0.050191803093857255,0.08507440792753618,0.07514031331939795,-4857.7591484307795,-4478.330736722102,1565.8479903841542,0.4444444444444444,0.0,0.1
1.8,20.616852088107628,1.0370144758086601,20.64291619529432,-0.644656395529293,-0.38204188776892684,-0.057999999999999996,0.7770077091543549,-7.776884128255419,88.97977510623265,-9.59960721002028,0.05025700523198333,0.08514823103947909,0.07519658781443737,-4859.787501351901,-4480.0289958563435,1565.4397573403176,0.4444444444444444,0.0,0.1
1.8166666666666667,20.62318728933175,1.0386643132707856,20.649326321372254,-0.651023582831641,-0.3820250784829023,-0.057999999999999996,0.7764811824438949,-7.779951496623174,89.26410775262252,-9.79343700111395,0.0503213899048669,0.08522107992815595,0.07525218348747656,-4861.786459329016,-4481.705052612136,1565.032748293238,0.4444444444444444,0.0,0.1
1.8333333333333333,20.629503573505865,1.0402983258152607,20.65571684294654,-0.6573905089425498,-0.38201008284962074,-0.057999999999999996,0.7759573421196974,-7.782978570385425,89.54730075315817,-9.989115727575898,0.050385015585906634,0.08529301756176422,0.07530715558244688,-4863.757839459576,-4483.360601245323,1564.6269555198357,0.4444444444444444,0.0,0.1
1.8499999999999999,20.635801050582092,1.0419176447647212,20.662087923965405,-0.6637572035203028,-0.3819968462108896,-0.057999999999999996,0.7754360916032099,-7.785968104150449,89.82934173134285,-10.186636670534078,0.050447937576268205,0.08536410369351323,0.07536155615236324,-4865.7033604165135,-4484.997233442798,1564.2223718326882,0.4444444444444444,0.0,0.1
1.8666666666666667,20.64207982279897,1.0435233396330281,20.668439717868477,-0.6701236953119444,-0.3819853138978432,-0.057999999999999996,0.7749173396738358,-7.788922693527093,90.11021835735144,-10.385993021073187,0.050510208134994315,0.08543439498582858,0.0754154341977739,-4867.624646782529,-4486.616443208136,1563.8189905474721,0.4444444444444444,0.0,0.1
1.8833333333333333,20.64833998515982,1.0451164206468193,20.674772368165396,-0.6764900121543256,-0.38197543134720036,-0.057999999999999996,0.7744010002249114,-7.791844782436133,90.38991834820929,-10.587177881111883,0.05057187660503164,0.08550394513101663,0.07546883580049517,-4869.523233212051,-4488.219631539682,1563.4168054518864,0.4444444444444444,0.0,0.1
1.9,20.65458162588895,1.0466978411895829,20.681086008990448,-0.6828561809769922,-0.3819671442084658,-0.057999999999999996,0.7738869920294487,-7.794736670123011,90.66842946798383,-10.790184264241756,0.05063298953527438,0.08557280496845754,0.07552180425276613,-4871.400568428897,-4489.808110911165,1563.0158107760208,0.4444444444444444,0.0,0.1
1.9166666666666667,20.660804826866595,1.0482685001699994,20.68738076563398,-0.6892222278067694,-0.38196039844257,-0.057999999999999996,0.7733752385151982,-7.797600517885846,90.94573952798885,-10.995005096530203,0.05069359079871971,0.0856410225983922,0.07557438018195291,-4873.258019067092,-4491.383109564261,1562.616001164093,0.4444444444444444,0.0,0.1
1.9333333333333333,20.667009664043324,1.0498292443162427,20.693656755051336,-0.6955881777739058,-0.38195514041241657,-0.057999999999999996,0.7728656675486456,-7.80043835553162,91.22183638700113,-11.201633217289253,0.050753721706827654,0.0857086434923674,0.07562660167092654,-4875.096873361782,-4492.945775621774,1562.2173716475202,0.4444444444444444,0.0,0.1
1.95,20.67319620783476,1.0513808703978722,20.699914086350024,-0.7019540551196456,-0.38195131696577983,-0.057999999999999996,0.7723582112275629,-7.803252087572515,91.49670795148958,-11.41006137981231,0.050813421120174555,0.08577571060040194,0.07567850437423373,-4876.918344696699,-4494.497181029545,1561.8199176192682,0.4444444444444444,0.0,0.1
1.9666666666666666,20.679364523497288,1.0529241273769148,20.706152861255774,-0.7083198832051077,-0.3819488755109749,-0.057999999999999996,0.771852805681764,-7.806043499173584,91.77034217585613,-11.620282252080717,0.050872725555487115,0.08584226445493501,0.07573012163017578,-4878.723575014211,-4496.0383253345835,1561.4236348094332,0.4444444444444444,0.0,0.1
1.9833333333333334,20.68551467148553,1.0544597184896893,20.71237317455826,-0.7146856845213538,-0.3819477640857,-0.057999999999999996,0.771349390881728,-7.808814261862236,92.04272706268887,-11.832288417441918,0.050931669289141474,0.08590834327161762,0.07578148456890722,-4880.513638093599,-4497.570139306507,1561.028519262001,0.4444444444444444,0.0,0.1
2.0,20.691646707792245,1.0559883032608939,20.71857511453704,-0.7210514807005359,-0.38194793141943195,-0.057999999999999996,0.7708479104547945,-7.811565939009248,92.3138506630266,-12.046072375260998,0.05099028445720972,0.0859739830470063,0.07583262221666168,-4882.28954270282,-4499.093488408808,1560.6345673127503,0.4444444444444444,0.0,0.1
2.0166666666666666,20.69776068427134,1.057510499451448,20.724758763368477,-0.7274172925280205,-0.38194932698973605,-0.057999999999999996,0.7703483115086217,-7.814299991090544,92.58370107663497,-12.261626541547217,0.05104860115213457,0.08603921765321851,0.07588356159621026,-4884.052235628734,-4500.609176126165,1560.2417755682486,0.4444444444444444,0.0,0.1
2.033333333333333,20.703856648944672,1.059026884941552,20.730924197514195,-0.7337831399553904,-0.38195190107283805,-0.057999999999999996,0.7698505444616422,-7.817017780738301,92.85226645229356,-12.478943249557144,0.051106647516111235,0.08610407892960752,0.0759343278236541,-4885.8026045904335,-4502.117947153545,1559.8501408859001,0.4444444444444444,0.0,0.1
2.05,20.709934646293252,1.060537999550411,20.737071488091754,-0.7401490421142334,-0.3819556047887847,-0.057999999999999996,0.7693545628802512,-7.819720577589534,93.11953498809417,-12.698014750375915,0.05116444983125399,0.08616859677151525,0.07598494420165047,-4887.54148104006,-4503.620490452587,1559.4596603550049,0.4444444444444444,0.0,0.1
2.0666666666666664,20.715994717533466,1.06204434679404,20.74320070122814,-0.7465150173306297,-0.3819603901415086,-0.057999999999999996,0.7688603233224773,-7.822409562939789,93.38549493174943,-12.918833213478074,0.05122203260662394,0.08623279921616037,0.07603543230916976,-4889.26964285526,-4505.117442180404,1559.070331278789,0.4444444444444444,0.0,0.1
2.0833333333333335,20.72203690087892,1.0635463955825566,20.749311898396638,-0.7528810831402566,-0.3819662100540962,-0.057999999999999996,0.7683677851879029,-7.825085834209225,93.65013458091194,-13.141390727269371,0.05127941866219284,0.08629671252571867,0.07608581208787775,-4890.98781692718,-4506.609388495666,1558.682151157367,0.4444444444444444,0.0,0.1
2.1,20.728061231788455,1.0650445818583523,20.755405136737693,-0.7592472563040337,-0.3819730183995451,-0.057999999999999996,0.7678769105736126,-7.827750409227922,93.91344228350333,-13.365679299610862,0.05133662920981748,0.08636036126765342,0.07613610192523636,-4892.696681647729,-4508.096868246591,1558.295117671602,0.4444444444444444,0.0,0.1
2.1166666666666667,20.73406774320095,1.0665393101765097,20.76148046936436,-0.7656135528242364,-0.3819807700272846,-0.057999999999999996,0.7673876641359488,-7.830404230346972,94.17540643805309,-13.591690858326583,0.051393683931297104,0.08642376839235177,0.07618631873441371,-4894.3968692996295,-4509.580375545241,1557.9092286678238,0.4444444444444444,0.0,0.1
2.1333333333333333,20.74005646575737,1.0680309552288305,20.76753794565285,-0.77197998796101,-0.3819894207857185,-0.057999999999999996,0.7669000129578761,-7.83304816838157,94.43601549404681,-13.819417251695999,0.051450601053586606,0.08648695530812445,0.07623647803109251,-4896.088968352609,-4511.060362232294,1557.5244821433712,0.4444444444444444,0.0,0.1
2.15,20.74602742801068,1.0695198633128213,20.77357761151873,-0.7783465762492197,-0.3819989275410413,-0.057999999999999996,0.7664139264217598,-7.835683026391997,94.6952579522835,-14.048850248932414,0.0515073974212364,0.08654994195362506,0.07628659400726451,-4897.773525668952,-4512.537240236286,1557.1408762329247,0.4444444444444444,0.0,0.1
2.1666666666666665,20.75198065662402,1.0710063537469712,20.779599509679294,-0.7847133315155773,-0.38200924819256415,-0.057999999999999996,0.7659293760873669,-7.838309543308242,94.9531223652417,-14.279981540648407,0.05156408856612974,0.08661274686774553,0.0763366796020968,-4899.451048621467,-4514.011383831138,1556.7584091955994,0.4444444444444444,0.0,0.1
2.183333333333333,20.75791617655773,1.0724907202336453,20.785603679902692,-0.7910802668959908,-0.3820203416847785,-0.057999999999999996,0.7654463355749138,-7.8409283974036255,95.20959733745397,-14.512802739309402,0.05162068877458684,0.08667538725704385,0.07638674656995435,-4901.122007126804,-4515.483131795629,1556.3770794027614,0.4444444444444444,0.0,0.1
2.2,20.763834011245624,1.073973232170911,20.791590159244198,-0.7974473948530806,-0.3820321680163736,-0.057999999999999996,0.7649647804529863,-7.843540209622713,95.4646715258896,-14.747305379676323,0.05167721115190513,0.08673787906076053,0.07643680554566198,-4902.786835596953,-4516.952789478335,1555.9968853265414,0.4444444444444444,0.0,0.1
2.216666666666667,20.769734182761052,1.0754541359145933,20.79755898227022,-0.803814727193818,-0.3820446882464153,-0.057999999999999996,0.7644846881311694,-7.846145546768469,95.718333640345,-14.983480919238332,0.051733667684403344,0.08680023701347951,0.0764868661070866,-4904.445934811615,-4518.420630771373,1555.6178255290165,0.4444444444444444,0.0,0.1
2.2333333333333334,20.775616711973097,1.0769336559918534,20.803510181270465,-0.8101822750872382,-0.38205786449788315,-0.057999999999999996,0.764006037757212,-7.848744924553546,95.97057244384155,-15.221320738636537,0.0517900692990372,0.0868624747054897,0.0765369368351207,-4906.099673714077,-4519.886899996262,1555.2398986520204,0.4444444444444444,0.0,0.1
2.25,20.7814816186934,1.0784119962675693,20.809443786458722,-0.8165500490821868,-0.3820716599587537,-0.057999999999999996,0.7635288101185995,-7.8513388105203346,96.22137675303055,-15.460816142079558,0.051846425920653055,0.08692460464090251,0.07658702537114502,-4907.748391133097,-4521.351813704974,1554.863103407576,0.4444444444444444,0.0,0.1
2.2666666666666666,20.787328921814023,1.0798893410647836,20.815359826162773,-0.8229180591250597,-0.38208603888080983,-0.057999999999999996,0.763052987548353,-7.853927626834295,96.47073543860509,-15.701958357751753,0.05190274652694554,0.08698663829358105,0.07663713847204832,-4909.39239743324,-4522.81556239925,1554.4874385689,0.4444444444444444,0.0,0.1
2.283333333333333,20.793158639436715,1.0813658562404749,20.821258327003783,-0.8292863145775016,-0.3821009665763463,-0.057999999999999996,0.7625785538349311,-7.856511752954908,96.71863742571807,-15.944738538214885,0.05195903920118414,0.08704858616093614,0.07668728206287993,-4911.0319760960165,-4524.278312171076,1554.112902961969,0.4444444444444444,0.0,0.1
2.3,20.798970788994016,1.0828416902178963,20.827139314065683,-0.8356548242340296,-0.3821164094129347,-0.057999999999999996,0.7621054941360905,-7.859091528188512,96.96507169440656,-16.189147760804016,0.052015311182773014,0.08711045781564396,0.07673746128720987,-4912.667385234113,-4525.740206267183,1553.7394954576187,0.4444444444444444,0.0,0.1
2.3166666666666664,20.804765387362526,1.0843169749767068,20.83300281105488,-0.8420235963395498,-0.38213233480640146,-0.057999999999999996,0.7616337948965579,-7.861667254127039,97.21002728002185,-16.435177028018245,0.05207156891570757,0.08717226195534003,0.07678768055526998,-4914.2988590409195,-4527.201366580288,1553.3672149641445,0.4444444444444444,0.0,0.1
2.3333333333333335,20.81054245096875,1.085791827002114,20.838848840450783,-0.8483926386067401,-0.38214871121216687,-0.057999999999999996,0.7611634437693988,-7.864239196976708,97.45349327366495,-16.682817267907073,0.052127818094990265,0.08723400645034368,0.0768379435899477,-4915.926609177523,-4528.6618950697475,1552.996060420394,0.4444444444444444,0.0,0.1
2.35,20.816301995887788,1.0872663481942273,20.844677423647447,-0.8547619582332726,-0.38216550811508354,-0.057999999999999996,0.7606944295409399,-7.8668075897804295,97.69545882262712,-16.932059334452898,0.0521840637110675,0.0872956983894669,0.07688825347070376,-4917.550826099217,-4530.121875114216,1552.6260307893158,0.4444444444444444,0.0,0.1
2.3666666666666667,20.82204403793529,1.0887406267388062,20.85048858108673,-0.8611315619188532,-0.3821826960179077,-0.057999999999999996,0.7602267420591273,-7.8693726345377515,97.93591313083539,-17.18289400795035,0.05224031009234832,0.08735734412396065,0.07693861267548228,-4919.171680323613,-4531.581372798792,1552.25712505195,0.4444444444444444,0.0,0.1
2.3833333333333333,20.82776859275298,1.0902147379405787,20.856282332383458,-0.8675014558820541,-0.38220024642852796,-0.057999999999999996,0.7597603721652022,-7.871934504225917,98.17484545930236,-17.43531199538294,0.05229656094586499,0.08741894930965197,0.07698902312068187,-4920.7893236422715,-4533.040438139097,1551.889342201838,0.4444444444444444,0.0,0.1
2.4,20.833475675888003,1.0916887450202772,20.862058696442713,-0.8738716458769231,-0.38221813184607095,-0.057999999999999996,0.7592953116285667,-7.8744933447256145,98.41224512658025,-17.689303930797628,0.0523528193961343,0.08748051894732385,0.07703948619925399,-4922.403890277834,-4534.499106244656,1551.5226812398307,0.4444444444444444,0.0,0.1
2.4166666666666665,20.839165302866448,1.0931626998765356,20.867817691569815,-0.8802421372093505,-0.3822363257459961,-0.057999999999999996,0.7588315530847358,-7.877049276654828,98.64810150921873,-17.944860375677727,0.05240908802227782,0.08754205742138987,0.07709000281699371,-4924.01549798848,-4535.95739842386,1551.1571411692762,0.4444444444444444,0.0,0.1
2.433333333333333,20.844837489261348,1.0946366438137631,20.8735593355732,-0.8866129347531776,-0.38225480256428546,-0.057999999999999996,0.7583690899762581,-7.8796023971141524,98.88240404222644,-18.20197181931473,0.05246536889345792,0.08760356853691463,0.07714057342708701,-4925.624249121573,-4537.415323232745,1550.7927209915676,0.4444444444444444,0.0,0.1
2.45,20.850492250755398,1.0961106082370993,20.879283645860575,-0.892984042966033,-0.38227353768082944,-0.057999999999999996,0.7579079164964984,-7.882152781346827,99.11514221953554,-18.460628679179354,0.052521663602685786,0.08766505555503058,0.07719119806297657,-4927.23023161825,-4538.872877469767,1550.4294197020351,0.4444444444444444,0.0,0.1
2.466666666666667,20.85612960319867,1.09758461531553,20.884990639528603,-0.899355465904885,-0.38229250740210285,-0.057999999999999996,0.7574480275361739,-7.884700484316634,99.34630559446937,-18.72082130129236,0.05257797329905628,0.08772652122680116,0.07724187636960739,-4928.833519970708,-4540.330047118652,1550.0672362861594,0.4444444444444444,0.0,0.1
2.4833333333333334,20.861749562661586,1.099058678614236,20.890680333446493,-0.9057272072412987,-0.38231168894321976,-0.057999999999999996,0.7569894186325485,-7.887245542206797,99.57588378021266,-18.982539960595457,0.052634298718463826,0.08778796782557942,0.07729260763311181,-4930.434176133858,-4541.786808241397,1549.7061697160984,0.4444444444444444,0.0,0.1
2.5,20.867352145483405,1.100532803697211,20.896352744333747,-0.912099270276388,-0.38233106040945225,-0.057999999999999996,0.756532085921179,-7.889787973842814,99.80386645028425,-19.245774861322648,0.05269064021285199,0.08784939717791022,0.07734339080899226,-4932.032250393015,-4543.243127823391,1549.3462189475035,0.4444444444444444,0.0,0.1
2.5166666666666666,20.872937368316453,1.1020069887011814,20.902007888832298,-0.9184716579554546,-0.3823506007772898,-0.057999999999999996,0.7560760260901147,-7.8923277820421776,100.03024333901169,-19.510516137372434,0.05274699777804871,0.0879108106930242,0.07739422454885812,-4933.627782189209,-4544.698964572578,1548.9873829166118,0.4444444444444444,0.0,0.1
2.533333333333333,20.878505248166306,1.103481224881827,20.907645783573404,-0.9248443728823077,-0.382370289875115,-0.057999999999999996,0.7556212363364683,-7.8948649548938485,100.25500424200789,-19.776753852681107,0.05280337108023791,0.08797220939096981,0.07744510722577279,-4935.220800903706,-4546.154269674576,1548.6296605376074,0.4444444444444444,0.0,0.1
2.55,20.884055802428197,1.1049554971332924,20.91326644523949,-0.931217417333258,-0.3823901083635642,-0.057999999999999996,0.7551677143252429,-7.8973994669701675,100.47813901664914,-20.04447800159747,0.05285975948111691,0.08803359392942975,0.0774960369582643,-4936.811326603235,-4547.608987505512,1548.2730507002168,0.4444444444444444,0.0,0.1
2.5666666666666664,20.8895890489198,1.1064297844819486,20.918869890621213,-0.9375907932707818,-0.38241003771563603,-0.057999999999999996,0.7547154581503556,-7.899931280473975,100.69963758255464,-20.313678509259287,0.05291616206178851,0.08809496462926691,0.07754701163305262,-4938.399370747436,-4549.0630563043915,1547.9175522675557,0.4444444444444444,0.0,0.1
2.5833333333333335,20.89510500591062,1.1079040605553496,20.92445613666998,-0.9439645023568505,-0.38243006019661113,-0.057999999999999996,0.7542644662977437,-7.90246034632347,100.91948992206683,-20.584345231971646,0.05297257764543466,0.08815632149884393,0.0775980289265443,-4939.984936859939,-4550.516408806686,1547.5631640741833,0.4444444444444444,0.0,0.1
2.6,20.900603692148188,1.1093782940273045,20.93002520054616,-0.9503385459659265,-0.3824501588438364,-0.057999999999999996,0.7538147376104882,-7.904986605177399,101.13768608073266,-20.85646795758755,0.05302900481881832,0.08821766425716017,0.07764908632514503,-4941.568021164526,-4551.96897284081,1547.2098849243744,0.4444444444444444,0.0,0.1
2.6166666666666667,20.90608512688124,1.1108524490399645,20.93557709966322,-0.9567129251976182,-0.3824703174464279,-0.057999999999999996,0.7533662712558594,-7.90750998840301,101.3542161677855,-21.130036405890895,0.05308544195265845,0.08827899235584809,0.07770018114443757,-4943.148613187706,-4553.420671889087,1546.8577135905798,0.4444444444444444,0.0,0.1
2.6333333333333333,20.91154932988005,1.112326485603803,20.94111185172799,-0.9630876408889982,-0.38249052052494026,-0.057999999999999996,0.7529190666942163,-7.910030418989158,101.5690703566272,-21.40504022898207,0.053141887220922,0.08834030500007113,0.0777513105472731,-4944.726696329055,-4554.871425614784,1546.506648812081,0.4444444444444444,0.0,0.1
2.65,20.916996321454075,1.1138003599763466,20.946629474777243,-0.9694626936265826,-0.3825107533110474,-0.057999999999999996,0.7524731236496729,-7.9125478124068795,101.78223888531038,-21.681469011666366,0.05319833861907603,0.08840160116836344,0.07780247156082086,-4946.302248400612,-4556.3211503567,1546.1566892938108,0.4444444444444444,0.0,0.1
2.6666666666666665,20.92242612246713,1.1152740250204862,20.952129987210853,-0.975838083757971,-0.382531001727276,-0.057999999999999996,0.7520284420824659,-7.9150620774197025,101.99371205702062,-21.95931227184533,0.05325479398134118,0.08846287963145119,0.0778536610926208,-4947.875242136594,-4557.769759592781,1545.8078337053441,0.4444444444444444,0.0,0.1
2.683333333333333,20.927838754350173,1.1167474305431877,20.95761340782165,-0.9822138114031511,-0.38255125236683074,-0.057999999999999996,0.7515850221629419,-7.917573116845851,102.20348024055825,-22.238559460911276,0.05331125099698739,0.08852413897009434,0.07790487594568232,-4949.44564567464,-4559.217164374185,1545.4600806800383,0.4444444444444444,0.0,0.1
2.7,20.93323423911192,1.1182205236153877,20.963079755822193,-0.9885898764654678,-0.38257149247354544,-0.057999999999999996,0.7511428642470981,-7.920080828274431,102.41153387081967,-22.519199964145002,0.053367707225711186,0.08858537759198667,0.0779561128326702,-4951.013423009789,-4560.663273731136,1545.1134288143164,0.4444444444444444,0.0,0.1
2.716666666666667,20.93861259934733,1.1196932488738478,20.9685290508686,-0.9949662786422585,-0.3825917099219932,-0.057999999999999996,0.7507019688536153,-7.922585104737724,102.61786344927789,-22.801223101116967,0.05342416011213276,0.08864659374775086,0.07800736838921897,-4952.578534422327,-4562.107995051927,1544.7678766670915,0.4444444444444444,0.0,0.1
2.7333333333333334,20.943973858244266,1.1211655488057093,20.973961313081706,-1.0013430174351612,-0.38261189319778416,-0.057999999999999996,0.7502623366422994,-7.925085835341453,102.82245954446225,-23.084618126091918,0.05348060699944995,0.08870778554606462,0.07805863918641374,-4954.140936880638,-4563.551234436304,1544.423422759309,0.4444444444444444,0.0,0.1
2.75,20.949318039588253,1.1226373640164793,20.97937656306554,-1.0077200921600942,-0.38263203137807894,-0.057999999999999996,0.7498239683938888,-7.927582905855027,103.02531279243696,-23.369374228437156,0.053537045142285355,0.08876895096795265,0.07810992174247604,-4955.700584420119,-4564.992897024491,1544.080065573612,0.4444444444444444,0.0,0.1
2.7666666666666666,20.954645167765612,1.1241086334821504,20.984774821923438,-1.0140975019569152,-0.3826521141123402,-0.057999999999999996,0.7493868649911486,-7.930076199263565,103.22641389727833,-23.65548053303449,0.05359347171876133,0.08883008788027866,0.07816121253369088,-4957.257428499235,-4566.432887303044,1543.737803554114,0.4444444444444444,0.0,0.1
2.783333333333333,20.959955267765043,1.125579294786138,20.990156111271848,-1.0204752457987607,-0.3826721316033462,-0.057999999999999996,0.7489510274012046,-7.932565596283508,103.42575363155069,-23.942926100695974,0.05364988384183695,0.08889119404847025,0.07821250800461019,-4958.8114183337075,-4567.871109388641,1543.396635106275,0.4444444444444444,0.0,0.1
2.8,20.965248365177697,1.1270492843416962,20.995520453251956,-1.0268533225010739,-0.38269207458848475,-0.057999999999999996,0.7485164566590474,-7.935050975843519,103.62332283678052,-24.2316999285835,0.0537062785699395,0.08895226714850898,0.07826380457756715,-4960.362501209837,-4569.307467290981,1543.0565585968704,0.4444444444444444,0.0,0.1
2.8166666666666664,20.970524486195984,1.128518537600456,21.00086787053938,-1.0332317307303216,-0.3827119343213458,-0.057999999999999996,0.7480831538521645,-7.937532215532361,103.81911242392891,-24.521790950632294,0.05376265291692241,0.08901330477821646,0.07831509866153365,-4961.910622777896,-4570.741865155765,1542.7175723540502,0.4444444444444444,0.0,0.1
2.8333333333333335,20.97578365761108,1.1299869892477072,21.006198386351898,-1.039610469012409,-0.3827317025536279,-0.057999999999999996,0.7476511201062349,-7.940009192015359,104.01311337386207,-24.813188037978374,0.05381900386138024,0.08907430446786707,0.07836638666035314,-4963.455727326524,-4572.174207488864,1542.3796746674784,0.4444444444444444,0.0,0.1
2.85,20.9810259068093,1.13145457338502,21.011512024455474,-1.045989535740796,-0.3827513715173724,-0.057999999999999996,0.7472203565718394,-7.942481781420959,104.2053167378197,-25.105879999390027,0.05387532835535037,0.08913526369015612,0.07841766498037914,-4964.997758039006,-4573.604399362602,1542.042863788547,0.4444444444444444,0.0,0.1
2.8666666666666667,20.986251261767435,1.1329212237007957,21.0168088091686,-1.0523689291843215,-0.3827709339075377,-0.057999999999999996,0.746790864412137,-7.944949859698937,104.39571363788126,-25.39985558170332,0.0539316233324301,0.0891961798695523,0.07846893003754898,-4966.536657232299,-4575.032346605117,1541.7071379306592,0.4444444444444444,0.0,0.1
2.8833333333333333,20.99145975104708,1.1343868736293012,21.022088765365158,-1.0587486474947394,-0.3827903828649233,-0.057999999999999996,0.7463626447914622,-7.9474133029516265,104.58429526742975,-25.69510347026169,0.053987885715336865,0.08925705039106174,0.07852017826392105,-4968.072366579623,-4576.457955973712,1541.372495269581,0.4444444444444444,0.0,0.1
2.9,20.99665140378812,1.1358514564987314,21.0273519184758,-1.0651286887139755,-0.3828097119594532,-0.057999999999999996,0.7459356988647838,-7.949871987739581,104.77105289161308,-25.99161228935961,0.05404411242293797,0.08931787260842983,0.07857140611370271,-4969.604827317422,-4577.881135313053,1541.038933943842,0.4444444444444444,0.0,0.1
2.9166666666666665,21.001826249701345,1.1373149056688248,21.032598294488036,-1.0715090507811085,-0.38282891517382495,-0.057999999999999996,0.7455100277680001,-7.952325791363036,104.95597784780277,-26.28937060269039,0.054100300376776045,0.08937864385180722,0.07862261006879544,-4971.133980437474,-4579.301793699073,1540.7064520551985,0.4444444444444444,0.0,0.1
2.933333333333333,21.006984319060383,1.1387771546585352,21.037827919945087,-1.077889731539082,-0.3828479868875317,-0.057999999999999996,0.7450856326090125,-7.954774592120347,105.13906154605003,-26.58836691379805,0.0541564465071146,0.0894393614349044,0.0786737866438821,-4972.659766864868,-4580.719841569346,1540.375047669141,0.4444444444444444,0.0,0.1
2.95,21.01212564269292,1.1402381372642478,21.04304082194361,-1.0842707287411564,-0.38286692186126065,-0.057999999999999996,0.7446625144595398,-7.9572182695447236,105.32029546953883,-26.88858966653337,0.05421254775852782,0.08950002266165882,0.07872493239108061,-4974.182127622584,-4582.135190840739,1540.0447188154453,0.4444444444444444,0.0,0.1
2.966666666666667,21.01725025197134,1.141697787669006,21.04823702813035,-1.0906520400571007,-0.38288571522167264,-0.057999999999999996,0.7442406743476377,-7.959656704620444,105.49967117503613,-27.19002724551398,0.05426860109505747,0.089560624832438,0.07877604390418748,-4975.701003983354,-4583.547755015054,1539.7154634887643,0.4444444444444444,0.0,0.1
2.9833333333333334,21.02235817880282,1.1431560405432026,21.053416566697866,-1.097033663079139,-0.38290436244656467,-0.057999999999999996,0.7438201132508846,-7.962089779979547,105.67718029333898,-27.492667976588635,0.05432460350495901,0.08962116524980049,0.07882711782253309,-4977.216337609458,-4584.957449273358,1539.3872796492597,0.4444444444444444,0.0,0.1
3.0,21.027449455618907,1.144612831137171,21.058579466379296,-1.1034155953276514,-0.3829228593504171,-0.057999999999999996,0.7434008320901884,-7.964517380080266,105.85281452971851,-27.796500127305514,0.054380552005058355,0.08968164122383683,0.07887815083447064,-4978.728070681097,-4586.364190559697,1539.0601652232563,0.4444444444444444,0.0,0.1
3.0166666666666666,21.032524115364712,1.1460680953660909,21.063725756442384,-1.1097978342566375,-0.3829412020703256,-0.057999999999999996,0.7429828317241942,-7.966939391368104,106.02656566436069,-28.10151190738465,0.054436443644739506,0.08974205007711075,0.07892913968051879,-4980.236146013962,-4587.767897654818,1538.7341181039358,0.4444444444444444,0.0,0.1
3.033333333333333,21.037582191487697,1.1475217698876135,21.06885546668272,-1.1161803772589505,-0.38295938705231913,-0.057999999999999996,0.7425661129442465,-7.969355702420635,106.19842555280353,-28.407691469194383,0.05449227550958278,0.08980238914922081,0.07898008115617793,-4981.740507166558,-4589.16849124051,1538.4091361520482,0.4444444444444444,0.0,0.1
3.05,21.042623717926134,1.148973792172591,21.07396862741631,-1.1225632216713082,-0.3829774110380604,-0.057999999999999996,0.7421506764698783,-7.971766204076884,106.36838612637115,-28.715026908231863,0.054548044724672555,0.08986265580100156,0.07903097211443878,-4983.2410985378665,-4590.56589395518,1538.0852171966455,0.4444444444444444,0.0,0.1
3.0666666666666664,21.047648729097286,1.1504241005692806,21.07906526947154,-1.1289463647790834,-0.38299527105192904,-0.057999999999999996,0.7417365229448003,-7.974170789552318,106.53643939260408,-29.023506263607548,0.054603748457592374,0.08992284741838308,0.07908180946800124,-4984.737865455884,-4591.960030441181,1537.7623590358405,0.4444444444444444,0.0,0.1
3.0833333333333335,21.052657259885336,1.151872634361379,21.084145424180544,-1.135329803820886,-0.3830129643884843,-0.057999999999999996,0.7413236529333546,-7.976569354540203,106.70257743568618,-29.33311751853367,0.05465938392112503,0.08998296141592615,0.07913259019122086,-4986.230754257533,-4593.350827384453,1537.4405594375755,0.4444444444444444,0.0,0.1
3.1,21.057649345629123,1.1533193338202306,21.089209123370136,-1.1417135359929391,-0.3830304886003037,-0.057999999999999996,0.7409120669174075,-7.978961797300236,106.86679241686764,-29.643848600816654,0.05471494837567402,0.09004299524005066,0.0791833113217992,-4987.719712360462,-4594.738213546983,1537.1198161404068,0.4444444444444444,0.0,0.1
3.1166666666666667,21.062625022109703,1.1547641402515332,21.094256399352233,-1.148097558453255,-0.383047841486195,-0.057999999999999996,0.7405017652936534,-7.981348018735212,107.02907657488444,-29.955687383353446,0.0547704391314224,0.09010294637197322,0.07923396996223396,-4989.204688327199,-4596.122119792565,1536.8001268543003,0.4444444444444444,0.0,0.1
3.1333333333333333,21.0675843255378,1.1562069960368575,21.09928728491393,-1.1544818683256193,-0.3830650210797762,-0.057999999999999996,0.7400927483713087,-7.9837279224564766,107.18942222637392,-30.26862168463166,0.054825853550244115,0.0901628123303701,0.07928456328104366,-4990.685631922095,-4597.5024791063,1536.4814892614377,0.4444444444444444,0.0,0.1
3.15,21.07252729254113,1.157647844670277,21.104301813307178,-1.1608664627033904,-0.38308202563842003,-0.057999999999999996,0.7396850163701616,-7.986101414838903,107.34782176628649,-30.58263926923361,0.05488118904738261,0.09022259067378031,0.07933508851378135,-4992.162494161523,-4598.879226608309,1536.1639010170252,0.4444444444444444,0.0,0.1
3.1666666666666665,21.077453960151683,1.159086630790401,21.10930001823819,-1.167251338653116,-0.38309885363255713,-0.057999999999999996,0.7392785694189676,-7.988468405066087,107.50426766829338,-30.897727848344058,0.05493644309291041,0.0902822790027635,0.0793855429638509,-4993.63522735771,-4600.252299562056,1535.847359750113,0.4444444444444444,0.0,0.1
3.183333333333333,21.08236436579297,1.16052330020808,21.114281933856596,-1.1736364932179755,-0.38311550373533276,-0.057999999999999996,0.7388734075541528,-7.990828805166355,107.65875248519049,-31.213875080261744,0.05499161321298308,0.09034187496182643,0.07943592400313886,-4995.103785156617,-4601.62163737766,1535.5318630644097,0.4444444444444444,0.0,0.1
3.2,21.087258547267226,1.1619577999300477,21.1192475947443,-1.180021923421054,-0.3831319748126118,-0.057999999999999996,0.7384695307188205,-7.993182530040334,107.81126884929806,-31.531068570914584,0.05504669699090036,0.09040137624113137,0.07948622907247442,-4996.568122570244,-4602.9871816106015,1535.217408539108,0.4444444444444444,0.0,0.1
3.216666666666667,21.09213654274267,1.1633900781787538,21.12419703590424,-1.1864076262684546,-0.3831482659133252,-0.057999999999999996,0.7380669387620242,-7.995529497480506,107.96180947285637,-31.849295874378495,0.05510169206798647,0.0904607805779992,0.07953645568192905,-4998.0281960037,-4604.348875956168,1534.903993729698,0.4444444444444444,0.0,0.1
3.2333333333333334,21.096998390740755,1.1648200844086223,21.12913029274891,-1.19279359875225,-0.3831643762601523,-0.057999999999999996,0.7376656314383061,-7.997869628183483,108.11036714841721,-32.16854449339983,0.055156596144301226,0.09052008575821924,0.0795866014109671,-4999.483963277407,-4605.706666239946,1534.5916161687917,0.4444444444444444,0.0,0.1
3.25,21.101844130123524,1.1662477693189666,21.134047401088843,-1.199179837853286,-0.38318030524053254,-0.057999999999999996,0.737265608407461,-8.000202845755386,108.25693474923128,-32.48880187992135,0.05521140697919299,0.09057928961717754,0.07963666390845811,-5000.935383644734,-4607.060500404731,1534.2802733669312,0.4444444444444444,0.0,0.1
3.2666666666666666,21.106673800081,1.1676730848637789,21.13894839712092,-1.2055663405438357,-0.3831960523979993,-0.057999999999999996,0.7368668692345295,-8.002529076710934,108.40150522963123,-32.81005543561164,0.05526612239170397,0.09063839004081477,0.07968664089256072,-5002.3824178054,-4608.410328494106,1533.9699628134026,0.4444444444444444,0.0,0.1
3.283333333333333,21.111487440118687,1.1690959842586035,21.143833317416657,-1.2119531037901148,-0.38321161742383014,-0.057999999999999996,0.7364694133899917,-8.004848250466724,108.54407162541048,-33.13229251239804,0.055320740260838025,0.0906973849664242,0.07973653015048819,-5003.825027914907,-4609.756102633007,1533.660681977039,0.4444444444444444,0.0,0.1
3.3,21.116285090045185,1.1705164219846875,21.148702198910467,-1.2183401245546581,-0.383227000149005,-0.057999999999999996,0.7360732402501448,-8.007160299329058,108.68462705419786,-33.45550041300289,0.0553752585257001,0.09075627238330009,0.0797863295381642,-5005.263177590325,-4611.097777005527,1533.352428307016,0.4444444444444444,0.0,0.1
3.3166666666666664,21.121066789959922,1.1719343537906037,21.153555078887862,-1.2247273997985684,-0.383242200536467,-0.057999999999999996,0.7356783490976607,-8.009465158476877,108.82316471582763,-33.779666391483126,0.05542967518551699,0.09081505033324598,0.07983603697977779,-5006.696831912651,-4612.435307830215,1533.045199233644,0.4444444444444444,0.0,0.1
3.3333333333333335,21.12583258024103,1.1733497366915198,21.15839199497371,-1.2311149264836379,-0.3832572186736776,-0.057999999999999996,0.7352847391222965,-8.01176276594014,108.95967789270544,-34.10477765377313,0.05548398829954743,0.09087371691095233,0.07988565046724597,-5008.125957426033,-4613.768653333126,1532.7389921691474,0.4444444444444444,0.0,0.1
3.35,21.13058250153337,1.1747625289662873,21.163212985120467,-1.2375027015743472,-0.3832720547654594,-0.057999999999999996,0.7348924094217524,-8.014053062574023,109.09415995016973,-34.43082135823083,0.05553819598689014,0.09093227026425187,0.07993516805959083,-5009.550522134063,-4615.097773718804,1532.433804508435,0.4444444444444444,0.0,0.1
3.3666666666666667,21.135316594736715,1.1761726901525111,21.16801808759653,-1.243890722039751,-0.3832867091271187,-0.057999999999999996,0.7345013590026661,-8.01633599202936,109.22660433684871,-34.75778461618697,0.0555922964261973,0.09099070859426159,0.07998458788223974,-5010.970495493401,-4616.422631139472,1532.1296336298649,0.4444444444444444,0.0,0.1
3.3833333333333333,21.14003490099411,1.1775801810397555,21.172807340974572,-1.2502789848552496,-0.3833011821778422,-0.057999999999999996,0.7341115867817198,-8.018611500719613,109.35700458501285,-35.085654492497405,0.055646287855301124,0.09104903015541882,0.08003390812625437,-5012.385848404917,-4617.743189662574,1531.8264768959878,0.4444444444444444,0.0,0.1
3.4,21.14473746168043,1.178984963661029,21.177580784120043,-1.2566674870042533,-0.38331547443435815,-0.057999999999999996,0.7337230915868673,-8.020879537784749,109.485354310923,-35.414418006098565,0.05570016857076019,0.09110723325541933,0.08008312704749602,-5013.796553202566,-4619.059415236882,1531.5243316542926,0.4444444444444444,0.0,0.1
3.4166666666666665,21.14942431839108,1.1803870012826916,21.182338456179693,-1.2630562254797455,-0.38332958650485754,-0.057999999999999996,0.7333358721586534,-8.023140055052254,109.61164721517397,-35.74406213056583,0.055753936927332486,0.09116531625506433,0.08013224296573292,-5015.202583640195,-4620.3712756573395,1531.2231952379293,0.4444444444444444,0.0,0.1
3.433333333333333,21.15409551293095,1.1817862583929126,21.18708039657026,-1.269445197285746,-0.38334351908316533,-0.057999999999999996,0.7329499271516238,-8.0253930069957,109.73587708303347,-36.07457379467489,0.05580759133738128,0.09122327756802365,0.08018125426369554,-5016.603914876454,-4621.678740528815,1530.9230649664225,0.4444444444444444,0.0,0.1
3.4499999999999997,21.158751087303532,1.1831827006888038,21.19180664496724,-1.275834399438678,-0.3833572729431571,-0.057999999999999996,0.7325652551358186,-8.027638350690964,109.8580377847767,-36.40593988296594,0.05586113027021967,0.09128111566052105,0.08023015938608548,-5018.000523457978,-4622.981781228897,1530.6239381463756,0.4444444444444444,0.0,0.1
3.466666666666667,21.163391083700255,1.1845762950623446,21.19651724129384,-1.2822238289686485,-0.38337084893341183,-0.057999999999999996,0.7321818545983316,-8.029876045770534,109.97812327601622,-36.73814723631076,0.05591455225139951,0.0913388290509482,0.08027895683854276,-5019.39238730102,-4624.280370869893,1530.3258120721555,0.4444444444444444,0.0,0.1
3.4833333333333334,21.16801554449004,1.1859670095852164,21.20121222571003,-1.288613482920639,-0.38338424797209575,-0.057999999999999996,0.7317997239449354,-8.032106054375998,110.09612759802737,-37.07118265248256,0.05596785586195028,0.09139641630941314,0.08032764518657706,-5020.779485671679,-4625.574484260177,1530.0286840265676,0.4444444444444444,0.0,0.1
3.5,21.172624512209076,1.1873548134926422,21.205891638601777,-1.2950033583556138,-0.3833974710420683,-0.057999999999999996,0.7314188615017622,-8.034328341109035,110.21204487806897,-37.40503288672849,0.05602103973757226,0.09145387605722838,0.08037622305446662,-5022.161799164851,-4626.864097864976,1529.7325512815187,0.4444444444444444,0.0,0.1
3.5166666666666666,21.177218029550797,1.1887396771663385,21.210555520570434,-1.301393452351549,-0.38341051918620506,-0.057999999999999996,0.7310392655170281,-8.036542872981059,110.3258693296995,-37.739684652344906,0.05607410256778943,0.09151120696634456,0.08042468912412999,-5023.5393096820735,-4628.149189766748,1529.437411098659,0.4444444444444444,0.0,0.1
3.533333333333333,21.1817961393561,1.190121572116671,21.215203912422297,-1.307783762004386,-0.38342339350292987,-0.057999999999999996,0.7306609341628054,-8.038749619361745,110.43759525308867,-38.07512462125512,0.05612704309506612,0.09156840775873383,0.08047304213397398,-5024.912000408351,-4629.429739625244,1529.1432607300185,0.4444444444444444,0.0,0.1
3.55,21.186358884603766,1.191500470964099,21.21983685515835,-1.3141742844289137,-0.3834360951419496,-0.057999999999999996,0.7302838655368178,-8.040948551926641,110.54721703532438,-38.41133942458986,0.056179860113891714,0.09162547720572833,0.08052128087772203,-5026.27985578812,-4630.705728637362,1528.8500974186197,0.4444444444444444,0.0,0.1
3.5666666666666664,21.19090630840114,1.1928763474199995,21.22445438996417,-1.3205650167595793,-0.3834486253001851,-0.057999999999999996,0.729908057664279,-8.04313964460394,110.65472915071486,-38.74831565327008,0.056232552469837396,0.09168241412731773,0.08056940420322636,-5027.642861500428,-4631.977139496869,1528.5579183990874,0.4444444444444444,0.0,0.1
3.5833333333333335,21.195438453975015,1.1942491762669394,21.22905655820006,-1.3269559561512347,-0.3834609852178919,-0.057999999999999996,0.7295335084997394,-8.04532287352074,110.76012616108645,-39.08603985859232,0.05628511905858846,0.09173921739141011,0.08061741101126708,-5029.001004433469,-4633.2439563541175,1528.2667208982307,0.4444444444444444,0.0,0.1
3.6,21.199955364662742,1.1956189333384781,21.23364340139134,-1.3333470997798214,-0.38347317617496407,-0.057999999999999996,0.7291602159289579,-8.047498216948766,110.86340271607651,-39.42449855281641,0.056337558824955995,0.09179588591306032,0.08066530025434168,-5030.354272658539,-4634.506164775782,1527.9765021356197,0.4444444444444444,0.0,0.1
3.6166666666666667,21.204457083903577,1.1969855954985658,21.238214961218837,-1.339738444842992,-0.38348519948741483,-0.057999999999999996,0.7287881777707874,-8.049665655249795,110.96455355342172,-39.76367820975554,0.05638987076187084,0.09185241865366929,0.08071307093544754,-5031.702655403532,-4635.763751704745,1527.6872593241462,0.4444444444444444,0.0,0.1
3.6333333333333333,21.208943655230257,1.1983491406206006,21.2427712795096,-1.346129988560679,-0.3834970565040287,-0.057999999999999996,0.7284173917790631,-8.051825170820921,111.0635734992418,-40.103565265368594,0.05644205390936304,0.09190881462015785,0.08076072210686021,-5033.046143026045,-4637.016705420159,1527.3989896705664,0.4444444444444444,0.0,0.1
3.65,21.213415122260784,1.19970954756621,21.247312398227784,-1.3525217281756068,-0.38350874860317774,-0.057999999999999996,0.7280478556444991,-8.053976748039705,111.16045746831838,-40.44414611835475,0.056494107353529784,0.0919650728641184,0.08080825286890994,-5034.384726986175,-4638.265015497774,1527.1116903760324,0.4444444444444444,0.0,0.1
3.6666666666666665,21.217871528690477,1.2010667961638106,21.25183835946578,-1.3589136609537527,-0.3835202771897973,-0.057999999999999996,0.727679566996581,-8.05612037320939,111.25520046436938,-40.785407130750244,0.05654603022549415,0.09202119248094745,0.08085566236875878,-5035.718399819107,-4639.508672770566,1526.8253586366052,0.4444444444444444,0.0,0.1
3.683333333333333,21.222312918284185,1.2024208671869974,21.2563492054355,-1.3653057841847602,-0.38353164369251486,-0.057999999999999996,0.7273125234054598,-8.058256034504254,111.34779758031861,-41.12733462852726,0.056597821700357535,0.09207717260896194,0.08090294979918043,-5037.047155107501,-4640.7476692897435,1526.5399916437607,0.4444444444444444,0.0,0.1
3.6999999999999997,21.226739334868785,1.203771742332817,21.26084497845993,-1.3716980951823055,-0.38354284956092627,-0.057999999999999996,0.726946722383834,-8.06038372191518,111.43824399856067,-41.46991490219493,0.056649480996147784,0.09213301242850211,0.08095011439734479,-5038.37098745383,-4641.981998286153,1526.2555865848724,0.4444444444444444,0.0,0.1
3.716666666666667,21.231150822325855,1.205119404199968,21.2653257209648,-1.3780905912844197,-0.38355389626301456,-0.057999999999999996,0.7265821613888235,-8.062503427195587,111.52653499122113,-41.81313420740238,0.056701007372765413,0.09218871116102341,0.080997155443609,-5039.689892452653,-4643.211654132152,1525.9721406436859,0.4444444444444444,0.0,0.1
3.7333333333333334,21.235547424584585,1.2064638362669713,21.26979147547058,-1.3844832698537686,-0.3835647852827047,-0.057999999999999996,0.7262188378238323,-8.06461514380772,111.61266592041227,-42.156978765543684,0.05675240013092972,0.09224426806817979,0.08104407226031675,-5041.003866662909,-4644.436632303973,1525.6896510007778,0.4444444444444444,0.0,0.1
3.75,21.23992918561491,1.2078050228703514,21.274242284584588,-1.3908761282778956,-0.3835755181175512,-0.057999999999999996,0.7258567490403924,-8.066718866869456,111.69663223848373,-42.50143476436486,0.05680365861112679,0.09229968245090062,0.08109086421060734,-5042.312907580298,-4645.65692934461,1525.4081148339997,0.4444444444444444,0.0,0.1
3.7666666666666666,21.24429614942083,1.2091429491828667,21.278678190993332,-1.3972691639694255,-0.38358609627655066,-0.057999999999999996,0.725495892339993,-8.068814593101614,111.77842948826878,-42.84648835857268,0.05685478219256114,0.09235495364846341,0.08113753069723584,-5043.617013609769,-4646.872542827277,1525.1275293189117,0.4444444444444444,0.0,0.1
3.783333333333333,21.248648360033986,1.2104776011918204,21.283099237455104,-1.4036623743662324,-0.3835965212780769,-0.057999999999999996,0.7251362649758863,-8.07090232077588,111.85805330332579,-43.192125670445314,0.05690577029211239,0.09241008103756407,0.08118407116140582,-5044.916184038161,-4648.083471319455,1524.8478916291958,0.4444444444444444,0.0,0.1
3.8,21.25298586150737,1.2118089656774877,21.287505466792684,-1.4100557569315777,-0.3836067946479326,-0.057999999999999996,0.7247778641548768,-8.072982049663405,111.93549940817498,-43.53833279044484,0.056956622363298834,0.09246506403138681,0.08123048508161572,-5046.2104190070795,-4649.289714347545,1524.5691989370653,0.4444444444444444,0.0,0.1
3.8166666666666664,21.25730869790932,1.2131370301916837,21.29189692188635,-1.4164493091542123,-0.38361691791751257,-0.057999999999999996,0.7244206870390797,-8.075053780984067,112.0107636185305,-43.885095777831424,0.057007337895248616,0.0925199020786748,0.08127677197251985,-5047.499719485966,-4650.491272362163,1524.2914484136522,0.4444444444444444,0.0,0.1
3.8333333333333335,21.261616913317667,1.2144617830365037,21.29627364566703,-1.4228430285484532,-0.3836268926220747,-0.057999999999999996,0.7240647307476589,-8.07711751735653,112.08384184152786,-44.23240066127923,0.057057916411680495,0.09257459466280385,0.08132293138380517,-5048.7840872454735,-4651.688146704093,1524.0146372293857,0.4444444444444444,0.0,0.1
3.85,21.26591055181407,1.2157832132432567,21.30063568110964,-1.429236912654231,-0.383636720299114,-0.057999999999999996,0.7237099923585399,-8.079173262749055,112.15473007594662,-44.58023343949398,0.057108357469894774,0.09262914130085995,0.08136896289908459,-5050.063524831132,-4652.88033957091,1523.738762554361,0.4444444444444444,0.0,0.1
3.8666666666666667,21.2701896574786,1.2171013105516184,21.304983071226694,-1.4356309590371095,-0.3836464024868354,-0.057999999999999996,0.7233564689100886,-8.081221022431146,112.22342441242834,-44.928580081832145,0.05715866065977561,0.09268354154272217,0.08141486613480739,-5051.338035537339,-4654.067853984275,1523.463821558689,0.4444444444444444,0.0,0.1
3.8833333333333333,21.274454274384443,1.2184160653890208,21.30931585906203,-1.4420251652882843,-0.3836559407227211,-0.057999999999999996,0.7230041574027657,-8.083260802926043,112.28992103369004,-45.277426528921666,0.05720882560280577,0.09273779497015244,0.08146064073918803,-5052.607623381718,-4655.250693757943,1523.1898114128373,0.4444444444444444,0.0,0.1
3.9,21.27870444659285,1.2197274688503001,21.313634087684772,-1.4484195290245556,-0.38366533654218815,-0.057999999999999996,0.7226530548007509,-8.085292611964121,112.35421621473274,-45.626758693284195,0.05725885195109449,0.09279190119589276,0.08150628639115327,-5053.872293079833,-4656.4288634664745,1522.9167292879627,0.4444444444444444,0.0,0.1
3.9166666666666665,21.282940218148223,1.2210355126776165,21.317937800183465,-1.4548140478882803,-0.38367459147733346,-0.057999999999999996,0.7223031580335326,-8.087316458437144,112.41630632304549,-45.976562459958835,0.05730873938641926,0.09284585986277126,0.08155180279930846,-5055.13205002032,-4657.602368414642,1522.6445723562224,0.4444444444444444,0.0,0.1
3.933333333333333,21.287161633073406,1.2223401892406642,21.322227039660405,-1.4612087195473062,-0.38368370705576044,-0.057999999999999996,0.721954463997472,-8.089332352353493,112.47618781880455,-46.3268236871273,0.05735848761928225,0.0928996706428181,0.08159718970092354,-5056.386900240422,-4658.771214607578,1522.3733377910858,0.4444444444444444,0.0,0.1
3.9499999999999997,21.29136873536516,1.223641491517186,21.326501849226176,-1.4676035416948832,-0.3836926847994864,-0.057999999999999996,0.721606969557327,-8.091340304794299,112.53385725506811,-46.6775282067405,0.057408096387982,0.09295333323639157,0.0816424468609389,-5057.636850401949,-4659.935408721628,1522.103022767623,0.4444444444444444,0.0,0.1
3.966666666666667,21.295561568989765,1.224939413073799,21.3307622719943,-1.4739985120495613,-0.38370152622392417,-0.057999999999999996,0.7212606715477528,-8.09334032787055,112.58931127796616,-47.02866182514638,0.057457565457700865,0.09300684737131593,0.08168757407099166,-5058.881907767699,-4661.094958075933,1521.8336244627938,0.4444444444444444,0.0,0.1
3.9833333333333334,21.29974017787884,1.2262339480471498,21.33500835107616,-1.4803936283550698,-0.38371023283693656,-0.057999999999999996,0.7209155667747601,-8.095332434681136,112.64254662688576,-47.3802103237192,0.05750689461960873,0.09306021280203075,0.08173257114846244,-5060.122080178309,-4662.249870604728,1521.5651400557153,0.4444444444444444,0.0,0.1
4.0,21.303904605925286,1.2275250911254023,21.33924012957601,-1.4867888883801819,-0.38371880613795994,-0.057999999999999996,0.720571652017145,-8.0973166392719,112.69356013465165,-47.732159459489935,0.05755608368998332,0.09311342930875341,0.08177743793554294,-5061.357376029594,-4663.400154830374,1521.2975667279259,0.4444444444444444,0.0,0.1
4.016666666666667,21.308054896979407,1.22881283753007,21.343457650586203,-1.4931842899185666,-0.3837272476171929,-0.057999999999999996,0.7202289240278873,-8.099292956595626,112.74234872770215,-48.084494965778035,0.057605132509347665,0.09316649669665429,0.08182217429832456,-5062.587804250345,-4664.545819837108,1521.0309016636386,0.4444444444444444,0.0,0.1
4.033333333333333,21.312191094845197,1.2300971829981981,21.347660957182615,-1.4995798307886268,-0.38373555875484805,-0.057999999999999996,0.7198873795355062,-8.101261402473051,112.7889094262605,-48.43720255282427,0.05765404094162466,0.09321941479504602,0.08186678012590781,-5063.813374280608,-4665.686875245496,1520.7651420499797,0.4444444444444444,0.0,0.1
4.05,21.316313243276745,1.231378123764903,21.35185009242015,-1.5059755088333244,-0.38374374102046344,-0.057999999999999996,0.7195470152453922,-8.103221993554822,112.83323934450138,-48.79026790842475,0.057702808873309405,0.09327218345658658,0.08191125532953325,-5065.03409605046,-4666.823331187611,1520.5002850772228,0.4444444444444444,0.0,0.1
4.066666666666666,21.32042138597481,1.2326556565462718,21.35602509932847,-1.5123713219199972,-0.38375179587227015,-0.057999999999999996,0.7192078278410986,-8.105174747284446,112.87533569071297,-49.14367669856608,0.05775143621265922,0.09332480255649707,0.0819555998417332,-5066.249979959262,-4667.955198282921,1520.2363279390108,0.4444444444444444,0.0,0.1
4.083333333333333,21.32451556658354,1.2339297785226275,21.360186020907882,-1.518767267940164,-0.38375972475661463,-0.057999999999999996,0.718869813985602,-8.10711968186224,112.91519576745421,-49.49741456806155,0.057799922888901484,0.09337727199179428,0.08199981361550489,-5067.461036855411,-4669.082487614861,1519.97326783257,0.4444444444444444,0.0,0.1
4.1,21.328595828687316,1.2352004873221623,21.364332900125362,-1.52516334480932,-0.3837675291074319,-0.057999999999999996,0.7185329703225264,-8.109056816210217,112.95281697170748,-49.851467141188316,0.05784826885145963,0.09342959168053833,0.08204389662350445,-5068.6672780165845,-4670.2052107081145,1519.7111019589122,0.4444444444444444,0.0,0.1
4.116666666666666,21.332662215807755,1.2364677810049418,21.36846577991071,-1.5315595504667263,-0.3837752103457673,-0.057999999999999996,0.7181972934773354,-8.110986169937963,112.9881967950267,-50.205820022325675,0.057896474069197214,0.09348176156109558,0.08208784885726207,-5069.868715130479,-4671.323379506564,1519.4498275230324,0.4444444444444444,0.0,0.1
4.133333333333333,21.336714771400814,1.2377316580472801,21.37258470315292,-1.5379558828751894,-0.38378276987934495,-0.057999999999999996,0.7178627800584922,-8.112907763309495,113.02133282368067,-50.56045879659417,0.05794453852968,0.09353378159141734,0.08213167032641805,-5071.065360276054,-4672.437006351937,1519.1894417340945,0.4444444444444444,0.0,0.1
4.15,21.34075353885404,1.2389921173264877,21.376689712696596,-1.5443523400208359,-0.3837902091021799,-0.057999999999999996,0.717529426658585,-8.114821617211033,113.05222273879188,-50.91536903049569,0.057992462238456347,0.09358565174833397,0.08217536105797953,-5072.25722590525,-4673.546103963095,1518.929941805612,0.4444444444444444,0.0,0.1
4.166666666666667,21.34477856148395,1.2402491581059916,21.380780851338603,-1.5507489199128797,-0.3837975293942318,-0.057999999999999996,0.7171972298554166,-8.11672775311973,113.08086431647064,-51.2705362725544,0.058040245218355574,0.09363737202686495,0.08221892109559775,-5073.4443248252255,-4674.650685415993,1518.6713249556153,0.4444444444444444,0.0,0.1
4.183333333333334,21.348789882533506,1.2415027800208276,21.38485816182479,-1.557145620583385,-0.3838047321210977,-0.057999999999999996,0.7168661862130676,-8.118626193073366,113.10725542794461,-51.62594605395855,0.05808788750880443,0.09368894243954476,0.082262350498866,-5074.626670181052,-4675.750764124294,1518.4135884068178,0.4444444444444444,0.0,0.1
4.2,21.352787545169743,1.2427529830635042,21.388921686846892,-1.5635424400870237,-0.38381181863374275,-0.057999999999999996,0.7165362922829239,-8.120516959640925,113.13139403968377,-51.981583889203044,0.05813538916516157,0.0937403630157648,0.08230564934263741,-5075.804275438925,-4676.846353820596,1518.1567293867702,0.4444444444444444,0.0,0.1
4.216666666666667,21.356771592481465,1.2439997675702326,21.3929714690395,-1.5699393765008296,-0.3838187902682652,-0.057999999999999996,0.7162075446046705,-8.122400075894094,113.15327821352066,-52.337435276732805,0.05818275025806981,0.09379163380113109,0.08234881771636288,-5076.977154369838,-4677.937468538306,1517.9007451280083,0.4444444444444444,0.0,0.1
4.233333333333333,21.360742067477098,1.2452431342075245,21.397007550977232,-1.5763364279239473,-0.38382564834569555,-0.057999999999999996,0.7158799397072593,-8.124275565379689,113.17290610676613,-52.693485699586866,0.05822997087282609,0.0938427548568381,0.08239185572344869,-5078.145321033742,-4679.024122594112,1517.6456328681952,0.4444444444444444,0.0,0.1
4.25,21.36469901308261,1.2464830839591556,21.401029975171976,-1.582733592477381,-0.3838323941718266,-0.057999999999999996,0.7155534741098415,-8.12614345209291,113.19027597232042,-53.04972062604313,0.0582770511087691,0.09389372625905815,0.08243476348063347,-5079.308789764173,-4680.10633057106,1517.3913898502537,0.4444444444444444,0.0,0.1
4.266666666666667,21.368642472139562,1.2477196181134866,21.40503878407026,-1.5891308683037377,-0.38383902903707273,-0.057999999999999996,0.7152281443226707,-8.128003760451517,113.20538615877966,-53.40612551026384,0.05832399107868424,0.09394454809834704,0.08247754111738448,-5080.467575153347,-4681.1841073022315,1517.1380133224957,0.4444444444444444,0.0,0.1
4.283333333333333,21.372572487403236,1.248952738251144,21.409034020050758,-1.59552825356697,-0.383845554216358,-0.057999999999999996,0.7149039468479789,-8.129856515270832,113.21823511053779,-53.7626857929416,0.058370790908225806,0.09399522047906522,0.08252018877531266,-5081.621692037725,-4682.257467854975,1516.8855005387425,0.4444444444444444,0.0,0.1
4.3,21.376489101540862,1.2501824462330515,21.413015725421875,-1.6019257464521164,-0.3838519709690295,-0.057999999999999996,0.7145808781808173,-8.131701741739594,113.22882136788392,-54.11938690194609,0.058417450735356154,0.09404574351881445,0.08256270660760609,-5082.7711554840125,-4683.326427515724,1516.6338487584385,0.4444444444444444,0.0,0.1
4.316666666666666,21.38039235712997,1.2514087441888129,21.41698394241948,-1.6083233451650432,-0.38385828053879567,-0.057999999999999996,0.7142589348098762,-8.133539465396623,113.23714356709506,-54.47621425297123,0.058463970709801645,0.09409611734789028,0.08260509477848207,-5083.915980775627,-4684.391001775361,1516.3830552467628,0.4444444444444444,0.0,0.1
4.333333333333333,21.384282296656778,1.252631634505438,21.42093871320471,-1.6147210479321805,-0.3838644841536879,-0.057999999999999996,0.7139381132182692,-8.135369712108325,113.24320044052428,-54.833153250182924,0.0585103509925252,0.0941463421087497,0.0826473534626568,-5085.0561833995935,-4685.451206315112,1516.1331172747307,0.4444444444444444,0.0,0.1
4.35,21.38815896251471,1.2538511198164088,21.424880079861897,-1.6211188530002631,-0.38387058302604354,-0.057999999999999996,0.7136184098842937,-8.137192508046924,113.24699081668435,-55.19018928686729,0.05855659175521505,0.09419641795549397,0.0826894828448326,-5086.19177903387,-4686.507056992982,1515.8840321192904,0.4444444444444444,0.0,0.1
4.366666666666666,21.392022397002965,1.2550672029910794,21.428808084396582,-1.6275167586360673,-0.383876578352509,-0.057999999999999996,0.7132998212821642,-8.139007879669556,113.24851362032672,-55.54730774607931,0.05860269317978963,0.0942463450533667,0.08273148311920284,-5087.322783535121,-4687.558569830692,1515.6357970634176,0.4444444444444444,0.0,0.1
4.383333333333333,21.3958726423252,1.256279887124407,21.432722768733637,-1.6339147631261506,-0.38388247131406217,-0.057999999999999996,0.7129823438827174,-8.140815853698038,113.24776787251609,-55.90449400129196,0.058648655457918204,0.09429612357826651,0.08277335448897315,-5088.449212926867,-4688.6057610011285,1515.3884093962,0.4444444444444444,0.0,0.1
4.4,21.39970974058828,1.2574891755270055,21.436624174715487,-1.64031286477659,-0.3838882630760524,-0.057999999999999996,0.7126659741540933,-8.14261645709944,113.24475269070028,-56.26173341704565,0.05869447879055696,0.09434575371627454,0.08281509716589963,-5089.5710833880885,-4689.648646816276,1515.1418664129214,0.4444444444444444,0.0,0.1
4.416666666666667,21.403533733801048,1.2586950717155179,21.44051234410037,-1.646711061912724,-0.38389395478825655,-0.057999999999999996,0.7123507085623877,-8.144409717067347,113.23946728877559,-56.61901134959812,0.058740163387500426,0.0943952356631963,0.08285671136984317,-5090.688411242201,-4690.687243715626,1514.8961654151365,0.4444444444444444,0.0,0.1
4.433333333333334,21.407344663873275,1.259897579403303,21.444387318560768,-1.6531093528788912,-0.3838995475849508,-0.057999999999999996,0.7120365435722846,-8.146195661003835,113.23191097714768,-56.976313147574544,0.05878570946694778,0.09444456962411779,0.08289819732833942,-5091.801212946428,-4691.721568255056,1514.6513037107454,0.4444444444444444,0.0,0.1
4.45,21.411142572614587,1.261096702491426,21.448249139681856,-1.6595077360381747,-0.3839050425849966,-0.057999999999999996,0.7117234756476607,-8.147974316502147,113.22208316278787,-57.333624152618,0.05883111725508374,0.09449375581297555,0.08293955527618455,-5092.909505081572,-4692.751637096146,1514.4072786140607,0.4444444444444444,0.0,0.1
4.466666666666667,21.41492750173348,1.2622924450599526,21.45209784896005,-1.6659062097721455,-0.38391044089193915,-0.057999999999999996,0.7114115012521658,-8.149745711330018,113.20998334928483,-57.69092970004019,0.05887638698567398,0.09454279445214057,0.08298078545503593,-5094.013304342145,-4693.777466995955,1514.16408744587,0.4444444444444444,0.0,0.1
4.483333333333333,21.41869949283643,1.2634848113595367,21.45593348780164,-1.6723047724806086,-0.38391574359411906,-0.057999999999999996,0.7111006168497862,-8.151509873413698,113.19561113689188,-58.04821511947236,0.05892151889967437,0.09459168577201561,0.08302188811302758,-5095.11262752687,-4694.799074797203,1513.9217275334986,0.4444444444444444,0.0,0.1
4.5,21.422458587427037,1.2646738058032971,21.459756097521506,-1.6787034225813504,-0.3839209517647942,-0.057999999999999996,0.7107908189053767,-8.153266830822563,113.17896622256974,-58.40546573551643,0.058966513244854156,0.09464043001064586,0.0830628635044002,-5096.207491529552,-4695.816477418876,1513.6801962108616,0.4444444444444444,0.0,0.1
4.516666666666667,21.42620482690522,1.265859432958977,21.463565719341876,-1.6851021585098895,-0.3839260664622724,-0.057999999999999996,0.7104821038851776,-8.155016611754382,113.1600484000246,-58.76266686839627,0.05901137027543251,0.09468902741334251,0.08310371188914506,-5097.2979133302815,-4696.829691847244,1513.4394908185175,0.4444444444444444,0.0,0.1
4.533333333333333,21.429938252566505,1.26704169754138,21.467362394391206,-1.6915009787192279,-0.3839310887300536,-0.057999999999999996,0.7101744682573092,-8.156759244521183,113.13885755974194,-59.119803834609144,0.05905609025172821,0.09473747823231929,0.08314443353266177,-5098.383909986996,-4697.838735127254,1513.199608703716,0.4444444444444444,0.0,0.1
4.55,21.43365890560133,1.2682206044050754,21.471146163703065,-1.6978998816796067,-0.3839360195969801,-0.057999999999999996,0.7098679084922425,-8.158494757535696,113.11539368901559,-59.47686194757719,0.05910067343982216,0.09478578272634122,0.08318502870542914,-5099.465498627361,-4698.843624354304,1512.9605472204423,0.4444444444444444,0.0,0.1
4.566666666666666,21.437366827094415,1.2693961585373676,21.47491706821513,-1.7042988658782636,-0.38394086007739514,-0.057999999999999996,0.7095624210632532,-8.160223179298368,113.08965687197252,-59.83382651829905,0.059145120111232456,0.09483394116038582,0.08322549768268932,-5100.542696440985,-4699.84437666639,1512.7223037294589,0.4444444444444444,0.0,0.1
4.583333333333333,21.441062058024205,1.270568365051524,21.47867514876825,-1.7106979298191922,-0.3839456111713083,-0.057999999999999996,0.7092580024468548,-8.161944538384958,113.06164728959295,-60.190682856001466,0.05918943054260163,0.09488195380531618,0.0832658407441443,-5101.615520671941,-4700.841009236617,1512.484875598341,0.4444444444444444,0.0,0.1
4.6,21.444744639262304,1.2717372291802527,21.482420446105518,-1.7170970720229046,-0.3839502738645676,-0.057999999999999996,0.7089546491232134,-8.163658863434645,113.03136521972606,-60.54741626879091,0.05923360501539589,0.09492982093756575,0.08330605817366502,-5102.683988611609,-4701.833539266028,1512.2482602015157,0.4444444444444444,0.0,0.1
4.616666666666666,21.44841461157302,1.2729027562694257,21.486153000871454,-1.723496291026198,-0.38395484912903644,-0.057999999999999996,0.7086523575765423,-8.165366183138644,112.99881103710118,-60.90401206430519,0.05927764381561582,0.09497754283883449,0.08334615025901197,-5103.748117591796,-4702.821983976797,1512.0124549202892,0.4444444444444444,0.0,0.1
4.633333333333333,21.452072015612917,1.2740649517720422,21.489872853611228,-1.7298955853819238,-0.38395933792277687,-0.057999999999999996,0.7083511242954823,-8.167066526229384,112.96398521333462,-61.26045555036501,0.05932154723351857,0.09502511979579639,0.08338611729156789,-5104.807924978169,-4703.8063606057185,1511.7774571428797,0.4444444444444444,0.0,0.1
4.65,21.4557168919304,1.2752238212424207,21.493580044769917,-1.736294953658759,-0.3839637411902365,-0.057999999999999996,0.7080509457734607,-8.168759921470132,112.92688831693184,-61.6167320356254,0.05936531556335082,0.0950725520998176,0.08342595956608138,-5105.8634281639515,-4704.786686398037,1511.543264264441,0.4444444444444444,0.0,0.1
4.666666666666667,21.45934928096538,1.2763793703306234,21.497274614691857,-1.7426943944409812,-0.38396805986243954,-0.057999999999999996,0.7077518185090362,-8.170446397645096,112.88752101328525,-61.972826830227085,0.05940894910309272,0.09511984004668539,0.08346567738042161,-5106.914644563911,-4705.762978601552,1511.3098736870877,0.4444444444444444,0.0,0.1
4.683333333333334,21.462969223048933,1.277531604777095,21.50095660361999,-1.7490939063282467,-0.3839722948571814,-0.057999999999999996,0.7074537390062264,-8.172125983550007,112.8458840646676,-62.328725246447696,0.05945244815421201,0.09516698393634729,0.08350527103534348,-5107.961591608594,-4706.735254461026,1511.0772828199156,0.4444444444444444,0.0,0.1
4.7,21.466576758403026,1.278680530407519,21.5046260516953,-1.7554934879353725,-0.3839764470792256,-0.057999999999999996,0.7071567037748199,-8.173798707983156,112.80197833022083,-62.684412599352775,0.05949581302142835,0.0952139840726606,0.08354474083426339,-5109.004286738833,-4707.703531212883,1510.845489079021,0.4444444444444444,0.0,0.1
4.716666666666667,21.470171927140257,1.2798261531278814,21.50828299895628,-1.7618931378921217,-0.38398051742050426,-0.057999999999999996,0.7068607093306744,-8.175464599736808,112.75580476594054,-63.039874207446594,0.05953904401248746,0.09526084076315136,0.08358408708304452,-5110.042747400496,-4708.667826080157,1510.614489887518,0.4444444444444444,0.0,0.1
4.733333333333333,21.47375476926366,1.280968478919736,21.511927485338447,-1.7682928548429897,-0.38398450676031937,-0.057999999999999996,0.7065657521959958,-8.17712368758911,112.7073644246559,-63.39509539332274,0.059582141437944776,0.09530755431878307,0.08362331008979212,-5111.076991039484,-4709.6281562677295,1510.38428267555,0.4444444444444444,0.0,0.1
4.75,21.47732532466649,1.2821075138356677,21.515559550673892,-1.7746926374469987,-0.3839884159655462,-0.057999999999999996,0.7062718288996106,-8.178776000296331,112.65665845600535,-63.75006148431443,0.05962510561095844,0.09535412505373482,0.08366241016465797,-5112.107035096955,-4710.584538957789,1510.1548648803064,0.4444444444444444,0.0,0.1
4.766666666666667,21.480883633132088,1.2832432639949447,21.519179234690863,-1.7810924843774905,-0.38399224589083797,-0.057999999999999996,0.7059789359772157,-8.180421566585562,112.60368810640759,-64.1047578131445,0.05966793684709115,0.09540055328518816,0.08370138761965405,-5113.132897004782,-4711.53699130557,1509.9262339460292,0.4444444444444444,0.0,0.1
4.783333333333333,21.48442973433374,1.2843757355793564,21.522786577013413,-1.787492394321926,-0.3839959973788308,-0.057999999999999996,0.7056870699716244,-8.18206041514772,112.54845471902837,-64.4591697185752,0.05971063546412079,0.09544683933312305,0.08374024276847469,-5114.1545941812265,-4712.485530435295,1509.6983873240258,0.4444444444444444,0.0,0.1
4.8,21.487963667834595,1.2855049348292305,21.526381617161068,-1.7938923659816866,-0.38399967126034973,-0.057999999999999996,0.7053962274329884,-8.183692574630973,112.4909597337428,-64.81328254605735,0.05975320178185947,0.09549298352012212,0.08377897592632735,-5115.172144026832,-4713.430173436355,1509.4713224726704,0.4444444444444444,0.0,0.1
4.816666666666666,21.491485473087568,1.2866308680396237,21.529964394548504,-1.8002923980718792,-0.3840032683546147,-0.057999999999999996,0.7051064049190197,-8.18531807363448,112.43120468709314,-65.16708164837951,0.05979563612198074,0.0955389861711833,0.08381758740977169,-5116.185563920509,-4714.370937359721,1509.245036857414,0.4444444444444444,0.0,0.1
4.833333333333333,21.494995189435315,1.2877535415566808,21.53353494848533,-1.8066924893211458,-0.3840067894694457,-0.057999999999999996,0.7048175989951901,-8.18693694070249,112.36919121224237,-65.52055238631638,0.05983793880785464,0.09558484761354052,0.08385607753656611,-5117.19487121583,-4715.307839214535,1509.0195279507857,0.4444444444444444,0.0,0.1
4.85,21.49849285611018,1.2888729617741563,21.537093318175806,-1.813092638471475,-0.3840102354014688,-0.057999999999999996,0.704529806234927,-8.188549204318768,112.30492103892321,-65.87368012927693,0.059880110164390564,0.09563056817649217,0.08389444662552258,-5118.200083237516,-4716.240895964937,1508.794793232395,0.4444444444444444,0.0,0.1
4.866666666666666,21.50197851223421,1.2899891351300943,21.540639542718676,-1.8194928442780185,-0.38401360693631975,-0.057999999999999996,0.7042430232197914,-8.19015489290129,112.23839599338287,-66.22645025595206,0.05992215051788728,0.09567614819123693,0.08393269499636798,-5119.201217278098,-4717.170124527053,1508.5708301889329,0.4444444444444444,0.0,0.1
4.883333333333333,21.505452196819167,1.2911020681036602,21.544173661106985,-1.8258931055089083,-0.3840169048488484,-0.057999999999999996,0.7039572465396526,-8.191754034797313,112.16961799832329,-66.57884815496166,0.05996406019589033,0.09572158799071731,0.08397082296961328,-5120.198290594767,-4718.09554176619,1508.3476363141715,0.4444444444444444,0.0,0.1
4.9,21.50891394876655,1.2922117672121205,21.547695712227927,-1.8322934209450803,-0.3840201299033202,-0.057999999999999996,0.7036724727928443,-8.193346658278681,112.09858907283719,-66.93085922550132,0.06000583952705618,0.09576688790946983,0.0840088308664292,-5121.191320406396,-4719.017164494207,1508.1252091089607,0.4444444444444444,0.0,0.1
4.916666666666667,21.512363806867672,1.293318239007964,21.551205734862744,-1.8386937893801005,-0.38402328285361786,-0.057999999999999996,0.7033886985863183,-8.194932791537418,112.02531133233943,-67.28246887798831,0.06004748884102311,0.09581204828348239,0.08404671900852834,-5122.180323890715,-4719.935009467046,1507.903546081225,0.4444444444444444,0.0,0.1
4.933333333333334,21.515801809803698,1.2944214900761624,21.554703767686604,-1.8450942096199923,-0.3840263644434403,-0.057999999999999996,0.7031059205357866,-8.196512462681625,111.94978698849447,-67.63366253470697,0.06008900846828855,0.09585706945005812,0.08408448771805406,-5123.1653181816655,-4720.849093382443,1507.6826447459634,0.4444444444444444,0.0,0.1
4.95,21.519227996145766,1.2955215270315608,21.558189849268558,-1.8514946804830696,-0.3840293754065003,-0.057999999999999996,0.70282413526585,-8.198085699731577,111.87201834913898,-67.9844256304537,0.06013039874009255,0.09590195174768557,0.08412213731747506,-5124.146320366892,-4721.759432877781,1507.4625026252384,0.4444444444444444,0.0,0.1
4.966666666666667,21.522642404355082,1.2966183565163993,21.56166401807149,-1.8578952007997738,-0.38403231646672004,-0.057999999999999996,0.7025433394101235,-8.199652530616119,111.79200781820052,-68.33474361318102,0.060171659988307265,0.09594669551591528,0.08415966812948594,-5125.123347485389,-4722.666044528103,1507.2431172481715,0.4444444444444444,0.0,0.1
4.983333333333333,21.526045072783017,1.2977119851979575,21.565126312452065,-1.8642957694125109,-0.38403518833842476,-0.057999999999999996,0.70226352961135,-8.201212983169285,111.70975789561157,-68.68460194464117,0.06021279254533238,0.09599130109524223,0.08419708047691364,-5126.096416525292,-4723.568944844272,1507.0244861509368,0.4444444444444444,0.0,0.1
5.0,21.52943603967126,1.2988024197663166,21.56857677066075,-1.8706963851754936,-0.38403799172653386,-0.057999999999999996,0.7019847025215105,-8.202767085127112,111.62527117721945,-69.03398610102894,0.06025379674399583,0.09603576882699408,0.08423437468262897,-5127.065544421799,-4724.468150271253,1506.8066068767546,0.4444444444444444,0.0,0.1
5.016666666666667,21.532815343151956,1.2998896669322373,21.572015430841816,-1.8770970469545878,-0.3840407273267499,-0.057999999999999996,0.7017068548019183,-8.204314864124736,111.53855035469175,-69.3828815736237,0.06029467291745999,0.09608009905322493,0.08427155106946352,-5128.03074805523,-4725.363677186554,1506.589476975876,0.4444444444444444,0.0,0.1
5.033333333333333,21.536183021247858,1.3009737334251485,21.575442331033372,-1.8834977536271595,-0.3840433958257449,-0.057999999999999996,0.7014299831233146,-8.20585634769364,111.44959821541757,-69.73127386943082,0.060335421399133095,0.09612429211661458,0.0843086099601317,-5128.99204424921,-4726.2555418987695,1506.3730940055812,0.4444444444444444,0.0,0.1
5.05,21.539539111872486,1.3020546259912429,21.57885750916739,-1.8898985040819274,-0.38404599790134464,-0.057999999999999996,0.7011540841659519,-8.207391563259142,111.35841764240433,-70.07914851182213,0.06037604252258553,0.09616834836037294,0.08434555167715731,-5129.949449768974,-4727.143760646252,1506.1574555301627,0.4444444444444444,0.0,0.1
5.066666666666666,21.542883652830334,1.3031323513916728,21.582261003069814,-1.8962992972188162,-0.38404853422270907,-0.057999999999999996,0.7008791546196702,-8.208920538138036,111.26501161417045,-70.42649104117575,0.06041653662147081,0.09621226812814934,0.08438237654280482,-5130.902981319786,-4728.028349595903,1505.9425591209167,0.4444444444444444,0.0,0.1
5.083333333333333,21.54621668181703,1.3042069164008476,21.585652850460608,-1.9027001319488148,-0.38405100545051146,-0.057999999999999996,0.7006051911839718,-8.210443299536472,111.16938320463352,-70.773287015515,0.06045690402945138,0.09625605176394669,0.08441908487901524,-5131.852655545471,-4728.90932484207,1505.7284023561315,0.4444444444444444,0.0,0.1
5.1,21.54953823641953,1.3052783278048221,21.58903308895385,-1.909101007193837,-0.3840534122371135,-0.057999999999999996,0.7003321905680825,-8.21195987454795,111.07153558299433,-71.11952201114629,0.06049714508012852,0.09629969961204052,0.08445567700734599,-5132.798489027059,-4729.786702405552,1505.5149828210733,0.4444444444444444,0.0,0.1
5.116666666666666,21.552848354116342,1.3063465923997788,21.59240175605785,-1.9155019218865836,-0.3840557552267382,-0.057999999999999996,0.7000601494910155,-8.21347029015153,110.97147201361662,-71.46518162329642,0.06053726010697668,0.09634321201690198,0.08449215324891489,-5133.740498281523,-4730.660498232698,1505.3022981079766,0.4444444444444444,0.0,0.1
5.133333333333333,21.556147072277728,1.3074117169905963,21.595758889175254,-1.92190287497041,-0.3840580350556397,-0.057999999999999996,0.6997890646816196,-8.21497457321018,110.86919585590246,-71.81025146674868,0.060577249443281814,0.09638658932312565,0.08452851392434803,-5134.678699760621,-4731.530728194605,1505.0903458160262,0.4444444444444444,0.0,0.1
5.15,21.55943442816592,1.308473708389501,21.599104525603195,-1.9283038653991935,-0.38406025235226987,-0.057999999999999996,0.6995189328786304,-8.216472750469281,110.76471056416352,-72.15471717647816,0.060617113422083514,0.09642983187536112,0.08456475935373149,-5135.613109849826,-4732.397408086414,1504.8791235513459,0.4444444444444444,0.0,0.1
5.166666666666667,21.56271045893535,1.3095325734147998,21.60243870253343,-1.9347048921372063,-0.3840624077374421,-0.057999999999999996,0.6992497508307145,-8.217964848555283,110.65801968748796,-72.49856440828599,0.06065685237612097,0.09647294001824872,0.08460088985656627,-5136.543744867358,-4733.260553626674,1504.668628926985,0.4444444444444444,0.0,0.1
5.183333333333334,21.56597520163288,1.3105883188896883,21.60576145705248,-1.9411059541589895,-0.3840645018244918,-0.057999999999999996,0.6989815152965035,-8.219450893974479,110.54912686960311,-72.84177883943262,0.06069646663778244,0.0965159140963589,0.08463690575172696,-5137.470621063285,-4734.120180456801,1504.4588595629007,0.4444444444444444,0.0,0.1
5.2,21.569228693198045,1.3116409516411354,21.609072826141798,-1.9475070504492296,-0.38406653521943435,-0.057999999999999996,0.6987142230446312,-8.220930913111959,110.43803584873395,-73.18434616927009,0.06073595653905814,0.09655875445413536,0.0846728073574233,-5138.393754618715,-4734.976304140618,1504.2498130859453,0.4444444444444444,0.0,0.1
5.216666666666667,21.572470970463282,1.312690478498836,21.612372846677953,-1.9539081800026388,-0.38406850852111896,-0.057999999999999996,0.6984478708537604,-8.222404932230631,110.32475045745736,-73.5262521198731,0.06077532241149641,0.09660146143584178,0.08470859499116525,-5139.313161645075,-4735.828940163953,1504.0414871298497,0.4444444444444444,0.0,0.1
5.233333333333333,21.57570207015419,1.3137369062942308,21.615661555432794,-1.9603093418238369,-0.3840704223213804,-0.057999999999999996,0.6981824555126085,-8.223872977470414,110.20927462255214,-73.86748243666922,0.06081456458616292,0.09664403538551158,0.08474426896973043,-5140.22885818344,-4736.678103934326,1503.8338793352086,0.4444444444444444,0.0,0.1
5.25,21.578922028889775,1.3147802418595944,21.618938989073648,-1.9667105349272356,-0.3840722772051869,-0.057999999999999996,0.6979179738199669,-8.225335074847496,110.09161236484479,-74.20802288906776,0.060853683393603024,0.09668647664690125,0.08477982960913495,-5141.140860203962,-4737.523810780684,1503.6269873494623,0.4444444444444444,0.0,0.1
5.266666666666667,21.582130883182703,1.3158204920271805,21.62220518416351,-1.973111758336926,-0.38407407375078534,-0.057999999999999996,0.6976544225847188,-8.226791250253754,109.97176779905114,-74.5478592710876,0.06089267916380679,0.0967287855634466,0.08481527722460637,-5142.049183605344,-4738.366075953208,1503.4208088268824,0.4444444444444444,0.0,0.1
5.283333333333333,21.585328669439573,1.3168576636284286,21.625460177161244,-1.9795130110865682,-0.38407581252984313,-0.057999999999999996,0.6973917986258521,-8.22824152945623,109.8497451336138,-74.88697740198387,0.06093155222617678,0.09677096247822184,0.08485061213055957,-5142.953844214393,-4739.204914623181,1503.2153414285553,0.4444444444444444,0.0,0.1
5.3,21.588515423961145,1.3178917634932257,21.6287040044218,-1.9859142922192823,-0.38407749410758685,-0.057999999999999996,0.6971300987724696,-8.229685938096733,109.72554867053536,-75.2253631268733,0.06097030290949851,0.09681300773390172,0.08488583464057486,-5143.854857785621,-4740.040341882908,1503.0105828223645,0.4444444444444444,0.0,0.1
5.316666666666666,21.591691182942643,1.3189227984492236,21.631936702196413,-1.992315600787544,-0.3840791190429379,-0.057999999999999996,0.6968693198637934,-8.231124501691513,109.59918280520758,-75.56300231735862,0.06100893154191327,0.09685492167272619,0.08492094506737838,-5144.752240000918,-4740.872372745687,1502.8065306829733,0.4444444444444444,0.0,0.1
5.333333333333333,21.59485598247399,1.3199507753212039,21.635158306632835,-1.9987169358530785,-0.38408068788864513,-0.057999999999999996,0.6966094587491706,-8.232557245631048,109.47065202623617,-75.89988087215137,0.061047438450893325,0.09689670463646764,0.0849559437228246,-5145.646006469275,-4741.701022145832,1502.6031826918097,0.4444444444444444,0.0,0.1
5.35,21.5980098585401,1.3209757009304954,21.638368853775557,-2.005118296486761,-0.384082201191414,-0.057999999999999996,0.6963505122880721,-8.233984195179888,109.33996091526171,-76.23598471769358,0.06108582396321939,0.09693835696640071,0.08499083091788112,-5146.536172726551,-4742.526304938743,1502.400536537047,0.4444444444444444,0.0,0.1
5.366666666666666,21.60115284702111,1.3219975820944343,21.641568379566017,-2.0115196817685166,-0.38408365949203327,-0.057999999999999996,0.6960924773500922,-8.235405375476585,109.20711414677622,-76.57129980877828,0.06112408840496018,0.09697987900327426,0.0850256069626151,-5147.422754235304,-4743.348235901017,1502.19858991359,0.4444444444444444,0.0,0.1
5.383333333333333,21.604284983692693,1.3230164256258714,21.644756919842862,-2.0179210907872243,-0.3840850633254981,-0.057999999999999996,0.6958353508149404,-8.236820811533715,109.07211648793565,-76.90581212916842,0.061162232101453946,0.09702127108728575,0.08506027216618174,-5148.305766384659,-4744.166829730606,1501.9973405230528,0.4444444444444444,0.0,0.1
5.4,21.607406304226306,1.3240322383327188,21.64793451034216,-2.024322522640618,-0.38408641322113024,-0.057999999999999996,0.6955791295724366,-8.238230528237933,108.93497279836832,-77.23950769221466,0.06120025537729206,0.09706253355805772,0.08509482683681435,-5149.185224490229,-4744.982101047007,1501.7967860737454,0.4444444444444444,0.0,0.1
5.416666666666667,21.610516844189476,1.3250450270175365,21.651101186697662,-2.0307239764351976,-0.38408770970269557,-0.057999999999999996,0.6953238105225005,-8.239634550350127,108.79568802997925,-77.57237254147155,0.06123815855630412,0.09710366675461599,0.08512927128181617,-5150.061143794063,-4745.794064391488,1501.596924280654,0.4444444444444444,0.0,0.1
5.433333333333334,21.61361663904604,1.326054798477159,21.654256984441005,-2.0371254512861343,-0.38408895328851844,-0.057999999999999996,0.6950693905751397,-8.24103290250561,108.65426722675025,-77.90439275131251,0.06127594196154525,0.09714467101537025,0.08516360580755372,-5150.933539464652,-4746.6027342273555,1501.3977528654254,0.4444444444444444,0.0,0.1
5.45,21.616705724156464,1.3270615595023545,21.657401939002003,-2.0435269463171832,-0.38409014449159296,-0.057999999999999996,0.6948158666504355,-8.242425609214395,108.51071552453615,-78.23555442754326,0.06131360591528451,0.09718554667809624,0.08519783071945157,-5151.802426596962,-4747.408124940246,1501.1992695563474,0.4444444444444444,0.0,0.1
5.466666666666667,21.61978413477808,1.3280653168775196,21.66053608570884,-2.049928460660595,-0.3840912838196915,-0.057999999999999996,0.6945632356785272,-8.243812694861484,108.36503815085678,-78.56584370801374,0.061351150738995185,0.09722629407991955,0.08523194632198842,-5152.667820212502,-4748.210250838446,1501.001472088333,0.4444444444444444,0.0,0.1
5.483333333333333,21.622851906065378,1.3290660773804048,21.663659459788377,-2.056329993457028,-0.3840923717754706,-0.057999999999999996,0.6943114945995954,-8.245194183707255,108.21724042468493,-78.89524676322874,0.06138857675334639,0.09726691355730127,0.08526595291869465,-5153.529735259433,-4749.009126153242,1500.804358202902,0.4444444444444444,0.0,0.1
5.5,21.625909073070275,1.3300638477818718,21.66677209636635,-2.062731543855469,-0.38409340885657384,-0.057999999999999996,0.694060640363839,-8.246570099887853,108.06732775623036,-79.22374979695668,0.061425884278196084,0.09730740544602512,0.08529985081215079,-5154.3881866127,-4749.804765039302,1500.607925648162,0.4444444444444444,0.0,0.1
5.516666666666667,21.628955670742382,1.3310586348456774,21.66987403046765,-2.0691331110131443,-0.38409439555573177,-0.057999999999999996,0.6938106699314598,-8.247940467415665,107.91530564671962,-79.55133904683719,0.06146307363258536,0.09734777008118606,0.08533364030398748,-5155.243189074195,-4750.597181575067,1500.4121721787953,0.4444444444444444,0.0,0.1
5.533333333333333,21.631991733929286,1.3320504453282853,21.672965297016564,-2.0755346940954436,-0.3840953323608597,-0.057999999999999996,0.6935615802726358,-8.249305310179794,107.76117968817194,-79.87800078498687,0.06150014513473392,0.09738800779718021,0.08536732169488613,-5156.094757372949,-4751.386389763172,1500.2170955560373,0.4444444444444444,0.0,0.1
5.55,21.635017297376812,1.333039285978702,21.676045930837027,-2.081936292275839,-0.384096219755152,-0.057999999999999996,0.6933133683674984,-8.250664651946607,107.60495556317106,-80.20372131860358,0.06153709910203672,0.09742811892769626,0.08540089528458077,-5156.942906165356,-4752.172403530884,1500.0226935476592,0.4444444444444444,0.0,0.1
5.566666666666666,21.638032395729297,1.334025163538338,21.679115966652883,-2.0883379047358086,-0.38409705821717477,-0.057999999999999996,0.6930660312061079,-8.252018516360298,107.44663904463314,-80.52848699056914,0.06157393585106171,0.09746810380570799,0.0854343613718607,-5157.787650035407,-4752.955236730561,1499.828963927953,0.4444444444444444,0.0,0.1
5.583333333333333,21.641037063529854,1.3350080847408905,21.682175439088127,-2.094739530664758,-0.38409784822095483,-0.057999999999999996,0.6928195657884284,-8.253366926943494,107.28623599557056,-80.85228418005016,0.06161065569754856,0.09750796276346799,0.08546772025457428,-5158.629003494957,-4753.73490314013,1499.6359044777143,0.4444444444444444,0.0,0.1
5.6,21.64403133522065,1.3359880563122462,21.685224382667162,-2.1011411692599467,-0.38409859023606724,-0.057999999999999996,0.6925739691242974,-8.254709907097865,107.12375236885184,-81.17509930309753,0.06164725895640824,0.09754769613250253,0.08550097222963302,-5159.466980984008,-4754.511416463562,1499.4435129842213,0.4444444444444444,0.0,0.1
5.616666666666666,21.647015245143173,1.3369650849704044,21.688262831815067,-2.107542819726414,-0.3840992847277195,-0.057999999999999996,0.6923292382334005,-8.25604748010482,106.95919420695746,-81.49691881324391,0.06168374594172358,0.09758730424360737,0.08553411759301675,-5160.30159687102,-4755.2847903313905,1499.2517872412218,0.4444444444444444,0.0,0.1
5.633333333333333,21.649988827538483,1.337939177425419,21.691290820857827,-2.1139444812769104,-0.3840999321568337,-0.057999999999999996,0.6920853701452414,-8.257379669126161,106.79256764173196,-81.81772920209964,0.06172011696675065,0.09762678742684475,0.08556715663977947,-5161.132865453223,-4756.05503830121,1499.0607250489136,0.4444444444444444,0.0,0.1
5.65,21.6529521165475,1.3389103403793552,21.69430838402261,-2.1203461531318224,-0.38410053298012636,-0.057999999999999996,0.6918423618991095,-8.258706497204798,106.62387889413188,-82.13751699994694,0.061756372343920764,0.09766614601154094,0.08560008966405555,-5161.960800956965,-4756.822173858211,1498.8703242139281,0.4444444444444444,0.0,0.1
5.666666666666667,21.655905146211243,1.3398785805262652,21.697315555437996,-2.1267478345191067,-0.38410108765018597,-0.057999999999999996,0.6916002105440539,-8.260027987265476,106.45313427396981,-82.45626877633217,0.061792512384843394,0.09770538032628505,0.0856329169590669,-5162.785417538059,-4757.586210415714,1498.6805825493147,0.4444444444444444,0.0,0.1
5.683333333333334,21.658847950471106,1.3408439045521754,21.700312369134256,-2.13314952467422,-0.3841015966155476,-0.057999999999999996,0.6913589131388473,-8.261344162115526,106.28034017965471,-82.77397114065649,0.061828537400309524,0.09774449069892834,0.0856656388171302,-5163.606729282155,-4758.347161315706,1498.491497874522,0.4444444444444444,0.0,0.1
5.7,21.661780563169117,1.34180631913509,21.703298859043578,-2.139551222840053,-0.3841020603207661,-0.057999999999999996,0.6911184667519573,-8.262655044445633,106.10550309792804,-83.09061074276451,0.06186444770029577,0.09778347745658442,0.08569825552966502,-5164.424750205124,-4759.105039829398,1498.3030680153831,0.4444444444444444,0.0,0.1
5.716666666666667,21.664703018048193,1.3427658309450043,21.706275059000333,-2.1459529282668655,-0.3841024792064867,-0.057999999999999996,0.69087886846151,-8.263960656830596,105.9286296035962,-83.40617427353125,0.0619002435939689,0.0978223409256301,0.085730767387202,-5165.23949425344,-4759.859859157776,1498.1152908040956,0.4444444444444444,0.0,0.1
5.733333333333333,21.6676153487524,1.3437224466439333,21.70924100274133,-2.1523546402122204,-0.3841028537095138,-0.057999999999999996,0.6906401153552613,-8.265261021730138,105.74972635925911,-83.72064846544706,0.06193592538969109,0.09786108143170685,0.08576317467939178,-5166.050975304594,-4760.611632432161,1497.9281640792099,0.4444444444444444,0.0,0.1
5.75,21.670517588827195,1.3446761728859467,21.712196723906036,-2.1587563579409226,-0.38410318426287676,-0.057999999999999996,0.6904022045305593,-8.266556161489708,105.56880011503476,-84.03402009320078,0.06197149339502536,0.09789969929972303,0.08579547769501396,-5166.859207167502,-4761.360372714787,1497.7416856856078,0.4444444444444444,0.0,0.1
5.766666666666667,21.67340977171971,1.345627016317217,21.715142256036874,-2.1651580807249537,-0.3841034712958951,-0.057999999999999996,0.6901651330943136,-8.267846098341288,105.38585770828008,-84.34627597426092,0.06200694791674165,0.09793819485385631,0.08582767672198645,-5167.664203582925,-4762.1060929993555,1497.555853474491,0.4444444444444444,0.0,0.1
5.783333333333333,21.67629193077897,1.3465749835760752,21.718077632579416,-2.1715598078434137,-0.3841037152342405,-0.057999999999999996,0.6899288981629571,-8.26913085440422,105.20090606330791,-84.65740296945485,0.0620422892608232,0.09797656841755706,0.08585977204737534,-5168.465978223902,-4762.848806211619,1497.3706653033598,0.4444444444444444,0.0,0.1
5.8,21.67916409925616,1.3475200812930739,21.72100288688267,-2.1779615385824593,-0.3841039164999974,-0.057999999999999996,0.6896934968624162,-8.270410451686052,105.01395219110016,-84.96738798354608,0.06207751773247324,0.09801482031355184,0.0858917639574045,-5169.264544696187,-4763.588525209946,1497.1861190360034,0.4444444444444444,0.0,0.1
5.816666666666666,21.682026310304867,1.3484623160910592,21.723918052199288,-2.1843632722352453,-0.38410407551172154,-0.057999999999999996,0.689458926328071,-8.27168491208334,104.82500318901708,-85.27621796580947,0.062112633636122114,0.09805295086384751,0.08592365273746592,-5170.059916538683,-4764.3252627859065,1497.002212542477,0.4444444444444444,0.0,0.1
5.833333333333333,21.68487859698133,1.3494016945852476,21.726823161685846,-2.190765008101866,-0.38410419268449686,-0.057999999999999996,0.6892251837047239,-8.272954257382526,104.63406624050297,-85.58387991060452,0.0621476372754345,0.09809096038973562,0.08595543867212983,-5170.852107223897,-4765.059031664836,1496.818943699091,0.4444444444444444,0.0,0.1
5.85,21.687720992244692,1.3503382233833103,21.729718248403064,-2.1971667454892985,-0.38410426842999035,-0.057999999999999996,0.6889922661465623,-8.274218509260766,104.44114861478788,-85.89036085794648,0.06218252895331701,0.09812884921179729,0.08598712204515509,-5171.641130158391,-4765.789844506419,1496.6363103883932,0.4444444444444444,0.0,0.1
5.866666666666666,21.690553528957217,1.3512719090854615,21.73260334531604,-2.203568483711345,-0.3841043031565054,-0.057999999999999996,0.6887601708171248,-8.275477689286786,104.2462576665856,-86.19564789407548,0.062217308971926004,0.09816661764990828,0.0860187031394998,-5172.426998683234,-4766.517713905265,1496.4543104991546,0.4444444444444444,0.0,0.1
5.883333333333333,21.693376239884564,1.3522027582845515,21.73547848529451,-2.2099702220885793,-0.3841042972690335,-0.057999999999999996,0.6885288948892627,-8.276731818921723,104.04940083578805,-86.49972815202355,0.06225197763267546,0.09820426602324436,0.08605018223733181,-5173.2097260744595,-4767.24265239147,1496.272941926351,0.4444444444444444,0.0,0.1
5.9,21.696189157695997,1.3531307775661638,21.738343701113067,-2.2163719599482903,-0.38410425116930375,-0.057999999999999996,0.6882984355451078,-8.277980919519976,103.85058564715571,-86.80258881217947,0.062286535236245166,0.0982417946502871,0.08608155962003938,-5173.989325543534,-4767.964672431201,1496.0922025711502,0.4444444444444444,0.0,0.1
5.916666666666667,21.698992314964638,1.3540559735087172,21.741199025451404,-2.222773696624429,-0.3841041652558316,-0.057999999999999996,0.6880687899760359,-8.279225012330075,103.64981971000452,-87.10421710285155,0.062320982082588953,0.09827920384882965,0.08611283556824195,-5174.76581023781,-4768.683786427256,1495.9120903408975,0.4444444444444444,0.0,0.1
5.933333333333334,21.701785744167694,1.3549783526835661,21.74404449089454,-2.2291754314575556,-0.3841040399239652,-0.057999999999999996,0.6878399553826309,-8.280464118495507,103.44711071788903,-87.40460030082816,0.062355318470942965,0.09831649393598291,0.08614401036180078,-5175.5391932409975,-4769.400006719637,1495.7326031490984,0.4444444444444444,0.0,0.1
5.95,21.7045694776867,1.3558979216551095,21.746880129933068,-2.2355771637947868,-0.384103875565931,-0.057999999999999996,0.6876119289746482,-8.28169825905557,103.24246644828177,-87.70372573193615,0.06238954469983418,0.09835366522818173,0.08617508427982962,-5176.309487573623,-4770.1133455861,1495.5537389154038,0.4444444444444444,0.0,0.1
5.966666666666667,21.707343547807746,1.3568146869808966,21.749705974963376,-2.2419788929897435,-0.38410367257087746,-0.057999999999999996,0.687384707970981,-8.282927454946226,103.03589476224911,-88.00158077159693,0.06242366106708887,0.0983907180411914,0.08620605760070546,-5177.0767061935,-4770.823815242728,1495.3754955655963,0.4444444444444444,0.0,0.1
5.983333333333333,21.710107986721695,1.3577286552117362,21.752522058287866,-2.2483806184025017,-0.38410343132491703,-0.057999999999999996,0.6871582895996236,-8.284151727000939,102.82740360412336,-88.2981528453805,0.0624576678698411,0.09842765269011416,0.08623693060207914,-5177.840861996191,-4771.531427844477,1495.1978710315746,0.4444444444444444,0.0,0.1
6.0,21.712862826524425,1.358639832891807,21.75532841211519,-2.254782339399541,-0.3841031522111677,-0.057999999999999996,0.6869326710976382,-8.285371095951502,102.61700100117123,-88.59342942955702,0.06249156540454135,0.09846446948939591,0.08626770356088594,-5178.601967815466,-4772.236195485725,1495.02086325134,0.4444444444444444,0.0,0.1
6.016666666666667,21.715608099217054,1.359548226558768,21.75812506856049,-2.261184055353695,-0.38410283560979225,-0.057999999999999996,0.6867078497111178,-8.286585582428883,102.40469506325877,-88.88739805164622,0.06252535396696499,0.0985011687528328,0.08629837675335601,-5179.360036423777,-4772.938130200822,1494.8444701689803,0.4444444444444444,0.0,0.1
6.033333333333333,21.718343836706158,1.3604538427438684,21.76091205964559,-2.2675857656441036,-0.38410248189803675,-0.057999999999999996,0.6864838226951501,-8.287795206964038,102.19049398251255,-89.18004629096446,0.06255903385222081,0.09853775079357818,0.08632895045502487,-5180.115080532711,-4773.637243964628,1494.6686897346553,0.4444444444444444,0.0,0.1
6.05,21.721070070804004,1.3613566879720593,21.763689417299258,-2.273987469656164,-0.3841020914502677,-0.057999999999999996,0.6862605873137861,-8.28899998998875,101.97440603297734,-89.47136177916944,0.06259260535475962,0.09857421592414936,0.08635942494074361,-5180.867112793447,-4774.333548693047,1494.493519904584,0.4444444444444444,0.0,0.1
6.066666666666666,21.72378683322876,1.3622567687621032,21.76645717335739,-2.2803891667814833,-0.3841016646380078,-0.057999999999999996,0.6860381408400038,-8.290199951836422,101.75643957027027,-89.76133220080257,0.06262606876838257,0.09861056445643444,0.08638980048468915,-5181.616145797222,-4775.027056243553,1494.3189586410303,0.4444444444444444,0.0,0.1
6.083333333333333,21.726494155604712,1.3631540916266833,21.769215359563244,-2.2867908564178308,-0.38410120182997076,-0.057999999999999996,0.6858164805556722,-8.291395112742913,101.53660303123132,-90.04994529382903,0.06265942438624975,0.09864679670169935,0.0864200773603744,-5182.362192075784,-4775.717778415721,1494.145003912287,0.4444444444444444,0.0,0.1
6.1,21.7291920694625,1.364048663072511,21.771964007567664,-2.293192537969092,-0.38410070339209484,-0.057999999999999996,0.6855956037515203,-8.292585492847307,101.31490493357036,-90.33718885017524,0.06269267250088822,0.09868291297059442,0.08645025584065784,-5183.105264101837,-4776.405726951735,1493.971653692664,0.4444444444444444,0.0,0.1
6.116666666666666,21.731880606239315,1.3649404896004336,21.77470314892929,-2.2995942108452225,-0.38410016968757543,-0.057999999999999996,0.6853755077270991,-8.293771112192733,101.09135387551058,-90.62305071626412,0.06272581340420053,0.09871891357316151,0.08648033619775365,-5183.845374289494,-4777.0909135369075,1493.7989059624713,0.4444444444444444,0.0,0.1
6.133333333333333,21.73455979727911,1.3658295777055391,21.77743281511475,-2.3059958744622047,-0.3840996010768963,-0.057999999999999996,0.6851561897907517,-8.294951990727135,100.86595853542855,-90.90751879354778,0.06275884738747273,0.0987547988188407,0.08651031870324125,-5184.582534994728,-4777.773349800182,1493.6267587080101,0.4444444444444444,0.0,0.1
6.15,21.73722967383285,1.3667159338772596,21.78015303749892,-2.3123975282419993,-0.38409899791786006,-0.057999999999999996,0.684937647259577,-8.296128148304064,100.6387276714906,-91.19058103903782,0.06279177474138234,0.09879056901647704,0.0865402036280745,-5185.316758515806,-4778.45304731462,1493.4552099215541,0.4444444444444444,0.0,0.1
6.166666666666667,21.73989026705868,1.367599564599472,21.782863847365096,-2.3187991716125036,-0.38409836056561775,-0.057999999999999996,0.6847198774593994,-8.297299604683424,100.40967012128594,-91.47222546583303,0.0628245957560064,0.09882622447432725,0.08656999124259124,-5186.048057093731,-4779.1300175979095,1493.2842576013404,0.4444444444444444,0.0,0.1
6.183333333333334,21.742541608022155,1.3684804763505978,21.78556527590522,-2.3252008040075056,-0.3840976893726972,-0.057999999999999996,0.6845028777247313,-8.298466379532254,100.17879480145616,-91.75244014364465,0.06285731072082916,0.0988617655000664,0.08659968181652224,-5186.776442912674,-4779.80427211284,1493.1138997515507,0.4444444444444444,0.0,0.1
6.2,21.745183727696446,1.3693586756036986,21.78825735422008,-2.3316024248666434,-0.3840969846890304,-0.057999999999999996,0.6842866453987448,-8.299628492425477,99.94611070732141,-92.0312131993191,0.0628899199247498,0.09889719240079442,0.08662927561900019,-5187.50192810041,-4780.475822267783,1492.9441343823032,0.4444444444444444,0.0,0.1
6.216666666666667,21.747816656962552,1.3702341688265711,21.790940113319518,-2.338004033635359,-0.3840962468619804,-0.057999999999999996,0.6840711778332362,-8.300785962846632,99.71162691250301,-92.30853281735816,0.06292242365608987,0.09893250548304258,0.0866587729185683,-5188.224524728738,-4781.144679417161,1492.7749595096352,0.4444444444444444,0.0,0.1
6.233333333333333,21.7504404266095,1.3711069624818377,21.793613584122646,-2.344405629764858,-0.3840954762363669,-0.057999999999999996,0.6838564723885958,-8.301938810188606,99.47535256854289,-92.58438724043651,0.06295482220260072,0.09896770505277983,0.08668817398318884,-5188.944244813904,-4781.810854861912,1492.6063731554927,0.4444444444444444,0.0,0.1
6.25,21.753055067334547,1.3719770630270351,21.79627779745802,-2.350807212712067,-0.3840946731544917,-0.057999999999999996,0.6836425264337758,-8.30308705375437,99.23729690451947,-92.85876476991675,0.06298711585147068,0.09900279141541907,0.08671747908025158,-5189.66110031702,-4782.474359849949,1492.4383733477168,0.4444444444444444,0.0,0.1
6.266666666666667,21.75566060974339,1.3728444769146995,21.798932784063886,-2.357208781939591,-0.3840938379561622,-0.057999999999999996,0.6834293373462574,-8.304230712757693,98.99746922666016,-93.1316537663617,0.06301930488933213,0.09903776487582329,0.08674668847658171,-5190.375103144476,-4783.135205576608,1492.2709581200288,0.4444444444444444,0.0,0.1
6.283333333333333,21.758257084350372,1.3737092105924484,21.801578574588348,-2.3636103369156727,-0.3840929709787153,-0.057999999999999996,0.6832169025120189,-8.305369806323826,98.75587891795065,-93.40304265004411,0.06305138960226835,0.09907262573831158,0.0867758024384478,-5191.086265148343,-4783.7934031850955,1492.104125512017,0.4444444444444444,0.0,0.1
6.3,21.76084452157867,1.3745712705030604,21.804215199589567,-2.370011877114151,-0.3840920725570401,-0.057999999999999996,0.6830052193255096,-8.306504353490215,98.51253543774081,-93.67291990145388,0.06308337027582024,0.09910737430666502,0.08680482123156955,-5191.794598126782,-4784.448963766911,1491.9378735691284,0.4444444444444444,0.0,0.1
6.316666666666666,21.763422951760507,1.3754306630845496,21.80684268953599,-2.376413402014423,-0.3840911430235997,-0.057999999999999996,0.6827942851896104,-8.30763437320719,98.26744832134717,-93.94127406180216,0.06311524719499291,0.09914201088413248,0.0868337451211251,-5192.500113824438,-4785.101898362293,1491.7722003426486,0.4444444444444444,0.0,0.1
6.333333333333333,21.765992405137343,1.3762873947702392,21.809461074806503,-2.3828149111014,-0.3840901827084526,-0.057999999999999996,0.6825840975156137,-8.308759884338615,98.02062717965238,-94.2080937335232,0.063147020644262,0.09917653577343613,0.0868625743717585,-5193.202823932833,-4785.75221796063,1491.6071038896969,0.4444444444444444,0.0,0.1
6.35,21.76855291186007,1.377141471988829,21.81207038569065,-2.38921640386547,-0.38408919193927327,-0.057999999999999996,0.6823746537231857,-8.309880905662581,97.77208169870103,-94.4733675807732,0.06317869090757994,0.09921094927677704,0.08689130924758652,-5193.902740090755,-4786.399933500879,1491.4425822732073,0.4444444444444444,0.0,0.1
6.366666666666666,21.771104501989225,1.3779929011644618,21.814670652388845,-2.3956178798024577,-0.3840881710413726,-0.057999999999999996,0.6821659512403386,-8.31099745587204,97.52182163929257,-94.73708432992649,0.06321025826838181,0.09924525169584042,0.08691995001220569,-5194.59987388464,-4787.045055871972,1491.278633561918,0.4444444444444444,0.0,0.1
6.383333333333333,21.773647205495166,1.378841688716784,21.817261905012526,-2.4020193384135844,-0.3840871203377168,-0.057999999999999996,0.6819579875034034,-8.312109553575459,97.2698568365708,-94.99923277006903,0.0632417230095913,0.09927944333180089,0.08694849692869872,-5195.2942368489485,-4787.687595913216,1491.1152558303613,0.4444444444444444,0.0,0.1
6.4,21.77618105225827,1.3796878410610052,21.819844173584368,-2.408420779205431,-0.3840860401489466,-0.057999999999999996,0.6817507599569979,-8.313217217297456,97.01619719961016,-95.25980175348894,0.06327308541362636,0.0993135244853274,0.08697695025964097,-5195.985840466538,-4788.327564414688,1490.952447158847,0.4444444444444444,0.0,0.1
6.416666666666667,21.778706072069152,1.3805313646079513,21.82241748803849,-2.4148222016898973,-0.38408493079339556,-0.057999999999999996,0.6815442660539976,-8.314320465479419,96.7608527109989,-95.51878019616433,0.06330434576240451,0.09934749545658816,0.08700531026710663,-5196.6746961690305,-4788.964972117623,1490.790205633451,0.4444444444444444,0.0,0.1
6.433333333333334,21.781222294628815,1.381372265764116,21.8249818782206,-2.4212236053841667,-0.3840837925871078,-0.057999999999999996,0.6813385032555108,-8.315419316480128,96.50383342641896,-95.77615707824833,0.06333550433734828,0.0993813565452554,0.08703357721267459,-5197.360815337176,-4789.599829714789,1490.628529346006,0.4444444444444444,0.0,0.1
6.45,21.78372974954888,1.3822105509317084,21.827537373888237,-2.4276249898106634,-0.38408262584385516,-0.057999999999999996,0.6811334690308469,-8.316513788576344,96.24514947422283,-96.03192144455119,0.06336656141939014,0.09941510805050977,0.08706175135743428,-5198.044209301203,-4790.232147850865,1490.4674163940858,0.4444444444444444,0.0,0.1
6.466666666666667,21.78622846635175,1.383046226508696,21.830084004710915,-2.4340263544970204,-0.38408143087515445,-0.057999999999999996,0.6809291608574896,-8.31760389996344,95.98481105500716,-96.28606240501955,0.06339751728897752,0.09944875027104495,0.08708983296199116,-5198.724889341182,-4790.861937122807,1490.3068648809942,0.4444444444444444,0.0,0.1
6.483333333333333,21.78871847447083,1.3838792988888444,21.832621800270335,-2.4404276989760376,-0.3840802079902833,-0.057999999999999996,0.6807255762210674,-8.318689668755939,95.72282844118335,-96.53856913521282,0.0634283722260774,0.09948228350507167,0.08711782228647189,-5199.402866687354,-4791.489208080206,1490.1468729157516,0.4444444444444444,0.0,0.1
6.5,21.791199803250674,1.3847097744617547,21.835150790060556,-2.446829022785647,-0.38407895749629634,-0.057999999999999996,0.6805227126153307,-8.319771112988127,95.45921197654495,-96.7894308767767,0.06345912651018099,0.09951570805032195,0.0871457195905297,-5200.078152520488,-4792.113971225642,1489.9874386130855,0.4444444444444444,0.0,0.1
6.516666666666667,21.793672481947215,1.3855376596128943,21.83767100348819,-2.453230325468875,-0.38407767969804085,-0.057999999999999996,0.6803205675421202,-8.320848250614599,95.19397207583198,-97.03863693791362,0.06348978042030783,0.09954902420405287,0.08717352513334899,-5200.750757972211,-4792.736237015029,1489.8285600934162,0.4444444444444444,0.0,0.1
6.533333333333333,21.796136539727932,1.386362960723628,21.84018246987258,-2.4596316065738053,-0.3840763748981713,-0.057999999999999996,0.6801191385113423,-8.32192109951083,94.92711922429235,-97.28617669385041,0.06352033423501019,0.09958223226305041,0.08720123917365018,-5201.420694125333,-4793.3560158579585,1489.670235482845,0.4444444444444444,0.0,0.1
6.55,21.79859200567205,1.387185684171242,21.84268521844599,-2.466032865653545,-0.38407504339716475,-0.057999999999999996,0.6799184230409417,-8.32298967747371,94.65866397724007,-97.53203958730289,0.06355078823237682,0.09961533252363292,0.0872288619696941,-5202.087972014185,-4793.973318118031,1489.5124629131421,0.4444444444444444,0.0,0.1
6.566666666666666,21.8010389087707,1.3880058363289658,21.845179278353775,-2.4724341022661847,-0.38407368549333465,-0.057999999999999996,0.6797184186568758,-8.32405400222209,94.38861695961046,-97.77621512893754,0.06358114269003697,0.09964832528165468,0.08725639377928636,-5202.752602624926,-4794.5881541131885,1489.3552405217356,0.4444444444444444,0.0,0.1
6.583333333333333,21.80347727792715,1.388823423565991,21.847664678654585,-2.4788353159747656,-0.3840723014828451,-0.057999999999999996,0.6795191228930877,-8.325114091397305,94.11698886551248,-98.01869289783008,0.06361139788516369,0.09968121083250901,0.08728383485978121,-5203.41459689587,-4795.200534116022,1489.1985664516983,0.4444444444444444,0.0,0.1
6.6,21.80590714195695,1.389638452247486,21.85014144832051,-2.4852365063472424,-0.3840708916597245,-0.057999999999999996,0.6793205332914821,-8.326169962563696,93.84379045777801,-98.25946254192111,0.06364155409447755,0.09971398947113147,0.08731118546808574,-5204.073965717791,-4795.810468354109,1489.042438851736,0.4444444444444444,0.0,0.1
6.616666666666666,21.80832852958813,1.3904509287346067,21.85260961623729,-2.491637672956447,-0.38406945631587897,-0.057999999999999996,0.6791226474018994,-8.327221633209126,93.56903256750815,-98.49851377846872,0.06367161159424974,0.0997466614920027,0.08733844586066318,-5204.730719934227,-4796.417967010303,1488.8868558761774,0.4444444444444444,0.0,0.1
6.633333333333333,21.810741469461398,1.3912608593845055,21.85506921120449,-2.4980388153800557,-0.38406799574110484,-0.057999999999999996,0.6789254627820887,-8.328269120745476,93.2927260936166,-98.73583639449795,0.06370157066030514,0.0997792271891513,0.0873656162935367,-5205.384870341789,-4797.02304022305,1488.7318156849587,0.4444444444444444,0.0,0.1
6.6499999999999995,21.813145990130305,1.392068250550335,21.857520261935665,-2.5044399332005534,-0.3840665102231024,-0.057999999999999996,0.6787289769976852,-8.329312442509144,93.01488200237017,-98.97142024724718,0.06373143156802531,0.09981168685615635,0.0873926970222925,-5206.036427690448,-4797.625698086681,1488.5773164436143,0.4444444444444444,0.0,0.1
6.666666666666667,21.81554212006144,1.3928731085812496,21.859962797058543,-2.5108410260051963,-0.3840650000474876,-0.057999999999999996,0.6785331876221844,-8.330351615761513,92.73551132692646,-99.20525526461151,0.06376119459235113,0.09984404078614986,0.08741968830208308,-5206.685402683833,-4798.225950651703,1488.423356323266,0.4444444444444444,0.0,0.1
6.683333333333334,21.817929887634616,1.3936754398224032,21.86239684511522,-2.517242093385982,-0.3840634654978046,-0.057999999999999996,0.6783380922369183,-8.331386657689453,92.45462516686837,-99.43733144558296,0.06379086000778542,0.09987628927181919,0.08744659038762999,-5207.331805979514,-4798.8238079250905,1488.2699335006073,0.4444444444444444,0.0,0.1
6.7,21.820309321143043,1.3944752506149447,21.864822434562317,-2.52364313493961,-0.3840619068555377,-0.057999999999999996,0.6781436884310301,-8.33241758540577,92.17223468773618,-99.66763886068755,0.06382042808839536,0.09990843260540908,0.08747340353322675,-5207.975648189285,-4799.4192798705635,1488.1170461578954,0.4444444444444444,0.0,0.1
6.716666666666667,21.822680448793516,1.3952725472960086,21.86723959377115,-2.5300441502674507,-0.3840603244001231,-0.057999999999999996,0.6779499738014519,-8.333444415949682,91.88835112055651,-99.89616765241924,0.06384989910781466,0.09994047107872372,0.08750012799274137,-5208.6169398794445,-4800.0123764088685,1487.9646924829383,0.4444444444444444,0.0,0.1
6.733333333333333,21.825043298706607,1.3960673361987042,21.86964835102794,-2.5364451389755103,-0.38405871840896066,-0.057999999999999996,0.67775694595288,-8.334467166287244,91.60298576136853,-100.12290803567063,0.06387927333924574,0.09997240498312861,0.0875267640196187,-5209.255691571065,-4800.603107418039,1487.812870669082,0.4444444444444444,0.0,0.1
6.75,21.82739789891683,1.3968596236521011,21.87204873453395,-2.5428461006743985,-0.3840570891574249,-0.057999999999999996,0.6775646024977496,-8.335485853311827,91.31614997074746,-100.3478502981606,0.06390855105546159,0.10000423460955218,0.08755331186688275,-5209.891913740264,-4801.1914827336705,1487.661578915199,0.4444444444444444,0.0,0.1
6.766666666666667,21.829744277372825,1.3976494159812116,21.874440772405684,-2.5492470349792913,-0.38405543691887634,-0.057999999999999996,0.6773729410562164,-8.336500493844524,91.02785517332526,-100.57098480085858,0.06393773252880759,0.10003596024848749,0.08757977178713874,-5210.525616818464,-4801.777512149182,1487.5108154256795,0.4444444444444444,0.0,0.1
6.783333333333333,21.832082461937556,1.3984367195069711,21.87682449267505,-2.555647941509901,-0.38405376196467256,-0.057999999999999996,0.6771819592561291,-8.337511104634595,90.73811285730856,-100.79230197840587,0.06396681803120315,0.10006758218999359,0.08760614403257508,-5211.156811192662,-4802.361205416064,1487.3605784104154,0.4444444444444444,0.0,0.1
6.8,21.834412480388483,1.3992215405462134,21.879199923289537,-2.562048819890443,-0.3840520645641787,-0.057999999999999996,0.6769916547330078,-8.338517702359894,90.44693457399394,-101.01179233953334,0.06399580783414308,0.10009910072369677,0.08763242885496499,-5211.785507205676,-4802.942572244137,1487.2108660847916,0.4444444444444444,0.0,0.1
6.816666666666666,21.83673436041773,1.4000038854116463,21.881567092112395,-2.568449669749599,-0.3840503449847784,-0.057999999999999996,0.6768020251300226,-8.33952030362726,90.15433193728038,-101.22944646747618,0.06402470220869913,0.10013051613879176,0.0876586265056682,-5212.411715156402,-4803.521622301794,1487.061676669673,0.4444444444444444,0.0,0.1
6.833333333333333,21.83904812963229,1.400783760411823,21.883926026922797,-2.574850490720489,-0.3840486034918842,-0.057999999999999996,0.6766130680979703,-8.340518924972947,89.86031662317916,-101.4452550203853,0.06405350142552105,0.1001618287240428,0.08768473723563253,-5213.035445300064,-4804.098365216243,1486.9130083913947,0.4444444444444444,0.0,0.1
6.85,21.841353815554182,1.4015611718511096,21.886276755416027,-2.5812512824406344,-0.3840468403489477,-0.057999999999999996,0.6764247812952511,-8.341513582863017,89.5649003693211,-101.65920873173538,0.06408220575483767,0.10019303876778443,0.08771076129539496,-5213.656707848448,-4804.672810573746,1486.7648594817472,0.4444444444444444,0.0,0.1
6.866666666666666,21.84365144562066,1.4023361260296536,21.88861930520364,-2.5876520445519278,-0.38404505581747,-0.057999999999999996,0.6762371623878485,-8.34250429369373,89.26809497446112,-101.87129841072958,0.0641108154664579,0.10022414655792236,0.08773669893508301,-5214.275512970155,-4805.24496791985,1486.6172281779673,0.4444444444444444,0.0,0.1
6.883333333333333,21.845941047184365,1.4031086292433452,21.890953703813633,-2.5940527767005994,-0.38404325015701174,-0.057999999999999996,0.676050209049307,-8.343491073791933,88.96991229798019,-102.08151494270122,0.0641393308297715,0.100255152381934,0.08776255040441576,-5214.89187079083,-4805.814846759619,1486.470112722727,0.4444444444444444,0.0,0.1
6.8999999999999995,21.848222647513527,1.403878687783781,21.893279978690643,-2.600453478537186,-0.38404142362520277,-0.057999999999999996,0.6758639189607093,-8.344473939415437,88.6703642593847,-102.2898492895116,0.0641677521137497,0.10028605652686906,0.08778831595270466,-5215.505791393393,-4806.382456557853,1486.323511364119,0.4444444444444444,0.0,0.1
6.916666666666667,21.850496273792125,1.4046463079382214,21.895598157196073,-2.606854149716497,-0.38403957647775233,-0.057999999999999996,0.6756782898106555,-8.345452906753403,88.36946283780328,-102.49629248994505,0.06419607958694591,0.10031685927935,0.08781399582885444,-5216.117284818276,-4806.947806739319,1486.1774223556479,0.4444444444444444,0.0,0.1
6.933333333333334,21.85276195312008,1.405411495989549,21.8979082666083,-2.6132547898975864,-0.3840377089684587,-0.057999999999999996,0.6754933192952423,-8.346427991926696,88.06722007148113,-102.70083566010013,0.06422431351749606,0.10034756092557218,0.0878395902813637,-5216.72636106364,-4807.5109066889545,1486.0318439562172,0.4444444444444444,0.0,0.1
6.95,21.85501971251345,1.4061742582162222,21.900210334122853,-2.6196553987437152,-0.3840358213492189,-0.057999999999999996,0.6753090051180425,-8.347399210988248,87.76364805727172,-102.90346999377776,0.06425245417311892,0.10037816175130415,0.08786509955832549,-5217.3330300856,-4808.07176575209,1485.886774430119,0.4444444444444444,0.0,0.1
6.966666666666667,21.85726957890458,1.406934600892229,21.902504386852556,-2.626055975922325,-0.384033913870038,-0.057999999999999996,0.67512534499008,-8.348366579923427,87.45875895012612,-103.10418676286578,0.06428050182111637,0.10040866204188775,0.08789052390742767,-5217.937301798447,-4808.6303932346555,1485.7422120470198,0.4444444444444444,0.0,0.1
6.983333333333333,21.8595115791423,1.4076925302870358,21.904790451827704,-2.632456521105003,-0.3840319867790389,-0.057999999999999996,0.674942336629815,-8.349330114650371,87.15256496257972,-103.30297731772013,0.06430845672837349,0.10043906208223796,0.08791586357595334,-5218.53918607486,-4809.186798403387,1485.598155081952,0.4444444444444444,0.0,0.1
7.0,21.861745739992095,1.4084480526655383,21.907068555996254,-2.638857033967454,-0.38403004032247157,-0.057999999999999996,0.6747599777631195,-8.350289831020346,86.84507836423658,-103.49983308754267,0.06433631916135855,0.10046936215684285,0.08794111881078094,-5219.138692746116,-4809.740990486028,1485.4546018153014,0.4444444444444444,0.0,0.1
7.016666666666667,21.863972088136308,1.4092011742880064,21.90933872622399,-2.645257514189466,-0.3840280747447224,-0.057999999999999996,0.6745782661232566,-8.351245744818074,86.53631148125145,-103.69474558075544,0.06436408938612292,0.10049956254976335,0.08796628985838441,-5219.735831602304,-4810.292978671526,1485.3115505327937,0.4444444444444444,0.0,0.1
7.033333333333333,21.86619065017429,1.4099519014100304,21.911600989294673,-2.6516579614548816,-0.3840260902883234,-0.057999999999999996,0.6743971994508611,-8.352197871762074,86.22627669580916,-103.88770638537154,0.06439176766830092,0.10052966354463283,0.08799137696483314,-5220.330612392527,-4810.842772110231,1485.1689995254849,0.4444444444444444,0.0,0.1
7.05,21.8684014526226,1.4107002402824633,21.913855371910238,-2.6580583754515663,-0.38402408719396164,-0.057999999999999996,0.6742167754939209,-8.353146227504991,85.91498644560187,-104.0787071693625,0.06441935427310944,0.10055966542465682,0.0880163803757919,-5220.923044825107,-4811.390379914088,1485.0269470897506,0.4444444444444444,0.0,0.1
7.066666666666666,21.870604521915183,1.4114461971513639,21.91610190069096,-2.6644587558713777,-0.384022065700488,-0.057999999999999996,0.6740369920077535,-8.354090827633906,85.60245322330375,-104.2677396810222,0.06444684946534766,0.10058956847261238,0.08804130033652069,-5221.513138567782,-4811.935811156825,1484.8853915272714,0.4444444444444444,0.0,0.1
7.083333333333333,21.872799884403552,1.412189778257935,21.91834060217562,-2.670859102410135,-0.3840200260449267,-0.057999999999999996,0.6738578467549893,-8.355031687670689,85.2886895760435,-104.4547957493272,0.06447425350939652,0.10061937297084755,0.08806613709187433,-5222.100903247908,-4812.479074874136,1484.7443311450243,0.4444444444444444,0.0,0.1
7.1,21.874987566356953,1.4129309898384637,21.920571502821662,-2.6772594147675903,-0.3840179684624839,-0.057999999999999996,0.6736793375055479,-8.355968823072264,84.97370810487448,-104.6398672842936,0.06450156666921825,0.10064907920128074,0.08809089088630229,-5222.686348452647,-4813.0201800638715,1484.6037642552678,0.4444444444444444,0.0,0.1
7.116666666666666,21.87716759396256,1.4136698381242567,21.9227946290054,-2.6836596926473946,-0.3840158931865571,-0.057999999999999996,0.6735014620366239,-8.356902249230956,84.6575214642425,-104.82294627733042,0.06452878920835561,0.10067868744539987,0.08811556196384804,-5223.269483729165,-4813.559135686207,1484.463689175536,0.4444444444444444,0.0,0.1
7.133333333333333,21.879339993325658,1.4144063293415778,21.925010007022145,-2.6900599357570716,-0.38401380044874395,-0.057999999999999996,0.6733242181326604,-8.357831981474797,84.34014236145158,-105.0040248015893,0.06455592138993134,0.10070819798426149,0.08814015056814861,-5223.850318584815,-4814.095950663836,1484.3241042286181,0.4444444444444444,0.0,0.1
7.1499999999999995,21.881504790469812,1.4151404697115808,21.927217663086413,-2.696460143807986,-0.384011690478851,-0.057999999999999996,0.6731476035853368,-8.358758035067789,84.02158355612708,-105.1830950123108,0.06458296347664724,0.10073761109849005,0.08816465694243406,-5224.428862487327,-4814.630633882132,1484.1850077425572,0.4444444444444444,0.0,0.1
7.166666666666667,21.88366201133706,1.4158722654502431,21.929417623332085,-2.7028603165153147,-0.3840095635049028,-0.057999999999999996,0.6729716161935433,-8.359680425210248,83.70185785967706,-105.360149147167,0.06460991573078342,0.10076692706827678,0.08818908132952662,-5225.005124864993,-4815.163194189327,1484.0463980506306,0.4444444444444444,0.0,0.1
7.183333333333334,21.885811681788084,1.4166017227682985,21.931609913812572,-2.709260453598015,-0.3840074197531508,-0.057999999999999996,0.6727962537633643,-8.36059916703906,83.38097813475109,-105.53517952660052,0.06463677841419731,0.10079614617337868,0.08821342397184004,-5225.579115106843,-4815.6936403966765,1483.9082734913413,0.4444444444444444,0.0,0.1
7.2,21.887953827602402,1.417328847871167,21.93379456050098,-2.715660554778798,-0.38400525944808206,-0.057999999999999996,0.6726215141080596,-8.361514275627991,83.05895729469711,-105.70817855415999,0.0646635517883227,0.10082526869311739,0.08823768511137883,-5226.150842562832,-4816.22198127863,1483.7706324084065,0.4444444444444444,0.0,0.1
7.216666666666667,21.89008847447854,1.418053646958885,21.935971589290308,-2.722060619784098,-0.3840030828124282,-0.057999999999999996,0.6724473950480451,-8.362425765987961,82.73580830301606,-105.87913871683193,0.06469023611416873,0.10085429490637807,0.0882618649897373,-5226.720316544004,-4816.748225572999,1483.6334731507459,0.4444444444444444,0.0,0.1
7.233333333333333,21.892215648034203,1.4187761262260339,21.938141025993577,-2.7284606483440417,-0.38400089006717397,-0.057999999999999996,0.6722738944108728,-8.363333653067325,82.41154417281439,-106.04805258536885,0.06471683165231873,0.10088322509160808,0.08828596384809863,-5227.287546322684,-4817.2723819811135,1483.4967940724698,0.4444444444444444,0.0,0.1
7.25,21.894335373806495,1.4194962918616691,21.940302896344058,-2.734860640192422,-0.3839986814315664,-0.057999999999999996,0.6721010100312116,-8.364237951752157,82.08617796625454,-106.21491281461391,0.06474333866292907,0.10091205952681576,0.08830998192723385,-5227.852541132636,-4817.794459167983,1483.3605935328665,0.4444444444444444,0.0,0.1
7.266666666666667,21.89644767725205,1.420214150049246,21.942457225995376,-2.7412605950666684,-0.3839964571231232,-0.057999999999999996,0.6719287397508314,-8.365138676866515,81.75972279400327,-106.37971214382178,0.06476975740572802,0.10094079848956902,0.08833391946750094,-5228.41531016924,-4818.314465762461,1483.2248698963929,0.4444444444444444,0.0,0.1
7.283333333333333,21.898552583747257,1.4209297069665459,21.944604040521753,-2.7476605127078164,-0.38399421735764167,-0.057999999999999996,0.6717570814185806,-8.36603584317272,81.43219181467802,-106.54244339697586,0.06479608814001432,0.10096944225699409,0.0883577767088435,-5228.975862589659,-4818.832410357392,1483.0896215326602,0.4444444444444444,0.0,0.1
7.3,21.90065011858842,1.4216429687856034,21.946743365418126,-2.7540603928604814,-0.38399196234920746,-0.057999999999999996,0.6715860328903697,-8.366929465371614,81.1035982342912,-106.70309948310188,0.06482233112465605,0.10099799110577382,0.08838155389078979,-5229.534207513003,-4819.348301509777,1482.9548468164246,0.4444444444444444,0.0,0.1
7.316666666666666,21.90274030699194,1.4223539416726292,21.948875226100338,-2.760460235272829,-0.38398969231020325,-0.057999999999999996,0.671415592029152,-8.367819558102832,80.77395530569248,-106.86167339657774,0.06484848661808916,0.10102644531214644,0.08840525125245141,-5230.090354020497,-4819.862147740913,1482.8205441275736,0.4444444444444444,0.0,0.1
7.333333333333333,21.90482317409451,1.4230626317879351,21.95099964790531,-2.766860039696546,-0.3839874074513175,-0.057999999999999996,0.6712457567049048,-8.36870613594505,80.44327632800918,-107.0181582174397,0.06487455487831606,0.10105480515190388,0.08842886903252216,-5230.644311155642,-4820.373957536552,1482.6867118511157,0.4444444444444444,0.0,0.1
7.35,21.906898744953285,1.4237690452858591,21.953116656091225,-2.773259805886813,-0.3839851079815532,-0.057999999999999996,0.6710765247946122,-8.369589213416265,80.11157464608456,-107.17254711168479,0.06490053616290431,0.10108307090039023,0.0884524074692767,-5231.196087924376,-4820.8837393470485,1482.5533483771674,0.4444444444444444,0.0,0.1
7.366666666666666,21.908967044546067,1.424473188314686,21.955226275837674,-2.779659533602279,-0.38398279410823644,-0.057999999999999996,0.6709078941822458,-8.370468804974026,79.77886364991451,-107.32483333156955,0.06492643072898499,0.1011112428325002,0.08847586680056925,-5231.745693295229,-4821.391501587506,1482.420452100944,0.4444444444444444,0.0,0.1
7.383333333333333,21.911028097771492,1.425175067016572,21.957328532245846,-2.786059222605028,-0.38398046603702524,-0.057999999999999996,0.6707398627587458,-8.3713449250157,79.44515677408187,-107.47501021590503,0.0649522388332513,0.10113932122267733,0.08849924726383229,-5232.293136199489,-4821.89725263792,1482.2880214227446,0.4444444444444444,0.0,0.1
7.3999999999999995,21.91308192944921,1.4258746875274662,21.959423450338697,-2.792458872660556,-0.3839781239719182,-0.057999999999999996,0.6705724284220037,-8.372217587878712,79.11046749718926,-107.62307119034799,0.06497796073195693,0.10116730634491244,0.08852254909607508,-5232.838425531349,-4822.401000843324,1482.1560547479419,0.4444444444444444,0.0,0.1
7.416666666666667,21.915128564320074,1.426572055977033,21.96151105506113,-2.798858483537741,-0.3839757681152634,-0.057999999999999996,0.6704055890768436,-8.37308680784081,78.77480934129001,-107.76900976768833,0.06500359668091454,0.10119519847274189,0.08854577253388238,-5233.381570148066,-4822.9027545139315,1482.0245504869713,0.4444444444444444,0.0,0.1
7.433333333333334,21.917168027046316,1.4272671784885733,21.963591371280152,-2.8052580550088164,-0.3839733986677668,-0.057999999999999996,0.6702393426350044,-8.37395259912028,78.43819587131705,-107.91281954813294,0.06502914693549418,0.10122299787924571,0.08856891781341285,-5233.922578870111,-4823.402521925275,1481.8935070553175,0.4444444444444444,0.0,0.1
7.45,21.919200342211724,1.4279600611789465,21.96566442378506,-2.811657586849345,-0.3839710158285009,-0.057999999999999996,0.670073687015122,-8.374814975876212,78.10064069451025,-108.05449421958541,0.06505461175062162,0.10125070483704607,0.08859198517039782,-5234.461460481321,-4823.900311318347,1481.7629228735045,0.4444444444444444,0.0,0.1
7.466666666666667,21.921225534321852,1.428650710158491,21.96773023728762,-2.818057078838189,-0.3839686197949138,-0.057999999999999996,0.66990862014271,-8.375673952208738,77.76215745984186,-108.1940275579223,0.06507999138077673,0.10127831961830527,0.08861497484013953,-5234.9982237290515,-4824.396130899741,1481.632796367081,0.4444444444444444,0.0,0.1
7.483333333333333,21.923243627804176,1.4293391315309458,21.96978883642221,-2.8244565307574847,-0.38396621076283766,-0.057999999999999996,0.6697441399501428,-8.376529542159252,77.42275985744027,-108.33141342726536,0.06510528607999176,0.1013058424947241,0.0886378870575098,-5235.532877324317,-4824.889988841776,1481.5031259666118,0.4444444444444444,0.0,0.1
7.5,21.92525464700829,1.4300253313933704,21.97184024574604,-2.830855942392616,-0.38396378892649724,-0.057999999999999996,0.6695802443766372,-8.377381759710662,77.08246161801192,-108.46664578025006,0.06513049610184973,0.10133327373753984,0.08866072205694853,-5236.0654299419475,-4825.381893282648,1481.3739101076644,0.4444444444444444,0.0,0.1
7.516666666666667,21.92725861620609,1.4307093158360673,21.973884489739277,-2.837255313532188,-0.38396135447851903,-0.057999999999999996,0.6694169313682352,-8.378230618787619,76.74127651226175,-108.5997186582903,0.0651556216994827,0.10136061361752455,0.08868348007246202,-5236.595890220728,-4825.871852326554,1481.2451472307969,0.4444444444444444,0.0,0.1
7.533333333333333,21.929255559591958,1.4313910909425016,21.975921592805257,-2.843654643967998,-0.38395890760993967,-0.057999999999999996,0.6692541988777841,-8.379076133256735,76.39921835031174,-108.73062619183918,0.06518066312557003,0.10138786240498313,0.08870616133762158,-5237.1242667635415,-4826.359874043825,1481.1168357815463,0.4444444444444444,0.0,0.1
7.55,21.931245501282955,1.4320706627892217,21.977951579270655,-2.8500539334950115,-0.3839564485102146,-0.057999999999999996,0.6690920448649222,-8.379918316926839,76.05630098111793,-108.859362600646,0.06520562063233659,0.10141502036975147,0.08872876608556177,-5237.650568137519,-4826.84596647106,1480.988974210418,0.4444444444444444,0.0,0.1
7.566666666666666,21.93322846531898,1.4327480374457806,21.97997447338562,-2.8564531819113355,-0.3839539773672269,-0.057999999999999996,0.668930467296057,-8.380757183549166,75.71253829188579,-108.98592219400942,0.06523049447155121,0.10144208778119451,0.088751294548979,-5238.174802874175,-4827.330137611258,1480.861560972872,0.4444444444444444,0.0,0.1
7.583333333333333,21.935204475662985,1.433423220974657,21.981990299324007,-2.862852389018191,-0.38395149436729603,-0.057999999999999996,0.6687694641443508,-8.381592746817626,75.36794420748404,-109.11029937102671,0.06525528489452471,0.10146906490820444,0.08877374696012989,-5238.696979469549,-4827.812395433946,1480.734594529312,0.4444444444444444,0.0,0.1
7.6,21.937173556201145,1.4340962194311755,21.983999081183516,-2.8692515546198902,-0.38394899969518637,-0.057999999999999996,0.6686090333896995,-8.382425020368995,75.0225326898568,-109.23248862083916,0.06527999215210831,0.10149595201919866,0.0887961235508296,-5239.217106384352,-4828.292747875306,1480.608073345073,0.4444444444444444,0.0,0.1
7.616666666666666,21.93913573074304,1.434767038863429,21.98600084298586,-2.8756506785238063,-0.3839464935341159,-0.057999999999999996,0.6684491730187208,-8.383254017783148,74.67631773743433,-109.35248452287358,0.06530461649469173,0.10152274938211797,0.08881842455245036,-5239.735192044094,-4828.771202838305,1480.4819958904122,0.4444444444444444,0.0,0.1
7.633333333333333,21.94109102302185,1.4354356853121994,21.98799560867697,-2.8820497605403514,-0.3839439760657654,-0.057999999999999996,0.668289881024728,-8.384079752583279,74.32931338454216,-109.4702817470799,0.06532915817220152,0.1015494572644246,0.08884065019591976,-5240.251244839233,-4829.247768192822,1480.3563606404912,0.4444444444444444,0.0,0.1
7.6499999999999995,21.943039456694546,1.436102164810879,21.989983402127166,-2.8884488004829496,-0.3839414474702865,-0.057999999999999996,0.6681311554077202,-8.384902238236121,73.98153370080871,-109.58587505416482,0.06535361743409925,0.10157607593310025,0.08886280071171923,-5240.765273125304,-4829.722451775771,1480.2311660753696,0.4444444444444444,0.0,0.1
7.666666666666667,21.944981055342048,1.4367664833853928,21.991964247131293,-2.894847798168011,-0.3839389079263109,-0.057999999999999996,0.6679729941743604,-8.385721488152157,73.6329927905716,-109.6992592958218,0.06537799452937974,0.10160260565464423,0.08888487632988236,-5241.2772852230555,-4830.195261391227,1480.1064106799913,0.4444444444444444,0.0,0.1
7.683333333333334,21.946915842469444,1.4374286470541207,21.99393816740895,-2.9012467534149087,-0.38393635761095873,-0.057999999999999996,0.6678153953379596,-8.386537515685852,73.2837047922823,-109.81042941495677,0.06540228970656932,0.10162904669507147,0.08890687727999334,-5241.787289418588,-4830.666204810555,1479.9820929441717,0.4444444444444444,0.0,0.1
7.7,21.948843841506154,1.43808866182782,21.995905186604627,-2.90764566604595,-0.38393379669984734,-0.057999999999999996,0.6676583569184579,-8.387350334135835,72.93368387790953,-109.91938044591014,0.065426503213724,0.10165539931991066,0.08892880379118535,-5242.295293963486,-4831.135289772525,1479.858211362586,0.4444444444444444,0.0,0.1
7.716666666666667,21.950765075806128,1.4387465337095475,21.997865328287908,-2.9140445358863554,-0.3839312253671004,-0.057999999999999996,0.6675018769424089,-8.388159956745156,72.58294425234119,-110.02610751467485,0.06545063529842775,0.10168166379420229,0.08895065609213901,-5242.801307074952,-4831.60252398344,1479.7347644347592,0.4444444444444444,0.0,0.1
7.733333333333333,21.952679568648023,1.4394022686945847,21.99981861595362,-2.9204433627642308,-0.38392864378535607,-0.057999999999999996,0.6673459534429597,-8.388966396701463,72.23150015278505,-110.1306058391104,0.06547468620779075,0.10170784038249672,0.08897243441108071,-5243.305336935936,-4832.06791511726,1479.6117506650507,0.4444444444444444,0.0,0.1
7.75,21.954587343235406,1.4400558727703592,22.001765073022042,-2.926842146510544,-0.3839260521257761,-0.057999999999999996,0.6671905844598355,-8.38976966713722,71.87936584816788,-110.232870729153,0.06549865618844761,0.10173392934885221,0.08899413897578105,-5243.807391695266,-4832.531470815716,1479.4891685626449,0.4444444444444444,0.0,0.1
7.766666666666667,21.956488422696918,1.44070735191637,22.003704722839053,-2.9332408869591013,-0.38392345055805427,-0.057999999999999996,0.6670357680393212,-8.390569781129924,71.52655563853352,-110.3328975870217,0.06552254548655562,0.10175993095683318,0.08901577001355332,-5244.307479467789,-4832.993198688438,1479.3670166415395,0.4444444444444444,0.0,0.1
7.783333333333333,21.958382830086478,1.441356712104112,22.005637588676322,-2.939639583946521,-0.3839208392504253,-0.057999999999999996,0.6668815022342445,-8.39136675170232,71.17308385443947,-110.43068190742062,0.06554635434779303,0.10178584546950814,0.08903732775125182,-5244.805608334488,-4833.453106313066,1479.2452934205312,0.4444444444444444,0.0,0.1
7.8,21.960270588383455,1.4420039592970006,22.007563693731473,-2.9460382373122105,-0.38391821836967355,-0.057999999999999996,0.6667277851039582,-8.392160591822579,70.81896485635235,-110.52621927773716,0.06557008301735737,0.10181167314944786,0.08905881241527046,-5245.301786342616,-4833.911201235385,1479.123997423206,0.4444444444444444,0.0,0.1
7.816666666666666,21.962151720492873,1.4426490994502976,22.009483061128282,-2.9524368468983417,-0.3839155880811416,-0.057999999999999996,0.6665746147143214,-8.392951314404536,70.46421303404206,-110.61950537823623,0.06559373173996359,0.10183741425872354,0.08908022423154106,-5245.796021505829,-4834.367490969427,1479.0031271779255,0.4444444444444444,0.0,0.1
7.833333333333333,21.96402624924559,1.443292138511037,22.01139571391685,-2.958835412549829,-0.38391294854873914,-0.057999999999999996,0.6664219891376846,-8.393738932307878,70.10884280597479,-110.71053598225055,0.0656173007598425,0.10186306905890483,0.0891015634255319,-5246.288321804309,-4834.821982997594,1478.882681217816,0.4444444444444444,0.0,0.1
7.85,21.96589419739849,1.443933082417952,22.01330167507377,-2.9652339341143006,-0.38391029993495135,-0.057999999999999996,0.6662699064528704,-8.39452345833835,69.75286861870478,-110.79930695636679,0.06564079032073898,0.10188863781105803,0.08912283022224611,-5246.778695184891,-4835.274684770784,1478.7626580807562,0.4444444444444444,0.0,0.1
7.866666666666666,21.967755587634652,1.4445719371014016,22.015200967502302,-2.97163241144208,-0.3839076424008481,-0.057999999999999996,0.6661183647451573,-8.395304905247965,69.396304946265,-110.88581426060794,0.0656642006659104,0.10191412077574429,0.08914402484622029,-5247.267149561194,-4835.725603708497,1478.6430563093643,0.4444444444444444,0.0,0.1
7.883333333333333,21.96961044256356,1.445208708483299,22.01709361403257,-2.978030844386161,-0.38390497610609203,-0.057999999999999996,0.6659673621062606,-8.396083285735191,69.03916628955663,-110.97005394861146,0.06568753203812484,0.10193951821301768,0.08916514752152296,-5247.753692813741,-4836.174747198958,1478.5238744509875,0.4444444444444444,0.0,0.1
7.8999999999999995,21.971458784721275,1.4458434024770395,22.018979637421715,-2.9844292328021824,-0.38390230120894786,-0.057999999999999996,0.665816896634318,-8.396858612445179,68.68146717573754,-111.0520221678036,0.06571078467965956,0.10196483038242349,0.08918619847175305,-5248.23833279009,-4836.622122599237,1478.405111057689,0.4444444444444444,0.0,0.1
7.916666666666667,21.973300636570627,1.4464760249874298,22.020859060354084,-2.990827576548408,-0.38389961786629045,-0.057999999999999996,0.665666966433869,-8.397630897969925,68.32322215760958,-111.13171515956948,0.0657339588322993,0.10199005754299634,0.0892071779200385,-5248.7210773049555,-4837.067737235351,1478.286764686236,0.4444444444444444,0.0,0.1
7.933333333333334,21.97513602050142,1.447106581910618,22.022731905441432,-2.9972258754856993,-0.38389692623361404,-0.057999999999999996,0.6655175696158406,-8.398400154848511,67.96444581300493,-111.20912925941938,0.06575705473733463,0.10201519995325842,0.08922808608903472,-5249.201934140337,-4837.511598402394,1478.168833898089,0.4444444444444444,0.0,0.1
7.95,21.97696495883059,1.4477350791340227,22.024598195223057,-3.0036241294774975,-0.3838942264650404,-0.057999999999999996,0.665368704297526,-8.399166395567272,67.60515274417135,-111.28426089715082,0.06578007263556046,0.10204025787121775,0.08924892320092327,-5249.680911045637,-4837.953713364644,1478.0513172593855,0.4444444444444444,0.0,0.1
7.966666666666667,21.978787473802402,1.4483615225362652,22.026457952166,-3.010022338389797,-0.38389151871332783,-0.057999999999999996,0.6652203686025729,-8.39992963256002,67.24535757715647,-111.35710659700669,0.06580301276727442,0.10206523155436645,0.08926968947741049,-5250.1580157377875,-4838.394089355681,1477.9342133409345,0.4444444444444444,0.0,0.1
7.983333333333333,21.980603587588668,1.4489859179871005,22.028311198665246,-3.016420502091124,-0.3838888031298798,-0.057999999999999996,0.6650725606609601,-8.400689878208214,66.88507496119112,-111.42766297782926,0.06582587537227519,0.1020901212596789,0.08929038513972581,-5250.633255901377,-4838.832733578497,1477.8175207181985,0.4444444444444444,0.0,0.1
