t,vx,vy,speed,yaw,yaw_rate,steering_angle,ax,ay,pos_x,pos_y,sideslip,alpha_f,alpha_r,fy_f,fy_r,f_long,throttle,brake,steer_cmd
0.0,19.596880022602594,-0.04010060667112437,19.596921050995128,-0.00027751155436198934,-0.03173253160175464,-0.075,0.8013222987093214,-3.9313310779008908,54.491438286587545,-0.0003980818528398042,-0.002046272195099661,0.07236213869011889,6.008996821582979e-05,-4457.037013868993,-4.904305830855634,1631.0322646457223,0.4444444444444444,0.0,0.25
0.016666666666666666,19.6058430531405,-0.09809160624156726,19.606088436697224,-0.0013643409179300199,-0.08640882149037125,-0.145,0.38990597411966627,-5.034380826130698,54.818153575135995,-0.0019643169420323057,-0.00500314051872678,0.13611949876783952,0.0006756552225806956,-5708.263741096992,-55.070340151838806,1630.3487374404608,0.4444444444444444,0.0,0.25
0.03333333333333333,19.612632458023523,-0.14273680619180262,19.613151856072488,-0.0033949664967037867,-0.14285265093804278,-0.145,0.3937349150382215,-5.087735125564282,55.14498127966865,-0.004923917173176303,-0.00727767098547892,0.1300036109327424,0.0020957681185206837,-5666.042825296645,-170.73169194823424,1629.9170855795692,0.4444444444444444,0.0,0.25
0.05,19.619733176870636,-0.1705667256792881,19.620474584971365,-0.00634361068058973,-0.19703847813933253,-0.145,0.39959879440154766,-5.177719639057898,55.47191354993857,-0.00930321759144849,-0.0086934122516472,0.1248984849926085,0.00424663150659463,-5612.959822309135,-345.62134052150446,1629.4663411357092,0.4444444444444444,0.0,0.25
0.06666666666666667,19.62714168292632,-0.1831600135257103,19.627996286738455,-0.010166759106108345,-0.2484203120964376,-0.145,0.4054560051439312,-5.309812857578906,55.79894742350439,-0.015130474091428859,-0.009331705038111598,0.12076520077120188,0.007007893485709403,-5564.776619387407,-569.0859186758532,1628.9954811937687,0.4444444444444444,0.0,0.25
0.08333333333333333,19.63480927694827,-0.18214078330119127,19.635654066189787,-0.014813315436789752,-0.2965970950350847,-0.145,0.41089146295890366,-5.477536063360366,56.12607828635629,-0.022445270095643576,-0.009276156262838738,0.11754781865212426,0.010266166674426442,-5523.721308822674,-830.3152518607125,1628.506974001927,0.4444444444444444,0.0,0.25
0.1,19.642653303052864,-0.16912309173384021,19.643381363810335,-0.02022695524077858,-0.34130658250143314,-0.145,0.4155737233760563,-5.673886579070354,56.453299649984636,-0.03129665801733918,-0.008609779451283163,0.11518123161880933,0.013917708934702056,-5491.371893538189,-1118.5563087909236,1628.0056491686619,0.4444444444444444,0.0,0.25
0.11666666666666667,19.65056831318759,-0.14566142007371913,19.651108169275087,-0.026348337872523567,-0.3824149494380001,-0.145,0.41927617286086727,-5.891559847030813,56.78060295745347,-0.04174116272272822,-0.007412444769317699,0.11359446695966727,0.01787044191997822,-5468.572874017717,-1423.4904437982107,1627.4979751741068,0.4444444444444444,0.0,0.25
0.13333333333333333,19.658436277778183,-0.11321083038855087,19.65876225960278,-0.03311709403099768,-0.41990156819155106,-0.145,0.4218800185255038,-6.123317883218598,57.10797744135611,-0.053840720236739165,-0.005758829302279006,0.11271383222684062,0.022045175242744856,-5455.46564058305,-1735.6713870869294,1626.991383535817,0.4444444444444444,0.0,0.25
0.15,19.666135162096193,-0.07309936435443762,19.66627101742741,-0.04047351868467091,-0.45384004696465924,-0.145,0.42336315191264945,-6.362387842554432,57.43541004723651,-0.06766065806531896,-0.0037170001681813727,0.11246568991852143,0.02637593018509129,-5451.600739050148,-2046.9105904981031,1626.4936892115456,0.4444444444444444,0.0,0.25
0.16666666666666666,19.673545551618016,-0.026512968237666495,19.673563416653167,-0.04835992503593492,-0.4843773140668044,-0.145,0.4237804694263032,-6.602791991707879,57.76288542623209,-0.08326782525955875,-0.0013476448420353404,0.11277871599960845,0.030809434605436278,-5456.092796905078,-2350.5271134057343,1626.0126332242548,0.4444444444444444,0.0,0.25
0.18333333333333332,19.680555318286544,0.025508590447856513,19.68057184952519,-0.056721647656044205,-0.5117127268416106,-0.145,0.423241022295561,-6.839554179455245,58.090385992211374,-0.10072895740598907,0.0012961309145439702,0.1135855803294802,0.03530398771115437,-5467.783273139899,-2641.4304790726637,1625.5555524757394,0.4444444444444444,0.0,0.25
0.2,19.68706253428301,0.08206736170216977,19.687233586276832,-0.06550771351421616,-0.5360789053526345,-0.145,0.42188610073410965,-7.068773647497195,58.417892032779605,-0.12010932649492642,0.004168569394138519,0.11482406136570802,0.039827945122761214,-5485.386597519949,-2916.051994270104,1625.1291663125103,0.4444444444444444,0.0,0.25
0.21666666666666667,19.69297695466692,0.14239719081504196,19.69349177512699,-0.07467122231864387,-0.5577254284671576,-0.145,0.41987074225220195,-7.2875888504878725,58.74538186055526,-0.14147168993575707,0.00723073557938536,0.11643766079351946,0.04435806005486906,-5507.606650966401,-3172.168144774121,1624.7394604967715,0.4444444444444444,0.0,0.25
0.23333333333333334,19.698220422218704,0.20585051988433187,19.699295983330234,-0.08416949000847057,-0.5769059068527427,-0.145,0.41734970432122515,-7.494067693801839,59.072831990688755,-0.1648755245199959,0.010449828590249271,0.11837581269199571,0.048877862266467086,-5533.219845927474,-3408.666926179866,1624.391646005818,0.4444444444444444,0.0,0.25
0.25,19.702726524033594,0.2718839434521848,19.704602339544028,-0.09396401218613111,-0.5938684267930391,-0.145,0.4144679004935233,-7.687060224812985,59.40021733192782,-0.19037651277621434,0.013798429757235735,0.1205937897208136,0.053376190456406555,-5561.127195760223,-3625.300658091083,1624.09017088384,0.4444444444444444,0.0,0.25
0.26666666666666666,19.706439776145988,0.3400438534773862,19.709373365816493,-0.10402030033444508,-0.6088490128066828,-0.145,0.41135469798268076,-7.8660419506299935,59.72751138081216,-0.21802624033038528,0.017253756329381018,0.12305240192553887,0.05784593498506962,-5590.38091307143,-3822.4552317326265,1623.8387664559623,0.4444444444444444,0.0,0.25
0.2833333333333333,19.709314549733218,0.40995299389757395,19.71357759204379,-0.11430763579158122,-0.6220675842407982,-0.145,0.4081212282106144,-8.030966133737554,60.054686411144594,-0.2478720612793962,0.020796963168526268,0.12571756872757442,0.062283004640565645,-5620.192025207185,-4000.952085810045,1623.6405131832869,0.4444444444444444,0.0,0.25
0.3,19.711313892778826,0.4812983545636861,19.717189036111645,-0.12479877715074295,-0.6337258407428128,-0.145,0.40485984907430894,-8.182134823750872,60.38171365330641,-0.2799570915638748,0.02441251456479337,0.12855982678200675,0.06668550438148486,-5649.925099403157,-4161.888624138604,1623.4979153685372,0.4444444444444444,0.0,0.25
0.31666666666666665,19.712408350678988,0.5538205663700337,19.720186616856676,-0.13546964769770933,-0.6440065539163644,-0.145,0.40164501023224447,-8.320092183584146,60.70856346003832,-0.31432029565952435,0.028087634433303983,0.13155381912881026,0.07105309742467716,-5679.085126511695,-4306.516000115336,1623.412977326068,0.4444444444444444,0.0,0.25
0.3333333333333333,19.71257485004221,0.6273047914740597,19.722553549678167,-0.14629902161900973,-0.6530738251597171,-0.145,0.3985349327871223,-8.445539825125792,61.03520545692171,-0.35099663802099373,0.03181183445863463,0.1346777962654656,0.07538652051971531,-5707.300387286216,-4436.149630362559,1623.3872763287718,0.4444444444444444,0.0,0.25
0.35,19.711795681283036,0.701573007602107,19.72427675900043,-0.1572682213559785,-0.6610739634417182,-0.145,0.3955736755637838,-8.559271850663004,61.36160867698446,-0.3900172766523822,0.035576514845288225,0.13791314808001445,0.07968722206648719,-5734.303982105957,-4552.106486356041,1623.4220296449612,0.4444444444444444,0.0,0.25
0.36666666666666664,19.710057595844518,0.7764775396938108,19.725346329054837,-0.16836083363976137,-0.668136724727958,-0.145,0.39279329871893753,-8.662126494415528,61.687741679680656,-0.43140978145320924,0.039374629973314756,0.14124397693106097,0.08395709620032633,-5759.915761043608,-4655.663238435359,1623.5181543778995,0.4444444444444444,0.0,0.25
0.3833333333333333,19.70735102101029,0.8518956772314321,19.7257550048205,-0.1795624482326403,-0.6743767291805646,-0.145,0.3902159439507252,-8.7549511736986,62.01357265502896,-0.4751983644134291,0.043200410498664875,0.14465671611822511,0.08819829038149143,-5784.025674022051,-4748.030018916008,1623.6763197459643,0.4444444444444444,0.0,0.25
0.4,19.70366938743667,0.9277252186562928,19.725497748111195,-0.19086042096925532,-0.679894931073222,-0.145,0.3878557298164697,-8.838578041781531,62.33906951401096,-0.5214041122989737,0.04704913360981146,0.14813979400954966,0.09241306842343609,-5806.579051391153,-4830.335502729963,1623.896992014989,0.4444444444444444,0.0,0.25
0.4166666666666667,19.699008560220072,1.0038807967977637,19.724571349203078,-0.20224366108535655,-0.684780060590513,-0.145,0.38572041511851934,-8.913807566123339,62.664199966489576,-0.5700452152630169,0.050916933814462564,0.15168334165485703,0.09660371481630664,-5827.563985507585,-4903.619937483348,1624.1804726198102,0.4444444444444444,0.0,0.25
0.43333333333333335,19.693366362340477,1.080290855920413,19.72297409151948,-0.21370244182155126,-0.6891099886214115,-0.145,0.3838128185356231,-8.981398113256633,62.98893158795741,-0.6211371869553088,0.05480064750686898,0.15527894036744594,0.1007724694848919,-5847.000772548123,-4968.8335781711785,1624.5269301704952,0.4444444444444444,0.0,0.25
0.45,19.686742178831214,1.156895168689865,19.720705465249207,-0.2252282327174602,-0.6929529879112402,-0.145,0.38213200387898355,-9.04205994369323,63.313231876403464,-0.6746930733047118,0.0586976854940156,0.15891940514751685,0.10492148475942221,-5864.933254004278,-5026.838657289309,1624.9364270898573,0.4444444444444444,0.0,0.25
0.4666666666666667,19.679136630419922,1.233642798333226,19.717765924987916,-0.2368135517317428,-0.6963688789015564,-0.145,0.38067425185815906,-9.096452381911783,63.63706830052029,-0.7307236483302174,0.06260592854780851,0.16259859968623483,0.10905279840248647,-5881.421839473201,-5078.413549832968,1625.4089416148613,0.4444444444444444,0.0,0.25
0.48333333333333334,19.67055130626242,1.3104904266683146,19.714156686267145,-0.24845183523546985,-0.6994100582600441,-0.145,0.37943384436267846,-9.145183222712127,63.96040834038221,-0.7892375961886213,0.06652364185580745,0.16631127884196584,0.11316831812051888,-5896.537974233135,-5124.258193042844,1625.9443858441211,0.4444444444444444,0.0,0.25
0.5,19.660988546489225,1.3874009821644349,19.70987955596105,-0.2601373239589437,-0.70212241404623,-0.145,0.3784036884001407,-9.188809670633526,64.28321952162175,-0.8502416792706631,0.07044940494798292,0.17005295479158136,0.11726981418886034,-5910.359820820098,-5165.000116434186,1626.5426204455514,0.4444444444444444,0.0,0.25
0.5166666666666666,19.6504512664414,1.464342513741086,19.70493679188893,-0.27186496307582647,-0.7045461348470168,-0.145,0.3775758056436167,-9.227840292283988,64.6054694440249,-0.9137408925738171,0.07438205427977952,0.17381978344520557,0.12135891771973581,-5922.968942608946,-5201.200651658043,1627.2034665642027,0.4444444444444444,0.0,0.25
0.5333333333333333,19.638942815593918,1.5412872657319232,19.699330987362877,-0.2836303147499999,-0.7067164219013115,-0.145,0.37694171113634156,-9.262737601690814,64.92712580536146,-0.9797386048573303,0.0783206361589862,0.1776084681189599,0.12543712277277821,-5934.447802208638,-5233.361043994156,1627.9267153973553,0.4444444444444444,0.0,0.25
0.55,19.626466865199056,1.618210917533919,19.693064976899418,-0.2954294816281255,-0.7086641138192572,-0.145,0.37649270178501326,-9.293921004893651,65.24815642116782,-1.0482366872605913,0.08226436812583543,0.18141617785522776,0.12950579100400297,-5944.877913940629,-5261.928293853588,1628.7121358359288,0.4444444444444444,0.0,0.25
0.5666666666666667,19.613027319607255,1.6950919581434285,19.686141759781755,-0.30725903992065756,-0.7104162334067261,-0.145,0.3762200722719947,-9.321769909472547,65.56852924110964,-1.119235630167597,0.08621260724383287,0.1852404781461674,0.13356615791497245,-5954.338515236263,-5287.300630059909,1629.559480510093,0.4444444444444444,0.0,0.25
0.5833333333333334,19.59862824703162,1.7719111712651887,19.678564438601715,-0.3191159808678117,-0.7119964656128852,-0.145,0.3761152731730413,-9.346626863699429,65.88821236246791,-1.1927346491492548,0.09016482404427893,0.1890792721453743,0.13761934003259002,-5962.905645120108,-5309.832566294822,1630.4684905231568,0.4444444444444444,0.0,0.25
0.6,19.583273826219028,1.8486512111628899,19.67033617031517,-0.3309976595301464,-0.713425574915238,-0.145,0.37617002350288686,-9.368800633434695,66.20717404121908,-1.2687317808272651,0.09412058110056234,0.19293075074224703,0.14166634254666952,-5970.6515384570075,-5329.839524893566,1631.438899111344,0.4444444444444444,0.0,0.25
0.6166666666666667,19.566968306084263,1.92529625307333,19.6614601277068,-0.3429017499737845,-0.7147217696633525,-0.145,0.37637638767344184,-9.38856915659482,66.52538270111381,-1.3472239694899861,0.0980795153981262,0.196793350124654,0.1457080670759456,-5977.64426220659,-5347.602033217473,1632.4704344273714,0.4444444444444444,0.0,0.25
0.6333333333333333,19.549715975865084,2.001831704978179,19.651939469478588,-0.3548262060372231,-0.7159010200947893,-0.145,0.37672682494196885,-9.406182337943767,66.84280694110093,-1.428207145260527,0.1020413238202809,0.20066571567071356,0.14974531933752536,-5983.947534684443,-5363.36951075246,1633.5628216121336,0.4444444444444444,0.0,0.25
0.65,19.53152114377718,2.078243969942641,19.641777317453172,-0.36676922697041875,-0.716977335959202,-0.145,0.37721421782863196,-9.421864663358672,67.15941554139269,-1.5116762945765505,0.10600575119528559,0.2045466711935367,0.15377881657030035,-5989.620681041296,-5377.363672469576,1634.7157842905638,0.4444444444444444,0.0,0.25
0.6666666666666666,19.512388122500084,2.1545202501923737,19.63097673962178,-0.3787292273281517,-0.7179630089637129,-0.145,0.37783188466175877,-9.435817624288125,67.47517746842311,-1.5976255236943562,0.10997258045176052,0.20843519271755384,0.15780919461720389,-5994.7186881597145,-5389.7815776602,1635.9290456040787,0.4444444444444444,0.0,0.25
0.6833333333333333,19.49232122011864,2.230648385694257,19.619540737970596,-0.3907048105796292,-0.7188688245959517,-0.145,0.3785735803285979,-9.448221951135942,67.790061878913,-1.6860481158799243,0.11394162451198363,0.21233038609539007,0.16183701461005698,-5999.292330258528,-5400.798354697568,1637.2023288722978,0.4444444444444444,0.0,0.25
0.7,19.471324735388357,2.3066167213027473,19.607472240193022,-0.40269474596602317,-0.7197042472940176,-0.145,0.37943348843305924,-9.459239659719906,68.10403812322168,-1.776936582898983,0.11791271961961487,0.2162314678837139,0.16586276922827095,-6003.38834299526,-5410.569631860215,1638.5353579603363,0.4444444444444444,0.0,0.25
0.7166666666666667,19.449402956395637,2.382413997588426,19.594774094542572,-0.41469794819829503,-0.7204775824135529,-0.145,0.38040620735640407,-9.469015918484095,68.41707574813738,-1.87028271136829,0.12188571985283893,0.2201377489882482,0.16988688852191317,-6007.049629041744,-5419.2337030856515,1639.9278574143304,0.4444444444444444,0.0,0.25
0.7333333333333333,19.42656016185163,2.458029261325008,19.581449067205696,-0.42671345964034507,-0.721196117986912,-0.145,0.38148673215241913,-9.477680746312826,68.7291444992329,-1.9660776044822577,0.1258604926182287,0.22404862066498693,0.1739097453028597,-6010.315482217137,-5426.913455713684,1641.3795524165791,0.4444444444444444,0.0,0.25
0.75,19.40280062439734,2.533451792312771,19.567499841678462,-0.43874043466823187,-0.7218662488724664,-0.145,0.38267043375950704,-9.485350551994209,69.04021432289282,-2.0643117195833867,0.1298369149567487,0.22796354252901363,0.17793166011660408,-6013.221820499163,-5433.718085201272,1642.8901686023246,0.4444444444444444,0.0,0.25
0.7666666666666666,19.378128615412795,2.6086710437901366,19.55292901971951,-0.4507781259358531,-0.7224935855473306,-0.145,0.38395303665665925,-9.49212952689861,69.35025536809964,-2.1649749020021165,0.13381487052279953,0.231882032276213,0.18195290581298207,-6015.801420768516,-5439.744619622915,1644.459431772456,0.4444444444444444,0.0,0.25
0.7833333333333333,19.352548410918082,2.6836765941552962,19.537739123525654,-0.4628258723118673,-0.7230830494981698,-0.145,0.38533059581031703,-9.498110902482914,69.65923798805142,-2.2680564155518006,0.13779424712132407,0.23580365686833876,0.18597371173750102,-6018.08415011336,-5445.079274625974,1646.087067530015,0.4444444444444444,0.0,0.25
0.8,19.326064298232655,2.758458108105794,19.521932598838607,-0.47488308828247444,-0.723638956906518,-0.145,0.38679947353971267,-9.503378083959154,69.96713274167,-2.373544970027647,0.1417749347077605,0.23972802496980006,0.18999426756678406,-6020.097190045509,-5449.798657457581,1647.7728008630838,0.4444444444444444,0.0,0.25
0.8166666666666667,19.298680583124366,2.8330053056217057,19.505511818743493,-0.48694925464058086,-0.7241650921019356,-0.145,0.3883563167572346,-9.508005670987139,70.27391039504761,-2.4814287460245663,0.14575682377186228,0.243654780456368,0.19401472681232962,-6021.865251150207,-5453.97083675832,1649.5163556922816,0.4444444444444444,0.0,0.25
0.8333333333333334,19.270401597233153,2.9073079374801156,19.488479087963253,-0.4990239103043846,-0.7246647720636679,-0.145,0.3899980349077037,-9.512060375645369,70.57954192287059,-2.591695417357844,0.14973980403976678,0.24758359684279552,0.19803521001669847,-6023.410776582354,-5457.656293046423,1651.3174543974594,0.4444444444444444,0.0,0.25
0.85,19.241231705598533,2.9813557662052808,19.470836647489385,-0.5111066451279985,-0.7251409030850277,-0.145,0.39172177882826587,-9.515601847260328,70.88399850985058,-2.7043321713422523,0.15372376343971772,0.25151417249892544,0.20205580766562406,-6024.7541334938205,-5460.90876320117,1653.1758173352248,0.4444444444444444,0.0,0.25
0.8666666666666667,19.211175314156414,3.0551385515384863,19.452586679420026,-0.5231970935837722,-0.7255960305709096,-0.145,0.39352492067243516,-9.518683412970898,71.18725155218692,-2.8193257271595,0.15770858728595977,0.25544622654293053,0.20607658283858468,-6025.913791976944,-5463.775990793405,1655.0911623564773,0.4444444444444444,0.0,0.25
0.8833333333333333,19.18023687710067,3.1286460396607776,19.433731311901415,-0.5352949292108259,-0.7260323828144516,-0.145,0.395405034982514,-9.521352742200463,71.48927265907845,-2.93666235252056,0.1616941576428733,0.25937949531646326,0.21009757361920559,-6026.906491476628,-5466.300392797743,1657.0632043311034,0.4444444444444444,0.0,0.25
0.9,19.1484209040294,3.2018679555260094,19.414272624090103,-0.5473998597372735,-0.7264519094911844,-0.145,0.3973598809501313,-9.523652442522286,71.79003365429789,-3.056327878808306,0.16568035283768826,0.2633137293601688,0.21411879528557698,-6027.747394887714,-5468.519652045202,1659.091654685342,0.4444444444444444,0.0,0.25
0.9166666666666666,19.115731966815872,3.274793997765323,19.394212651070575,-0.559511622794922,-0.7268563155156907,-0.145,0.39938738587167544,-9.525620593746924,72.08950657783852,-3.1783077148667656,0.16966704709533212,0.2672486908196343,0.2181402422992377,-6028.450230739368,-5470.467243725836,1661.1762209559681,0.4444444444444444,0.0,0.25
0.9333333333333333,19.08217470616047,3.3474138357108543,19.373553388677536,-0.5716299821551313,-0.7272470908248287,-0.145,0.4014856297814249,-9.52729122644019,72.3876636876392,-3.3025868595860857,0.17365411027331468,0.27118415122173023,0.22216189011023887,-6029.027423992731,-5472.172903316866,1663.3166063643412,0.4444444444444444,0.0,0.25
0.95,19.047753837793273,3.4197171081591335,19.35229679818405,-0.583754724423171,-0.7276255365812344,-0.145,0.4036528312281291,-9.528694750501515,72.68447746139113,-3.429149913416771,0.17764140767818587,0.27511988956973354,0.2261836967943923,-6029.490216056747,-5473.663042481664,1665.512509412465,0.4444444444444444,0.0,0.25
0.9666666666666667,19.012474158307587,3.4916934235556107,19.33044481082666,-0.5958856561359922,-0.7279927882296288,-0.145,0.40588733414908074,-9.529858338896112,72.97992059842817,-3.5579810889327383,0.18162879994813938,0.2790556907128211,0.23020560453755054,-6029.8487746712235,-5474.961118747915,1667.7636235024797,0.4444444444444444,0.0,0.25
0.9833333333333333,18.97634055061332,3.5633323613330132,19.307999332146625,-0.6080226012149765,-0.728349835785165,-0.145,0.40818759578810404,-9.530806271140715,73.27396602169975,-3.689064220550202,0.18561614298888174,0.282991343951685,0.23422754098056556,-6030.112294324865,-5476.087964119611,1670.0696365804272,0.4444444444444444,0.0,0.25
1.0,18.939357989006023,3.634623474179404,19.284962246133183,-0.6201653987310518,-0.7286975416865782,-0.145,0.41055217559931023,-9.531560240690945,73.56658687982524,-3.8223827734980436,0.18960328795201953,0.2869266418473041,0.23824942043744599,-6030.289087875977,-5477.062077197854,1672.4302308046565,0.4444444444444444,0.0,0.25
1.0166666666666666,18.901531543852684,3.705556291048201,19.261335419159934,-0.6323139009446807,-0.7290366565063223,-0.145,0.4129797250762919,-9.532139629965668,73.85775654922618,-3.9579198521251993,0.19359008124701302,0.2908613792044381,0.24227114499817995,-6030.386670030138,-5477.899882871692,1674.8450822388809,0.4444444444444444,0.0,0.25
1.0333333333333332,18.86286638589965,3.7761203207531127,19.23712070370999,-0.6444679715877232,-0.7293678327744125,-0.145,0.41546897844589914,-9.532561756369054,74.14744863633334,-4.095658207621461,0.1975763645792484,0.29479535220531183,0.2462926055267024,-6030.411833306462,-5478.61596318475,1677.3138605695992,0.4444444444444444,0.0,0.25
1.05,18.823367790211208,3.8463050560168757,19.212319941888897,-0.656627484358124,-0.7296916371416515,-0.145,0.4180187441664933,-9.532842092331103,74.4356369798637,-4.235580245219911,0.20156197500805087,0.29872835767231004,0.2503136825635831,-6030.370717095228,-5479.223262579802,1679.83622884738,0.4444444444444444,0.0,0.25
1.0666666666666667,18.78304113974981,3.916099977864572,19.18693496872715,-0.6687923216018459,-0.7300085610807336,-0.145,0.4206278971722366,-9.532994462079785,74.7222956531629,-4.377668030941897,0.2055467450195236,0.30266019244139664,0.2543342471421661,-6030.268870376908,-5479.733270365441,1682.411843251343,0.4444444444444444,0.0,0.25
1.0833333333333333,18.741891928610528,3.9854945602707983,19.160967615276235,-0.680962373159532,-0.7303190302998785,-0.145,0.4232953718072352,-9.533031217580211,75.00739896660775,-4.521903297938842,0.2095305026099971,0.3065906528304644,0.25835416152612073,-6030.111308637787,-5480.156182931739,1685.0403528760462,0.4444444444444444,0.0,0.25
1.1,18.699925764923687,4.0544782749856,19.134419711503845,-0.6931375353580642,-0.7306234130227318,-0.145,0.42602015539601323,-9.532963395825817,75.29092147006358,-4.668267452479338,0.21351307137662562,0.3105195341889787,0.2623732798756513,-6029.902565481805,-5480.50104796019,1687.721399539905,0.4444444444444444,0.0,0.25
1.1166666666666667,18.657148373440226,4.123040596477258,19.107293088995174,-0.7053177101295548,-0.7309220272698927,-0.145,0.42880128239972715,-9.532800859440734,75.57283795539102,-4.816741579624673,0.21749427061230128,0.31444663051713484,0.2663914488489644,-6029.646739402682,-5480.775892623503,1690.4546176142155,0.4444444444444444,0.0,0.25
1.1333333333333333,18.61356559781486,4.1911710069411665,19.07958958346801,-0.7175028042423934,-0.7312151472612863,-0.145,0.4316378291105636,-9.532552422349715,75.85312345899659,-4.967306448631237,0.22147391540258907,0.31837173414436293,0.2704085081449895,-6029.347536145763,-5480.987837549111,1693.2396338718224,0.4444444444444444,0.0,0.25
1.15,18.569183402602135,4.25885900133341,19.051311037110104,-0.7296927286308087,-0.7315030090443932,-0.145,0.43452890883984585,-9.532225962089289,76.1317532644219,-5.119942518114019,0.2254518167228322,0.32229463545840176,0.27442429099281,-6029.00830705559,-5481.143198123441,1696.0760673544614,0.4444444444444444,0.0,0.25
1.1666666666666667,18.524007874980484,4.326094092395542,19.02245930074759,-0.7418873978110193,-0.7317858154408591,-0.145,0.43747366755840433,-9.531828520169967,76.40870290496586,-5.2746299410016455,0.2294277815339495,0.32621512267736963,0.27843862459275526,-6028.632083773364,-5481.2475745392,1698.9635292578012,0.4444444444444444,0.0,0.25
1.1833333333333333,18.47804522621898,4.392865815643694,18.993036235853523,-0.7540867293734789,-0.7320637403930027,-0.145,0.44047127995078394,-9.531366391752,76.68394816633504,-5.431348569310023,0.23340161287575972,0.33013298165830274,0.28245133051365373,-6028.221609618407,-5481.305931832624,1701.9016228332418,0.4444444444444444,0.0,0.25
1.2,18.431301792901294,4.459163734300723,18.963043716405583,-0.7662906435419722,-0.7323369327820525,-0.145,0.44352094584764856,-9.530845205765228,76.95746508931684,-5.590077958758629,0.23737310995692734,0.33404799573653204,0.2864622250503294,-6027.779367959515,-5481.322671019731,1704.8899433055271,0.4444444444444444,0.0,0.25
1.2166666666666666,18.383784037920638,4.524977444154695,18.932483630602043,-0.7784990627914273,-0.7326055197814124,-0.145,0.44662188700354744,-9.530269996484908,77.22922997247075,-5.750797373250809,0.24134206824083862,0.33795994559105347,0.2904711195450443,-6027.307607855785,-5481.301692317868,1707.9280778052776,0.4444444444444444,0.0,0.25
1.2333333333333334,18.335498551259118,4.590296578330938,18.9013578824449,-0.7907119115172851,-0.7328696098007254,-0.145,0.4497733441897469,-9.529645267469263,77.49921937483322,-5.913485789237026,0.24530827952689713,0.3418686091317184,0.29447782067624423,-6026.808367222042,-5481.246451329939,1711.0156053155763,0.4444444444444444,0.0,0.25
1.25,18.28645205056419,4.655110811968023,18.869668393198776,-0.8029291157501266,-0.7331292950698812,-0.145,0.45297457457427504,-9.528975048669292,77.76741011863142,-6.07812189997784,0.24927153202687274,0.34577376140466076,0.2984821307176526,-6026.283493751448,-5481.160008971624,1714.152096631781,0.4444444444444444,0.0,0.25
1.2666666666666666,18.236651381534344,4.719409866790747,18.837417102734133,-0.8151506029100127,-0.7333846539062654,-0.145,0.45622484936361607,-9.528262947435916,78.03377929200181,-6.244684119721509,0.25323161043605924,0.349675174512878,0.302483847770466,-6025.734663806981,-5481.045075835788,1717.3371143337695,0.4444444444444444,0.0,0.25
1.2833333333333332,18.18610351812545,4.783183515575309,18.804605970762754,-0.8273763015956656,-0.7336357527033883,-0.145,0.45952345168261255,-9.527512194073257,78.29830425170971,-6.413150587809349,0.2571882959990924,0.35357261754932423,0.30648276597114926,-6025.163399474327,-5480.904051611516,1720.570212769887,0.4444444444444444,0.0,0.25
1.3,18.134815562588624,4.846421586503672,18.771236977973384,-0.8396061414041978,-0.7338826476744944,-0.145,0.4628696746710945,-9.526725682518263,78.56096262586587,-6.5834991727205106,0.2611413665703591,0.35746585654024954,0.3104786756770868,-6024.571083951186,-5480.739060106994,1723.8509380518674,0.4444444444444444,0.0,0.25
1.3166666666666667,18.08279474534977,4.909113967405506,18.73731212707482,-0.8518400527776222,-0.734125386380737,-0.145,0.4662628197776115,-9.52590600666564,78.82173231663646,-6.755707476066408,0.2650905966689905,0.3613546543968462,0.31447136363213346,-6023.958975431841,-5480.551980364796,1727.1788280600906,0.4444444444444444,0.0,0.25
1.3333333333333333,18.030048424740325,4.971250609887275,18.702833443753534,-0.8640779668728286,-0.7343640090699712,-0.145,0.46970219523231505,-9.525055492802137,79.08059150294346,-6.9297528365438685,0.26903575752848097,0.3652387708735424,0.3184606131139104,-6023.328219631181,-5480.344474304051,1730.5534124585308,0.4444444444444444,0.0,0.25
1.35,17.97658408658825,5.032821533348892,18.667802977552505,-0.8763198154521086,-0.734598549849102,-0.145,0.47318711468261254,-9.524176228565095,79.337518643152,-7.105612333854976,0.27297661714101223,0.3691179625315293,0.32244620406451424,-6022.679861078902,-5480.118011275976,1733.9742127188254,0.4444444444444444,0.0,0.25
1.3666666666666667,17.922409343677554,5.093816828889133,18.63222280267748,-0.8885655307916744,-0.7348290377101704,-0.145,0.4767168959766428,-9.523270088796258,79.59249247774176,-7.28326279260059,0.2769129402965914,0.37299198270631245,0.3264279132061462,-6022.014853302383,-5479.873889876476,1737.4407421529083,0.4444444444444444,0.0,0.25
1.3833333333333333,17.86753193508423,5.15422666310144,18.596095018736612,-0.9008150456059172,-0.735055497427943,-0.145,0.4802908600809519,-9.522338758622368,79.84549203196003,-7.462680786153696,0.2808444886171306,0.3768605814782605,0.3304055141430186,-6021.3340680056,-5479.613257321418,1740.9525059537057,0.4444444444444444,0.0,0.25
1.4,17.811959725395962,5.214041281762229,18.5594217514191,-0.9130682929854308,-0.7352779503446314,-0.145,0.4839083301199496,-9.521383754059007,80.09649661845347,-7.643842640517955,0.2847710205856111,0.3807235056452759,0.3343787774507646,-6020.6383033412685,-5479.337126656384,1744.5090012434052,0.4444444444444444,0.0,0.25
1.4166666666666667,17.755700703822296,5.273251013414018,18.522205153117905,-0.9253252063470653,-0.7354964150554827,-0.145,0.48756863052585464,-9.52040644040249,80.34548583987626,-7.82672443817616,0.2886922915704843,0.38458049869684535,0.33834747075445537,-6019.928291364217,-5479.046392042525,1748.1097171288595,0.4444444444444444,0.0,0.25
1.4333333333333333,17.698762983201814,5.331846272845925,18.484447403501566,-0.9375857193944848,-0.7357109080073265,-0.145,0.4912710862888252,-9.5194080486466,80.59243959147273,-8.011302021932662,0.2926080538454644,0.3884313007888409,0.34231135879621816,-6019.204704745597,-5478.741842333387,1751.7541347637102,0.4444444444444444,0.0,0.25
1.45,17.641154798912115,5.3898175644741615,18.446150710039593,-0.9498497660878927,-0.7359214440207,-0.145,0.4950150222979386,-9.518389690135592,80.83733806363212,-8.19755099875333,0.29651805660487063,0.39227564871853793,0.3462702034933494,-6018.468162819944,-5478.424173133614,1755.4417274168386,0.4444444444444444,0.0,0.25
1.4666666666666666,17.582884507688185,5.447155485625194,18.407317308485716,-0.9621172806217486,-0.7361280367448841,-0.145,0.4987997627644982,-9.517352369642527,81.08016174441363,-8.385446743606114,0.300422045974675,0.3961132758993984,0.350223763987726,-6017.719237030219,-5478.093997509379,1759.1719605467815,0.4444444444444444,0.0,0.25
1.4833333333333334,17.52396058635436,5.503850729724252,18.367949463322987,-0.974388197409445,-0.7363306990540511,-0.145,0.5026246307199469,-9.516296997041648,81.32089142204012,-8.574964403304831,0.30431976501940566,0.39994391233523785,0.3541717966872363,-6016.95845582968,-5477.751855501303,1762.9442918817854,0.4444444444444444,0.0,0.25
1.5,17.464391630474676,5.559894089391796,18.328049468174395,-0.9866624510740412,-0.7365294433917244,-0.145,0.5064889475813437,-9.515224397725706,81.55950818735869,-8.76607890035846,0.3082109537450526,0.40376728459345446,0.3581140552998784,-6016.186309093789,-5477.398222574041,1766.7581715051617,0.4444444444444444,0.0,0.25
1.5166666666666666,17.40418635292614,5.615276459450495,18.287619646182478,-0.9989399764442551,-0.7367242820698728,-0.145,0.5103920327780553,-9.514135321902824,81.7959934362666,-8.958764936827846,0.31209534909811343,0.40758311577704553,0.3620502908611026,-6015.4032520902265,-5477.033517121585,1770.6130419456747,0.4444444444444444,0.0,0.25
1.5333333333333332,17.343353582399114,5.669988839845154,18.24666235036109,-1.0112207085550216,-0.7369152275281876,-0.145,0.5143332034338282,-9.51303045289328,82.03032887210146,-9.152996998191451,0.31597268496091113,0.4113911254951831,0.3659802517549193,-6014.609709050428,-5476.658107134177,1774.5083382726634,0.4444444444444444,0.0,0.25
1.55,17.28190226182886,5.724022338477939,18.205179963922355,-1.0235045826519995,-0.7371022925584122,-0.145,0.518311774099022,-9.511910414533586,82.26249650799392,-9.348749357221518,0.31984269214330424,0.4151910298321507,0.36990368372923277,-6013.806076381838,-5476.272316120856,1778.4434881956527,0.4444444444444444,0.0,0.25
1.5666666666666667,17.219841446761862,5.777368173961089,18.163174900581566,-1.0357915341994932,-0.737285490497993,-0.145,0.5223270565281903,-9.5107757777838,82.49247866918206,-9.545996077871745,0.3237050983709031,0.418982541314478,0.37382032990581465,-6012.992725556311,-5475.876428371131,1782.4179121682057,0.4444444444444444,0.0,0.25
1.5833333333333333,17.15718030366051,5.830017678289199,18.12064960484256,-1.0480814988913194,-0.7374648353967967,-0.145,0.5263783594987128,-9.509627066623716,82.72025799528635,-9.744711019177418,0.3275596282698947,0.42276536887612737,0.3777299307852823,-6012.170005706603,-5475.470693630009,1786.4310234957911,0.4444444444444444,0.0,0.25
1.6,17.09392810814942,5.881962299433008,18.07760655226604,-1.0603744126641974,-0.7376403421601777,-0.145,0.5304649886665094,-9.5084647633144,82.94581744254383,-9.944867839168703,0.33140600334857045,0.42653921782161575,0.3816322242474108,-6011.338245959784,-5475.055331252215,1790.4822284474449,0.4444444444444444,0.0,0.25
1.6166666666666667,17.030094243206467,5.933193603856497,18.034048249723014,-1.072670211713308,-0.7378120266712692,-0.145,0.5345862464553175,-9.507289313093358,83.16914028600121,-10.14643999879768,0.3352439419756407,0.43030378978696215,0.38552694554706407,-6010.497757533638,-5474.630533894103,1794.5709263710353,0.4444444444444444,0.0,0.25
1.6333333333333333,16.96568819730156,5.983703278958963,17.98997723563545,-1.0849688325096953,-0.7379799058950206,-0.145,0.538741431976228,-9.506101128364206,83.3902101216655,-10.34940076587955,0.3390731593554098,0.4340587826983703,0.3894138273060019,-6009.648835619485,-5474.1964707952175,1798.6965098119256,0.4444444444444444,0.0,0.25
1.65,16.900719562485914,6.033483135443595,17.9453960802061,-1.0972702118192321,-0.7381439979661863,-0.145,0.5429298409746073,-9.504900592435346,83.60901086861163,-10.553723219048258,0.34289336749987803,0.43780389072856607,0.3932925995007858,-6008.7917610726545,-5473.753290695583,1802.858364634861,0.4444444444444444,0.0,0.25
1.6666666666666667,16.835198032434466,6.082525109613994,17.90030738563922,-1.1095742867229057,-0.7383043222632005,-0.145,0.5471507658017085,-9.503688062856055,83.82552677104641,-10.759380251726812,0.346704275197826,0.4415388042507139,0.3971629894469809,-6007.926801929681,-5473.30112442964,1807.055870148904,0.4444444444444444,0.0,0.25
1.6833333333333333,16.769133400444044,6.130821265599886,17.854713786354008,-1.121880994638199,-0.7384608994696267,-0.145,0.5514034954085432,-9.502463874393412,84.03974240032818,-10.966344576112249,0.3505055879809292,0.44526320978984835,0.40102472177982446,-6007.054214769467,-5472.84008723319,1811.2883992352513,0.4444444444444444,0.0,0.25
1.7,16.70253555738964,6.178363797513243,17.808617949192115,-1.1341902733413833,-0.738613751624665,-0.145,0.5556873153598474,-9.501228341688712,84.25164265694141,-11.174588727175362,0.35429700808694126,0.4489767899717567,0.40487751843151043,-6006.174245933951,-5472.370280795522,1815.5553184777777,0.4444444444444444,0.0,0.25
1.7166666666666666,16.635414489641214,6.225145031535864,17.762022573620957,-1.1465020609905499,-0.7387629021640129,-0.145,0.5600015078661231,-9.499981761627824,84.4612127724259,-11.38408506667502,0.3580782344199771,0.4526792234692554,0.40872109860521727,-6005.287132622263,-5471.891795085383,1819.8559882961547,0.4444444444444444,0.0,0.25
1.7333333333333334,16.567780276943157,6.271157427939405,17.714930391933983,-1.158816296149231,-0.7389083759522094,-0.145,0.5643453518319594,-9.498724415456314,84.6684383112601,-11.594805787186985,0.36184896250791904,0.4563701849458044,0.4125551787459891,-6004.393103871025,-5471.404709976122,1824.1897630813933,0.4444444444444444,0.0,0.25
1.75,16.499643090258687,6.316393583038733,17.667344169449297,-1.1711329178104823,-0.7390501993074582,-0.145,0.5687181229189813,-9.4974565706668,84.87330517269807,-11.806722916146974,0.3656088844569612,0.4600493449964036,0.4163794725085619,-6003.49238143214,-5470.909096692549,1828.5559913336829,0.4444444444444444,0.0,0.25
1.7666666666666666,16.431013189581186,6.360846231079415,17.619266704707893,-1.1834518654213084,-0.7391884000197952,-0.145,0.573119093621945,-9.496178482683025,85.07579959255956,-12.019808319907717,0.3693576889033008,0.46371637008571787,0.42019369072221224,-6002.585180558338,-5470.405019099485,1832.954015802378,0.4444444444444444,0.0,0.25
1.7833333333333332,16.36190092171454,6.4045082460600735,17.57070082967252,-1.1957730789073286,-0.7393230073633595,-0.145,0.5775475333566025,-9.494890396362548,85.27590814497329,-12.234033707809726,0.3730950609619787,0.4673709224833773,0.42399754135269213,-6001.671710705727,-5469.892534849681,1837.3831736280076,0.4444444444444444,0.0,0.25
1.8,16.292316718024388,6.447372643490268,17.521649409928383,-1.2080964986975904,-0.7394540521034304,-0.145,0.5820027085581199,-9.493592547337514,85.4736177440726,-12.449370636265385,0.376820682172864,0.4710126601963972,0.4277907294613003,-6000.752176161646,-5469.371696406878,1841.8427964861876,0.4444444444444444,0.0,0.25
1.8166666666666667,16.22227109216227,6.489432582084506,17.472115344886653,-1.2204220657494538,-0.7395815664988123,-0.145,0.5864838827889152,-9.492285163210923,85.66891564564362,-12.66579051285602,0.3805342304437728,0.474641236898661,0.43157295716112853,-5999.826776605344,-5468.84255195788,1846.3322107332976,0.4444444444444444,0.0,0.25
1.8333333333333333,16.151774637764447,6.530681365392952,17.422101567991778,-1.2327497215734693,-0.7397055843000763,-0.145,0.590990316854894,-9.490968464623938,85.86178944872555,-12.883264600441501,0.38423537999070406,0.47825630185741097,0.43534392357051277,-5998.89570760822,-5468.305146226042,1850.8507375538184,0.4444444444444444,0.0,0.25
1.8499999999999999,16.080838026127232,6.57111244336932,17.37161104693352,-1.2450794082581889,-0.7398261407441008,-0.145,0.5955212689291631,-9.489642666208054,86.05222709716269,-13.10176402128197,0.38792380127517223,0.48185749985668724,0.4391033247637081,-5997.959161079712,-5467.759521197116,1855.3976931092027,0.4444444444444444,0.0,0.25
1.8666666666666667,16.00947200386064,6.610719413876441,17.32064678386464,-1.2574110684948503,-0.739943272545303,-0.145,0.6000759946823511,-9.488307977434475,86.2402168811085,-13.32125976117122,0.39159916093860786,0.4854444711176523,0.4428508537187973,-5997.017325664331,-5467.20571676716,1859.9723886881666,0.4444444444444444,0.0,0.25
1.8833333333333333,15.937687390521985,6.649496024129935,17.269211815625034,-1.2697446456018837,-0.7400570178839021,-0.145,0.6046537474187881,-9.486964603371737,86.42574743848104,-13.541722673581251,0.3952611217337975,0.489016851215742,0.4465862002628372,-5996.070387094736,-5466.64377132113,1864.5741308582963,0.4444444444444444,0.0,0.25
1.9,15.865495076231234,6.687436172080393,17.21730921397321,-1.2820800835491957,-0.7401674163915124,-0.145,0.60925377821781,-9.485612745361369,86.60880775637007,-13.763123483817518,0.3989093424533231,0.4925742709945745,0.4503090510142381,-5995.118528505338,-5466.073722249804,1869.2022216188548,0.4444444444444444,0.0,0.25
1.9166666666666667,15.7929060192697,6.724533907734495,17.164942085825867,-1.2944173269821866,-0.7402745091343319,-0.145,0.6138753360795688,-9.48425260162039,86.78938717239531,-13.985432793184353,0.40254347785496436,0.49611635647655217,0.45401908932236495,-5994.161930710386,-5465.495606411769,1873.8559585546786,0.4444444444444444,0.0,0.25
1.9333333333333333,15.719931243663726,6.760783434415379,17.112113573506353,-1.3067563212454651,-0.7403783385941546,-0.145,0.6185176680747331,-9.482884367778436,86.96747537601624,-14.208621083160073,0.406163178584016,0.49964272877008553,0.4577159952043436,-5993.200772450177,-5464.909460546537,1878.5346349910733,0.4444444444444444,0.0,0.25
1.95,15.646581836754953,6.7961791099627025,17.058826855002764,-1.319097012406226,-0.7404789486474123,-0.145,0.6231800194975659,-9.481508237356493,87.14306240979306,-14.43265871958121,0.4097680910924743,0.503153003973368,0.4613994452790509,-5992.2352306086095,-5464.315321644028,1883.2375401495858,0.4444444444444444,0.0,0.25
1.9666666666666666,15.572868946758755,6.830715447872691,17.005085144236407,-1.3314393472772592,-0.7405763845424234,-0.145,0.6278616340218512,-9.480124402193432,87.31613867059887,-14.657515956835379,0.4133578575550393,0.5066467930746273,0.46506911269826023,-5991.265480405005,-5463.713227275197,1887.9639593045692,0.4444444444444444,0.0,0.25
1.9833333333333334,15.498803780312386,6.864387118378568,16.950891691341408,-1.3437832734395618,-0.7406706928750086,-0.145,0.6325617538592487,-9.478733052825941,87.48669491078307,-14.883162942062222,0.4169321157818768,0.5101237018487744,0.4687246670749106,-5990.29169556282,-5463.103215887953,1892.7131739404283,0.4444444444444444,0.0,0.25
2.0,15.424397600014332,6.8971889494717225,16.896249782956062,-1.3561287392645307,-0.7407619215626141,-0.145,0.6372796199196387,-9.477334378826749,87.65472223928596,-15.109569719361893,0.42049049912808373,0.513583330750375,0.4723657744084642,-5989.314048457627,-5462.4853270720905,1897.4844619094556,0.4444444444444444,0.0,0.25
2.0166666666666666,15.349661721956378,6.929115927863951,16.841162742526738,-1.3684756939357052,-0.7408501198170643,-0.145,0.64201447197307,-9.475928569105562,87.82021212270458,-15.336706234010556,0.4240326363997917,0.5170252748028572,0.4759920970073116,-5988.332710246483,-5461.859601796495,1902.2770975901592,0.4444444444444444,0.0,0.25
2.033333333333333,15.274607513249867,6.960163199891187,16.785633930624986,-1.3808240874700464,-0.7409353381160593,-0.145,0.6467655488129944,-9.474515812176662,87.98315638630986,-15.564542336682356,0.42755815175684697,0.5204491234838756,0.47960329340818086,-5987.347850980601,-5461.226082621549,1907.0903520459851,0.4444444444444444,0.0,0.25
2.05,15.199246389547563,6.990326072359051,16.7296667452785,-1.3931738707387267,-0.7410176281735129,-0.145,0.6515320884204101,-9.47309629639668,88.14354721501499,-15.793047787677311,0.4310666646119963,0.5238544606067432,0.4831990182925043,-5986.359639703057,-5460.58481388932,1911.9234931843455,0.4444444444444444,0.0,0.25
2.0666666666666664,15.123589812562575,7.019600013330665,16.673264622316722,-1.4055249954874147,-0.7410970429088215,-0.145,0.6563133281286522,-9.471670210175592,88.30137715429522,-16.022192261154604,0.43455778952651103,0.5272408641978424,0.4867789223996921,-5985.3682445330805,-5459.9358418937945,1916.7757859158596,0.4444444444444444,0.0,0.25
2.0833333333333335,15.047649287585683,7.047980652857097,16.616431035731647,-1.417877414356038,-0.7411736364151447,-0.145,0.6611085047885581,-9.470237742163892,88.45663911105912,-16.251945349370715,0.4380311361021748,0.5306079063699273,0.49034265243726066,-5984.373832738332,-5459.27921503321,1921.6464923137185,0.4444444444444444,0.0,0.25
2.1,14.971436361002498,7.075463783650888,16.559169498054636,-1.4302310808980063,-0.7412474639267688,-0.145,0.6659168549337098,-9.468799081418236,88.60932635447125,-16.482276566921904,0.4414863088695594,0.5339551531912214,0.4938898509877584,-5983.376570796413,-5458.614983946262,1926.5348717730812,0.4444444444444444,0.0,0.25
2.1166666666666667,14.894962617811725,7.102045361703095,16.50148356074984,-1.442585949598883,-0.7413185817856207,-0.145,0.6707376149455841,-9.467354417547904,88.75943251672666,-16.713155354990455,0.44492290717251315,0.537282164550218,0.49742015641243353,-5982.376624446759,-5457.9432016338,1931.440181170424,0.4444444444444444,0.0,0.25
2.1333333333333333,14.818239679145917,7.127721506844313,16.44337681462495,-1.4549419758944895,-0.7413870474069914,-0.145,0.6755700212183138,-9.465903940844052,88.90695159377692,-16.94455108559423,0.44834052504877875,0.5405884940160862,0.5009332027515804,-5981.374158733922,-5457.263923567381,1936.3616750227463,0.4444444444444444,0.0,0.25
2.15,14.741279199795951,7.152488503250172,16.384852890260035,-1.467299116188431,-0.7414529192445256,-0.145,0.6804133103229439,-9.464447842393442,89.05187794600816,-17.17643306583894,0.4517387511066629,0.5438736886945832,0.5044286196215033,-5980.369338043168,-5456.577207786009,1941.2986056465647,0.4444444444444444,0.0,0.25
2.1666666666666665,14.664092865740539,7.176342799891799,16.325915458455047,-1.4796573278690313,-0.7415162567545287,-0.145,0.6852667191709054,-9.462986314178284,89.19420629887094,-17.408770542172647,0.4551171683976696,0.5471372890793748,0.507906032108034,-5979.362326129203,-5455.883114982076,1946.2502233165972,0.4444444444444444,0.0,0.25
2.183333333333333,14.586692391681973,7.199281010931789,16.266568230696844,-1.4920165693256662,-0.7415771203596367,-0.145,0.6901294851766178,-9.461519549163611,89.33393174346239,-17.641532704642024,0.4584753542850144,0.5503788288986593,0.5113650606565331,-5978.353286138798,-5455.181708577584,1951.2157764240706,0.4444444444444444,0.0,0.25
2.2,14.509089518589343,7.221299916066228,16.206814959646366,-1.5043767999644855,-0.7416355714118973,-0.145,0.6950008464189938,-9.460047741373392,89.47104973706043,-17.87468869114981,0.4618128803079311,0.5535978349569942,0.51480532095831,-5977.342380627951,-5454.473054791447,1956.1945116345685,0.4444444444444444,0.0,0.25
2.216666666666667,14.43129601125039,7.242396460813356,16.146659439646744,-1.5167379802235132,-0.7416916721553012,-0.145,0.6998800418017401,-9.45857108595649,89.6055561036106,-18.108207591713,0.4651293120416814,0.5567938269722188,0.5182264238333898,-5976.329771574208,-5453.757222698697,1961.1856740453413,0.4444444444444444,0.0,0.25
2.2333333333333334,14.353323655833174,7.262567756749448,16.08610550725305,-1.5291000715871186,-0.7417454856878044,-0.145,0.7047663112122722,-9.457089779243534,89.73744703416526,-18.342058452721247,0.4684242089531768,0.5599663174073667,0.521627975109554,-5975.315620384691,-5453.034284282271,1966.1885073420026,0.4444444444444444,0.0,0.25
2.25,14.275184257458644,7.281811081692576,16.025157041784517,-1.5414630365998483,-0.7417970759228796,-0.145,0.7096588956791798,-9.455604018795542,89.86671908727558,-18.576210281195053,0.4716971242521222,0.5631148112974628,0.5250095754975854,-5974.300087900306,-5452.304314477976,1971.2022539545508,0.4444444444444444,0.0,0.25
2.2666666666666666,14.196889637785235,7.30012387983486,15.963817965899917,-1.5538268388796148,-0.7418465075506308,-0.145,0.7145570375280395,-9.454114003445062,89.99336918933653,-18.810632049043186,0.4749476047375855,0.566238806071095,0.5283708204626383,-5973.283334396572,-5451.567391213205,1976.226155212627,0.4444444444444444,0.0,0.25
2.283333333333333,14.118451632606568,7.317503761823911,15.90209224619698,-1.5661914431302313,-0.7418938459985083,-0.145,0.7194599805355297,-9.452619933330611,90.11739463488479,-19.04529269731894,0.47817519063989916,0.5693377913666499,0.5317113000916601,-5972.265519581493,-5450.823595439875,1981.2594514999564,0.4444444444444444,0.0,0.25
2.3,14.039882089463232,7.333948504794143,15.839983893836594,-1.5785568151532872,-0.7419391573916555,-0.145,0.7243669700817206,-9.451122009924978,90.23879308684992,-19.28016114047469,0.48137941545779955,0.5724112488431063,0.5350305989567875,-5971.246802590796,-5450.073011162003,1986.3013824078962,0.4444444444444444,0.0,0.25
2.3166666666666664,13.961192865269723,7.3494560523486925,15.777496965192643,-1.5909229218593615,-0.7419825085129205,-0.145,0.7292772533004328,-9.449620436058003,90.35756257675916,-19.515206270614375,0.484559805790704,0.5754586519852735,0.5383282959746377,-5970.227341980877,-5449.315725458343,1991.3511868880312,0.4444444444444444,0.0,0.25
2.3333333333333335,13.882395823957447,7.36402451449267,15.714635562528333,-1.6032897312785648,-0.7420239667625632,-0.145,0.7341900792275888,-9.448115415934282,90.47370150489563,-19.750396961743384,0.4877158811660319,0.5784794659033635,0.541603964261415,-5969.207295719748,-5448.551828500387,1996.4081034037483,0.4444444444444444,0.0,0.25
2.35,13.803502834134779,7.3776521675185265,15.651403834699867,-1.615657212570407,-0.7420636001176899,-0.145,0.7391046989474788,-9.446607155146308,90.58720864041047,-19.985702074015446,0.4908471538614673,0.5814731471267891,0.5448571709837536,-5968.18682117622,-5447.781413566065,2001.4713700807367,0.4444444444444444,0.0,0.25
2.3666666666666667,13.724525766765034,7.390337453844307,15.587805977888333,-1.6280253360329866,-0.7421014770914424,-0.145,0.7440203657368452,-9.44509586068339,90.69808312138896,-20.2210904579761,0.4939531287220685,0.5844391433920746,0.5480874772052159,-5967.1660751076,-5447.004577049404,2006.5402248563485,0.4444444444444444,0.0,0.25
2.3833333333333333,13.645476492863262,7.402078981805615,15.523846236360766,-1.6403940731114979,-0.7421376666919746,-0.145,0.7489363352067429,-9.443581740936752,90.80632445487089,-20.45653095880226,0.49703330297212117,0.5873768934247713,0.5512944377283614,-5966.145213646061,-5446.221418466406,2011.6139056277646,0.4444444444444444,0.0,0.25
2.4,13.566366881212685,7.4128755254021,15.459528903261246,-1.652763396406052,-0.7421722383812416,-0.145,0.7538518654420718,-9.442065005701108,90.91193251682532,-20.691992420537552,0.500087166021639,0.5902858267152666,0.5544776009323075,-5965.124392283935,-5445.43204045733,2016.6916503989153,0.4444444444444444,0.0,0.25
2.4166666666666665,13.487208796101577,7.422726023999331,15.394858321433057,-1.6651332796788094,-0.7422052620336321,-0.145,0.758766217138775,-9.440545866172988,91.01490755208005,-20.92744369032291,0.5031141992674109,0.5931653632883813,0.5576365086056968,-5964.103765858033,-5444.636548785626,2021.7726974261006,0.4444444444444444,0.0,0.25
2.433333333333333,13.408014095081368,7.431629581986913,15.329838884272842,-1.6775036978604219,-0.7422368078944702,-0.145,0.7636786537385882,-9.439024534946103,91.11525017420577,-21.162853622622134,0.5061138758884949,0.5960149134666449,0.5607706957749892,-5963.083488533217,-5443.835052333665,2026.8562853622566,0.4444444444444444,0.0,0.25
2.45,13.328794626746697,7.439585468393733,15.264475036617762,-1.6898746270557807,-0.7422669465384149,-0.145,0.7685884415613398,-9.437501226003958,91.21296136535543,-21.398191083441915,0.5090856606360625,0.5988338776271486,0.5638796905279936,-5962.063713785302,-5443.027663095434,2031.9416533998315,0.4444444444444444,0.0,0.25
2.466666666666667,13.24956222853812,7.446593116461242,15.198771275666726,-1.702246044549073,-0.7422957488277839,-0.145,0.7734948499347363,-9.435976154709897,91.3080424760588,-21.633424954546015,0.5120290096174931,0.6016216459518687,0.5669630138325575,-5961.044594383461,-5442.214496166339,2037.0280414122103,0.4444444444444444,0.0,0.25
2.4833333333333334,13.170328724568112,7.452652123175676,15.132732151936702,-1.7146179288081407,-0.7423232858708294,-0.145,0.7783971513215784,-9.43444953779478,91.4004952249725,-21.868524137663197,0.5149433700746225,0.604377598171365,0.5700201793503302,-5960.026282372204,-5441.395669730255,2042.1146900936587,0.4444444444444444,0.0,0.25
2.5,13.09110592347103,7.457762248760165,15.066362270255238,-1.7269902594881439,-0.7423496289799895,-0.145,0.7832946214443961,-9.432921593342499,91.49032169858567,-22.103457558688508,0.5178281801560516,0.6071011033017546,0.5730506932455168,-5959.008929053066,-5440.571305043944,2047.200841097739,0.4444444444444444,0.0,0.25
2.5166666666666666,13.011905616277595,7.461923416127652,14.999666290790291,-1.73936301743453,-0.7423748496301448,-0.145,0.7881865394074676,-9.431392540773366,91.5775243508817,-22.338194171877603,0.5206828686834176,0.6097915193748693,0.5760540539885414,-5957.992684966083,-5439.741526418936,2052.2857371741607,0.4444444444444444,0.0,0.25
2.533333333333333,12.93273957431445,7.4651357102955975,14.932648930118516,-1.751736184685307,-0.7423990194169037,-0.145,0.7930721878161684,-9.429862600825606,91.6621060029559,-22.57270296403373,0.5235068549115404,0.6124481931615094,0.5790297521545352,-5956.97769987112,-5438.906461200988,2057.368622304027,0.4444444444444444,0.0,0.25
2.55,12.85361954712934,7.467399377763427,14.865314962333192,-1.7641097444726201,-0.7424222100149426,-0.145,0.7979508528936563,-9.428331995535048,91.74406984258954,-22.806952958686985,0.5262995482823506,0.6150704598877084,0.5819772702165721,-5955.964122729158,-5438.066239747211,2062.448741833451,0.4444444444444444,0.0,0.25
2.5666666666666664,12.774557260442347,7.468714825853696,14.797669220192992,-1.776483681223637,-0.7424444931364257,-0.145,0.8028218245948411,-9.42680094821307,91.8234194237806,-23.040913220265576,0.5290603481725171,0.617657642943932,0.5848960823335707,-5954.952101683577,-5437.220995400941,2067.5253426054983,0.4444444444444444,0.0,0.25
2.5833333333333335,12.695564414123675,7.469082622017966,14.72971659631285,-1.788857980560741,-0.7424659404895304,-0.145,0.8076843967176641,-9.425269683422968,91.9001586662311,-23.274552858258712,0.5317886436346868,0.620209053587142,0.5877856541327842,-5953.941784041511,-5436.370864464451,2072.597673090438,0.4444444444444444,0.0,0.25
2.6,12.61665268019837,7.468503493108378,14.66146204439819,-1.801232629301033,-0.7424866237371017,-0.145,0.812537867011617,-9.423738426954746,91.97429185479143,-23.507841031370766,0.5344838131322597,0.6227239906356573,0.5906454424868025,-5952.933316255315,-5435.515986169545,2077.664983514273,0.4444444444444444,0.0,0.25
2.6166666666666667,12.537833700878341,7.4669783246159245,14.592910580523842,-1.8136076154551468,-0.7425066144554607,-0.145,0.8173815372835387,-9.42220740579849,92.04582363886196,-23.740746951666452,0.537145224267625,0.6252017401567616,0.5934748952849949,-5951.9268439042025,-5434.656502646147,2082.726525985514,0.4444444444444444,0.0,0.25
2.6333333333333333,12.459119086622033,7.464508159876421,14.524067284458962,-1.8259829282253799,-0.7425259840933914,-0.145,0.822214713500653,-9.420676848116328,92.11475903175196,-23.97323988870667,0.5397722335037872,0.6276415751470057,0.5962734511993171,-5950.922511676084,-5433.7925588889075,2087.7815546201923,0.4444444444444444,0.0,0.25
2.65,12.380520414222058,7.461094199245192,14.45493730103937,-1.8383585580031416,-0.742544803931329,-0.145,0.8270367058908521,-9.419146983213064,92.18110340999624,-24.205289173674682,0.5423641858793189,0.6300427552051745,0.5990405394444189,-5949.920463349657,-5432.924302721914,2092.8293256650813,0.4444444444444444,0.0,0.25
2.6666666666666665,12.302049224921022,7.456737799241476,14.38552584158871,-1.8507344963657253,-0.7425631450407736,-0.145,0.8318468290402246,-9.417618041505555,92.24486251262947,-24.43686420349241,0.5449204147165836,0.6324045261978903,0.6017755795319865,-5948.92084177677,-5432.051884761545,2097.869097619107,0.4444444444444444,0.0,0.25
2.683333333333333,12.223717022555816,7.451440471663554,14.315838185389858,-1.8631107360724053,-0.7425810782439523,-0.145,0.8366444019878188,-9.41609025449084,92.30604244041862,-24.66793444492641,0.5474402413231767,0.6347261199178408,0.604477981019255,-5947.923788865082,-5431.17545837755,2102.9001313529375,0.4444444444444444,0.0,0.25
2.7,12.145535271730525,7.445203882675637,14.24587968120813,-1.8754872710598638,-0.7425986740737528,-0.145,0.8414287483176661,-9.414563854713089,92.36464965505363,-24.89846943868341,0.5499229746865463,0.637006753734637,0.60714714325164,-5946.929445561078,-5430.295179652358,2107.921690226741,0.4444444444444444,0.0,0.25
2.716666666666667,12.067515396018162,7.438029851867489,14.175655748867749,-1.8878640964369549,-0.7426160027339513,-0.145,0.8461991962480466,-9.413039075729442,92.42069097829645,-25.128438803494976,0.5523679111617559,0.6392456302383163,0.6097824550994311,-5945.937951833407,-5429.41120733872,2112.9330402060914,0.4444444444444444,0.0,0.25
2.7333333333333334,11.989668776191305,7.429920351287826,14.105171880883185,-1.9002412084788076,-0.7426331340597553,-0.145,0.8509550787180258,-9.411516152074736,92.4741735910888,-25.357812240191144,0.5547743341523722,0.6414419368755272,0.6123832946885055,-5944.949446656626,-5428.523702815695,2117.933449976022,0.4444444444444444,0.0,0.25
2.75,11.91200674848177,7.4208775044524735,14.034433644146956,-1.9126186046202749,-0.7426501374786857,-0.145,0.8556957334712498,-9.409995319225125,92.5251050326187,-25.586559535762653,0.5571415137844616,0.6435948455784508,0.6149490291250193,-5943.964067995306,-5427.6328300430405,2122.922191053218,0.4444444444444444,0.0,0.25
2.7666666666666666,11.834540602869344,7.410903585328294,13.963446681675512,-1.9249962834487346,-0.7426670819718183,-0.145,0.8604205031370462,-9.408476813560728,92.57349319934605,-25.81465056741159,0.5594687065737007,0.6457035123865316,0.6174790142140437,-5942.981952788565,-5426.738755514038,2127.8985378963384,0.4444444444444444,0.0,0.25
2.783333333333333,11.757281581399644,7.400001017293868,13.892216714414932,-1.937374244696249,-0.7426840360354053,-0.145,0.8651287353088168,-9.406960872327215,92.61934634398742,-26.042055306590125,0.561755155085611,0.6477670770611179,0.6199725941721227,-5942.003236935,-5425.84164820682,2132.861768014478,0.4444444444444444,0.0,0.25
2.8,11.680240876531059,7.388172372077939,13.820749543108102,-1.9497524892310873,-0.7427010676428997,-0.145,0.8698197826197553,-9.405447733596445,92.6626730744602,-26.268743823027126,0.5640000875889537,0.6497846626931347,0.6224291013337331,-5941.028055278062,-5424.941679534217,2137.8111620737536,0.4444444444444444,0.0,0.25
2.8166666666666664,11.603429629510757,7.375420368676569,13.749051050225152,-1.962131019048622,-0.7427182442074,-0.145,0.8744930028159033,-9.403937636226113,92.70348235278644,-26.49468628874237,0.5662027177023254,0.6517553753039382,0.6248478558516423,-5940.0565415918545,-5424.039023292184,2142.7460040020237,0.4444444444444444,0.0,0.25
2.8333333333333335,11.526858928779681,7.3617478722500005,13.677127201958942,-1.9745098372616017,-0.7427356325445391,-0.145,0.8791477588265781,-9.402430819818505,92.74178349395635,-26.71985298204811,0.5683622440340245,0.6536783034395335,0.6272281653911669,-5939.088828567384,-5423.133855606819,2147.665581091754,0.4444444444444444,0.0,0.25
2.85,11.450539808406452,7.347157893000177,13.604984050287442,-1.98688894808981,-0.7427532988358342,-0.145,0.8837834188321922,-9.40092752467829,92.77758616475181,-26.944214291537797,0.5704778498152696,0.6555525177583674,0.629569324818344,-5938.12504779925,-5422.226354880049,2152.5691841010175,0.4444444444444444,0.0,0.25
2.8666666666666667,11.374483246550016,7.331653585029869,13.532627735104825,-1.999268356849121,-0.742771308592518,-0.145,0.888399356329475,-9.399427991769441,92.81090038253002,-27.167740720061634,0.5725487025268801,0.6573770706129481,0.6318706158820486,-5937.165329772794,-5421.31670173399,2157.456107352649,0.4444444444444444,0.0,0.25
2.8833333333333333,11.298700163950917,7.315238245184344,13.460064486423242,-2.0116480699399553,-0.7427897266198703,-0.145,0.8929949501941508,-9.397932462671298,92.84173651396733,-27.390402888688783,0.5745739535195481,0.6591509956255751,0.6341313068900939,-5936.209803851696,-5420.4050789540415,2162.3256488315587,0.4444444444444444,0.0,0.25
2.9,11.223201422450986,7.297915311876506,13.387300626647157,-2.024028094835146,-0.7428086169820685,-0.145,0.897569584741098,-9.396441179533712,92.87010527376367,-27.612171540656032,0.5765527376278604,0.6608733072585132,0.6363506523793745,-5935.258598266028,-5419.491671430722,2167.177110280224,0.4444444444444444,0.0,0.25
2.9166666666666665,11.147997823541237,7.279688363896415,13.314342572922218,-2.0364084400672287,-0.7428280429675748,-0.145,0.9021226497819965,-9.39495438503141,92.89601772330747,-27.833017545302578,0.5784841727782563,0.6625430003789852,0.6385278927801262,-5934.3118401007605,-5418.576666100333,2172.0097972923563,0.4444444444444444,0.0,0.25
2.933333333333333,11.073100106937746,7.260561119206079,13.241196839560681,-2.048789115215154,-0.7428480670550794,-0.145,0.9066535406805354,-9.393472322317491,92.91948526930142,-28.052911901990832,0.5803673595911382,0.6641590498194089,0.6406622540743934,-5933.369655284737,-5417.6602518844165,2176.8230194047796,0.4444444444444444,0.0,0.25
2.95,10.99851894918521,7.240537433720393,13.167870040545374,-2.061170130890444,-0.742868750880014,-0.145,0.9111616584051836,-9.39199523497612,92.94051966234917,-28.271825744012922,0.5822013809773882,0.6657204099333591,0.642752947448819,-5932.432168580076,-5416.742619628121,2181.6160901875155,0.4444444444444444,0.0,0.25
2.966666666666667,10.92426496228795,7.2196213000751,13.094368892114282,-2.073551498722794,-0.7428901552016554,-0.145,0.9156464095795824,-9.390523366974424,92.95913299550307,-28.489730342482737,0.5839853017295774,0.6672260141477944,0.644799168941888,-5931.499503572045,-5415.823962037435,2186.388327332113,0.4444444444444444,0.0,0.25
2.9833333333333334,10.850348692368012,7.1978168463826115,13.0207002154278,-2.085933231345132,-0.742912339870835,-0.145,0.9201072065305826,-9.389056962613616,92.97533770277305,-28.706597110213252,0.5857181681081975,0.668674774512148,0.6468000990857881,-5930.571782659368,-5414.904473615383,2191.139052738224,0.4444444444444444,0.0,0.25
3.0,10.776780618350012,7.175128334976512,12.946870939320716,-2.0983153423781484,-0.7429353637982693,-0.145,0.9245434673339723,-9.387596266479312,92.98914655759702,-28.922397605578972,0.5873990074232892,0.6700655812449595,0.6487549025430652,-5929.649127044984,-5413.984350597181,2195.8675925984635,0.4444444444444444,0.0,0.25
3.0166666666666666,10.703571150672412,7.151560161145557,12.872888103141074,-2.1106978464143014,-0.742959284923528,-0.145,0.9289546158579478,-9.386141523391135,93.00057267127266,-29.137103536363206,0.5890268276118829,0.6713973022787886,0.6506627277382927,-5928.73165672723,-5413.063790884397,2200.5732774815606,0.4444444444444444,0.0,0.25
3.033333333333333,10.630730630024821,7.12711685185796,12.798758859677983,-2.1230807590013168,-0.7429841601846547,-0.145,0.9333400818043378,-9.38469297835155,93.00962949135081,-29.350686763590062,0.5906006168117283,0.6726687828042378,0.6525227064849929,-5927.819490491474,-5412.142993978159,2205.2554424138416,0.4444444444444444,0.0,0.25
3.05,10.558269326110917,7.101803064476726,12.72449047818048,-2.135464096625184,-0.7430100454884552,-0.145,0.9376993007476608,-9.383250876493962,93.01633079999064,-29.563119305340837,0.5921193429318362,0.6738788448140004,0.6543339536080914,-5926.9127459021565,-5411.222160911421,2209.91342695905,0.4444444444444444,0.0,0.25
3.0666666666666664,10.486197436436578,7.075623585466782,12.650090347469574,-2.1478478766926643,-0.7430369956814674,-0.145,0.9420317141720354,-9.381815463030124,93.02069071227669,-29.774373340554668,0.5935819532204213,0.6750262866479357,0.6560955665622131,-5926.011539295258,-5410.301494180352,2214.546575296551,0.4444444444444444,0.0,0.25
3.0833333333333335,10.41452508512279,7.048583329094637,12.575565979145539,-2.1602321175133254,-0.743065064521627,-0.145,0.9463367695059937,-9.3803869831968,93.02272367449788,-29.984421212813242,0.5949873738308966,0.6761098825402827,0.657806625046176,-5925.115985771179,-5409.3811976748475,2219.154236297934,0.4444444444444444,0.0,0.25
3.1,10.343262321742882,7.0206873361212585,12.50092501089257,-2.172616838281109,-0.7430943046506426,-0.145,0.9506139201552593,-9.378965682201777,93.02244446238859,-30.19323543410932,0.5963345093866437,0.6771283821702244,0.6594661906140729,-5924.226199188025,-5408.461476608215,2223.735763602049,0.4444444444444444,0.0,0.25
3.1166666666666667,10.272419120183594,6.991940772488872,12.426175209882796,-2.1850020590554444,-0.7431247675670926,-0.145,0.9548626255335018,-9.377551805169187,93.01986817933188,-30.40078868859883,0.5976222425453557,0.6780805102171401,0.6610733062833838,-5923.342292155286,-5407.542537446071,2228.2905156884967,0.4444444444444444,0.0,0.25
3.1333333333333333,10.202005377529519,6.962348928002307,12.351324476281727,-2.197387800741926,-0.743156503600258,-0.145,0.9590823510911592,-9.376145597084118,93.01501025452515,-30.60705383633648,0.5988494335638322,0.6789649659219977,0.6626269961406087,-5922.464376027896,-5406.624587834455,2232.8178559496246,0.4444444444444444,0.0,0.25
3.15,10.132030912970405,6.931917215005561,12.27638084685704,-2.209774085072555,-0.7431895618847012,-0.145,0.9632725683423429,-9.374747302736651,93.00788644110801,-30.81200391699445,0.6000149198641948,0.6797804226564845,0.6641262649449606,-5921.592560900695,-5405.707836527225,2237.317152761034,0.4444444444444444,0.0,0.25
3.1666666666666665,10.062505466730816,6.900651167054159,12.201352498692653,-2.222160934585573,-0.7432239903356052,-0.145,0.9674327548898809,-9.373357166665196,92.9985128142528,-31.015612153564177,0.6011175156025839,0.6805255275016087,0.6655700977307231,-5920.726955603234,-5404.79249331274,2241.7877795506506,0.4444444444444444,0.0,0.25
3.183333333333333,9.993438699021619,6.868556437583917,12.12624775300993,-2.234548372604887,-0.7432598356248812,-0.145,0.9715623944485703,-9.371975433099218,92.9869057692175,-31.217851956040874,0.6021560112415022,0.6811989008376657,0.6669574594089326,-5919.867667694953,-5403.878768939877,2246.229114866384,0.4444444444444444,0.0,0.25
3.2,9.924840189012762,6.835638798576662,12.051075079097693,-2.2469364232191085,-0.7432971431580588,-0.145,0.9756609768666626,-9.370602345901363,92.97308201936141,-31.41869692509064,0.6031291731270773,0.6817991359476259,0.668287294369115,-5919.014803460712,-5402.966875043406,2250.6405424424092,0.4444444444444444,0.0,0.25
3.216666666666667,9.856719433826814,6.801904139223444,11.975843098352792,-2.259325111260211,-0.7433359570519672,-0.145,0.9797279981456315,-9.369238148508977,92.9570585941235,-31.61812085569992,0.6040357430726333,0.6823247986361778,0.6695585260818796,-5918.168467906664,-5402.057024068748,2255.0214512641123,0.4444444444444444,0.0,0.25
3.2333333333333334,9.78908584755269,6.767358464585755,11.900560588432665,-2.271714462281829,-0.743376320113217,-0.145,0.9837629604583107,-9.367883083875018,92.93885283696348,-31.816097740807134,0.6048744379500883,0.6827744268668492,0.6707700567032466,-5917.328764756442,-5401.149429196171,2259.3712356317237,0.4444444444444444,0.0,0.25
3.25,9.721948760279014,6.732007894255244,11.825236487521321,-2.284104502537203,-0.7434182738174945,-0.145,0.9877653721653985,-9.366537394408443,92.91848240326587,-32.012601774916234,0.605643949290829,0.683146530419833,0.6719207666816722,-5916.4957964476935,-5400.24430426441,2263.689295222689,0.4444444444444444,0.0,0.25
3.2666666666666666,9.655317417146568,6.695858661012376,11.749879898709958,-2.2964952589567886,-0.7434618582896754,-0.145,0.9917347478304328,-9.365201321913998,92.8959652582069,-32.20760735769194,0.6063429428978561,0.6834395905733549,0.6730095143688198,-5915.6696641288945,-5399.341863693802,2267.9750351527982,0.4444444444444444,0.0,0.25
3.283333333333333,9.589200977419226,6.658917109484489,11.67450009449326,-2.308886759125545,-0.7435071122847663,-0.145,0.9956706082332483,-9.363875107531477,92.87131967458427,-32.40108909753657,0.606970058471151,0.6836520598116537,0.6740351356352262,-5914.850467656486,-5398.442322408904,2272.227866036128,0.4444444444444444,0.0,0.25
3.3,9.52360851357281,6.621189694803644,11.599106521382174,-2.3212790312599108,-0.7435540731696848,-0.145,0.9995724803819934,-9.362558991674451,92.84456423061023,-32.593021815148006,0.6075239092483783,0.6837823615628844,0.6749964434921095,-5914.038305592277,-5397.545895760666,2276.4472040438145,0.4444444444444444,0.0,0.25
3.3166666666666664,9.458549010401285,6.58268298126466,11.523708804633799,-2.33367210418449,-0.7436027769058828,-0.145,1.0034398975237386,-9.36125321396851,92.81571780766741,-32.78338054705879,0.6080030816632117,0.6838288899705148,0.6758922277206791,-5913.233275201135,-5396.65279944818,2280.63247096171,0.4444444444444444,0.0,0.25
3.3333333333333335,9.394031364139728,6.543403640983682,11.44831675309866,-2.3460660073084516,-0.7436532580328221,-0.145,1.007272399153753,-9.359958013188951,92.78479958802798,-32.97214054915605,0.608406135023762,0.6837900097020573,0.6767212545104223,-5912.435472448935,-5395.7632494400095,2284.7830942469527,0.4444444444444444,0.0,0.25
3.35,9.330064381603457,6.50335845255763,11.372940364185432,-2.358460770601668,-0.7437055496523091,-0.145,1.0110695310234745,-9.35867362719804,92.75182905253587,-33.15927730018199,0.6087316012137827,0.6836640557992671,0.6774822661079677,-5911.6449920007535,-5394.8774618951775,2288.898507083486,0.4444444444444444,0.0,0.25
3.3666666666666667,9.266656779342753,6.462554299724827,11.297589828942758,-2.3708564245705945,-0.7437596834136941,-0.145,1.014830845147245,-9.357400292881772,92.71682597825217,-33.34476650521465,0.6089779844195419,0.6834493335742495,0.6781739804782638,-5910.861927219304,-5393.99565308379,2292.9781484365726,0.4444444444444444,0.0,0.25
3.3833333333333333,9.203817182812601,6.42099817002708,11.222275537257477,-2.3832530002339216,-0.7438156894999416,-0.145,1.0185558998078426,-9.356138246086179,92.67981043606386,-33.52858409912892,0.609143760885473,0.6831441185562301,0.6787950909799464,-5910.086370163591,-5393.118039307362,2297.021463106331,0.4444444444444444,0.0,0.25
3.4,9.141554125556853,6.3786971534734835,11.147008083168158,-2.395650529097992,-0.7438735966145772,-0.145,1.0222442595608952,-9.354887721553215,92.64080278825564,-33.710706250037276,0.6092273787019544,0.6827466564940883,0.6793442660569248,-5909.318411587778,-5392.244836818861,2301.0279017803373,0.4444444444444444,0.0,0.25
3.4166666666666665,9.07987604840624,6.335658441206171,11.071798270292334,-2.40804904313202,-0.7439334319695158,-0.145,1.0258954952381911,-9.353648952856217,92.59982368604521,-33.89110936271023,0.6092272576288272,0.6822551634201142,0.6798201489483813,-5908.5581409402475,-5391.376261742489,2304.9969210853337,0.4444444444444444,0.0,0.25
3.433333333333333,9.018791298689655,6.2918893241682134,10.996657117365357,-2.4204485747431095,-0.7439952212737749,-0.145,1.0295091839499508,-9.352422172334926,92.55689406708164,-34.069770081976074,0.6091417889585156,0.6816678257808094,0.6802213574195415,-5907.805646362831,-5390.512529993255,2308.9279836380674,0.4444444444444444,0.0,0.25
3.4499999999999997,8.958308129458157,6.247397191773859,10.921595863888207,-2.4328491567510993,-0.7440589887230795,-0.145,1.033084909086131,-9.351207611030159,92.51203515290729,-34.24666529609969,0.608969335422907,0.6809828006409546,0.6805464835157647,-5907.061014690212,-5389.653857196343,2312.8205580953095,0.4444444444444444,0.0,0.25
3.466666666666667,8.898434698721102,6.202189530581257,10.846625975880954,-2.4452508223632368,-0.7441247569903581,-0.145,1.036622260316772,-9.35000549861806,92.4652684463828,-34.42177214014035,0.6087082311484419,0.6801982159675679,0.6807940933426928,-5906.3243314494675,-5388.800458606311,2316.6741192030863,0.4444444444444444,0.0,0.25
3.4833333333333334,8.839179068693873,6.156273922967802,10.771759151737903,-2.457653605148713,-0.7441925472171362,-0.145,1.0401208335914776,-9.348816063344021,92.41661572907569,-34.595067999287835,0.6083567816641708,0.6793121710007982,0.6809627268753975,-5905.595680859735,-5387.95254902617,2320.4881478451543,0.4444444444444444,0.0,0.25
3.5,8.780549205056627,6.109658045808215,10.697007328179673,-2.470057539013053,-0.744262379005829,-0.145,1.0435802311380518,-9.347639531956194,92.36609905861208,-34.766530512177056,0.6079132639678726,0.6783227367192426,0.6810508977996906,-5904.875145831978,-5387.110342726338,2324.262131090761,0.4444444444444444,0.0,0.25
3.5166666666666666,8.72255297622356,6.062349669155431,10.622382686296678,-2.4824626581723943,-0.7443342704129335,-0.145,1.047000061460356,-9.346476129638729,92.31374076599194,-34.93613757418055,0.6073759266556615,0.6772279564076215,0.6810570933889832,-5904.162807968843,-5386.274053363518,2327.9955622417233,0.4444444444444444,0.0,0.25
3.533333333333333,8.665198152622121,6.0143566549243666,10.547897657677517,-2.494868997127658,-0.7444082379431234,-0.145,1.0503799393354267,-9.345326079944602,92.25956345286757,-35.10386734067875,0.6067429901208752,0.6760258463352132,0.6809797744203228,-5903.45874756455,-5385.44389389954,2331.6879408788527,0.4444444444444444,0.0,0.25
3.55,8.60849240598169,5.965686955578601,10.473564930614842,-2.5072765906386327,-0.7444842965442465,-0.145,1.0537194858099115,-9.344189604728173,92.20358998878557,-35.26969823030761,0.6060126468284041,0.6747143965539267,0.6808173751334908,-5902.763043604841,-5384.620076520164,2335.3387729077735,0.4444444444444444,0.0,0.25
3.5666666666666664,8.552443308631144,5.916348612819984,10.39939745638018,-2.519685473697982,-0.744562459603225,-0.145,1.0570183281958716,-9.343066924077373,92.14584350839206,-35.43360892818343,0.6051830616710142,0.6732915718253751,0.6805683032373145,-5902.075773766892,-5383.802812553898,2338.9475706041558,0.4444444444444444,0.0,0.25
3.5833333333333335,8.497058332804928,5.8663497562811795,10.325408455558062,-2.5320956815051967,-0.7446427389428577,-0.145,1.0602761000659866,-9.341958256245594,92.08634740860138,-35.59557838910441,0.6042523724146109,0.6717553126867999,0.6802309399676119,-5901.397014419198,-5382.992312390852,2342.513852658395,0.4444444444444444,0.0,0.25
3.6,8.442344849957019,5.815698602221094,10.251611424428463,-2.5445072494404988,-0.7447251448195233,-0.145,1.0634924412482327,-9.340863817583246,92.02512534572801,-35.75558584072875,0.6032186902398098,0.6701035366661963,0.6798036402014974,-5900.726840621365,-5382.188785401666,2346.037144219781,0.4444444444444444,0.0,0.25
3.6166666666666667,8.3883101300824,5.7644034522231715,10.178020141385328,-2.556920213038719,-0.7448096859217832,-0.145,1.066666997820069,-9.339783822468965,91.96220123258203,-35.91361078672887,0.6020801003876022,0.66833413965748,0.6792847326330705,-5900.065326123776,-5381.392439856509,2349.516976940174,0.4444444444444444,0.0,0.25
3.6333333333333333,8.33496134104556,5.712472691896466,10.10464867337736,-2.5693346079631625,-0.7448963693698782,-0.145,1.0697994221021752,-9.338718483240463,91.8975992355278,-36.06963300992148,0.6008346629173404,0.6664449974670232,0.6786725200158241,-5899.412543367039,-5380.603482844226,2352.952889017223,0.4444444444444444,0.0,0.25
3.65,8.282305547915561,5.659914789579414,10.031511382355735,-2.581750469979471,-0.7449852007161197,-0.145,1.072889372651809,-9.33766801012503,91.83134377150603,-36.22363257537322,0.5994804135857085,0.6644339675433675,0.6779652794774472,-5898.768563481203,-5379.82212019163,2356.3444252371555,0.4444444444444444,0.0,0.25
3.6666666666666665,8.230349712307284,5.6067382950462,9.958622931711702,-2.5941678349295025,-0.7450761839461651,-0.145,1.0759365142558206,-9.33663261116957,91.76345950501926,-36.375589833481364,0.5980153648557924,0.662298890902386,0.6771612629130315,-5898.1334562846005,-5379.048556382961,2359.6911370171656,0.4444444444444444,0.0,0.25
3.683333333333333,8.17910069172841,5.552951838215602,9.885998292685175,-2.606586738705243,-0.7451693214811751,-0.145,1.0789405179233769,-9.33561249217022,91.69397134508056,-36.52548542302934,0.5964375070458182,0.6600375942606026,0.6762586974630386,-5897.50729028225,-5378.2829944795785,2362.992582447425,0.4444444444444444,0.0,0.25
3.6999999999999997,8.128565238931778,5.498564127862159,9.813652750723483,-2.6190072172227605,-0.7452646141808423,-0.145,1.0819010608784474,-9.334607856601401,91.62290444212577,-36.67330027421673,0.5947448096275704,0.657647892389785,0.6752557860827547,-5896.890132663704,-5377.525636039872,2366.2483263327445,0.4444444444444444,0.0,0.25
3.716666666666667,8.07875000127271,5.443583950329522,9.741601911767333,-2.631429306396223,-0.7453620613472849,-0.145,1.0848178265521211,-9.333618905544268,91.55028418488887,-36.819015611663325,0.5929352226849564,0.6551275907063066,0.674150708210319,-5896.282049300166,-5376.776681039456,2369.457940233909,0.4444444444444444,0.0,0.25
3.7333333333333334,8.029661520070977,5.388020168245805,9.66986170843886,-2.6438530421119824,-0.7454616607297889,-0.145,1.0876905045747804,-9.332645837614416,91.47613619724078,-36.962612957386845,0.5910066785436129,0.6524744881090807,0.6729416205407953,-5895.683104740727,-5376.036327791658,2372.621002508711,0.4444444444444444,0.0,0.25
3.75,7.981306229977087,5.331881719240761,9.598448406104232,-2.6562784602027554,-0.7455634085303907,-0.145,1.0905187907682365,-9.331688848888708,91.40048633499154,-37.104074133754004,0.5889570935828737,0.6496863800801443,0.6716266579141292,-5895.0933622074845,-5375.304772868324,2375.7370983527007,0.4444444444444444,0.0,0.25
3.7666666666666666,7.9336904583425225,5.275177614664578,9.527378608780772,-2.6687055964219,-0.7456672994102775,-0.145,1.0933023871378449,-9.33074813283102,91.3233606826558,-37.24338126640447,0.5867843702418257,0.6467610620621503,0.6702039343252247,-5894.512883589286,-5374.582211020998,2378.8058198396757,0.4444444444444444,0.0,0.25
3.783333333333333,7.886820424593695,5.217916938308083,9.456669264855924,-2.681134486417808,-0.7457733264969909,-0.145,1.0960410018647222,-9.32982388021666,91.2447855501816,-37.380516787147286,0.5844863992315447,0.6436963331271371,0.6686715440647518,-5893.941729433746,-5373.868835102474,2381.826765961931,0.4444444444444444,0.0,0.25
3.8,7.840702239609318,5.160108845124145,9.386337672582583,-2.693565165708426,-0.7458814813924045,-0.145,1.0987343492981032,-9.328916279055164,91.16478746964256,-37.51546343682953,0.5820610619659521,0.6404899999509477,0.667027562999677,-5893.379958937136,-5373.164835988768,2384.7995426702814,0.4444444444444444,0.0,0.25
3.8166666666666664,7.795341905100955,5.101762559950041,9.316401485312394,-2.7059976696559205,-0.7459917541814476,-0.145,1.1013821499479524,-9.328025514511035,91.0833931918934,-37.64820426817647,0.5795062332240227,0.6371398811075583,0.6652700500028851,-5892.827629931609,-5372.470402501533,2387.7237629138817,0.4444444444444444,0.0,0.25
3.8333333333333335,7.7507453129965125,5.042887376230537,9.24687871642549,-2.71843203344149,-0.7461041334415401,-0.145,1.103984130477941,-9.327151768821935,91.00062968318889,-37.77872264860312,0.5768197840563195,0.6336438116973404,0.6633970485416189,-5892.284798869126,-5371.785721330957,2390.599046679847,0.4444444444444444,0.0,0.25
3.85,7.706918244826491,4.983492654741465,9.177787743912013,-2.7308682920403444,-0.7462186062526914,-0.145,1.1065400236988885,-9.326295221213691,90.91652412176603,-37.90700226299653,0.5739995849490113,0.6299996483228787,0.6614065884348139,-5891.751520801229,-5371.110976959163,2393.4250210327,0.4444444444444444,0.0,0.25
3.8666666666666667,7.663866371112805,4.9235878223135465,9.109147314557385,-2.7433064801968605,-0.7463351582082117,-0.145,1.109049568562844,-9.325456047811226,90.83110389438983,-38.033027116468446,0.5710435092586313,0.6262052744254099,0.6592966877897272,-5891.227849353674,-5370.446351584129,2396.2013201536465,0.4444444444444444,0.0,0.25
3.8833333333333333,7.621595250760034,4.863182370556213,9.040976547679827,-2.7557466323999193,-0.7464537734259681,-0.145,1.1115125101579686,-9.324634421544417,90.74439659286239,-38.15678153707796,0.5679494369308505,0.6222586059941875,0.6570653551285603,-5890.713836694549,-5369.792025044217,2398.9275853796926,0.4444444444444444,0.0,0.25
3.9,7.580110330448981,4.802285854581191,8.97329493836517,-2.7681887828584366,-0.746574434560101,-0.145,1.1139285997044457,-9.32383051204747,90.65643001049541,-38.27825017852356,0.5647152585164509,0.6181575976601136,0.654710591716038,-5890.209533494274,-5369.14817474326,2401.603465242615,0.4444444444444444,0.0,0.25
3.9166666666666665,7.539416944032443,4.740907891725635,8.906122360140236,-2.7806329654770936,-0.7466971228131013,-0.145,1.1162975945516793,-9.323044485550108,90.5672321385463,-38.39741802280415,0.5613388794974824,0.6139002491837732,0.6522303940991299,-5889.7149888753,-5368.514975576312,2404.228615507786,0.4444444444444444,0.0,0.25
3.933333333333333,7.499520311933143,4.679058160274582,8.839479067022555,-2.79307921383227,-0.7468218179481171,-0.145,1.1186192581771275,-9.322276504758278,90.4768311626177,-38.51427038284869,0.5578182249362446,0.6094846123465458,0.6496227568702702,-5889.230250348839,-5367.892599856074,2406.802699212857,0.4444444444444444,0.0,0.25
3.9499999999999997,7.460425540543802,4.616746398182556,8.773385694880277,-2.805527561148186,-0.7469484983013295,-0.145,1.1208933601871847,-9.321526728721583,90.38525545902061,-38.62879290511374,0.5541512444592473,0.6049087982517297,0.6468856756655467,-5888.755363735124,-5367.2812172400245,2409.32538670631,0.4444444444444444,0.0,0.25
3.966666666666667,7.422137621629341,4.553982401794148,8.707863262032566,-2.817978040273242,-0.7470771407941946,-0.145,1.1231196763206541,-9.320795312683618,90.29253359110116,-38.74097157214869,0.5503359175876461,0.6001709850405659,0.6440171504093699,-5888.290373062726,-5366.680994658322,2411.796355685867,0.4444444444444444,0.0,0.25
3.9833333333333334,7.3846614317313035,4.490776024563477,8.642933169016985,-2.830430683656572,-0.747207720945295,-0.145,1.125297988455496,-9.320082407910576,90.19869430553096,-38.850792705127965,0.5463702594247978,0.5952694260256809,0.641015188817096,-5887.835320441176,-5366.092096242538,2414.215291236761,0.4444444444444444,0.0,0.25
4.0,7.348001731574566,4.4271371757724785,8.578617197446773,-2.8428855233247723,-0.7473402128814718,-0.145,1.1274280846197229,-9.31938816149176,90.10376652856122,-38.95824296634989,0.5422523267105317,0.5902024582417529,0.6378778101669418,-5887.390245899444,-5365.514683255257,2416.581885869861,0.4444444444444444,0.0,0.25
4.016666666666667,7.3121631654765045,4.363075819248041,8.514937507877455,-2.8553425908588155,-0.7474745893478237,-0.145,1.1295097590075902,-9.318712716104097,90.00777936224068,-39.06330936170155,0.5379802242504468,0.5849685114101204,0.6346030493522972,-5886.955187180586,-5364.948914020675,2418.8958395596437,0.4444444444444444,0.0,0.25
4.033333333333333,7.277150260758824,4.298601972078132,8.451916636598838,-2.86780191737111,-0.7476108217160353,-0.145,1.1315428120025244,-9.31805620973011,89.91076208059734,-39.16597924308932,0.5335521117270142,0.5795661173106017,0.6311889612251701,-5886.530179480033,-5364.394943856256,2421.1568597819964,0.4444444444444444,0.0,0.25
4.05,7.242967427162344,4.233725703327188,8.389577491265458,-2.880263533482675,-0.7477488799903504,-0.145,1.1335270502087322,-9.317418775315732,89.81274412578415,-39.26624031083447,0.5289662108974678,0.5739939195499382,0.6276336252410126,-5886.115255111107,-5363.852925005613,2423.3646615518346,0.4444444444444444,0.0,0.25
4.066666666666666,7.2096189562650945,4.168457132751235,8.32794334527569,-2.8927274693003855,-0.7478887328103047,-0.145,1.1354622864939605,-9.316800540350116,89.71375510418878,-39.36408061603343,0.5242208131813803,0.5682506837120322,0.6239351504145209,-5885.710443076373,-5363.323006572791,2425.5189674605163,0.4444444444444444,0.0,0.25
4.083333333333333,7.177109020904207,4.102806429513431,8.267037830807435,-2.905193754394212,-0.7480303474490677,-0.145,1.1373483400466733,-9.316201626344032,89.61382478250735,-39.45948856288225,0.5193142876384336,0.5623353078705078,0.6200916805951858,-5885.315768516713,-5362.8053344582,2427.619507713018,0.4444444444444444,0.0,0.25
4.1,7.14544167460218,4.03678381090108,8.206884930416331,-2.9176624177743835,-0.7481736898059091,-0.145,1.13918503645197,-9.315622148176107,89.51298308378246,-39.552452910964746,0.5142450893341836,0.5562468334390929,0.6161014000703681,-5884.931252001248,-5362.300051296504,2429.666020164842,0.4444444444444444,0.0,0.25
4.116666666666666,7.114620850998288,3.9703995410455573,8.147508967101194,-2.930133487868336,-0.7483187243908442,-0.145,1.1409722077918683,-9.315062213266373,89.41126008340547,-39.642962777504046,0.5090117680885774,0.5499844563299239,0.6119625395024552,-5884.556908609389,-5361.80729639696,2431.658250358605,0.4444444444444444,0.0,0.25
4.133333333333333,7.084650363286064,3.9036639296471747,8.088934592740738,-2.9426069924973084,-0.7484654142989212,-0.145,1.142709692777473,-9.314521920523571,89.30868600508315,-39.731007639577065,0.5036129775986021,0.5435475383841295,0.6076733822052264,-5884.192746740784,-5361.327205686784,2433.595951560258,0.4444444444444444,0.0,0.25
4.15,7.055533903658061,3.836587330707774,8.03118677480581,-2.955082958852371,-0.7486137211708235,-0.145,1.1443973369229408,-9.314001358995323,89.20529121676877,-39.81657733629168,0.4980474849227153,0.5369356190330168,0.603232270762867,-5883.838766567916,-5360.859911658419,2435.4788847948507,0.4444444444444444,0.0,0.25
4.166666666666667,7.027275042759396,3.769180141274808,7.974290781252553,-2.96756141346961,-0.7487636051354096,-0.145,1.1460349927744418,-9.31350060612699,89.10110622655777,-39.89966207092633,0.49231418031064295,0.5301484271419035,0.5986376139931308,-5883.494958018263,-5360.4055433218655,2437.3068188817683,0.4444444444444444,0.0,0.25
4.183333333333334,6.999877229152002,3.701452800202049,7.918272163504125,-2.9800423822041244,-0.7489150247284192,-0.145,1.1476225202117107,-9.313019725503967,88.99616167854792,-39.980252413031984,0.48641208735773506,0.5231858929822036,0.5938878942539134,-5883.16129813542,-5359.964226163668,2439.0795304693083,0.4444444444444444,0.0,0.25
4.2,6.973343788792028,3.633415786933797,7.863156737432117,-2.992525890202342,-0.7490679367797133,-0.145,1.1491597868456707,-9.312558763910303,88.89048834866422,-40.058339300496435,0.48034037345836056,0.5160481602708807,0.5889816750899631,-5882.837747618261,-5359.536082114821,2440.796804068459,0.4444444444444444,0.0,0.25
4.216666666666667,6.94767792452353,3.565079620321903,7.808970562253783,-3.0050119618720452,-0.7492222962589281,-0.145,1.1506466685435808,-9.3121177474803,88.78411714044825,-40.133914041571195,0.4740983605278574,0.5087355982099543,0.5839176092135862,-5882.524246269482,-5359.121229530627,2442.458432085686,0.4444444444444444,0.0,0.25
4.233333333333333,6.922882715592492,3.4964548574880925,7.755739917267814,-3.017500620849266,-0.7493780560660931,-0.145,1.152083050123921,-9.31169667664389,88.67707908081225,-40.206968316861534,0.4676855359573493,0.5012488134525555,0.5786944468099818,-5882.220706993541,-5358.719783186788,2444.064214854487,0.4444444444444444,0.0,0.25
4.25,6.898961117186406,3.427552092748399,7.703491276359949,-3.0299918899609617,-0.7495351667492891,-0.145,1.1534688262777097,-9.311295519464235,88.56940531575738,-40.27749418128036,0.4611015637604007,0.4935886619162576,0.5733110441542485,-5881.927007860644,-5358.331854297585,2445.6139606653924,0.4444444444444444,0.0,0.25
4.266666666666667,6.875915960006209,3.3583819566223374,7.652251280220389,-3.042485791182011,-0.7496935761254112,-0.145,1.1548039027927106,-9.31091420282757,88.46112710605621,-40.345484065967405,0.4543462958650853,0.48575626035933217,0.5677663725231001,-5881.642981586619,-5357.957550564296,2447.1074857940166,0.4444444444444444,0.0,0.25
4.283333333333333,6.853749949879438,3.28895511495726,7.602046706228259,-3.054982345584592,-0.7498532287719986,-0.145,1.1560881981836029,-9.310552600757793,88.35227582289873,-40.4109307801755,0.4474197834997224,0.47775299763148027,0.5620595273799006,-5881.36840155255,-5357.59697626504,2448.544614526614,0.4444444444444444,0.0,0.25
4.3,6.832465667426234,3.2192822682089437,7.552904435974464,-3.0674815732773664,-0.7500140653471632,-0.145,1.1573216458675133,-9.310210518874316,88.2428829435013,-40.47382751312684,0.44032228861546113,0.46958054550786754,0.5561897378067195,-5881.102963181681,-5357.250232401612,2449.925179182452,0.4444444444444444,0.0,0.25
4.316666666666666,6.812065567793451,3.1493741509337796,7.504851420413797,-3.0799834933310244,-0.7501760216798724,-0.145,1.1585041970735288,-9.309887673666786,88.13298004667743,-40.53416783584308,0.4330542952842847,0.4612408690144265,0.5501563761516951,-5880.84625907523,-5356.917416924745,2451.24902013208,0.4444444444444444,0.0,0.25
4.333333333333333,6.792551980477021,3.0792415315673383,7.457914642660605,-3.0924881236855826,-0.7503390275528536,-0.145,1.1596358247419063,-9.309583664791926,88.02259880836883,-40.59194570295456,0.42561652100714464,0.45273623615397485,0.5439589678539923,-5880.5977457437875,-5356.598625067405,2452.515985810292,0.4444444444444444,0.0,0.25
4.35,6.773927109259194,3.008895212590414,7.412121078470463,-3.1049954810332565,-0.7505030050732959,-0.145,1.1607165287599324,-9.309297937961263,87.91177099713433,-40.64715545449627,0.41800992786419766,0.4440692269475276,0.5375972014019965,-5880.356699003054,-5356.29394982703,2453.725932722185,0.4444444444444444,0.0,0.25
4.366666666666666,6.756193032295943,2.9383460312193717,7.367497654483976,-3.11750558066863,-0.7506678664897917,-0.145,1.1617463430057289,-9.309029735122941,87.80052846959369,-40.69979181770054,0.4102357334379765,0.43524274171421995,0.5310709383729612,-5880.122154058254,-5356.003482653123,2454.8787254402114,0.4444444444444444,0.0,0.25
4.383333333333333,6.739351702401376,2.867604860806141,7.32407120434935,-3.130018436294964,-0.7508335112641008,-0.145,1.1627253448406183,-9.30877802746382,87.68890316582146,-40.7498499088003,0.40229542144142066,0.4262600085278053,0.5243802234939895,-5879.892824881151,-5355.727314417921,2455.9742365894112,0.4444444444444444,0.0,0.25
4.4,6.723404947591486,2.7966826131991334,7.281868422889005,3.1406512474079613,-0.7509998221386025,-0.145,1.1636536679213392,-9.308541425157422,87.57692710468453,-40.79732523486162,0.3941907519868292,0.4171245898094119,0.5175252946547573,-5879.666995551711,-5355.465536777183,2457.0123468171064,0.4444444444444444,0.0,0.25
4.416666666666667,6.708354471970223,2.725590242405922,7.240915818534369,3.128132846397198,-0.7511666598483082,-0.145,1.1645315195174788,-9.30831805560755,87.46463237911408,-40.84221369567096,0.3859237714400679,0.40784038804732725,0.5105065927914657,-5879.44237361022,-5355.218244068222,2457.9929447421005,0.4444444444444444,0.0,0.25
4.433333333333334,6.694201857068538,2.6543387500202584,7.201239664324398,3.11561166078234,-0.7513338560013173,-0.145,1.1653592039468161,-9.308105398981823,87.35205115129921,-40.88451158571145,0.3774968218181813,0.3984116506779367,0.5033247715487478,-5879.215891897964,-5354.985535947181,2458.9159268767703,0.4444444444444444,0.0,0.25
4.45,6.680948563783966,2.582939193041286,7.16286594785047,3.1030876866888653,-0.7515012034818125,-0.145,1.1661371543220975,-9.30790006581906,87.23921564778416,-40.92421559627461,0.3689125497098002,0.3888429742214191,0.4959807066110313,-5878.983440523424,-5354.767521042265,2459.781197513231,0.4444444444444444,0.0,0.25
4.466666666666667,6.668595935117659,2.5114026949371153,7.125820320637138,3.090560924212971,-0.7516684434991763,-0.145,1.1668659755910076,-9.307697496060923,87.1261581544439,-40.96132281777034,0.36017391472888466,0.37913930784649924,0.4884755045763954,-5878.739504032046,-5354.564322001113,2460.5886685618198,0.4444444444444444,0.0,0.25
4.483333333333333,6.657145199971567,2.4397404611089484,7.090128047579718,3.0780313784581983,-0.7518352480941246,-0.145,1.1675465029185552,-9.307491551512168,87.01291101130283,-40.99583074232002,0.35128419755667784,0.36930595664727517,0.4808105112231047,-5878.476669990019,-5354.376082447793,2461.338259326202,0.4444444444444444,0.0,0.25
4.5,6.646597478356014,2.367963800323308,7.055813957222096,3.0654990609253163,-0.7520011964891672,-0.145,1.168179880902939,-9.307273963828154,86.89950660714725,-41.027737266747216,0.3422470076886075,0.3593485850608862,0.47298731899025515,-5878.184963236549,-5354.202976549434,2462.0298961941735,0.4444444444444444,0.0,0.25
4.516666666666667,6.636953788474212,2.2960841542352903,7.022902393859151,3.052963991379952,-0.7521657430979385,-0.145,1.1687676710564987,-9.307033586818028,86.78597737386288,-41.05704069612062,0.3330662910879525,0.3492732210494487,0.4650077734572208,-5877.850943995837,-5354.0452221392325,2462.663512216277,0.4444444444444444,0.0,0.25
4.533333333333333,6.628215056304248,2.2241131378733754,6.991417172696769,3.040426200366649,-0.7523281742353451,-0.145,1.169311997583665,-9.306755384047047,86.67235578040162,-41.083739748057695,0.32374633806386144,0.33908626192890423,0.45687397855903705,-5877.456486556799,-5353.903098669414,2463.23904653513,0.4444444444444444,0.0,0.25
4.55,6.6203821285020545,2.1520625949589065,6.961381539609121,3.02788573259774,-0.7524875495316653,-0.145,1.1698157449518152,-9.306419059041936,86.55867432624392,-41.10783355806979,0.31429179184741485,0.32879448307149534,0.44858830021274165,-5876.9771266650805,-5353.776971696119,2463.7564436161974,0.4444444444444444,0.0,0.25
4.566666666666666,6.613455789715223,2.0799446732712816,6.932818137409013,3.015342651526016,-0.7526426226627673,-0.145,1.1702828253309683,-9.305997204148014,86.44496553417144,-41.129321686326655,0.30470765854821685,0.3184050511636074,0.44015336794801124,-5876.379828085107,-5353.667326151632,2464.2156522147593,0.4444444444444444,0.0,0.25
4.583333333333333,6.607436785744489,2.0077719270441547,6.9057489810038755,3.00279704551857,-0.7527917341561599,-0.145,1.170718539973644,-9.305452803243517,86.33126194209257,-41.148204126347515,0.2949993194509427,0.307925544299549,0.43157207402766234,-5875.619969567695,-5353.574811360144,2464.6166239929444,0.4444444444444444,0.0,0.25
4.6,6.602325854437891,1.9355574557112525,6.880195444356101,2.9902490361945215,-0.7529326665828405,-0.145,1.1711300663494435,-9.304735870858888,86.21759609356427,-41.1644813162984,0.2851725469751441,0.29736398197480296,0.4228475694013033,-5874.63729004553,-5353.500301615403,2464.959311673713,0.4444444444444444,0.0,0.25
4.616666666666666,6.598123766774659,1.863315091355354,6.85617826280423,2.9776987896831444,-0.7530624492353563,-0.145,1.1715271126647506,-9.303778943618056,86.10400052651872,-41.178154153803,0.27523352609420987,0.2867288690568053,0.41398325564800864,-5873.35044972245,-5353.444977153431,2465.2436665840446,0.4444444444444444,0.0,0.25
4.633333333333333,6.594831381314487,1.7910596511026944,6.833717555019263,2.965146531815824,-0.7531770952397502,-0.145,1.1719227935120813,-9.302491057845709,85.9905077595178,-41.18922401547417,0.2651888836139379,0.2760292591094946,0.40498277181832065,-5871.649766142665,-5353.410431461912,2465.469635395967,0.4444444444444444,0.0,0.25
4.65,6.592449716070337,1.7188072755843913,6.812832869630496,2.9525925686029058,-0.7532712487675818,-0.145,1.1723347947490053,-9.300749750130333,85.87715027460922,-41.19769278276254,0.25504572846858453,0.26527484407980495,0.3958499747669256,-5869.387568040095,-5353.398811909886,2465.637155820061,0.4444444444444444,0.0,0.25
4.666666666666667,6.5909800429115135,1.6465758805248736,6.793543262273681,2.9400373137853046,-0.7533377134590538,-0.145,1.1727869116203182,-9.298390510308021,85.7639604955228,-41.20356287622079,0.24481170711295216,0.2544760793534486,0.38658891115841576,-5866.365481734251,-5353.413001306281,2465.746150941395,0.4444444444444444,0.0,0.25
4.683333333333334,6.590424010786167,1.5743857554128395,6.775867409328026,2.9274813258123533,-0.7533668253213284,-0.145,1.1733110596891347,-9.29519301179657,85.65097075950169,-41.20683730091581,0.23449507915753826,0.24364435554223854,0.37720377881408235,-5862.317841286707,-5353.456847506623,2465.796521813664,0.4444444444444444,0.0,0.25
4.7,6.590783805270154,1.502260350606145,6.759823764626902,2.9149253573010565,-0.753345624496539,-0.145,1.1739498691420678,-9.29086337079546,85.53821328048589,-41.20751970650559,0.2241048195403686,0.23279223096725044,0.3676988744381189,-5856.890329540049,-5353.535445281217,2465.7881378487687,0.4444444444444444,0.0,0.25
4.716666666666667,6.592062352982198,1.4302273009905042,6.745430764458543,2.902370420887003,-0.7532567712394477,-0.145,1.1747599713662993,-9.285011698189521,85.42572010062887,-41.205614466434774,0.2136507545821082,0.2219337413556783,0.3580785240229033,-5849.612979754158,-5353.655467008986,2465.7208244678563,0.4444444444444444,0.0,0.25
4.733333333333333,6.594263579826428,1.3583197381436196,6.732707083429058,2.8898178763689453,-0.7530771440755486,-0.145,1.175816057879775,-9.277124403148814,85.31352302622093,-41.20112678176586,0.20314373987878231,0.21108480514436864,0.3483469914236369,-5839.866916167154,-5353.825522386108,2465.5943474394057,0.4444444444444444,0.0,0.25
4.75,6.597392731071466,1.2865779395954806,6.721671938041038,2.8772695451146824,-0.7527760560434895,-0.145,1.1772157116994997,-9.266531245854134,85.20165354302709,-41.194062816268186,0.19259588750129783,0.20026374279081313,0.33850835981198873,-5826.844883533391,-5354.056495717816,2465.408393362881,0.4444444444444444,0.0,0.25
4.766666666666667,6.601456757691042,1.2150513460006385,6.712345424446115,2.8647278586850273,-0.7523130345136609,-0.145,1.179084843351244,-9.252368262344206,85.09014270489067,-41.18442987034797,0.18202084729447623,0.18949192457508876,0.3285663801713792,-5809.507010173765,-5354.3617524030515,2465.162545934566,0.4444444444444444,0.0,0.25
4.783333333333333,6.606464765248705,1.1438009335888026,6.7047488595883475,2.8521960492503515,-0.7516351415439176,-0.145,1.1815832580576624,-9.233539726200066,84.97902098837504,-41.172236601872,0.17143414048854874,0.1787945502529128,0.31852428105670205,-5786.535771302008,-5354.757009481728,2464.856258067547,0.4444444444444444,0.0,0.25
4.8,6.612428506257831,1.072901844389002,6.698905068596247,2.8396783891069672,-0.7506738799506554,-0.145,1.1849093822203702,-9.208685626655416,84.86831810554244,-41.15749330133186,0.16085353096045268,0.16820154085089736,0.3083845351285082,-5756.298211010867,-5355.2595103695485,2464.488820789508,0.4444444444444444,0.0,0.25
4.816666666666666,6.619362871324565,1.002446031985391,6.6948385245137505,2.827180484645173,-0.7493418538382124,-0.145,1.1893024541970543,-9.176165923678319,84.75806276726578,-41.14021222622919,0.1502993975113343,0.1577484819780082,0.2981485814200869,-5716.829388100096,-5355.885913296372,2464.059331304283,0.4444444444444444,0.0,0.25
4.833333333333333,6.627286296167818,0.9325444618367984,6.692575201271648,2.8147096253674846,-0.7475295484599079,-0.145,1.1950395916026495,-9.134078684801317,84.64828239158669,-41.12040799386591,0.13979503732354565,0.1474774938373164,0.2878165091502168,-5665.858258651678,-5356.647990155366,2463.5666648481697,0.4444444444444444,0.0,0.25
4.85,6.63622095187854,0.8633281190112737,6.692141956296748,2.802275179733624,-0.7451028658447924,-0.145,1.2024243363828817,-9.080334385697114,84.53900275665168,-41.09809802164605,0.1293667873367841,0.13743781490613396,0.2773867205151835,-5600.903712228688,-5357.544863798981,2463.0094580079963,0.4444444444444444,0.0,0.25
4.866666666666666,6.646192533469906,0.7949467777905754,6.693565236215356,2.7898890157572813,-0.7419023646012184,-0.145,1.211763123802004,-9.012809277462676,84.43024760671771,-41.073302988792214,0.11904380506298538,0.12768578568628955,0.26685560720443113,-5519.469529073898,-5358.550173946163,2462.3861145794044,0.4444444444444444,0.0,0.25
4.883333333333333,6.657229428863633,0.7275643137732598,6.69686893250901,2.777565905687968,-0.7377454021416534,-0.145,1.2233275391599396,-8.929590639308959,84.32203823294009,-41.046047273894665,0.10885732416212955,0.11828384032298311,0.25621729784706404,-5419.3551581919455,-5359.592413996521,2461.694847654327,0.4444444444444444,0.0,0.25
4.9,6.669361073396726,0.6613495178756911,6.702071344900317,2.765323853637562,-0.7324323809140542,-0.145,1.2373041443346993,-8.829299807805743,84.2143930666824,-41.016359302805725,0.09883922758139993,0.10929812021919508,0.24546355792305544,-5299.066966452393,-5360.526900828436,2460.9337713056098,0.4444444444444444,0.0,0.25
4.916666666666667,6.682615414059347,0.5964621567441917,6.7091814610018945,2.7531842690933863,-0.7257578351883931,-0.145,1.2537401073018335,-8.71143506225443,84.10732733761225,-40.98427172887698,0.08901990068277423,0.10079449410158484,0.23458394316846007,-5158.261925636273,-5361.098443254828,2460.1010493300882,0.4444444444444444,0.0,0.25
4.933333333333334,6.697015638184965,0.5330355125910636,6.7181950936078945,2.741171907193386,-0.7175260443033405,-0.145,1.2724997776688636,-8.576629810800574,84.00085285467881,-40.94982137300887,0.07942555300640565,0.09283315202431056,0.22356631366404572,-4998.099735053708,-5360.894335851355,2459.1950954065,0.4444444444444444,0.0,0.25
4.95,6.712576614711291,0.47115852504234307,6.729091704241291,2.729314516699738,-0.7075694146810548,-0.145,1.2932502788090159,-8.426701726786675,83.8949779574532,-40.913048883165374,0.07007548366888314,0.0854624814121791,0.21239780337768296,-4821.356374151932,-5359.2868165075115,2458.214800617738,0.4444444444444444,0.0,0.25
4.966666666666667,6.729301727089345,0.41086216527227876,6.741832796284691,2.7176421795759755,-0.6957666358525949,-0.145,1.3154886275579987,-8.26440517839229,83.7897076546987,-40.87399813159747,0.06097999225219412,0.07871342715261748,0.2010663138741921,-4632.198400846815,-5355.361428328007,2457.159747514703,0.4444444444444444,0.0,0.25
4.983333333333333,6.7471807958699905,0.35211486912223977,6.756362451290914,2.7061863803367823,-0.682057362162542,-0.145,1.3386087030552298,-8.092892766176927,83.68504392169885,-40.832715438974546,0.05213966276423171,0.07259569695349567,0.18956257928628514,-4435.633433868199,-5347.822636645802,2456.0303645477525,0.4444444444444444,0.0,0.25
5.0,6.766189529951624,0.29483034193843405,6.772609961141606,2.6949788873174416,-0.6664513190449137,-0.145,1.3619902015442962,-7.9149977766280255,83.58098608186747,-40.789248773952934,0.043546512395863636,0.06709681550435648,0.1778828561376204,-4236.78360600777,-5334.862541555526,2454.82798700118,0.4444444444444444,0.0,0.25
5.016666666666667,6.786290501588529,0.2388884081800777,6.790493829134483,2.68405054112721,-0.6490319088004151,-0.145,1.385083148879445,-7.732505725848387,83.47753116764135,-40.743647103008755,0.035187089066083754,0.06218425655244371,0.1660323377760518,-4040.197166845755,-5313.977015715079,2453.5548171889927,0.4444444444444444,0.0,0.25
5.033333333333333,6.807435219635917,0.18416705068088401,6.8099259740540505,2.673430020856585,-0.6299565679249712,-0.145,1.4074654554101182,-7.545562571065392,83.37467414972151,-40.695960052205066,0.02704721136724904,0.057810048160367,0.15402945913029348,-3849.3800077146666,-5281.722679086897,2452.213805380556,0.4444444444444444,0.0,0.25
5.05,6.829566662548163,0.13058230478265018,6.830814924773734,2.6631426076077664,-0.609457235884674,-0.145,1.4288636930222518,-7.352303237102327,83.27240794055005,-40.64623799990144,0.0191178155168952,0.053916728275809345,0.14191127804304424,-3666.6244782520566,-5233.437351842183,2450.808490628851,0.4444444444444444,0.0,0.25
5.066666666666666,6.852621679333299,0.07813210408301624,6.853067087498645,2.6532089125498204,-0.5878437182655929,-0.145,1.4491404677296065,-7.148745209710738,83.1707231095567,-40.59453266211838,0.011401288771162598,0.05044347674974632,0.12973997243890245,-3493.1051783889634,-5163.010078581527,2449.3428416357006,0.4444444444444444,0.0,0.25
5.083333333333333,6.876532896887838,0.026939297340039435,6.876585664973702,2.643643513247694,-0.5655102925670183,-0.145,1.4682594140332397,-6.929030784925459,83.06960728994667,-40.54089816453718,0.003917549720131017,0.047331550604770595,0.11760999070335357,-3329.1497494710607,-5062.898308940489,2447.821125231346,0.4444444444444444,0.0,0.25
5.1,6.901230062560988,-0.02271367877254659,6.901267440666166,2.6344534781368156,-0.5429416706968798,-0.145,1.4862402414896136,-6.686212087234571,82.9690443163416,-40.48539250217089,-0.003291238888305807,0.04452855775721411,0.10565432339270094,-3174.5835164251885,-4924.735273296387,2446.2478116581105,0.4444444444444444,0.0,0.25
5.116666666666666,6.926640999528686,-0.07037101170627223,6.926998456448531,2.625636879349194,-0.5207090522484276,-0.145,1.503114334839421,-6.41384905569924,82.86901322462418,-40.42807914423768,-0.010159121968295073,0.04199141128186856,0.0940467037777363,-3029.0677046058536,-4740.942852757904,2444.6275087349786,0.4444444444444444,0.0,0.25
5.133333333333333,6.952692492506276,-0.11542761512091046,6.953650582944589,2.6171815941298258,-0.4994430964677922,-0.145,1.518889292327176,-6.108500916656194,82.76948737452157,-40.36902834553906,-0.016600333211005583,0.03968792151485574,0.08299496992359676,-2892.376092863781,-4507.506674209359,2442.96490592618,0.4444444444444444,0.0,0.25
5.15,6.979311404933983,-0.15720454885581114,6.981081646652081,2.6090648952815525,-0.47977380133364583,-0.145,1.533529350781348,-5.772517590517413,82.67043408025283,-40.30831755326652,-0.02252055569329633,0.037596951843911736,0.07272122589936278,-2764.5715303835877,-4227.225069906962,2441.2647076600415,0.4444444444444444,0.0,0.25
5.166666666666667,7.006426141453753,-0.19506994552542276,7.009141142771617,2.6012543546515543,-0.46224259388478045,-0.145,1.5469559954806769,-5.415636690389692,82.57181514591383,-40.24603032801989,-0.02783438545937173,0.03570704860590783,0.06342914606774872,-2646.055667227148,-3911.6238268270945,2439.531544689186,0.4444444444444444,0.0,0.25
5.183333333333334,7.033968288336425,-0.22856983063889638,7.037681013572635,2.5937102613510583,-0.4472143075003615,-0.145,1.5590671099104263,-5.053810575683486,82.47358848544506,-40.182253594343585,-0.03248371624825666,0.034013650900921025,0.05526720490649602,-2537.4863825182993,-3579.6054193529903,2437.7698697304527,0.4444444444444444,0.0,0.25
5.2,7.061874072393118,-0.2575170258022276,7.06656779723482,2.5863891581344314,-0.4348269764558768,-0.145,1.5697657570417118,-4.705242203839388,82.37571059494189,-40.11707370555539,-0.036449668913882696,0.03251542368309655,0.04830254474363475,-2439.5944274771314,-3252.771496020806,2435.9838586115493,0.4444444444444444,0.0,0.25
5.216666666666667,7.0900853267268635,-0.2820048016341357,7.095691414401579,2.5792476077665465,-0.42500054157772127,-0.145,1.5789866739677096,-4.385671357622318,82.27813928298316,-40.050572332653104,-0.039753573882223274,0.03121066086255181,0.042516464109529695,-2352.9677783942616,-2949.85437548185,2434.1773392158075,0.4444444444444444,0.0,0.25
5.233333333333333,7.118549885300134,-0.3023526178412152,7.124968040280741,2.57224528121113,-0.4174936022224816,-0.145,1.5867121804970181,-4.105324800806699,82.1808360085187,-39.98282318663502,-0.04244839205441066,0.030094694896742727,0.037820805751644614,-2277.8805190603384,-2683.1439972387207,2432.353757405275,0.4444444444444444,0.0,0.25
5.25,7.147221541035373,-0.31901959860238205,7.154337793320391,2.5653468749528674,-0.4119777015751151,-0.145,1.5929756413023228,-3.8683907280818812,82.08376742864894,-39.91389011270213,-0.04460586342142426,0.029158771056938676,0.03408492573438315,-2214.213577760963,-2457.9204617776795,2430.516173905338,0.4444444444444444,0.0,0.25
5.266666666666667,7.176059763182699,-0.33252117651319846,7.183759743866679,2.5585228636858077,-0.40810204245070686,-0.145,1.5978552277090026,-3.674258368432597,81.98690609903443,-39.84382654008761,-0.0463044484579463,0.028390244429492617,0.03116193567019466,-2161.4694964281666,-2273.958871313284,2428.6672796349176,0.4444444444444444,0.0,0.25
5.283333333333333,7.205029314231961,-0.34336762537673915,7.213206550841224,2.5517493939109985,-0.4055365679624988,-0.145,1.6014622937649037,-3.5193210224360336,81.89023049826912,-39.77267593759116,-0.04762062953371058,0.027773599947517144,0.028907888476678432,-2118.8515281844443,-2127.661246066684,2426.8094192404055,0.4444444444444444,0.0,0.25
5.3,7.2340998302814015,-0.35202738088716257,7.242659983139598,2.5450076852258583,-0.4039939398605276,-0.145,1.6039282569389806,-3.398551859663755,81.79372461913765,-39.70047285280544,-0.048623866814072575,0.027291762695550434,0.02719284037993466,-2085.3692616031294,-2013.8828971767316,2424.9446176323722,0.4444444444444444,0.0,0.25
5.316666666666666,7.263245383648308,-0.35891004611896227,7.272107667264943,2.5382832315164885,-0.40323640985431275,-0.145,1.6053926414685695,-3.3065854160585424,81.69737734026731,-39.627244192165136,-0.04937439474646513,0.026927322430716077,0.025905518137037564,-2059.9413206469967,-1927.155122151021,2423.074607821735,0.4444444444444444,0.0,0.25
5.333333333333333,7.292444033372932,-0.3643622764555881,7.301540922872402,2.53156498629273,-0.4030739258347887,-0.145,1.6059936402344646,-3.2383400467919734,81.60118172773524,-39.55301051827627,-0.049922841457812436,0.026663486265758457,0.024953928549098624,-2041.478955534889,-1862.363907257989,2421.2008596158653,0.4444444444444444,0.0,0.25
5.35,7.32167737112884,-0.3686709174096653,7.330953401314443,2.524844626972353,-0.40335815167025707,-0.145,1.6058615448805384,-3.189313265205843,81.50513435594979,-39.477787242927675,-0.050310849353141666,0.026484715064271552,0.024263818161029328,-2028.9453605699755,-1815.0518633533252,2419.3246087575953,0.4444444444444444,0.0,0.25
5.366666666666666,7.350930074013393,-0.37206957741333907,7.36034025867494,2.5181159344332453,-0.4039752475013612,-0.145,1.6051147836261785,-3.1556765418593065,81.40923469324414,-39.4015856635843,-0.05057214869725326,0.026377077494252513,0.023776238188455496,-2021.3922350097523,-1781.4972503266415,2417.4468858222317,0.4444444444444444,0.0,0.25
5.383333333333333,7.380189476832548,-0.37474634039284627,7.38969766185246,2.511374291597166,-0.40483889701869946,-0.145,1.6038580331377905,-3.1342609908549415,81.31348456987877,-39.324413832092134,-0.05073376025269286,0.02632838614589171,0.023444930759975217,-2017.9780716689627,-1758.6777579556358,2415.5685440606917,0.4444444444444444,0.0,0.25
5.4,7.409445174670261,-0.37685137090783033,7.419022493037714,2.5046162894182973,-0.4058842247290427,-0.145,1.6021818203464118,-3.1224914733810447,81.21788773036961,-39.246277265562,-0.05081715494435094,0.02632818273240256,0.023233893727053017,-2017.9732781794933,-1744.1844514661918,2413.6902854534574,0.4444444444444444,0.0,0.25
5.416666666666667,7.438688663136449,-0.37850381272273453,7.448312168761483,2.4978394231470173,-0.40706278357621484,-0.145,1.6001630966313787,-3.1183021692437953,81.12244946402762,-39.167179518628686,-0.05083929113909555,0.026367629320316083,0.02311526995772852,-2020.7566784921473,-1736.1218004506075,2411.8126844418375,0.4444444444444444,0.0,0.25
5.433333333333334,7.467913020031688,-0.37979775397061744,7.477564523872725,2.4910418613110714,-0.40833856796746226,-0.145,1.5978663772577626,-3.120051109430373,81.0271763041803,-39.08712263882674,-0.05081350249807054,0.026439348772328883,0.023067593860934443,-2025.8069621189793,-1733.011609717529,2409.9362090396735,0.4444444444444444,0.0,0.25
5.45,7.497112629032466,-0.3808072316880372,7.506777732163381,2.48422227168635,-0.4096849153457305,-0.145,1.5953451519776434,-3.126441990668253,80.93207578569678,-39.006107525979345,-0.050750236840655334,0.026537244552959666,0.023074373344086834,-2032.6916475099474,-1733.7084346404283,2408.061239241041,0.4444444444444444,0.0,0.25
5.466666666666667,7.526282943691166,-0.381590346201342,7.5359502480318055,2.4773796911117425,-0.4110821363196026,-0.145,1.5926433694068356,-3.1364564855755335,80.83715625090679,-38.92413421415652,-0.050657659433141114,0.026656319432849795,0.02312296336602354,-2041.055276506478,-1737.3286639862465,2406.1880828015874,0.4444444444444444,0.0,0.25
5.483333333333333,7.555420288565066,-0.382192596108578,7.565080760796995,2.470513428602502,-0.4125157222278186,-0.145,1.5897968725570908,-3.149297581589566,80.7424266950666,-38.84120209194915,-0.050542139033507724,0.026792504717246382,0.023203682032924118,-2050.6079056456706,-1743.1928306398647,2404.3169885788643,0.4444444444444444,0.0,0.25
5.5,7.584521693501974,-0.38264955404639667,7.5941681572384185,2.463622993521743,-0.41397500029313494,-0.145,1.5868347167518588,-3.1643431893196396,80.64789664378343,-38.75731007404412,-0.05040863570694001,0.026942506097995575,0.02330912294120384,-2061.1144945663355,-1750.7796017979374,2402.4481576776097,0.4444444444444444,0.0,0.25
5.516666666666667,7.613584756838657,-0.38298899745956444,7.623211490031024,2.4567080424838985,-0.41545213048574103,-0.145,1.5837803377172037,-3.181108732368407,80.55357605605471,-38.67245673460517,-0.05026100806040147,0.027103668579716245,0.023433623437714296,-2072.3854774779843,-1759.6895741173475,2400.581752670535,0.4444444444444444,0.0,0.25
5.533333333333333,7.6426075333443855,-0.38323259584519986,7.652209950808368,2.4497683401928785,-0.416941360492503,-0.145,1.580652561073076,-3.199217303901984,80.45947524771167,-38.58664041084511,-0.05010225533803248,0.02727386066095859,0.023572855219475587,-2084.2686029891424,-1769.6170498822419,2398.717905164982,0.4444444444444444,0.0,0.25
5.55,7.671588443029631,-0.3833972410995071,7.681162847102547,2.442803730608779,-0.4184384741572844,-0.145,1.5774664584823306,-3.218376045659614,80.36560483104073,-38.499859283419084,-0.04993470741388348,0.027451376642891365,0.023723510092260768,-2096.6420075899127,-1780.3281800291143,2396.856721970023,0.4444444444444444,0.0,0.25
5.566666666666666,7.700526197338588,-0.383496093043117,7.710069582648216,2.4358141157494564,-0.4199403841394012,-0.145,1.5742340633321907,-3.238357560148069,80.27197566718523,-38.41211143884397,-0.04976017343284426,0.027634855271294445,0.02388305928973581,-2109.408422757532,-1791.6441173609617,2394.9982900943023,0.4444444444444444,0.0,0.25
5.583333333333333,7.7294197396845465,-0.3835393990482597,7.738929640644591,2.4287994401241604,-0.42144483163788526,-0.145,1.5709649622577777,-3.258985346818256,80.17859882861485,-38.32339491800942,-0.04958005782335963,0.02782321266007297,0.024049569406777552,-2122.490385800876,-1803.428074988854,2393.1426807769653,0.4444444444444444,0.0,0.25
5.6,7.758268197724975,-0.38353513533989864,7.767742569618983,2.421759679315166,-0.4229501653602057,-0.145,1.5676667796580703,-3.280122428259039,80.08548556950804,-38.233707753942916,-0.04939545067900559,0.028015587434523953,0.024221561767936658,-2135.8263166390852,-1815.5754082796784,2391.28995272571,0.4444444444444444,0.0,0.25
5.616666666666666,7.787070845182603,-0.38348950802925064,7.796507971564027,2.4146948316105386,-0.42445517901133467,-0.145,1.5643455716869412,-3.301662489522374,79.99264730234255,-38.143048001282175,-0.049207198073644924,0.02821129616167492,0.024397905046154474,-2149.3673275271444,-1828.0060264346198,2389.440154709122,0.4444444444444444,0.0,0.25
5.633333333333333,7.815827071386461,-0.38340734412020183,7.8252254920444795,2.407604911878871,-0.4259589919253562,-0.145,1.5610061447409045,-3.3235229880872517,79.90009557934907,-38.051413759353224,-0.049015956707653824,0.02840979733285716,0.024577733296072962,-2163.074644272595,-1840.6585929127166,2387.593327626157,0.4444444444444444,0.0,0.25
5.65,7.844536357027867,-0.38329239639345136,7.853894811993923,2.400489947089959,-0.4274609614613581,-0.145,1.5576523116641594,-3.3456398036364643,79.8078420777691,-37.95880319032094,-0.04882223634356741,0.028610662386461136,0.02476038339297601,-2176.9175319290675,-1853.4860961107336,2385.749506154246,0.4444444444444444,0.0,0.25
5.666666666666667,7.873198254900773,-0.38314758099039703,7.882515640948096,2.393349973042827,-0.4289606187623829,-0.145,1.5542870970245517,-3.3679630878010856,79.71589858808582,-37.86521453354361,-0.04862643274086664,0.02881355248060577,0.024945347279722564,-2190.8716330096,-1866.4524678813186,2383.9087200591634,0.4444444444444444,0.0,0.25
5.683333333333334,7.901812374626894,-0.3829751624716021,7.91108771148929,2.386185031978709,-0.43045762168404234,-0.145,1.5509129010366236,-3.3904540471441114,79.62427700457502,-37.77064611700371,-0.04842885320700604,0.02901819993199249,0.025132235509438546,-2204.9176406362626,-1879.530002417186,2382.0709952342877,0.4444444444444444,0.0,0.25
5.7,7.930378370557971,-0.38277689792040187,7.939610774703963,2.378995170842141,-0.4319517203323804,-0.145,1.5475316300989514,-3.413082450836597,79.53298931766489,-37.6750963664869,-0.048229736415120704,0.029224393421707878,0.025320749403751244,-2219.0402420707483,-1892.6973860274536,2380.236354523965,0.4444444444444444,0.0,0.25
5.716666666666667,7.958895932205583,-0.38255414913628744,7.968084596482392,2.3717804400162996,-0.43344273185599386,-0.145,1.5441448005041813,-3.4358247004410125,79.44204760770405,-37.57856381302614,-0.04802926777286058,0.029431966228928824,0.025510659782639156,-2233.2272794852065,-1905.9381929912392,2378.4048183750297,0.4444444444444444,0.0,0.25
5.733333333333333,7.987364776677903,-0.3823079699782104,7.99650895451407,2.3645408924050235,-0.43493052202595167,-0.145,1.5407536206752157,-3.458662335327286,79.35146403982455,-37.4810470990091,-0.04782759134065729,0.029640786889767567,0.025701790707786255,-2247.469084598993,-1919.2397369382265,2376.5764053518137,0.4444444444444444,0.0,0.25
5.75,8.015784642707553,-0.38203917436289325,8.024883635855048,2.357276582768004,-0.43641499179130167,-0.145,1.5373590562678916,-3.481580875501546,79.26125085965425,-37.38254498325473,-0.04762481907455543,0.029850751792683247,0.025894007051842177,-2261.7579520188924,-1932.5921934278504,2374.751132542897,0.4444444444444444,0.0,0.25
5.766666666666667,8.044155285939171,-0.3817483892071535,8.053208434963382,2.349987567240599,-0.43789606747931603,-0.145,1.5339618816398262,-3.5045689256659562,79.17142038968746,-37.2830563452945,-0.04742103799500614,0.03006177931644613,0.026087204988369098,-2276.0877229346534,-1945.987929429954,2372.929015882105,0.4444444444444444,0.0,0.25
5.783333333333333,8.072476475213236,-0.38143609565376063,8.081483152116244,2.3426739029881114,-0.4393736936635782,-0.145,1.5305627204945458,-3.527617481476905,79.08198502616303,-37.18258018903934,-0.04721631574796987,0.030273805194227996,0.026281304712377305,-2290.4534564187743,-1959.420990692784,2371.110070401693,0.4444444444444444,0.0,0.25
5.8,8.100747989637075,-0.38110266117990826,8.109707592137186,2.335335647957808,-0.44084782798316,-0.145,1.527162077947309,-3.5507193922885674,78.99295723633351,-37.08111564597133,-0.04701070491981323,0.03048677885058279,0.02647624486520777,-2304.8511701395114,-1972.886709635249,2369.294310431915,0.4444444444444444,0.0,0.25
5.816666666666666,8.128969616277368,-0.3807483646105179,8.137881563374721,2.3279728607018555,-0.4423184373872661,-0.145,1.523760365803523,-3.5738689449999943,78.90434955603301,-36.978661977967114,-0.04680424638613237,0.030700660509240793,0.02667197826232786,-2319.277635987207,-1986.3814052781847,2367.481749758267,0.4444444444444444,0.0,0.25
5.833333333333333,8.157141148343081,-0.3803734156094765,8.166004876884063,2.3205856002515852,-0.4437854954200988,-0.145,1.5203579224737835,-3.597061541629048,78.81617458747249,-36.875218579835234,-0.04659697191156136,0.03091541891085592,0.026868468617687904,-2333.7302190860833,-1999.90215349274,2365.6724017453234,0.4444444444444444,0.0,0.25
5.85,8.185262383755115,-0.3799779698724358,8.194077345772667,2.3131739260288002,-0.4452489802637621,-0.145,1.5169550286554494,-3.6202934494340644,78.72844499720634,-36.77078498163055,-0.04638890616874529,0.031131029512915562,0.027065688030737795,-2348.2067510462152,-2013.446610996061,2363.8662794342276,0.4444444444444444,0.0,0.25
5.866666666666666,8.21333312402092,-0.379562140972972,8.222098784677744,2.305737897783726,-0.44670887333267,-0.145,1.513551919675632,-3.643561607200096,78.64117351422638,-36.66536085079418,-0.046180068306789786,0.03134747307046981,0.027263615057430527,-2362.7054302137703,-2027.0128804496974,2362.063395619405,0.4444444444444444,0.0,0.25
5.883333333333333,8.24135317334938,-0.379126009602505,8.25006900934974,2.298277575552052,-0.44816515826842496,-0.145,1.5101487952032997,-3.666863475016085,78.55437292814908,-36.55894599415621,-0.04597047317016861,0.03156473451742363,0.027462233228655125,-2377.2247431933465,-2040.599407007316,2360.2637629089063,0.4444444444444444,0.0,0.25
5.9,8.269322337955062,-0.37866963078001153,8.277987836320952,2.2907930196255752,-0.4496178202248347,-0.145,1.506745826889424,-3.690196917738267,78.46805608746898,-36.451540359829664,-0.04576013224635401,0.03178280208491438,0.027661529911672058,-2391.7634031206394,-2054.2048989383948,2358.4673937718408,0.4444444444444444,0.0,0.25
5.916666666666667,8.297240425511673,-0.3781930394797631,8.305855082642369,2.2832842905324946,-0.45106684536256736,-0.145,1.503343164376171,-3.7135601145532107,78.38223589785767,-36.343144039017695,-0.04554905440284096,0.032001666606616505,0.02786149543464972,-2406.3203011183746,-2067.8282666932605,2356.6743005756543,0.4444444444444444,0.0,0.25
5.933333333333334,8.325107244723016,-0.37769625502595316,8.333670565675144,2.275751449024485,-0.4525122204947973,-0.145,1.4999409400227421,-3.73695148876919,78.29692532049164,-36.23375726775061,-0.045337246460609826,0.03222132097137423,0.028062122413130414,-2420.8944681241246,-2081.46857610126,2354.88449561539,0.4444444444444444,0.0,0.25
5.95,8.352922604986563,-0.3771792845258069,8.36143410292582,2.268194556068504,-0.4539539328411876,-0.145,1.4965392726217055,-3.7603696532908706,78.21213737039619,-36.12338042856561,-0.04512471364051541,0.032441759691920063,0.028263405231567087,-2435.4850448757725,-2095.125012406307,2353.0979911366408,0.4444444444444444,0.0,0.25
5.966666666666667,8.380686316129978,-0.37664212555267457,8.38914551191652,2.2606136728418584,-0.45539196985925295,-0.145,1.4931382703213816,-3.7838133682579653,78.12788511479557,-36.01201405213877,-0.044911459910912346,0.03266297856504448,0.028465339644013626,-2450.091258311718,-2108.7968526171067,2351.3147993535385,0.4444444444444444,0.0,0.25
5.983333333333333,8.408398188205096,-0.3760847682438615,8.41680461008308,2.2530088607294823,-0.45682631913068605,-0.145,1.4897380329239072,-3.807281508121931,78.04418167146109,-35.899658818876915,-0.04469748825848893,0.03288497440380066,0.028667922466423048,-2464.712403014608,-2122.483444240073,2349.5349324628137,0.4444444444444444,0.0,0.25
6.0,8.43605803132722,-0.3755071969415795,8.444411214695517,2.2453801813226915,-0.45825696828646606,-0.145,1.4863386536924126,-3.8307730360485657,77.96104020705144,-35.78631556047468,-0.04448280089936816,0.03310774482644646,0.028871151339415427,-2479.3478266201228,-2136.1841889145267,2347.7584026547815,0.4444444444444444,0.0,0.25
6.016666666666667,8.463665655550116,-0.3749093914770988,8.471965142796346,2.237727696418887,-0.4596839049591044,-0.145,1.4829402207722127,-3.854286984009385,77.87847393544023,-35.67198526144103,-0.044267399443726076,0.033331288090074906,0.029075024545284055,-2493.9969183429716,-2149.898529815061,2345.985222121887,0.4444444444444444,0.0,0.25
6.033333333333333,8.49122087076914,-0.3742913281761426,8.499466211153104,2.2300514680218537,-0.4611071167536843,-0.145,1.4795428183085313,-3.877822437292322,77.796496116027,-35.55666906059844,-0.044051285024222536,0.03355560295944213,0.029279540866770534,-2508.6590999534496,-2163.625941950385,2344.215403065337,0.4444444444444444,0.0,0.25
6.05,8.51872348664658,-0.3736529806464094,8.52691423622227,2.222351558342397,-0.4625265912317446,-0.145,1.4761465273255705,-3.901378522447118,77.71512005202881,-35.44036825255663,-0.04383445839624718,0.033780688603522444,0.02948469947802238,-2523.333818680807,-2177.365924690282,2342.448957700219,0.4444444444444444,0.0,0.25
6.066666666666666,8.546173312554501,-0.37299432039473757,8.554309034122248,2.214628029799154,-0.4639423159037882,-0.145,1.4727514264179105,-3.924954397901198,77.63435908875017,-35.32308428916296,-0.043616920016204014,0.03400654451390525,0.02969049986035989,-2538.0205416315835,-2191.1179960074146,2340.6858982594254,0.4444444444444444,0.0,0.25
6.083333333333333,8.573570157531407,-0.37231531731101064,8.581650420613595,2.206880945019475,-0.4653542782274487,-0.145,1.4693575922943056,-3.948549246652856,77.55422661182945,-35.20481878093017,-0.0433986701026764,0.034233170440402166,0.029896941737177718,-2552.718751399416,-2204.8816880395934,2338.92623699664,0.4444444444444444,0.0,0.25
6.1,8.600913830249821,-0.3716159400477817,8.608938211085048,2.1991103668402827,-0.4667624656092431,-0.145,1.4659651002053506,-3.972162270580975,77.47473604546045,-35.08557349844239,-0.043179708684240946,0.03446056634021584,0.03010402502361174,-2567.427942611951,-2218.656543669312,2337.169986188578,0.4444444444444444,0.0,0.25
6.116666666666666,8.628204138992476,-0.37089615631825873,8.636172220544156,2.191316358308891,-0.46816686540848423,-0.145,1.4625740242797869,-3.9957926860133237,77.39590085058829,-34.965350373739945,-0.04296003563686466,0.034688732337798414,0.03031174978760464,-2582.147619215029,-2232.4421138873204,2335.417158136641,0.4444444444444444,0.0,0.25
6.133333333333333,8.655440891635331,-0.3701559331303541,8.663352263611623,2.1834989826837368,-0.46956746494238094,-0.145,1.4591844377889014,-4.019439720275137,77.31773452307851,-34.84415150168288,-0.04273965071317157,0.03491766869313673,0.030520116219775188,-2596.8772923369957,-2246.237955760764,2333.667765168107,0.4444444444444444,0.0,0.25
6.15,8.682623895635965,-0.36939523697064197,8.690478154518614,2.175658303435024,-0.4709642514916807,-0.145,1.4557964133543166,-4.043102609001561,77.24025059185891,-34.721979141293545,-0.042518553565360294,0.03514737577668256,0.030729124610089684,-2611.616478609643,-2260.043630867691,2331.9218196369566,0.4444444444444444,0.0,0.25
6.166666666666667,8.709752958026241,-0.36861403394905684,8.71754970710641,2.167794384245272,-0.4723572123064345,-0.145,1.4524100231112123,-4.066780594045629,77.16346261703386,-34.598835717077925,-0.042296743763162024,0.03537785404952373,0.03093877532979126,-2626.364698848647,-2273.8587040914763,2330.1793339244027,0.4444444444444444,0.0,0.25
6.183333333333334,8.736827885408351,-0.36781228991281256,8.744566734827968,2.159907289009767,-0.47374633461162186,-0.145,1.4490253388364374,-4.0904729218506874,77.08738418797064,-34.47472382032557,-0.04207422080792243,0.03560910404768973,0.031149068817394678,-2641.121477017133,-2287.6827426931222,2328.4403204391983,0.4444444444444444,0.0,0.25
6.2,8.763848483953545,-0.36698997053618315,8.771529050751015,2.1519970818369254,-0.47513160561248363,-0.145,1.4456424320489556,-4.114178842185277,77.01202892135761,-34.349646210387846,-0.041850984143653396,0.03584112636972003,0.03136000556782574,-2655.8863394122914,-2301.5153155981825,2326.704791617754,0.4444444444444444,0.0,0.25
6.216666666666667,8.790814559402993,-0.3661470413913483,8.798436467562363,2.1440638270485683,-0.47651301249948125,-0.145,1.4422613740884909,-4.137897607160914,76.9374104592341,-34.22360581593411,-0.04162703316571498,0.03607392166680744,0.03157158612399357,-2670.658814027764,-2315.3559928495047,2324.9727599241164,0.4444444444444444,0.0,0.25
6.233333333333333,8.817725917070323,-0.3652834680043812,8.825288797573197,2.136107589180123,-0.47789054245285195,-0.145,1.4388822361769786,-4.161628470470865,76.8635424669921,-34.09660573618541,-0.0414023672276435,0.036307490634974265,0.03178381107024586,-2685.4384300546058,-2329.2043451881623,2323.244237849828,0.4444444444444444,0.0,0.25
6.25,8.844582361845541,-0.3643992158995777,8.85208585272519,2.1281284329807466,-0.4792641826467578,-0.145,1.435505089466452,-4.185370686801616,76.79043863134957,-33.96864924212531,-0.04117698564652867,0.03654183400885416,0.03199668102728139,-2700.2247174915547,-2343.059943733489,2321.519237913698,0.4444444444444444,0.0,0.25
6.266666666666667,8.871383698200004,-0.3634942506346347,8.878827444597244,2.120126423413389,-0.4806339202530484,-0.145,1.4321300050762285,-4.209123511379323,76.71811265829554,-33.839739777687264,-0.04095088770725527,0.03677695255674156,0.032210196648190706,-2715.017206841524,-2356.9223597397836,2319.7977726614963,0.4444444444444444,0.0,0.25
6.283333333333333,8.898129730192268,-0.3625685378286478,8.905513384412755,2.112101625654797,-0.4819997424446647,-0.145,1.4287570541216412,-4.232886199621885,76.64657827100717,-33.70988096091812,-0.04072407266585562,0.03701284707664272,0.03242435861537027,-2729.8154288761766,-2370.7911644123465,2318.079854665592,0.4444444444444444,0.0,0.25
6.3,8.924820261474638,-0.3616220431844737,8.932143483047344,2.1040541050954595,-0.4833616363987197,-0.145,1.4253863077360966,-4.256658006873673,76.57584920773867,-33.57907658511723,-0.040496539752166,0.03724951839311835,0.03263916763811253,-2744.6189144542886,-2384.6659287694292,2316.3654965245446,0.4444444444444444,0.0,0.25
6.316666666666666,8.951455095300263,-0.36065473250667274,8.958717551036894,2.0959839273395136,-0.48471958929929126,-0.145,1.422017837087851,-4.280438188204981,76.50593921968246,-33.44733061995056,-0.040268288171937956,0.037486967354750905,0.03285462445071953,-2759.4271943825697,-2398.54622353978,2314.6547108626537,0.4444444444444444,0.0,0.25
6.333333333333333,8.978034034530705,-0.3596665717159843,8.985235398585928,2.0878911582045974,-0.48607358833996256,-0.145,1.418651713392612,-4.304225998262236,76.43686206880268,-33.3146472125394,-0.04003931710852258,0.037725194832106235,0.033070729811021216,-2774.239799310123,-2412.4316190877375,2312.9475103294826,0.4444444444444444,0.0,0.25
6.35,9.004556881643861,-0.35865752686108776,9.01169683557619,2.07977586372167,-0.4874236207261437,-0.145,1.4152880079228374,-4.32802069115799,76.36863152564118,-33.18103068852293,-0.039809625724220844,0.037964201716085444,0.03328748449920711,-2789.056259649494,-2426.321685359707,2311.243907599354,0.4444444444444444,0.0,0.25
6.366666666666666,9.031023438742201,-0.3576275641282374,9.03810167157547,2.07163811013479,-0.48876967367720514,-0.145,1.4119267920144107,-4.3518215203921535,76.30126136709637,-33.046485553094314,-0.039579213161372265,0.03820398891658468,0.033504889316899995,-2803.8761055187697,-2440.2159918472194,2309.5439153708257,0.4444444444444444,0.0,0.25
6.383333333333333,9.057433507561255,-0.35657664984923665,9.064449715846576,2.063477963900864,-0.4901117344284507,-0.145,1.4085681370712386,-4.375627738797797,76.23476537417497,-32.91101649200955,-0.03934807854323903,0.03844455736139868,0.03372294508641649,-2818.6988667004057,-2454.1141075628743,2307.84754636615,0.4444444444444444,0.0,0.25
6.4,9.083786889478306,-0.35550475050811736,9.090740777356475,2.0552954916893604,-0.49144979023295426,-0.145,1.4052121145682006,-4.399438598506257,76.16915732971707,-32.774628372568664,-0.03911622097473025,0.03868590799531607,0.03394165265017184,-2833.5240726133006,-2468.0156010262917,2306.154813330718,0.4444444444444444,0.0,0.25
6.416666666666667,9.110083385521275,-0.35441183274681104,9.116974664785557,2.047090760381996,-0.49278382836328233,-0.145,1.4018587960527822,-4.42325335092749,76.10445101609484,-32.63732624456862,-0.0388836395430013,0.03892804177936629,0.03416101287019575,-2848.351252295422,-2481.9200402578685,2304.465729032493,0.4444444444444444,0.0,0.25
6.433333333333334,9.136322796377732,-0.35329786337004043,9.143151186537017,2.038863837072393,-0.4941138361131202,-0.145,1.3985082531456614,-4.447071246742423,76.04066021288493,-32.4991153412274,-0.038650333317956045,0.03917095969018565,0.034381026627733326,-2863.1799343948246,-2495.826992778607,2302.780306261433,0.4444444444444444,0.0,0.25
6.45,9.162504922404057,-0.35216280934960925,9.169270150746328,2.030614789065711,-0.49543980079881894,-0.145,1.395160557540465,-4.470891535904858,75.97779869451504,-32.36000108007867,-0.038416301352673245,0.039414662719477064,0.034601694822911575,-2878.009647167363,-2509.7360256147117,2301.098557828906,0.4444444444444444,0.0,0.25
6.466666666666667,9.188629563634716,-0.35100663782823216,9.195331365290834,2.022343683878254,-0.4967617097608756,-0.145,1.3918157810028453,-4.494713467650883,75.91588022788505,-32.21998906383652,-0.03818154268377438,0.03965915187354349,0.034823018374455415,-2892.8399184797718,-2523.6467053059014,2299.4204965670947,0.4444444444444444,0.0,0.25
6.483333333333333,9.214696519791618,-0.3498293161230148,9.221334637799393,2.0140505892370544,-0.4980795503653601,-0.145,1.3884739953690288,-4.518536290514322,75.85491856996279,-32.079085081229636,-0.03794605633174612,0.03990442817287873,0.035044998219441806,-2907.670275817038,-2537.5585979166667,2297.7461353283984,0.4444444444444444,0.0,0.25
6.5,9.24070559029358,-0.3486308117286742,9.247279775662117,2.00573557307943,-0.499393310005297,-0.145,1.385135272543925,-4.54235925234699,75.79492746535503,-31.937295107804427,-0.03770984130122803,0.040150492651803205,0.035267635313081976,-2922.5002462932443,-2551.471269049838,2296.075486984827,0.4444444444444444,0.0,0.25
6.516666666666667,9.266656574265864,-0.34741109232056716,9.273166586040183,1.9973987035525225,-0.5007029761020121,-0.145,1.381799684498885,-4.5661816003427935,75.73592064385406,-31.79462530669654,-0.037472896581273764,0.040397346358134176,0.035490930628525146,-2937.3293566652,-2565.384283862009,2294.408564427389,0.4444444444444444,0.0,0.25
6.533333333333333,9.292549270549806,-0.3461701257575824,9.298994875875712,1.9890400490128108,-0.5020085361064496,-0.145,1.3784673032691754,-4.590002581064976,75.6779118179599,-31.65108202937011,-0.03723522114559214,0.04064499035288306,0.03571488515667755,-2952.1571333483635,-2579.297207080424,2292.745380565475,0.4444444444444444,0.0,0.25
6.55,9.318383477712485,-0.34490788008494044,9.324764451901705,1.980659678025605,-0.5033099775004672,-0.145,1.3751382009512143,-4.613821440475876,75.62091468037889,-31.506671816324324,-0.036996813952773516,0.04089342570997248,0.03593949990603294,-2966.983102434597,-2593.209603021089,2291.085948326238,0.4444444444444444,0.0,0.25
6.566666666666666,9.344158994056487,-0.3436243235369354,9.35047512065205,1.9722576593645162,-0.5046072877981135,-0.145,1.3718124496996182,-4.637637423968799,75.56494290149898,-31.361401397766702,-0.03675767394650515,0.041142653515969144,0.03616477590251063,-2981.806789711495,-2607.1210356078245,2289.4302806539677,0.4444444444444444,0.0,0.25
6.583333333333333,9.369875617629718,-0.3423194245396464,9.376126688471581,1.963834062010909,-0.5059004545468914,-0.145,1.3684901217240815,-4.661449776401614,75.51001012684198,-31.215277694252478,-0.03651780005577909,0.04139267486982745,0.03639071418929884,-2996.627720682941,-2621.0310683921616,2287.778390509462,0.4444444444444444,0.0,0.25
6.6,9.395533146235277,-0.3409931517136403,9.401718961526203,1.9553889551533288,-0.5071894653290114,-0.145,1.3651712892861214,-4.685257742131785,75.45612997449324,-31.068307817289696,-0.03627719119509487,0.04164349088264141,0.03661731582670102,-3011.4454205907687,-2634.939264573888,2286.130290869394,0.4444444444444444,0.0,0.25
6.616666666666666,9.421131377441386,-0.3396454738766836,9.427251745813068,1.9469224081869119,-0.5084743077626391,-0.145,1.361856024695713,-4.7090605650526625,75.40331603250934,-30.920499069909305,-0.03603584626465912,0.04189510267740161,0.03684458189198381,-3026.2594144373015,-2648.8451870222007,2284.4859947256728,0.4444444444444444,0.0,0.25
6.633333333333333,9.446670108591379,-0.3382763600464774,9.452724847170796,1.9384344907127722,-0.5097549695031368,-0.145,1.358544400307813,-4.732857488630813,75.35158185630405,-30.771858947199867,-0.03579376415058377,0.04214751138875568,0.03707251347922509,-3041.0692270086734,-2662.748398297337,2282.845515084808,0.4444444444444444,0.0,0.25
6.6499999999999995,9.472149136813748,-0.3368857794434267,9.478138071289774,1.9299252725373695,-0.5110314382443029,-0.145,1.3552364885188113,-4.756647755944291,75.30094096601313,-30.622395136806272,-0.03555094372508389,0.04240071816277041,0.037301111699161345,-3055.874382898829,-2676.6484606726667,2281.2088649672623,0.4444444444444444,0.0,0.25
6.666666666666667,9.49756825903224,-0.33547370149345346,9.503491223722492,1.9213948236718539,-0.5123037017196105,-0.145,1.3519323617628864,-4.780430609721734,75.25140684383835,-30.472115519391952,-0.035307383846676386,0.04265472415669437,0.03753037767903339,-3070.674406534118,-2690.544936157168,2279.576057406804,0.4444444444444444,0.0,0.25
6.683333333333334,9.522927271976,-0.3340400958308601,9.528784109893925,1.9128432143313947,-0.5135717477034469,-0.145,1.3486320925083124,-4.804205292382186,75.2029929313713,-30.321028169064096,-0.03506308336038029,0.042909530538719265,0.03776031256243012,-3085.468822198398,-2704.4373865182774,2277.9471054498586,0.4444444444444444,0.0,0.25
6.7,9.548225972189776,-0.33258493230125047,9.554016535111986,1.9042705149344827,-0.514835564012355,-0.145,1.3453357532536878,-4.827971046075605,75.15571262689738,-30.16914135376132,-0.03481804109791926,0.0431651384877403,0.03799091750912962,-3100.2571540586314,-2718.325373305077,2276.3220221548527,0.4444444444444444,0.0,0.25
6.716666666666667,9.573464156044166,-0.3311081809645129,9.579188304578006,1.8956767961022165,-0.5160951385062758,-0.145,1.342043416524115,-4.851727112724007,75.10957928268066,-30.016463535603343,-0.034572255877926866,0.04342154919311371,0.03822219369493712,-3115.0389261909145,-2732.208457871792,2274.7008205915577,0.4444444444444444,0.0,0.25
6.733333333333333,9.598641619745926,-0.3296098120978697,9.604299223397296,1.887062128657565,-0.5173504590897965,-0.145,1.3387551548673227,-4.875472734063165,75.06460620222983,-29.863003371202083,-0.03432572650615513,0.0436787638544118,0.03845414231151969,-3129.8136626069104,-2746.086201401585,2273.08351384043,0.4444444444444444,0.0,0.25
6.75,9.623758159348322,-0.3280897961989964,9.629349096589722,1.878426583624612,-0.5186015137134017,-0.145,1.335471040849737,-4.899207151684902,75.02080663754603,-29.708769711933773,-0.03407845177568657,0.04393678368117426,0.038686764566237423,-3144.5808872806597,-2759.9581649306633,2271.470114991945,0.4444444444444444,0.0,0.25
6.766666666666667,9.648813570761531,-0.3265481039892141,9.654337729100368,1.8697702322277754,-0.5198482903747296,-0.145,1.3321911470525087,-4.922929607079874,74.97819378635303,-29.55377160417154,-0.03383043046715014,0.04419560989265589,0.038920061681970715,-3159.3401241757488,-2773.823909372634,2269.8606371459323,0.4444444444444444,0.0,0.25
6.783333333333333,9.673807649763093,-0.32498470641675736,9.67926492581021,1.8610931458910112,-0.5210907771198331,-0.145,1.3289155460674906,-4.946639341680911,74.93678078931023,-29.398018289478003,-0.03358166134894128,0.044455243717570134,0.0391540348969437,-3174.090897272825,-2787.682995543166,2268.2550934109026,0.4444444444444444,0.0,0.25
6.8,9.698740192008424,-0.32339957466012054,9.704130491546882,1.8523953962369912,-0.5223289620444475,-0.145,1.3256443104931697,-4.970335596906811,74.89658072720908,-29.241519204757395,-0.03333214317744629,0.04471568639382828,0.03938868546454336,-3188.832730597442,-2801.5349841848947,2266.653496903378,0.4444444444444444,0.0,0.25
6.816666666666666,9.723610993041348,-0.3217926801314839,9.728934231095446,1.8436770550862627,-0.5235628332952625,-0.145,1.322377512930566,-4.994017614206637,74.85760661815357,-29.084283982366788,-0.03308187469727132,0.04497693916827378,0.03962401465313459,-3203.565148248212,-2815.379435992614,2265.055860747213,0.4444444444444444,0.0,0.25
6.833333333333333,9.748419848304716,-0.320163994480222,9.753675949209246,1.8349381944563858,-0.5247923790712022,-0.145,1.31911522597907,-5.017684635104517,74.81987141472521,-28.926322450185886,-0.03283085464147587,0.04523900329641206,0.039860023745870644,-3218.2876744252967,-2829.2159116387147,2263.4621980729144,0.4444444444444444,0.0,0.25
6.85,9.773166553151047,-0.31851348959649584,9.778355450620786,1.826178886561049,-0.5260175876247098,-0.145,1.315857522232259,-5.041335901244851,74.78338800113337,-28.767644631645005,-0.0325790817318113,0.045501880042135096,0.040096714040499214,-3232.9998334591764,-2843.043971798886,2261.87252201696,0.4444444444444444,0.0,0.25
6.866666666666666,9.797850902853234,-0.3168411376149307,9.80297254005269,1.8173992038091653,-0.5272384472630404,-0.145,1.312604474273662,-5.0649706544380555,74.74816919035125,-28.60826074571079,-0.032326554678964156,0.04576557067744064,0.04033408684916393,-3247.7011498397333,-2856.863177178093,2260.2868457211107,0.4444444444444444,0.0,0.25
6.883333333333333,9.822472692615285,-0.31514691091838115,9.827527022228653,1.8085992188039424,-0.5284549463495594,-0.145,1.309356154672486,-5.088588136706696,74.7142277212383,-28.44818120682917,-0.03207327218280474,0.046030076482146215,0.04057214349820103,-3262.391148245621,-2870.6730885367797,2258.7051823317233,0.4444444444444444,0.0,0.25
6.8999999999999995,9.847031717583125,-0.3134307821417843,9.852018701884507,1.7997790043419364,-0.529667073305048,-0.145,1.3061126359793036,-5.112187590332129,74.68157625564977,-28.287416624825223,-0.03181923293264078,0.04629539874359777,0.04081088532793122,-3277.0693535739497,-2884.473266717362,2257.1275449990567,0.4444444444444444,0.0,0.25
6.916666666666667,9.871527772855437,-0.3116927241761041,9.876447383779277,1.7909386334120807,-0.530874816609017,-0.145,1.3028739907217013,-5.135768257901571,74.65022737553382,-28.125977804759465,-0.03156443560747649,0.04656153875637224,0.04105031369244693,-3291.735290970222,-2898.263272670958,2255.5539468765764,0.4444444444444444,0.0,0.25
6.933333333333334,9.895960653494564,-0.3099327101723659,9.900812872706329,1.7820781791946922,-0.5320781648010251,-0.145,1.2996402913998866,-5.15932938235561,74.62019358001706,-27.963875746740197,-0.031308878876276966,0.04682849782197482,0.041290429959394186,-3306.3884858585957,-2912.0426674843757,2253.9844011202563,0.4444444444444444,0.0,0.25
6.95,9.920330154537446,-0.3081507135457853,9.925114973504524,1.773197715060458,-0.5332771064820067,-0.145,1.2964116104822627,-5.182870207036187,74.591487282479,-27.801121645691456,-0.031052561398238268,0.047096277248529966,0.041531235509749666,-3321.0284639724046,-2925.811012407359,2252.418920887878,0.4444444444444444,0.0,0.25
6.966666666666667,9.944636071006613,-0.3063467079799907,9.94935349106946,1.7642973145693983,-0.5344716303156052,-0.145,1.2931880204009534,-5.2063899757350045,74.56412080761622,-27.63772689107627,-0.03079548182306299,0.047364878350466696,0.04177273173759249,-3335.654751384977,-2939.5678688800845,2250.857519338323,0.4444444444444444,0.0,0.25
6.983333333333333,9.96887819792123,-0.3045206674313417,9.973528230364721,1.7553770514698068,-0.5356617250295149,-0.145,1.2899695935473032,-5.2298879327423835,74.5381063884969,-27.47370306657477,-0.030537638791241644,0.04763430244819744,0.04201492004987091,-3350.2668745407213,-2953.3127985609185,2249.300209630868,0.4444444444444444,0.0,0.25
7.0,9.993056330308178,-0.3026725661333448,9.997638996433214,1.7464369996971696,-0.5368473794168293,-0.145,1.2867564022673292,-5.253363322896566,74.51345616360629,-27.309061949716806,-0.030279030934339875,0.04790455086779115,0.04225780186616344,-3364.864360286519,-2967.0453633544184,2247.747004924471,0.4444444444444444,0.0,0.25
7.016666666666667,10.017170263213206,-0.3008023786011677,10.02168559440851,1.7374772333730608,-0.5380285823373963,-0.145,1.2835485188571365,-5.276815391633457,74.49018217388405,-27.143815511468734,-0.030019656875291543,0.04817562494063948,0.04250137861843473,-3379.446735903363,-2980.765125439591,2246.1979183770604,0.4444444444444444,0.0,0.25
7.033333333333333,10.041219791712102,-0.2989100796362534,10.045667829526266,1.7284978268040165,-0.5392053227191819,-0.145,1.2803460155582993,-5.3002433850368025,74.46829635975392,-26.977975915773996,-0.029759515228697957,0.048447526003117095,0.04274565175078591,-3394.013529138301,-2994.4716472984105,2244.6529631448125,0.4444444444444444,0.0,0.25
7.05,10.065204710921938,-0.29699564433103526,10.069585507135672,1.7194988544803844,-0.5403775895596402,-0.145,1.2771489645532048,-5.3236465498888,74.44781055814664,-26.811555519047197,-0.029498604601133065,0.04872025539623505,0.04299062271919924,-3408.564268236642,-3008.1644917445697,2243.112152381437,0.4444444444444444,0.0,0.25
7.066666666666666,10.089124816012346,-0.2950590480737558,10.093438432710943,1.7104803910751512,-0.5415453719270915,-0.145,1.273957437960354,-5.347024133721175,74.42873649951679,-26.644566869621308,-0.02923692359145507,0.048993814465287694,0.04323629299127726,-3423.0984819744435,-3021.8432219525084,2241.5754992374495,0.4444444444444444,0.0,0.25
7.083333333333333,10.112979902216866,-0.2931002665533888,10.117226411862884,1.7014425114427476,-0.542708658962107,-0.145,1.2707715078296258,-5.370375384866641,74.41108580485414,-26.47702270714775,-0.02897447079112419,0.04926820455949281,0.04348266404597584,-3437.61569969127,-3035.507401486667,2240.0430168594444,0.4444444444444444,0.0,0.25
7.1,10.136769764844308,-0.29111927576466645,10.140949250350456,1.6923852906178298,-0.5438674398789008,-0.145,1.2675912461375132,-5.393699552510842,74.39486998269062,-26.308935961948958,-0.028711244784526933,0.0495434270316249,0.04372973737333171,-3452.1154513232304,-3049.156594331005,2238.5147183893678,0.4444444444444444,0.0,0.25
7.116666666666666,10.160494199290198,-0.2891160520132147,10.164606754092432,1.683308803814037,-0.5450217039667303,-0.145,1.2644167247823077,-5.416995886744705,74.3801004261032,-26.140319754323247,-0.02844724414930688,0.04981948323764153,0.04397751447418376,-3466.5972674362856,-3062.790364918768,2236.990616963782,0.4444444444444444,0.0,0.25
7.133333333333333,10.184153001048248,-0.28709057192079607,10.188198729179062,1.6742131264227262,-0.5461714405913027,-0.145,1.2612480155792605,-5.4402636386172185,74.36678840971383,-25.971187393801625,-0.02818246745670208,0.0500963745363025,0.04422599685988838,-3481.0606792598214,-3076.4082781624948,2235.4707257131313,0.4444444444444444,0.0,0.25
7.1499999999999995,10.207745965721884,-0.28504281243066193,10.211724981883805,1.6650983340116836,-0.5473166391961896,-0.145,1.258085190255696,-5.463502060188651,74.35494508668707,-25.801552378356345,-0.02791691327188916,0.05037410228878206,0.04447518605202873,-3495.505218720504,-3090.0098994842856,2233.9550577610016,0.4444444444444444,0.0,0.25
7.166666666666667,10.23127288903583,-0.2829727508130169,10.235185318675098,1.6559645023238116,-0.5484572893042481,-0.145,1.2549283204460961,-5.486710404584186,74.34458148572614,-25.631428393560874,-0.02765058015433425,0.05065266785827366,0.04472508358211744,-3509.930418476391,-3103.594794846298,2232.4436262233776,0.4444444444444444,0.0,0.25
7.183333333333334,10.25473356684773,-0.28088036467059485,10.258579546228173,1.6468117072757928,-0.5495933805190502,-0.145,1.2517774776871409,-5.509887926048001,74.33570850806835,-25.46082931170115,-0.027383466658150835,0.05093207260958754,0.04497569099129341,-3524.335811951324,-3117.162530781512,2230.936444207898,0.4444444444444444,0.0,0.25
7.2,10.27812779515982,-0.2787656319443494,10.281907471436913,1.6376400249567298,-0.5507249025263187,-0.145,1.2486327334127219,-5.53303387999774,74.3283369244805,-25.289769190837774,-0.027115571332464623,0.051212317908740645,0.04522700983001177,-3538.7209333695732,-3130.7126744247216,2229.4335248131065,0.4444444444444444,0.0,0.25
7.216666666666667,10.301455370130652,-0.2766285309192601,10.30516890142574,1.6284495316267609,-0.5518518450953707,-0.145,1.2454941589489126,-5.556147523079433,74.32247737225511,-25.11826227381902,-0.026846892721785597,0.05149340512253894,0.04547904165772755,-3553.085317790752,-3144.244793543777,2227.9348811277,0.4444444444444444,0.0,0.25
7.233333333333333,10.324716088086868,-0.2744690402302548,10.328363643561584,1.6192403037156518,-0.552974198080568,-0.145,1.242361825508902,-5.579228113222829,74.31814035220859,-24.946322987244443,-0.02657742936638716,0.05177533561815233,0.045731788042572594,-3567.4285011450033,-3157.7584565710777,2226.440526229774,0.4444444444444444,0.0,0.25
7.25,10.347909745535029,-0.27228713886825096,10.35149150546586,1.6100124178213628,-0.5540919514227751,-0.145,1.2392358041878992,-5.602274909697124,74.3153362256817,-24.773965940378876,-0.026307179802692697,0.05205811076268148,0.04598525056102567,-3581.750020268434,-3171.2532326352843,2224.9504731860648,0.4444444444444444,0.0,0.25
7.266666666666667,10.371036139173478,-0.2700828061863166,10.37455229502651,1.6007659507085925,-0.555205095150824,-0.145,1.2361161659579927,-5.62528717316714,74.31407521154345,-24.601205924016675,-0.026036142563669575,0.05234173192271695,0.04623943079757595,-3596.049412938823,-3184.7286915933014,2223.464735051185,0.4444444444444444,0.0,0.25
7.283333333333333,10.39409506590426,-0.26785602190595215,10.397545820410054,1.5915009793072956,-0.5563136193829857,-0.145,1.2330029816629842,-5.64826416574989,74.31436738319918,-24.428057909296022,-0.02576431617923064,0.0526262004638902,0.04649433034437925,-3610.326217911577,-3198.184404062474,2221.9833248668638,0.4444444444444444,0.0,0.25
7.3,10.417086322845105,-0.2656067661234959,10.420471890073747,1.5822175807111771,-0.557417514328451,-0.145,1.2298963220131807,-5.671205151071551,74.3162226656037,-24.254537046463213,-0.025491699176643352,0.05291151775041651,0.04674995080090754,-3624.579974955942,-3211.6199414530342,2220.5062556611756,0.4444444444444444,0.0,0.25
7.316666666666666,10.440009707341432,-0.2633350193166525,10.443330312777713,1.5729158321761616,-0.5585167702888145,-0.145,1.2267962575801523,-5.694109394324865,74.3196508322803,-24.080658663586714,-0.025218290080946698,0.05319768514462986,0.047006293773591064,-3638.810224891488,-3225.0348760007873,2219.033540447771,0.4444444444444444,0.0,0.25
7.333333333333333,10.462865016978428,-0.2610407623511479,10.466120897597154,1.5635958111188377,-0.5596113776595696,-0.145,1.2237028587914585,-5.716976162326917,74.32466150234649,-23.90643826522094,-0.024944087415375894,0.05348470400650911,0.047263360875453284,-3653.0165096248184,-3238.4287808000154,2217.5651922251022,0.4444444444444444,0.0,0.25
7.35,10.485652049593174,-0.258723976487511,10.488843453934615,1.5542575951148772,-0.5607013269316077,-0.145,1.220616195925336,-5.739804723577337,74.33126413754731,-23.73189153101964,-0.024669089701795054,0.05377257569319624,0.047521153725738584,-3667.1983721865545,-3251.801229836642,2216.101223975645,0.4444444444444444,0.0,0.25
7.366666666666666,10.508370603286803,-0.25638464338798383,10.511497791532253,1.54490126189743,-0.5617866086927252,-0.145,1.2175363391053544,-5.762594348316879,74.33946803929727,-23.557034314298797,-0.02439329546113795,0.054061301558505775,0.047779673949532336,-3681.3553567685562,-3265.1517980215986,2214.64164866512,0.4444444444444444,0.0,0.25
7.383333333333333,10.531020476436721,-0.2540227451235619,10.53408372048417,1.535526889355492,-0.5628672136291382,-0.145,1.2144633582950395,-5.785344308586413,74.34928234573142,-23.38188264054899,-0.024116703213856876,0.05435088295242552,0.048038923177373516,-3695.487008761392,-3278.480061224445,2213.1864792417073,0.4444444444444444,0.0,0.25
7.3999999999999995,10.55360146770889,-0.2516382641811659,10.556601051248805,1.5261345555322505,-0.5639431325270025,-0.145,1.2113973232924569,-5.808053878286296,74.3607160287668,-23.20645270589718,-0.023839311480379793,0.0546413212206088,0.04829890304485968,-3709.592874792054,-3291.7855963072034,2211.73572863526,0.4444444444444444,0.0,0.25
7.416666666666667,10.576113376070136,-0.2492311834709461,10.579049594661328,1.5167243386234017,-0.5650143562739411,-0.145,1.2083383037247706,-5.830722333236124,74.37377789117488,-23.03076087551783,-0.023561118781575838,0.05493261770385774,0.04855961519224413,-3723.672502761913,-3305.0679811584278,2210.289409756514,0.4444444444444444,0.0,0.25
7.433333333333334,10.598556000800524,-0.2468014863337214,10.601429161946108,1.5072963169754439,-0.5660808758605788,-0.145,1.205286369042763,-5.8533489512348895,74.38847656366613,-22.854823681993427,-0.023282123639229303,0.055224773737597474,0.04882106126402518,-3737.7254418849125,-3318.326794727493,2208.8475354962966,0.4444444444444444,0.0,0.25
7.45,10.620929141505782,-0.24434915654855394,10.623739564729208,1.4978505690839443,-0.5671426823820819,-0.145,1.202241588515322,-5.8759330121214965,74.40482050198737,-22.678657823624306,-0.023002324576522196,0.05551779065134166,0.04908324290852744,-3751.751242726007,-3331.561617059097,2207.410118724727,0.4444444444444444,0.0,0.25
7.466666666666667,10.64323259812977,-0.24187417834046082,10.645980615050926,1.4883871735917815,-0.568199767039707,-0.145,1.1992040312238952,-5.898473797835667,74.42281798403296,-22.502280162687903,-0.02272172011852545,0.0558116697681483,0.049346161777475285,-3765.7494572398177,-3344.772029328015,2205.977172290416,0.4444444444444444,0.0,0.25
7.483333333333333,10.665466170967015,-0.23937653638826464,10.66815212537837,1.4789062092873602,-0.5692521211423531,-0.145,1.196173766056921,-5.920970592479204,74.44247710697057,-22.325707723647323,-0.022440308792698937,0.05610641240406697,0.04960981952555764,-3779.7196388095367,-3357.957613874027,2204.548709019667,0.4444444444444444,0.0,0.25
7.5,10.68762966067527,-0.23685621583258382,10.69025390861809,1.469407755102801,-0.5702997361081229,-0.145,1.1931508617042108,-5.943422682377633,74.46380578438273,-22.148957691309434,-0.02215808912940034,0.056402019867576175,0.04987421780998496,-3793.661342286053,-3371.117954237099,2203.1247417156646,0.4444444444444444,0.0,0.25
7.516666666666667,10.709722868288154,-0.23431320228396432,10.712285778128718,1.4598918901121054,-0.5713426034658885,-0.145,1.1901353866513185,-5.9658293561422004,74.4868117434246,-21.972047408932394,-0.021875059662403037,0.0566984934590114,0.05013935829003758,-3807.5741240272914,-3384.252635192759,2201.705283157668,0.4444444444444444,0.0,0.25
7.533333333333333,10.731745595227821,-0.23174748183115437,10.734247547733693,1.4503586935292907,-0.5723807148568639,-0.145,1.1871274091738648,-5.988189904732237,74.51150252199936,-21.79499437628282,-0.02159121892942304,0.05699583446998378,0.050405242626605624,-3821.4575419377993,-3397.361242787689,2200.290346100197,0.4444444444444444,0.0,0.25
7.55,10.753697643317702,-0.22915904104952317,10.75613903173399,1.440808244706504,-0.5734140620361842,-0.145,1.1841269973318376,-6.0105036215178576,74.53788546595179,-21.617816247642594,-0.021306565472655144,0.05729404418278884,0.050671872481720254,-3835.3111555085206,-3410.4433643755183,2198.8799432722144,0.4444444444444444,0.0,0.25
7.566666666666666,10.775578814795274,-0.226547867009625,10.777960044920901,1.431240623132105,-0.5744426368744895,-0.145,1.1811342189638634,-6.032769802343031,74.56596772628113,-21.440530829765507,-0.021021097839318353,0.05759312386980575,0.050939249518076345,-3849.1345258568163,-3423.4985886528366,2197.474087376309,0.4444444444444444,0.0,0.25
7.583333333333333,10.7973889123249,-0.22391394728591046,10.79971040258885,1.4216559084287252,-0.5754664313595163,-0.145,1.178149141681443,-6.054987745588964,74.59575625637396,-21.26315607978379,-0.020734814582210704,0.05789307479288651,0.051207375398546286,-3862.927215766666,-3436.526505695397,2196.0727910878695,0.4444444444444444,0.0,0.25
7.6,10.819127739010716,-0.22125726996558565,10.821389920548272,1.4120541803512994,-0.5764854375976928,-0.145,1.175171832863163,-6.077156752237858,74.62725780925824,-21.085710103064766,-0.020447714260273545,0.058193898202735295,0.05147625178568481,-3876.688789729102,-3449.5267069945266,2194.6760670542603,0.4444444444444444,0.0,0.25
7.616666666666666,10.840795098409574,-0.2185778236576207,10.842998415138496,1.402435518785071,-0.5774996478157417,-0.145,1.1722023596488798,-6.099276125936964,74.66047893487924,-20.908211151017692,-0.02015979543916542,0.058495595338277875,0.051745880341224924,-3890.4188139828334,-3462.4987854937262,2193.28392789399,0.4444444444444444,0.0,0.25
7.633333333333333,10.862390794544027,-0.2158755975019095,10.864535703240687,1.3928000037435706,-0.5785090543622874,-0.145,1.1692407889338663,-6.121345173062978,74.69542597739832,-20.730677618851075,-0.01987105669184565,0.05879816742602066,0.052016262725564644,-3904.1168565550747,-3475.4423356254742,2191.89638619588,0.4444444444444444,0.0,0.25
7.6499999999999995,10.88391463191538,-0.21315058117858077,10.886001602290827,1.3831477153665672,-0.5795136497094687,-0.145,1.1662871873629428,-6.143363202786756,74.73210507251564,-20.553128043280577,-0.019581496599167643,0.05910161567939974,0.052287400597244606,-3917.7824873025666,-3488.3569533482137,2190.5134545182264,0.4444444444444444,0.0,0.25
7.666666666666667,10.905366415516779,-0.210402764917463,10.90739593029272,1.3734787339179924,-0.5805134264545571,-0.145,1.1633416213245726,-6.165329527138334,74.77052214481736,-20.375581100187777,-0.01929111375048213,0.05940594129811946,0.05255929561241631,-3931.415277952791,-3501.2422361835306,2189.1351453879597,0.4444444444444444,0.0,0.25
7.683333333333334,10.92674595084638,-0.20763213950770334,10.92871850583106,1.3637931397838385,-0.58150837732158,-0.145,1.1604041569449306,-6.187243461072267,74.81068290514861,-20.198055602230042,-0.018999906744250297,0.0597111454674808,0.05283194942430082,-3945.014802145378,-3514.0977832535095,2187.7614712998025,0.4444444444444444,0.0,0.25
7.7,10.948053043920538,-0.2048386963075424,10.949969148084516,1.354091013470029,-0.5824984951629496,-0.145,1.1574748600819524,-6.209104322533254,74.85259284801292,-20.02057049640167,-0.018707874188667036,0.06001722935769893,0.05310536368263834,-3958.5806354736796,-3526.923195318283,2186.3924447154222,0.4444444444444444,0.0,0.25
7.716666666666667,10.969287501287074,-0.20202242725424555,10.97114767683885,1.3443724356002613,-0.5834837729610948,-0.145,1.154553796319352,-6.230911432522054,74.89625724899919,-19.843144861546694,-0.018415014702294303,0.060324194123210634,0.05337954003312766,-3972.11235552654,-3539.718074813739,2185.0280780625817,0.4444444444444444,0.0,0.25
7.733333333333333,10.990449130038588,-0.19918332487419246,10.992253912500106,1.3346374869138236,-0.5844642038300997,-0.145,1.1516410309606133,-6.25266411516171,74.94168116223689,-19.665797905823545,-0.018121326914704708,0.060632040901970816,0.053654480116856335,-3985.6095419302287,-3552.482025889416,2183.6683837342825,0.4444444444444444,0.0,0.25
7.75,11.01153773782583,-0.19632138229312512,11.013287676107797,1.3248862482633823,-0.5854397810173457,-0.145,1.148736629022963,-6.274361697764017,74.98886941788058,-19.488548964121954,-0.01782680946713544,0.06094077081473816,0.0539301855697208,-3999.0717763905336,-3565.214654446564,2182.3133740879107,0.4444444444444444,0.0,0.25
7.766666666666667,11.03255313287112,-0.19343659324655635,11.034248789348155,1.3151188006127446,-0.5864104979051582,-0.145,1.1458406552313152,-6.29600351089629,75.03782661962464,-19.311417495432334,-0.017531461013152585,0.06125038496435041,0.05420665802183672,-4012.4986427350386,-3577.915568176362,2180.963061444374,0.4444444444444444,0.0,0.25
7.783333333333333,11.053495123981827,-0.19052895209033902,11.055137074567401,1.3053352250345909,-0.5873763480124565,-0.145,1.1429531740121932,-6.317588888448374,75.08855714224903,-19.134423080168066,-0.017235280219325945,0.06156088443498833,0.05448389909693929,-4025.8897269555346,-3590.5843765983077,2179.617458087238,0.4444444444444444,0.0,0.25
7.8,11.074363520563901,-0.18759845381139745,11.07595235478507,1.2955356027081821,-0.588337324996409,-0.145,1.1400742494876326,-6.339117167699905,75.14106512919707,-18.95758541744101,-0.016938265765914402,0.06187227029142901,0.05476191041177349,-4039.2446172505925,-3603.2206910987525,2178.2765762618583,0.4444444444444444,0.0,0.25
7.816666666666666,11.095158132635463,-0.18464509403862175,11.096694453707347,1.2857200149170378,-0.5892934226540909,-0.145,1.1372039454690572,-6.360587689387837,75.19535449018599,-18.780924322290623,-0.016640416347561953,0.06218454357828797,0.05504069357547402,-4052.5629040682875,-3615.8241249695893,2176.94042817451,0.4444444444444444,0.0,0.25
7.833333333333333,11.115878770840453,-0.18166886905392582,11.117363195740472,1.2758885430465872,-0.5902446349241467,-0.145,1.1343423254511389,-6.381999797774195,75.2514288988514,-18.604459722867084,-0.016341730674004445,0.06249770531925031,0.055320250188935285,-4065.8441801490503,-3628.3942934471015,2175.6090259915113,0.4444444444444444,0.0,0.25
7.85,11.136525246462329,-0.17866977580347027,11.137958406004149,1.2660412685817921,-0.5911909558884547,-0.145,1.1314894526056305,-6.40335284071403,75.30929179042631,-18.428211657568827,-0.01604220747078712,0.0628117565162906,0.05560058184417073,-4079.088040568662,-3640.930813750935,2174.2823818383436,0.4444444444444444,0.0,0.25
7.866666666666666,11.157097371437812,-0.17564781190905063,11.158479910345001,1.2561782731047422,-0.5921323797737952,-0.145,1.1286453897751902,-6.424646169723636,75.36894635945575,-18.25220027213496,-0.015741845479993043,0.0631266981488817,0.05588169012366191,-4092.294082781369,-3653.4333051232156,2172.9605077987735,0.4444444444444444,0.0,0.25
7.883333333333333,11.177594958370719,-0.17260297567965205,11.17892753535007,1.2462996382922233,-0.5930689009535214,-0.145,1.1258101994671743,-6.4458791400489375,75.43039555754771,-18.07644581669295,-0.015440643460982435,0.06344253117319204,0.05616357659969692,-4105.461906663122,-3665.901388867798,2171.643415913962,0.4444444444444444,0.0,0.25
7.8999999999999995,11.198017820545823,-0.1695352661231708,11.199301108360347,1.236405445913256,-0.594000513949233,-0.145,1.1229839438474232,-6.467051110734096,75.49364209116162,-17.900968642762116,-0.015138600191143027,0.06375925652127207,0.05644624283369829,-4118.591114554934,-3678.3346883896374,2170.3311181815798,0.4444444444444444,0.0,0.25
7.916666666666667,11.218365771942782,-0.1664446829583032,11.219600457484324,1.226495777826609,-0.5949272134324521,-0.145,1.1201666847340224,-6.488161444690286,75.55868841943462,-17.72578920021337,-0.014835714466651474,0.06407687510022872,0.056729690375540334,-4131.68131130633,-3690.732829234293,2169.0236265549083,0.4444444444444444,0.0,0.25
7.933333333333334,11.238638627250122,-0.16333122662660327,11.2398254116116,1.2165707159782813,-0.5958489942263008,-0.145,1.1173584835910502,-6.509209508764672,75.62553675204725,-17.550928034185706,-0.014531985103245926,0.06439538779138898,0.05701392076285547,-4144.732104318914,-3703.0954391275363,2167.7209529419497,0.4444444444444444,0.0,0.25
7.95,11.258836201879282,-0.16019489830470854,11.259975800426497,1.2066303423989586,-0.5967658513071807,-0.145,1.114559401522313,-6.530194673809523,75.69418904712877,-17.376405781959985,-0.014227410937009731,0.06471479544945177,0.05729893552032982,-4157.743103590023,-3715.4221480150613,2166.4231092045193,0.4444444444444444,0.0,0.25
7.966666666666667,11.278958311978716,-0.15703569991673538,11.280051454421745,1.196674739201442,-0.5976777798064551,-0.145,1.1117694992650615,-6.551116314751501,75.76464700920326,-17.202243169790552,-0.0139219908251664,0.06503509890162826,0.05758473615898814,-4170.71392175645,-3727.7125881023253,2165.1301071573466,0.4444444444444444,0.0,0.25
7.983333333333333,11.299004774448047,-0.15385363414684414,11.30005220491215,1.1867039885780466,-0.5985847750121298,-0.145,1.108988837183694,-6.571973810661089,75.83691208717735,-17.028461009695235,-0.013615723646885885,0.0653562989467708,0.057871324175467365,-4183.644174138274,-3739.966393894462,2163.841958567165,0.4444444444444444,0.0,0.25
