t,vx,vy,speed,yaw,yaw_rate,steering_angle,ax,ay,pos_x,pos_y,sideslip,alpha_f,alpha_r,fy_f,fy_r,f_long,throttle,brake,steer_cmd
0.0,19.599215085258834,0.0,19.599215085258834,0.0,0.0,0.0,1.0802847173717205,0.0,54.49145527207026,0.0,0.0,0.0,0.0,-0.0,-0.0,1630.9566385867954,0.4444444444444444,0.0,0.0
0.016666666666666666,19.61720727863847,0.0,19.61720727863847,0.0,0.0,0.0,1.0790798743080598,0.0,54.81829630164934,0.0,0.0,0.0,0.0,-0.0,-0.0,1629.8012619138674,0.4444444444444444,0.0,0.0
0.03333333333333333,19.635179402988882,0.0,19.635179402988882,0.0,0.0,0.0,1.0778761532768195,0.0,55.14543699204134,0.0,0.0,0.0,0.0,-0.0,-0.0,1628.6471739231952,0.4444444444444444,0.0,0.0
0.05,19.653131477005303,0.0,19.653131477005303,0.0,0.0,0.0,1.076673553768374,0.0,55.47287700895719,0.0,0.0,0.0,0.0,-0.0,-0.0,1627.494373414454,0.4444444444444444,0.0,0.0
0.06666666666666667,19.671063519374453,0.0,19.671063519374453,0.0,0.0,0.0,1.0754720752719173,0.0,55.80061601841933,0.0,0.0,0.0,0.0,-0.0,-0.0,1626.3428591878649,0.4444444444444444,0.0,0.0
0.08333333333333333,19.68897554877454,0.0,19.68897554877454,0.0,0.0,0.0,1.0742717172754697,0.0,56.12865368676155,0.0,0.0,0.0,0.0,-0.0,-0.0,1625.1926300441978,0.4444444444444444,0.0,0.0
0.1,19.706867583875216,0.0,19.706867583875216,0.0,0.0,0.0,1.0730724792658777,0.0,56.45698968062886,0.0,0.0,0.0,0.0,-0.0,-0.0,1624.043684784769,0.4444444444444444,0.0,0.0
0.11666666666666667,19.724739643337575,0.0,19.724739643337575,0.0,0.0,0.0,1.071874360728823,0.0,56.785623666977315,0.0,0.0,0.0,0.0,-0.0,-0.0,1622.8960222114451,0.4444444444444444,0.0,0.0
0.13333333333333333,19.742591745814124,0.0,19.742591745814124,0.0,0.0,0.0,1.0706773611488234,0.0,57.11455531307392,0.0,0.0,0.0,0.0,-0.0,-0.0,1621.7496411266432,0.4444444444444444,0.0,0.0
0.15,19.76042390994877,0.0,19.76042390994877,0.0,0.0,0.0,1.0694814800092396,0.0,57.443784286496474,0.0,0.0,0.0,0.0,-0.0,-0.0,1620.6045403333326,0.4444444444444444,0.0,0.0
0.16666666666666666,19.778236154376792,0.0,19.778236154376792,0.0,0.0,0.0,1.0682867167922776,0.0,57.7733102551334,0.0,0.0,0.0,0.0,-0.0,-0.0,1619.4607186350352,0.4444444444444444,0.0,0.0
0.18333333333333332,19.796028497724826,0.0,19.796028497724826,0.0,0.0,0.0,1.0670930709789952,0.0,58.10313288718363,0.0,0.0,0.0,0.0,-0.0,-0.0,1618.3181748358284,0.4444444444444444,0.0,0.0
0.2,19.81380095861085,0.0,19.81380095861085,0.0,0.0,0.0,1.0659005420493053,0.0,58.43325185115644,0.0,0.0,0.0,0.0,-0.0,-0.0,1617.1769077403455,0.4444444444444444,0.0,0.0
0.21666666666666667,19.83155355564417,0.0,19.83155355564417,0.0,0.0,0.0,1.0647091294819775,0.0,58.76366681587133,0.0,0.0,0.0,0.0,-0.0,-0.0,1616.0369161537747,0.4444444444444444,0.0,0.0
0.23333333333333334,19.84928630742538,0.0,19.84928630742538,0.0,0.0,0.0,1.0635188327546485,0.0,59.094377450457856,0.0,0.0,0.0,0.0,-0.0,-0.0,1614.8981988818643,0.4444444444444444,0.0,0.0
0.25,19.86699923254637,0.0,19.86699923254637,0.0,0.0,0.0,1.0623296513438214,0.0,59.42538342435549,0.0,0.0,0.0,0.0,-0.0,-0.0,1613.7607547309217,0.4444444444444444,0.0,0.0
0.26666666666666666,19.884692349590278,0.0,19.884692349590278,0.0,0.0,0.0,1.0611415847248713,0.0,59.75668440731348,0.0,0.0,0.0,0.0,-0.0,-0.0,1612.624582507814,0.4444444444444444,0.0,0.0
0.2833333333333333,19.902365677131492,0.0,19.902365677131492,0.0,0.0,0.0,1.0599546323720512,0.0,60.08828006939069,0.0,0.0,0.0,0.0,-0.0,-0.0,1611.4896810199712,0.4444444444444444,0.0,0.0
0.3,19.92001923373563,0.0,19.92001923373563,0.0,0.0,0.0,1.0587687937584935,0.0,60.4201700809555,0.0,0.0,0.0,0.0,-0.0,-0.0,1610.3560490753848,0.4444444444444444,0.0,0.0
0.31666666666666665,19.937653037959514,0.0,19.937653037959514,0.0,0.0,0.0,1.0575840683562172,0.0,60.752354112685595,0.0,0.0,0.0,0.0,-0.0,-0.0,1609.223685482612,0.4444444444444444,0.0,0.0
0.3333333333333333,19.95526710835116,0.0,19.95526710835116,0.0,0.0,0.0,1.0564004556361308,0.0,61.08483183556786,0.0,0.0,0.0,0.0,-0.0,-0.0,1608.0925890507747,0.4444444444444444,0.0,0.0
0.35,19.97286146344974,0.0,19.97286146344974,0.0,0.0,0.0,1.0552179550680356,0.0,61.41760292089821,0.0,0.0,0.0,0.0,-0.0,-0.0,1606.9627585895614,0.4444444444444444,0.0,0.0
0.36666666666666664,19.990436121785596,0.0,19.990436121785596,0.0,0.0,0.0,1.0540365661206326,0.0,61.75066704028147,0.0,0.0,0.0,0.0,-0.0,-0.0,1605.8341929092285,0.4444444444444444,0.0,0.0
0.3833333333333333,20.007991101880194,0.0,20.007991101880194,0.0,0.0,0.0,1.0528562882615233,0.0,62.0840238656312,0.0,0.0,0.0,0.0,-0.0,-0.0,1604.7068908206008,0.4444444444444444,0.0,0.0
0.4,20.02552642224611,0.0,20.02552642224611,0.0,0.0,0.0,1.051677120957218,0.0,62.417673069169574,0.0,0.0,0.0,0.0,-0.0,-0.0,1603.5808511350738,0.4444444444444444,0.0,0.0
0.4166666666666667,20.04304210138703,0.0,20.04304210138703,0.0,0.0,0.0,1.050499063673136,0.0,62.75161432342719,0.0,0.0,0.0,0.0,-0.0,-0.0,1602.4560726646137,0.4444444444444444,0.0,0.0
0.43333333333333335,20.060538157797712,0.0,20.060538157797712,0.0,0.0,0.0,1.0493221158736121,0.0,63.08584730124297,0.0,0.0,0.0,0.0,-0.0,-0.0,1601.3325542217588,0.4444444444444444,0.0,0.0
0.45,20.078014609963972,0.0,20.078014609963972,0.0,0.0,0.0,1.0481462770219032,0.0,63.420371675763995,0.0,0.0,0.0,0.0,-0.0,-0.0,1600.2102946196233,0.4444444444444444,0.0,0.0
0.4666666666666667,20.09547147636268,0.0,20.09547147636268,0.0,0.0,0.0,1.0469715465801857,0.0,63.75518712044532,0.0,0.0,0.0,0.0,-0.0,-0.0,1599.0892926718925,0.4444444444444444,0.0,0.0
0.48333333333333334,20.112908775461715,0.0,20.112908775461715,0.0,0.0,0.0,1.0457979240095667,0.0,64.09029330904987,0.0,0.0,0.0,0.0,-0.0,-0.0,1597.9695471928303,0.4444444444444444,0.0,0.0
0.5,20.13032652571998,0.0,20.13032652571998,0.0,0.0,0.0,1.0446254087700846,0.0,64.42568991564829,0.0,0.0,0.0,0.0,-0.0,-0.0,1596.851056997277,0.4444444444444444,0.0,0.0
0.5166666666666666,20.147718526936988,-0.002338464358951292,20.147718662645048,-2.0139195792418453e-05,-0.0019076651077390805,-0.002416666666666658,1.0430924505859995,-0.15863954100081507,64.76137654855818,-2.8944242670296353e-05,-0.00011606596277013203,0.002235612059286951,6.086957514718691e-06,-178.79429118739398,-0.4978883211266502,1595.7341246050885,0.4444444444444444,0.0,0.004166666666666652
0.5333333333333333,20.16507369519543,-0.006184676094539394,20.165074643622848,-9.011049833915514e-05,-0.005523781588161451,-0.004833333333333332,1.0408991208209035,-0.30553386937137905,65.09735265628507,-0.00013003776349570958,-0.0003067023703508545,0.004278464706950795,4.5600097431384484e-05,-341.8943868407513,-3.730086329712233,1594.6193869069407,0.4444444444444444,0.0,0.008333333333333331
0.55,20.182382712542026,-0.01085406554679145,20.182385631194695,-0.0002364635215499469,-0.010665989098681267,-0.007250000000000006,1.0381184402147914,-0.4453724780498257,65.4336175043872,-0.00034354157375238696,-0.0005377989633312282,0.006176223217289381,0.00014159550491983704,-492.94825292851743,-11.583044777395973,1593.507468757061,0.4444444444444444,0.0,0.012500000000000011
0.5666666666666667,20.199637603665952,-0.01578820498847417,20.199643773761267,-0.00048287944819196517,-0.01716815874478345,-0.009666666666666664,1.0348006408011028,-0.5820052527081516,65.77017018356489,-0.0007080293248604351,-0.0007816081695715305,0.007968888040093736,0.00031166581980222576,-635.046902872731,-25.496470051964035,1592.398901411522,0.4444444444444444,0.0,0.016666666666666663
0.5833333333333334,20.21683125653929,-0.020536608344139343,20.21684168725833,-0.0008504302959018739,-0.0248793023469232,-0.012083333333333338,1.0309773394191155,-0.7185347430170386,66.10700960831382,-0.0012614139484742072,-0.001015817019974159,0.009689813497608026,0.0005688212532901355,-770.7659313443745,-46.53492888421396,1591.2941528227204,0.4444444444444444,0.0,0.020833333333333343
0.6,20.233956946778683,-0.02474053233563898,20.233972072186756,-0.001357817844875878,-0.033662290980397205,-0.014499999999999996,1.0266654104162471,-0.8574105178593417,66.4441345074074,-0.002041770808769802,-0.0012227227759385,0.011366638784068841,0.000922251712231538,-902.2182902851697,-75.44930208945962,1590.193658499689,0.4444444444444444,0.0,0.024999999999999994
0.6166666666666667,20.251007901887203,-0.028118750641622704,20.251027423477446,-0.0020215907330753922,-0.04339253543121766,-0.01691666666666667,1.021870436776456,-1.000518180086337,66.78154340712332,-0.0030879837516909624,-0.0013885102759939065,0.013022120005306337,0.001377981888545905,-1031.1092153359832,-112.72888705330949,1589.0978502810804,0.4444444444444444,0.0,0.029166666666666674
0.6333333333333333,20.2679769254,-0.030455162898773668,20.267999806727204,-0.0028563399879410188,-0.05395671065879894,-0.019333333333333327,1.016589711950914,-1.1492597744473454,67.11923460792369,-0.004440238564469962,-0.0015026235765672339,0.014674863723833063,0.0019394322285737175,-1158.7887448771546,-158.64513834697934,1588.0071815101385,0.4444444444444444,0.0,0.033333333333333326
0.65,20.284856090089917,-0.031588055584895615,20.284880684907012,-0.0038748741975036037,-0.06525156697378676,-0.021750000000000002,1.0108148091521605,-1.3046246571901718,67.45720615519835,-0.006140385785450376,-0.0015572222899458436,0.01633996815320336,0.0026078984252571767,-1286.2998265863516,-213.2881342439701,1586.9221478734578,0.4444444444444444,0.0,0.037500000000000006
0.6666666666666666,20.301636502205373,-0.03140082240130329,20.30166078623434,-0.005088375992077347,-0.07718284841970176,-0.02416666666666666,1.0045337534942091,-1.46725113400688,67.79545580465339,-0.00823219209096561,-0.001546712618838249,0.018029580495317374,0.003382961088909074,-1414.4213832715282,-276.5968824579389,1585.843303678571,0.4444444444444444,0.0,0.04166666666666666
0.6833333333333333,20.318308134091478,-0.02981396060520486,20.3183300077574,-0.006506541708633884,-0.08966432591697072,-0.026583333333333334,0.9977328378394367,-1.6374797659678113,68.13398098294455,-0.010761496923141586,-0.001467343590371388,0.01975337950201246,0.00426283591980931,-1543.7064104242831,-348.3845434740378,1584.7712736781757,0.4444444444444444,0.0,0.04583333333333334
0.7,20.334859719698436,-0.026778177101666797,20.33487735125498,-0.008137706150964078,-0.10261694484985198,-0.02899999999999999,0.9903981224509651,-1.8153994636623236,68.47277874419844,-0.013776288742191887,-0.001316859914055229,0.02151899204484916,0.005244673255699842,-1674.515499938602,-428.35956687131875,1583.7067607564638,0.4444444444444444,0.0,0.04999999999999999
0.7166666666666667,20.351278705858533,-0.022268458525458154,20.351290888977438,-0.009988954299559767,-0.1159680817609043,-0.03141666666666666,0.9825166551960658,-2.0008875010003377,68.8118457231183,-0.017326713330987304,-0.001094203954458972,0.02333235177468026,0.006324814441224107,-1807.0463002839451,-516.143618428026,1582.6505499142875,0.4444444444444444,0.0,0.05416666666666667
0.7333333333333333,20.36755125143131,-0.016278980008801614,20.367557757003446,-0.012066221701331968,-0.12965090157321588,-0.033833333333333326,0.974077444973883,-2.193644479606367,69.15117808542522,-0.021465024940409153,-0.0007992603696640755,0.025198007102555146,0.007499011151758031,-1941.3594315353248,-611.2870370563679,1581.6035090517823,0.4444444444444444,0.0,0.05833333333333332
0.75,20.38366226621054,-0.008818746234815275,20.383664173872678,-0.014374385104460628,-0.14360380475461992,-0.03625,0.9650722171579811,-2.393225121449112,69.49077147643149,-0.02624548970734744,-0.0004326379415742119,0.02711938486968186,0.008762612651535263,-2077.4013296222115,-713.282413342312,1580.566587068268,0.4444444444444444,0.0,0.0625
0.7666666666666666,20.39959548167419,9.212506267533734e-05,20.39959548188221,-0.016917344715550967,-0.1577699527988463,-0.038666666666666655,0.9554959765338348,-2.599065597425153,69.83062096857665,-0.03172424965788349,4.516023994567483e-06,0.029099015263043072,0.010110725000074558,-2215.0244290963547,-821.5767366971488,1579.5408097926356,0.4444444444444444,0.0,0.06666666666666665
0.7833333333333333,20.4153335461119,0.010425553057775462,20.415336208134278,-0.019698099259243686,-0.17209686016032094,-0.04108333333333333,0.9453474005679959,-2.8105079352909503,70.17072100877368,-0.0379591546783248,0.0005106726337801957,0.031138722804596335,0.011538345447040809,-2354.005024852987,-935.5824248625007,1578.5272742319744,0.4444444444444444,0.0,0.07083333333333333
0.8,20.43085813729583,0.02214814182225287,20.430870142176847,-0.022718814826475447,-0.18653604120680922,-0.043500000000000004,0.9346290838073226,-3.0268219049718215,70.51106536641232,-0.04500956905126417,0.0010840530044046867,0.033239787605480166,0.013040474664821002,-2494.0590897677703,-1054.6874344661258,1577.5271415880547,0.4444444444444444,0.0,0.07500000000000001
0.8166666666666667,20.44615008660398,0.035223381973544986,20.446180426929953,-0.025980888316431684,-0.20104270171065047,-0.04591666666666666,0.9233476526342829,-3.2472246601564883,70.85164708284775,-0.05293615847360764,0.0017227373847272754,0.035403080531047945,0.014612209040863695,-2634.856271590314,-1178.2645588105818,1576.5416294450506,0.4444444444444444,0.0,0.07916666666666666
0.8333333333333334,20.461189509311964,0.04961345472014429,20.46124965956056,-0.02948500611620798,-0.21557546573905986,-0.04833333333333333,0.9115137683323732,-3.4708983250656558,71.19245842316666,-0.06180066286704734,0.0024247543117923245,0.03762917546073738,0.016248814961911114,-2776.032250225246,-1305.6799509981897,1575.5720034808246,0.4444444444444444,0.0,0.08333333333333334
0.85,20.47595593659966,0.06528068182710588,20.47605999905721,-0.033231198526128485,-0.2300961303761737,-0.050749999999999997,0.8991420352867203,-3.697005653875102,71.53349083097052,-0.0716656597353354,0.0031881520379959723,0.03991844143871564,0.01794578683972847,-2917.199605486661,-1436.3008665224477,1574.6195690009915,0.4444444444444444,0.0,0.0875
0.8666666666666667,20.490428445641133,0.08218866108268744,20.490593277451726,-0.03721889032990672,-0.24456944236833136,-0.05316666666666667,0.8862508300318828,-3.9247038545187243,71.87473488685036,-0.08259432230129467,0.004011054260510847,0.0422711171857893,0.01969889052226741,-3057.9573241716594,-1569.502597343824,1573.6856625418716,0.4444444444444444,0.0,0.09166666666666667
0.8833333333333333,20.504585784932345,0.10030312380654535,20.504831111918357,-0.04144694782743501,-0.258962892399184,-0.055583333333333325,0.8728620656776729,-4.153156653869482,72.21618027115092,-0.09465017616093373,0.0048917020228825304,0.044687370169203544,0.021504193676814467,-3197.899061884435,-1704.6745655322807,1572.7716437373076,0.4444444444444444,0.0,0.09583333333333333
0.9,20.51840649273966,0.11959254847610902,20.518755015325663,-0.04591372259208048,-0.2732465241665806,-0.057999999999999996,0.8590009049567054,-4.381544682077774,72.55781573153764,-0.10789685771891977,0.005828483526750728,0.04716734219453733,0.023358084697940006,-3336.6202672293884,-1841.2255542423002,1571.8788875965072,0.4444444444444444,0.0,0.1
0.9166666666666666,20.531869007206218,0.14002856240126896,20.532346503197424,-0.05061709218061325,-0.28739275667261843,-0.06041666666666666,0.8446954337496703,-4.609074264441239,72.89962905579027,-0.12239787721950911,0.006819953475911482,0.04971118328416478,0.025257281663579222,-3473.7242715997527,-1978.5880722470195,1571.0087772968322,0.4444444444444444,0.0,0.10416666666666666
0.9333333333333333,20.54495176722149,0.16158616136007012,20.545587195429594,-0.05555449800801848,-0.3013762191070473,-0.06283333333333332,0.8299763054949777,-4.8349847243152775,73.24160705015454,-0.13821638876270415,0.007864843466106788,0.05231907543256026,0.027198832823706415,-3608.8274448939915,-2116.221870903786,1570.1626975575634,0.4444444444444444,0.0,0.10833333333333334
0.95,20.557633303635715,0.18424377510055015,20.55845891148983,-0.06072298059673902,-0.31517359838725423,-0.06524999999999999,0.8148763654393983,-5.058554315848439,73.58373552349079,-0.15541496930072152,0.008962064826166712,0.05499124767459734,0.02918011004979241,-3741.563514568237,-2253.6166553261623,1569.3420286286164,0.4444444444444444,0.0,0.11249999999999999
0.9666666666666667,20.569892320784362,0.2079832045576121,20.570943758176032,-0.06611921241566651,-0.3287634998251946,-0.06766666666666667,0.799430262305261,-5.279104917472382,73.92599927736727,-0.17405540824846727,0.01011070520661901,0.057727983765000254,0.031198796596483,-3871.5871414163157,-2390.294051694918,1568.5481409020927,0.4444444444444444,0.0,0.11666666666666667
0.9833333333333333,20.581707768581882,0.23278945451806232,20.583024209319646,-0.07173952853412349,-0.3421263215515656,-0.07008333333333332,0.7836740537042468,-5.496005624040568,74.26838210215716,-0.19419850901628535,0.011310020100166828,0.060529623642616985,0.03325287043052877,-3998.5768397672755,-2525.808908077759,1567.782390134273,0.4444444444444444,0.0,0.12083333333333332
1.0,20.593058905655674,0.25865048331407164,20.594683177080512,-0.0775799553264492,-0.3552441432811003,-0.0725,0.7676448105717378,-5.708675376390113,74.61086677911418,-0.21590390348496508,0.012559420365683777,0.06339655974055743,0.03534058426947161,-4122.237322241195,-2659.7500158575476,1567.0461132508258,0.4444444444444444,0.0,0.125
1.0166666666666666,20.60392535412996,0.2855568889765898,20.60590407469183,-0.08363623747066244,-0.36810062979698466,-0.07491666666666666,0.7513802250635633,-5.916584761966638,74.9534350883217,-0.23922988019141472,0.013858456715661719,0.06632922910149151,0.03746044334904188,-4242.301339999797,-2791.7403427520503,1566.3406246979748,0.4444444444444444,0.0,0.12916666666666665
1.0333333333333332,20.614287146746445,0.31350154918329093,20.616670870677837,-0.08990386348786773,-0.3806809492148577,-0.07733333333333331,0.7349182257609642,-6.1192571098060435,75.29606782233583,-0.26423322677650984,0.01520680201873055,0.06932810216589114,0.039611181809264526,-4358.5310790237545,-2921.43686695211,1565.667213296518,0.4444444444444444,0.0,0.1333333333333333
1.05,20.624124767036065,0.34247923033470656,20.626968134689136,-0.09637809006620937,-0.3929717057026771,-0.07975,0.7182966036589128,-6.316268988891619,75.63874480527383,-0.29096908706108854,0.016604232166120562,0.07239366901914893,0.04179173846028466,-4470.719161964034,-3048.5300960452864,1565.0271395530863,0.4444444444444444,0.0,0.1375
1.0666666666666667,20.633419183244943,0.3724861792216287,20.63678107518737,-0.10305396540357799,-0.4049608859217993,-0.08216666666666667,0.7015526522363192,-6.507250202218067,75.98144491703663,-0.3194908329576447,0.01805060615541785,0.0755264238106174,0.04400123256448725,-4578.689294244285,-3172.7433452874166,1564.4216333832128,0.4444444444444444,0.0,0.14166666666666666
1.0833333333333333,20.64215187667953,0.4035197090274778,20.646095569271154,-0.10992635178684605,-0.4166378180506153,-0.08458333333333332,0.6847228248762558,-6.6918833513478795,76.32414612229759,-0.3498499512892151,0.01954584595765466,0.07872684799272818,0.04623894015510776,-4682.29658302248,-3293.831838646698,1563.8518922028568,0.4444444444444444,0.0,0.14583333333333331
1.1,20.650304865079534,0.43557778984768775,20.654898184976272,-0.116989947602563,-0.4279931418821569,-0.08700000000000001,0.6678424129611695,-6.869903029266152,76.66682550384084,-0.38209594546845793,0.021089916654953952,0.08199539297021084,0.04850427130555221,-4781.427548967044,-3411.58168400988,1563.3190793483907,0.4444444444444444,0.0,0.15000000000000002
1.1166666666666667,20.657860721561097,0.4686586524977281,20.66317619641225,-0.12423930894557045,-0.43901878817226453,-0.08941666666666666,0.6509452480478762,-7.041094684120026,77.00945929978961,-0.41627625188446055,0.022682807265237824,0.08533246269650811,0.05079674866930458,-4875.999844056464,-3525.808761985343,1562.8243227892199,0.4444444444444444,0.0,0.15416666666666667
1.1333333333333333,20.66480258960324,0.5027604131053092,20.67091759212103,-0.1316688709589889,-0.4497079651705898,-0.09183333333333332,0.6340634315664335,-7.205293183860906,77.35202294423199,-0.4524361707485069,0.024324512607033125,0.08873839670504391,0.05311598752789822,-4965.9616841045145,-3636.3575566370637,1562.3687141015998,0.4444444444444444,0.0,0.15833333333333333
1.15,20.67111419448247,0.5378807248169194,20.67811107706563,-0.13927296900276978,-0.4600551501033745,-0.09424999999999999,0.6172270954291715,-7.362381102455302,77.6944911107256,-0.49061881105982075,0.026015016499951128,0.09221345401524099,0.055461677513547254,-5051.291002598783,-3743.099946792602,1561.9533076766777,0.4444444444444444,0.0,0.16249999999999998
1.1666666666666667,20.676779851497237,0.5740164618675099,20.684746068680102,-0.14704585970991657,-0.47005608330059695,-0.09666666666666666,0.6004641967359718,-7.512286742429558,78.03683775814615,-0.5308650492660851,0.027754276543624765,0.09575779830538667,0.0578335661127636,-5131.9943326869725,-3845.9339686332414,1561.5791201398886,0.4444444444444444,0.0,0.16666666666666669
1.1833333333333333,20.681784471267537,0.6111634402390038,20.69081268743806,-0.15498174195103295,-0.4797077626726818,-0.09908333333333333,0.5838003493901796,-7.654981905997142,78.3790361783381,-0.5732135011102315,0.029542210668437003,0.09937148469510705,0.06023144400644085,-5208.105426543349,-3944.782554252545,1561.2471299625981,0.4444444444444444,0.0,0.17083333333333334
1.2,20.686113562346907,0.6493161781464488,20.696301742425273,-0.16307477769051848,-0.4890084363416611,-0.10149999999999999,0.5672586948851133,-7.790479427553205,78.72105904502767,-0.6177005060744414,0.031378685604137674,0.10305444842822001,0.06265513225919261,-5279.683625529626,-4039.5922467592377,1560.9582772500942,0.4444444444444444,0.0,0.175
1.2166666666666666,20.689753231343843,0.6884676986245046,20.701204712430442,-0.17131911268290537,-0.49795759141296436,-0.10391666666666664,0.5508598137922631,-7.918830483369954,79.06287846347023,-0.6643601237551849,0.03326350736660401,0.10680649569145939,0.06510447133496577,-5346.812000036636,-4130.331890173148,1560.7134636927128,0.4444444444444444,0.0,0.17916666666666664
1.2333333333333334,20.692690180718042,0.7286093755339103,20.705513723095613,-0.1797088969267831,-0.5065559371279581,-0.10633333333333334,0.5346216786054462,-8.040121699200771,79.40446602032475,-0.7132241414307717,0.03519641381811099,0.11062729674593323,0.06757931188603203,-5409.595284077168,-4216.991291597175,1560.513552669059,0.4444444444444444,0.0,0.18333333333333335
1.25,20.69491170439202,0.7697308233683252,20.709221520690367,-0.18823830476758155,-0.5148053809518823,-0.10874999999999999,0.5185596476128334,-8.154472082434829,79.74579283327763,-0.7643220920170615,0.037177069312506535,0.11451638148670941,0.07007950723751971,-5468.157635981396,-4299.579853659564,1560.359369491956,0.4444444444444444,0.0,0.1875
1.2666666666666666,20.696405681300824,0.8118198303251649,20.712321443090104,-0.1969015545200375,-0.5227089965121896,-0.11116666666666665,0.5026864984349524,-8.26202981165868,80.08682959997375,-0.8176812815496549,0.03920506139398005,0.11847313748268085,0.0726049074690243,-5522.640262323846,-4378.125176691328,1560.251701789011,0.4444444444444444,0.0,0.19166666666666665
1.2833333333333332,20.697160566990064,0.8548623332250678,20.71480738854541,-0.2056929274670494,-0.5302709826917325,-0.11358333333333331,0.48701249884220826,-8.362968922249792,80.4275466458565,-0.8733268252840215,0.04127989947733969,0.12249681048537474,0.07515535497807908,-5573.198946947451,-4452.671632207611,1560.1913000105424,0.4444444444444444,0.0,0.1958333333333333
1.3,20.697165383364794,0.8988424320434195,20.71667378282517,-0.21460678608413078,-0.5374966135818553,-0.11599999999999999,0.47154551151165697,-8.45748593132734,80.7679139705655,-0.9312816914703315,0.04340101539976785,0.12658650733350574,0.07773068139709,-5620.001530214669,-4523.278911686313,1560.1788780581835,0.4444444444444444,0.0,0.2
1.3166666666666667,20.69640970668827,0.943742441076238,20.717915545300137,-0.22363759133780498,-0.544392179394184,-0.11841666666666666,0.4562911285563071,-8.545796448543094,81.10790129259232,-0.9915667518386185,0.04556776569991651,0.13074120112185433,0.08033070572557875,-5663.2253851136,-4590.020557101413,1560.215114027739,0.4444444444444444,0.0,0.20416666666666666
1.3333333333333333,20.69488365392928,0.9895429731237764,20.718528054505416,-0.23277991891174968,-0.5509649187995813,-0.12083333333333332,0.4412528310079619,-8.6281318205064,81.44747809194703,-1.05420083782311,0.04777943545093867,0.1349597384505127,0.08295523353313412,-5703.054936439488,-4652.982481934457,1560.3006510599562,0.4444444444444444,0.0,0.20833333333333331
1.35,20.692577867559216,1.0362230525579432,20.718507113681092,-0.24202847422573975,-0.557222943493111,-0.12325,0.42643216798959216,-8.70473585598084,81.78661365064205,-1.1192008015623924,0.05003524345051616,0.13924084852551566,0.08560405708526646,-5739.679266977386,-4712.261493271552,1560.4360982927183,0.4444444444444444,0.0,0.21250000000000002
1.3666666666666667,20.68948349890498,1.0837602527589816,20.717848916741374,-0.25137810612866346,-0.563175156062435,-0.12566666666666665,0.4118289500927572,-8.775861676414742,82.12527709085148,-1.1865815807341646,0.05233434855381284,0.14358315384587675,0.08827695624428224,-5773.28985059299,-4767.963826966654,1560.6220319079096,0.4444444444444444,0.0,0.21666666666666667
1.3833333333333333,20.685592190170212,1.132130853171671,20.716550015066073,-0.26082381916714,-0.5688311624548167,-0.12808333333333333,0.3974414514804969,-8.841768732073,82.46343741065381,-1.2563562663187742,0.05467585692495068,0.14798518218613105,0.09097370000018717,-5804.078446678797,-4820.203708643569,1560.858996265798,0.4444444444444444,0.0,0.22083333333333333
1.4,20.680896055245377,1.181310011143634,20.714607285446952,-0.2703607843544739,-0.5742011804895815,-0.13049999999999998,0.3832666154519528,-8.902720018337405,82.80106351731197,-1.328536172433101,0.05705882997914855,0.15244537956817533,0.09369404849224615,-5832.235183869845,-4869.1019534993375,1561.1475051192856,0.4444444444444444,0.0,0.22499999999999998
1.4166666666666667,20.67538765943583,1.2312719437632444,20.71201789945755,-0.27998434838972425,-0.5792959459471201,-0.13291666666666666,0.36930025860452975,-8.958979520026524,83.13812425808632,-1.4031309074338678,0.0594822927908358,0.15696212391148207,0.09643775538986823,-5857.946853752623,-4914.784617486098,1561.4880428998379,0.4444444444444444,0.0,0.22916666666666669
1.4333333333333333,20.66905999824592,1.2819901151007995,20.708779294451563,-0.289690041302439,-0.5841266177846047,-0.13533333333333333,0.3555372692760973,-9.010809904277904,83.47458844861221,-1.4801484455550475,0.06194524275230811,0.1615337390560993,0.0992045705115603,-5881.39542786515,-4957.381711549,1561.881066066332,0.4444444444444444,0.0,0.23333333333333334
1.45,20.661906475365797,1.3334374245573262,20.704889146333848,-0.2994735825240744,-0.5887046839879401,-0.13774999999999998,0.3419717966013773,-9.058470475053754,83.81042489890592,-1.5595951984154899,0.06444665828203941,0.16615850886725025,0.10199424257236825,-5902.7568040222295,-4997.025989271469,1562.3270045075142,0.4444444444444444,0.0,0.2375
1.4666666666666666,20.65392088001553,1.3855863924199225,20.700345344191742,-0.30933088541137027,-0.5930418694770728,-0.14016666666666663,0.32859742722964075,-9.102215395058563,84.14560243708756,-1.6414760858079924,0.06698550740062217,0.17083469115245492,0.10480652196303931,-5922.199781239445,-5033.8518166295235,1562.8262629882151,0.4444444444444444,0.0,0.24166666666666664
1.4833333333333334,20.64509736380726,1.438409339187778,20.695145966823816,-0.31925806026921855,-0.5971500473472763,-0.14258333333333334,0.31540734748334964,-9.142292174114823,84.48008993093043,-1.7257946052576563,0.06956075601439483,0.1755605311503254,0.10764116347761697,-5939.885256541688,-5067.994130692868,1563.3792226290866,0.4444444444444444,0.0,0.24583333333333335
1.5,20.63543041729098,1.4918785557449927,20.689289261159978,-0.329251415940253,-0.6010411545630405,-0.145,0.3023944894521653,-9.178940417076829,84.81385630736139,-1.8125528999135363,0.07217137577100333,0.18033427438281519,0.1104979289198699,-5955.96563191333,-5099.587492139098,1563.98624240926,0.4444444444444444,0.0,0.25
1.5166666666666666,20.625558592069673,1.5461339827397884,20.683428089354095,-0.33930518277916827,-0.6044888061311352,-0.14016666666666666,0.32817493666427333,-9.199757502796091,85.14687757931165,-1.9017519405879513,0.07482210159976002,0.17792009966675257,0.11336930465372688,-5944.456773528073,-5134.822546905599,1564.6167365845631,0.4444444444444444,0.0,0.2416666666666667
1.5333333333333332,20.615482743457488,1.6010535433062378,20.677560329843725,-0.3494116022156592,-0.6074787193804267,-0.13533333333333336,0.35388446179310107,-9.218591272979818,85.47913409769383,-1.9933917359448652,0.07750709739500854,0.1755698652472952,0.11624602359655847,-5932.777401203776,-5167.866002139451,1565.260297551153,0.4444444444444444,0.0,0.2333333333333334
1.55,20.605202064816176,1.65651370341019,20.671680864929453,-0.3595632569603925,-0.6100310869455258,-0.13049999999999998,0.37952251692311445,-9.235513102261342,85.81060618408,-2.0874715835538122,0.08022045952416217,0.17327637768273854,0.11912347472584472,-5920.915126738093,-5198.823168811146,1565.9170067361752,0.4444444444444444,0.0,0.22499999999999998
1.5666666666666667,20.594717565485567,1.712396567895155,20.665785579257783,-0.36975305219817606,-0.6121647426438468,-0.12566666666666665,0.4050884711611662,-9.250596581298074,86.14127415785502,-2.183990095493243,0.08295654660192991,0.1710327902070276,0.12199722950805665,-5908.855090632188,-5227.805009307841,1566.5868282171675,0.4444444444444444,0.0,0.21666666666666667
1.5833333333333333,20.584032023409453,1.7685894011600336,20.659871316410502,-0.37997419218513606,-0.6138970930038126,-0.12083333333333335,0.4305815515919623,-9.2639152511707,86.47111836224165,-2.2829452241660655,0.08570995589659729,0.1688325837004058,0.12486301298578789,-5896.57993597252,-5254.925253395519,1567.269611780577,0.4444444444444444,0.0,0.20833333333333337
1.6,20.573149939555833,1.824984164355293,20.653935838856327,-0.39022015598769316,-0.6152440752076741,-0.11599999999999996,0.45600079550478567,-9.275540724117736,86.80011918887777,-2.3843342882603653,0.08847550049301624,0.16666954668189082,0.12771667746093035,-5884.069690546481,-5280.2981151281865,1567.9650958827008,0.4444444444444444,0.0,0.19999999999999996
1.6166666666666667,20.562077494946255,1.881477070780791,20.647977791446046,-0.40048467274215716,-0.6162201356508723,-0.11116666666666665,0.48134500496183186,-9.28554114862593,87.12825710114811,-2.488153998361539,0.09124818730207625,0.16453775480742194,0.1305541784633247,-5871.301623466347,-5304.036481790514,1568.6729104548774,0.4444444444444444,0.0,0.19166666666666665
1.6333333333333333,20.55082251090104,1.9379681602909924,20.6419966685604,-0.4107616967246729,-0.6168382240354847,-0.10633333333333334,0.506612702773944,-9.29397996288708,87.45551265647195,-2.594400481818865,0.09402319596276151,0.1624315502443055,0.1333715527146798,-5858.25007160526,-5326.250508107547,1569.39257951086,0.4444444444444444,0.0,0.18333333333333335
1.65,20.53939441293697,1.9943608928139682,20.635992784961235,-0.4210453824434711,-0.6171097985742907,-0.10150000000000002,0.5318020888773362,-9.300914884332656,87.78186652774725,-2.7030693065508817,0.09679585864804817,0.16034552121576898,0.13616489780477312,-5844.886231048269,-5347.046553841927,1570.1235235258644,0.4444444444444444,0.0,0.17500000000000004
1.6666666666666667,20.52780419861761,2.050561760536024,20.62996725035101,-0.4313300598979492,-0.617044838478307,-0.09666666666666664,0.5569109960410046,-9.306397087183331,88.10729952414908,-2.814155503540884,0.09956164075823305,0.15827448194369548,0.13893035330786435,-5831.17790851231,-5366.526408625816,1570.8650615659965,0.4444444444444444,0.0,0.16666666666666663
1.6833333333333333,20.516064409549198,2.106479917866505,20.62392194761089,-0.4416102100908865,-0.6166518604269787,-0.09183333333333332,0.5819368437702375,-9.310470524303883,88.43179261147772,-2.927653587827693,0.10231612246346097,0.15621345316208787,0.14166408307987974,-5817.089227282913,-5384.786753940234,1571.6164131541466,0.4444444444444444,0.0,0.15833333333333333
1.7,20.504189107633657,2.1620268279536097,20.617859514663344,-0.451880440829899,-0.6159379361736821,-0.08700000000000001,0.6068765891989852,-9.31317135385101,88.75532693224972,-3.0435575778388437,0.10505498104006679,0.1541576433275211,0.14436225848976975,-5802.580281643887,-5401.918818203697,1572.3766998640301,0.4444444444444444,0.0,0.15000000000000002
1.7166666666666666,20.49219385563018,2.2171159242517278,20.61178332988919,-0.4621354628108309,-0.6149087088199529,-0.0821666666666667,0.6317266736756614,-9.314527435047209,89.07788382572468,-3.161861012944713,0.10777397393187782,0.15210243061479528,0.14702104235042476,-5787.606733029416,-5418.008186724893,1573.1449466382282,0.4444444444444444,0.0,0.14166666666666672
1.7333333333333334,20.480095702035246,2.2716622854267667,20.60569750102027,-0.4723700659379848,-0.6135684056019776,-0.07733333333333331,0.6564829636366074,-9.314557860778804,89.39944484806027,-3.2825569691340193,0.11046892245698829,0.15004334575521827,0.14963657332487404,-5772.1193401936625,-5433.134733658578,1573.9200828290607,0.4444444444444444,0.0,0.1333333333333333
1.75,20.467913170263678,2.3255823217135263,20.59960685742618,-0.4825790958027506,-0.6119198452755371,-0.0725,0.6811406842222126,-9.313272497519955,89.71999179279119,-3.4056380727245648,0.11313569607200026,0.14797605575051373,0.1522049505916259,-5756.0634145560325,-5447.372647993302,1574.700942963045,0.4444444444444444,0.0,0.125
1.7666666666666666,20.455666252098194,2.378793470696039,20.593516945715102,-0.49275743021223095,-0.6099644383643754,-0.06766666666666668,0.7056943439160825,-9.310671505279885,90.03950671183222,-3.531096512028894,0.11577019709871852,0.14589634847642324,0.1547222185585246,-5739.378190521953,-5460.790529954335,1575.4862672308875,0.4444444444444444,0.0,0.1166666666666667
1.7833333333333332,20.443376405368497,2.431213900357144,20.587434028573526,-0.5028999556318403,-0.6077021786555018,-0.06283333333333337,0.7301376482704772,-9.306744811832788,90.35797193721272,-3.658924046893471,0.11836834581226423,0.14380011817589516,0.1571843514170947,-5721.996098977001,-5473.451538018603,1576.2747017054626,0.4444444444444444,0.0,0.10833333333333339
1.8,20.43106655582131,2.4827622171282115,20.58136508677691,-0.5130015433796135,-0.6051316243865162,-0.05799999999999998,0.7544634005139835,-9.301471516408316,90.67537010376081,-3.789112016022459,0.12092606578408623,0.14168335183165712,0.15958723732876307,-5703.841930280537,-5485.4135700251845,1577.0647982903245,0.4444444444444444,0.0,0.09999999999999998
1.8166666666666667,20.418761103147173,2.5333571765554694,20.575317824310783,-0.5230570253841754,-0.6022498675774356,-0.05316666666666667,0.7786633865114484,-9.294819198290986,90.99168417296868,-3.921651341983693,0.12343926936799898,0.13954211640137584,0.16192666203037356,-5684.831870914437,-5496.729464652836,1577.8550144010715,0.4444444444444444,0.0,0.09166666666666667
1.8333333333333333,20.406485931136192,2.5829173940785,20.56930067654933,-0.5330611692921178,-0.599052489914835,-0.04833333333333335,0.8027282411521114,-9.286743105399998,91.30689745828879,-4.056532533775071,0.12590384321181416,0.13737254689501294,0.16419829163881866,-5664.872395441427,-5507.447211859961,1578.6437123814787,0.4444444444444444,0.0,0.08333333333333337
1.8499999999999999,20.394268421941096,2.631361053281923,20.563322821443833,-0.5430086526830455,-0.5955335035008397,-0.04350000000000004,0.8266472927689086,-9.27718519689764,91.62099365213231,-4.193745686804476,0.12831563367102222,0.1351708352729577,0.16639765442317236,-5643.858992564009,-5517.610162779111,1579.4291586559318,0.4444444444444444,0.0,0.07500000000000007
1.8666666666666667,20.38213747442955,2.67860560882633,20.55739419367594,-0.5528940361209705,-0.591685274634388,-0.038666666666666655,0.8504083816281413,-9.266073012207023,91.9339568548677,-4.33328048010525,0.13067043199401115,0.13293322014467496,0.16852012129715083,-5621.674700818382,-5527.257231063488,1580.2095226193856,0.4444444444444444,0.0,0.06666666666666665
1.8833333333333333,20.370123526605905,2.724567481082094,20.551525501727443,-0.5627117347382037,-0.5874984285974678,-0.03383333333333334,0.8739976478611131,-9.25331833651378,92.24577160614999,-4.475126170572014,0.13296395914016806,0.1306559772506125,0.17056088476475365,-5598.188425764058,-5536.423078829111,1580.9828752661133,0.4444444444444444,0.0,0.05833333333333335
1.9,20.35825858207294,2.7691617392723593,20.545728247808505,-0.5724559880116126,-0.5829617331745409,-0.029000000000000022,0.8973992834239285,-9.238815629892963,92.55642291894858,-4.619271583957701,0.13519185008256243,0.12833541071463123,0.17251493602720355,-5573.253006426517,-5545.138281150126,1581.7471875589786,0.4444444444444444,0.0,0.050000000000000044
1.9166666666666667,20.346576240482758,2.8123017696711035,20.540014750566094,-0.5821208273502329,-0.578061958338878,-0.024166666666666642,0.9205952417542981,-9.22244018366752,92.86589631668687,-4.765705102321537,0.13734963743540768,0.12596784505991082,0.17437703992941664,-5546.702994226072,-5553.429463566221,1582.5003285421233,0.4444444444444444,0.0,0.04166666666666663
1.9333333333333333,20.33511173188898,2.8538989250893176,20.534398170461067,-0.5917000410669194,-0.5727837091951339,-0.019333333333333327,0.9435648977316121,-9.2040459635176,93.1741778739581,-4.914414647558604,0.13943273423273086,0.12354961798772529,0.1761417073887844,-5518.352102723345,-5561.319407262048,1583.2400632020813,0.4444444444444444,0.0,0.033333333333333326
1.95,20.32390195485418,2.8938621515060743,20.528892537651537,-0.601187136254184,-0.5671092288742958,-0.014500000000000011,0.9662846493278043,-9.183463094309477,93.48125426134307,-5.0653876605736725,0.1414364156681857,0.1210770739251569,0.17780316490759773,-5487.990281325624,-5568.827116481494,1583.9640500856895,0.4444444444444444,0.0,0.025000000000000022
1.9666666666666666,20.312985518081128,2.93209758724844,20.52351278214628,-0.6105752970247932,-0.5610181676381207,-0.009666666666666697,0.988727450956346,-9.160494936749048,93.78711279492369,-5.218611075584238,0.14335579958615366,0.11854655835400185,0.1793553207225672,-5455.3803608016315,-5575.9678423359655,1584.6698386881637,0.4444444444444444,0.0,0.01666666666666672
1.9833333333333334,20.302402785215364,2.9685081295788334,20.518274765888485,-0.6198573385104195,-0.5544873139715123,-0.004833333333333316,1.0108622669891534,-9.134914701027819,94.0917414911656,-5.374071288949084,0.14518582549051479,0.1159544129377967,0.1807917270902293,-5420.254213331897,-5582.753056433995,1585.3548666318593,0.4444444444444444,0.0,0.008333333333333304
2.0,20.292195922299964,3.0029929628909304,20.513195316287995,-0.6290256559360805,-0.5474902829341132,0.0,1.0326534322362388,-9.106461537991905,94.39512912793222,-5.531754121818127,0.14692123180888916,0.11329697146562852,0.18210553814534725,-5382.30836532777,-5589.190366661963,1586.0164566661203,0.4444444444444444,0.0,0.0
2.0166666666666666,20.282408947138823,3.0354470419213984,20.50829226052931,-0.6380721680040068,-0.5399971565252912,0.004833333333333316,1.0540599044154044,-9.074836044583908,94.69726531249283,-5.691644775785763,0.1485565311157086,0.11057055662811256,0.18328946270070895,-5341.198998061015,-5595.283365924885,1586.6518135320123,0.4444444444444444,0.0,-0.008333333333333304
2.033333333333333,20.273087779526193,3.065760522424743,20.5035844597288,-0.6469882537280718,-0.5319740703190866,0.009666666666666632,1.0750343918616363,-9.039695118196628,94.99814055749799,-5.853727780602623,0.15008598297588266,0.1077714776297351,0.18433571128138745,-5296.536270247943,-5601.031402628322,1587.2580207535775,0.4444444444444444,0.0,-0.016666666666666607
2.05,20.2642802909089,3.093818130595769,20.499091841682205,-0.6557646817597921,-0.523382740192299,0.014499999999999947,1.0955223380761234,-9.000646095292904,95.29774636601739,-6.017986932859072,0.15150356402046616,0.10489602861858466,0.1852359366055524,-5247.877899537919,-5606.429259028491,1587.8320374407033,0.4444444444444444,0.0,-0.02499999999999991
2.0666666666666664,20.256036351539585,3.119498461114194,20.494835430512413,-0.6643915311409242,-0.5141799226657545,0.019333333333333265,1.115460743410372,-8.95724011479243,95.59607532686537,-6.184405224398013,0.15280293480466492,0.10194048787373655,0.18598116663920988,-5194.721948331338,-5611.466720129562,1588.3706952192065,0.4444444444444444,0.0,-0.033333333333333215
2.0833333333333335,20.248407872526073,3.1426731919759625,20.49083737097487,-0.6728581023089752,-0.5043168023008815,0.024166666666666708,1.1347768035502959,-8.908964658479292,95.89312122157632,-6.352964759045915,0.15397740292437165,0.0989011176245766,0.1865617292670655,-5136.49877617363,-5616.128011326569,1588.870695443039,0.4444444444444444,0.0,-0.04166666666666674
2.1,20.241448839348703,3.1632062022049787,20.487120944477265,-0.6811528170756683,-0.49373829987464374,0.029000000000000022,1.1533863449881583,-8.85523524191039,96.1888791445306,-6.523646656071775,0.155019881777483,0.09577416427498665,0.1869671675412468,-5072.562149698884,-5620.391077138224,1589.3286068937305,0.4444444444444444,0.0,-0.050000000000000044
2.1166666666666667,20.235215332363286,3.180952576041,20.483710572992678,-0.6892631062024067,-0.4823822958795123,0.03383333333333334,1.171192040026046,-8.79538626366625,96.48334563786536,-6.696430938598732,0.1559228442475006,0.09255585865525597,0.18718614440186745,-5002.179546336167,-5624.226665650371,1589.7408642357937,0.4444444444444444,0.0,-0.05833333333333335
2.1333333333333333,20.229765528483473,3.1957574742087616,20.480631805961927,-0.6971752831226855,-0.4701787655093288,0.038666666666666655,1.1880813889765396,-8.728661072774617,96.77651884292139,-6.8712964050097645,0.1566782704563691,0.08924241570890382,0.18720633572021209,-4924.521755516795,-5627.597172965907,1590.1037675768537,0.4444444444444444,0.0,-0.06666666666666665
2.15,20.225159676586305,3.2074548493382133,20.477911283965362,-0.704874402325711,-0.4570488240230249,0.04349999999999997,1.2039244663561812,-8.654201388971876,97.06839867006485,-7.048220481218361,0.1572775885787473,0.0858300327193889,0.18701431051390083,-4838.651977874604,-5630.455187932504,1590.4134835811194,0.4444444444444444,0.0,-0.07499999999999996
2.1666666666666665,20.22146003714385,3.215865978511641,20.47557667137984,-0.712344100941155,-0.44290368564571897,0.048333333333333284,1.2185714425978846,-8.57103631373339,97.3589869887576,-7.227179051533726,0.15771160753023772,0.08231488476829651,0.1865953972483438,-4743.514756811279,-5632.741658022408,1590.6660487085892,0.4444444444444444,0.0,-0.08333333333333326
2.183333333333333,20.21873077407753,3.220797781324771,20.47365654842379,-0.719566422182953,-0.4276435454947197,0.053166666666666605,1.2318499150920277,-8.478071306867497,97.64828783970741,-7.40814626575958,0.15797044014042652,0.07869311556469002,0.18593353530470402,-4637.925256070688,-5634.383569886256,1590.8573753045566,0.4444444444444444,0.0,-0.09166666666666656
2.2,20.21703778377725,3.2220408869756874,20.472180250965454,-0.7265216195611914,-0.4111564030398003,0.058000000000000045,1.2435621144583426,-8.374077677243477,97.93630767077327,-7.591094320155235,0.15804341520758713,0.07496082106750249,0.18501111100948267,-4520.559629123553,-5635.290998764135,1590.9832614498553,0.4444444444444444,0.0,-0.10000000000000009
2.216666666666667,20.216448442529614,3.219367409199127,20.471177644309368,-0.7331879412078043,-0.3933168580588512,0.06283333333333337,1.2534820962440105,-8.257683346031627,98.22305559798966,-7.775993209993242,0.15791897662703688,0.07111402241666308,0.18380877815076332,-4389.947516038772,-5635.353323265771,1591.039405707666,0.4444444444444444,0.0,-0.10833333333333339
2.2333333333333334,20.217031249152296,3.2125283842156156,20.470678815041563,-0.7395413943494722,-0.3739849267480583,0.06766666666666668,1.261353086937667,-8.127365878088753,98.50854369255714,-7.962810451712355,0.1575845676301353,0.06714862358483492,0.18230526374123143,-4244.468050526919,-5634.434315971966,1591.0214281743458,0.4444444444444444,0.0,-0.1166666666666667
2.25,20.218855334312142,3.2012508257744163,20.4707136631668,-0.7455554909791364,-0.353004947447639,0.0725,1.2668852277566895,-7.981449020706868,98.7927872938742,-8.151510773134564,0.1570264981366789,0.0630603478765598,0.18047716105080822,-4082.351154460052,-5632.365689854982,1590.9248995673497,0.4444444444444444,0.0,-0.125
2.2666666666666666,20.22198980167242,3.1852343552997175,20.47131137560867,-0.7512009772193247,-0.33020467320144814,0.07733333333333331,1.269754050099871,-7.818104199127192,99.07580534760493,-8.342055770935866,0.15622979342610932,0.05884464599429526,0.1782987137887243,-3901.6863171726404,-5628.938480106877,1590.7453804718443,0.4444444444444444,0.0,-0.1333333333333333
2.283333333333333,20.22650285850841,3.1641473779375517,20.472499762231237,-0.756445550842981,-0.30539468289968047,0.08216666666666662,1.2696001204792413,-7.6353585297806115,99.35762076635699,-8.53440353556676,0.1551780229539056,0.05449656698385487,0.17574159799426353,-3700.4414645135635,-5623.891329695855,1590.4784733294907,0.4444444444444444,0.0,-0.1416666666666666
2.3,20.232460684576683,3.137622802697784,20.474304437634757,-0.7612535740409556,-0.2783682848974388,0.08699999999999994,1.2660304045665658,-7.431110827467943,99.63826080877966,-8.728508245118917,0.15385310945127065,0.05001058217324944,0.17277471201425473,-3476.494864950746,-5616.894259266329,1590.1198902996491,0.4444444444444444,0.0,-0.1499999999999999
2.3166666666666664,20.239925977663287,3.1052533552493475,20.476747837036438,-0.7655857919358715,-0.2489021378629655,0.09183333333333325,1.2586220105066817,-7.203156665052553,99.91775747083692,-8.924319731190701,0.1522351208453831,0.04538035154078755,0.1693639903540714,-3227.6832345112784,-5607.525732619965,1589.6655407663304,0.4444444444444444,0.0,-0.15833333333333321
2.3333333333333335,20.248956102298685,3.066586617145972,20.479848063725424,-0.7693990717019932,-0.2167578751634901,0.0966666666666667,1.2469290684860956,-6.949222611363355,100.19614788080904,-9.121783021501507,0.15030205158881418,0.04059842221376592,0.1654722648456739,-2951.8692301990545,-5595.2396090583325,1589.1116430108975,0.4444444444444444,0.0,-0.16666666666666674
2.35,20.259600754776844,3.021120062100896,20.483617580217196,-0.7726461826744363,-0.18168509537492405,0.10150000000000002,1.2304935727031812,-6.667008084890467,100.47347468750337,-9.320837865615463,0.1480296064874643,0.0356558505342678,0.16105920747257196,-2647.0313275167046,-5579.316632939455,1588.4548654159528,0.4444444444444444,0.0,-0.17500000000000004
2.3666666666666667,20.27189904351972,2.968296572233036,20.488061776834485,-0.7752756448395981,-0.14342618058257584,0.10633333333333334,1.2088610398764998,-6.354230491942973,100.74978642966961,-9.521418251267292,0.14539101020155576,0.030541742941038896,0.15608140486008598,-2311.378669065801,-5558.792019697759,1587.6925034776616,0.4444444444444444,0.0,-0.18333333333333335
2.3833333333333333,20.285875870592896,2.9075012396733877,20.49317748168413,-0.7772316821167785,-0.10172354107862128,0.11116666666666665,1.1816018129428867,-6.008664996907777,101.0251378744287,-9.723451918813833,0.1423568809192107,0.02524271748315414,0.1504926372861159,-1943.4928992207672,-5532.345789229526,1586.8226997970194,0.4444444444444444,0.0,-0.19166666666666665
2.4,20.301537491011235,2.8380607434591365,20.49895151666296,-0.7784543287515944,-0.056330085552330975,0.11599999999999996,1.1483387435005274,-5.6281636808318005,101.29959031469365,-9.926859879302096,0.1388952297509247,0.01974229789862661,0.14424446886828024,-1542.4983189047962,-5498.134783608828,1585.8447149187693,0.4444444444444444,0.0,-0.19999999999999996
2.4166666666666665,20.318866127165336,2.759247316725881,20.50535945670121,-0.7788797534002435,-0.007024019541766496,0.12083333333333328,1.1087817849093302,-5.210628921314366,101.573211821618,-10.131555936078508,0.13497168193481762,0.01402026697054777,0.13728730612054316,-1108.2608522842397,-5453.5334774243565,1584.7592570649383,0.4444444444444444,0.0,-0.20833333333333326
2.433333333333333,20.337813536118308,2.6702903993860163,20.5123648136184,-0.7784408883532312,0.04637046528798406,0.1256666666666666,1.0627696265481585,-4.75390130491631,101.8460774602258,-10.33744619852821,0.13055006750032078,0.008052027169676429,0.12957215765380714,-641.614966881032,-5394.7335057238115,1583.5688779087147,0.4444444444444444,0.0,-0.21666666666666656
2.45,20.358293484088907,2.57040065323454,20.519918935084647,-0.777068483995925,0.10395438132663237,0.13050000000000003,1.010317692472028,-4.255502891776056,102.11826949748782,-10.544428556127786,0.12559360470335834,0.0018080476743771168,0.12105343861794055,-144.6149500118177,-5316.129812759402,1582.2784386207907,0.4444444444444444,0.0,-0.2250000000000001
2.466666666666667,20.380173202460554,2.458813215869629,20.527961959065163,-0.7746927545561776,0.1657139195064113,0.13533333333333336,0.9516702285641949,-3.712156707879958,102.38987766556838,-10.752392047139356,0.12006700497953567,-0.0047464769436064425,0.1116933166558692,379.1988033200513,-5209.40211282539,1580.895643945962,0.4444444444444444,0.0,-0.2333333333333334
2.4833333333333334,20.403264128655636,2.3348597335578445,20.53642512900129,-0.7712458417207717,0.23146529473506683,0.14016666666666666,0.8873512141173683,-3.1190035534663227,102.66099959069385,-10.961216004883225,0.11393995601945715,-0.011651562709520752,0.10146827778051165,924.5389845561823,-5062.213202956182,1579.431629451256,0.4444444444444444,0.0,-0.2416666666666667
2.5,20.427312646721056,2.1980807391472603,20.54523450590672,-0.7666653886985213,0.30078071106552384,0.145,0.8182038005349471,-2.468519654795026,102.93174155433917,-11.170768797589577,0.1071925365804695,-0.018951677789746824,0.0903787153754467,1484.1558656062787,-4856.57368412071,1577.9015641024146,0.4444444444444444,0.0,-0.25
2.5166666666666666,20.453117152535555,2.041942036504134,20.554793322623965,-0.7609539488132465,0.3677615907817192,0.14258333333333334,0.8187384299039868,-2.184448549191332,103.20217419558925,-11.380972596559987,0.09950552967902877,-0.019928419890665378,0.07846944652323173,1557.1842509649905,-4575.047816911125,1576.269144151214,0.4444444444444444,0.0,-0.24583333333333335
2.533333333333333,20.48000253460493,1.8696819719650315,20.565169935930882,-0.7541534606301962,0.43204072347131717,0.14016666666666666,0.8116730853158158,-1.7473100112002768,103.47236226229302,-11.591763563375956,0.09104068959263653,-0.02187794905564125,0.06590623935564245,1701.459265513113,-4176.84696636464,1574.5564807801543,0.4444444444444444,0.0,-0.2416666666666667
2.55,20.50729496500654,1.6850043628636056,20.576403633401345,-0.7463172131497329,0.49276901133931345,0.13775,0.7986885608863129,-1.1467085314446077,103.74239853661636,-11.803044258544121,0.08198193280957648,-0.024666564738313967,0.05291912412515354,1904.1006909841878,-3634.0172211633476,1572.8069299097324,0.4444444444444444,0.0,-0.23750000000000004
2.5666666666666664,20.534339246953735,1.492061489760321,20.588475800753447,-0.7375166359082221,0.5487354814176248,0.13533333333333336,0.7812769240623612,-0.3838985516625737,104.0124046249081,-12.014681517869626,0.07253429796265044,-0.02816308264852145,0.03978641669328304,2151.4238058317083,-2932.673385636231,1571.0630012665786,0.4444444444444444,0.0,-0.2333333333333334
2.5833333333333335,20.560527483614077,1.295212359530922,20.601283102290775,-0.727844876775077,0.5986242273511684,0.13291666666666663,0.7607713283482443,0.5164715652947454,104.28252872327744,-12.226507140989622,0.06291196222340671,-0.032234310005046146,0.02681150202807013,2429.077533327929,-2088.3030061977474,1569.3646866227643,0.4444444444444444,0.0,-0.22916666666666663
2.6,20.58533424726796,1.0985327936079667,20.61462491461766,-0.7174146737801155,0.6413933459703878,0.13049999999999998,0.7384282069544982,1.5023211095076796,104.55293867347875,-12.438323639541201,0.05331425549540335,-0.036744672369054876,0.014276899134406896,2722.7046043272126,-1151.7415079471396,1567.7472511590192,0.4444444444444444,0.0,-0.22499999999999998
2.6166666666666667,20.608347012452235,0.9052895050153554,20.628221340521335,-0.7063502037442864,0.6765986140177437,0.12808333333333333,0.7154906370335621,2.5054740761036722,104.82381062513477,-12.64991536339574,0.04390006956387284,-0.04156095114647848,0.002393871705733491,3019.0544935183643,-195.84326724822134,1566.2391240441843,0.4444444444444444,0.0,-0.22083333333333333
2.6333333333333333,20.62928011044666,0.7176548680273983,20.64175928512087,-0.6947758472927316,0.704480643227267,0.12566666666666665,0.6931491042990038,3.4626411181843437,105.09531623346166,-12.861062341518016,0.03477414472375118,-0.046560362348262635,-0.008725209503128415,3307.146410535918,710.2369095966844,1564.860688380285,0.4444444444444444,0.0,-0.21666666666666667
2.65,20.64796824698599,0.5367588324287963,20.65494378527165,-0.682806203930781,0.7258038169301348,0.12325,0.6724162545495855,4.331168404374745,105.36761214610068,-13.071552763879218,0.02598986811472038,-0.05163817129328119,-0.019060213035860106,3579.0001486987117,1520.5246372398174,1563.6243835727234,0.4444444444444444,0.0,-0.21250000000000002
2.6666666666666665,20.664345189616004,0.36295249233013505,20.66753242714995,-0.6705401018153642,0.7415909084983237,0.12083333333333335,0.6540167874795,5.091978057879839,105.64083389986502,-13.281191346691179,0.017562384493572458,-0.056711754536911116,-0.028654469682265437,3829.715316368353,2215.942221123392,1562.5358916898388,0.4444444444444444,0.0,-0.20833333333333337
2.683333333333333,20.678417100192895,0.19610523966461274,20.679346968281514,-0.6580587577277307,0.7528966348299544,0.11841666666666668,0.63835998665673,5.743698638191596,105.9150940684312,-13.489803210721965,0.00948328684538044,-0.06172053117679019,-0.03758335697898712,4057.0261496441717,2797.258589638634,1561.5958176522615,0.4444444444444444,0.0,-0.20416666666666672
2.7,20.69023783458995,0.03583590998317436,20.69026886882676,-0.6454267525360796,0.7606746138980894,0.11599999999999996,0.6255856217188174,6.294922002606842,106.19048327796713,-13.697234417888946,0.001732018473402212,-0.06662308419815827,-0.04593142097710314,4260.618208802771,3275.886315371455,1560.8013362599293,0.4444444444444444,0.0,-0.19999999999999996
2.716666666666667,20.699889513637515,-0.11833976260493498,20.70022778078091,-0.6326943452352108,0.7657249636587283,0.11358333333333331,0.6156408729990748,6.758312944599407,106.46707265097436,-13.903350596443978,-0.005716864976949922,-0.07139316932592775,-0.05377956149467822,4441.449137681354,3667.057249696878,1560.147531781162,0.4444444444444444,0.0,-0.1958333333333333
2.7333333333333334,20.707468741630038,-0.2669265152128342,20.70918905824438,-0.6199001153338289,0.7686902918750159,0.11116666666666665,0.6083549061504883,7.14716557802671,106.74491668663907,-14.108034739066134,-0.012889635896474835,-0.07601579369002365,-0.06119948776608107,4601.198066669978,3986.0044749000667,1559.628369346146,0.4444444444444444,0.0,-0.19166666666666665
2.75,20.7130775206001,-0.41040800310492115,20.717143024640286,-0.6070734156145052,0.7700737400747061,0.10874999999999999,0.6034966097172928,7.473756077650206,107.02405604364634,-14.311184817788734,-0.019811363501914182,-0.08048391622973135,-0.06825230216133554,4741.873208616244,4246.280611801757,1559.23734596949,0.4444444444444444,0.0,-0.1875
2.7666666666666666,20.716817614618076,-0.5492285968200687,20.724096702363525,-0.5942364417676606,0.7702636230075642,0.10633333333333334,0.6008136623960494,7.748739064221892,107.30451999846,-14.512711534945357,-0.026505035034346255,-0.08479590098602059,-0.07498903920030403,4865.558197625551,4459.264927515876,1558.9679004009824,0.4444444444444444,0.0,-0.18333333333333335
2.783333333333333,20.71878727298839,-0.6837875400066711,20.730067811351077,-0.5814058934103312,0.7695573302077382,0.10391666666666667,0.600056371709882,7.981066350322208,107.58632851926477,-14.712536337353836,-0.03299128608200718,-0.0889536522717096,-0.0814519431498925,4974.262458736266,4634.226671440005,1558.8136556137886,0.4444444444444444,0.0,-0.1791666666666667
2.8,20.719079491757643,-0.8144392436617173,20.73508057055454,-0.5685942713217348,0.7681817580160254,0.10150000000000002,0.6009907494263258,8.178131403126892,107.8694939733749,-14.910589722002845,-0.03928843218647964,-0.09296129498948826,-0.08767589108070727,5069.8424585841685,4778.599650796218,1558.7685510215797,0.4444444444444444,0.0,-0.17500000000000004
2.8166666666666664,20.717781242575043,-0.941496367314855,20.739162833269365,-0.555810875981435,0.7663097444527354,0.09908333333333336,0.6034046245202291,8.345988993323338,108.15402251520666,-15.106809816488935,-0.04541263608068749,-0.09682426277283748,-0.09368970970145694,5153.967968557176,4898.303126894479,1558.8269047604178,0.4444444444444444,0.0,-0.1708333333333334
2.8333333333333335,20.71497328919434,-1.0652339500283874,20.74234417177403,-0.5430625708095155,0.7640728743774899,0.09666666666666664,0.607109551536388,8.489580674325804,108.43991520802463,-15.301141200542975,-0.051378124734883734,-0.10054867962210255,-0.09951730214555835,5228.115160088377,4998.040077645709,1558.9834331095587,0.4444444444444444,0.0,-0.16666666666666663
2.85,20.710730346375108,-1.1858937252273052,20.744654622523758,-0.5303543640737942,0.7615712910049398,0.09424999999999999,0.6119403497636375,8.612938019871747,108.7271689289495,-15.49353393154738,-0.057197413549534636,-0.10414094778980576,-0.10517857588429277,5293.574576450896,5081.550081948455,1559.2332446472733,0.4444444444444444,0.0,-0.16249999999999998
2.8666666666666667,20.705121426197163,-1.3036882136207983,20.74612388452124,-0.5176898526026614,0.7588811527664695,0.09183333333333332,0.6177534266137096,8.719355167665668,109.01577709964805,-15.68394273934896,-0.06288151784137808,-0.10760747839951026,-0.11069019225815947,5351.466500247779,5151.814339453602,1559.5718203173578,0.4444444444444444,0.0,-0.15833333333333333
2.8833333333333333,20.698210275744152,-1.4188044269585736,20.746780825489,-0.5050715606866081,0.7560602836156041,0.08941666666666666,0.6244245770379154,8.811530842273875,109.30573027762081,-15.872326360168284,-0.0684401435771631,-0.11095451980022963,-0.11606616646218769,5402.759240511754,5211.218079747619,1559.9949863656998,0.4444444444444444,0.0,-0.15416666666666667
2.9,20.6900558479333,-1.5314071357361991,20.74665319529834,-0.49250119956641203,0.7531524549509132,0.08700000000000001,0.6318466547026181,8.891683343445155,109.59701663621694,-16.05864698426342,-0.07388185525518723,-0.1141880522891339,-0.12131834632235801,5448.287791045518,5261.677718470103,1560.4988843907347,0.4444444444444444,0.0,-0.15000000000000002
2.9166666666666665,20.680712771228773,-1.6416417119841196,20.74576747764688,-0.47997986667084785,0.7501906370903108,0.08458333333333334,0.6399273277535064,8.961642859005357,109.88962235578711,-16.24286979649518,-0.07921422168502994,-0.11731372754885741,-0.1264567945169328,5488.771505611293,5304.739900944233,1561.0799410264156,0.4444444444444444,0.0,-0.14583333333333337
2.933333333333333,20.670231798986904,-1.7496365837325238,20.744148832839215,-0.46750819901727175,0.747199476022866,0.0821666666666667,0.648587022633719,9.02292529590696,110.18353194373498,-16.424962592813177,-0.0844439416508413,-0.12033683793989715,-0.13149009451830632,5524.8301516686,5341.658555452331,1561.7348386924557,0.4444444444444444,0.0,-0.14166666666666672
2.95,20.658660228472446,-1.8555053465120612,20.741821099566067,-0.4550864916168747,0.7441971871082078,0.07974999999999997,0.6577570961972403,9.076791279516549,110.47872849751829,-16.604895458905247,-0.08957695185237999,-0.12326230549023878,-0.13642559645543162,5556.998118840657,5373.454911745438,1562.4604881737146,0.4444444444444444,0.0,-0.13749999999999996
2.966666666666667,20.646042285245073,-1.9593485777652697,20.73880683388797,-0.4427147890567182,0.7411970088082479,0.07733333333333331,0.6673782413539338,9.124293346864404,110.77519392172246,-16.78264049988414,-0.09461851952020763,-0.12609468365880422,-0.14126961564676657,5585.7367871439155,5400.964378305639,1563.2540033787507,0.4444444444444444,0.0,-0.1333333333333333
2.9833333333333334,20.632419471985994,-2.0612553967614384,20.73512737068825,-0.4303929564387033,0.7382083232075725,0.07491666666666666,0.6773991133428462,9.16631377720158,111.07290910802617,-16.95817161201083,-0.0995733219184166,-0.12883816716781016,-0.14602759376490204,5611.445177279989,5424.87328939869,1564.1126783807663,0.4444444444444444,0.0,-0.12916666666666665
3.0,20.617830882769116,-2.161304807848439,20.730802897690594,-0.4181207343680758,0.7352375231048187,0.0725,0.6877751554242757,9.203595004652176,111.37185408507293,-17.131464289161652,-0.10444551469503412,-0.13149660671887983,-0.15070423039412637,5634.469057200854,5445.747832013155,1565.0339667009075,0.4444444444444444,0.0,-0.125
3.0166666666666666,20.602313484824048,-2.2595668598123977,20.72585253544291,-0.4058977815703902,0.7322886854799521,0.07008333333333333,0.6984676000310366,9.236764149036476,111.67200814384427,-17.30249545811556,-0.10923879077475684,-0.13407352644845766,-0.15530359102909616,5655.1086940716295,5464.056919261659,1566.0154627151753,0.4444444444444444,0.0,-0.12083333333333335
3.033333333333333,20.585902370333272,-2.3561036493106884,20.720294418931122,-0.3937237078790765,0.729364096342769,0.06766666666666668,0.7094426216659939,9.266352873749527,111.97334994301424,-17.47124333783561,-0.11395643123839756,-0.13657214269069115,-0.15982919623722447,5673.625435760034,5480.190360768671,1567.0548850272414,0.4444444444444444,0.0,-0.1166666666666667
3.05,20.568630980971115,-2.450970192032406,20.71414577803285,-0.38159809970435554,0.7264646609811689,0.06525000000000002,0.7206706195729049,9.292813521116063,112.27585759788546,-17.637687318799927,-0.11860134940974744,-0.13899538310375753,-0.1642840956840753,5690.24729117814,5494.473364135947,1568.1500616345552,0.4444444444444444,0.0,-0.11250000000000004
3.0666666666666664,20.550531307864354,-2.5442151814929455,20.707423015074863,-0.36952053961560993,0.7235902254447316,0.06283333333333337,0.7321256105785874,9.316532272941458,112.57950875581119,-17.8018078591462,-0.12317612917659657,-0.14134590554921825,-0.16867092993086816,5705.173660011667,5507.178161500284,1569.2989167144628,0.4444444444444444,0.0,-0.10833333333333339
3.0833333333333335,20.53163406951959,-2.6358816521728565,20.700141778473863,-0.3574906213047368,0.7207398289797444,0.06041666666666664,0.7437847150280761,9.337839925558654,112.88428066045454,-17.96358639496584,-0.12768305840747232,-0.14362611634164799,-0.17299198230188442,5718.579342830007,5518.5333730396615,1570.4994588643754,0.4444444444444444,0.0,-0.10416666666666663
3.1,20.511968870073353,-2.7260075610161,20.692317031922144,-0.3455079609189518,0.7179119025349967,0.05799999999999998,0.7556277211596996,9.35702074498666,113.19015020679666,-18.123005262546524,-0.13212415818653292,-0.14583818764055909,-0.1772492226452337,5730.617943971648,5528.731580831657,1571.7497706415288,0.4444444444444444,0.0,-0.09999999999999998
3.1166666666666667,20.4915643400102,-2.8146262990464663,20.68396311890112,-0.33357220553689043,0.7151044249880448,0.055583333333333325,0.7676367154748016,9.374319771197039,113.4970939884527,-18.28004763073779,-0.13650120847266012,-0.1479840738612005,-0.18144434444103696,5741.424762740141,5537.935480939525,1573.0479992612054,0.4444444444444444,0.0,-0.09583333333333333
3.1333333333333333,20.470448261280552,-2.901767142979503,20.675093822516004,-0.32168303939600734,0.7123150461099782,0.05316666666666667,0.7797957686025567,9.389948864883122,113.80508833857179,-18.434697441920417,-0.14081577069179146,-0.150065527050758,-0.18557879642221092,5751.119253608757,5546.282900883877,1574.3923483260335,0.4444444444444444,0.0,-0.09166666666666667
3.15,20.448647678544805,-2.987455655141675,20.665722420779144,-0.30984018835053895,0.709541183280754,0.05075000000000001,0.792090667840152,9.40409173083182,114.11410936536966,-18.586939360310716,-0.14506920769083886,-0.15208411122257384,-0.18965380964615186,5759.8071233224655,5553.890907672697,1575.7810704723245,0.4444444444444444,0.0,-0.08750000000000002
3.1666666666666665,20.4261889980791,-3.0717140387065234,20.655861737551266,-0.2980434229389329,0.706780097430649,0.04833333333333335,0.8045086889792739,9.416908105358582,114.42413298315776,-18.736758726536426,-0.14926270141444986,-0.15404121567067441,-0.19367042077658939,5767.582121866362,5560.859183759747,1577.2124608319282,0.4444444444444444,0.0,-0.08333333333333337
3.183333333333333,20.40309807570371,-3.1545614541744307,20.645524189396294,-0.28629256036107775,0.704028952500795,0.045916666666666696,0.8170384012372183,9.42853725846596,114.7351349395835,-18.88414151758994,-0.15339726861006064,-0.15593806730530113,-0.19762949219297313,5774.527575041274,5567.27281127392,1578.6848512195502,0.4444444444444444,0.0,-0.07916666666666672
3.2,20.379400294937817,-3.2360143021205205,20.634721828627594,-0.2745874656039267,0.7012848618013198,0.04349999999999997,0.8296695001237282,9.439100932250412,115.04709083967381,-19.029074311404557,-0.15747377482021482,-0.15777574206084918,-0.20153172943173764,5780.717698632621,5573.204576052636,1580.1966049658677,0.4444444444444444,0.0,-0.07499999999999996
3.216666666666667,20.355120636444227,-3.316086476482667,20.62346638282975,-0.26292805190540536,0.6985449239353323,0.04108333333333331,0.8423926639207786,9.448705813934657,115.35997616717513,-19.171544255415437,-0.16149294688235213,-0.15955517543311673,-0.20537769637336675,5786.218727667319,5578.716880497004,1581.7461123260036,0.4444444444444444,0.0,-0.0708333333333333
3.2333333333333334,20.330283739703372,-3.394789592032534,20.611769291136067,-0.2513142807079615,0.6958062504028625,0.038666666666666655,0.8551994301577097,9.457445623446793,115.67376630360071,-19.311539038563275,-0.1654553841238621,-0.16127717220477789,-0.20916782851649962,5791.089888832178,5583.86333659183,1583.3317864011797,0.4444444444444444,0.0,-0.06666666666666665
3.25,20.304913957746102,-3.4721331891454743,20.599641737531215,-0.23974616122251727,0.6930659865647839,0.03625,0.8680820890509886,9.465402880699989,115.9884365453292,-19.449046866279517,-0.1693615684130429,-0.16294241541771184,-0.21290244462163643,5795.384239605717,5588.6900964987335,1584.9520595186204,0.4444444444444444,0.0,-0.0625
3.2666666666666666,20.279035405678336,-3.5481249185423693,20.587094681434213,-0.22822374969923695,0.6903213273053329,0.03383333333333334,0.8810335913660112,9.47265040586786,116.30396211904268,-19.584056438059182,-0.1732118732037919,-0.1645514746490716,-0.2165817569594099,5799.14939388569,5593.236967097219,1586.6053800211844,0.4444444444444444,0.0,-0.05833333333333335
3.283333333333333,20.2526720036457,-3.6227707083035523,20.574138885800217,-0.21674714848209053,0.6875695284622955,0.03141666666666668,0.894047468564446,9.47925259639468,116.62031819574685,-19.716556927284266,-0.17700657169264047,-0.1661048136453393,-0.22020588035962096,5802.4281507519145,5597.538346076299,1588.2902094238166,0.4444444444444444,0.0,-0.054166666666666696
3.3,20.225847514812024,-3.6960749151399503,20.560784942962528,-0.2053165049086546,0.6848079148803663,0.029000000000000022,0.907117763438539,9.485266516751969,116.93747990357727,-19.846537963008256,-0.18074584419051076,-0.16760279736547049,-0.2237748402255221,5805.259040381953,5601.624010176486,1590.0050198988633,0.4444444444444444,0.0,-0.050000000000000044
3.3166666666666664,20.1985855788602,-3.768040461639704,20.54704329841871,-0.19393201010414518,0.6820338857733875,0.026583333333333365,0.9202389697153217,9.490742830682908,117.25542233956449,-19.973989613452908,-0.18442978479782074,-0.1690456984808509,-0.22728857965177776,5807.676798947958,5605.519780569905,1591.7482920566056,0.4444444444444444,0.0,-0.04583333333333339
3.3333333333333335,20.17090974146675,-3.83866896098179,20.532924272747984,-0.1825938977086913,0.6792449179457368,0.024166666666666642,0.93340597934841,9.495726600571372,117.57412058050397,-20.098902371002534,-0.18805840745987823,-0.170433703376348,-0.23074696576303835,5809.712782492305,5609.248085851635,1593.518512991168,0.4444444444444444,0.0,-0.04166666666666663
3.35,20.142843480151374,-3.907960830414917,20.518438081831032,-0.17130244256884183,0.676438567314771,0.021749999999999985,0.9466140364110698,9.500257974402675,117.89354969305485,-20.221267138510218,-0.19163165146954275,-0.17176691769335373,-0.23414979537226205,5811.395328247002,5612.82843947031,1595.3141745652845,0.4444444444444444,0.0,-0.03749999999999998
3.3666666666666667,20.114410226858634,-3.9759153946347645,20.50359485552836,-0.16005795941785683,0.6736124690892733,0.019333333333333327,0.9598586966681499,9.504372777366639,118.21368474317268,-20.341075216755243,-0.19514938647562036,-0.1730453714524554,-0.23749680004311277,5812.7500705761195,5616.277845472578,1597.1337719103178,0.4444444444444444,0.0,-0.033333333333333326
3.3833333333333333,20.085633387590423,-4.042530980051003,20.488404654959332,-0.14886080156416467,0.670764336888873,0.01691666666666667,0.9731357920417025,9.508103022344716,118.53450080496613,-20.45831829291215,-0.19861141704815416,-0.174269023790287,-0.2407876506284027,5813.800217640268,5619.611144034707,1598.9758021204939,0.4444444444444444,0.0,-0.029166666666666674
3.4,20.05653635937386,-4.107805000813672,20.47287748851137,-0.13771135960321587,0.6678919610329335,0.014500000000000011,0.9864413993002181,9.511477351207278,118.8559729690542,-20.572988429910232,-0.20201748684549148,-0.17543776734221656,-0.24402196134618373,5814.566793972381,5622.841306296013,1600.8387631225614,0.4444444444444444,0.0,-0.025000000000000022
3.4166666666666665,20.02714254481964,-4.171734037363395,20.457023326696902,-0.12661006016464094,0.6649932061817134,0.012083333333333354,0.999771812398067,9.514521416931418,119.17807635048933,-20.685078056577705,-0.20536728242258845,-0.17655143229983883,-0.24719929344637223,5815.068853386466,5625.979686405918,1602.7211527040515,0.4444444444444444,0.0,-0.02083333333333337
3.433333333333333,19.99747536449938,-4.2343139081789145,20.44085211596515,-0.11555736470396775,0.6620660084755259,0.009666666666666697,1.0131235179730018,9.517258214960558,119.50078609630262,-20.79457995847851,-0.20866043671532097,-0.177609790169756,-0.2503191585134235,5815.323665991587,5629.0362373808475,1604.6214676850598,0.4444444444444444,0.0,-0.01666666666666672
3.4499999999999997,19.96755826734767,-4.295539735316443,20.424373791565966,-0.10455376834604374,0.6591083722874503,0.0072500000000000385,1.0264931735780607,9.519708370904809,119.82407739271967,-20.901487269361258,-0.2118965322314978,-0.17861255725784336,-0.2533810214443196,5815.346882532694,5632.01969628417,1606.5382032200052,0.4444444444444444,0.0,-0.012500000000000067
3.466666666666667,19.937414739274118,-4.355406004266509,20.407598289554446,-0.09359979878564341,0.6561183666805227,0.004833333333333316,1.039877588281801,9.521890390577177,120.14792547208819,-21.005793463150003,-0.21507510397571836,-0.17955939790110037,-0.25638430313580973,5815.152678811496,5634.937743348112,1608.4698522171536,0.4444444444444444,0.0,-0.008333333333333304
3.4833333333333334,19.90706831015277,-4.4139066185938605,20.390535558016992,-0.08269601524944038,0.6530941216401507,0.002416666666666658,1.053273705319508,9.523820877436691,120.47230561955341,-21.107492346415306,-0.2181956421321183,-0.18044992746726882,-0.2593283829102829,5814.75388254109,5637.7971389164595,1610.4149048648885,0.4444444444444444,0.0,-0.004166666666666652
3.5,19.876542559340486,-4.471034949773263,20.373195567592425,-0.07184300752251906,0.6500338241359016,0.0,1.0666785865189237,9.525514721733165,120.79719317951223,-21.206578051271826,-0.22125759452632246,-0.18128371514065045,-0.2622126007057401,5814.162084645897,5640.603841472224,1612.3718482547577,0.4444444444444444,0.0,0.0
3.5166666666666666,19.845664114669464,-4.526720186814195,20.355382084401917,-0.06104048726524037,0.6470297768533395,0.0,1.0685034054067266,9.531654683975216,121.12256160874608,-21.3030440449335,-0.2242594703665533,-0.1844716604821184,-0.26504002190027176,5820.875694036029,5640.876954512676,1614.3486113317074,0.4444444444444444,0.0,0.0
3.533333333333333,19.814449727674504,-4.580994476048369,20.33710717875396,-0.05028738399576697,0.6440873361240469,0.0,1.0703534347021464,9.537134252473614,121.44838324146717,-21.396883660054854,-0.22720270558711597,-0.18759592256768828,-0.2678137121323067,5826.878824903302,5641.1062783564375,1616.347204885417,0.4444444444444444,0.0,0.0
3.55,19.782915699305804,-4.633886621224255,20.31838228757893,-0.039582737750599624,0.6412001830326858,0.0,1.0722273584069606,9.54202810220583,121.77463045073864,-21.488090721134956,-0.23008856767703267,-0.1906582210084549,-0.2705345357178064,5832.251804206405,5641.296383458366,1618.3665789604797,0.4444444444444444,0.0,0.0
3.5666666666666664,19.751078122016537,-4.685422479808281,20.299218477475755,-0.028925686351585145,0.6383627093022436,0.0,1.0741239105673344,9.546401339090009,122.10127565620459,-21.57665952115564,-0.23291817252591532,-0.1936600733464472,-0.27320324968739657,5837.064640381372,5641.451291973283,1620.4056971871628,0.4444444444444444,0.0,0.0
3.5833333333333335,19.718952890876583,-4.735625327907656,20.279626484699623,-0.0183154545239631,0.6355699267206115,0.0,1.0760418687800513,9.55031088727105,122.42829133099785,-21.662584800743364,-0.235692502172609,-0.19660281929952295,-0.27582051588178935,5841.378523823904,5641.574552155376,1622.4635360330237,0.4444444444444444,0.0,0.0
3.6,19.686555712740272,-4.784516176307648,20.25961675037749,-0.007751344385034421,0.6328173896135564,0.0,1.0779800488279176,9.55380665023336,122.75565000795771,-21.745861729497353,-0.2384124201958855,-0.19948764170534689,-0.2783869115011355,5845.247081812614,5641.669301671835,1624.5390841852018,0.4444444444444444,0.0,0.0
3.6166666666666667,19.653902113786515,-4.832114044955615,20.239199451602808,0.002767272891433275,0.6301011282519905,0.0,1.0799373002373829,9.556932486865396,123.083324285263,-21.82648588918415,-0.24107868510206312,-0.20231558467351704,-0.28090293833187313,5848.717432843822,5641.7383214832935,1626.63134204195,0.4444444444444444,0.0,0.0
3.6333333333333333,19.62100744569524,-4.878436201988813,20.218384528960346,0.013240964398828384,0.6274175914625368,0.0,1.0819125025889258,9.559727035351926,123.41128683156694,-21.90445325854529,-0.24369196200450396,-0.20508756936680733,-0.2833690308384463,5851.831076113847,5641.784081855667,1628.73932129566,0.4444444444444444,0.0,0.0
3.65,19.5878868906797,-4.923498372399244,20.197181710948676,0.023670241947527575,0.6247635970156739,0.0,1.0839045624446666,9.56222441132544,123.73951039070587,-21.979760199503573,-0.24625283284126198,-0.2078044077613752,-0.2857855632775396,5854.624644862143,5641.808781780765,1630.8620445926247,0.4444444444444444,0.0,0.0
3.6666666666666665,19.554555465557975,-4.967314920609011,20.175600535698763,0.03405556775798727,0.6221362886116566,0.0,1.0859124107841316,9.564454801640961,124.06796778604162,-22.052403444585256,-0.24876180533741402,-0.21046681467800582,-0.28815285596800183,5857.130546770495,5641.814382853639,1632.9985452572296,0.4444444444444444,0.0,0.0
3.683333333333333,19.521028025017173,-5.009899010556524,20.15365037032947,0.044397359496608696,0.6195330984835276,0.0,1.087935000859935,9.566444971131885,124.3966319244874,-22.122380085402362,-0.25121932088599,-0.2130754183292785,-0.29047118082937995,5859.377510252442,5641.80263847039,1635.1478670702738,0.4444444444444444,0.0,0.0
3.6999999999999997,19.487319264199357,-5.051262746338731,20.131340428232416,0.05469599473927705,0.6169517147985825,0.0,1.0899713064016439,9.568218696518208,124.72547580025879,-22.189687562061543,-0.2536257614945262,-0.21563076958881533,-0.2927407662851593,5861.39105200111,5641.77511906148,1637.309064092777,0.4444444444444444,0.0,0.0
3.716666666666667,19.453443720717793,-5.091417295994507,20.108679784537983,0.06495181493524584,0.6143900531721569,0.0,1.0920203201091918,9.569797139091529,125.05447249838498,-22.254323653384752,-0.2559814559219912,-0.2181333501568443,-0.29496180161276686,5863.193878394453,5641.733233954956,1639.481200527988,0.4444444444444444,0.0,0.0
3.7333333333333334,19.419415776195233,-5.130373000631477,20.085677389979875,0.07516512893376354,0.6118462317164499,0.0,1.0940810523877684,9.57119916575436,125.3835951980094,-22.316286467842893,-0.2582866851123072,-0.220583579769862,-0.297134440810626,5864.806231133,5641.678250365692,1641.6633506154596,0.4444444444444444,0.0,0.0
3.75,19.38524965740185,-5.1681394707786,20.062342083346557,0.08533621612717558,0.6093185491369079,0.0,1.0961525302845478,9.572441626338986,125.71281717550471,-22.375574435116935,-0.2605416870152092,-0.22298182258018664,-0.2992588060426618,5866.246185690451,5641.6113099262575,1643.8545985519952,0.4444444444444444,0.0,0.0
3.7666666666666666,19.35095943705866,-5.20472567157849,20.038682602683185,0.09546532925690357,0.6068054654630946,0.0,1.0982337965944784,9.573539593790104,126.04211180742291,-22.432186298212528,-0.2627466608722086,-0.2253283928128212,-0.3013349907123007,5867.529909702244,5641.533443108876,1646.0540384350609,0.4444444444444444,0.0,0.0
3.783333333333333,19.316559034362264,-5.240139998207412,20.014707595386337,0.10555269692247818,0.6043055850628686,0.0,1.1003239091079386,9.574506572703182,126.37145257329824,-22.486121106063823,-0.2649017710345047,-0.22762355979164653,-0.30336306221093545,5868.671887231938,5641.445581833273,1648.260774224929,0.4444444444444444,0.0,0.0
3.8,19.282062215278568,-5.274390342719917,19.990425627315958,0.11559852582849957,0.6018176416403674,0.0,1.1024219399776096,9.575354680816101,126.70081305831799,-22.537378206570484,-0.2670071503704585,-0.22986755241400514,-0.30534306437981573,5869.685113885602,5641.348570509976,1650.47391972238,0.4444444444444444,0.0,0.0
3.8166666666666664,19.24748259264592,-5.307484153353191,19.965845191033186,0.1256030027998687,0.5993404849616092,0.0,1.1045269751856366,9.57609480731667,127.03016695587368,-22.585957240019145,-0.26906290331242744,-0.23206056314179277,-0.3072750197191974,5870.581266947978,5641.243175730894,1652.692598559238,0.4444444444444444,0.0,0.0
3.8333333333333335,19.21283362612228,-5.339428487188406,19.940974713259482,0.1355662965917502,0.596873069087947,0.0,1.1066381140952521,9.576736751222308,127.35948807000376,-22.631858132846602,-0.2710691085861085,-0.23420275156790596,-0.30915893137420664,5871.370854057195,5641.130094787628,1654.9159441994548,0.4444444444444444,0.0,0.0
3.85,19.178128622005985,-5.370230056948857,19.915822561640834,0.14548855951739234,0.5944144419283441,0.0,1.108754469073534,9.577289342585717,127.68875031773693,-22.675081091707394,-0.273025821659868,-0.23629424760901074,-0.31099478492311217,5872.063343391007,5641.009963171548,1657.143099948745,0.4444444444444444,0.0,0.0
3.8666666666666667,19.143380732955315,-5.399895272614116,19.89039705089079,0.1553699289140545,0.5919637359474537,0.0,1.1108751651741238,9.577760548862784,128.01792773134378,-22.71562659781298,-0.2749330769466873,-0.23833515436888225,-0.31278254999047506,5872.667277885561,5640.883361187555,1659.3732189711059,0.4444444444444444,0.0,0.0
3.8833333333333333,19.108602957628506,-5.4284302784431295,19.864706448377408,0.16521052846481174,0.5895201598885758,0.0,1.1129993398704414,9.578157568430555,128.34699446050385,-22.75349540151376,-0.27679088978719363,-0.24032555071082012,-0.3145221817048573,5873.19037563081,5640.75081979477,1661.605464310769,0.4444444444444444,0.0,0.0
3.9,19.073808140262678,-5.455840985924913,19.8387589792116,0.17501046939185616,0.5870829913893724,0.0,1.115126142831421,9.578486912951321,128.67592477439365,-22.788688517098514,-0.278599258238668,-0.24226549357271884,-0.31621362201836695,5873.639618271319,5640.612825771565,1663.8390089183526,0.4444444444444444,0.0,0.0
3.9166666666666665,19.039008970207536,-5.4821331031115115,19.81256283088773,0.18476985153505024,0.5846515703842814,0.0,1.1172547357330247,9.578754480034045,129.00469306370073,-22.821207217789038,-0.2803581646918385,-0.24415502005414236,-0.3178568009032336,5874.0213289764515,5640.469826288999,1666.0730356801594,0.4444444444444444,0.0,0.0
3.933333333333333,19.004217981427423,-5.507312160732467,19.78612615752162,0.1944887643278656,0.5822252932013217,0.0,1.1193842920997676,9.578965617437676,129.33327384256805,-22.851053030910137,-0.28206757733460214,-0.24599414930109878,-0.3194516374388002,5874.341241320965,5640.322232965264,1668.3067374497073,0.4444444444444444,0.0,0.0
3.9499999999999997,18.969447551983325,-5.531383535442075,19.759457083725906,0.20416728768142778,0.5798036072727819,0.0,1.1215139971714265,9.579125179886796,129.66164175047246,-22.8782277332177,-0.28372745147950795,-0.2477828842110639,-0.32099804080074146,5874.604560228687,5640.170425464095,1670.5393170807301,0.4444444444444444,0.0,0.0
3.966666666666667,18.93470990350481,-5.554352470509044,19.732563708158477,0.21380549278615327,0.5773860063894443,0.0,1.123643047790765,9.579237579421894,129.98977155404026,-22.902733346369324,-0.28533773076983343,-0.2495212129780712,-0.3224959111629534,5874.81601597239,5640.014754691724,1672.7699874609655,0.4444444444444444,0.0,0.0
3.9833333333333334,18.900017100660396,-5.576224094221859,19.70545410677551,0.2234034428393854,0.5749720264367448,0.0,1.1257706523087734,9.579306830081222,130.31763814880304,-22.92457213252395,-0.28689834827733673,-0.25120911049531724,-0.32394514052135287,5874.979912087484,5639.855545639885,1674.9979715461816,0.4444444444444444,0.0,0.0
4.0,18.86538105063365,-5.597003436251557,19.67813633581745,0.23296119370648952,0.5725612415588472,0.0,1.127896030504405,9.579336587603853,130.6452165608958,-22.943746590058364,-0.2884092275032539,-0.252846539630674,-0.32534561344778634,5875.1001679416195,5639.693099916201,1677.2225023939393,0.4444444444444444,0.0,0.0
4.016666666666667,18.830813502611257,-5.616695442185946,19.650618434553117,0.2424787945220369,0.5701532607031593,0.0,1.130018413516269,9.579330184752383,130.9724819486998,-22.960259449389874,-0.2898702832927755,-0.2544334523887029,-0.3266972077813211,5875.180356603759,5639.527697998095,1679.442823196687,0.4444444444444444,0.0,0.0
4.033333333333333,18.79632604728829,-5.635304986425124,19.62290842780438,0.2519562882369762,0.5677477245035094,0.0,1.1321370437840672,9.579290662775115,131.299409604432,-22.974113668895615,-0.29128142267208174,-0.25596979097120137,-0.32799979526339046,5875.22373857183,5639.359601241731,1681.6581873138202,0.4444444444444444,0.0,0.0
4.05,18.76193011639531,-5.652836883606899,19.595014328271564,0.2613937121170463,0.5653443024651507,0.0,1.134251174997952,9.579220799460597,131.62597495568232,-22.985312430920057,-0.2926425456159904,-0.25745548874693913,-0.32925324212255125,5875.23329184567,5639.189053673608,1683.867858302423,0.4444444444444444,0.0,0.0
4.066666666666666,18.727636982251003,-5.669295898712109,19.56694413867759,0.27079109819711866,0.5629426904190652,0.0,1.1363600720541709,9.579123134179254,131.95215356690113,-22.99385913786317,-0.29395354575338273,-0.2588904711400443,-0.3304574096139889,5875.211738769612,5639.016283589039,1686.0711099464102,0.4444444444444444,0.0,0.0
4.083333333333333,18.693457757343726,-5.684686755983397,19.538705853747,0.2801484736956507,0.560542608216803,0.0,1.1384630110156744,9.578999990257213,132.27792114083732,-22.999757408342557,-0.295214311016781,-0.2602746564454421,-0.3316121545183507,5875.161570015423,5638.841504978699,1688.2672262838796,0.4444444444444444,0.0,0.0
4.1,18.659403393944537,-5.699014146776558,19.510307462034223,0.28946586139299274,0.5581437976403786,0.0,1.140559279076506,9.57885349498412,132.60325351992856,-23.003011073423668,-0.296424724241762,-0.26160795657882574,-0.33271732960400274,5875.085066029847,5638.664918801977,1690.455501632471,0.4444444444444444,0.0,0.0
4.116666666666666,18.625484683754134,-5.712282736450802,19.481756947614187,0.29874327997689115,0.555746020504619,0.0,1.1426481745289907,9.57868559751948,132.928126687645,-23.003624172912694,-0.2975846637212756,-0.2628902777678185,-0.33377278405637134,5874.984316230845,5638.486714123497,1692.635240612589,0.4444444444444444,0.0,0.0
4.133333333333333,18.591712257585538,-5.724497170392994,19.45306229164688,0.30798074435818473,0.5533490569318872,0.0,1.1447290067328764,9.57849808492967,133.2525167697871,-23.00160095170754,-0.29869400371939786,-0.26412152119027194,-0.3347783638776483,5874.861236201808,5638.307069127294,1694.8057581683593,0.4444444444444444,0.0,0.0
4.15,18.558096585084066,-5.735662079260966,19.424231473826218,0.3171782659593778,0.5509527037813101,0.0,1.1468010960857105,9.57829259655953,133.57640003573866,-22.99694585620257,-0.2997526149485715,-0.26530158356500483,-0.335733912259798,5874.717583102689,5638.126152021383,1696.9663795862086,0.4444444444444444,0.0,0.0
4.166666666666667,18.52464797448594,-5.745782083522086,19.3952724737228,0.32633585297849665,0.5485567732165947,0.0,1.1488637739938352,9.57807063691791,133.89975289967597,-22.989663530743485,-0.30076036501395814,-0.26643035769972684,-0.33663926993350274,5874.554969490627,5637.94412184392,1699.1164405109942,0.4444444444444444,0.0,0.0
4.183333333333334,18.491376572416527,-5.754861797355465,19.366193272028866,0.3354535106303899,0.5461610913982208,0.0,1.1509163828434754,9.577833587235249,134.22255192173367,-22.979758814128953,-0.30171711882815233,-0.2675077330003931,-0.33749427549541144,5874.374875719643,5637.761129180905,1701.2552869595931,0.4444444444444444,0.0,0.0
4.2,18.458292363728997,-5.7629058319791655,19.337001851713097,0.3445312413674103,0.5437654972873127,0.0,1.1529582759714834,9.577582715832166,134.544773809128,-22.96723673615605,-0.30262273899917336,-0.2685335959457931,-0.33829876571581813,5874.178661068795,5637.577316804126,1703.3822753319143,0.4444444444444444,0.0,0.0
4.216666666666667,18.425405171384114,-5.769918798457545,19.30770619909217,0.3535690450812205,0.5413698415498203,0.0,1.1549888176353582,9.577319187422166,134.86639541723872,-22.95210251420684,-0.30347708619434893,-0.2695078305307858,-0.33905257582867987,5873.967573730641,5637.392820237061,1705.4967724192802,0.4444444444444444,0.0,0.0
4.233333333333333,18.392724656371534,-5.7759053100383415,19.278314304825162,0.3625669192872861,0.5389739855508119,0.0,1.1570073829822212,9.57704407145654,135.1873937506497,-22.934361549873824,-0.3042800194824425,-0.2704303186812414,-0.33975553980569245,5873.7427597762635,5637.207768255518,1707.5981554101459,0.4444444444444444,0.0,0.0
4.25,18.360260317673,-5.780869984064138,19.24883416483636,0.37152485929346196,0.536577800429721,0.0,1.1590133580164717,9.57675834960728,135.5077459641491,-22.91401942562211,-0.305031396656136,-0.27130094064344334,-0.34040749061596887,5873.505271199612,5637.0222833290045,1709.6858118931355,0.4444444444444444,0.0,0.0
4.266666666666667,18.328021492267613,-5.784817443498443,19.21927378117153,0.38044285835393266,0.5341811662483025,0.0,1.161006139565915,9.576462922472484,135.82742936369021,-22.89108190148651,-0.3057310745367689,-0.2721195753504215,-0.3410082604727107,5873.256073131821,5636.836482008046,1711.7591398573843,0.4444444444444444,0.0,0.0
4.283333333333333,18.296017355179313,-5.787752318102638,19.189641162792103,0.3893209078096423,0.5317839712038608,0.0,1.1629851352461404,9.576158615578699,136.1464214073126,-22.86555491180186,-0.306378909263042,-0.27288610076744463,-0.3415576810681226,5872.996050305621,5636.650475262079,1713.8175476901624,0.4444444444444444,0.0,0.0
4.3,18.264256919566577,-5.789679245296511,19.15994432631141,0.3981589972162289,0.5293861109010329,0.0,1.1649497634230095,9.575846184746208,136.46469970602536,-22.837444561965217,-0.30697475656522566,-0.2736003942186757,-0.3420555837976947,5872.726012840565,5636.464368771935,1715.8604541717975,0.4444444444444444,0.0,0.0
4.316666666666666,18.232749036854262,-5.790602870731907,19.130191296676536,0.4069571144603767,0.5269874876760323,0.0,1.1668994531731147,9.575526320875058,136.78224202465202,-22.80675712522855,-0.3075184720262584,-0.2742623326967973,-0.34250179997486274,5872.446701411399,5636.278263180387,1717.887288467886,0.4444444444444444,0.0,0.0
4.333333333333333,18.20150239690752,-5.790527848606172,19.10039010779921,0.41571524586540054,0.5245880099678234,0.0,1.1688336442420828,9.575199654203045,137.0990262826387,-22.773499039520875,-0.30800991133098193,-0.27487179315723487,-0.34289616103695353,5872.158791854588,5636.09225430379,1719.8974901188012,0.4444444444444444,0.0,0.0
4.35,18.170525528247587,-5.789458841739482,19.070548803138642,0.4244333762867935,0.5221875917311842,0.0,1.1707517870006436,9.574866758080448,137.4150305548253,-22.7376769042988,-0.30844893050463623,-0.27542865279844914,-0.3432384987432287,5871.862899261263,5635.906433307388,1721.890509026514,0.4444444444444444,0.0,0.0
4.366666666666666,18.139826798309272,-5.7874005214378395,19.040675436239077,0.43311148919838555,0.519786151887046,0.0,1.1726533423983674,9.574528152300754,137.7302330721808,-22.69929747742466,-0.3088353861416239,-0.27593278932962184,-0.34352864536575445,5871.5595815989955,5635.720886846448,1723.8658054387276,0.4444444444444444,0.0,0.0
4.383333333333333,18.10941441373989,-5.784357567161412,19.01077807122443,0.44174956676969107,0.5173836138058805,0.0,1.174537781915007,9.574184306021708,138.0446122225033,-22.658367672071446,-0.30916913562545206,-0.2763840812269334,-0.34376643387374534,5871.249342899412,5635.535697175033,1725.8228499303514,0.4444444444444444,0.0,0.0
4.4,18.079296420739357,-5.780334666016032,18.980864783252255,0.4503475899349544,0.5149799048202321,0.0,1.1764045875093936,9.573835640306218,138.35814655108524,-22.614894553653894,-0.30945003734066884,-0.2767824079795156,-0.3439516981119624,5870.932636043817,5635.350942223852,1727.7611233823266,0.4444444444444444,0.0,0.0
4.416666666666667,18.049480705441248,-5.775336512083901,18.950943658929106,0.4589055384543417,0.5125749557627868,0.0,1.1782532515658186,9.573482530308809,138.6708147613447,-22.568885336785204,-0.3096779508775223,-0.27712765032605235,-0.34408427297367217,5870.609865174615,5635.16669564831,1729.6801169578205,0.4444444444444444,0.0,0.0
4.433333333333334,18.01997499433446,-5.769367805608048,18.921022796689027,0.4674233909676691,0.5101687005266116,0.0,1.1800832768378662,9.573125307129212,138.98259571542323,-22.52034738225888,-0.30985273723,-0.2774196904829157,-0.34416399456861957,5870.281387756272,5634.983026847538,1731.5793320758055,0.4444444444444444,0.0,0.0
4.45,17.990786854725233,-5.762433252043646,18.89111030713686,0.47590112504100346,0.5077610756444171,0.0,1.1818941763896467,9.57276425935129,139.29346843475102,-22.469288194055306,-0.3099742589878314,-0.27765841236463124,-0.34419070038640515,5869.947516305843,5634.8000009549005,1733.4582803820433,0.4444444444444444,0.0,0.0
4.466666666666667,17.961923695239232,-5.754537560988014,18.86121431335794,0.4843387172064219,0.5053520198838739,0.0,1.1836854735344013,9.572399634282258,139.60341210058007,-22.415715416372723,-0.3100423805229739,-0.2778437017973949,-0.3441642294556056,5869.608519809656,5634.617678800165,1735.3164837174954,0.4444444444444444,0.0,0.0
4.483333333333333,17.933392766363436,-5.7456854449999435,18.831342951195506,0.49273614299516827,0.5029414738561618,0.0,1.185456701770422,9.572031638903907,139.9124060544861,-22.3596368306824,-0.3100569681710432,-0.2779754467262914,-0.3440844224989266,5869.264624839489,5634.436116843178,1737.1534740841732,0.4444444444444444,0.0,0.0
4.5,17.905201161027573,-5.735881618317935,18.80150436949716,0.5010933769643982,0.5005293796350538,0.0,1.1872074047142616,9.57166044054473,140.22042979884006,-22.301060352807706,-0.31001789040809374,-0.27805353741680167,-0.34395112208462675,5868.916016378532,5634.2553670786665,1738.9687936084415,0.4444444444444444,0.0,0.0
4.516666666666667,17.87735581522489,-5.72513079548592,18.771706730331594,0.5094103927176618,0.49811568038392817,0.0,1.1889371360311725,9.571286167278979,140.5274629972497,-22.239994030027006,-0.3099250180231041,-0.27807786665113005,-0.3437641727744085,5868.562838364496,5634.075476911358,1740.7619945018,0.4444444444444444,0.0,0.0
4.533333333333333,17.849863508672005,-5.713437689894154,18.741958209176637,0.5176871629192292,0.49570031998817426,0.0,1.190645459362756,9.570908908055841,140.83348547497258,-22.1764460382003,-0.3097782242864774,-0.2780483299198288,-0.34352342126792773,5868.205193954365,5633.89648900039,1742.532639019148,0.4444444444444444,0.0,0.0
4.55,17.822730865507726,-5.700807012242109,18.71226699507974,0.5259236593023235,0.4932832426904945,0.0,1.1923319482517327,9.570528712559359,141.1384772193005,-22.1104246789195,-0.3095773851148177,-0.2779648256091528,-0.343228716544028,5867.843145512551,5633.718441071571,1744.2802994145432,0.4444444444444444,0.0,0.0
4.566666666666666,17.795964355030744,-5.687243468929427,18.682641290791974,0.5341198526712814,0.4908643927266277,0.0,1.1939961860638126,9.570145590796805,141.4424183799174,-22.041938376682406,-0.3093223792322073,-0.27782725518453183,-0.34287990999876883,5867.476714321396,5633.541365695695,1746.0045578944705,0.4444444444444444,0.0,0.0
4.583333333333333,17.76957029247597,-5.672751760380275,18.653089312876354,0.5422757128976262,0.48844371395901226,0.0,1.1956377659065809,9.56975951241063,141.74528926923026,-21.970995676090414,-0.30901308832816826,-0.277635523370513,-0.3424768555802733,5867.105880010236,5633.365290030754,1747.7050065686228,0.4444444444444444,0.0,0.0
4.6,17.7435548398297,-5.657336579305741,18.623619291791666,0.5503912089099903,0.4860211495058764,0.0,1.19725629054533,9.569370405706207,142.04707036267527,-21.897605239070057,-0.30864939721245205,-0.27738953832748764,-0.34201940992037877,5866.73057969638,5633.190235525437,1749.38124739819,0.4444444444444444,0.0,0.0
4.616666666666666,17.717924006683454,-5.641002608908318,18.594239471952605,0.5584663086777839,0.48359664136318925,0.0,1.1988513723157617,9.568978156384588,142.3477422989995,-21.821775842118512,-0.3082311939667724,-0.2770892118254888,-0.3415074324630388,5866.350706828446,5633.016217580826,1751.032892141668,0.4444444444444444,0.0,0.0
4.633333333333333,17.69268365112672,-5.623754521031869,18.564958111767265,0.5665009791884661,0.48117013001682624,0.0,1.2004226330334629,9.568582605966622,142.64728588051926,-21.743516373573282,-0.30775837009355395,-0.2767344594153156,-0.3409407855893764,5865.966109719454,5632.843245166763,1752.659562298172,0.4444444444444444,0.0,0.0
4.65,17.667839480678705,-5.605596974259955,18.53578348365295,0.5744951864182236,0.47874155404219604,0.0,1.2019697039000488,9.568183549891245,142.94568207335655,-21.662835830906232,-0.3072308206617452,-0.2763252005972175,-0.3403193347392536,5865.576589753878,5632.671320388672,1754.2608890482484,0.4444444444444444,0.0,0.0
4.666666666666667,17.643397053259346,-5.586534611964811,18.506723874031334,0.5824488952958209,0.47631084968844206,0.0,1.2034922254058587,9.567780735267485,143.24291200765438,-21.57974331804235,-0.3066484444497059,-0.27586135898734937,-0.3396429485291748,5865.18189924941,5632.500438000141,1755.836513192165,0.4444444444444444,0.0,0.0
4.683333333333334,17.619361778200027,-5.566572060308776,18.477787583304075,0.5903620696593312,0.4738779504441698,0.0,1.2049898472290763,9.56737385825585,143.53895697777273,-21.494248042703415,-0.306011144085151,-0.2753428624821878,-0.33891149886629957,5864.781738950579,5632.3305848557475,1757.386085085673,0.4444444444444444,0.0,0.0
4.7,17.595738917294277,-5.545713926199461,18.448982925809947,0.5982346722054084,0.47144278658145594,0.0,1.206462228131119,9.566962561050637,143.833798442466,-21.40635931377709,-0.30531882618210415,-0.2747696434210876,-0.33812486105829365,5864.37575512732,5632.161739297886,1758.909264573193,0.4444444444444444,0.0,0.0
4.716666666666667,17.572533585889154,-5.523964795199459,18.4203182297648,0.6060666644307009,0.46900528467466757,0.0,1.2079090358481368,9.566546428430312,144.12741802504374,-21.31608653871176,-0.3045714014747809,-0.27414163874713865,-0.3372829139187005,5863.963536247345,5631.993870470484,1760.4057209184132,0.4444444444444444,0.0,0.0
4.733333333333333,17.5497507540179,-5.501329229390907,18.39180183718557,0.6138580065649496,0.46656536709035623,0.0,1.2093299469784309,9.566124983838067,144.41979751351616,-21.22343922093764,-0.3037687849482947,-0.2734587901664784,-0.3363855398674622,5863.54460918637,5631.826937551445,1761.875132732237,0.4444444444444444,0.0,0.0
4.75,17.52739524757467,-5.477811765194797,18.363442103799866,0.6216086574952467,0.4641229514441877,0.0,1.2107246468656,9.56569768494927,144.7109188607258,-21.128426957314655,-0.30291089596604875,-0.27272104430620486,-0.3354326250261682,5863.118434935087,5631.660888894606,1763.3171878980522,0.4444444444444444,0.0,0.0
4.766666666666667,17.50547174953233,-5.453416911144378,18.335247398942563,0.6293185746808599,0.461677950020519,0.0,1.2120928294771722,9.565263918676399,145.0007641844674,-21.031059435607748,-0.30199765839364556,-0.2719283528710331,-0.33442405930755176,5862.684403755943,5631.4956610706695,1764.7315834942483,0.4444444444444444,0.0,0.0
4.783333333333333,17.483984801204283,-5.428149145611638,18.30722610544117,0.63698771405795,0.4592302691498412,0.0,1.2134341972784872,9.564822995555417,145.28931576759805,-20.93134643199019,-0.3010290007191209,-0.2710806727988364,-0.3333597364986946,5862.2418297364575,5631.331177795164,1766.1180257139224,0.4444444444444444,0.0,0.0
4.8,17.462938803551737,-5.4020129144853195,18.27938661949189,0.6446160299334268,0.456779808538857,0.0,1.2147484611015438,9.564374143449847,145.5765560581391,-20.829297808575745,-0.3000048561692742,-0.27017796641521863,-0.33223955433733526,5861.789944678638,5631.167348729822,1767.4762297816965,0.4444444444444444,0.0,0.0
4.816666666666666,17.4423380185377,-5.375012628798494,18.251737350528277,0.6522034748670947,0.4543264605474543,0.0,1.2160353400085149,9.563916500500483,145.86246766937262,-20.724923510980403,-0.2989251628218405,-0.26922020158726734,-0.3310634145806057,5861.327891256117,5631.004068141933,1768.8059198675505,0.4444444444444444,0.0,0.0
4.833333333333333,17.42218657052941,-5.347152662303269,18.224286721084923,0.6597499995411362,0.45187010940626615,0.0,1.2172945611496004,9.563449107239204,146.1470333799348,-20.618233565914682,-0.2977898637132201,-0.2682073518766544,-0.32983122306544743,5860.854715361769,5630.84121340409,1770.1068289975788,0.4444444444444444,0.0,0.0
4.85,17.402488447750937,-5.318437348989705,18.197043166658517,0.6672555526158751,0.4494106303678635,0.0,1.2185258596148547,9.562970897774584,146.4302361339087,-20.509238078807456,-0.2965989069414471,-0.26713939669226344,-0.32854288975987994,5860.3693575585585,5630.678643314288,1771.3786989615535,0.4444444444444444,0.0,0.0
4.866666666666666,17.38324750378814,-5.288870980545589,18.1700151355692,0.6747200805706297,0.4469478887838993,0.0,1.2197289782795968,9.562480689945179,146.71205904091894,-20.39794723146244,-0.295352245764052,-0.266016321442544,-0.3271983288041984,5859.870643535246,5630.516196213647,1772.6212802171635,0.4444444444444444,0.0,0.0
4.883333333333333,17.364467459148138,-5.258457803753179,18.143211088825133,0.6821435275283382,0.4444817390997111,0.0,1.220903667642971,9.561977174322745,146.99248537623262,-20.28437127974862,-0.2940498386904381,-0.26483811768782567,-0.32579745854109393,5859.35727345598,5630.353687875754,1773.8343317907909,0.4444444444444444,0.0,0.0
4.9,17.346151902875924,-5.2272020178186205,18.11663949999373,0.6895258350624826,0.4420120237569704,0.0,1.2220496856592022,9.561458901932365,147.27149858086855,-20.168520551325912,-0.29269164956836347,-0.26360478329285447,-0.3243402015335779,5858.827810078672,5630.190909138092,1775.0176211746586,0.4444444444444444,0.0,0.0
4.916666666666667,17.328304294230954,-5.195107771629183,18.09030885508329,0.6968669419846706,0.43953857199394114,0.0,1.2231667975610414,9.560924270539273,147.54908226171955,-20.050405443407687,-0.29127764766408576,-0.2623163225798593,-0.32282648456948443,5858.280665501151,5630.027623241758,1776.1709242201823,0.4444444444444444,0.0,0.0
4.933333333333334,17.31092796442682,-5.162179160932995,18.064227652439097,0.7041667841110508,0.43706119853175474,0.0,1.2242547756748619,9.560371509332688,147.82522019169141,-19.930036420561784,-0.28980780773569587,-0.26097274648250657,-0.32125623865120106,5857.714086376134,5629.863562840968,1777.2940250273173,0.4444444444444444,0.0,0.0
4.95,17.294026118437507,-5.128420225435473,18.03840440265863,0.7114252940055286,0.4345797021338155,0.0,1.2253133992268361,9.55979866181471,148.09989630986354,-19.807424012551927,-0.28828211009913546,-0.25957407270116284,-0.3196293989691475,5857.126137415808,5629.698426638281,1778.3867158296935,0.4444444444444444,0.0,0.0
4.966666666666667,17.277601836874023,-5.093834945806112,18.012847628530814,0.7186424006975203,0.4320938640239969,0.0,1.2263424541395713,9.55920356667751,148.37309472167595,-19.68257881222163,-0.2867005406863601,-0.25812032585995753,-0.3179459048573732,5856.514682983958,5629.531875595185,1779.4487968752924,0.4444444444444444,0.0,0.0
4.983333333333333,17.261658077935614,-5.058427240588837,17.987565865004942,0.7258180293717295,0.4296034461476622,0.0,1.2273417328185565,9.55858383642346,148.64479969914848,-19.55551147342294,-0.2850630910950803,-0.2566115376662246,-0.31620569972949314,5855.877366547768,5629.3635286603785,1780.4800763024102,0.4444444444444444,0.0,0.0
