t,vx,vy,speed,yaw,yaw_rate,steering_angle,ax,ay,pos_x,pos_y,sideslip,alpha_f,alpha_r,fy_f,fy_r,f_long,throttle,brake,steer_cmd
0.0,19.599215085258834,0.0,19.599215085258834,0.0,0.0,0.0,1.0802847173717205,0.0,54.49145527207026,0.0,0.0,0.0,0.0,-0.0,-0.0,1630.9566385867954,0.4444444444444444,0.0,0.0
0.016666666666666666,19.61720727863847,0.0,19.61720727863847,0.0,0.0,0.0,1.0790798743080598,0.0,54.81829630164934,0.0,0.0,0.0,0.0,-0.0,-0.0,1629.8012619138674,0.4444444444444444,0.0,0.0
0.03333333333333333,19.635179402988882,0.0,19.635179402988882,0.0,0.0,0.0,1.0778761532768195,0.0,55.14543699204134,0.0,0.0,0.0,0.0,-0.0,-0.0,1628.6471739231952,0.4444444444444444,0.0,0.0
0.05,19.653131477005303,0.0,19.653131477005303,0.0,0.0,0.0,1.076673553768374,0.0,55.47287700895719,0.0,0.0,0.0,0.0,-0.0,-0.0,1627.494373414454,0.4444444444444444,0.0,0.0
0.06666666666666667,19.671063519374453,0.0,19.671063519374453,0.0,0.0,0.0,1.0754720752719173,0.0,55.80061601841933,0.0,0.0,0.0,0.0,-0.0,-0.0,1626.3428591878649,0.4444444444444444,0.0,0.0
0.08333333333333333,19.68897554877454,0.0,19.68897554877454,0.0,0.0,0.0,1.0742717172754697,0.0,56.12865368676155,0.0,0.0,0.0,0.0,-0.0,-0.0,1625.1926300441978,0.4444444444444444,0.0,0.0
0.1,19.706867583875216,0.0,19.706867583875216,0.0,0.0,0.0,1.0730724792658777,0.0,56.45698968062886,0.0,0.0,0.0,0.0,-0.0,-0.0,1624.043684784769,0.4444444444444444,0.0,0.0
0.11666666666666667,19.724739643337575,0.0,19.724739643337575,0.0,0.0,0.0,1.071874360728823,0.0,56.785623666977315,0.0,0.0,0.0,0.0,-0.0,-0.0,1622.8960222114451,0.4444444444444444,0.0,0.0
0.13333333333333333,19.742591745814124,0.0,19.742591745814124,0.0,0.0,0.0,1.0706773611488234,0.0,57.11455531307392,0.0,0.0,0.0,0.0,-0.0,-0.0,1621.7496411266432,0.4444444444444444,0.0,0.0
0.15,19.76042390994877,0.0,19.76042390994877,0.0,0.0,0.0,1.0694814800092396,0.0,57.443784286496474,0.0,0.0,0.0,0.0,-0.0,-0.0,1620.6045403333326,0.4444444444444444,0.0,0.0
0.16666666666666666,19.778236154376792,0.0,19.778236154376792,0.0,0.0,0.0,1.0682867167922776,0.0,57.7733102551334,0.0,0.0,0.0,0.0,-0.0,-0.0,1619.4607186350352,0.4444444444444444,0.0,0.0
0.18333333333333332,19.796028497724826,0.0,19.796028497724826,0.0,0.0,0.0,1.0670930709789952,0.0,58.10313288718363,0.0,0.0,0.0,0.0,-0.0,-0.0,1618.3181748358284,0.4444444444444444,0.0,0.0
0.2,19.81380095861085,0.0,19.81380095861085,0.0,0.0,0.0,1.0659005420493053,0.0,58.43325185115644,0.0,0.0,0.0,0.0,-0.0,-0.0,1617.1769077403455,0.4444444444444444,0.0,0.0
0.21666666666666667,19.83155355564417,0.0,19.83155355564417,0.0,0.0,0.0,1.0647091294819775,0.0,58.76366681587133,0.0,0.0,0.0,0.0,-0.0,-0.0,1616.0369161537747,0.4444444444444444,0.0,0.0
0.23333333333333334,19.84928630742538,0.0,19.84928630742538,0.0,0.0,0.0,1.0635188327546485,0.0,59.094377450457856,0.0,0.0,0.0,0.0,-0.0,-0.0,1614.8981988818643,0.4444444444444444,0.0,0.0
0.25,19.86699923254637,0.0,19.86699923254637,0.0,0.0,0.0,1.0623296513438214,0.0,59.42538342435549,0.0,0.0,0.0,0.0,-0.0,-0.0,1613.7607547309217,0.4444444444444444,0.0,0.0
0.26666666666666666,19.884692349590278,0.0,19.884692349590278,0.0,0.0,0.0,1.0611415847248713,0.0,59.75668440731348,0.0,0.0,0.0,0.0,-0.0,-0.0,1612.624582507814,0.4444444444444444,0.0,0.0
0.2833333333333333,19.902365677131492,0.0,19.902365677131492,0.0,0.0,0.0,1.0599546323720512,0.0,60.08828006939069,0.0,0.0,0.0,0.0,-0.0,-0.0,1611.4896810199712,0.4444444444444444,0.0,0.0
0.3,19.92001923373563,0.0,19.92001923373563,0.0,0.0,0.0,1.0587687937584935,0.0,60.4201700809555,0.0,0.0,0.0,0.0,-0.0,-0.0,1610.3560490753848,0.4444444444444444,0.0,0.0
0.31666666666666665,19.937653037959514,0.0,19.937653037959514,0.0,0.0,0.0,1.0575840683562172,0.0,60.752354112685595,0.0,0.0,0.0,0.0,-0.0,-0.0,1609.223685482612,0.4444444444444444,0.0,0.0
0.3333333333333333,19.95526710835116,0.0,19.95526710835116,0.0,0.0,0.0,1.0564004556361308,0.0,61.08483183556786,0.0,0.0,0.0,0.0,-0.0,-0.0,1608.0925890507747,0.4444444444444444,0.0,0.0
0.35,19.97286146344974,0.0,19.97286146344974,0.0,0.0,0.0,1.0552179550680356,0.0,61.41760292089821,0.0,0.0,0.0,0.0,-0.0,-0.0,1606.9627585895614,0.4444444444444444,0.0,0.0
0.36666666666666664,19.990436121785596,0.0,19.990436121785596,0.0,0.0,0.0,1.0540365661206326,0.0,61.75066704028147,0.0,0.0,0.0,0.0,-0.0,-0.0,1605.8341929092285,0.4444444444444444,0.0,0.0
0.3833333333333333,20.007991101880194,0.0,20.007991101880194,0.0,0.0,0.0,1.0528562882615233,0.0,62.0840238656312,0.0,0.0,0.0,0.0,-0.0,-0.0,1604.7068908206008,0.4444444444444444,0.0,0.0
0.4,20.02552642224611,0.0,20.02552642224611,0.0,0.0,0.0,1.051677120957218,0.0,62.417673069169574,0.0,0.0,0.0,0.0,-0.0,-0.0,1603.5808511350738,0.4444444444444444,0.0,0.0
0.4166666666666667,20.04304210138703,0.0,20.04304210138703,0.0,0.0,0.0,1.050499063673136,0.0,62.75161432342719,0.0,0.0,0.0,0.0,-0.0,-0.0,1602.4560726646137,0.4444444444444444,0.0,0.0
0.43333333333333335,20.060538157797712,0.0,20.060538157797712,0.0,0.0,0.0,1.0493221158736121,0.0,63.08584730124297,0.0,0.0,0.0,0.0,-0.0,-0.0,1601.3325542217588,0.4444444444444444,0.0,0.0
0.45,20.078014609963972,0.0,20.078014609963972,0.0,0.0,0.0,1.0481462770219032,0.0,63.420371675763995,0.0,0.0,0.0,0.0,-0.0,-0.0,1600.2102946196233,0.4444444444444444,0.0,0.0
0.4666666666666667,20.09547147636268,0.0,20.09547147636268,0.0,0.0,0.0,1.0469715465801857,0.0,63.75518712044532,0.0,0.0,0.0,0.0,-0.0,-0.0,1599.0892926718925,0.4444444444444444,0.0,0.0
0.48333333333333334,20.112908775461715,0.0,20.112908775461715,0.0,0.0,0.0,1.0457979240095667,0.0,64.09029330904987,0.0,0.0,0.0,0.0,-0.0,-0.0,1597.9695471928303,0.4444444444444444,0.0,0.0
0.5,20.13032652571998,0.0,20.13032652571998,0.0,0.0,0.0,1.0446254087700846,0.0,64.42568991564829,0.0,0.0,0.0,0.0,-0.0,-0.0,1596.851056997277,0.4444444444444444,0.0,0.0
0.5166666666666666,20.14772474558735,0.0,20.14772474558735,0.0,0.0,0.0,1.0434540003207144,0.0,64.76137661461877,0.0,0.0,0.0,0.0,-0.0,-0.0,1595.7338209006507,0.4444444444444444,0.0,0.0
0.5333333333333333,20.165103453504692,0.0,20.165103453504692,0.0,0.0,0.0,1.042283698119371,0.0,65.09735308064688,0.0,0.0,0.0,0.0,-0.0,-0.0,1594.6178377189485,0.4444444444444444,0.0,0.0
0.55,20.18246266790381,0.0,20.18246266790381,0.0,0.0,0.0,1.0411145016229149,0.0,65.43361898872547,0.0,0.0,0.0,0.0,-0.0,-0.0,1593.5031062687492,0.4444444444444444,0.0,0.0
0.5666666666666667,20.199802407207454,0.0,20.199802407207454,0.0,0.0,0.0,1.0399464102871543,0.0,65.77017401415449,0.0,0.0,0.0,0.0,-0.0,-0.0,1592.3896253672117,0.4444444444444444,0.0,0.0
0.5833333333333334,20.21712268982929,0.0,20.21712268982929,0.0,0.0,0.0,1.0387794235668513,0.0,66.10701783254083,0.0,0.0,0.0,0.0,-0.0,-0.0,1591.2773938320777,0.4444444444444444,0.0,0.0
0.6,20.234423534173885,0.0,20.234423534173885,0.0,0.0,0.0,1.0376135409157252,0.0,66.4441501197982,0.0,0.0,0.0,0.0,-0.0,-0.0,1590.1664104816741,0.4444444444444444,0.0,0.0
0.6166666666666667,20.2517049586367,0.0,20.2517049586367,0.0,0.0,0.0,1.0364487617864575,0.0,66.78157055214692,0.0,0.0,0.0,0.0,-0.0,-0.0,1589.056674134912,0.4444444444444444,0.0,0.0
0.6333333333333333,20.268966981604045,0.0,20.268966981604045,0.0,0.0,0.0,1.0352850856306934,0.0,67.11927880611383,0.0,0.0,0.0,0.0,-0.0,-0.0,1587.9481836112875,0.4444444444444444,0.0,0.0
0.65,20.286209621453096,0.0,20.286209621453096,0.0,0.0,0.0,1.0341225118990494,0.0,67.45727455853212,0.0,0.0,0.0,0.0,-0.0,-0.0,1586.8409377308851,0.4444444444444444,0.0,0.0
0.6666666666666666,20.303432896551854,0.0,20.303432896551854,0.0,0.0,0.0,1.0329610400411156,0.0,67.79555748654118,0.0,0.0,0.0,0.0,-0.0,-0.0,1585.7349353143777,0.4444444444444444,0.0,0.0
0.6833333333333333,20.32063682525914,0.0,20.32063682525914,0.0,0.0,0.0,1.0318006695054593,0.0,68.13412726758642,0.0,0.0,0.0,0.0,-0.0,-0.0,1584.6301751830258,0.4444444444444444,0.0,0.0
0.7,20.33782142592457,0.0,20.33782142592457,0.0,0.0,0.0,1.0306413997396309,0.0,68.47298357941912,0.0,0.0,0.0,0.0,-0.0,-0.0,1583.526656158682,0.4444444444444444,0.0,0.0
0.7166666666666667,20.354986716888543,0.0,20.354986716888543,0.0,0.0,0.0,1.0294832301901673,0.0,68.81212610009632,0.0,0.0,0.0,0.0,-0.0,-0.0,1582.4243770637904,0.4444444444444444,0.0,0.0
0.7333333333333333,20.372132716482227,0.0,20.372132716482227,0.0,0.0,0.0,1.0283261603025944,0.0,69.1515545079806,0.0,0.0,0.0,0.0,-0.0,-0.0,1581.3233367213866,0.4444444444444444,0.0,0.0
0.75,20.389259443027534,0.0,20.389259443027534,0.0,0.0,0.0,1.0271701895214338,0.0,69.49126848174001,0.0,0.0,0.0,0.0,-0.0,-0.0,1580.2235339551003,0.4444444444444444,0.0,0.0
0.7666666666666666,20.406366914837108,0.0,20.406366914837108,0.0,0.0,0.0,1.026015317290205,0.0,69.83126770034784,0.0,0.0,0.0,0.0,-0.0,-0.0,1579.124967589156,0.4444444444444444,0.0,0.0
0.7833333333333333,20.423455150214313,0.0,20.423455150214313,0.0,0.0,0.0,1.0248615430514305,0.0,70.17155184308251,0.0,0.0,0.0,0.0,-0.0,-0.0,1578.0276364483748,0.4444444444444444,0.0,0.0
0.8,20.440524167453198,0.0,20.440524167453198,0.0,0.0,0.0,1.02370886624664,0.0,70.51212058952737,0.0,0.0,0.0,0.0,-0.0,-0.0,1576.9315393581735,0.4444444444444444,0.0,0.0
0.8166666666666667,20.45757398483851,0.0,20.45757398483851,0.0,0.0,0.0,1.0225572863163725,0.0,70.85297361957059,0.0,0.0,0.0,0.0,-0.0,-0.0,1575.8366751445667,0.4444444444444444,0.0,0.0
0.8333333333333334,20.474604620645657,0.0,20.474604620645657,0.0,0.0,0.0,1.0214068027001846,0.0,71.19411061340502,0.0,0.0,0.0,0.0,-0.0,-0.0,1574.74304263417,0.4444444444444444,0.0,0.0
0.85,20.49161609314069,0.0,20.49161609314069,0.0,0.0,0.0,1.0202574148366486,0.0,71.53553125152793,0.0,0.0,0.0,0.0,-0.0,-0.0,1573.6506406541962,0.4444444444444444,0.0,0.0
0.8666666666666667,20.508608420580288,0.0,20.508608420580288,0.0,0.0,0.0,1.019109122163362,0.0,71.877235214741,0.0,0.0,0.0,0.0,-0.0,-0.0,1572.5594680324614,0.4444444444444444,0.0,0.0
0.8833333333333333,20.525581621211767,0.0,20.525581621211767,0.0,0.0,0.0,1.0179619241169484,0.0,72.21922218415008,0.0,0.0,0.0,0.0,-0.0,-0.0,1571.4695235973827,0.4444444444444444,0.0,0.0
0.9,20.542535713273026,0.0,20.542535713273026,0.0,0.0,0.0,1.0168158201330637,0.0,72.561491841165,0.0,0.0,0.0,0.0,-0.0,-0.0,1570.3808061779812,0.4444444444444444,0.0,0.0
0.9166666666666666,20.559470714992553,0.0,20.559470714992553,0.0,0.0,0.0,1.0156708096463978,0.0,72.90404386749948,0.0,0.0,0.0,0.0,-0.0,-0.0,1569.2933146038815,0.4444444444444444,0.0,0.0
0.9333333333333333,20.576386644589398,0.0,20.576386644589398,0.0,0.0,0.0,1.0145268920906796,0.0,73.24687794517095,0.0,0.0,0.0,0.0,-0.0,-0.0,1568.2070477053137,0.4444444444444444,0.0,0.0
0.95,20.593283520273182,0.0,20.593283520273182,0.0,0.0,0.0,1.0133840668986818,0.0,73.58999375650043,0.0,0.0,0.0,0.0,-0.0,-0.0,1567.122004313114,0.4444444444444444,0.0,0.0
0.9666666666666667,20.610161360244046,0.0,20.610161360244046,0.0,0.0,0.0,1.012242333502224,0.0,73.93339098411225,0.0,0.0,0.0,0.0,-0.0,-0.0,1566.0381832587263,0.4444444444444444,0.0,0.0
0.9833333333333333,20.627020182692647,0.0,20.627020182692647,0.0,0.0,0.0,1.011101691332177,0.0,74.27706931093404,0.0,0.0,0.0,0.0,-0.0,-0.0,1564.9555833742027,0.4444444444444444,0.0,0.0
1.0,20.641520721152293,-0.040020521815697534,20.64155951772845,-0.00027800083599682735,-0.03178928008628186,-0.075,0.7304141504117231,-3.9515681805519702,74.62101140581832,-0.0003999945364238108,-0.001938833490497422,0.07249475173719598,6.022938180767161e-05,-4466.4415303165415,-4.931454924450619,1563.9499438861462,0.4444444444444444,0.0,1.0
1.0166666666666666,20.649170781039185,-0.09738819327351109,20.649400436930645,-0.0013675280425665892,-0.08669027107870032,-0.15,0.2894855701761886,-5.092736355156139,74.96512445606669,-0.001974879827194545,-0.004716289686592576,0.1415853298206079,0.0006783030177256855,-5761.685332325376,-55.46893923805458,1563.3428030758314,0.4444444444444444,0.0,1.0
1.0333333333333332,20.64992095130378,-0.14320534452495423,20.650417503425818,-0.0034258409850691724,-0.1456235661171101,-0.22499999999999995,-0.12389855041629003,-5.384031353712728,75.30928693207969,-0.004983361956654791,-0.0069347988888233516,0.21063539420771596,0.002114452199362913,-6076.370888565549,-172.64380629443588,1563.187387936733,0.4444444444444444,0.0,1.0
1.05,20.64420424567909,-0.17185091747628398,20.644919512440634,-0.006457983559316907,-0.20343167212765653,-0.29999999999999993,-0.5208645997476491,-5.523551191041985,75.65338183072862,-0.009496542215339385,-0.008324222434346806,0.2805093987410609,0.0043332448708420885,-6200.155249171409,-352.96378896302156,1563.4519751571602,0.4444444444444444,0.0,1.0
1.0666666666666667,20.632158500579944,-0.1832733675252526,20.632972483873896,-0.010425099253062097,-0.2583508728910223,-0.3749999999999999,-0.912115806817294,-5.640936323780679,75.99729420849879,-0.01555094015281929,-0.008882664763325231,0.35137156872358066,0.007229954830291438,-6288.985265586407,-586.5393004833857,1564.123940484571,0.4444444444444444,0.0,1.0
1.0833333333333333,20.613795654412343,-0.17858661063179007,20.614569228081535,-0.015267855003155074,-0.3093510250417195,-0.44999999999999984,-1.2993663560951074,-5.751149089899512,76.34090889393354,-0.023176853061484128,-0.008663234363269297,0.4232413524151676,0.010687290435899213,-6370.982574387468,-861.3252761291681,1565.2013167277366,0.4444444444444444,0.0,1.0
1.1,20.589099045198353,-0.1591987306698166,20.589714513048367,-0.020912534910875195,-0.3556487117986894,-0.5249999999999999,-1.6810993146367958,-5.847946802516928,76.68411029531026,-0.03240089140742341,-0.0077320312937954,0.4961021052535599,0.014588834005902083,-6450.84616660379,-1164.0857931316427,1566.6850356501263,0.4444444444444444,0.0,1.0
1.1166666666666667,20.558465676878363,-0.12687141565214943,20.558857150714758,-0.027275004061274213,-0.39682330675334343,-0.58,-1.9639983384171118,-5.984977346475011,77.02678478596549,-0.04324505485548354,-0.0061711708976363465,0.5499210542545643,0.018824137797657976,-6527.80039533695,-1481.1228605597685,1568.574271639734,0.4444444444444444,0.0,1.0
1.1333333333333333,20.526472272626307,-0.0853161821509218,20.526649575852204,-0.03428272184817062,-0.4341970305622374,-0.58,-1.9605881178202318,-6.235745386425174,77.36886811478321,-0.05575375295938785,-0.00415637376581853,0.5494702474130194,0.023292622553572454,-6528.843591683843,-1804.0120808749582,1570.6255233807117,0.4444444444444444,0.0,1.0
1.15,20.49807163254946,-0.037884053613516176,20.49810664072775,-0.04188799437634865,-0.4693708325455799,-0.5049999999999998,-1.5843216048578672,-6.664986721409948,77.71037570722933,-0.07001069879196889,-0.0018481743628613572,0.474518245984042,0.027924226949918102,-6470.582092016259,-2126.498193997931,1572.5442692857966,0.4444444444444444,0.0,0.0
1.1666666666666667,20.475790473166654,0.014473478013424476,20.47579558851348,-0.050059978713716334,-0.5026282260165705,-0.4299999999999998,-1.1919289274696185,-7.039017371349971,78.05138926495344,-0.08612623637011452,0.0007068579658422838,0.399920914213627,0.03267751469947267,-6388.886533915003,-2443.060396067091,1574.0729233650493,0.4444444444444444,0.0,0.0
1.1833333333333333,20.459610871051037,0.07177517060893196,20.459736769321978,-0.05876343819538802,-0.5336578806815228,-0.35499999999999987,-0.795815551922873,-7.369058916177912,78.39199731795914,-0.10420248705361446,0.0035081251846266676,0.32570591183071085,0.037528433701782105,-6304.090820720316,-2749.1341946139823,1575.2092702908465,0.4444444444444444,0.0,0.0
1.2,20.449483957262768,0.1340561719376565,20.449923353782573,-0.06795788695521138,-0.5621250607489632,-0.2799999999999999,-0.3965837958341535,-7.644127927693333,78.73228732190647,-0.12433019882704648,0.006555385551217792,0.25189346426912396,0.04245261984405675,-6205.46169441384,-3042.3317214322,1575.9562722562755,0.4444444444444444,0.0,0.0
1.2166666666666666,20.445414180586866,0.20177619975540162,20.446409823011233,-0.07759429899808828,-0.5873231399246811,-0.20499999999999996,0.012466339116620997,-7.803320913395847,79.07234659784004,-0.14658316598485033,0.009868699529387221,0.17852894475548517,0.04742292899693134,-6024.387263335575,-3321.1044372390397,1576.3154159911905,0.4444444444444444,0.0,0.0
1.2333333333333334,20.44770046798368,0.2782409237116977,20.449593454149838,-0.08759211228752206,-0.6061414426483505,-0.13,0.4577359179162447,-7.48895877140401,79.41226873181989,-0.1709851164217257,0.013606603480533757,0.10583979054983982,0.05239863738993454,-5356.137786987939,-3585.000483628984,1576.2743336051458,0.4444444444444444,0.0,0.0
1.25,20.456826789916793,0.3796881232479913,20.46035007969299,-0.09772091012251581,-0.6043656434351518,-0.05499999999999999,0.9193532645709108,-5.285911986174803,79.75217669784143,-0.19734096936317233,0.01855832952402106,0.03500656440614434,0.057269157758849006,-2610.6498162728594,-3831.651166278313,1575.795656213152,0.4444444444444444,0.0,0.0
1.2666666666666666,20.469426607326955,0.5274969944818197,20.476222276385165,-0.10736790018080446,-0.5591040956157864,0.0,1.0362599426516752,-2.357378310839369,80.0922313038466,-0.22489775370742557,0.02576429140679891,-0.010989207313916876,0.06166853660540572,872.6998503163961,-4029.890564136902,1575.000541767569,0.4444444444444444,0.0,0.0
1.2833333333333332,20.481240512818303,0.6597118283293092,20.491862595682885,-0.11616120780667698,-0.5095142166435304,0.0,1.0288940013500332,-3.1586927473144657,80.43248932556516,-0.2532137005716633,0.032199407811172635,-0.0010350357261518501,0.0650595378140756,82.7974357566799,-4161.192438272152,1574.2291254897932,0.4444444444444444,0.0,0.0
1.3,20.49249578159437,0.7646942890115049,20.50675841556412,-0.12419260901570937,-0.4660051413984926,0.0,1.0235790983171729,-3.8044922905374534,80.77292075926447,-0.28247908181794756,0.037298514311921,0.007137691220194449,0.06748264376858466,-569.2442409877565,-4249.336967814335,1573.4997349915652,0.4444444444444444,0.0,0.0
1.3166666666666667,20.503499181911863,0.8467337906210457,20.520975532728457,-0.13155329417549197,-0.4276011605270914,0.0,1.019694885995275,-4.310751304848873,81.11349614786992,-0.3128634330958087,0.04127358566091444,0.013806855754336565,0.0690914417392555,-1091.862922112137,-4305.328151981234,1572.790776736277,0.4444444444444444,0.0,0.0
1.3333333333333333,20.51446235905387,0.9094607778116242,20.53461187330834,-0.13831871942100007,-0.3933930595112215,0.0,1.0167919833815693,-4.699491353108289,81.4541893232082,-0.3444989302634464,0.044303655146007107,0.01921707411503773,0.07000991192144228,-1503.6043596225204,-4336.405527782427,1572.0873385449245,0.4444444444444444,0.0,0.0
1.35,20.52553099854409,0.9558628777487049,20.54777595296514,-0.14455061403558175,-0.3626124846116773,0.0,1.0145623230466634,-4.991994501204122,81.7949774624348,-0.377486537660944,0.046535837619463054,0.02357254065255336,0.07033835541950127,-1824.317112481326,-4347.3562158046025,1571.3791500652756,0.4444444444444444,0.0,0.0
1.3666666666666667,20.53680491375864,0.9883777557241086,20.560575056495654,-0.15029946604935307,-0.3346400774990342,0.0,1.0127990428580245,-5.206236626465495,82.13584093262769,-0.4119017400113585,0.048090037271159576,0.027039808136127528,0.07015877939126637,-2071.5230788966182,-4341.35509707926,1570.6591624715254,0.4444444444444444,0.0,0.0
1.3833333333333333,20.54835155465081,1.0090009611112118,20.57310950131369,-0.15560684253029292,-0.30898823724152547,0.0,1.0113634386511068,-5.3564838230896195,82.47676306369554,-0.4477993100976415,0.04906433343281341,0.029753910498289092,0.06953932359019112,-2259.492232274752,-4320.503887678224,1569.9225899510984,0.4444444444444444,0.0,0.0
1.4,20.560215068252234,1.019383292638381,20.5854702630301,-0.1605073438280421,-0.28527780557865356,0.0,1.0101616149509296,-5.453731875475315,82.81772991670054,-0.4852170665124839,0.04953981422886231,0.031824752423535475,0.06853772128578076,-2399.4318791057012,-4286.18321433963,1569.1662673142678,0.4444444444444444,0.0,0.0
1.4166666666666667,20.572422436988628,1.0209105241817853,20.597738303617177,-0.16503017916676052,-0.263216208745799,0.0,1.009128963382969,-5.506359701669944,83.15873007426816,-0.5241787625144516,0.04958452080807586,0.03334265078780098,0.06720393874331972,-2500.017524586069,-4239.289741571349,1568.3882162664625,0.4444444444444444,0.0,0.0
1.4333333333333333,20.584987714355133,1.0147658026190425,20.609984687871965,-0.16920041494124607,-0.24257924592637253,0.0,1.008220067086718,-5.520751842452826,83.49975445993175,-0.564696287469141,0.04925652651136773,0.0343827909253536,0.06558216194487257,-2567.9501513042756,-4180.402825324937,1567.5873476848271,0.4444444444444444,0.0,0.0
1.45,20.597915021484965,1.0019773736150392,20.62227101678068,-0.1730399588439561,-0.22319660317910833,0.0,1.0074021541188307,-5.5018183049771725,83.8407961844127,-0.6067713477149921,0.04860628696251082,0.03500868770324588,0.06371227669834897,-2608.4353333517065,-4109.907867467791,1566.763252421176,0.4444444444444444,0.0,0.0
1.4666666666666666,20.611200733994938,0.9834545695701439,20.634649950688328,-0.17656833598605967,-0.20494048601495232,0.0,1.006650829505522,-5.4534070302239375,84.18185041334664,-0.6503967642724893,0.04767840859626456,0.035274829428301936,0.06163095523455275,-2625.564613406647,-4028.0927248760045,1565.9160499006662,0.4444444444444444,0.0,0.0
1.4833333333333334,20.62483513789098,0.9600145881344757,20.64716572497575,-0.17980330142525688,-0.18771664752350553,0.0,1.0059472743877726,-5.378624934411068,84.52291424995074,-0.6955574957774231,0.04651296194735903,0.03522868034537314,0.05937243258939118,-2622.608948618934,-3935.2265974358,1565.0462745881982,0.4444444444444444,0.0,0.0
1.5,20.638803736357964,0.9324020560982071,20.65985462829106,-0.1827613222128007,-0.1714571739178829,0.0,1.0052764054695484,-5.280086148555254,84.86398662621941,-0.7422314707452091,0.04514643908878851,0.03491218802238263,0.056969033397956184,-2602.241065088764,-3831.626209872465,1564.1547873365191,0.4444444444444444,0.0,0.0
1.5166666666666666,20.65308832584497,0.9013029077159269,20.672745447245532,-0.18545795286814043,-0.15611452902175083,0.0,1.004625679245203,-5.160102811735788,85.20506819683607,-0.7903902940370053,0.04361243130904402,0.03436290947335466,0.05445149435505011,-2566.702622329251,-3717.710945885613,1563.2427031474817,0.4444444444444444,0.0,0.0
1.5333333333333332,20.667667917326664,0.8673537583307033,20.685859897112913,-0.18790812136401644,-0.1416565001460304,0.0,1.0039843414908949,-5.02082936440253,85.54616123085638,-0.8399998771834553,0.04194208575742768,0.03361484238224194,0.05184911846528167,-2517.9289592104033,-3594.0464741772653,1562.3113298870135,0.4444444444444444,0.0,0.0
1.55,20.682519549292934,0.8311477183349136,20.699213063220004,-0.19012633807164955,-0.1280618126308481,0.0,1.0033429906306977,-4.864367519718368,85.88726949727007,-0.8910210298325615,0.04016438802470112,0.03269902686454936,0.049189792898526145,-2457.6410089925043,-3461.3751776849986,1561.3621145555637,0.4444444444444444,0.0,0.0
1.5666666666666667,20.69761901838927,0.7932374449962846,20.712813876306942,-0.19212683734429853,-0.1153162838054322,0.0,1.0026933620735317,-4.6928365410726975,86.22839814174823,-0.9434100390521329,0.03830631023250116,0.03164396822046618,0.046499901245212444,-2387.4114039246892,-3320.6313371172746,1560.3965951606194,0.4444444444444444,0.0,0.0
1.5833333333333333,20.71294153916542,0.7541361413404841,20.726665639329454,-0.193923660127254,-0.10340946698556122,0.0,1.002028261667255,-4.5084122065741985,86.56955355319589,-0.9971192539072068,0.03639285972158118,0.030475920836611953,0.043804161640114615,-2308.709951267832,-3172.939507960329,1559.416357254984,0.4444444444444444,0.0,0.0
1.6,20.728462334708112,0.7143171535668122,20.74076661450325,-0.19553068576097168,-0.09233179062464301,0.0,1.0013415884413637,-4.313337733208072,86.91074322008896,-1.052097684370603,0.03444706044498747,0.02921906646298214,0.04112542304402256,-2222.9324659544227,-3019.5957547403273,1558.422994897041,0.4444444444444444,0.0,0.0
1.6166666666666667,20.74415715424728,0.674212766802415,20.755110669303306,-0.1969616215573709,-0.08207222595502339,0.0,1.000628395597064,-4.109910636507481,87.25197557788911,-1.1082916162239012,0.03248989648434119,0.0278956153321839,0.038484451602625105,-2131.4162414940074,-2862.0331149582653,1557.4180762147785,0.4444444444444444,0.0,0.0
1.6333333333333333,20.760002711556247,0.6342127354928918,20.769687970156994,-0.19822995934825946,-0.07261651958710304,0.0,0.9998849478510811,-3.9004505798891844,87.59325984998544,-1.165645237374178,0.030540243849094064,0.02652585499940209,0.03589973652890005,-2035.4450687779374,-2701.774479907319,1556.4031139524013,0.4444444444444444,0.0,0.0
1.65,20.775977038506294,0.5946630001493426,20.78448570420465,-0.19934890865073823,-0.06394600976478473,0.0,0.999108744307683,-3.6872542575077043,87.93460588550059,-1.2241012662291024,0.028614812451284596,0.025128168599073027,0.03338734006598435,-1936.2465197017543,-2540.377576691514,1555.379541384736,0.4444444444444444,0.0,0.0
1.6666666666666667,20.79205975074759,0.5558649364061657,20.799488803963037,-0.20033131608967455,-0.056037013406735156,0.0,0.9982984887962877,-3.4725438663769808,88.27602399783558,-1.2836015696709624,0.026728114879071164,0.023719040938788107,0.03096080911778724,-1834.9840697651027,-2379.3775606990653,1554.3486938452725,0.4444444444444444,0.0,0.0
1.6833333333333333,20.808232226316065,0.5180753629549647,20.814680647706304,-0.2011895801225327,-0.048860734496103356,0.0,0.9974540026030401,-3.2584155338059535,88.61752480797568,-1.34408775683683,0.02489247269979247,0.02231306725739168,0.0286311579538145,-1732.7464468676005,-2220.2326990756424,1553.3117958821367,0.4444444444444444,0.0,0.0
1.7,20.8244777021374,0.48150741408402964,20.830043709906988,-0.20193556893490727,-0.0423836114191442,0.0,0.9965760858154659,-3.0467931598343276,88.95911909635178,-1.405501735245092,0.023118065104961234,0.020922975584883825,0.026406923149613574,-1630.5363110230967,-2064.2777821059753,1552.2699537890157,0.4444444444444444,0.0,0.0
1.7166666666666666,20.84078129715195,0.44633227326405245,20.845560140564118,-0.20258054774783182,-0.036567998028947474,0.0,0.9956663414797232,-2.8393916835251187,89.30081766651158,-1.467786217523982,0.021413019395867285,0.019559669661658168,0.02429428472771595,-1529.2599835608814,-1912.6884716535078,1551.2241530064855,0.4444444444444444,0.0,0.0
1.7333333333333334,20.857129973573223,0.41268167692394603,20.86121225866309,-0.2031351199082094,-0.03137306382167531,0.0,0.9947269806716833,-2.6376920714852705,89.6426312230997,-1.5308851696841943,0.01978353859974409,0.01823229560124899,0.02229724213060572,-1429.7194819492622,-1766.4581196163997,1550.1752596923584,0.4444444444444444,0.0,0.0
1.75,20.873512449343973,0.3806510380932658,20.876982952182516,-0.2036091842486632,-0.026755802575129675,0.0,0.9937606266084428,-2.4429286591976145,89.9845702657833,-1.594744195074614,0.01823405867519658,0.016948332210345224,0.020417830562114842,-1332.6076264577882,-1626.3869988041968,1549.124025639514,0.4444444444444444,0.0,0.0
1.7666666666666666,20.88991907515385,0.3503030087299641,20.892855983909953,-0.20401190949969425,-0.02267205340298037,0.0,0.9927701330280498,-2.25608809055808,90.32664499989515,-1.6593108514354593,0.016767426337212853,0.015713702333337173,0.01865636231283336,-1238.5065214843762,-1493.0826314911317,1548.0710956810408,0.4444444444444444,0.0,0.0
1.7833333333333332,20.906341688616124,0.32167129390925037,20.908816208061463,-0.20435172515087557,-0.01907745932500699,0.0,0.9917584275389094,-2.0779181331513588,90.66886526378099,-1.724534901470391,0.015385088330288402,0.014532900871923176,0.017011678545778692,-1147.8893228980862,-1366.9690992795506,1547.0170167562217,0.4444444444444444,0.0,0.0
1.8,20.9227734566665,0.2947645446572622,20.924849706886196,-0.20463632715325417,-0.015928311900385208,0.0,0.9907283857301723,-1.908944123230663,91.01124047218717,-1.7903684998669307,0.01408728370460144,0.013409134230160259,0.015481399098127933,-1061.1249114690447,-1248.302874529313,1545.9622478990561,0.4444444444444444,0.0,0.0
1.8166666666666667,20.939208715273693,0.269570182235649,20.940943858979814,-0.20487269623278537,-0.013182252728897592,0.0,0.9896827374671526,-1.7494906600099605,91.3537795745337,-1.8567663215877503,0.012873231967382801,0.01234446574349828,0.014062160571944735,-978.4849102579736,-1137.1927475123512,1544.907170532585,0.4444444444444444,0.0,0.0
1.8333333333333333,20.95564281343667,0.24605803875553114,20.95708735208154,-0.20506712629909338,-0.010798821396716026,0.0,0.9886240034873324,-1.5997063236015439,91.69649102659021,-1.9236856375173381,0.011741311578292543,0.011339962001260764,0.012749835848147132,-900.1524029267254,-1033.6217145612945,1543.852098587332,0.4444444444444444,0.0,0.0
1.8499999999999999,20.972071966416372,0.2241837320358684,20.97327015298895,-0.20522526041430744,-0.008739853648648835,0.0,0.987554458308676,-1.4595895236933232,92.03938277389183,-1.991086344232986,0.010689224886981007,0.010395835681862402,0.011539730810252644,-826.2317113809848,-937.4691192918611,1542.797288094852,0.4444444444444444,0.0,0.0
1.8666666666666667,20.988493121360246,0.20389172310874928,20.989483446243707,-0.20535213195495874,-0.006969743108316206,0.0,0.9864761144499496,-1.3290139985480591,92.38246224517448,-2.058930954871149,0.009714147104266074,0.009511581417500026,0.010426756300874347,-756.7586510392981,-848.531802058789,1541.7429460266617,0.4444444444444444,0.0,0.0
1.8833333333333333,21.004903837003017,0.18511803069167304,21.005719551756165,-0.20545220888322888,-0.005455585285240606,0.0,0.9853907227951305,-1.2077529022852378,92.7257363541459,-2.1271845578916326,0.008812858159951616,0.00868610215054612,0.009405575071190327,-691.7107765460497,-766.5434440940242,1540.6892382488327,0.4444444444444444,0.0,0.0
1.9,21.02130217798605,0.16779259747897612,21.021971829825333,-0.2055294393822607,-0.004167224765241485,0.0,0.9842997843287605,-1.0955007955436566,93.06921150801142,-2.1958147501128087,0.007981857293385332,0.007917824337236413,0.00847072472664228,-631.0172396395415,-691.1916546086886,1539.6362965410844,0.4444444444444444,0.0,0.0
1.9166666666666667,21.03768662351043,0.15184131828527433,21.03823458028188,-0.20558729745918333,-0.0030772263093974952,0.0,0.9832045691733022,-0.9918931665122516,93.4128936213189,-2.2647915497984146,0.007217460951567288,0.007204801133715301,0.0076167184789380045,-574.5679889986894,-622.1326278226398,1538.5842246871482,0.4444444444444444,0.0,0.0
1.9333333333333333,21.05405598948363,0.13718775045375534,21.05450294087196,-0.20562882744912706,-0.0021607889318342134,0.0,0.9821061396788305,-0.8965233490468842,93.756788133852,-2.3340872948996383,0.006515885062767445,0.0065448033355586105,0.006838125967332802,-522.2221393789914,-559.0033947117444,1537.5331036828775,0.4444444444444444,0.0,0.0
1.95,21.070409362984584,0.12375453332260236,21.07077278858719,-0.20565668664642298,-0.0013956195692496213,0.0,0.9810053751192188,-0.8089568761648561,94.10090003147525,-2.4036765308551744,0.005873313051648642,0.0059353983289382045,0.006129636597713917,-473.81541897782006,-501.4318223435683,1536.4829961333212,0.4444444444444444,0.0,0.0
1.9666666666666666,21.08674604770592,0.1114645467887436,21.08704064646417,-0.20567318553745312,-0.0007617801952122112,0.0,0.9799029962622822,-0.7287434204177559,94.44523386900154,-2.4735358916690253,0.005285951107896599,0.005374017659717294,0.005486107845133402,-429.1666680231502,-449.0445865751956,1535.4339499230375,0.4444444444444444,0.0,0.0
1.9833333333333334,21.10306551898781,0.1002418399327154,21.103303597426763,-0.2056803253118805,-0.0002415195035586056,0.0,0.9787995886708197,-0.6554265393901957,94.78979379431088,-2.5436439773484003,0.004750072254492155,0.0048580140547714165,0.004902600839762413,-388.083408707758,-401.4733762082675,1534.386001248479,0.4444444444444444,0.0,0.0
2.0,21.119367387097082,0.09001235997308873,21.119559206009196,-0.20567983248798208,0.00018090221330013882,0.0,0.9776956240514478,-0.5885514765631588,95.13458357309081,-2.613981230207771,0.004262050718445849,0.004384708860005554,0.004374405358675797,-350.36653881247133,-358.35959121800227,1533.3391770998853,0.4444444444444444,0.0,0.0
2.0166666666666666,21.13565136749629,0.08070451007159297,21.13580544825046,-0.20567319060851572,0.0005193885343421277,0.0,0.976591479309104,-0.5276712752918158,95.47960661369508,-2.6845298120369243,0.003818388013773897,0.0039514309141458525,0.0038970561135870173,-315.8142213079671,-319.35778463807,1532.29349727497,0.4444444444444444,0.0,0.0
2.033333333333333,21.151917256967582,0.07224956214741828,21.15204064965916,-0.20566166905186145,0.0007861780793888268,0.0,0.9754874532051768,-0.47235145503384807,95.82486599172488,-2.7552734836916652,0.003415732024926866,0.003555547876595889,0.003466341983223438,-284.2250526196929,-284.13807475307135,1531.2489759993023,0.4444444444444444,0.0,0.0
2.05,21.16816491458878,0.06458194820134104,21.168263430883055,-0.2056463490650328,0.000992008187271122,0.0,0.9743837806767638,-0.4221734806259344,96.17036447402947,-2.8261974882926535,0.003050890244242631,0.003194490988546183,0.0030783096049360743,-255.4005955933538,-252.38772681387837,1530.205623219907,0.4444444444444444,0.0,0.0
2.0666666666666664,21.184394246692438,0.05763945092098801,21.184472660550185,-0.20562814716605043,0.0011462690541736305,0.0,0.97328064497279,-0.3767372319967998,96.51610454189974,-2.89728843890544,0.002720838180007259,0.0028657741828416352,0.002729262523083428,-229.14736164725235,-223.81207510831612,1529.1634456300078,0.4444444444444444,0.0,0.0
2.0833333333333335,21.20060519506603,0.05136331168558634,21.200667414655793,-0.20560783608791808,0.0012571471547784365,0.0,0.972178187816242,-0.3356626564390676,96.86208841329194,-2.968534211316646,0.002422723819394947,0.002567008380391252,0.0024157568966399704,-205.278321861819,-198.13492907288074,1528.122447474521,0.4444444444444444,0.0,0.0
2.1,21.21679772776802,0.04569827160272439,21.216846941830205,-0.20558606344906064,0.0013317574156607851,0.0,0.971076517824162,-0.29859076053455463,97.20831806397061,-3.0399238423106154,0.0021538689071739113,0.0022959117269110416,0.002134594597068803,-183.61402015198937,-175.09858242070584,1527.0826311782434,0.4444444444444444,0.0,0.0
2.1166666666666667,21.232971832039123,0.04059255894047104,21.233010633822236,-0.2055633683388614,0.0013762640769607985,0.0,0.9699757174186944,-0.26518407530605737,97.55479524750154,-3.1114474336810956,0.0019117676888683356,0.002050316438988959,0.0018828143794440268,-163.98335415709695,-154.46352252318388,1526.0439978317577,0.4444444444444444,0.0,0.0
2.1333333333333333,21.24912750887896,0.03599783428651002,21.249158000557806,-0.20554019600445067,0.0013959905036081308,0.0,0.9688758484511953,-0.23512670683399245,97.90152151405864,-3.183096062077401,0.0016940836669411435,0.0018281728465005154,0.0016576816836013078,-146.22408173686355,-136.00791862988527,1525.006547564028,0.4444444444444444,0.0,0.0
2.15,21.26526476893686,0.031869102973556204,21.26528864917454,-0.20551691081816273,0.0013955184242453662,0.0,0.9677769567427854,-0.2081240657121702,98.24849822803503,-3.254861694678462,0.0014986448304865005,0.0016275511415576075,0.0014566775156152397,-130.18310342397967,-119.52695180426356,1523.9702798254243,0.4444444444444444,0.0,0.0
2.1666666666666665,21.281383629431783,0.028164602747145627,21.28140226648364,-0.205493807695608,0.0013787772114401766,0.0,0.9666790757225685,-0.18390235235153435,98.5957265844684,-3.3267371106062615,0.0013234377423127894,0.0014466412737035993,0.0012774867708002949,-115.71656412527398,-104.83203641765847,1522.9351936004623,0.4444444444444444,0.0,0.0
2.183333333333333,21.29748411187211,0.024845673301010007,21.297498604364943,-0.20547112212322646,0.0013491238923030889,0.0,0.965582229321658,-0.16220786114825905,98.94320762430641,-3.398715827928143,0.0011666008012588562,0.0012837513675234486,0.0011179862853662324,-102.68981093236559,-91.74997235098054,1521.9012875658186,0.4444444444444444,0.0,0.0
2.2,21.313566240391953,0.02187661314639672,21.313577467656113,-0.20544903894232056,0.0013094146110324773,0.0,0.9644864342587202,-0.142806154704306,99.29094224854882,-3.470792036051714,0.001026416941073355,0.0011373049822831186,0.0009762328426299405,-90.97723816083949,-80.12205836259857,1520.868560206064,0.4444444444444444,0.0,0.0
2.216666666666667,21.329630040558715,0.01922452829358545,21.32963870415045,-0.20542770002448354,0.0012620682670664138,0.0,0.9633917018319297,-0.12548114937931393,99.63893123131152,-3.5429605332834937,0.0009013059791159849,0.001005837483399633,0.0008504513093073543,-80.46204568933919,-69.80319007091313,1519.8370098970229,0.4444444444444444,0.0,0.0
2.2333333333333334,21.34567553853729,0.01685917638561584,21.3456821963679,-0.20540721096144987,0.0012091230341373278,0.0,0.9622980393134908,-0.11003414521094317,99.9871752318632,-3.615216669300519,0.0007898167874581538,0.0008879917520366615,0.0007390230361336164,-71.03593228599038,-60.66096038157831,1518.8066349645549,0.4444444444444444,0.0,0.0
2.25,21.361702760521393,0.014752809216291036,21.3617078548099,-0.2053876468809545,0.0011522864337988143,0.0,0.9612054510264094,-0.09628282642617406,100.33567480568856,-3.687556292270655,0.0006906194246874059,0.0007825134213860115,0.0006404746233779322,-62.59874183844642,-52.574775710586216,1517.7774337248886,0.4444444444444444,0.0,0.0
2.2666666666666666,21.3777117323625,0.012880015968998591,21.377715612450285,-0.20536905748937,0.0010929795971775695,0.0,0.9601139391689731,-0.08406025315899168,100.68443041463418,-3.759975700350657,0.0006024973379636905,0.000688245795659382,0.0005534671244461427,-55.0580771850236,-45.43499780160538,1516.7494045112537,0.4444444444444444,0.0,0.0
2.283333333333333,21.393702479342824,0.011217569013832158,21.393705420251393,-0.20535147143178337,0.0010323763045645376,0.0,0.9590235044402872,-0.07321386039576282,101.03344243619412,-3.8324715972895946,0.0005243397208426212,0.0006041245799041711,0.0004767857386148988,-48.32889351447865,-39.142118130608,1515.7225456904916,0.4444444444444444,0.0,0.0
2.3,21.409675026051513,0.009744273683846913,21.40967724352713,-0.2053349000508239,0.0009714373466458715,0.0,0.9579341465100298,-0.06360447641961317,101.38271117199115,-3.90504105186792,0.0004551340923744747,0.0005291725249237621,0.00040933002610874723,-42.333080999110834,-33.60596968597436,1514.6968556724544,0.4444444444444444,0.0,0.0
2.3166666666666664,21.425629396333086,0.008440823104790805,21.42563105900284,-0.20531934061696752,0.0009109407055024415,0.0,0.9568458643671022,-0.05510536997509351,101.73223685550914,-3.977681460908263,0.00039395914640214875,0.00046249407131713984,0.00035010466445931445,-36.99904439223567,-28.744979188128855,1513.6723329143147,0.4444444444444444,0.0,0.0
2.3333333333333335,21.441565613284993,0.007289658865732251,21.441566852446485,-0.20530477909520403,0.000851508009182212,0.0,0.9557586565748522,-0.04760133290272926,102.08201965913064,-4.050390515602197,0.0003399779062941791,0.00040327005949111674,0.00029821075374633144,-32.26128570422332,-24.485461472423008,1512.6489759213973,0.4444444444444444,0.0,0.0
2.35,21.457483699287188,0.0062748380815484395,21.45748461676644,-0.20529119250583386,0.0007936276714366954,0.0,0.9546725214548119,-0.040987802997892356,102.4320597005306,-4.123166170907054,0.0002924312091119291,0.0003507525580247965,0.0002528376693934151,-28.05999472459555,-20.760956724468116,1511.6267832457077,0.4444444444444444,0.0,0.0
2.3666666666666667,21.47338367605125,0.0053819072044520725,21.47338435048908,-0.20527855093071734,0.0007376750885591445,0.0,0.9535874572162362,-0.03517003024519106,102.78235704847653,-4.19600661777794,0.0002506315340401674,0.0003042598506110042,0.00021325545424693843,-24.340651040312594,-17.511610465959308,1510.6057534830286,0.4444444444444444,0.0,0.0
2.3833333333333333,21.48926556468013,0.004597782783962616,21.48926605654446,-0.2052668192104885,0.0006839302283945539,0.0,0.9525034620449638,-0.03006228829819855,103.13291172808128,-4.268910258011899,0.000213957182480957,0.0002631716116382943,0.00017880773634796604,-21.05364027700524,-14.683595591292853,1509.5858852692159,0.4444444444444444,0.0,0.0
2.4,21.505129385732268,0.003910639247299519,21.50512974130091,-0.20525595837301827,0.0006325929125834124,0.0,0.951420534162097,-0.025587132057033588,103.48372372555326,-4.341875681493487,0.00018184681124439294,0.00022692429202559393,0.00014890515482051888,-18.153886530164762,-12.228575311115527,1508.567177276119,0.4444444444444444,0.0,0.0
2.4166666666666665,21.520975159285832,0.0033098036702626137,21.52097541380033,-0.20524592682872358,0.0005837960619230906,0.0,0.9503386718606056,-0.021674701395451097,103.83479299248542,-4.414901645643441,0.00015379431553031882,0.00019500672993200767,0.0001230192734004799,-15.600502331270283,-10.103205536574322,1507.5496282074412,0.4444444444444444,0.0,0.0
2.433333333333333,21.536802905000368,0.002785657428164343,21.53680308515448,-0.20523668136412,0.0005376171462865199,0.0,0.9492578735260422,-0.018262070465511322,104.18611944972234,-4.487987056884588,0.0001293440546824617,0.00016695599522208743,0.00010067695911621395,-13.356456987482852,-8.268675012100523,1506.533236794727,0.4444444444444444,0.0,0.0
2.45,21.552612642174115,0.002329544553800471,21.55261276807017,-0.2052281779612638,0.0004940880546898372,0.0,0.9481781376460594,-0.015292641529317736,104.53770299084186,-4.561130953951416,0.00010808641084052399,0.00014235347188610456,8.145520233689859e-05,-11.388263724188757,-6.690281354809547,1505.5180017936043,0.4444444444444444,0.0,0.0
2.466666666666667,21.568404389796072,0.0019336865818261047,21.56840447647712,-0.205220372467384,0.00045320357768803635,0.0,0.9470994628122601,-0.012715581907192755,104.88954348528495,-4.634332492881644,8.965366847257718e-05,0.00012082117883511002,6.497635368865106e-05,-9.665685731538112,-5.337041068833101,1504.503921980358,0.4444444444444444,0.0,0.0
2.4833333333333334,21.584178166592547,0.0015911036237240051,21.584178225237604,-0.20521322113602417,0.0004149286731284654,0.0,0.9460218477169762,-0.01048530236810927,105.24164078116559,-4.707590933539752,7.371620121745544e-05,0.00010201832647351199,5.090375308640191e-05,-8.16146095585089,-4.181331560148256,1503.4909961488497,0.4444444444444444,0.0,0.0
2.5,21.59993399106801,0.001295541392674262,21.599934029920618,-0.20520668105836512,0.00037920466723180264,0.0,0.9449452911468977,-0.008560975103160113,105.59399470778962,-4.780905627533467,5.9978951401260495e-05,8.563810407849308e-05,3.893772624533553e-05,-6.851045273085531,-3.1985631713194103,1502.4792231078045,0.4444444444444444,0.0,0.0
2.5166666666666666,21.615671881540646,0.001041403881244066,21.61567190662712,-0.20520071050104707,0.00034595452582742705,0.0,0.9438697919749214,-0.006906089301413346,105.94660507790971,-4.85427600739486,4.8178186925924655e-05,7.140469118349368e-05,2.8811924440121955e-05,-5.712373524974771,-2.366879277656824,1501.4686016784458,0.4444444444444444,0.0,0.0
2.533333333333333,21.631391856172907,0.0008236913853751533,21.63139187185538,-0.2051952691647259,0.0003150873151799277,0.0,0.9427953491511839,-0.005488042277338067,106.29947168974074,-4.927701576907727,3.8078519886920166e-05,5.9070484784355165e-05,2.028998390723712e-05,-4.725637780905774,-1.6668825298862593,1500.4591306924576,0.4444444444444444,0.0,0.0
2.55,21.647093932997507,0.0006379435643514793,21.64709394239766,-0.20519031837575294,0.00028650195804953954,0.0,0.9417219616939463,-0.004277764069888975,106.65259432875901,-5.001181902472417,2.9470171199024288e-05,4.8413533186229914e-05,1.3162482080904502e-05,-3.8730821033855984,-1.0813853880951523,1499.4508089902433,0.4444444444444444,0.0,0.0
2.5666666666666664,21.662778129939387,0.0004801872271788999,21.662778135261412,-0.20518582122173687,0.00026009037828502964,0.0,0.940649628680766,-0.0032493734368610324,107.00597276930567,-5.074716605408275,2.2166465640738964e-05,3.923516662255073e-05,7.244168771605413e-06,-3.1388130362763307,-0.5951831631038207,1498.4436354194559,0.4444444444444444,0.0,0.0
2.5833333333333335,21.67844446483411,0.00034688854017185533,21.678444467609488,-0.2051817426403091,0.00023574011621676596,0.0,0.9395783492402242,-0.002379863197272145,107.35960677601378,-5.148305355102144,1.6001542025072735e-05,3.135781434910227e-05,2.3714514006886212e-06,-2.5086249980883135,-0.19484786098935586,1497.4376088337606,0.4444444444444444,0.0,0.0
2.6,21.6940929554432,0.00023490935773600848,21.69409295671503,-0.2051780494691454,0.00021333648727449512,0.0,0.938508122544369,-0.0016488129235158301,107.7134961050762,-5.221947862919302,1.082826362961107e-05,2.462299769954983e-05,-1.5998855349366314e-06,-1.9698397434235395,0.13145878855846024,1496.4327280918067,0.4444444444444444,0.0,0.0
2.6166666666666667,21.709723619466754,0.00014146738770280033,21.709723619927676,-0.20517471046418306,0.00019276434748298073,0.0,0.937438947801935,-0.001038127049062039,108.06764050537083,-5.295643876800445,6.516314540915965e-06,1.8889488543637817e-05,-4.796745502390635e-06,-1.5111590507429704,0.3941546513069239,1495.4289920563715,0.4444444444444444,0.0,0.0
2.6333333333333333,21.72533647455386,6.409991356173178e-05,21.725336474648422,-0.20517169629199491,0.00017390952168303749,0.0,0.9363708242523647,-0.0005317965326284897,108.42203971945698,-5.3693931764751035,2.9504681612928667e-06,1.403162268169961e-05,-7.3305871081513495e-06,-1.1225298011140041,0.6023902968599768,1494.4263995936656,0.4444444444444444,0.0,0.0
2.65,21.740931538311056,6.30808090538028e-07,21.740931538311067,-0.20516897950142243,0.00015665994338877353,0.0,0.9353037511605886,-0.00011568230275146602,108.77669348445673,-5.443195569228188,2.901476826907998e-08,9.937757910354194e-06,-9.299109942363178e-06,-0.7950206280604571,0.7641872489717048,1493.4249495727547,0.4444444444444444,0.0,0.0
2.6666666666666665,21.75650882830922,-5.0859414177526174e-05,21.756508828368666,-0.20516653447882183,0.00014090654903575484,0.0,0.934237727812531,0.0002226812051033143,109.13160153283302,-5.517050886162123,-2.3376643090483377e-06,6.508866780030927e-06,-1.0787774544475368e-05,-0.5207093410629714,0.8865626423863734,1492.4246408650952,0.4444444444444444,0.0,0.0
2.683333333333333,21.772068362089076,-9.20607447991052e-05,21.77206836228371,-0.20516433739062115,0.0001265439639190877,0.0,0.9331727535112734,0.0004942640154981465,109.48676359307515,-5.590958978902405,-4.228387641794228e-06,3.6572544148559617e-06,-1.1871170888809656e-05,-0.2925803529508692,0.9756414648554108,1491.4254723441618,0.4444444444444444,0.0,0.0
2.7,21.78761015716568,-0.00012445825510143304,21.787610157521154,-0.20516236611631625,0.00011347101229226649,0.0,0.9321088275738036,0.0007087015881195155,109.84217939030205,-5.664919716699342,-5.712340830513093e-06,1.3053921623781824e-06,-1.2614248769538565e-05,-0.10443137297945057,1.0367574797809465,1490.4274428851427,0.4444444444444444,0.0,0.0
2.716666666666667,21.803134231031922,-0.00014935430758434247,21.80313423154347,-0.20516060017453683,0.00010159107983108048,0.0,0.9310459493282868,0.0008744402126643447,110.19784864679178,-5.738932983883223,-6.850130169332887e-06,-6.151417296062319e-07,-1.307342248560872e-05,0.049211338367368095,1.0745438449566593,1489.4305513647,0.4444444444444444,0.0,0.0
2.7333333333333334,21.818640601161317,-0.00016788860344956448,21.818640601807246,-0.20515902064438452,9.081235290224989e-05,0.0,0.929984118111793,0.0009988681439825153,110.55377108244551,-5.81299867763436,-7.694732523222137e-06,-2.1646227610139624e-06,-1.3297561291292372e-05,0.17316982083186264,1.0930143664597936,1488.4347966607806,0.4444444444444444,0.0,0.0
2.75,21.83412928501021,-0.00018105625147041824,21.834129285760902,-0.2051576100838719,8.104795575986368e-05,0.0,0.9289233332684127,0.0010884337088622156,110.90994641519309,-5.887116706033186,-8.292350434627537e-06,-3.3960500418290393e-06,-1.332887618988583e-05,0.271684003156133,1.0956362541183946,1487.4401776524664,0.4444444444444444,0.0,0.0
2.7666666666666666,21.84960030001949,-0.00018972403061057782,21.849600300843193,-0.20515635244697025,7.221600387550368e-05,0.0,0.9278635941477055,0.0011487515295385779,111.26637436134706,-5.961286986359103,-8.683180836293849e-06,-4.355932792636923e-06,-1.3203712808093308e-05,0.3484746230096466,1.0853951762668166,1486.446693219856,0.4444444444444444,0.0,0.0
2.783333333333333,21.865053663615885,-0.00019464500646109028,21.86505366448226,-0.20515523300049837,6.423958904635563e-05,0.0,0.9268049001034364,0.001184697925971775,111.6230546359105,-6.035509443609889,-8.902105133171651e-06,-5.085000444085413e-06,-1.295325929744602e-05,0.4068000348884605,1.0648533467664916,1485.4543422439758,0.4444444444444444,0.0,0.0
2.8,21.88048939321301,-0.00019647164974589623,21.8804893940951,-0.20515423824184623,5.704670968022043e-05,0.0,0.925747250492544,0.0012004964795358636,111.97998695284434,-6.109784009216388,-8.979307830361341e-06,-5.618842840806206e-06,-1.2604177466599008e-05,0.4495074264032852,1.0362013165034991,1484.46312360671,0.4444444444444444,0.0,0.0
2.8166666666666664,21.89590750621211,-0.00019576759388616367,21.895907507087273,-0.2051533558183267,5.057015769173014e-05,0.0,0.9246906446743103,0.001199794665224968,112.33717102529876,-6.1841106199297995,-8.94083032755805e-06,-5.988486611881231e-06,-1.2179164653840656e-05,0.4790789279079695,1.0013040847271673,1483.4730361907464,0.4444444444444444,0.0,0.0
2.8333333333333335,21.911308020002647,-0.0001930181579368883,21.9113080208528,-0.20515257444877444,4.474737172845762e-05,0.0,0.9236350820096939,0.0011857323879644482,112.69460656581286,-6.258489216861238,-8.80906597432207e-06,-6.2209133412643395e-06,-1.1697453201513035e-05,0.49767306613254364,0.9617420925749237,1482.4840788795386,0.4444444444444444,0.0,0.0
2.85,21.926690951962716,-0.00018863975112779095,21.92669095277417,-0.20515188384786598,3.9520264950491066e-05,0.0,0.9225805618607976,0.0011610031911785338,113.05229328648642,-6.3329197446554435,-8.60320198503328e-06,-6.339524759905783e-06,-1.1175253791801045e-05,0.5071619795558241,0.9188476118191061,1481.4962505572753,0.4444444444444444,0.0,0.0
2.8666666666666667,21.942056319459358,-0.0001829882657573518,21.942056320222385,-0.20515127465351132,3.483503428691313e-05,0.0,0.9215270835904491,0.001127908842416861,113.41023089912713,-6.407402150782382,-8.339613347488588e-06,-6.364559788259216e-06,-1.0626148344774642e-05,0.5091647818094827,0.8737369961313686,1480.5095501088606,0.4444444444444444,0.0,0.0
2.8833333333333333,21.957404139848798,-0.0001763665562989625,21.957404140557106,-0.20515073835756414,3.064195696466462e-05,0.0,0.920474646561865,0.0010884079415340265,113.76841911537629,-6.481936384932337,-8.032213424313469e-06,-6.313467884424193e-06,-1.0061437662745164e-05,0.5050774295326631,0.827339219833949,1479.5239764198932,0.4444444444444444,0.0,0.0
2.9,21.972734430476557,-0.00016903109427064466,21.972734431126714,-0.20515026724001104,2.6895179129110463e-05,0.0,0.9194232501383978,0.0010441591415627732,114.12685764681565,-6.556522398501559,-7.692765540954306e-06,-6.201242799992914e-06,-9.490448527884949e-06,0.49609942284222147,0.7804210900285365,1478.5395283766634,0.4444444444444444,0.0,0.0
2.9166666666666665,21.98804720867759,-0.00016119788067879966,21.988047209268473,-0.20514985430672966,2.355250053308499e-05,0.0,0.9183728936833325,0.0009965595209059529,114.48554620505774,-6.631160144157094,-7.331159477058743e-06,-6.040720512966498e-06,-8.9208045205436e-06,0.48325763996774573,0.7336094819903446,1477.556204866141,0.4444444444444444,0.0,0.0
2.933333333333333,22.003342491776323,-0.00015304769065260747,22.003342492308597,-0.205149493230846,2.0575158546083758e-05,0.0,0.917323576559734,0.0009467785976551327,114.84448450182192,-6.7058495754705945,-6.955656428442194e-06,-5.842844794828067e-06,-8.358664421626355e-06,0.4674275826184451,0.687410914612126,1476.5740047759714,0.4444444444444444,0.0,0.0
2.95,22.0186202970867,-0.00014473071821688815,22.018620297562364,-0.20514917829767457,1.79276141131836e-05,0.0,0.9162752981303287,0.0008957884325679065,115.20367224899793,-6.780590646612131,-6.573105683372595e-06,-5.616903576717387e-06,-7.808931691629453e-06,0.4493522852776418,0.6422287523047303,1475.5929269944745,0.4444444444444444,0.0,0.0
2.966666666666667,22.033880641912187,-0.0001363706829834847,22.033880642334196,-0.20514890435318586,1.55773417614123e-05,0.0,0.9152280577574198,0.0008443902263333348,115.56310915869854,-6.855383312096049,-6.189135958299749e-06,-5.3707390071702306e-06,-7.275438179329117e-06,0.42965911982208016,0.5983782919339092,1474.6129704106418,0.4444444444444444,0.0,0.0
2.9833333333333334,22.04912354354579,-0.00012806845484930694,22.04912354391772,-0.2051486667559165,1.3494625298293879e-05,0.0,0.9141818548028211,0.0007932377790499472,115.92279494330288,-6.930227526571819,-5.808324063082992e-06,-5.110933840448421e-06,-6.761104902615239e-06,0.40887470658825725,0.5560999679275728,1473.634133914138,0.4444444444444444,0.0,0.0
3.0,22.064349019270015,-0.00011990524754717881,22.064349019595817,-0.20514846133221334,1.1652360463101389e-05,0.0,0.9131366886278109,0.0007428581451541885,116.28272931549174,-7.0051232446537055,-5.434343312883539e-06,-4.842976559370347e-06,-6.26808246053028e-06,0.38743812419866475,0.515570885458722,1472.6564163952996,0.4444444444444444,0.0,0.0
3.0166666666666666,22.079557086356868,-0.00011194542707740828,22.079557086640655,-0.20514828433468557,1.002586546704807e-05,0.0,0.9120925585930977,0.0006936697851890502,116.64291198827587,-7.08007042078377,-5.070093871838626e-06,-4.571407418957026e-06,-5.797873377274356e-06,0.36571259305321824,0.47691487043795405,1471.6798167451373,0.4444444444444444,0.0,0.0
3.033333333333333,22.094747762067843,-0.00010423897662750837,22.094747762313734,-0.20514813240372615,8.592700086370559e-06,0.0,0.9110494640588009,0.0006459984866144681,117.00334267501836,-7.155069009123437,-4.7178170010925385e-06,-4.2999473962834745e-06,-5.351438443907475e-06,0.34399579131710084,0.4402112057835891,1470.7043338553385,0.4444444444444444,0.0,0.0
3.05,22.109921063653882,-9.682365553910725e-05,22.109921063865887,-0.205148002531955,7.332493745059664e-06,0.0,0.9100074043844322,0.0006000912991577843,117.36402108945195,-7.230118963469404,-4.379194989422873e-06,-4.031611846786368e-06,-4.929288909947054e-06,0.32252894742512966,0.40550220593216857,1469.7299666182646,0.4444444444444444,0.0,0.0
3.0666666666666664,22.125077008355355,-8.97268861797824e-05,22.125077008537296,-0.20514789203143166,6.226782835758495e-06,0.0,0.9089663789288888,0.0005561287058139053,117.72494694569205,-7.305220237190215,-4.055438367306286e-06,-3.768810497028952e-06,-4.531566183342544e-06,0.3015048395027361,0.3727997656698903,1468.7567139269565,0.4444444444444444,0.0,0.0
3.0833333333333335,22.14021561340205,-8.296739919913248e-05,22.140215613557505,-0.20514779850348203,5.258857372693672e-06,0.0,0.907926387050451,0.0005142352283663619,118.08611995824613,-7.380372783180311,-3.747361843600195e-06,-3.5134352476643107e-06,-4.158110521823572e-06,0.28107481960285285,0.34209100497674655,1467.7845746751357,0.4444444444444444,0.0,0.0
3.1,22.155336896013125,-7.655666456958089e-05,22.155336896145393,-0.20514771981098368,4.4136169447089e-06,0.0,0.9068874281067774,0.0004744886460546792,118.44753984202,-7.4555765538287195,-3.455450256910904e-06,-3.266937117180049e-06,-3.8085200398721415e-06,0.261354969205353,0.3133431185577367,1466.8135477572025,0.4444444444444444,0.0,0.0
3.1166666666666667,22.170440873397112,-7.050013301093078e-05,22.170440873509204,-0.2051476540529567,3.6774358353903723e-06,0.0,0.9058495014549084,0.0004369279876098614,118.80920631232168,-7.530831500999992,-3.1799157000656713e-06,-3.030393526081118e-06,-3.4822012121657686e-06,0.2424314819515743,0.28650752697515647,1465.8436320682417,0.4444444444444444,0.0,0.0
3.1333333333333333,22.185527562751886,-6.479830985239412e-05,22.185527562846517,-0.20514759954130848,3.03803709728712e-06,0.0,0.9048126064512693,0.00040156044017569984,119.171119084863,-7.606137576025261,-2.920746854855152e-06,-2.804567001628767e-06,-3.1784119249716336e-06,0.22436536002336394,0.26152341568582455,1464.874826504021,0.4444444444444444,0.0,0.0
3.15,22.200596981264624,-5.9447681076647433e-05,22.200596981344216,-0.20514755477958668,2.4843753051727536e-06,0.0,0.9037767424516727,0.00036836730349409165,119.53327787575957,-7.681494729701601,-2.6777514643716125e-06,-2.5899562742883586e-06,-2.89629801042627e-06,0.20719650185885594,0.23832073872767234,1463.907129960994,0.4444444444444444,0.0,0.0
3.1666666666666665,22.215649146111826,-5.444150919851916e-05,22.21564914617853,-0.20514751844359885,2.006527666410859e-06,0.0,0.9027419088113249,0.0003373091040306111,119.89568240152936,-7.756902912298132,-2.4505927709044013e-06,-2.386840637867415e-06,-2.6349240937814264e-06,0.190947250963485,0.21682275519892524,1462.940541336301,0.4444444444444444,0.0,0.0
3.183333333333333,22.23068407445926,-4.977051473841623e-05,22.230684074514972,-0.2051474893637629,1.5955931323768832e-06,0.0,0.9017081048848276,0.00030832997133308393,120.25833237909008,-7.832362073567511,-2.238820657593448e-06,-2.195318355204835e-06,-2.393299489488175e-06,0.17562546836510892,0.19694815894447565,1461.9750595277685,0.4444444444444444,0.0,0.0
3.2,22.245701783461975,-4.542345734091075e-05,22.24570178350835,-0.20514746650905927,1.2435991314745622e-06,0.0,0.900675330026188,0.0002813613677394485,120.62122752575576,-7.907872162761671,-2.0418981510673934e-06,-2.0153398094981594e-06,-2.1703997974604213e-06,0.16122718472018377,0.17861285492874915,1461.0106834339144,0.4444444444444444,0.0,0.0
3.216666666666667,22.260702290264266,-4.138762904648784e-05,22.260702290302742,-0.20514744897246173,9.434155297644455e-07,0.0,0.8996435835888178,0.00025632525247790193,120.98436755923255,-7.983433128650823,-1.8592238693449065e-06,-1.8467360272627913e-06,-1.965184775113302e-06,0.14773888215050296,0.1617314295593074,1460.0474119539433,0.4444444444444444,0.0,0.0
3.2333333333333334,22.27568561199967,-3.764927083483139e-05,22.275685612031488,-0.20514743595773055,6.886754180419305e-07,0.0,0.8986128649255428,0.00023313675213563036,121.34775219761418,-8.059044919544888,-1.690150933649121e-06,-1.689243131879284e-06,-1.7766129929897794e-06,0.1351394505269856,0.14621835666330826,1459.0852439877515,0.4444444444444444,0.0,0.0
3.25,22.29065176579094,-3.419392230775246e-05,22.290651765817167,-0.20514742676745826,4.7370232302493455e-07,0.0,0.8975831733886074,0.00021170640132274336,121.71138115937686,-8.13470748331666,-1.5340028038212158e-06,-1.5425232261153638e-06,-1.6036537212150989e-06,0.12340185807144599,0.13198897584791305,1458.124178435928,0.4444444444444444,0.0,0.0
3.2666666666666666,22.305600768750054,-3.1006713256490404e-05,22.305600768771605,-0.20514742079226558,2.9344344398938367e-07,0.0,0.8965545083296776,0.0001919420100425104,122.07525416337407,-8.210420767426116,-1.3900864441145453e-06,-1.406182147359972e-06,-1.4452964399612859e-06,0.11249457177532657,0.1189602755390661,1457.164214199753,0.4444444444444444,0.0,0.0
3.283333333333333,22.32053263797818,-2.807260485012273e-05,22.320532637995832,-0.20514741750105062,1.4340852374286944e-07,0.0,0.8955268690998464,0.00017375020772108666,122.4393709288312,-8.28618471894539,-1.2577031787468481e-06,-1.2797844900661667e-06,-1.3005583189285394e-06,0.10238275919513878,0.10705150903882561,1456.2053501812,0.4444444444444444,0.0,0.0
3.3,22.335447390565676,-2.5376587278584113e-05,22.335447390580093,-0.20514741643220188,1.9613973417268343e-08,0.0,0.8945002550496387,0.00015703770797915892,122.8037311753401,-8.361999284583995,-1.136157554170689e-06,-1.1628662455933684e-06,-1.168489967977902e-06,0.09302929963985203,0.09618466842213094,1455.2475852829364,0.4444444444444444,0.0,0.0
3.3166666666666664,22.350345043592082,-2.2903839875535066e-05,22.350345043603816,-0.2051474171856909,-8.146811651912234e-08,0.0,0.8934746655290162,0.00014171233297948212,123.1683346228537,-8.437864410713956,-1.0247644871188982e-06,-1.054945369826835e-06,-1.0481797229511787e-06,0.08439562958045987,0.08628483796620444,1454.2909184083248,0.4444444444444444,0.0,0.0
3.3333333333333335,22.365225614126093,-2.063985902404847e-05,22.365225614135618,-0.2051474194159674,-1.629564319789188e-07,0.0,0.8924500998873803,0.00012768383149865353,123.53318099168058,-8.513780043394634,-9.228549436588861e-07,-9.555305532261813e-07,-9.387566969081346e-07,0.0764424442538689,0.07728044603024335,1453.3353484614233,0.4444444444444444,0.0,0.0
3.35,22.380089119225566,-1.857055850355199e-05,22.380089119233272,-0.20514742282558415,-2.2760269477290965e-07,0.0,0.8914265574735757,0.00011486452069415693,123.89827000247982,-8.58974612839695,-8.297803643505034e-07,-8.641284359393958e-07,-8.39392797059243e-07,0.06913027487202658,0.06910343184372472,1452.3808743469842,0.4444444444444444,0.0,0.0
3.3666666666666667,22.394935575937502,-1.668234636212567e-05,22.394935575943716,-0.20514742715948572,-2.778300463106511e-07,0.0,0.890404037635897,0.00010316977781887515,124.26360137625585,-8.665762611226938,-7.449160237838382e-07,-7.802494819679835e-07,-7.493038811767441e-07,0.06241995855513833,0.0616893414859051,1451.427494970459,0.4444444444444444,0.0,0.0
3.3833333333333333,22.409765001298037,-1.4962181887204085e-05,22.409765001303033,-0.2051474321998991,-3.157678587199464e-07,0.0,0.8893825397220896,9.251840482938446e-05,124.62917483435362,-8.741829437148414,-6.676634889448956e-07,-7.034127007643779e-07,-6.677502038663803e-07,0.05627301605946487,0.05497736541733836,1450.4752092379952,0.4444444444444444,0.0,0.0
3.4,22.424577412332436,-1.3397615793670903e-05,22.42457741233644,-0.20514743776177005,-3.4328325929783585e-07,0.0,0.8883620630793546,8.283288589992706e-05,124.99499009845385,-8.817946551204718,-5.974523197169043e-07,-6.331493817927139e-07,-5.940362824499427e-07,0.050651950542188115,0.04891032822964964,1449.524016056438,0.4444444444444444,0.0,0.0
3.4166666666666665,22.439372826055067,-1.1976816345519206e-05,22.439372826058264,-0.20514744368869314,-3.6200963694028826e-07,0.0,0.887342607054353,7.403955525322979e-05,125.36104689056855,-8.894113898239457,-5.337411360985725e-07,-5.69005987220986e-07,-5.275102940488429e-07,0.04552047897678691,0.0434346397881309,1448.5739143333324,0.4444444444444444,0.0,0.0
3.433333333333333,22.454151259469423,-1.0688583770458321e-05,22.454151259471967,-0.20514744984928765,-3.7337238217677067e-07,0.0,0.8863241709932076,6.60686904179755e-05,125.72734493303669,-8.970331422916185,-4.7601816015868764e-07,-5.105463297920945e-07,-4.67563099504129e-07,0.040843706382723284,0.03850021563105076,1447.624902976921,0.4444444444444444,0.0,0.0
3.4499999999999997,22.468912729568075,-9.522355011330388e-06,22.468912729570093,-0.20514745613397575,-3.786120958073065e-07,0.0,0.8853067542415086,5.8854543989578836e-05,126.09388394852022,-9.046599069737038,-4.2380132612286257e-07,-4.573531468200875e-07,-4.136269757776381e-07,0.03658825174514388,0.03406037334012899,1446.676980896148,0.4444444444444444,0.0,0.0
3.466666666666667,22.483657253332698,-8.468200579649755e-06,22.483657253334293,-0.20514746245212334,-3.7880548501843416e-07,0.0,0.884290356144314,5.233532517773593e-05,126.46066366000012,-9.12291678306027,-3.7663803909811574e-07,-4.0902916697263724e-07,-3.6517412623514716e-07,0.03272233335747972,0.030071710590596337,1445.7301470006562,0.4444444444444444,0.0,0.0
3.4833333333333334,22.498384847734037,-7.516815031093052e-06,22.49838484773529,-0.20514746872950665,-3.748841503275773e-07,0.0,0.8832749760461563,4.645314084545097e-05,126.82768379077294,-9.199284507116738,-3.341046515990165e-07,-3.6519775384634004e-07,-3.2171502752007083e-07,0.02921582030747145,0.026493969710619306,1444.7844002007907,0.4444444444444444,0.0,0.0
3.5,22.513095529731913,-6.659502366816026e-06,22.513095529732897,-0.20514747490607205,-3.676514518360582e-07,0.0,0.8822606132910439,4.115390435679878e-05,127.19494406444723,-9.275702186025335,-2.958057170779097e-07,-3.2550319914956506e-07,-2.827966624098738e-07,0.026040255931798283,0.023289892814208665,1443.8397394075978,0.4444444444444444,0.0,0.0
3.5166666666666666,22.527789316275204,-5.888157474864168e-06,22.527789316275975,-0.20514748093395827,-3.577976291028975e-07,0.0,0.8812472672224632,3.63872193337112e-05,127.56244420494052,-9.352169763807387,-2.6137307093022814e-07,-2.8961072842570283e-07,-2.4800067994937054e-07,0.023168858273938667,0.02042507090612467,1442.8961635328249,0.4444444444444444,0.0,0.0
3.533333333333333,22.542466224301837,-5.1952445597986184e-06,22.542466224302437,-0.205147486775754,-3.459133355117874e-07,0.0,0.8802349371833849,3.210624435678824e-05,127.93018393647618,-9.428687184400076,-2.3046478180802636e-07,-2.572062735394646e-07,-2.1694151713427307e-07,0.020576501883074822,0.017867789780153142,1441.9536714889232,0.4444444444444444,0.0,0.0
3.55,22.5571262707388,-4.573773363381725e-06,22.557126270739264,-0.2051474924029659,-3.325017353057554e-07,0.0,0.8792236225162643,2.8267543714617883e-05,128.29816298358077,-9.505254391668894,-2.0276400940818339e-07,-2.2799605848523322e-07,-1.892645103483346e-07,0.018239684678761307,0.015588875033083654,1441.0122621890466,0.4444444444444444,0.0,0.0
3.5666666666666664,22.571769472502098,-4.017273852422959e-06,22.571769472502456,-0.20514749779467464,-3.1798929951051465e-07,0.0,0.878213322563047,2.4830928495133583e-05,128.66638107108145,-9.581871329419196,-1.7797779909620877e-07,-2.0170603834630593e-07,-1.6464401952526373e-07,0.016136483067664766,0.01356153808650258,1440.0719345470534,0.4444444444444444,0.0,0.0
3.5833333333333335,22.586395846496778,-3.5197699395764496e-06,22.58639584649705,-0.2051475029363582,-3.027354257517847e-07,0.0,0.8772040366651682,2.1759291607494736e-05,129.03483792410344,-9.658537941406871,-1.558358386835033e-07,-1.7808122533516235e-07,-1.427815835114082e-07,0.014246498026785662,0.011761224738842216,1439.1326874775043,0.4444444444444444,0.0,0.0
3.6,22.601005409616892,-3.0757527071222543e-06,22.601005409617102,-0.20514750781886454,-2.8704099648025336e-07,0.0,0.8761957641635614,1.901843971160085e-05,129.4035332680679,-9.735254171348206,-1.3608919830679216e-07,-1.5688493068570406e-07,-1.2340412125714255e-07,0.012550794454837642,0.010165467453624028,1438.1945198956673,0.4444444444444444,0.0,0.0
3.6166666666666667,22.61559817874551,-2.680153520865613e-06,22.61559817874567,-0.20514751243751655,-2.711559803309856e-07,0.0,0.8751885043986568,1.657692450368408e-05,129.77246682868983,-9.812019962928936,-1.1850907058405603e-07,-1.378979466659917e-07,-1.0626219018391725e-07,0.011031835733266649,0.008753742319929519,1437.2574307175146,0.4444444444444444,0.0,0.0
3.6333333333333333,22.6301741707547,-2.328317349739843e-06,22.63017417075482,-0.20514751679133497,-2.55286172238294e-07,0.0,0.8741822567103856,1.4405875350664583e-05,130.1416383319762,-9.888835259812607,-1.0288552497084856e-07,-1.209176890599953e-07,-9.112831028890119e-08,0.009673415124791071,0.007507331391985024,1436.3214188597237,0.4444444444444444,0.0,0.0
3.65,22.644733402505526,-2.0159765451474847e-06,22.644733402505615,-0.20514752088236513,-2.3959915947546296e-07,0.0,0.8731770204381855,1.2478834874346226e-05,130.51104750422405,-9.965700005648209,-8.902628745121026e-08,-1.0575731706251324e-07,-7.779536019693537e-08,0.008460585364995336,0.0064091909211730904,1435.3864832396803,0.4444444444444444,0.0,0.0
3.6666666666666665,22.65927589084804,-1.7392252813138864e-06,22.659275890848107,-0.20514752471509595,-2.2422959296207997e-07,0.0,0.8721727949209991,1.0771598751267856e-05,130.88069407201888,-10.042614144077188,-7.675555431214581e-08,-9.224484458287677e-08,-6.607504939413606e-08,0.007379587566626346,0.005443825831184866,1434.4526227754752,0.4444444444444444,0.0,0.0
3.683333333333333,22.67380165262127,-1.4944948128815754e-06,22.673801652621318,-0.20514752829596017,-2.0928383594935775e-07,0.0,0.8711695794972815,9.262060708157679e-06,131.25057776223326,-10.119577618739847,-6.59128467196765e-08,-8.022225440677768e-08,-5.5796469229414076e-08,0.006417780352539718,0.004597170651338599,1433.5198363859076,0.4444444444444444,0.0,0.0
3.6999999999999997,22.688310704653208,-1.2785296676845528e-06,22.688310704653244,-0.20514753163290628,-1.9484405552414852e-07,0.0,0.8701673735050006,7.930063450279522e-06,131.62069830202523,-10.196590373281186,-5.6351911093245664e-08,-6.954462447365068e-08,-4.6804723905638266e-08,0.005563569957890427,0.0038564770107121955,1432.5881229904846,0.4444444444444444,0.0,0.0
3.716666666666667,22.70280306376082,-1.0883648602572965e-06,22.702803063760843,-0.2051475347350332,-1.8097181623342786e-07,0.0,0.8691661762816416,6.757256055021101e-06,131.9910554188372,-10.273652351356235,-4.793966882418101e-08,-6.007927364676532e-08,-3.895964156255649e-08,0.004806341891740177,0.003210207703501893,1431.6574815094218,0.4444444444444444,0.0,0.0
3.7333333333333334,22.71727874675,-9.213041843977341e-07,22.71727874675002,-0.20514753761228025,-1.677112294910168e-07,0.0,0.8681659871642095,5.726958190985735e-06,132.3616488403945,-10.35076349663488,-4.055521766794088e-08,-5.1704932746418883e-08,-3.2134564644888206e-08,0.004136394619712842,0.0026479372611300195,1430.7279108636444,0.4444444444444444,0.0,0.0
3.75,22.731737770415616,-7.748996203465567e-07,22.73173777041563,-0.20514754027516552,-1.5509170725580495e-07,0.0,0.8671668054892322,4.8240313793002625e-06,132.7324782947046,-10.427923752806272,-3.4088886127969286e-08,-4.431094524944699e-08,-2.6215218021323744e-08,0.0035448756199553387,0.002160258906626187,1429.7994099747866,0.4444444444444444,0.0,0.0
3.7666666666666666,22.746180151541456,-6.469318732738956e-07,22.746180151541466,-0.20514754273456623,-1.4313036373503513e-07,0.0,0.8661686305927624,4.034757395032153e-06,133.10354351005583,-10.505133063582807,-2.8441341313743812e-08,-3.7796500900516795e-08,-2.1098652747272865e-08,0.0030237200720410824,0.0017386977195424907,1428.8719777651925,0.4444444444444444,0.0,0.0
3.783333333333333,22.76060590690024,-5.353920442545783e-07,22.760605906900246,-0.2051475450015361,-1.3183410453752403e-07,0.0,0.8651714618103828,3.3467238091556664e-06,133.47484421501656,-10.582391372703732,-2.3522750072846946e-08,-3.2069904505566356e-08,-1.6692262923122925e-08,0.002565592360445149,0.0013756298032457457,1427.9456131579175,0.4444444444444444,0.0,0.0
3.8,22.77501505325361,-4.384644223026511e-07,22.775015053253615,-0.20514754708715413,-1.2120143875133215e-07,0.0,0.8641752984772076,2.7487165924569735e-06,133.84638013843434,-10.659698623938407,-1.9251992645335817e-08,-2.7047881361568954e-08,-1.2912872770413484e-08,0.0021638305089254203,0.0010642072192081748,1427.0203150767272,0.4444444444444444,0.0,0.0
3.8166666666666664,22.789407607352132,-3.54510375917655e-07,22.789407607352135,-0.20514754900240154,-1.1122404582085483e-07,0.0,0.8631801399278844,2.2306196395164246e-06,134.218151009435,-10.73705476108924,-1.5555927649619366e-08,-2.2654920098534113e-08,-9.685890813198558e-09,0.0018123936078826726,0.0007982884334525045,1426.0960824460988,0.4444444444444444,0.0,0.0
3.8333333333333335,22.80378358593526,-2.8205331461153885e-07,22.80378358593526,-0.2051475507580621,-1.0188812582338145e-07,0.0,0.862185985496602,1.7833210211647723e-06,134.590156557422,-10.814459727994338,-1.2368706866061538e-08,-1.8822653150749863e-08,-6.9445278957112525e-09,0.001505812252059957,0.0005723740073454234,1425.1729141912233,0.4444444444444444,0.0,0.0
3.85,22.81814300573136,-2.1976468472233104e-07,22.81814300573136,-0.20514755236464324,-9.31755587699762e-08,0.0,0.8611928345170857,1.398625735575716e-06,134.9623965120758,-10.891913468529888,-9.631138023244552e-09,-1.548927461835882e-08,-4.6290756770450214e-09,0.0012391419694686874,0.00038154725738737474,1424.2508092380012,0.4444444444444444,0.0,0.0
3.8666666666666667,22.83248588345768,-1.664509592040841e-07,22.83248588345768,-0.20514755383231448,-8.506489585656224e-08,0.0,0.8602006863226089,1.0691746996772762e-06,135.33487060335304,-10.969415926612289,-7.290093599693372e-09,-1.2598994913030958e-08,-2.686242207474271e-09,0.001007919593042467,0.00022141960557534398,1423.3297665130501,0.4444444444444444,0.0,0.0
3.8833333333333333,22.84681223582035,-1.210415777722222e-07,22.84681223582035,-0.205147555170861,-7.75322031461911e-08,0.0,0.8592095402459887,7.883697023109523e-07,135.70757856148617,-11.04696704620007,-5.297963519936812e-09,-1.010153129008308e-08,-1.0685411993749704e-09,0.0008081225032066414,8.808034250602038e-05,1422.4097849436976,0.4444444444444444,0.0,0.0
3.9,22.861122079514388,-8.257779157015084e-08,22.861122079514388,-0.2051475563896498,-7.055177595186096e-08,0.0,0.8582193956195933,5.503040272101791e-07,136.08052011698274,-11.124566771295603,-3.6121495385455263e-09,-7.95163314278781e-09,2.66268350026215e-10,0.0006361306514230223,-2.1949471059763468e-05,1421.4908634579867,0.4444444444444444,0.0,0.0
3.9166666666666665,22.875415431223672,-5.0202365225046743e-08,22.875415431223672,-0.2051475574976065,-6.40967401914541e-08,0.0,0.8572302517753426,3.496984462531992e-07,136.45369500062495,-11.202215045946627,-2.194599060986814e-09,-6.1086407630853545e-09,1.3556954539355237e-09,0.0004886912610468272,-0.00011175923253371124,1420.5730009846754,0.4444444444444444,0.0,0.0
3.933333333333333,22.889692307620937,-2.3150088620502403e-08,22.889692307620937,-0.20514755850320132,-5.813955518423328e-08,0.0,0.8562421080447132,1.8184228057035234e-07,136.82710294346916,-11.27991181424761,-1.0113761386296474e-09,-4.536076147961916e-09,2.232986523841836e-09,0.0003628860918369528,-0.00018408741633264833,1419.6561964532357,0.4444444444444444,0.0,0.0
3.9499999999999997,22.903952725367777,-7.390507948742311e-10,22.903952725367777,-0.2051475594144424,-5.265243073496804e-08,0.0,0.8552549637587397,4.253922808849357e-08,137.2007436768455,-11.357657020340962,-3.226739086200083e-11,-3.201264344982205e-09,2.9275539120141994e-09,0.0002561011475985762,-0.00024135683461902973,1418.7404487938559,0.4444444444444444,0.0,0.0
3.966666666666667,22.91819670111463,1.763737104069041e-08,22.91819670111463,-0.20514756023887526,-4.76076698914517e-08,0.0,0.8542688182480184,-7.19423397670064e-08,137.5746169323574,-11.435450608418106,7.695793552479901e-10,-2.0749837774194547e-09,3.465366545634523e-09,0.00016599870219355636,-0.0002857067811324151,1417.8257569374398,0.4444444444444444,0.0,0.0
3.9833333333333334,22.93242425150078,3.2517853382398487e-08,22.93242425150078,-0.20514756098358733,-4.2977947449378404e-08,0.0,0.8532836708427092,-1.6491490285671237e-07,137.9487224418813,-11.513292522720427,1.417985862540041e-09,-1.1311439635293412e-09,3.869305455588914e-09,9.049151708234729e-05,-0.000319022288330482,1416.9121198156074,0.4444444444444444,0.0,0.0
4.0,22.946635393154327,4.4379843925112124e-08,22.946635393154327,-0.20514756165521653,-3.8736533101824396e-08,0.0,0.8522995208725409,-2.3931342065305643e-07,138.32305993756611,-11.591182707540112,1.9340458051794368e-09,-3.464890409333865e-10,4.159486863264583e-09,2.771912327467092e-05,-0.0003429607166182388,1415.9995363606963,0.4444444444444444,0.0,0.0
4.016666666666667,22.960830142692206,5.364569782982223e-08,22.960830142692206,-0.2051475622599632,-3.485746707651314e-08,0.0,0.8513163676668118,-2.977333360833701e-07,138.69762915183304,-11.669121107220894,2.3364006221219385e-09,2.9967447835199996e-10,4.353555345932968e-09,-2.3973958268159995e-05,-0.00035897588274487653,1415.088005505761,0.4444444444444444,0.0,0.0
4.033333333333333,22.975008516720173,6.06882742036801e-08,22.975008516720173,-0.20514756280360427,-3.131569516121175e-08,0.0,0.8503342105543926,-3.424652156878943e-07,139.0724298173752,-11.74710766615869,2.6414908251073734e-09,8.257272675618814e-10,4.4669494576046635e-09,-6.60581814049505e-05,-0.0003683399226672968,1414.177526184573,0.4444444444444444,0.0,0.0
4.05,22.989170531832784,6.583603237236082e-08,22.989170531832784,-0.20514756329150938,-2.8087169175500935e-08,0.0,0.8493530488637319,-3.7552627494471026e-07,139.44746166715717,-11.825142328802178,2.863784592889012e-09,1.247965564175244e-09,4.5131420393803784e-09,-9.983724513401953e-05,-0.00037216307246312335,1413.2680973316244,0.4444444444444444,0.0,0.0
4.066666666666666,23.0033162046134,6.937766558413632e-08,23.0033162046134,-0.2051475637286586,-2.5148918196143776e-08,0.0,0.8483728819228551,-3.986890251756923e-07,139.82272443441502,-11.903225039653282,3.015985389542329e-09,1.5808098233793952e-09,4.503857312714595e-09,-0.0001264647858703516,-0.0003714115393411096,1412.359717882123,0.4444444444444444,0.0,0.0
4.083333333333333,23.017445551634186,7.156630779767522e-08,23.017445551634186,-0.2051475641196608,-2.2479095174518135e-08,0.0,0.8473937090593711,-4.135072657474534e-07,140.19821785265574,-11.981355743267617,3.1092202493596938e-09,1.8369950449116816e-09,4.449266711781689e-09,-0.0001469596035929345,-0.0003669236235363485,1411.4523867719981,0.4444444444444444,0.0,0.0
4.1,23.031558589456086,7.26233472016848e-08,23.031558589456086,-0.2051475644687727,-2.0057002989996802e-08,0.0,0.846415529600473,-4.213396325079287e-07,140.57394165565705,-12.059534384254851,3.1532102753537477e-09,2.0277441111612555e-09,4.358165278164381e-09,-0.00016221952889290038,-0.0003594242409639709,1410.546102937897,0.4444444444444444,0.0,0.0
4.116666666666666,23.045655334628837,7.274187811897092e-08,23.045655334628837,-0.20514756477991805,-1.786310345538279e-08,0.0,0.8454383428729417,-4.2337090070707255e-07,140.9498955774672,-12.13776090727902,3.1564248038400367e-09,2.162925410162622e-09,4.2381303130357384e-09,-0.00017303403281300974,-0.0003495379859930528,1409.6408653171886,0.4444444444444444,0.0,0.0
4.133333333333333,23.059735803690938,7.208982098045465e-08,23.059735803690938,-0.20514756505670714,-1.587901232280884e-08,0.0,0.8444621482031488,-4.206312281633749e-07,141.32607935240472,-12.216035257058817,3.126220594813405e-09,2.2511959509457067e-09,4.095663859362404e-09,-0.0001800956760756565,-0.0003378008636323323,1408.7366728479612,0.4444444444444444,0.0,0.0
4.15,23.073800013169667,7.081273813220952e-08,23.073800013169667,-0.20514756530245562,-1.4087482924767797e-08,0.0,0.8434869449170578,-4.140135122551624e-07,141.70249271505807,-12.294357378367815,3.06896731755464e-09,2.3001311117107586e-09,3.936320469751936e-09,-0.00018401048893686067,-0.0003246708108187673,1407.8335244690236,0.4444444444444444,0.0,0.0
4.166666666666667,23.08784797958106,6.903637137323531e-08,23.08784797958106,-0.20514756552020338,-1.2472380719587364e-08,0.0,0.842512732340231,-4.04289022513633e-07,142.0791354002855,-12.372727216034672,2.9901605136299935e-09,2.316342094361519e-09,3.764821604607715e-09,-0.00018530736754892143,-0.0003105371173862321,1406.9314191199076,0.4444444444444444,0.0,0.0
4.183333333333334,23.101879719429917,6.686892532305166e-08,23.101879719429917,-0.20514756571273265,-1.1018650688645676e-08,0.0,0.8415395097978272,-3.9212145923128377e-07,142.4560071432149,-12.451144714943288,2.8945231355702766e-09,2.3055820927792042e-09,3.585157900343548e-09,-0.00018444656742233625,-0.0002957288486733993,1406.0303557408647,0.4444444444444444,0.0,0.0
4.2,23.115895249209768,6.440311899334991e-08,23.115895249209768,-0.20514756588258565,-9.712279249362292e-09,0.0,0.8405672766146091,-3.780795776171691e-07,142.83310767924337,-12.529609820032945,2.786096679320762e-09,2.2728421174311986e-09,3.400680448563132e-09,-0.00018182736939449586,-0.0002805223636086838,1405.1303332728708,0.4444444444444444,0.0,0.0
4.216666666666667,23.129894585402898,6.171802629182564e-08,23.129894585402898,-0.20514756603208148,-8.540252099345392e-09,0.0,0.8395960321149425,-3.6264850665827845e-07,143.21043674403714,-12.608122476298416,2.6683228522267204e-09,2.2224373559359833e-09,3.214182134273618e-09,-0.00017779498847487864,-0.00026514801448181596,1404.2313506576222,0.4444444444444444,0.0,0.0
4.233333333333333,23.143877744480324,5.8880724622093363e-08,23.143877744480324,-0.20514756616333243,-7.490509189281182e-09,0.0,0.8386257756228026,-3.4623988200224136e-07,143.58799407353143,-12.686682628790058,2.544116645972867e-09,2.158084888398975e-09,3.0279699942680406e-09,-0.00017264679107191797,-0.0002497961074673571,1403.333406837541,0.4444444444444444,0.0,0.0
4.25,23.157844742901798,5.594776926294004e-08,23.157844742901798,-0.20514756627825928,-6.551897831831108e-09,0.0,0.8376565064617729,-3.2920090286933437e-07,143.9657794039301,-12.765290222613881,2.4159316155744077e-09,2.08297351795192e-09,2.8439294756244415e-09,-0.00016663788143615356,-0.00023462219629276595,1402.4365007557694,0.4444444444444444,0.0,0.0
4.266666666666667,23.171795597115782,5.296650981356636e-08,23.171795597115782,-0.20514756637860584,-5.714124787904914e-09,0.0,0.8366882239550523,-3.11822414232648e-07,144.34379247170546,-12.843945202931602,2.2858181012160817e-09,1.9998264211557817e-09,2.6635813986421794e-09,-0.0001599861136924625,-0.000219751775227167,1401.5406313561766,0.4444444444444444,0.0,0.0
4.283333333333333,23.18573032355947,4.997626367835764e-08,23.18573032355947,-0.20514756646595297,-4.967708027455211e-09,0.0,0.8357209274254535,-2.943461072693507e-07,144.72203301359818,-12.922647514960676,2.1554750694040377e-09,1.9109572698844878e-09,2.4881323582541327e-09,-0.00015287658159075896,-0.00020528443178929027,1400.6457975833537,0.4444444444444444,0.0,0.0
4.3,23.199648938658747,4.700936033377522e-08,23.199648938658747,-0.20514756654173152,-4.303928736922094e-09,0.0,0.8347546161954096,-2.7697092337348376e-07,145.10050076661702,-13.001397103974329,2.02629619344977e-09,1.8183204260630017e-09,2.3185192327851958e-09,-0.0001454656340850401,-0.00019129751421518424,1399.751998382618,0.4444444444444444,0.0,0.0
4.316666666666666,23.213551458828217,4.4092068969183665e-08,23.213551458828217,-0.20514756660723446,-3.714784037426059e-09,0.0,0.8337892895869756,-2.598587398178904e-07,145.47919546803863,-13.080193915301566,1.8994107406350896e-09,1.7235557632127814e-09,2.1554484086276306e-09,-0.00013788446105702249,-0.00017784936376820178,1398.8592327000124,0.4444444444444444,0.0,0.0
4.333333333333333,23.22743790047117,4.1245421020346666e-08,23.22743790047117,-0.20514756666362852,-3.19294078477538e-09,0.0,0.8328249469218293,-2.431394084430346e-07,145.8581168554074,-13.159037894327179,1.775719784380954e-09,1.6280286241501664e-09,1.9994302737204526e-09,-0.00013024228993201332,-0.00016498215739479852,1397.9674994823029,0.4444444444444444,0.0,0.0
4.35,23.241308279979595,3.8485938116075454e-08,23.241308279979595,-0.2051475667119647,-2.7316907425393296e-09,0.0,0.8318615875212776,-2.269152125146134e-07,146.23726466653508,-13.237928986491736,1.6559282142145073e-09,1.5328653823491931e-09,1.8508094813975069e-09,-0.00012262923058793543,-0.0001527244020089262,1397.0767976769841,0.4444444444444444,0.0,0.0
4.366666666666666,23.25516261373416,3.582627503196199e-08,23.25516261373416,-0.20514756675318838,-2.324907351248949e-09,0.0,0.8308992107062557,-2.1126480110940119e-07,146.616638639501,-13.316867137291576,1.5405729741405255e-09,1.4389850353573442e-09,1.7097914389520527e-09,-0.00011511880282858752,-0.00014109311780433634,1396.1871262322757,0.4444444444444444,0.0,0.0
4.383333333333333,23.26900091810422,3.327578638694789e-08,23.26900091810422,-0.20514756678814847,-1.96700425880076e-09,0.0,0.8299378157973323,-1.9624665503800903e-07,146.99623851265142,-13.39585229227879,1.4300479210114255e-09,1.3471272221606461e-09,1.5764654319020941e-09,-0.00010777017777285166,-0.0001300957444272438,1395.2984840971235,0.4444444444444444,0.0,0.0
4.4,23.282823209447788,3.084102502522199e-08,23.282823209447788,-0.20514756681760601,-1.6528957280885274e-09,0.0,0.8289774021147115,-1.819021333718326e-07,147.37606402459966,-13.474884397061192,1.3246256584857461e-09,1.2578770224392247e-09,1.4508247551832835e-09,-0.00010063016179513797,-0.00011973180057126879,1394.4108702212015,0.4444444444444444,0.0,0.0
4.416666666666667,23.29662950411155,2.8526179294099627e-08,23.29662950411155,-0.2051475668422422,-1.3779589966455659e-09,0.0,0.8280179689782361,-1.682581450867733e-07,147.75611491422575,-13.553963397302295,1.2244766689990554e-09,1.1716868641319944e-09,1.3327841861046333e-09,-9.373494913055955e-05,-0.0001099943245626619,1393.5242835549109,0.4444444444444444,0.0,0.0
4.433333333333334,23.310419818430862,2.6333455754597513e-08,23.310419818430862,-0.20514756686266558,-1.137998628642461e-09,0.0,0.8270595157073898,-1.5532948614573958e-07,148.13639092067632,-13.633089238721281,1.1296860356747598e-09,1.0888958365283704e-09,1.2221951006444757e-09,-8.711166692226962e-05,-0.00010087112076748683,1392.6387230493808,0.4444444444444444,0.0,0.0
4.45,23.32419416872972,2.4263413241893846e-08,23.32419416872972,-0.2051475668794191,-9.292128710624626e-10,0.0,0.826102041621299,-1.431208784931094e-07,148.51689178336443,-13.712261867092963,1.040268018108995e-09,1.0097466791102217e-09,1.1188585043173498e-09,-8.077973432881772e-05,-9.23458341554009e-05,1391.754187656468,0.4444444444444444,0.0,0.0
4.466666666666667,23.33795257132077,2.2315253624327405e-08,23.33795257132077,-0.20514756689298602,-7.481620024809431e-10,0.0,0.8251455460387385,-1.3162874390537146e-07,148.89761724196924,-13.791481228247745,9.561787203111328e-10,9.344006914606196e-10,1.0225362211938112e-09,-7.475205531684956e-05,-8.439887307945755e-05,1390.8706763287591,0.4444444444444444,0.0,0.0
4.483333333333333,23.351695042505316,2.048707408870525e-08,23.351695042505316,-0.20514756690379582,-5.917386439089592e-10,0.0,0.8241900282781305,-1.2084274241177076e-07,149.27856703643604,-13.870747268071586,8.773270656119048e-10,8.629507866186336e-10,9.329604595021715e-10,-6.903606292949069e-05,-7.700819826133833e-05,1389.9881880195685,0.4444444444444444,0.0,0.0
4.5,23.365421598573278,1.877608530322403e-08,23.365421598573278,-0.20514756691222938,-4.571399860085878e-10,0.0,0.8232354876575502,-1.1074710204641079e-07,149.6597409069759,-13.95005993250596,8.035842719127535e-10,7.954328891735048e-10,8.498419493920116e-10,-6.363463113388038e-05,-7.014999409084947e-05,1389.1067216829408,0.4444444444444444,0.0,0.0
4.516666666666667,23.379132255803224,1.7178799374156856e-08,23.379132255803224,-0.20514756691862376,-3.418418751069861e-10,0.0,0.8222819234947268,-1.0132176399916632e-07,150.0411385940656,-14.029419167547806,7.347920010971619e-10,7.318358600409606e-10,7.728768277129726e-10,-5.854686880327685e-05,-6.379923664252249e-05,1388.2262762736495,0.4444444444444444,0.0,0.0
4.533333333333333,23.392827030462332,1.5691191115639386e-08,23.392827030462332,-0.2051475669232767,-2.435746913500487e-10,0.0,0.8213293351070483,-9.254336477807505e-08,150.42275983844723,-14.108824919249493,6.707693386184657e-10,6.721101121359699e-10,7.017524258884531e-10,-5.37688089708776e-05,-5.7930171266746576e-05,1387.3468507471998,0.4444444444444444,0.0,0.0
4.55,23.406505938806415,1.43088357905694e-08,23.406505938806415,-0.20514756692645053,-1.6030094562651846e-10,0.0,0.8203777218115612,-8.438607476265981e-08,150.80460438112837,-14.188277133718763,6.113187430869941e-10,6.161750649401452e-10,6.361520999827024e-10,-4.929400519521162e-05,-5.2516711214908896e-05,1386.468444059826,0.4444444444444444,0.0,0.0
4.566666666666666,23.420168997079887,1.302702615212252e-08,23.420168997079887,-0.2051475669283759,-9.019451719287411e-11,0.0,0.819427082924975,-7.682231049888751e-08,151.18667196338154,-14.2677757571187,5.562310909774723e-10,5.639255711526437e-10,5.757592267219621e-10,-4.51140456922115e-05,-4.7532767495247143e-05,1385.5910551684933,0.4444444444444444,0.0,0.0
4.583333333333333,23.43381622151578,1.1840871317137742e-08,23.43381622151578,-0.20514756692925495,-3.1621450918004275e-11,0.0,0.8184774177636653,-6.982333624614275e-08,151.56896232674424,-14.34732073566767,5.052899282476251e-10,5.152374351095017e-10,5.202604753963625e-10,-4.121899480876013e-05,-4.29525190170738e-05,1384.7146830308989,0.4444444444444444,0.0,0.0
4.6,23.447447628335723,1.0745379732242986e-08,23.447447628335723,-0.20514756692926453,1.6877768534496674e-11,0.0,0.8175287256436763,-6.335976861958857e-08,151.9514752130187,-14.426912015639285,4.582750285902092e-10,4.69972130361433e-10,4.693484531095397e-10,-3.759777042891464e-05,-3.8750631055049796e-05,1383.8393266054713,0.4444444444444444,0.0,0.0
4.616666666666666,23.461063233749943,9.735528248819633e-09,23.461063233749943,-0.2051475669285588,5.6604548702199973e-11,0.0,0.8165810058807215,-5.74019966634335e-08,152.3342103642717,-14.506549543362345,4.1496534712947605e-10,4.279808126225163e-10,4.227238096368997e-10,-3.423846500980131e-05,-3.4902429142364675e-05,1382.9649848513707,0.4444444444444444,0.0,0.0
4.633333333333333,23.474663053957254,8.806319101636926e-09,23.474663053957254,-0.20514756692727168,8.871721008996428e-11,0.0,0.8156342577901899,-5.192052832867362e-08,152.71716752283436,-14.586233265220807,3.751414485224058e-10,3.8910771415527754e-10,3.800968780895494e-10,-3.11286171324222e-05,-3.1384034672847374e-05,1382.0916567284903,0.4444444444444444,0.0,0.0
4.65,23.48824710514507,7.952826386250365e-09,23.48824710514507,-0.20514756692551922,1.14244776998978e-10,0.0,0.8146884806871445,-4.68862731004675e-08,153.10034643130197,-14.665963127653722,3.385874795445382e-10,3.531929964597236e-10,3.411889185559313e-10,-2.8255439716777888e-05,-2.8172467748701053e-05,1381.2193411974547,0.4444444444444444,0.0,0.0
4.666666666666667,23.50181540348938,7.170233450216112e-09,23.50181540348938,-0.2051475669234015,1.340996177926343e-10,0.0,0.8137436738863292,-4.227076941392085e-08,153.48374683253385,-14.7457390771552,3.0509274824580265e-10,3.2007512980816127e-10,3.0573302381189233e-10,-2.5606010384652897e-05,-2.5245722144894382e-05,1380.3480372196225,0.4444444444444444,0.0,0.0
4.683333333333334,23.515367965154745,6.4538624511179704e-09,23.515367965154745,-0.20514756692100453,1.4908901156916848e-10,0.0,0.8127998367021673,-3.804636450202068e-08,153.86736846965312,-14.825561060274357,2.74452964575394e-10,2.8959286064222003e-10,2.7347473896457694e-10,-2.3167428851377604e-05,-2.258281666603858e-05,1379.4777437570847,0.4444444444444444,0.0,0.0
4.7,23.528904806294296,5.799197188749803e-09,23.528904806294296,-0.20514756691840189,1.5992571543632583e-10,0.0,0.8118569684487682,-3.4186353425861355e-08,154.25121108604642,-14.905429023615273,2.4647119092421335e-10,2.6158682105622214e-10,2.441724404454685e-10,-2.092694568449777e-05,-2.016382664019598e-05,1378.6084597726672,0.4444444444444444,0.0,0.0
4.716666666666667,23.54242594304973,5.201900188077488e-09,23.54242594304973,-0.20514756691565605,1.6723760353537407e-10,0.0,0.8109150684399276,-3.066508323599035e-08,154.63527442536397,-14.985342913836941,2.2095854525192676e-10,2.3590082846927214e-10,2.1759751401906944e-10,-1.8872066277541772e-05,-1.7969898820413778e-05,1377.7401842299291,0.4444444444444444,0.0,0.0
4.733333333333333,23.555931391551308,4.6578248924646525e-09,23.555931391551308,-0.20514756691282005,1.7157644572286634e-10,0.0,0.8099741359891297,-2.7458027496212774e-08,155.01955823151917,-15.065302677653229,1.977346942916998e-10,2.123829180789594e-10,1.9353436635822574e-10,-1.699063344631675e-05,-1.5983252543269828e-05,1376.8729160931641,0.4444444444444444,0.0,0.0
4.75,23.56942116791784,4.16302372183528e-09,23.56942116791784,-0.2051475669099382,1.7342589045791484e-10,0.0,0.809034170409552,-2.4541835759747138e-08,155.4040622486885,-15.145308261832824,1.7662816970244026e-10,1.908861457383628e-10,1.717803001928707e-10,-1.5270891659069023e-05,-1.4187169619248578e-05,1376.0066543274004,0.4444444444444444,0.0,0.0
4.766666666666667,23.582895288256694,3.7137526568125474e-09,23.582895288256694,-0.2051475669070476,1.7320871301811597e-10,0.0,0.8080951710140654,-2.189436201505352e-08,155.7887862213113,-15.225359613199199,1.574765359138003e-10,1.712691944551078e-10,1.5214527900923982e-10,-1.3701535556408625e-05,-1.2565975097665206e-05,1375.1413978984012,0.4444444444444444,0.0,0.0
4.783333333333333,23.596353768663775,3.3064729263587916e-09,23.596353768663775,-0.20514756690417874,1.7129338672649243e-10,0.0,0.8071571371152385,-1.949467560838596e-08,156.1737298940897,-15.30545667863056,1.401264347354304e-10,1.5339681373034172e-10,1.3445160370963777e-10,-1.2271745098427337e-05,-1.1105010754865719e-05,1374.2771457726647,0.4444444444444444,0.0,0.0
4.8,23.609796625223527,2.937850302075603e-09,23.609796625223527,-0.20514756690135655,1.6800003145408546e-10,0.0,0.806220068025342,-1.7323057696124493e-08,156.55889301198818,-15.385599405059796,1.2443352853522468e-10,1.3714011739405655e-10,1.1853352049146866e-10,-1.0971209391524524e-05,-9.790602894670368e-06,1373.4138969174264,0.4444444444444444,0.0,0.0
4.816666666666666,23.62322387400894,2.6047524362161275e-09,23.62322387400894,-0.20514756689860106,1.6360579029989439e-10,0.0,0.8052839630563448,-1.536098587670246e-08,156.94427532023366,-15.465787739474456,1.1026236089147693e-10,1.2237676241195675e-10,1.0423677642559033e-10,-9.79014099295654e-06,-8.610025820967915e-06,1372.5516503006552,0.4444444444444444,0.0,0.0
4.833333333333333,23.63663553108152,2.3042446218003936e-09,23.63663553108152,-0.20514756689592809,1.5834968206705564e-10,0.0,0.8043488215199243,-1.3591109294422205e-08,157.32987656431513,-15.546021628916678,9.748615105438233e-11,1.0899102830200682e-10,9.141813676917212e-11,-8.719282264160545e-06,-7.5514621408031e-06,1371.6904048910578,0.4444444444444444,0.0,0.0
4.85,23.650031612491304,2.033584301265793e-09,23.650031612491304,-0.2051475668933498,1.524369739713312e-10,0.0,0.8034146427274648,-1.1997216191047194e-08,157.71569648998363,-15.626301020483167,8.598653627979547e-11,9.68738142728094e-11,7.994487590179159e-11,-7.749905141824753e-06,-6.603960879320771e-06,1370.830159658078,0.4444444444444444,0.0,0.0
4.866666666666666,23.663412134276854,1.790214604151302e-09,23.663412134276854,-0.20514756689087527,1.4604311595027203e-10,0.0,0.8024814259900598,-1.05641956015825e-08,158.10173484325185,-15.706625861325142,7.565327409220693e-11,8.592256895077554e-11,6.969425189350819e-11,-6.873805516062044e-06,-5.757394232903993e-06,1369.970913571895,0.4444444444444444,0.0,0.0
4.883333333333333,23.676777112465242,1.571757153788698e-09,23.676777112465242,-0.20514756688851096,1.393172749999991e-10,0.0,0.8015491706185163,-9.277994644297757e-09,158.48799137039413,-15.786996098648293,6.638391476689648e-11,7.604116557094463e-11,6.055297307115471e-11,-6.08329324567557e-06,-5.00241365138694e-06,1369.1126656034255,0.4444444444444444,0.0,0.0
4.9,23.69012656307204,1.3760043472959817e-09,23.69012656307204,-0.205147566886261,1.3238550515917626e-10,0.0,0.8006178759233583,-8.125572638344613e-09,158.87446581794615,-15.867411679712744,5.8083452768077863e-11,6.713973374199372e-11,5.241666351795542e-11,-5.371178699359498e-06,-4.330405822184485e-06,1368.2554147243259,0.4444444444444444,0.0,0.0
4.916666666666667,23.70346050210135,1.2009112818281068e-09,23.70346050210135,-0.20514756688412775,1.253535860913802e-10,0.0,0.7996875412148245,-7.094853092135611e-09,159.26115793270486,-15.947872551832997,5.0663964517824056e-11,5.913445733638453e-11,4.518933319823455e-11,-4.730756586910762e-06,-3.733449026617676e-06,1367.399159906987,0.4444444444444444,0.0,0.0
4.933333333333334,23.71677894554575,1.0445874725762068e-09,23.71677894554575,-0.20514756688211191,1.183095606902779e-10,0.0,0.7987581658028776,-6.174674439138045e-09,159.64806746172815,-16.028378662377907,4.404423867906357e-11,5.194734668072869e-11,3.878285732218646e-11,-4.1557877344582955e-06,-3.2042702498790325e-06,1366.5439001245409,0.4444444444444444,0.0,0.0
4.95,23.73008190938634,9.052884840006408e-10,23.73008190938634,-0.20514756688021296,1.1132599974741563e-10,0.0,0.7978297489972005,-5.354740252322743e-09,160.03519415233484,-16.10892995877063,3.814940409634901e-11,4.5505992010222976e-11,3.311646863633835e-11,-3.6404793608178385e-06,-2.7362033494006194e-06,1365.6896343508556,0.4444444444444444,0.0,0.0
4.966666666666667,23.743369409592688,7.814075748573412e-10,23.743369409592688,-0.20514756687842922,1.0446201947901485e-10,0.0,0.7969022901072033,-4.625569541869733e-09,160.4225377521043,-16.189526388488584,3.2910559633614616e-11,3.974330408708651e-11,2.8116265526294713e-11,-3.179464326966921e-06,-2.323148520448395e-06,1364.836361560539,0.4444444444444444,0.0,0.0
4.983333333333333,23.75664146212286,6.714674393897925e-10,23.75664146212286,-0.2051475668767582,9.776507560367155e-11,0.0,0.7959757884420242,-3.978447630774284e-09,160.81009800887637,-16.270167899063406,2.826440936360333e-11,3.459724695061459e-11,2.371473813422244e-11,-2.7677797560491676e-06,-1.9595332413007384e-06,1363.9840807289388,0.4444444444444444,0.0,0.0
5.0,23.769898082923408,5.741121113027819e-10,23.769898082923408,-0.2051475668751967,9.127255569392968e-11,0.0,0.7950502433105313,-3.4053780078299083e-09,161.1978746707512,-16.350854438080905,2.4152905885416114e-11,3.001056695153058e-11,1.985031411053931e-11,-2.4008453561224464e-06,-1.6402748322424814e-06,1363.1327908321398,0.4444444444444444,0.0,0.0
5.016666666666667,23.783139287929355,4.880990835317285e-10,23.783139287929355,-0.20514756687374103,8.501318968721404e-11,0.0,0.7941256540213272,-2.899035475391208e-09,161.585867486089,-16.431585953181035,2.052290396244928e-11,2.5930521512915677e-11,1.6466925125083468e-11,-2.074441721033254e-06,-1.3607447218027667e-06,1362.2824908469688,0.4444444444444444,0.0,0.0
5.033333333333333,23.796365093064196,4.122916851238303e-10,23.796365093064196,-0.20514756687238703,7.900829673079338e-11,0.0,0.7932020198827497,-2.452720838813466e-09,161.97407620350992,-16.512362392057845,1.7325826171829868e-11,2.2308610442523944e-11,1.3513594846665988e-11,-1.7846888354019157e-06,-1.116734479279231e-06,1361.4331797509913,0.4444444444444444,0.0,0.0
5.05,23.80957551423991,3.456517465308066e-10,23.80957551423991,-0.2051475668711303,7.32728849460887e-11,0.0,0.7922793402028739,-2.060317324159744e-09,162.3625005718937,-16.59318370245943,1.4517341828462292e-11,1.910031208629105e-11,1.0944048751534964e-11,-1.5280249669032841e-06,-9.04423643814138e-07,1360.5848565225126,0.4444444444444444,0.0,0.0
5.066666666666666,23.822770567356926,2.8723257607717723e-10,23.822770567356926,-0.2051475668699663,6.781661922420489e-11,0.0,0.7913576142895169,-1.716248859434454e-09,162.75114034037966,-16.67404983218791,1.2057060083127222e-11,1.6264826150904337e-11,8.716345832176603e-12,-1.301186092072347e-06,-7.203493564005783e-07,1359.7375201405791,0.4444444444444444,0.0,0.0
5.083333333333333,23.835950268304146,2.3617226313334187e-10,23.835950268304146,-0.20514756686889027,6.264467080131228e-11,0.0,0.7904368414502383,-1.4154403111493093e-09,163.13999525836653,-16.754960729099377,9.908237786827065e-12,1.3764824625960486e-11,6.792532040290304e-12,-1.1011859700768389e-06,-5.613777815594554e-07,1358.8911695849774,0.4444444444444444,0.0,0.0
5.1,23.84911463295892,1.9168731742881395e-10,23.84911463295892,-0.20514756686789745,5.7758461103593444e-11,0.0,0.7895170209923443,-1.1532797314751271e-09,163.52906507551208,-16.835916341103847,8.037502455705696e-12,1.156621189589942e-11,5.138315104818144e-12,-9.252969516719535e-07,-4.246772894733608e-07,1358.045803836236,0.4444444444444444,0.0,0.0
5.116666666666666,23.86226367718705,1.53066648844693e-10,23.86226367718705,-0.2051475668669831,5.315631119103694e-11,0.0,0.7885981522228885,-9.255826407086469e-10,163.91834954173302,-16.916916616165235,6.414590456102818e-12,9.637894841764688e-12,3.7227602114916e-12,-7.71031587341175e-07,-3.0769335658932113e-07,1357.2014218756233,0.4444444444444444,0.0,0.0
5.133333333333333,23.875397416842794,1.196658877983161e-10,23.875397416842794,-0.20514756686614255,4.883400706157728e-11,0.0,0.7876802344486761,-7.285583445115521e-10,164.30784840720492,-16.997961502301308,5.012100352051033e-12,7.951563486810287e-12,2.5180059090936078e-12,-6.36125078944823e-07,-2.0812513266469332e-07,1356.3580226851504,0.4444444444444444,0.0,0.0
5.15,23.888515867768845,9.090204286359012e-11,23.888515867768845,-0.2051475668653712,4.478529009622184e-11,0.0,0.7867632669762646,-5.587782646692364e-10,164.69756142236187,-17.079050947583653,3.805261212825619e-12,6.481482532609892e-12,1.4989995147712723e-12,-5.185186026087914e-07,-1.2390361453747742e-07,1355.5156052475697,0.4444444444444444,0.0,0.0
5.166666666666667,23.90161904579634,6.624848945707566e-11,23.90161904579634,-0.2051475668646645,4.1002281026278693e-11,0.0,0.7858472491119679,-4.131462453579472e-10,165.08748833789633,-17.16018490013761,2.771715561617028e-12,5.204293958772285e-12,6.432512220912462e-13,-4.1634351670178276e-07,-5.317136120908622e-08,1354.6741685463758,0.4444444444444444,0.0,0.0
5.183333333333334,23.914706966744863,4.52302811732098e-11,23.914706966744863,-0.2051475668640182,3.747584498018403e-11,0.0,0.7849321801618573,-2.888707835590778e-10,165.477628904759,-17.241363308142265,1.8913165541231925e-12,4.098830715301727e-12,-6.939393256783945e-14,-3.2790645722413814e-07,5.73631916882988e-09,1353.833711565805,0.4444444444444444,0.0,0.0
5.2,23.927779646422408,2.741977359316372e-11,23.927779646422408,-0.2051475668634281,3.4195904414500305e-11,0.0,0.7840180594317655,-1.834391218398955e-10,165.86798287415863,-17.32258611983039,1.1459389044174612e-12,3.1459414182196807e-12,-6.569671204633578e-13,-2.516753134575745e-07,5.4308782377144514e-08,1352.9942332908372,0.4444444444444444,0.0,0.0
5.216666666666667,23.94083710062542,1.243254905101031e-11,23.94083710062542,-0.20514756686289018,3.115170604640726e-11,0.0,0.783104886227288,-9.459313380872301e-11,166.25854999756166,-17.40385328348841,5.193030218097732e-13,2.3283258628710463e-12,-1.1355706792154265e-12,-1.8626606902968373e-07,9.387613462149353e-08,1352.1557327071944,0.4444444444444444,0.0,0.0
5.233333333333333,23.95387934513875,-7.637014329577757e-14,23.95387934513875,-0.20514756686240063,2.8332047278656494e-11,0.0,0.7821926598537854,-2.0306926777960783e-11,166.64933002669227,-17.485164747456363,-3.1882160795502332e-15,1.6303810923497672e-12,-1.5195578754551745e-12,-1.3043048738798138e-07,1.2562406614364182e-07,1351.3182088013416,0.4444444444444444,0.0,0.0
5.25,23.966906395735677,-1.0416033206158147e-11,23.966906395735677,-0.20514756686195584,2.5725467037961672e-11,0.0,0.7812813796163868,4.1233917795991175e-11,167.04032271353208,-17.566520460127855,-4.3460065450964603e-13,1.0380576980204607e-12,-1.8216983613192866e-12,-8.304461584163685e-08,1.5060750521100295e-07,1350.4816605604876,0.4444444444444444,0.0,0.0
5.266666666666667,23.979918268177897,-1.8862810716099207e-11,23.979918268177897,-0.2051475668615524,2.3320405429847353e-11,0.0,0.7803710448199918,9.165154796674949e-11,167.43152781031995,-17.647920369950025,-7.866086324877407e-13,5.387259828234138e-13,-2.0533302009250583e-12,-4.3098078625873106e-08,1.6976316462498971e-07,1349.646086972585,0.4444444444444444,0.0,0.0
5.283333333333333,23.992914978215516,-2.5663396603794175e-11,23.992914978215516,-0.20514756686118704,2.1105336143016104e-11,0.0,0.7794616547692714,1.323935720821211e-10,167.82294506955176,-17.729364425423515,-1.0696239547006014e-12,1.2105158384999126e-13,-2.224499322695222e-12,-9.684126707999301e-09,1.8392105123471103e-07,1348.8114870263287,0.4444444444444444,0.0,0.0
5.3,24.00589654158705,-3.1037576151942345e-11,24.00589654158705,-0.20514756686085672,1.9068875110494765e-11,0.0,0.7785532087686745,1.6474939984327584e-10,168.21457424398034,-17.810852575102405,-1.2929146844473748e-12,-2.2511987326399945e-13,-2.344087228037979e-12,1.8009589861119957e-08,1.9381500686612318e-07,1347.9778597111604,0.4444444444444444,0.0,0.0
5.316666666666666,24.01886297401942,-3.518077374918727e-11,24.01886297401942,-0.2051475668605586,1.7199868549598646e-11,0.0,0.777645706122425,1.898652760249302e-10,168.6064150866152,-17.89238476759419,-1.4647143700033346e-12,-5.088695308614021e-13,-2.4199277576041357e-12,4.0709562468912163e-08,2.0009234667544615e-07,1347.1452040172635,0.4444444444444444,0.0,0.0
5.333333333333333,24.031814291227956,-3.826639391209145e-11,24.031814291227956,-0.20514756686028995,1.548746315475142e-11,0.0,0.7767391461345277,2.0875808778026608e-10,168.9984673507223,-17.97396095155975,-1.592322304440384e-12,-7.383039174647475e-13,-2.458913684146296e-12,5.9064313397179806e-08,2.0332265829258006e-07,1346.3135189355664,0.4444444444444444,0.0,0.0
5.35,24.04475050891637,-4.0447968763721536e-11,24.04475050891637,-0.2051475668600483,1.3921160903284731e-11,0.0,0.7758335281087707,2.2232802443014482e-10,169.39073078982398,-18.05558107571328,-1.6821954026398595e-12,-9.206458804125808e-13,-2.467093866748967e-12,7.365167043300646e-08,2.0400582230597013e-07,1345.4828034577438,0.4444444444444444,0.0,0.0
5.366666666666666,24.05767164277678,-4.186112475704737e-11,24.05767164277678,-0.20514756685983138,1.2490860651597492e-11,0.0,0.7749288513487256,2.3137016617193627e-10,169.78320515769866,-18.13724508882229,-1.740032259922211e-12,-1.0623182827178803e-12,-2.449761665604313e-12,8.498546261743042e-08,2.0257931171445254e-07,1344.6530565762134,0.4444444444444444,0.0,0.0
5.383333333333333,24.070577708489687,-4.262538097354958e-11,24.070577708489687,-0.20514756685963695,1.1186888444768418e-11,0.0,0.7740251151577531,2.3658507534329623e-10,170.17589020838065,-18.21895293970753,-1.7708499351270499e-12,-1.1690209069219206e-12,-2.411535280180756e-12,9.352167255375365e-08,1.9942482498403936e-07,1343.8242772841404,0.4444444444444444,0.0,0.0
5.4,24.08346872172399,-4.284579082706874e-11,24.08346872172399,-0.20514756685946303,1.0000018234372072e-11,0.0,0.7731223188390013,2.385884608294191e-10,170.5687856961601,-18.300704577242968,-1.7790539777362134e-12,-1.245800998458969e-12,-2.35643063707361e-12,9.966407987671751e-08,1.948743043399502e-07,1342.9964645754333,0.4444444444444444,0.0,0.0
5.416666666666667,24.096344698136964,-4.261443847267293e-11,24.096344698136964,-0.20514756685930777,8.92148449452079e-12,0.0,0.7722204616954117,2.379199829841116e-10,170.96189137558264,-18.382499950355747,-1.7685021942754542e-12,-1.2971178682323683e-12,-2.2879274174530295e-12,1.0376942945858946e-07,1.8921538793075857e-07,1342.1696174447472,0.4444444444444444,0.0,0.0
5.433333333333334,24.109205653374268,-4.201180067086405e-11,24.109205653374268,-0.2051475668591694,7.942988042892371e-12,0.0,0.7713195430297195,2.3505126310905724e-10,171.35520700144932,-18.464339008026144,-1.7425626242059194e-12,-1.326901959320734e-12,-2.209028778172686e-12,1.0615215674565871e-07,1.8269634155025585e-07,1341.343734887483,0.4444444444444444,0.0,0.0
5.45,24.122051603069927,-4.110798429775807e-11,24.122051603069927,-0.2051475668590464,7.056696209723424e-12,0.0,0.7704195621444574,2.3039315815510344e-10,171.7487323288163,-18.546221699287543,-1.704166170199487e-12,-1.338608766487937e-12,-2.1223152855443583e-12,1.0708870131903495e-07,1.7553051271602929e-07,1340.518815899788,0.4444444444444444,0.0,0.0
5.466666666666667,24.13488256284635,-3.9963849129427247e-11,24.13488256284635,-0.20514756685893723,6.255238351625564e-12,0.0,0.7695205183419568,2.2430235791850234e-10,172.14246711299475,-18.62814797322637,-1.6558543023925162e-12,-1.3352679798901626e-12,-2.02999354673361e-12,1.0682143839121301e-07,1.6790034709958095e-07,1339.6948594785558,0.4444444444444444,0.0,0.0
5.483333333333333,24.14769854831432,-3.863202496954388e-11,24.14769854831432,-0.2051475668588406,5.531697576939074e-12,0.0,0.7686224109243507,2.1708735864012882e-10,172.5364111095507,-18.710117778982074,-1.5998222311848709e-12,-1.3195282064192012e-12,-1.933939990855574e-12,1.055622565135361e-07,1.5996100459481817e-07,1338.8718646214265,0.4444444444444444,0.0,0.0
5.5,24.160499575072976,-3.7157831638835464e-11,24.160499575072976,-0.2051475668587553,4.879599433636888e-12,0.0,0.7677252391935749,2.090138636063181e-10,172.93056407430467,-18.792131065747075,-1.5379579186008297e-12,-1.293697603796535e-12,-1.8357402202713155e-12,1.0349580830372281e-07,1.5184360971019573e-07,1338.0498303267864,0.4444444444444444,0.0,0.0
5.516666666666667,24.173285658709826,-3.558010980668991e-11,24.173285658709826,-0.20514756685868016,4.29289820812136e-12,0.0,0.7668290024513733,2.0030965811978227e-10,173.3249257633317,-18.87418778276674,-1.4718772743195592e-12,-1.2597807440903044e-12,-1.7367243223925855e-12,1.0078245952722435e-07,1.4365816848203475e-07,1337.2287555937696,0.4444444444444444,0.0,0.0
5.533333333333333,24.18605681480074,-3.393197012272681e-11,24.18605681480074,-0.20514756685861418,3.765961392327623e-12,0.0,0.7659336999992965,1.9116900307666744e-10,173.719495932961,-18.95628787933933,-1.4029558593429759e-12,-1.2195120049751912e-12,-1.6379985035542893e-12,9.756096039801529e-08,1.3549618173744457e-07,1336.408639422257,0.4444444444444444,0.0,0.0
5.55,24.198813058909938,-3.2241467601739274e-11,24.198813058909938,-0.20514756685855642,3.293552796182938e-12,0.0,0.7650393311387063,1.8175658836548106e-10,174.1142743397758,-19.038431304815973,-1.3323573979951076e-12,-1.1743857689637036e-12,-1.5404733792427093e-12,9.39508615170963e-08,1.2743298228761077e-07,1335.5894808128764,0.4444444444444444,0.0,0.0
5.566666666666666,24.21155440659,-3.053220773094971e-11,24.21155440659,-0.205147566858506,2.870814711597487e-12,0.0,0.7641458951707784,1.7221108440588517e-10,174.50926074061317,-19.120618008600594,-1.2610593776101928e-12,-1.1256836931429817e-12,-1.4448892291854693e-12,9.005469545143856e-08,1.1952982150702947e-07,1334.7712787670043,0.4444444444444444,0.0,0.0
5.583333333333333,24.224280873381858,-2.882389030532319e-11,24.224280873381858,-0.20514756685846214,2.4932494718007633e-12,0.0,0.7632533913965035,1.6264832737765704e-10,174.90445489256393,-19.202847940149923,-1.1898759949153116e-12,-1.0744992947623583e-12,-1.3518385015112392e-12,8.595994358098866e-08,1.118357287511775e-07,1333.9540322867647,0.4444444444444444,0.0,0.0
5.6,24.23699247481479,-2.7132796555605326e-11,24.23699247481479,-0.20514756685842414,2.156700695100131e-12,0.0,0.7623618191166895,1.5316417105720386e-10,175.29985655297227,-19.28512104897341,-1.119478688777068e-12,-1.0217600814170797e-12,-1.2617858273537372e-12,8.174080651336638e-08,1.0438916518254463e-07,1333.1377403750282,0.4444444444444444,0.0,0.0
5.616666666666666,24.249689226406417,-2.547222471528378e-11,24.249689226406417,-0.20514756685839133,1.85733445421707e-12,0.0,0.7614711776319656,1.4383703568343758e-10,175.6954654794357,-19.367437284633215,-1.0504144806749151e-12,-9.682474386254929e-13,-1.1750857858749502e-12,7.745979509003943e-08,9.721949181042054e-08,1332.3224020354155,0.4444444444444444,0.0,0.0
5.633333333333333,24.26237114366271,-2.3852878776985604e-11,24.26237114366271,-0.20514756685836322,1.5916205705203846e-12,0.0,0.7605814662427818,1.3473018191724621e-10,176.0912814298048,-19.449796596744157,-9.831223269872343e-13,-9.146144723454153e-13,-1.0919986396767617e-12,7.316915778763323e-08,9.034826990005961e-08,1331.5080162722943,0.4444444444444444,0.0,0.0
5.65,24.27503824207796,-2.2283214815828935e-11,24.27503824207796,-0.20514756685833915,1.3563141960616674e-12,0.0,0.7596926842494144,1.2589373573841618e-10,176.48730416218308,-19.532198934973675,-9.179476709208049e-13,-8.614019894500462e-13,-1.0127042419115397e-12,6.891215915600369e-08,8.379041036802078e-08,1330.6945820907818,0.4444444444444444,0.0,0.0
5.666666666666667,24.28769053713482,-2.076974890664664e-11,24.28769053713482,-0.20514756685831875,1.148437814727807e-12,0.0,0.7588048309519653,1.1736648803857864e-10,176.88353343492665,-19.614644249041785,-8.551553666615851e-13,-8.09052785401639e-13,-9.373142990385203e-13,6.472422283213113e-08,7.755518734831022e-08,1329.8820984967433,0.4444444444444444,0.0,0.0
5.683333333333334,24.30032804430426,-1.9317330333321043e-11,24.30032804430426,-0.20514756685830157,9.652637665175464e-13,0.0,0.7579179056503668,1.0917749071550825e-10,177.27996900664422,-19.697132488721056,-7.949411340497859e-13,-7.579243953286917e-13,-8.65883157048163e-13,6.063395162629533e-08,7.164712978386497e-08,1329.0705644967936,0.4444444444444444,0.0,0.0
5.7,24.312950779045575,-1.792938348110487e-11,24.312950779045575,-0.2051475668582872,8.042973754367961e-13,0.0,0.7570319076443816,1.013474692490318e-10,177.67661063619684,-19.77966360383655,-7.374416887545192e-13,-7.083004524273079e-13,-7.984172640325979e-13,5.666403619418463e-08,6.60668036651007e-08,1328.2599790982958,0.4444444444444444,0.0,0.0
5.716666666666667,24.325558756806405,-1.6608121516041846e-11,24.325558756806405,-0.20514756685827526,6.632607413519299e-13,0.0,0.756146836233607,9.389007003744006e-11,178.07345808269764,-19.862237544265795,-6.827436805082562e-13,-6.604007860601842e-13,-7.348834481568576e-13,5.283206288481474e-08,6.081149639678198e-08,1327.4503413093632,0.4444444444444444,0.0,0.0
5.733333333333333,24.338151993022706,-1.535473468864889e-11,24.338151993022706,-0.20514756685826552,5.400772389473848e-13,0.0,0.7552626907174758,8.681295919072491e-11,178.47051110551172,-19.944854259938737,-6.30891560421301e-13,-6.143903811021646e-13,-6.752161373223094e-13,4.915123048817317e-08,5.5875813721383074e-08,1326.6416501388578,0.4444444444444444,0.0,0.0
5.75,24.35073050311875,-1.4169555851030659e-11,24.35073050311875,-0.20514756685825764,4.3285675234983395e-13,0.0,0.7543794703952593,8.011878800794463e-11,178.86776946425593,-20.02751370083772,-5.818944876916885e-13,-5.703873099596521e-13,-6.193236350500845e-13,4.563098479677218e-08,5.125219865641972e-08,1325.8339045963914,0.4444444444444444,0.0,0.0
5.766666666666667,24.36329430250714,-1.3052205546678433e-11,24.36329430250714,-0.20514756685825142,3.3988166168898567e-13,0.0,0.7534971745660701,7.380603900510459e-11,179.26523291879863,-20.11021581699741,-5.357323761152973e-13,-5.284697392490384e-13,-5.670935562886417e-13,4.227757913992307e-08,4.69313810100332e-08,1325.0271036923268,0.4444444444444444,0.0,0.0
5.783333333333333,24.37584340658879,-1.2001718819448175e-11,24.37584340658879,-0.2051475668582466,2.5959358758116307e-13,0.0,0.7526158025288621,6.786976510156388e-11,179.6629012292597,-20.192960558504794,-4.923611716427466e-13,-4.886821043306314e-13,-5.183975169073663e-13,3.909456834645051e-08,4.290276521858191e-08,1324.2212464377747,0.4444444444444444,0.0,0.0
5.8,24.388377830752926,-1.1016655691696046e-11,24.388377830752926,-0.20514756685824298,1.905808909929635e-13,0.0,0.7517353535824353,6.230223341153283e-11,180.06077415601004,-20.275747875499107,-4.517174437819482e-13,-4.5104053673135925e-13,-4.730951615202838e-13,3.608324293850874e-08,3.915476349744853e-08,1323.4163318445974,0.4444444444444444,0.0,0.0
5.816666666666666,24.40089759037709,-1.0095197080355117e-11,24.40089759037709,-0.20514756685824043,1.3156691894269335e-13,0.0,0.7508558270254369,5.7093484017130485e-11,180.45885145967156,-20.358577718171823,-4.1372236586642327e-13,-4.1553762192250377e-13,-4.31037605935492e-13,3.3243009753800304e-08,3.567508060716926e-08,1322.6123589254073,0.4444444444444444,0.0,0.0
5.833333333333333,24.41340270082714,-9.23522775295493e-12,24.41340270082714,-0.20514756685823876,8.1398980825945e-14,0.0,0.7499772221563631,5.223181311521992e-11,180.85713290111707,-20.4414500367666,-3.7828515205879244e-13,-3.821465579177973e-13,-3.920703628937089e-13,3.057172463342378e-08,3.24509559069644e-08,1321.8093266935668,0.4444444444444444,0.0,0.0
5.85,24.425893177457226,-8.434407772325119e-12,24.425893177457226,-0.20514756685823785,3.90380356300582e-14,0.0,0.7490995382735621,4.770418902644228e-11,181.25561824146988,-20.524364781579234,-3.4530601239627435e-13,-3.508247786919921e-13,-3.5603581279265197e-13,2.8065982295359365e-08,2.9469367792616062e-08,1321.0072341631894,0.4444444444444444,0.0,0.0
5.866666666666666,24.438369035609806,-7.690233738117139e-12,24.438369035609806,-0.20514756685823757,3.549066771942987e-15,0.0,0.7482227746752366,4.349660872629337e-11,181.6543072421038,-20.60732190295763,-3.146786811718692e-13,-3.215171004601121e-13,-3.2277527474436914e-13,2.572136803680897e-08,2.6717205091410617e-08,1320.2060803491395,0.4444444444444444,0.0,0.0
5.883333333333333,24.450830290615645,-7.000091004484306e-12,24.450830290615645,-0.20514756685823785,-2.5907881385316364e-14,0.0,0.7473469306594447,3.959440179966924e-11,182.05319966464285,-20.69032135130176,-2.8629256844382e-13,-2.941584433729738e-13,-2.921307275341406e-13,2.3532675469837902e-08,2.418140950974811e-08,1319.405864267032,0.4444444444444444,0.0,0.0
5.9,24.46327695779381,-6.36129793547098e-12,24.46327695779381,-0.20514756685823857,-5.008603323328219e-14,0.0,0.746472005524103,3.598248802718549e-11,182.45229527096103,-20.773363077063614,-2.600345794410965e-13,-2.686761761457576e-13,-2.639462247986274e-13,2.149409409166061e-08,2.184909279543349e-08,1318.606584933233,0.4444444444444444,0.0,0.0
5.916666666666667,24.47570905245165,-5.771143152101776e-12,24.47570905245165,-0.2051475668582396,-6.965960706590495e-14,0.0,0.7455979985669892,3.264559417909824e-11,182.8515938231822,-20.85644703074718,-2.357906420498041e-13,-2.449921265147175e-13,-2.3806904397647095e-13,1.95993701211774e-08,1.970763188321673e-08,1317.8082413648606,0.4444444444444444,0.0,0.0
5.933333333333334,24.48812658988483,-5.2269166270918135e-12,24.48812658988483,-0.20514756685824093,-8.523096571454384e-14,0.0,0.744724909085743,2.9568435016388214e-11,183.25109508367996,-20.939573162908385,-2.1344697839200434e-13,-2.2302429618477702e-13,-2.1435060426790214e-13,1.7841943694782163e-08,1.7744744935656005e-08,1317.010832579783,0.4444444444444444,0.0,0.0
5.95,24.50052958537729,-4.7259353938161905e-12,24.50052958537729,-0.20514756685824248,-9.733722308319367e-14,0.0,0.7438527363778691,2.673586297430644e-11,183.65079881507725,-21.02274142415507,-1.9289115271356346e-13,-2.0268831506102025e-13,-1.9264718493482675e-13,1.621506520488162e-08,1.594855086884971e-08,1316.2143575966206,0.4444444444444444,0.0,0.0
5.966666666666667,24.512918054201275,-4.265564555015564e-12,24.512918054201275,-0.2051475668582442,-1.0645633700470988e-13,0.0,0.7429814797407398,2.4132990527439596e-11,184.05070478024638,-21.10595176514693,-1.7401292435212493e-13,-1.8389866602434486e-13,-1.7282047174538534e-13,1.4711893281947591e-08,1.4307614661221549e-08,1315.4188154347457,0.4444444444444444,0.0,0.0
5.983333333333333,24.525292011617307,-3.843234203046115e-12,24.525292011617307,-0.20514756685824606,-1.130127185461804e-13,0.0,0.742111138471597,2.174528880338101e-11,184.4508127423086,-21.1892041365955,-1.567049314326462e-13,-1.665697082913575e-13,-1.5473795618544183e-13,1.33255766633086e-08,1.2810980480734348e-08,1314.6242051142826,0.4444444444444444,0.0,0.0
