t,vx,vy,speed,yaw,yaw_rate,steering_angle,ax,ay,pos_x,pos_y,sideslip,alpha_f,alpha_r,fy_f,fy_r,f_long,throttle,brake,steer_cmd
0.0,19.599215085258834,0.0,19.599215085258834,0.0,0.0,0.0,1.0802847173717205,0.0,54.49145527207026,0.0,0.0,0.0,0.0,-0.0,-0.0,1630.9566385867954,0.4444444444444444,0.0,0.0
0.016666666666666666,19.617185245305066,-0.004409456646314003,19.6171857408733,-3.788471554015636e-05,-0.0035874129905839798,-0.004553228193136113,1.0778001579935312,-0.29756430907804304,54.81829606751439,-5.4364476651486276e-05,-0.0002247751915942347,0.004203116790489329,1.1452231017953075e-05,-335.8854634493752,-0.9352257387311506,1629.8023383198179,0.4444444444444444,0.0,0.007850393436441575
0.03333333333333333,19.6350744903663,-0.011655427709682458,19.635077949711036,-0.00016913231282666757,-0.0103542028360463,-0.00909397630428585,1.0730046621496563,-0.5704657308744012,55.145435493831464,-0.00024369984553289443,-0.000593602349021778,0.008023053111339561,8.557026497085011e-05,-639.3229415650957,-6.98824800670229,1628.652638262134,0.4444444444444444,0.0,0.01567926949014802
0.05,19.652851429757423,-0.020430782270110616,19.652862049507764,-0.0004426219758660896,-0.019911714988487185,-0.013609798458500083,1.0662224661621647,-0.8263947708653248,55.472871793539426,-0.0006420833156857498,-0.0010395832372242502,0.011543102577698913,0.00026484735302912933,-915.9806048473356,-21.629960820140294,1627.509665015881,0.4444444444444444,0.0,0.023465169756034628
0.06666666666666667,19.670490887204846,-0.02966591893872424,19.67051325742049,-0.0009010056777187224,-0.03189496431789364,-0.01808831710114506,1.0577186964117726,-1.0717505771032014,55.80060263577201,-0.0013191717797288538,-0.00150814215146906,0.014832372496077054,0.0005807555373018989,-1170.855361112038,-47.430697693302484,1626.375125010057,0.4444444444444444,0.0,0.031186753622663897
0.08333333333333333,19.687972413583292,-0.03849866528377032,19.68801005447847,-0.0015811108682316798,-0.04596327997440618,-0.0225172569239193,1.0477093533093547,-1.3116219799429762,56.12862514373876,-0.002341934546227922,-0.001955438346082756,0.01794731959488627,0.0010554151295547659,-1408.1338802228097,-86.1941726570492,1625.250397017227,0.4444444444444444,0.0,0.03882285676537811
0.1,19.705278791148412,-0.046245427946279734,19.70533305672577,-0.002514334950214402,-0.061799255139912,-0.02688447851062042,1.0363731588205514,-1.549874241360494,56.45693590067752,-0.003776016282202436,-0.0023468504827716488,0.020933375889912106,0.0017030766558435331,-1631.1888656503395,-139.0735602289211,1624.1366291319057,0.4444444444444444,0.0,0.04635254915624211
0.11666666666666667,19.722394693468054,-0.05237494670688845,19.72246423700597,-0.003727015410355836,-0.07910709624191534,-0.03117801161044112,1.023862928532055,-1.7892810300125863,56.78553093846606,-0.00568676082323199,-0.0026556016346379,0.023826497410515658,0.0025314173530537735,-1842.6425504076246,-206.66919833750094,1623.0348279102866,0.4444444444444444,0.0,0.05375519243179504
0.13333333333333333,19.739305584413348,-0.056485057088078446,19.73938640172298,-0.005240772052751119,-0.09761095599790272,-0.03538608794759461,1.010315401201843,-2.0316688777686283,57.11440571259669,-0.008139935882648644,-0.0028615445802618205,0.02665456285721172,0.003542670806260341,-2044.4588859395258,-289.10960370862193,1621.945933192005,0.4444444444444444,0.0,0.06101049646137002
0.15,19.755996888421805,-0.05828239019996826,19.756082858004504,-0.0070728242473447,-0.11705353823096602,-0.03949717347734056,0.9958591336053372,-2.278058358946741,57.44355506691142,-0.011202200279856911,-0.0029501027687824253,0.029438600249726173,0.004734613972129434,-2238.043930427301,-386.1188541048784,1620.8708758218252,0.4444444444444444,0.0,0.06809857496093201
0.16666666666666666,19.772453432110716,-0.05756473477118521,19.772537227773174,-0.009236289008732843,-0.13719508946556702,-0.04349999999999999,0.9806204092709064,-2.528795787968141,57.77297319131696,-0.014941353351885657,-0.002911352014546095,0.03219384528695432,0.006101435202981183,-2424.3441936645086,-497.0740368530425,1619.81061781731,0.4444444444444444,0.0,0.07499999999999998
0.18333333333333332,19.788659137343476,-0.05420573012099318,19.788733378241908,-0.011740466512865932,-0.15781278876998275,-0.04738359604630735,0.964727277155457,-2.7836740974357186,58.102653575592534,-0.01942640302916329,-0.0027392252385453173,0.034930646764593565,0.007634502939878611,-2603.9381839946923,-621.0564847584943,1618.7661759822645,0.4444444444444444,0.0,0.08169585525225405
0.2,19.804596933832624,-0.04814157638643376,19.804655445701385,-0.01459111916645396,-0.17870048391847151,-0.05113731694944516,0.948311918601467,-3.042043624177732,58.4325889623094,-0.02472748577898687,-0.0024308235974673004,0.037655238551270905,0.009323049448078992,-2777.1191700495933,-756.9000292269731,1617.7386308515022,0.4444444444444444,0.0,0.08816778784387097
0.21666666666666667,19.820248852786747,-0.039359496776779176,19.820287933236006,-0.017790749071284823,-0.19966868421786413,-0.054750874021335855,0.9315115823729929,-3.3029140106150043,58.76277130175036,-0.030915668687579993,-0.001985819922408565,0.04037039796573016,0.011154778649175578,-2943.968471332277,-903.2386335836477,1616.7291233547805,0.4444444444444444,0.0,0.09439805865747562
0.23333333333333334,19.83559626046641,-0.027887741581066286,19.83561586476103,-0.021338877024518917,-0.22054470150645597,-0.05821436275322066,0.9144683483283191,-3.5650480959051003,59.09319171151568,-0.03806266142010396,-0.0014059432769173365,0.04307600890643854,0.013116402635622245,-3104.4191580794914,-1058.5546910961568,1615.7388418166752,0.4444444444444444,0.0,0.10036959095382873
0.25,19.850620190853903,-0.013786971866871542,19.850624978628,-0.025232324343336256,-0.2411728274265682,-0.06151828996322963,0.8973279881014381,-3.8270480242766207,59.42384044320915,-0.04624046353558206,-0.0006945359649956756,0.045769545818641316,0.015194108346910247,-3258.3102798117457,-1221.228160640021,1614.7690019329211,0.4444444444444444,0.0,0.10606601717798213
0.26666666666666666,19.865301739277502,0.0028571038256212326,19.86530194473731,-0.029465497027993715,-0.26141444445983214,-0.06465359981653329,0.8802381881304383,-4.087433158790022,59.75470685821227,-0.05552097044543307,0.00014382383129233725,0.04844649210527917,0.0173739543342602,-3405.4318677296806,-1389.585739552169,1613.820822229489,0.4444444444444444,0.0,0.11147172382160912
0.2833333333333333,19.879622483178416,0.02193994530082156,19.87963459007465,-0.03403067026451106,-0.28114798742320873,-0.06761169864675645,0.8633463866743293,-4.344708951792498,60.08577941408859,-0.0659755590117608,0.001103639488708644,0.05110070419567142,0.019642197453830047,-3545.561068766813,-1561.948574849928,1612.8954972568115,0.4444444444444444,0.0,0.11657189421854561
0.3,19.893564901705815,0.04334334570354544,19.893612119069736,-0.038918270144000636,-0.30026869758348695,-0.07038447851062042,0.8467974523649643,-4.597425779162134,60.417045662639254,-0.07767467126933013,0.002178758675693169,0.05372473033265296,0.021985550399222207,-3678.489902549595,-1736.676669383464,1611.994170434343,0.4444444444444444,0.0,0.1213525491562421
0.31666666666666665,19.907112771917852,0.06693964223284884,19.907225317194687,-0.04411714880397481,-0.318688139384776,-0.07296433941125187,0.8307313985901464,-4.8442268982367445,60.74849226008923,-0.09068741199038677,0.003362586564126695,0.05631009129341129,0.02439137277103784,-3804.045284237587,-1912.2081575226723,1611.117908075875,0.4444444444444444,0.0,0.12580058519181359
0.3333333333333333,19.9202515255339,0.09259507343547319,19.920466728672803,-0.049614848978929635,-0.33633347636050226,-0.07534421012924615,0.8152812880011275,-5.083885077905566,61.08010498935738,-0.10508117284099486,0.004648254889636483,0.05884752873720657,0.026847800407841692,-3922.1021068322325,-2087.0919494546665,1610.2676757279833,0.4444444444444444,0.0,0.12990381056766578
0.35,19.932968555977368,0.12017238880521044,19.933330801865843,-0.055397854131069756,-0.353146525243737,-0.077517567604388,0.8005714379621708,-5.31532797397288,61.41186879388815,-0.12092129280896652,0.006028752443040714,0.06132722565641256,0.02934381954818462,-4032.5903027628588,-2260.0127724722774,1609.4443175729243,0.4444444444444444,0.0,0.13365097862825517
0.36666666666666664,19.94525347053128,0.14953281892456388,19.94581399862326,-0.061451820828475334,-0.3690826238170036,-0.07947845481490627,0.786715994431287,-5.5376528740754205,61.74376782212408,-0.13827076155721876,0.0074970226685883564,0.0637390024581162,0.03186929375567696,-4135.496887316027,-2429.808252500686,1608.6485393070577,0.4444444444444444,0.0,0.13703181864639014
0.3833333333333333,19.95709828659204,0.1805375129382609,19.957914866395058,-0.06776179074117651,-0.3841093580390685,-0.08122149710525654,0.7738179019487351,-5.750131919539785,62.07578548139689,-0.15718996951671702,0.009046033938069641,0.06607249147546276,0.03441495226338829,-4230.864015066566,-2595.4782696831976,1607.8808946220497,0.4444444444444444,0.0,0.14003706397458027
0.4,19.96849757417049,0.2130485443828064,19.96963407406146,-0.07431238042984412,-0.39820519783458874,-0.08274191691767835,0.7619682637453624,-5.952209262621027,62.4079044998149,-0.17773650600370283,0.010668827746927293,0.06831729215455462,0.03697234846326374,-4318.784053496335,-2756.187306940773,1607.1417751960043,0.4444444444444444,0.0,0.142658477444273
0.4166666666666667,19.979448548983555,0.2469295769025386,19.9809744141128,-0.08108794791545694,-0.41135808970392246,-0.08403554688714894,0.7512460600761066,-6.143491808355747,62.74010699462624,-0.19996500451407254,0.012358549570372277,0.07046310874300366,0.039533796769239474,-4399.392602007148,-2911.2608457557935,1606.4314039449525,0.4444444444444444,0.0,0.14488887394336025
0.43333333333333335,19.98995112181334,0.28204626931159665,19.99194077498528,-0.08807273577145149,-0.4235640494137064,-0.08509884126384108,0.7417181752642752,-6.323735224474718,63.072374545528845,-0.2239270326585271,0.014108466483235561,0.07249987198733117,0.042092295169073216,-4472.860271448928,-3060.177039717635,1605.749831186038,0.4444444444444444,0.0,0.14672214011007084
0.45,20.00000791043951,0.31826648614797526,20.002540088045016,-0.09525099112668381,-0.4348257909057965,-0.08592888563177697,0.7334396741917883,-6.492826806680865,63.40468827146464,-0.24967102295986288,0.015911974954642593,0.074417846103779,0.04464143961853796,-4539.38390339181,-3202.55493069311,1605.0969333127157,0.4444444444444444,0.0,0.14815325108927066
0.4666666666666667,20.009624220543976,0.35546036654176877,20.01278125397772,-0.10260706348451758,-0.44515141947561315,-0.08652340489703977,0.7264542659806487,-6.6507665979301,63.73702890955962,-0.2772422399098381,0.01776260153962097,0.07620772210321222,0.047175335178582994,-4599.177763778041,-3338.140397191659,1604.4724135685801,0.4444444444444444,0.0,0.149178284305241
0.48333333333333334,20.018808001708084,0.3935002918411423,20.022675053272245,-0.11012548164502958,-0.454553209194161,-0.08688076952364791,0.7207948948799325,-6.797647918954916,64.06937689503475,-0.3066827782257463,0.019653998552255716,0.07786069841316481,0.04968850757533892,-4652.465104367866,-3466.79087691506,1603.8758045193008,0.4444444444444444,0.0,0.14979443021318606
0.5,20.027569784110085,0.43226078162476317,20.03223404517654,-0.11779101127110753,-0.46304647713961916,-0.087,0.7164844042843627,-6.933638208212799,64.40171244109945,-0.33803158709182746,0.02157993624955545,0.0793685496393106,0.05217581775932309,-4699.470356577822,-3588.459720420485,1603.306471852149,0.4444444444444444,0.0,0.15
0.5166666666666666,20.035922600895333,0.47161833877499676,20.04147245904196,-0.12558869478044338,-0.4706485606398837,-0.08688076952364791,0.7135362278496091,-7.058960819535504,64.73401561803567,-0.37132451524987325,0.023534292596076364,0.08072368423703145,0.05463238110144365,-4740.412111643132,-3703.1808382920617,1602.7636191721915,0.4444444444444444,0.0,0.14979443021318606
0.5333333333333333,20.0438819005128,0.5114512572294195,20.05040608142953,-0.13350387529326813,-0.4773778985593738,-0.08652340489703977,0.7119550705597472,-7.173878202675974,65.0662664308757,-0.4065943720517473,0.025511041317831676,0.08191919181442095,0.057053492106447154,-4775.496951249036,-3811.054119935601,1602.2462935077006,0.4444444444444444,0.0,0.149178284305241
0.55,20.051465452641697,0.5516394007264016,20.05905214178669,-0.14152220634012896,-0.4832532136886398,-0.08592888563177696,0.7117375513721569,-7.278676705112859,65.39844489526256,-0.4438709999462754,0.02750423868238209,0.08294888075462155,0.05943455494455488,-4804.914124178361,-3912.23193995969,1601.75339128095,0.4444444444444444,0.0,0.14815325108927063
0.5666666666666667,20.058693250701563,0.5920639570670617,20.06742919895317,-0.14962964895396105,-0.48829279041548657,-0.08509884126384108,0.7128727870539121,-7.37365308580821,65.73053111125411,-0.4831813542958493,0.029508009247438013,0.08380730682195715,0.0617710196810229,-4828.831015707445,-4006.906933568045,1601.2836645419902,0.4444444444444444,0.0,0.14672214011007084
0.5833333333333334,20.065587413361897,0.6326071698425222,20.075557030244603,-0.1578124576528617,-0.492513839925587,-0.08403554688714894,0.715342903650036,-7.459102721565922,66.06250533498682,-0.5245495868661191,0.031516530688008366,0.08448979339764498,0.06405832379656043,-4847.389325004567,-4095.3011163440087,1600.8357273011388,0.4444444444444444,0.0,0.14488887394336025
0.6,20.072172086945603,0.6731520479365842,20.08345652440335,-0.16605715667844315,-0.49593194403921764,-0.08274191691767836,0.7191234675331524,-7.535309409981934,66.39434804825153,-0.5679971297769991,0.03352401772754714,0.08499244397253553,0.06629183841276108,-4860.701848732325,-4177.656344216846,1600.408061830425,0.4444444444444444,0.0,0.14265847744427304
0.6166666666666667,20.078473350149068,0.7135820521546518,20.091149579299927,-0.1743505077009377,-0.49856056828661843,-0.08122149710525654,0.7241838321896643,-7.60253662425244,66.72604002615265,-0.6135427771251503,0.03552470514873517,0.08531214750284831,0.06846681854145159,-4868.849763478721,-4254.2260526528935,1599.999024835363,0.4444444444444444,0.0,0.14003706397458027
0.6333333333333333,20.084519122071782,0.7537807578393492,20.09865900491264,-0.1826794700455409,-0.5004106348248221,-0.07947845481490627,0.7304873999269177,-7.661020048629752,67.05756240312319,-0.6612027618745415,0.03751282983383948,0.085446577207711,0.07057835664413477,-4871.8803028407865,-4325.268176012623,1599.6068534266863,0.4444444444444444,0.0,0.13703181864639014
0.65,20.090339074148567,0.7936314921500922,20.106008431799513,-0.19103115434204093,-0.5014901461955894,-0.077517567604388,0.7379917997345113,-7.7109612138086705,67.38889673765335,-0.7109908259557788,0.03948261177486134,0.08539418335281707,0.07262133880069288,-4869.8047346723215,-4391.0391243922695,1599.229670847813,0.4444444444444444,0.0,0.13365097862825517
0.6666666666666666,20.095964546196125,0.8330169446933671,20.113222224997116,-0.1993927703573096,-0.5018038516352344,-0.07534421012924616,0.7466489838305439,-7.752522054443483,67.7200250761605,-0.7629182818140874,0.04142823399415275,0.08515418052179871,0.07459040283270654,-4862.596558374799,-4451.788682346799,1598.865491938491,0.4444444444444444,0.0,0.1299038105676658
0.6833333333333333,20.10142846641112,0.8718187503207103,20.12032540302602,-0.20775156964233374,-0.501352948615273,-0.0729643394112519,0.7564052462106696,-7.7858202226386135,68.05093001648655,-0.8169940639008604,0.04334382132322997,0.08472652982568386,0.07647989779759404,-4850.1898598238595,-4507.755688431081,1598.5122283391631,0.4444444444444444,0.0,0.1258005851918136
0.7,20.106765274777842,0.9099170431274461,20.127343561443617,-0.21609478351604508,-0.5001348134830478,-0.07038447851062042,0.7672011670311467,-7.810925008746935,68.38159477155278,-0.8732247688174722,0.04522341799937782,0.0841119164412767,0.07828384436028822,-4832.477781673252,-4559.164353828281,1598.1676934647346,0.4444444444444444,0.0,0.1213525491562421
0.7166666666666667,20.112010848949136,0.9471899809842013,20.13430280015488,-0.22440955682078145,-0.49814275646847783,-0.06761169864675647,0.778971487122789,-7.82785374198294,68.71200323373655,-0.9316146829970786,0.04706096405614692,0.08331172280207516,0.07999589565739855,-4809.311088798917,-4606.221080309676,1597.8296073013773,0.4444444444444444,0.0,0.11657189421854565
0.7333333333333333,20.117202431244436,0.9835132403405877,20.141229653464364,-0.23268287782223646,-0.4953657979282883,-0.0646535998165333,0.7916449175630761,-7.8365685666091105,69.04214004055657,-0.9921657969557901,0.04885027050622974,0.08232799769141863,0.08160929839545426,-4780.496832223372,-4649.111640677272,1597.4956011064135,0.4444444444444444,0.0,0.11147172382160916
0.75,20.122378554953332,1.0187594816083863,20.148151021625104,-0.240901504593838,-0.49178846452779457,-0.06151828996322963,0.8051438902259029,-7.836973513569845,69.37199064226571,-1.0548778052648469,0.05058499334599711,0.08116342140840793,0.0831168540729125,-4745.797139826002,-4687.998587308258,1597.1632221198179,0.4444444444444444,0.0,0.10606601717798213
0.7666666666666666,20.12757896763319,1.0527977862391187,20.155094102410438,-0.24905188822562932,-0.48739060613877727,-0.05821436275322067,0.8193842567633289,-7.8289118114359715,69.70154137194996,-1.1197480914963034,0.05225860645402663,0.07982126709485422,0.08451088039025517,-4704.928188369059,-4723.0187553191945,1596.8299384271002,0.4444444444444444,0.0,0.10036959095382875
0.7833333333333333,20.132844548535633,1.0854930677662449,20.16208632100531,-0.25712009323540735,-0.4821472365943688,-0.05475087402133585,0.8342749457116335,-7.812163403446046,70.0307795187209,-1.1867716974821818,0.05386437351650198,0.07830535822909676,0.08578317312077771,-4657.559438655794,-4754.280725219543,1596.493144147829,0.4444444444444444,0.0,0.09439805865747561
0.8,20.138217216681365,1.1167054607264721,20.169155256288203,-0.2650917156402203,-0.476028404127152,-0.05113731694944517,0.8497175904872376,-7.786442658255663,70.35969340456364,-1.2559412763065245,0.055395319197227164,0.07662002221424284,0.08692496896560789,-4603.313243622371,-4781.862104823113,1596.150165162385,0.4444444444444444,0.0,0.08816778784387098
0.8166666666666667,20.14373982541863,1.1462896936872387,20.176328561361462,-0.2729517992751135,-0.4689991003652392,-0.04738359604630737,0.8656061450376886,-7.751396279475771,70.68827246536243,-1.3272470285259144,0.05684419988782147,0.0747700399201907,0.08792691022104553,-4541.7649672306,-4805.806480732952,1595.7982656321624,0.4444444444444444,0.0,0.08169585525225409
0.8333333333333334,20.149456038542077,1.1740944558117445,20.183633875997344,-0.28068475112965424,-0.4610192202113643,-0.04349999999999999,0.8818265088699918,-7.7066014316304345,71.01650733657094,-1.400676621190217,0.05820347453515647,0.07276059098884548,0.08877901245744545,-4472.443779242789,-4826.119874973121,1595.4346556158002,0.4444444444444444,0.0,0.07499999999999998
0.85,20.15541018221324,1.1999617707620764,20.19109872851291,-0.2882742567182581,-0.4520435888150737,-0.03949717347734057,0.8982561890402723,-7.651564105895748,71.34438994392202,-1.4762150893131978,0.05946527626131324,0.07059719469099965,0.08947063686158843,-4394.83431606475,-4842.766521318755,1595.0565001362827,0.4444444444444444,0.0,0.06809857496093202
0.8666666666666667,20.161647066012375,1.2237263976011872,20.19875042448496,-0.2957031968151195,-0.4420220761928704,-0.0353860879475946,0.914764033291418,-7.585717745746713,71.67191359948262,-1.5538447195216076,0.06062138578178206,0.06828564614518387,0.0899904694458638,-4308.379419312444,-4855.663747562414,1594.6609301110225,0.4444444444444444,0.0,0.06101049646137
0.8833333333333333,20.168211765471394,1.2452152860846852,20.20661591968328,-0.3029535672763652,-0.4308998248703483,-0.031178011610441154,0.9312100755684367,-7.508422138269373,71.99907310325413,-1.6335449156877047,0.06166320800820909,0.0658319477902346,0.09032650999660373,-4212.484179951629,-4864.675713436838,1594.2450556188996,0.4444444444444444,0.0,0.0537551924317951
0.9,20.17514935740709,1.2642471237570783,20.21472167465117,-0.31000640414875885,-0.4186176212171082,-0.02688447851062043,0.9474455421687812,-7.418962549649146,72.32586485039857,-1.715292046416855,0.0625817537125749,0.06324223616399147,0.09046607444106054,-4106.521525292459,-4869.605708638293,1593.8059820438596,0.4444444444444444,0.0,0.04635254915624212
0.9166666666666666,20.1825045983247,1.280632025032846,20.22309348850807,-0.31684171683366236,-0.4051124469098554,-0.022517256923919326,0.9633130731818265,-7.3165490426428645,72.65228694403977,-1.7990592743078875,0.06336762875106933,0.06052270430199881,0.09039581527887101,-3989.839587841183,-4870.186661675233,1593.3408297021808,0.4444444444444444,0.0,0.03882285676537815
0.9333333333333333,20.190321535151103,1.294171428385563,20.23175630979268,-0.32343843274446654,-0.3903182531647844,-0.01808831710114506,0.9786472188847397,-7.2003158613703935,72.97833931345303,-1.8848163669144085,0.06401103411788858,0.05767952045423441,0.09010176586913424,-3861.77108904926,-4866.069450198653,1592.8467576269168,0.4444444444444444,0.0,0.031186753622663897
0.95,20.198643036674635,1.3046582872438717,20.24073402249728,-0.32977435767208735,-0.37416700697032546,-0.013609798458500093,0.9932752735492323,-7.069320710070356,73.30402383732068,-1.9725294892926242,0.06450178103720591,0.05471874434460261,0.08956941570316104,-3721.644958780768,-4856.808542499999,1592.3209922429494,0.4444444444444444,0.0,0.023465169756034646
0.9666666666666667,20.207510233457477,1.3118776633688425,20.25004920583984,-0.33582615696163054,-0.35659006540516563,-0.009093976304285874,1.0070185088250518,-6.922543699142249,73.6293444716053,-2.0621609779065913,0.06482932641144652,0.05164624288176568,0.08878382532849415,-3568.800395846322,-4841.84444938999,1591.760861711609,0.4444444444444444,0.0,0.01567926949014806
0.9833333333333333,20.216961853859164,1.3156078581695696,20.259722866734236,-0.34156936360596385,-0.33751994098683896,-0.004553228193136149,1.0196938647409384,-6.758885704434078,73.95430738148185,-2.1536690954595197,0.06498283521336556,0.04846760807621921,0.08772979130122183,-3402.603560510296,-4820.482447212382,1591.1638367422747,0.4444444444444444,0.0,0.007850393436441637
1.0,20.227033444478014,1.3156222467763485,20.269774144283033,-0.3469784204738175,-0.31689252732573225,-1.0654427152581972e-17,1.0311161478237423,-6.577165917864431,74.27892107668023,-2.24700776592345,0.06495127779448455,0.04518808091900333,0.08639207336602688,-3222.467080909356,-4791.867084311117,1590.527578641689,0.4444444444444444,0.0,1.8369701987210297e-17
1.0166666666666666,20.237756465216528,1.3116920098536282,20.280219985841555,-0.35202676509227954,-0.29464985908712654,0.00455322819313609,1.0411007725338768,-6.376118510743343,74.60319654951422,-2.3421262886626537,0.0647235714875562,0.041812486105234074,0.0847556978540837,-3027.8725541700774,-4754.952168626383,1589.8499952738903,0.4444444444444444,0.0,-0.007850393436441535
1.0333333333333332,20.2491572528961,1.3035899855256987,20.291074794176815,-0.35668696665030875,-0.2707434813732149,0.009093976304285814,1.0494670640019645,-6.154388661735997,74.92714741479743,-2.43896903013671,0.0642887771275303,0.03834518368985835,0.08280635277403682,-2818.396226350676,-4708.4663551285485,1589.1293053994577,0.4444444444444444,0.0,-0.015679269490147956
1.05,20.261255853639845,1.2910958822072651,20.302350044852133,-0.36093092608649485,-0.24513849755422903,0.01360979845850007,1.0560421168479095,-5.910528826634632,75.25079005072581,-2.5374750913325452,0.06363636189791617,0.03479004496171618,0.08053089076681642,-2593.7380293482947,-4650.875262628369,1588.364111506189,0.4444444444444444,0.0,-0.023465169756034607
1.0666666666666667,20.274064734016545,1.2740030924759964,20.31405387210371,-0.3647301510931133,-0.2178183453648235,0.018088317101145036,1.060665176467149,-5.642997188934279,75.57414373956551,-2.6375779490032403,0.06275653973258802,0.031150460891289547,0.07791795519804555,-2353.7541078972527,-4580.342467176311,1587.5534806783896,0.4444444444444444,0.0,-0.03118675362266386
1.0833333333333333,20.287587395180083,1.2521273128585906,20.32619062010086,-0.3680561183003077,-0.1887903095570006,0.022517256923919267,1.063192475122881,-5.350161896344622,75.89723080649485,-2.7392050693038423,0.061640698610553,0.027429392264215334,0.07495874092061768,-2098.492835395874,-4494.6940177437045,1586.6970322155503,0.4444444444444444,0.0,-0.03882285676537805
1.1,20.301816933838875,1.2253170822039627,20.33876035472781,-0.3708807342973552,-0.15809170257386923,0.02688447851062045,1.0635024149282075,-5.030317111523944,76.2200767540153,-2.8422774939999003,0.06028191939226192,0.023629470787163463,0.0716478928401299,-1828.2340208670753,-4391.394579569202,1585.795029542972,0.4444444444444444,0.0,-0.04635254915624216
1.1166666666666667,20.316734619310996,1.1934661730424383,20.351758329385362,-0.3731769047490238,-0.1257965163961374,0.031178011610441137,1.0615009433644447,-4.681720116337177,76.54271038770001,-2.946709402777332,0.05867558195847711,0.01975315965370997,0.06798452997592232,-1543.530460802548,-4267.548074997138,1584.8484724173325,0.4444444444444444,0.0,-0.053755192431795065
1.1333333333333333,20.33230858662886,1.1565274735919575,20.36517439795384,-0.3749192156458616,-0.09202215291735799,0.035386087947594576,1.0571269163038821,-4.302662397219756,76.86516392635839,-3.0524076611945414,0.056820039783589384,0.01580297974044969,0.06397335757896001,-1245.2500982036959,-4119.941465428615,1583.859183533036,0.4444444444444444,0.0,-0.06101049646136997
1.15,20.34849277928983,1.1145275581463987,20.378992371230677,-0.3760847214677757,-0.05693556955628129,0.039497173477340525,1.0503571940082788,-3.891590788885353,77.18747308563808,-3.1592713734628233,0.054717322559099515,0.011781803074075926,0.05962579302834144,-934.6157603288672,-3945.155857819035,1582.8298814967247,0.4444444444444444,0.0,-0.06809857496093194
1.1666666666666667,20.365226306590678,1.06758056586014,20.393189323478936,-0.3766538206253909,-0.020757848262313798,0.043500000000000004,1.0412111766097791,-3.4472951986866587,77.50967711849877,-3.267191473248729,0.0523737984298843,0.007693207731775835,0.054960983177304516,-613.2377931070077,-3739.771592724358,1581.7642300401828,0.4444444444444444,0.0,-0.07500000000000001
1.1833333333333333,20.38243340059333,1.0158993631018718,20.407734877873473,-0.3766111785945585,0.016234126873000555,0.047383596046307354,1.029754467509942,-2.9691736395104247,77.83181878916122,-3.3760504039062806,0.049800696368569354,0.0035418774287999735,0.05000653755239005,-283.1331051117734,-3500.6885805420234,1580.6668517970245,0.4444444444444444,0.0,-0.08169585525225406
1.2,20.40002415403529,0.9598014268004427,20.422590537542277,-0.3759466350318817,0.05371038534013032,0.05113731694944515,1.0161013593645185,-2.4575690596288675,78.15394425018684,-3.485721959956903,0.04701436378250652,-0.0006659849515412222,0.04479875818545354,53.27735299910841,-3225.56393738014,1579.5432947333315,0.4444444444444444,0.0,-0.08816778784387096
1.2166666666666666,20.41789617881914,0.8997067448276537,20.43770918169954,-0.3746560070627464,0.09129633986390225,0.05475087402133584,1.0004158541037658,-1.914143422890283,78.47610278760163,-3.5960713793572006,0.04403612875307629,-0.004922275782422075,0.03938213790244829,393.2010583593153,-2913.332025968389,1578.3999413027452,0.4444444444444444,0.0,-0.0943980586574756
1.2333333333333334,20.43593723492732,0.8361256243324582,20.45303490266308,-0.3727416844368936,0.12858770578438178,0.05821436275322066,0.9829109238693128,-1.342216680783714,78.79834639991665,-3.7069557830819626,0.04089166678753666,-0.009216699120742647,0.03380795472808286,733.5431261102676,-2564.7214334407627,1577.2438553543664,0.4444444444444444,0.0,-0.10036959095382873
1.25,20.45402874377601,0.7696358430371699,20.468503393802457,-0.3702129130193277,0.1651713130158003,0.061518289963229625,0.9638456685032657,-0.746966211618362,79.12072918722586,-3.818225045197768,0.03760984864965419,-0.013536626245493427,0.028131930732298645,1071.0147169936085,-2182.637078412581,1576.0825698770573,0.4444444444444444,0.0,-0.10606601717798211
1.2666666666666666,20.47204994009391,0.7008509114320622,20.484043076252163,-0.36708568905403344,0.20064963483165313,0.06465359981653326,0.9435199593215067,-0.1353791336376311,79.4433065482532,-3.92972313601351,0.034221160369001496,-0.01786715536813019,0.02241113661947492,1402.2760669553445,-1772.2634236852075,1574.9238287574285,0.4444444444444444,0.0,-0.1114717238216091
1.2833333333333332,20.489882274524092,0.6303836610867366,20.49957704890571,-0.36338223845952344,0.23466543081681468,0.06761169864675644,0.9222662013811704,0.4841053747073216,79.76613421412976,-4.041289914689637,0.030755905511522685,-0.0221913911818264,0.016700548608015932,1724.1011859535042,-1340.7927409824556,1573.7753054402694,0.4444444444444444,0.0,-0.11657189421854558
1.3,20.507413604876845,0.5588109333975919,20.515025771876882,-0.35913012262286054,0.26692235740982956,0.07038447851062041,0.9004381566643798,1.1022382480509423,80.08926718052274,-4.152763269654938,0.027242474178518022,-0.026490922266212268,0.011049808006188112,2033.5441896122556,-896.7881201154207,1572.6443275212516,0.4444444444444444,0.0,-0.12135254915624209
1.3166666666666667,20.524541740965695,0.4866450190594608,20.53031020348252,-0.35436107510994086,0.2971981497469518,0.0729643394112519,0.8783973917294478,1.7097653349304816,80.41275862405323,-4.263981438402038,0.02370595462967514,-0.030746433044327538,0.005500717775619935,2328.0844014044023,-449.311941153183,1571.5376363018465,0.4444444444444444,0.0,-0.1258005851918136
1.3333333333333333,20.541177033465473,0.4143156496704765,20.545354983006042,-0.34910971210862435,0.32534881759411294,0.07534421012924614,0.8564986492908058,2.2982177582030356,80.73665889588709,-4.374785305133977,0.02016727072082493,-0.03493836098580574,8.582569052102789e-05,2605.73048998375,-7.025403680741356,1570.4612037122636,0.4444444444444444,0.0,-0.12990381056766576
1.35,20.557243880229386,0.3421635643382661,20.560091241431522,-0.34341226255647433,0.3513044673510266,0.077517567604388,0.8350759295828191,2.8605250535654605,81.061014672422,-4.485020485659926,0.016642891151284825,-0.03904750845372966,-0.005171834181337653,2865.072239843332,422.543989915888,1569.4201178481937,0.4444444444444444,0.0,-0.13365097862825517
1.3666666666666667,20.572681204993426,0.2704441067912428,20.574458728656456,-0.33730543541969105,0.37505900757316174,0.07947845481490627,0.8144310228778835,3.391359445927642,81.3858683151325,-4.5945390572830105,0.0131450308820953,-0.04305554058404153,-0.010258026430213086,3105.2791439059774,833.4495460715324,1568.4185363414767,0.4444444444444444,0.0,-0.13703181864639014
1.3833333333333333,20.587442094852495,0.19933777667472133,20.58840711561033,-0.3308254957846073,0.3966566498880674,0.08122149710525653,0.7948256666384246,3.887206662209877,81.71125745840897,-4.703200858469519,0.009682191053936735,-0.04694533517410811,-0.015165959576013044,3326.054273751841,1221.4711868179184,1567.45969732999,0.4444444444444444,0.0,-0.14003706397458024
1.4,20.601492844129645,0.12896434076947783,20.601896495417964,-0.3240075747351603,0.41617784767755805,0.08274191691767835,0.7764776801952512,4.346223006637188,82.03721481485611,-4.810874348226725,0.006259869476938072,-0.05070118444405667,-0.01989464783124002,3527.557375196071,1584.0207420460238,1566.5459727053712,0.4444444444444444,0.0,-0.142658477444273
1.4166666666666667,20.614811650911705,0.05939767003844133,20.614897222294633,-0.31688520186826463,0.4337265214307783,0.08403554688714894,0.7595606876012856,4.767964337694195,82.3637681674741,-4.917437064264253,0.0028813023700114617,-0.05430887236220277,-0.024447276839522632,3710.312330051197,1919.8996583263074,1565.6789475015798,0.4444444444444444,0.0,-0.14488887394336025
1.4333333333333333,20.627387171346495,-0.009320596400786564,20.62738927712732,-0.3094900278698839,0.4494195315634469,0.08509884126384108,0.744206581668869,5.153066475174368,82.69094050850819,-5.022775747323584,-0.00045185537504211306,-0.057755662131039685,-0.02882975579651263,3875.1120472857865,2228.9966578861086,1564.8595114363322,0.4444444444444444,0.0,-0.14672214011007084
1.45,20.639217079886226,-0.07716954684059268,20.639361346941598,-0.3018516963207457,0.4633786487840778,0.08592888563177696,0.7305097407484189,5.502934178132226,83.01875028357928,-5.126786208817839,-0.003738959037847452,-0.06103022864252157,-0.033049539838703304,4022.9301333051008,2511.98834362802,1564.0879521403342,0.4444444444444444,0.0,-0.14815325108927063
1.4666666666666666,20.65030672842087,-0.14413994913450454,20.650809773536743,-0.29399782472679176,0.47572482790901516,0.08652340489703977,0.7185321004645849,5.8194709981901624,83.34721170392373,-5.229373015745314,-0.006979925781262807,-0.06412256458048204,-0.03711473536041021,4154.844773528863,2770.0782487157676,1563.3640432561824,0.4444444444444444,0.0,-0.149178284305241
1.4833333333333334,20.660667952635063,-0.21022752926005558,20.66173748412994,-0.2859540604436865,0.48657438328167635,0.08688076952364793,0.7083083896311582,6.10486255832381,83.67633509632567,-5.330449056578439,-0.010174902129769023,-0.06702388044039374,-0.04103345972618152,4271.977002032119,3004.7880967122137,1562.6871236532638,0.4444444444444444,0.0,-0.14979443021318609
1.5,20.670318042360023,-0.2754282349366955,20.67215297652653,-0.2777441845122878,0.49603661729303705,0.087,0.6998510698846168,6.3614131612698115,84.00612726758948,-5.429935038997954,-0.01332402990971747,-0.0697265107503915,-0.04481340924243888,4375.4432595266035,3217.8013321571675,1562.0561662422976,0.4444444444444444,0.0,-0.15
1.5166666666666666,20.679278872870892,-0.3397350772148986,20.68206939899039,-0.26939024354386387,0.5042124946514962,0.08688076952364793,0.6931547186054972,6.591429104397591,84.3365918670133,-5.527758957761344,-0.016427290280236685,-0.07222383249255274,-0.048461586625352555,4466.320797617414,3410.852087352932,1561.4698363223094,0.4444444444444444,0.0,-0.14979443021318609
1.5333333333333332,20.687576183244733,-0.40313615991702373,20.691503741898202,-0.260912695806739,0.5111940314058081,0.08652340489703977,0.688199744215381,6.797139729371038,84.66772973578486,-5.623855560081567,-0.019484406449390073,-0.07451019741900106,-0.051984144338127626,4545.623869264702,3585.6504146425063,1560.926540217426,0.4444444444444444,0.0,-0.149178284305241
1.55,20.69523898319424,-0.46561356197674303,20.70047614333108,-0.25233056233067425,0.5170641485167938,0.08592888563177697,0.6849554221323576,6.980647276941559,84.99953923643913,-5.7181658271243725,-0.022494788478201588,-0.07658087738158824,-0.05538630824699253,4614.288511419274,3743.834807324305,1560.42446534737,0.4444444444444444,0.0,-0.14815325108927066
1.5666666666666667,20.702299068880436,-0.5271428040524725,20.709009302070246,-0.24366157725709825,0.5218968104471984,0.08509884126384108,0.6833822978960696,7.1438977780005475,85.33201655861563,-5.810636483560703,-0.025457506900912745,-0.07843202050687523,-0.058672354347325775,4673.163872270054,3886.944350962293,1559.9616129843735,0.4444444444444444,0.0,-0.14672214011007084
1.5833333333333333,20.70879062938608,-0.5876926940632037,20.717127987112594,-0.23492233404976656,0.5257573250941358,0.08403554688714894,0.6834340327197266,7.288666725219494,85.66515599953213,-5.9012195422449825,-0.028371285041470466,-0.08006061561449776,-0.0618456185813679,4723.0083159411315,4016.404469704777,1559.5358248999237,0.4444444444444444,0.0,-0.14488887394336025
1.6,20.714749927680362,-0.647225400390441,20.72485863124871,-0.22612842578957867,0.5287027227616515,0.08274191691767836,0.6850587761936814,7.416554738047974,85.99895021906262,-5.989871887671099,-0.031234502589709105,-0.08146446234659648,-0.06490852560431101,4764.488858585466,4133.521753345528,1559.1448049777619,0.4444444444444444,0.0,-0.14265847744427304
1.6166666666666667,20.720215042344762,-0.7056966448184983,20.732228996311957,-0.21729457882716174,0.5307821611432719,0.08122149710525654,0.6882001488506588,7.5289896895632875,86.33339047025498,-6.076554899542185,-0.034045205143530786,-0.08264214480018318,-0.06786262678703078,4798.182799065341,4239.484613192403,1558.7861367149417,0.4444444444444444,0.0,-0.14003706397458027
1.6333333333333333,20.72522565868179,-0.7630559404878718,20.739267898640875,-0.20843477972960914,0.5320373232862121,0.07947845481490629,0.6927979092216316,7.627232763905636,86.6684668066981,-6.161234116287347,-0.03680111606135653,-0.08359300687294931,-0.07070864098098245,4824.580679592033,4335.367491457232,1558.4572973788365,0.4444444444444444,0.0,-0.13703181864639016
1.65,20.72982289990841,-0.8192468247476651,20.746004984609115,-0.1995623958606279,0.5325027888011582,0.07751756760438801,0.6987883693564741,7.71238667449403,87.00416826846362,-6.2438789374374855,-0.03949964818067542,-0.08431712795241696,-0.07344649386726827,4844.089938327291,4422.137070643475,1558.155669449419,0.4444444444444444,0.0,-0.1336509786282552
1.6666666666666667,20.73404919087472,-0.8742070545412991,20.752470547475124,-0.19069029016595512,0.5322063672175762,0.07534421012924615,0.7061046116575816,7.785404835070817,87.34048304848827,-6.3244623632585375,-0.042137913830635,-0.08481529795011479,-0.07607535330274402,4857.038797744642,4500.659445637933,1557.878549858712,0.4444444444444444,0.0,-0.12990381056766578
1.6833333333333333,20.737948148139985,-0.9278687444418419,20.7586953781266,-0.1818309308591138,0.5311693879008059,0.07296433941125191,0.7146765494482483,7.847100680835699,87.67739864128951,-6.402960769804599,-0.04471273217908714,-0.08508899098675964,-0.07859365915584705,4863.680074654142,4571.707581197066,1557.6231574443743,0.4444444444444444,0.0,-0.12580058519181364
1.7,20.741564491307308,-0.9801584360150748,20.764710643463147,-0.17299649675634993,0.529406944443873,0.07038447851062044,0.7244308645532306,7.89815662411238,88.01490197586202,-6.479353717502632,-0.04722063337427281,-0.08514033726790718,-0.08099914684481084,4864.194706967812,4635.968623156305,1557.3866389606076,0.4444444444444444,0.0,-0.12135254915624213
1.7166666666666666,20.744943971301847,-1.0309970929075227,20.7705477871441,-0.1641989790191588,0.5269280936890672,0.0676116986467565,0.7352908475409567,7.939132329727255,88.35297953451416,-6.553623791448533,-0.04965785922181421,-0.08497209285749262,-0.08328886426423589,4858.694875374986,4694.050795774158,1557.1660739347801,0.4444444444444444,0.0,-0.11657189421854569
1.7333333333333334,20.74813331181377,-1.0803000197706791,20.776238448225243,-0.15545028004331618,0.5237360110445624,0.06465359981653326,0.7471761602090555,7.9704721340480935,88.69161745929284,-6.6257564717350075,-0.05202036032026806,-0.0845876071681711,-0.0854591820954032,4847.226661319156,4746.489724549357,1556.9584786198277,0.4444444444444444,0.0,-0.1114717238216091
1.75,20.751180160450257,-1.127976705482794,20.781814393829432,-0.1467623101930504,0.5198281048943116,0.061518289963229646,0.760002535339833,7.9925115267443445,89.03080164752168,-6.695740032312531,-0.05430378969476537,-0.08399078805244942,-0.08750579770119041,4829.772231312541,4793.754091146284,1556.760809268381,0.4444444444444444,0.0,-0.10606601717798216
1.7666666666666666,20.754133046278508,-1.1739305926062227,20.78730746246099,-0.13814708302154274,0.5151960938972157,0.05821436275322071,0.7736814256305405,8.005482679137597,89.37051783785324,-6.7635654670833665,-0.05650349304228962,-0.08318606440692468,-0.08942373295143935,4806.25157601448,4836.250566982733,1556.5699649427704,0.4444444444444444,0.0,-0.10036959095382882
1.7833333333333332,20.757041340415025,-1.2180587760019983,20.792749514902876,-0.12961680954471383,0.5098260520031953,0.05475087402133589,0.7881196119352788,8.00951904701122,89.71075168811146,-6.829226442129518,-0.058614495752523,-0.08217834620225847,-0.09120732644115269,4776.523864048119,4874.327992918698,1556.382790074092,0.4444444444444444,0.0,-0.09439805865747568
1.8,20.75995521613943,-1.2602516343202852,20.79817238985007,-0.12118399204233844,0.503698427202508,0.05113731694944518,0.8032187804769317,8.00465910551289,90.05148884608191,-6.89271927316805,-0.060631486909805694,-0.08097298183160906,-0.09285022067638948,4740.38849783363,4908.2807798430895,1556.1960769924287,0.4444444444444444,0.0,-0.088167787843871
1.8166666666666667,20.76292560469279,-1.3003923989574036,20.803607861553093,-0.11286151774528999,0.496788041465838,0.04738359604630735,0.8188750794511864,7.990849293650038,90.39271501429155,-6.954042927503714,-0.06254880052723187,-0.07957571263731619,-0.09434534493091053,4697.585983649841,4938.3515022481015,1556.0065686683574,0.4444444444444444,0.0,-0.08169585525225405
1.8333333333333333,20.76600414246425,-1.3383566662598494,20.809087596792047,-0.10466275262510621,0.48906408110574545,0.04350000000000004,0.8349786674140345,7.967946258453875,90.73441600970996,-7.013199049904421,-0.06436039432486101,-0.07799262443674362,-0.09568489463769446,4647.798751931095,4964.7326460781715,1555.8109619328525,0.4444444444444444,0.0,-0.07500000000000007
1.8499999999999999,20.769243104676026,-1.3740118605084946,20.81464310849337,-0.09660163532583842,0.48049008896568196,0.03949717347734058,0.8514132689796673,7.935718495397398,91.07657781919639,-7.070192011956669,-0.06605982645209524,-0.07623009583085469,-0.09686030838974677,4590.652087113716,4987.567454095539,1555.6059114784628,0.4444444444444444,0.0,-0.06809857496093204
1.8666666666666667,20.772695319942525,-1.4072166577995184,20.82030570325879,-0.08869277106092376,0.4710239724878338,0.03538608794759461,0.868055757596064,7.893847482183967,91.41918665141117,-7.125028984564106,-0.06764023068205977,-0.07429474305196128,-0.09786224390096854,4525.715349298869,5006.949786696049,1555.3880349893839,0.4444444444444444,0.0,-0.06101049646137002
1.8833333333333333,20.77641405920192,-1.4378203846598796,20.82610642001876,-0.0809515250311381,0.46061804489204095,0.031178011610441165,0.8847757904045411,7.841928396700621,91.76222898580342,-7.177720033333913,-0.06909429078770035,-0.07219336110047787,-0.09868055463864583,4452.503692278634,5022.922882788609,1555.1539198019943,0.4444444444444444,0.0,-0.053755192431795114
1.9,20.780452891493585,-1.4656624104571043,20.832075956971043,-0.07339411459396053,0.44921912048443885,0.026884478510620445,0.9014355262507686,7.779470495092231,92.10569161917809,-7.228278236655362,-0.07041421506215532,-0.06993286094704333,-0.09930426930534784,4370.480503421428,5035.476862638662,1554.9001315608,0.4444444444444444,0.0,-0.04635254915624215
1.9166666666666667,20.784865497884784,-1.4905715598180231,20.838244583939876,-0.06603769901910729,0.43676868958303333,0.022517256923919298,0.9178894645283489,7.70589720032014,92.44956171022987,-7.276719826319042,-0.07159171228977101,-0.06752020265129365,-0.09972157694419165,4279.060809698037,5044.544760537523,1554.6232254075824,0.4444444444444444,0.0,-0.038822856765378104
1.9333333333333333,20.789705433541357,-1.5123655808706529,20.84464203731072,-0.058900465187375656,0.4232032037879809,0.018088317101145106,0.9339844493209268,7.620545912732761,92.79382682230957,-7.323064350563238,-0.0726179709324732,-0.06496232438992768,-0.09991982119643465,4177.615909990637,5049.996807438525,1554.3197603235294,0.4444444444444444,0.0,-0.03118675362266398
1.95,20.795025826512223,-1.5308507177642434,20.851297394775933,-0.05200170701637973,0.40845450844725834,0.013609798458500104,0.9495598897668616,7.522667499859711,93.13847496455485,-7.367334859480258,-0.07348364389638518,-0.06226606761513098,-0.09988550818819535,4065.4795064140553,5051.6325997809345,1553.986317334202,0.4444444444444444,0.0,-0.023465169756034663
1.9666666666666666,20.80087900029817,-1.5458214522811913,20.85823892727711,-0.04536189571123932,0.39245046631187525,0.009093976304285923,0.9644482530977321,7.4114253516512365,93.4834946313728,-7.40955811278886,-0.07417884201634146,-0.05943809890243322,-0.09960433370320487,3941.9556171491267,5049.170688480893,1553.6195223829795,0.4444444444444444,0.0,-0.015679269490148143
1.9833333333333334,20.80731600577998,-1.5570605001666604,20.865493925751363,-0.039002737122134014,0.37511582470751986,0.004553228193136083,0.9784758907202222,7.285893800771593,93.82887484010185,-7.449764810103764,-0.07469314037437055,-0.0564848295178973,-0.09906123675507396,3806.3285618974546,5042.235000883486,1553.2160747758953,0.4444444444444444,0.0,-0.007850393436441522
2.0,20.814386046717573,-1.5643391738115824,20.87308850056725,-0.03294721152213064,0.3563733882585393,2.1308854305163945e-17,0.9914642593163814,7.145055610445851,94.17460516650584,-7.487989844037931,-0.07501560278525159,-0.05341233436041065,-0.09824048845195547,3657.87532160345,5030.337371317019,1552.7727821921696,0.4444444444444444,0.0,-3.6739403974420595e-17
2.0166666666666666,20.822135782007543,-1.5674182547829414,20.88104735184003,-0.027219589973137146,0.33614557044457716,-0.0045532281931360405,1.0032315975548856,6.987798136773019,94.5206757775623,-7.524272576788494,-0.0751348312657154,-0.05022627273478189,-0.09712582719038197,3495.880590923251,5012.85531315567,1552.2866033284104,0.4444444444444444,0.0,0.00785039343644145
2.033333333333333,20.830608487515313,-1.5660495577643745,20.88939350908779,-0.021845420099087062,0.3143564100681996,-0.009093976304285803,1.0135951140235782,6.81290770167618,94.86707746079799,-7.558657141311585,-0.07503904906714642,-0.046931814398655396,-0.0957006537461241,3319.65486986401,4989.004041448865,1551.7546992821794,0.4444444444444444,0.0,0.01567926949014794
2.05,20.839843061045247,-1.559978411466592,20.898148038839174,-0.016851472510488266,0.29093415270728845,-0.013609798458499986,1.0223737328410871,6.619061708375694,95.21380164919972,-7.591192768802714,-0.07471622787666872,-0.04353357550544351,-0.09394830272369692,3128.555983416482,4957.801699998177,1551.1744947551401,0.4444444444444444,0.0,0.023465169756034458
2.0666666666666664,20.849872856540077,-1.548947330424229,20.907329718697103,-0.012265637313795692,0.26581451125515576,-0.018088317101144988,1.0293914294395987,6.404818164359161,95.56084044048276,-7.62193414496172,-0.0741542719985573,-0.04003557042831085,-0.09185240995973222,2922.01447341619,4918.026853404828,1550.5437500281666,0.4444444444444444,0.0,0.031186753622663776
2.0833333333333335,20.86072433882081,-1.5327012003675704,20.916954675809745,-0.008116758117455738,0.23894473100083968,-0.02251725692391933,1.034481169289895,6.168602664127742,95.90818660923225,-7.650941798380525,-0.07334127452397939,-0.03644118696906229,-0.08939739853864145,2699.5633640772758,4868.167736807409,1549.8606443763686,0.4444444444444444,0.0,0.03882285676537816
2.1,20.87241555929042,-1.5109943409226194,20.927035986446075,-0.004434388810377404,0.21028858793202237,-0.0268844785106204,1.0374894353269042,5.9086937111111695,96.25583361013825,-7.678282525208823,-0.07226586229129482,-0.032753194070906336,-0.08656910842935832,2460.8728340612215,4806.36378516304,1549.1238710784137,0.4444444444444444,0.0,0.046352549156242075
2.1166666666666667,20.884954467523887,-1.483599827702843,20.937583231101573,-0.0012484563686293363,0.1798324341848901,-0.031178011610441123,1.0382812931895657,5.623208804484259,96.60377557021286,-7.704029854744211,-0.0709176471138842,-0.028973792749423435,-0.08335559519486546,2205.7902819628976,4730.34201024807,1548.3327433404959,0.4444444444444444,0.0,0.053755192431795044
2.1333333333333333,20.898337095264207,-1.4503214256522574,20.94860199595672,0.0014111884971678987,0.1475923553821007,-0.03538608794759457,1.036745894176326,5.310096366708187,96.95200726749312,-7.728264560246229,-0.06928779908662402,-0.025104722314809633,-0.07974811971543705,1934.3860658494816,4637.354449132582,1547.487309193033,0.4444444444444444,0.0,0.061010496461369954
2.15,20.91254567971119,-1.411008366068146,20.960093306450748,0.0035153510865653607,0.11362239600000935,-0.039497173477340546,1.032802251640434,4.967142786027912,97.30052409328313,-7.75107521723297,-0.06736975185467009,-0.021147434690368602,-0.07574234017087152,1647.0047130531425,4524.128882892289,1546.5884716173894,0.4444444444444444,0.0,0.06809857496093198
2.1666666666666665,20.927546833195727,-1.3655729328592758,20.972052972719634,0.005036218395667468,0.07802360720703704,-0.04349999999999993,1.0264050481719182,4.592009909392498,97.6493219944602,-7.772558806468103,-0.06516003680541956,-0.017103349071814676,-0.07133969503181277,1344.3204862233304,4386.85389555629,1545.638107736953,0.4444444444444444,0.0,0.07499999999999989
2.183333333333333,20.943289915774937,-1.3140103379839814,20.984470821646394,0.005948238943995818,0.040953339828643645,-0.04738359604630731,1.0175501464710173,4.182325949803332,97.99839739178475,-7.792821348957428,-0.06265921990061699,-0.012974196269854334,-0.06654892586405804,1027.3947030255797,4221.230906335378,1544.6391778648454,0.4444444444444444,0.0,0.081695855252254
2.2,20.959705821964235,-1.2564195983961974,20.997329790964265,0.00622915047822767,0.0026337200502960702,-0.0511373169494452,1.0062794061650417,3.735860143229503,98.34774706960009,-7.811978543386901,-0.059872878397157096,-0.008762455361131703,-0.061387626327175406,697.7300409585553,4022.6378227743235,1543.5958117284852,0.4444444444444444,0.0,0.08816778784387104
2.216666666666667,20.976706443038513,-1.1930230727872986,21.01060487586248,0.005861125342880561,-0.03664236613195475,-0.054750874021335855,0.992684383505808,3.250813960307897,98.69736803200698,-7.830156350752607,-0.056812504948909534,-0.004471873031829332,-0.0558836184981033,357.31428096671567,3786.4553591113167,1542.5133558056064,0.4444444444444444,0.0,0.09439805865747562
2.2333333333333334,20.994185094546886,-1.124181117589689,21.024261960155457,0.004831968969372586,-0.07651005959532942,-0.05821436275322068,0.976908541902748,2.726250915007107,99.04725732098102,-7.8474914365821,-0.05349617043708701,-0.00010803696563190662,-0.05007586099376283,8.642951106452156,3508.596626059139,1541.3983633990615,0.4444444444444444,0.0,0.10036959095382876
2.25,21.0120181795435,-1.0503973655847005,21.038256643626482,0.0031362651026341955,-0.11653867526877132,-0.06151828996322961,0.9591477286819203,2.1626526549676006,99.39741179362989,-7.864131342673478,-0.049948732875693486,0.004321050633173819,-0.044014517013567366,-345.29196219957157,3186.238887519542,1540.2585093667597,0.4444444444444444,0.0,0.1060660171779821
2.2666666666666666,21.030068263866866,-0.9723100755227456,21.052533293308514,0.0007763213992365546,-0.15624737778166026,-0.06465359981653325,0.9396488094682514,1.5625258558397332,99.74782785963082,-7.8802342292721566,-0.04620137911056541,0.008804480414079434,-0.03775980948762422,-701.0601684826961,2818.6749302417365,1539.1024161101739,0.4444444444444444,0.0,0.11147172382160905
2.283333333333333,21.04818855446574,-0.8906665797695925,21.067024668440034,-0.0022372525103825083,-0.19513100029244626,-0.06761169864675644,0.9187063624611304,0.9309054383563824,100.09850118631225,-7.8959680239828955,-0.04229036317763824,0.013328124532320546,-0.031379428692474225,-1054.9071621440385,2408.0949799538525,1537.9393878470614,0.4444444444444444,0.0,0.11657189421854558
2.3,21.066228510907482,-0.8062813669926789,21.081652528123378,-0.005885485856070523,-0.23269393752530915,-0.07038447851062037,0.8966571226027914,0.275545829067231,100.44942638734508,-7.911508856153537,-0.038254973479976986,0.01787460490083559,-0.02494456493804887,-1402.9243417642624,1960.0301971012977,1536.7790659831478,0.4444444444444444,0.0,0.12135254915624201
2.3166666666666664,21.08404004587541,-0.7199830325337638,21.096329543861756,-0.010141591234833922,-0.2684869965170095,-0.07296433941125184,0.8738715484084578,-0.3933798277789107,100.80059671957042,-7.927038754648129,-0.034134984022080275,0.02242360445765939,-0.018525055880542807,-1741.2620169655006,1483.2098189591352,1535.6310363387522,0.4444444444444444,0.0,0.12580058519181353
2.3333333333333335,21.10148358093564,-0.6325593133238004,21.110962569275923,-0.0149720894445691,-0.3021401251617929,-0.07534421012924616,0.850741860982642,-1.0641144462874257,101.15200381781587,-7.942742727380864,-0.02996803215193182,0.026952517679500777,-0.012184498263800818,-2066.3584052386864,988.7465189952223,1534.504433165121,0.4444444444444444,0.0,0.1299038105676658
2.35,21.118433209265053,-0.5447105603464991,21.125456937276933,-0.020338374396287797,-0.3333843825349394,-0.077517567604388,0.8276665767562231,-1.724526929119616,101.5036374965273,-7.95880547945409,-0.025787415529040795,0.03143735615141149,-0.005976277438761083,-2375.1492390319936,488.814142975815,1533.4075890228505,0.4444444444444444,0.0,0.13365097862825517
2.3666666666666667,21.134780402251117,-0.45701943715285637,21.139721129128297,-0.026198495675320562,-0.36205949556377476,-0.07947845481490627,0.8050328393526384,-2.363386416858451,101.85548563874919,-7.975408110225928,-0.021620675230273258,0.035853763173752023,5.877710227861795e-05,-2665.2241831478377,-4.819669434816864,1532.3477707579732,0.4444444444444444,0.0,0.13703181864639014
2.3833333333333333,21.150436016855604,-0.3699395886746377,21.153671052618066,-0.032508918461219075,-0.3881074947454264,-0.08122149710525652,0.7831990484982516,-2.971379483045289,102.20753417969937,-7.992725125542031,-0.017489089587496925,0.040177974826195645,0.005892890632947015,-2934.908307983108,-482.0157071977283,1531.331022783777,0.4444444444444444,0.0,0.1400370639745802
2.4,21.165330694782217,-0.2838009649129464,21.167233319618692,-0.03922606589803353,-0.41155628329972144,-0.08274191691767835,0.7624805856984262,-3.541676402053353,102.55976717829995,-8.010922016639764,-0.013407962397315808,0.04438759800942768,0.011510271463658503,-3183.2646215668524,-934.9940238003724,1530.362116889047,0.4444444444444444,0.0,0.142658477444273
2.4166666666666665,21.179413985094232,-0.19882641306881868,21.180347227903017,-0.04630753023601851,-0.4324983512571062,-0.08403554688714891,0.7431406352013578,-4.070029204728389,102.91216695966166,-8.030153531012012,-0.009387444464105473,0.04846213931076687,0.016905039170433397,-3410.030057236395,-1358.5363528000305,1529.4445903705664,0.4444444444444444,0.0,0.1448888739433602
2.433333333333333,21.19265262347666,-0.11515357720364751,21.19296547361164,-0.053712921910050664,-0.4510692687400456,-0.08509884126384107,0.7253866874925402,-4.554515265704086,103.2647143066437,-8.050562638731233,-0.005433602200786057,0.05238328330196724,0.022078763777896117,-3615.5070694981687,-1749.7812243743508,1528.5808454898852,0.4444444444444444,0.0,0.14672214011007081
2.45,21.20502838214514,-0.03285732265040934,21.20505383844221,-0.06140438679413882,-0.4674289820464603,-0.08592888563177697,0.7093720132797721,-4.995087103315158,103.61738867880466,-8.0722801107761,-0.0015495049458003922,0.0561349639243078,0.027038088257377448,-3800.4348404535313,-2107.791601178269,1527.772282796774,0.4444444444444444,0.0,0.14815325108927066
2.466666666666667,21.216535815222965,0.04803027963084722,21.216590180950384,-0.06934685418617552,-0.48174723910347944,-0.08652340489703977,0.6952006570042613,-5.39306921859682,103.9701684405356,-8.095424582019392,0.002263809605868285,0.059703291688586374,0.0317927073386041,-3965.860098933973,-2433.0539735905186,1527.0194457846817,0.4444444444444444,0.0,0.149178284305241
2.4833333333333334,21.2271801152055,0.12750372826235273,21.227563045344997,-0.07750808643813208,-0.49419322605278665,-0.08688076952364793,0.6829343609416171,-5.750694056959001,104.32303108496298,-8.120102963168359,0.0060065535873198754,0.06307639779436605,0.036353802093418694,-4113.020950717539,-2727.012580807635,1526.3221612762684,0.4444444444444444,0.0,0.14979443021318609
2.5,21.23697519910337,0.20557181254119294,21.23797013317052,-0.08585859472452985,-0.5049288176988971,-0.087,0.6726000889865807,-6.0707212481582795,104.67595344491147,-8.146411079670141,0.009679598447949552,0.06624424343323698,0.040732916375458825,-4243.250581484538,-2991.6880563090594,1525.679666486316,0.4444444444444444,0.0,0.15
2.5166666666666666,21.2459420712437,0.28224884787788856,21.247816803304087,-0.09437147255983179,-0.5141046085601534,-0.08688076952364793,0.6641972304920005,-6.35615036112765,105.02891188609277,-8.174434439148934,0.013284054163637097,0.06919842666906068,0.044941205272513156,-4357.9026508830975,-3229.391763106232,1525.0907187465255,0.4444444444444444,0.0,0.14979443021318609
2.533333333333333,21.254107464073936,0.3575487521980598,21.257114696134135,-0.10302218482518097,-0.5218579174690177,-0.08652340489703977,0.6577039608827246,-6.610018666111148,105.38188248053108,-8.204249054030663,0.016820985303219363,0.07193200524603774,0.04898896960543154,-4458.296995443393,-3442.5265168484,1524.5536872050818,0.4444444444444444,0.0,0.149178284305241
2.55,21.26150273338863,0.43148127020954063,21.26588052652497,-0.11178833801450504,-0.5283121004259581,-0.08592888563177699,0.6530825403369636,-6.835267846262379,105.73484116013755,-8.235922268248556,0.02029123037474959,0.07443934333708685,0.052885396135584156,-4545.682635744066,-3633.4564716899076,1524.0666277111477,0.4444444444444444,0.0,0.1481532510892707
2.5666666666666664,21.26816297366486,0.5040497387738248,21.27413505676616,-0.12064944807481448,-0.5335766738150021,-0.0850988412638411,0.6502835312863541,-7.034662615178008,106.08776385150568,-8.269513554685924,0.023695295174266624,0.0767159836439427,0.056638437648710856,-4621.21456523657,-3804.4282377317563,1523.6273429772154,0.4444444444444444,0.0,0.14672214011007087
2.5833333333333335,21.27412631706068,0.5752499077228689,21.281902241354953,-0.12958671551985365,-0.5377478997203485,-0.08403554688714894,0.649249027231181,-7.210746296295072,106.44062659363055,-8.305075263243985,0.027033296766812247,0.07875854262584259,0.06025478310636061,-4685.940934640791,-3957.527834174506,1523.233430360878,0.4444444444444444,0.0,0.14488887394336025
2.6,21.279433382078636,0.6450694493804058,21.289208525843478,-0.13858281296398978,-0.5409096023652811,-0.08274191691767836,0.6499150352656757,-7.3658215084660865,106.79340564053564,-8.342653308768085,0.03030494048993061,0.08056462503363761,0.06373988220348356,-4740.797700896237,-4094.6615363762876,1522.8823195062016,0.4444444444444444,0.0,0.14265847744427304
2.6166666666666667,21.28412684234239,0.7134878913079128,21.296082278484057,-0.14762168730227423,-0.5431340695866674,-0.08122149710525654,0.6522131661528077,-7.501947125039236,107.1460775508556,-8.382287794369395,0.033509517256390384,0.0821327535641216,0.0670979998616229,-4786.608368610235,-4217.551930727921,1522.571301820692,0.4444444444444444,0.0,0.14003706397458027
2.6333333333333333,21.288251090881154,0.7804767865240457,21.302553333408312,-0.15668837696809296,-0.5444829513993189,-0.07947845481490626,0.6560717761522609,-7.6209452111813105,107.49861926636203,-8.424013569737077,0.036645912270166635,0.08346230974866713,0.0703322844705775,-4824.086995575985,-4327.743140969698,1522.2975534482684,0.4444444444444444,0.0,0.1370318186463901
2.65,21.29185197998536,0.845999995147492,21.308652625855913,-0.16576884365659608,-0.5450081058569392,-0.07751756760438805,0.6614166855169712,-7.724413605769988,107.85100818129608,-8.467860726504263,0.03971261913715361,0.08455348277801979,0.07344483955182671,-4853.843106975953,-4426.6111788209855,1522.0581530914312,0.4444444444444444,0.0,0.13365097862825526
2.6666666666666665,21.294976620745796,0.9100139945412644,21.314411902475072,-0.17484981734092128,-0.5447523665478539,-0.07534421012924619,0.6681715764519816,-7.8137412546838565,108.20322220421971,-8.51385503411141,0.04270775541991419,0.08540722362299252,0.07643679252520727,-4876.3875480271345,-4515.376790180832,1521.8500957647009,0.4444444444444444,0.0,0.12990381056766587
2.683333333333333,21.297673229721592,0.9724681653176831,21.319863492352763,-0.18391865314551736,-0.5437502207950632,-0.07296433941125191,0.6762581520517378,-7.890124423384646,108.55523981394336,-8.562018320268416,0.045629077135503834,0.08602520242475348,0.07930835692607381,-4892.138604698069,-4595.119143332555,1521.670303335605,0.4444444444444444,0.0,0.12580058519181364
2.7,21.29999101282578,1.0333050212949735,21.32504012689056,-0.1929631985562973,-0.5420283962852723,-0.07038447851062044,0.6855961190178994,-7.954582621512602,108.90704011093986,-8.61236880030967,0.04847399068678294,0.08640976764873692,0.08205888614797163,-4901.427948200542,-4666.789357293807,1521.5156325288972,0.4444444444444444,0.0,0.12135254915624213
2.716666666666667,21.3019800785518,1.0924603653393565,21.329974798786218,-0.2019716694646973,-0.5396063587103878,-0.06761169864675647,0.69610304140096,-8.007973548300411,109.2586028655219,-8.664921359641514,0.05123956137911886,0.0865639059098447,0.08468691787651263,-4904.506125315824,-4731.223293325491,1521.3828809296197,0.4444444444444444,0.0,0.11657189421854564
2.7333333333333334,21.30369137418442,1.1498633620193963,21.334700652172607,-0.21093253361542738,-0.5364967255805647,-0.06465359981653329,0.7076941002041057,-8.051006682935967,109.60990856394245,-8.71968779321811,0.053922518104156686,0.08649120168919004,0.08719020904863617,-4901.547436836381,-4789.153302752416,1521.2687914151356,0.4444444444444444,0.0,0.11147172382160912
2.75,21.305176639734345,1.205436523655855,21.339250897415436,-0.21983440012858452,-0.532705602640759,-0.0615182899632297,0.7202817841633002,-8.084255348775546,109.96093845347757,-8.776677005628502,0.05651925404313294,0.0861957963879618,0.08956576156752966,-4892.654132250165,-4841.21879095119,1521.1700553694618,0.4444444444444444,0.0,0.10606601717798225
2.7666666666666666,21.306488375083926,1.2590956097734765,21.343658745213702,-0.22866591388109722,-0.5282328499178803,-0.05821436275322072,0.7337755300096465,-8.10816721040314,110.31167458746333,-8.835895174985612,0.059025823406906486,0.08568234631809099,0.0918098392299293,-4877.859909846496,-4887.975555952662,1521.08331497981,0.4444444444444444,0.0,0.10036959095382883
2.783333333333333,21.30767981629384,1.3107494419483843,21.34795735552383,-0.23741565365328288,-0.5230722847380626,-0.054750874021335896,0.7480813256693362,-8.123073242993328,110.66209987118562,-8.897345883409216,0.061437934326629175,0.08495597932767458,0.09391797644935385,-4857.1327551819295,-4929.903914328809,1521.0051648812293,0.4444444444444444,0.0,0.09439805865747569
2.8,21.308804917243375,1.3602996371746463,21.35217979748281,-0.24607203307170022,-0.5172118293335535,-0.05113731694944518,0.7631012868510779,-8.129195261408615,111.01219810945695,-8.961030216509476,0.06375093806536855,0.08402224981509415,0.09588497943396122,-4830.377183014615,-4967.41565250148,1520.9321533971302,0.4444444444444444,0.0,0.088167787843871
2.8166666666666664,21.30991833279341,1.4076402635740557,21.356359016975702,-0.2546232035107189,-0.5106336110682111,-0.04738359604630749,0.7787332160607847,-8.126652123451336,111.36195405665828,-9.02694683391724,0.06595981475737289,0.0828870919109774,0.09770492053457093,-4797.435972621995,-5000.859848351505,1520.8607836191768,0.4444444444444444,0.0,0.0816958552522543
2.8333333333333335,21.311075399492935,1.4526574228749212,21.360527808813774,-0.263056958255666,-0.5033140239595391,-0.043499999999999976,0.7948701530773709,-8.115464735195737,111.71135346997175,-9.095092012578137,0.06805915591366812,0.0815567706113435,0.09937112654123881,-4758.091506898618,-5030.527602245364,1520.787514577856,0.4444444444444444,0.0,0.07499999999999997
2.85,21.31233210950982,1.4952287648626665,21.364718790691256,-0.2713606373849085,-0.49522376114485955,-0.039497173477340525,0.8113999271775841,-8.095559991001489,112.06038316648024,-9.165459664232793,0.07004314397316913,0.08003783063704142,0.10087616179453282,-4712.066843886223,-5056.655701958978,1520.7087627740218,0.4444444444444444,0.0,0.06809857496093194
2.8666666666666667,21.31374507295904,1.5352229402072588,21.36896437619812,-0.27952103300282,-0.4863278292969112,-0.03538608794759469,0.8282047237981404,-8.066773779243155,112.40903108475926,-9.238041328245359,0.07190552923912374,0.07833704278194982,0.10221180710662602,-4659.02666676566,-5079.429224282121,1520.620904371547,0.4444444444444444,0.0,0.061010496461370155
2.8833333333333333,21.315371463126805,1.5724989999520715,21.37329674420703,-0.2875242946573763,-0.4765855578030306,-0.031178011610441172,0.8451606817657956,-8.028853178029715,112.75728635153324,-9.312826140715961,0.07363960463313561,0.07646134750355928,0.10336903567315829,-4598.578275597502,-5098.983047836809,1520.5202783917248,0.4444444444444444,0.0,0.05375519243179513
2.9,21.3172689382417,1.6069057527828952,21.37774780194703,-0.2953558350132683,-0.46595061784832387,-0.026884478510620455,0.8621375415953437,-7.9814579530873715,113.10513935390966,-9.389800780616442,0.07523817883594766,0.07441779551340637,0.10433798741616351,-4530.27280153645,-5115.402216319428,1520.4031913016115,0.4444444444444444,0.0,0.046352549156242165
2.9166666666666665,21.31949553241765,1.6382810953071043,21.382349139044962,-0.3030002361332776,-0.4543710694625598,-0.02251725692391931,0.8789983705036025,-7.924161451439584,113.45258181764001,-9.468949393518098,0.07669354858031699,0.07221348515168158,0.10510794355023369,-4453.606841851985,-5128.721047582836,1520.2659234514374,0.4444444444444444,0.0,0.03882285676537812
2.933333333333333,21.322109507181803,1.6664513363492017,21.387131969777357,-0.31044115705797337,-0.44178945819543664,-0.018088317101145193,0.895599395514711,-7.856450957684804,113.79960689178431,-9.550253493328018,0.077997471134257,0.06985549639229668,0.10566730363125218,-4368.024731704216,-5138.920829495488,1520.1047378910603,0.4444444444444444,0.0,0.031186753622664126
2.95,21.325169153600182,1.6912305441819346,21.392127060749118,-0.3176612437791282,-0.4281429874940812,-0.01360979845850004,0.911789982073287,-7.777727542129827,114.14620924007811,-9.633691842307279,0.07914113838396078,0.06735082143600489,0.10600356795739468,-4272.92168615326,-5145.925875324453,1519.915892182385,0.4444444444444444,0.0,0.023465169756034552
2.966666666666667,21.32873253343088,1.7124199562368565,21.397364641215773,-0.3246420431905117,-0.41336379822714253,-0.009093976304285779,0.9274128016011586,-7.68730537907718,114.4923851392178,-9.719240309496696,0.08011515442068921,0.0647062920263735,0.10610332898032622,-4167.648063561897,-5149.597625681138,1519.6956539237026,0.4444444444444444,0.0,0.015679269490147897
2.9833333333333334,21.33285714598924,1.729807504870304,21.402874293306724,-0.33136392318897545,-0.3973793933418872,-0.0045532281931361706,0.9423042370293093,-7.5844104465683575,114.83813258419593,-9.806871707506637,0.08090951918593071,0.061928503885204614,0.10595227639367436,-4051.515020270783,-5149.7263763858555,1519.4403208118406,0.4444444444444444,0.0,0.007850393436441673
3.0,21.337599505549036,1.743167531031155,21.408684819494347,-0.337806001811256,-0.38011325363332915,-3.1963281457745916e-17,0.9562950800611906,-7.4681784339267985,115.18345140074045,-9.896555607415065,0.08151362157120437,0.05902373903100797,0.10553522184900689,-3923.8018480428536,-5146.020077252393,1519.1462461864974,0.4444444444444444,0.0,5.510910596163089e-17
3.0166666666666666,21.343014612215104,1.7522607811564759,21.414824084787774,-0.34394608915546443,-0.36148570040628647,0.004553228193136107,0.9692115773083906,-7.337651580258366,115.52834336484506,-9.988258131235545,0.0819162464459568,0.05599788723826207,0.10483615087076736,-3783.7653133529934,-5138.089481806769,1518.8098711232274,0.4444444444444444,0.0,-0.007850393436441564
3.033333333333333,21.349155297436056,1.756834812404398,21.4213188312979,-0.34976064688535885,-0.3414150728547407,0.009093976304285717,0.9808768840208715,-7.191774048660872,115.8728123293367,-10.081941721033223,0.08210560144713333,0.052856368539162576,0.10383831157525866,-3630.651355414341,-5125.428731206212,1518.4277642588615,0.4444444444444444,0.0,-0.01567926949014779
3.05,21.356071423921545,1.7566249685720885,21.428194462993126,-0.3552247713924175,-0.3198193027290027,0.013609798458499975,0.9911129834535048,-7.029385316339538,116.21686435741883,-10.177564883247157,0.08206937105712588,0.04960405948619875,0.10252435232464217,-3463.7095529004637,-5107.390232966032,1517.9966706318066,0.4444444444444444,0.0,-0.02346516975603444
3.0666666666666664,21.363808919058975,1.7513561347849607,21.435474798588267,-0.36031220824460963,-0.29661798667486294,0.018088317101144977,0.9997431264629368,-6.849210950200653,116.56050786317005,-10.275081906087133,0.08179480756697542,0.04624522690566042,0.100876523537258,-3282.2108421796684,-5083.152467181622,1517.5135708782211,0.4444444444444444,0.0,-0.03118675362266376
3.0833333333333335,21.37240862154542,1.7407455338576676,21.443181790488893,-0.36499540743355136,-0.27173507750638226,0.02251725692391925,1.0065948390137558,-6.649850080692677,116.90375375907408,-10.374442546984081,0.08126887099032476,0.04278347410030445,0.0988769625659396,-3085.469064246809,-5051.679169284505,1516.9757521109498,0.4444444444444444,0.0,-0.03882285676537802
3.1,21.38190492366464,1.7245068905018246,21.451335207394955,-0.36924563118692183,-0.2451023387131585,0.026884478510620393,1.011503533725282,-6.429758958747425,117.24661561081082,-10.47559168597632,0.0804784328258611,0.03922170592173457,0.09650808478727806,-2872.8670285204557,-5011.668301687234,1516.3808916742569,0.4444444444444444,0.0,-0.04635254915624206
3.1166666666666667,21.392324197573178,1.7023563581154533,21.45995227730227,-0.37303312875146005,-0.2166637289516598,0.031178011610441116,1.0143167433878095,-6.187230317465702,117.58910979972735,-10.578468939641848,0.0794105616078352,0.035562120837674696,0.09375310855528955,-2643.887892154589,-4961.489532356137,1515.7271546469244,0.4444444444444444,0.0,-0.05375519243179503
3.1333333333333333,21.403683004638523,1.6740206685810775,21.46904728584593,-0.3763273955053007,-0.18638089893052295,0.035386087947594624,1.0148989662194974,-5.920369097541082,117.93125569357815,-10.683008228856215,0.07805291105106348,0.03180624004896554,0.0905967458100669,-2398.152726647889,-4899.10993400157,1515.0133053680486,0.4444444444444444,0.0,-0.06101049646137005
3.15,21.415986104265823,1.6392480111901417,21.478631121658978,-0.3790975367975564,-0.1542399798498491,0.03949717347734047,1.013137069744372,-5.627066821132077,118.27307582614867,-10.789137292535626,0.07639423348974708,0.027954985788872774,0.08702609254535754,-2135.465113546832,-4822.009880811914,1514.238832264496,0.4444444444444444,0.0,-0.06809857496093184
3.1666666666666665,21.429224305128635,1.5978221403824298,21.488710754994404,-0.3813127595141953,-0.12025979890608494,0.04349999999999992,1.0089461368245494,-5.304980100613994,118.61459608601848,-10.896777139152956,0.07442504074044543,0.024008822960378394,0.08303175152419953,-1855.8633734759096,-4727.095531387931,1513.404083719683,0.4444444444444444,0.0,-0.07499999999999987
3.183333333333333,21.443372239796968,1.5495800986348085,21.499288627686738,-0.38294301551752,-0.0845015385918064,0.047383596046307305,1.0022755489978827,-4.951524221002842,118.95584591356324,-11.005841429161139,0.0721384289606662,0.019967979792870585,0.07860920934851263,-1559.680437132752,-4610.622023003235,1512.510410478145,0.4444444444444444,0.0,-0.08169585525225398
3.2,21.458386195395597,1.4944336362120672,21.510361921729405,-0.3839598190477582,-0.04707961243710891,0.05113731694944513,0.9931149900679619,-4.563901188483157,119.29685850267471,-11.116235786136258,0.06953106965074501,0.01583276337481964,0.07376046474217657,-1247.6102187497918,-4468.153760244286,1511.560306987723,0.4444444444444444,0.0,-0.08816778784387092
3.216666666666667,21.474202198090413,1.4323938012815134,21.5219216624915,-0.3843372521955683,-0.00817309980325985,0.05475087402133585,0.9814999314778868,-4.1391931496779835,119.63767099864928,-11.22785704488432,0.06660434052307052,0.01160398327487399,0.0684958560567437,-920.7774383047946,-4294.605283306308,1510.5575400987586,0.4444444444444444,0.0,-0.09439805865747561
3.2333333333333334,21.49073462328513,1.3635971477939681,21.533951607402162,-0.3840531550086862,0.03196358218122225,0.05821436275322067,0.9675160667963025,-3.67456454989646,119.97832467512892,-11.340592464085878,0.06336552236757913,0.007283488779215919,0.06283595472092797,-580.8049978753561,-4084.425610617258,1509.507248869592,0.4444444444444444,0.0,-0.10036959095382875
3.25,21.50787567350555,1.2883305235185998,21.546426885328376,-0.38309046583014955,0.0729929720618108,0.06151828996322966,0.951302155048917,-3.167623181818924,120.31886505998881,-11.454318962361398,0.059828919565573235,0.002874809760868534,0.0568132743532589,-229.86929363445915,-3832.0020410064876,1508.4159945399,0.4444444444444444,0.0,-0.10606601717798218
3.2666666666666666,21.525496106932682,1.2070496330373228,21.55931240708269,-0.38143863106488735,0.11449294275049618,0.06465359981653324,0.933050872008417,-2.6169780993656717,120.65934196297245,-11.568902480836877,0.05601668095521111,-0.0016161345365684338,0.05047340611609136,129.27026211777988,-3532.348415939281,1507.2917364268533,0.4444444444444444,0.0,-0.11147172382160904
3.283333333333333,21.543447573242688,1.1203850972091391,21.57256118561504,-0.3790949453390381,0.15596479774405417,0.06761169864675642,0.9130075562012347,-2.0229831894109838,120.99980933976286,-11.684197627323629,0.05195903125787107,-0.00618033024450735,0.043875075099421276,493.2844622941538,-3182.082968808603,1506.1437098347628,0.4444444444444444,0.0,-0.11657189421854557
3.3,21.56156677675668,1.0291296010404671,21.586112887786797,-0.37606562674302163,0.19685412565124566,0.07038447851062041,0.8914670349955984,-1.3885582710795168,121.3403249154198,-11.800047801665448,0.04769361982611946,-0.01080507804281057,0.03708860517714741,858.3473951739151,-2780.575695520147,1504.9821888328277,0.4444444444444444,0.0,-0.12135254915624208
3.3166666666666664,21.57968141496826,0.9342021361759487,21.599893138688493,-0.3723664032013981,0.23658509884728957,0.0729643394112518,0.868768745654872,-0.7198556039631123,121.6809494960801,-11.916286011662574,0.04326380816217176,-0.015473655747529465,0.030192482723567372,1220.2809889670436,-2330.9783083464913,1503.8181320360911,0.4444444444444444,0.0,-0.12580058519181345
3.3333333333333335,21.59761746123423,0.8365907498892807,21.613814195662226,-0.36802241539231295,0.27460482088997534,0.07534421012924616,0.8452899110562925,-0.02645982012234871,122.02174593241382,-12.032736533956879,0.038715970113079486,-0.020165368102641197,0.023268168626398328,1574.7696677972135,-1840.7314250565753,1502.6627325901716,0.4444444444444444,0.0,-0.1299038105676658
3.35,21.615206978444476,0.7372822308560709,21.627777458835915,-0.3630673454698043,0.310429884518353,0.07751756760438801,0.8214358161022288,0.6791295657862912,122.36277776309407,-12.14921744099117,0.034096203659826615,-0.024856061298983413,0.016393916644930017,1917.625003957089,-1321.200882938775,1501.526918941435,0.4444444444444444,0.0,-0.1336509786282552
3.3666666666666667,21.63229542400122,0.6371925336407234,21.641677837824673,-0.3575418404352543,0.3436849308116284,0.07947845481490624,0.797626040047331,1.3827456664627666,122.70410764573997,-12.265543829220517,0.029447099066661788,-0.029519076046923907,0.009638834273300367,2245.061781626172,-786.3819039265718,1500.420871003512,0.4444444444444444,0.0,-0.13703181864639008
3.3833333333333333,21.648747463845755,0.5371121847709462,21.655409399325553,-0.35149145781948227,0.37412461986717044,0.08122149710525652,0.7742765517164016,2.0702326924928682,123.04579574593016,-12.381531410984406,0.02480522347071883,-0.03412649659789203,0.0030584645075616315,2553.9376056549195,-251.00250859497515,1499.3536176454515,0.4444444444444444,0.0,-0.1400370639745802
3.4,21.66445065910797,0.4376757765226755,21.668871277624927,-0.34496445326747205,0.4016356498870027,0.08274191691767835,0.7517795843887274,2.729068180786,123.38789827303012,-12.497000046343045,0.02019973889884879,-0.03865047593224527,-0.0033073100563438505,2841.9143313368513,271.39152422047,1498.3327633480342,0.4444444444444444,0.0,-0.142658477444273
3.4166666666666665,21.67931688436011,0.33935672176073395,21.681972778257645,-0.3380097208931795,0.42622157265297567,0.08403554688714894,0.7304848338349579,3.3495000624045836,123.73046631653992,-12.61177682624648,0.015652200203627793,-0.043064415391111464,-0.009433992480494141,3107.5196871741223,769.8396747657386,1497.364361289293,0.4444444444444444,0.0,-0.14488887394336025
3.433333333333333,21.693281783681943,0.24248178244202953,21.694636940060626,-0.3306751058383324,0.4479771363165827,0.08509884126384105,0.7106855532816085,3.9250137658196547,124.07354506602064,-12.725698449494939,0.011177270775089553,-0.04734384532019628,-0.015310415628301358,3350.112622302668,1236.6138412116757,1496.4529195253829,0.4444444444444444,0.0,-0.1467221401100708
3.4499999999999997,21.706302830964752,0.14725693855198224,21.706802325434765,-0.3230061854157764,0.4670595323030694,0.08592888563177696,0.6926115687622217,4.452202860909676,124.41717342156677,-12.83861280045041,0.006783959510144889,-0.05146695240997313,-0.02093576584621575,3569.7756937816303,1667.177313946608,1495.601506761788,0.4444444444444444,0.0,-0.14815325108927063
3.466666666666667,21.71835661025851,0.053796757857046795,21.718423237922117,-0.31504550931457315,0.4836620845046069,0.08652340489703977,0.6764291610413385,4.930260428140471,124.76138394459711,-12.95037977345772,0.0024770128236404473,-0.055414785249579636,-0.02631646136289016,3767.166427898694,2059.699485363484,1494.8119178593324,0.4444444444444444,0.0,-0.149178284305241
3.4833333333333334,21.729435833541697,-0.0378481213967527,21.729468795262786,-0.30683222471078503,0.49799326261708726,0.08688076952364791,0.6622462266180179,5.360320777245757,125.10620306960767,-13.060871474266502,-0.0017417885771075828,-0.05917121807153976,-0.03146339068955547,3943.3576406065927,2414.388838042149,1494.084863680514,0.4444444444444444,0.0,-0.14979443021318606
3.5,21.73954645400551,-0.12766812185605061,21.739921324034313,-0.2984019883090706,0.5102616823016447,0.087,0.6501205529040835,5.744817686551646,125.4516514927534,-13.169971959101558,-0.0058725537120755105,-0.06272276366934222,-0.03638973529334536,4099.688605411009,2732.8341597019034,1493.4201596035455,0.4444444444444444,0.0,-0.15
3.5166666666666666,21.748705078320747,-0.2156772089238813,21.749774464169136,-0.2897870713065102,0.5206664308889076,0.08688076952364791,0.6400692341588382,6.086946643301762,125.7977446634382,-13.277576664836369,-0.009916458864023708,-0.06605831330098558,-0.041109399928014365,4237.639429379402,3017.4531529312094,1492.8168973088393,0.4444444444444444,0.0,-0.14979443021318606
3.533333333333333,21.75693676299819,-0.301900312616863,21.759031253892264,-0.28101658066868407,0.5293915287265198,0.08652340489703979,0.6320778138065007,6.39025799245843,126.14449332165076,-13.383591657531609,-0.013875158148680077,-0.0691688587588949,-0.04563596744772333,4358.733048044883,3271.078372661719,1492.2735927148333,0.4444444444444444,0.0,-0.14917828430524102
3.55,21.764273203591653,-0.3863647927086947,21.767702355407714,-0.27211674070335384,0.5366033069786738,0.08592888563177699,0.6261083390080853,6.658372942054064,126.49190404069188,-13.487932795147833,-0.017750384317127492,-0.07204722966822381,-0.04998205874515715,4464.463959160237,3496.6712334724707,1491.788308499384,0.4444444444444444,0.0,-0.1481532510892707
3.5666666666666664,21.770751283838624,-0.46909496553844465,21.775804498329208,-0.2631111973025788,0.5424496838330393,0.0850988412638411,0.6221059888811322,6.8947996374301805,126.83997974928334,-13.590524871239266,-0.0215436933426268,-0.07468786199133294,-0.054158982095972745,4556.250009952391,3697.138939186609,1491.358752816343,0.4444444444444444,0.0,-0.14672214011007087
3.5833333333333335,21.776411934073778,-0.5501088202560338,21.783359163283205,-0.254021321476244,0.5470605815925393,0.08403554688714894,0.620004248242966,7.1028238677289215,127.18872021795966,-13.691300783008106,-0.025256311687489735,-0.07708660246171549,-0.05817657660363554,4635.402548997977,3875.2268722353506,1490.9823572809064,0.4444444444444444,0.0,-0.14488887394336025
3.6,21.78129924480132,-0.6294162276407503,21.790391496694138,-0.244866498895312,0.550548963534653,0.08274191691767838,0.6197287679183465,7.285451991176331,127.53812250232772,-13.790200749691456,-0.02888905349356195,-0.07924054726488451,-0.06204317827162158,4703.110333688408,4033.4627705792705,1490.6563377022624,0.4444444444444444,0.0,-0.14265847744427307
3.6166666666666667,21.785459785283486,-0.707018120160095,21.796929432340665,-0.23566439885074275,0.5530121534701475,0.08122149710525654,0.6212001232152411,7.445388493912502,127.88818134085757,-13.887171595083286,-0.03244228323778197,-0.08114791026961607,-0.06576565837033618,4760.433194978245,4174.134546285977,1490.377740875434,0.4444444444444444,0.0,-0.14003706397458027
3.6333333333333333,21.788942084059904,-0.7829062707294218,21.803002989754972,-0.22643122021679318,0.5545332319316605,0.07947845481490627,0.6243356933992338,7.58503532840709,128.2388895080208,-13.98216609991005,-0.035915906403362105,-0.08280791518554398,-0.06934950030091366,4808.302248510038,4299.288805742438,1490.1434803223747,0.4444444444444444,0.0,-0.13703181864639014
3.65,21.791796236017547,-0.8570634132597859,21.808643719554343,-0.2171819144747066,0.5551823905991407,0.07751756760438805,0.6290508655194578,7.706504087959009,128.59023812540707,-14.075142424674334,-0.03930937615123057,-0.084220706226529,-0.07279889317228239,4847.524210830238,4410.741301134915,1489.9503633783195,0.4444444444444444,0.0,-0.13365097862825526
3.6666666666666665,21.794073607774315,-0.929463533222493,21.81388426852667,-0.20793038720525905,0.5550181825036141,0.07534421012924619,0.6352597339132214,7.811635031327967,128.9422169343742,-14.166063600549874,-0.04262170797067044,-0.0853872725759881,-0.0761168286179018,4878.788043351452,4510.093604292076,1489.7951115471838,0.4444444444444444,0.0,-0.12990381056766587
3.683333333333333,21.795826619234308,-1.0000722168489327,21.81875804106723,-0.19868968011791488,0.5540886397399568,0.07296433941125192,0.6428754324078079,7.902019089138771,129.29481453414786,-14.254897084269784,-0.04585149711712769,-0.08630938282080752,-0.07930519291942333,4902.672679099306,4598.752421704179,1489.6743756400137,0.4444444444444444,0.0,-0.12580058519181367
3.6999999999999997,21.797108584118277,-1.0688469891972328,21.823298937469527,-0.1894721359308527,0.5524322504057456,0.07038447851062044,0.6518102047464758,7.979020443709747,129.64801858930338,-14.341614372209522,-0.04899693559221409,-0.08698952635729733,-0.08236485008729655,4919.6549937677155,4677.949392050548,1489.5847468743646,0.4444444444444444,0.0,-0.12135254915624215
3.716666666666667,21.797973596150733,-1.135737599279644,21.827541153160197,-0.18028954842874026,0.5500787975429243,0.06761169864675647,0.6619752921357922,8.043798252014163,130.001816010384,-14.426190668689697,-0.052055826728049495,-0.08743085949350146,-0.0852957137979618,4930.117482019132,4748.760129951246,1489.5227648468992,0.4444444444444444,0.0,-0.11657189421854565
3.7333333333333334,21.798476450548016,-1.2006862287746296,21.831519026056466,-0.17115329991389566,0.5470500685063329,0.06465359981653329,0.673280695442933,8.097326720743956,130.35619311112967,-14.508604603684804,-0.05502559629447459,-0.087637154553215,-0.0880968074548546,4934.355314372096,4812.1218614715735,1489.4849230873,0.4444444444444444,0.0,-0.11147172382160912
3.75,21.798672592662903,-1.263627612538148,21.83526692177775,-0.1620744880965482,0.5433604456788315,0.06151828996322971,0.685634853079981,8.14041315035123,130.7111357454675,-14.58883799547424,-0.05790329959394415,-0.08761275073395626,-0.09076631243880999,4932.582600006411,4868.8493533491055,1489.46767274828,0.4444444444444444,0.0,-0.10606601717798227
3.7666666666666666,21.798618087249665,-1.3244890663395938,21.838819148493844,-0.1530640442780879,0.5390173902126512,0.05821436275322073,0.6989442633143335,8.173713818317172,131.06662942708567,-14.666875654215955,-0.06068562434639772,-0.08736250580213771,-0.09330160505388435,4924.937783692029,4919.649048426028,1489.4674248741846,0.4444444444444444,0.0,-0.10036959095382884
3.783333333333333,21.798369602942277,-1.3831904215083293,21.842209894803002,-0.144132844486723,0.534021830368385,0.0547508740213359,0.7131130709106253,8.19774772397111,131.42265943409438,-14.742705222901224,-0.06336888936669811,-0.08689174794551706,-0.09569928289734844,4911.4881745094135,4965.131437465966,1489.4805516109789,0.4444444444444444,0.0,-0.0943980586574757
3.8,21.79798440728506,-1.4396438685574564,21.845473185273825,-0.13529181503647175,0.5283684655691329,0.051137316949445184,0.7280426319816469,8.21290830401789,131.77921090098357,-14.816317052625104,-0.06594903915038275,-0.08620622726646297,-0.09795518147979082,4892.233650499702,5005.821757104627,1489.5033866667288,0.4444444444444444,0.0,-0.08816778784387101
3.8166666666666664,21.79752036809138,-1.493753713101384,21.848642849219782,-0.12655203380017932,0.5220459967983919,0.0473835960463075,0.743631067158648,8.219473273523217,132.13626889981936,-14.88770410955991,-0.06842163454443043,-0.08531206650773168,-0.10006438195327019,4867.109614571139,5042.169127332658,1489.532225298936,0.4444444444444444,0.0,-0.08169585525225431
3.8333333333333335,21.797035957085615,-1.545416048032381,21.851752498964455,-0.11792482831379422,0.5150372936308201,0.04349999999999999,0.7597728112581508,8.217612767130122,132.49381851238186,-14.956861911436947,-0.07078183971314826,-0.08421571067032618,-0.10202121081216695,4835.989298460826,5074.554243547045,1489.5633240895756,0.4444444444444444,0.0,-0.07499999999999998
3.85,21.796590251740444,-1.5945183463546686,21.854835514346206,-0.10942187165872684,0.5073195081069964,0.03949717347734053,0.7763581671998501,8.207395959742335,132.85184489473275,-15.02378849171956,-0.07302440563303199,-0.08292387522292448,-0.10381923243991899,4798.685527238548,5103.295726291264,1489.592900767954,0.4444444444444444,0.0,-0.06809857496093195
3.8666666666666667,21.79624293097832,-1.6409389795908174,21.857925030545854,-0.10105527689659764,0.49886414591973527,0.0353860879475947,0.7932728727776359,8.188796340958316,133.21033333551162,-15.088484389986293,-0.07514365037829733,-0.08144349262453018,-0.10545123540470852,4754.95206944182,5128.65521121043,1489.6171343539188,0.4444444444444444,0.0,-0.061010496461370176
3.8833333333333333,21.796054259973705,-1.6845466675260787,21.861053926533163,-0.09283769064992127,0.4896371060251618,0.031178011610441186,0.8103976908208087,8.161695806675214,133.56926930908875,-15.150952667337673,-0.07713343650225532,-0.07978165689534417,-0.1069092134739007,4704.484709239823,5150.841234970697,1489.6321659186096,0.4444444444444444,0.0,-0.05375519243179515
3.9,21.796085058673484,-1.7251998664793022,21.864254811546395,-0.0847823862262784,0.4795987008767146,0.026884478510620466,0.827608036158197,8.125887716152185,133.92863852454903,-15.211198945896236,-0.07898714588959997,-0.07794556598361466,-0.10818434243463593,4646.922188167679,5170.011940786354,1489.634100296656,0.4444444444444444,0.0,-0.046352549156242186
3.9166666666666665,21.796396647844183,-1.7627461055335387,21.86756000706816,-0.07690335646445023,0.4687036710595975,0.022517256923919322,0.844773656480058,8.081079043741292,134.28842697133928,-15.269231471690771,-0.0806976525622241,-0.07594246169670538,-0.1092669539908793,4581.847175625998,5186.276589406671,1489.6190091325077,0.4444444444444444,0.0,-0.038822856765378146
3.933333333333333,21.797050765447633,-1.797021283509101,21.87100152176132,-0.06921540622993724,0.45690121024548647,0.018088317101145203,0.8617583885420506,8.026891730769215,134.6486209622777,-15.325061200407882,-0.08225729407907732,-0.07377956700171187,-0.11014650827190324,4508.787439905928,5199.695816586587,1489.582935705018,0.4444444444444444,0.0,-0.031186753622664147
3.9499999999999997,21.798109444932273,-1.827848944256925,21.874611016799058,-0.06173424419401148,0.44413501918352805,0.013609798458500202,0.8784200160126768,7.962863313209606,135.0092071744973,-15.378701905664009,-0.08365784239396586,-0.07146402056458731,-0.11081156685365676,4427.217405291905,5210.28052392539,1489.5219020490222,0.4444444444444444,0.0,-0.023465169756034833
3.966666666666667,21.79963484559625,-1.8550395545095189,21.87841975898006,-0.05447657318286246,0.4303434110186452,0.00909397630428579,0.8946102604414411,7.888446862728578,135.37017268876633,-15.430170309608432,-0.08489047534262069,-0.06900280849829614,-0.11124976868802394,4336.560296249466,5217.98922327401,1489.4319189811201,0.4444444444444444,0.0,-0.015679269490147914
3.9833333333333334,21.801689023527267,-1.8783898175732556,21.88245855897715,-0.0474601779668409,0.41545949475511545,0.004553228193136181,0.9101749421000376,7.803010229840212,135.73150502750076,-15.479486235825014,-0.0859457503448828,-0.06640269344302334,-0.11144781198799235,4236.191087616433,5222.723571408057,1489.3089997395662,0.4444444444444444,0.0,-0.007850393436441692
4.0,21.804333629759515,-1.8976820682338973,21.8867576920374,-0.040704008856067495,0.3994114694026166,4.261770861032789e-17,0.9249543525788346,7.705834515389944,136.0931921916489,-15.526672784673313,-0.08681358245824718,-0.06367014131982529,-0.11139144597106522,4125.440501496275,5224.321725927244,1489.1491780648255,0.4444444444444444,0.0,-7.347880794884119e-17
4.016666666666667,21.80762952023682,-1.912683810196132,21.891346798442775,-0.03422825885463161,0.3821230685830362,-0.004553228193136096,0.9387838857510922,7.596111617428848,136.4552226964851,-15.571756531418988,-0.08748322964114896,-0.060811246400135674,-0.11106547747276631,4003.600319495098,5222.549018830203,1488.9485316767023,0.4444444444444444,0.0,0.007850393436441545
4.033333333333333,21.811636259992028,-1.923147478206586,21.896254761057456,-0.028054431371490284,0.3635142045810721,-0.009093976304285704,0.9514949777983475,7.47294060211093,136.81758560619508,-15.614767747774458,-0.08794328902276305,-0.057831655736136016,-0.11045379887567035,3869.9303164146227,5217.085273547386,1488.7032122428072,0.4444444444444444,0.0,0.01567926949014777
4.05,21.816411501753635,-1.9288105339697732,21.90150955732963,-0.022205394553510848,0.3435018725607165,-0.013609798458499967,0.9629164101855588,7.33532252796948,137.18027056696917,-15.65574064783508,-0.08818170918518181,-0.054736494522526796,-0.10953944564339739,3723.6671729766117,5207.507877124489,1488.409483075474,0.4444444444444444,0.0,0.023465169756034427
4.066666666666666,21.822010217156613,-1.9293960395576286,21.90713808317162,-0.016705417145541166,0.32200139063854216,-0.018088317101144967,0.9728760315399145,7.1821532137963215,137.54326783813474,-15.694713659890786,-0.08818582500862707,-0.051530294633088426,-0.1083046941081206,3564.035795855841,5193.269456870314,1488.063765929621,0.4444444444444444,0.0,0.031186753622663738
4.083333333333333,21.82848375715998,-1.924613895948387,21.913165946185746,-0.011580179332117189,0.29892807047020664,-0.02251725692391924,0.9812029549940748,7.0122132879320755,137.9065683206598,-15.731729726260378,-0.08794242358460624,-0.04821692942426258,-0.10673121315377447,3390.2635684018182,5173.668702584888,1487.6626983855488,0.4444444444444444,0.0,0.038822856765378
4.1,21.835878717615206,-1.9141629893802885,21.919617225679694,-0.006856750201358046,0.2741994366531209,-0.026884478510620233,0.9877302861201701,6.824154709301882,138.27016358213743,-15.76683663417976,-0.08743785214097843,-0.04479955895723521,-0.10480028718593433,3201.598178301873,5147.8125411131705,1487.2032033618636,0.4444444444444444,0.0,0.04635254915624178
4.116666666666666,21.844235586869548,-1.8977345557889433,21.926514196718397,-0.0025635212120740615,0.24773814183214354,-0.031178011610440964,0.9922984319694134,6.616482849682689,138.63404587711634,-15.800087381916162,-0.08665818190499079,-0.04128059110098706,-0.10249313237152062,2997.3298177514193,5114.567564906789,1486.6825722748883,0.4444444444444444,0.0,0.05375519243179477
4.133333333333333,21.853587155823167,-1.8750171538733018,21.933877014893614,0.0012699177354351834,0.21947575705520173,-0.03538608794759448,0.9947590318095085,6.387533259589692,138.99820816136764,-15.831540585697702,-0.08558944535541531,-0.03766166558873799,-0.09979133355126524,2776.8187169508765,5072.4984654899245,1486.0985631836184,0.4444444444444444,0.0,0.061010496461369794
4.15,21.86395667840396,-1.8457037273787347,21.94172335721114,0.0046129763644726825,0.18935765040543967,-0.039497173477340594,0.9949795312326606,6.135442577916439,139.3626440983646,-15.861260934712147,-0.08421796824214745,-0.0339436700546579,-0.09667743521549922,2539.529126789953,5019.791478095614,1485.4495148500118,0.4444444444444444,0.0,0.06809857496093207
4.166666666666667,21.87535578392992,-1.8095013275939134,21.950068011923797,0.007434356801977792,0.1573491933654176,-0.043500000000000046,0.9928483876566749,5.858114005266377,139.72734805587945,-15.889319703202997,-0.08253082164641709,-0.030126799398400093,-0.09313572573061535,2285.0709607760105,4954.161974803179,1484.7344768870867,0.4444444444444444,0.0,0.07500000000000008
4.183333333333334,21.887782164868433,-1.7661441361099985,21.958922405397047,0.009702465720631163,0.12344353767934484,-0.047383596046307416,0.9882808390384067,5.5531798934963374,140.09231509014745,-15.915795330226022,-0.08051642222583287,-0.026210672459349743,-0.0891532579192086,2013.2502532543463,4872.74816377978,1483.9533549068974,0.4444444444444444,0.0,0.08169585525225417
4.2,21.901217097246615,-1.71541043242127,21.968294046019757,0.011385974116593683,0.08767115619897127,-0.05113731694944512,0.9812250801702181,5.217968184883034,140.45754091446602,-15.940774078186182,-0.07816530867807259,-0.02219452270403495,-0.08472114783874074,1724.129255938935,4771.998652381164,1483.107067621918,0.4444444444444444,0.0,0.0881677878438709
4.216666666666667,21.915622899860757,-1.6571440141193032,21.978185852622882,0.012454554823620201,0.0501111902311818,-0.05475087402133584,0.9716685664614161,4.849486873505253,140.8230218483384,-15.96435077945656,-0.07547111589406996,-0.018077481864363143,-0.07983618137930863,1418.096183689026,4647.572205025296,1482.1977099759736,0.4444444444444444,0.0,0.0943980586574756
4.233333333333333,21.930940505227927,-1.591280177092588,21.988595317706285,0.012879825471091625,0.010904320448839929,-0.05821436275322066,0.9596440087322405,4.444452606427575,141.1887547422889,-15.98662967378442,-0.0724317497567589,-0.013858976023410338,-0.07450272595560449,1095.9430805658155,4494.285283765894,1481.2287123873605,0.4444444444444444,0.0,0.10036959095382873
4.25,21.947087399837347,-1.5178755328053417,21.99951343710102,0.012636514147618474,-0.029733711250796886,-0.06151828996322965,0.9452344629959226,3.999406223340807,141.55473687226927,-16.00772532411576,-0.06905072761284047,-0.00953925040345674,-0.06873487962277948,758.9477291222626,4306.167525634078,1480.2049810179612,0.4444444444444444,0.0,0.10606601717798217
4.266666666666667,21.963956286860107,-1.437139509168522,22.01092332774604,0.011703841323216137,-0.07149972672346301,-0.06465359981653322,0.928576822090839,3.5109762252344376,141.9209657963009,-16.027763570074974,-0.06533858454426464,-0.0051200287832348645,-0.0625586795272568,408.9517649917847,4076.7132491764296,1479.1329979372806,0.4444444444444444,0.0,0.11147172382160901
4.283333333333333,21.9814149116788,-1.3494632997291849,22.022798476049566,0.010067069173926394,-0.1139949055225458,-0.06761169864675641,0.9098630822148931,2.9763601878481225,142.28743916511766,-16.04688243202518,-0.061314151631676785,-0.0006052919234445509,-0.05601403154962504,48.42227838430662,3799.4344545483573,1478.0208541330987,0.4444444444444444,0.0,0.11657189421854555
4.3,21.99930753156501,-1.2554395988389677,22.035100645440806,0.007719106000017048,-0.1567249958615311,-0.0703844785106204,0.8893390764284317,2.3940724382042036,142.65415447908327,-16.065232813805192,-0.057005403622439145,0.003997876769324546,-0.049155836030922315,-319.5210450660932,3468.798760691134,1476.8781846392562,0.4444444444444444,0.0,0.12135254915624206
4.316666666666666,22.017458449001392,-1.1558646405442954,22.047777657187208,0.004661975747892772,-0.19911370412139393,-0.0729643394112518,0.8673009012606592,1.764925764359984,143.02110878710707,-16.082978778865602,-0.05244949322502788,0.008678479777359485,-0.04205364374129056,-691.1348676001888,3081.5356376981013,1475.715976979477,0.4444444444444444,0.0,0.12580058519181345
4.333333333333333,22.03567780390499,-1.0517144986976066,22.060761538629663,0.0009078935294971901,-0.24053275300103222,-0.07534421012924608,0.8440897119873516,1.0930639428319218,143.38829833138865,-16.1002971201225,-0.04769161247413562,0.013420981805803353,-0.03478921324215599,-1062.1577827483802,2638.0973846328034,1474.5462356226526,0.4444444444444444,0.0,0.12990381056766567
4.35,22.05376941084944,-0.9440919783078187,22.07396781030596,-0.003520333037004395,-0.28034819749213874,-0.07751756760438795,0.8200854146624932,0.386687225755888,143.75571815516207,-16.117375952880458,-0.042782523294577865,0.01820505756962315,-0.02745169711501343,-1428.003671348641,2143.823950622346,1473.3815085769008,0.4444444444444444,0.0,0.1336509786282551
4.366666666666666,22.071539901933793,-0.8341488250433616,22.087296754129436,-0.008589788810013066,-0.31797656391826684,-0.07947845481490623,0.7956987781704388,-0.34195854568669226,144.12336170685413,-16.134412175223556,-0.03777498209514939,0.02300587013113821,-0.02013088340778915,-1784.034649134874,1609.2454664621227,1472.2343149626784,0.4444444444444444,0.0,0.13703181864639005
4.383333333333333,22.088807976465347,-0.7229974267388929,22.100637165028303,-0.014258866753713653,-0.3529388533644502,-0.08122149710525647,0.7713602699975564,-1.0775884764716093,144.4912204871432,-16.151607864913153,-0.032719710378395245,0.02779493991802355,-0.012909727376631255,-2125.8800990533296,1049.1471761026066,1471.1165443912387,0.4444444444444444,0.0,0.14003706397458013
4.4,22.105412394739187,-0.6116314227334747,22.11387234608095,-0.02047943780917255,-0.38489909875854694,-0.08274191691767839,0.7475039227020335,-1.8037359409212108,144.8592837877254,-16.169165951433303,-0.027661796223049612,0.032541510496051335,-0.005857874782855362,-2449.7472397149736,480.5208282132141,1470.038915481334,0.4444444444444444,0.0,0.1426584774442731
4.416666666666667,22.121217613568245,-0.5008718913444542,22.126887294836138,-0.027199417454935912,-0.41367875972875856,-0.08403554688714893,0.7245465803232142,-2.504909565722018,145.2275385581271,-16.187285701987204,-0.022638280267137788,0.03721417167793848,0.0009723608219484954,-2752.6639593654727,-79.95200823079628,1469.0105710293744,0.4444444444444444,0.0,0.14488887394336022
4.433333333333334,22.136116557835468,-0.3913463118212545,22.139575610156886,-0.034365311038082394,-0.4392465693765574,-0.08509884126384108,0.7028658205095136,-3.1683785660444777,145.59596941310912,-16.20615859709051,-0.017677244636314544,0.0417824363859595,0.00754697290516466,-3032.6112671798905,-618.0636795504155,1468.0388531490482,0.4444444444444444,0.0,0.14672214011007084
4.45,22.150030692016767,-0.2834968240506208,22.15184484657049,-0.04192439452637522,-0.46169081702130443,-0.08592888563177697,0.6827814064838135,-3.7851498130659333,145.964558767518,-16.22596503704546,-0.012798237139309722,0.04621801396133923,0.013848595561419387,-3288.5336358981217,-1123.3381594442433,1467.1292580583565,0.4444444444444444,0.0,0.14815325108927066
4.466666666666667,22.1629080352748,-0.17760769007500843,22.163619674403865,-0.049826341571667106,-0.4811840612821254,-0.08652340489703977,0.6645441180316051,-4.350087785012728,146.33328706719064,-16.24687209209729,-0.008013564282830695,0.05049564490395064,0.01987322201528879,-3520.2461246647654,-1589.2967851269893,1466.285535171649,0.4444444444444444,0.0,0.149178284305241
4.483333333333333,22.174719940158283,-0.07384080879536356,22.174842883084807,-0.058024264462482565,-0.49794889102036793,-0.08688076952364791,0.6483331515444062,-4.861416061765908,146.70213307777203,-16.269032287609445,-0.0033299422074381715,0.054593493706900954,0.025626406149382167,-3728.2754181920536,-2012.9978946727924,1465.5098788891214,0.4444444444444444,0.0,0.14979443021318606
4.5,22.185457377877558,0.0277291751995837,22.18547470695137,-0.06647524445696176,-0.5122298227328189,-0.087,0.6342607507252176,-5.319924598695814,147.07107419636807,-16.292583266614255,0.0012498800582639907,0.05849318617006685,0.031119745856063644,-3913.674668225354,-2394.2243763398315,1464.803163015329,0.4444444444444444,0.0,0.15
4.516666666666667,22.195127267680885,0.12708486957142776,22.195491096000232,-0.07514047491026234,-0.5242729990116717,-0.08688076952364791,0.6223814334548557,-5.7281439851701315,147.44008675934248,-16.31764810863952,0.005725737872512492,0.06217961121938686,0.03636805091202668,-4077.8437844395867,-2734.6212638839534,1464.1651796361411,0.4444444444444444,0.0,0.14979443021318606
4.533333333333333,22.203749165826757,0.2242428566980642,22.204881487585844,-0.08398514335750529,-0.5343131272213254,-0.08652340489703979,0.6127031367767972,-6.089635519852203,147.80914632908295,-16.34433608472742,0.010098980649888692,0.06564059876579412,0.04138728599708265,-4222.374490857992,-3036.954238428973,1463.594858779267,0.4444444444444444,0.0,0.14917828430524102
4.55,22.21135245227826,0.31923688519555943,22.213646480220145,-0.09297815773677007,-0.542566117207602,-0.08592888563177699,0.605198265299171,-6.408450511730824,148.17822795070654,-16.372743664107983,0.014371700533259644,0.0688665566875965,0.04619320275537418,-4348.928223379786,-3304.549201291444,1463.09045748593,0.4444444444444444,0.0,0.1481532510892707
4.566666666666666,22.217974036843838,0.4121064330528713,22.221795652332652,-0.102091793936388,-0.5492257299039252,-0.0850988412638411,0.5998134553566784,-6.688754541192967,148.54730637556327,-16.402955634316488,0.01854620865318045,0.07185011877984397,0.05080050816986697,-4459.147086167969,-3540.907341569239,1462.6497153710386,0.4444444444444444,0.0,0.14672214011007087
4.583333333333333,22.22365654273724,0.5028893499403948,22.229345645516226,-0.1113013160753424,-0.5544628033336232,-0.08403554688714895,0.5964775514364928,-6.934587121057338,148.91635625213007,-16.435046239973403,0.02262469905496325,0.07458583018985727,0.0552224146440473,-4554.593743467638,-3749.462276706362,1462.2699786033936,0.4444444444444444,0.0,0.14488887394336028
4.6,22.228446898394566,0.5916174095638856,22.23631855038163,-0.1205846008607707,-0.5584259916389361,-0.08274191691767842,0.5951077416199082,-7.14972174753942,149.28535228695574,-16.46908028036842,0.02660904631861259,0.0770698797210194,0.059470443393659346,-4636.714438277439,-3933.440665203507,1461.9482964742415,0.4444444444444444,0.0,0.14265847744427315
4.616666666666666,22.232395263042985,0.6783138375135316,22.242740586410175,-0.12992178327669376,-0.5612432940895912,-0.08122149710525661,0.5956140409053846,-7.337595235969318,149.65426937925656,-16.505114131546264,0.030500693832513283,0.0792998784112296,0.06355438540637773,-4706.819271178893,-4095.792777282244,1461.6814953422625,0.4444444444444444,0.0,0.14003706397458038
4.633333333333333,22.235554217267875,0.762992120241687,22.248641044446064,-0.13929493168276638,-0.5630239157974687,-0.07947845481490634,0.5979024083017377,-7.501282124816708,150.02308273301014,-16.543196676060308,0.034300600799112,0.081274678924634,0.0674823534212206,-4766.07462121768,-4239.167549068189,1461.466234503822,0.4444444444444444,0.0,0.13703181864639025
4.65,22.237978160029623,0.8456556040324962,22.254051452411673,-0.14868775480352353,-0.5638601878184664,-0.07751756760438798,0.6018767951455994,-7.643496715486355,150.39176795025813,-16.583370134828545,0.03800922542635179,0.08299422859829349,0.07126088102955838,-4815.503615620367,-4365.914242900973,1461.299047925599,0.4444444444444444,0.0,0.13365097862825515
4.666666666666667,22.23972286458869,0.9262975491723768,22.259004924823383,-0.15808533989899562,-0.5638293964145262,-0.07534421012924614,0.6074403912826611,-7.766610857451222,150.7603011090064,-16.62567080237619,0.041626528956208206,0.08445944902114624,0.07489504121211407,-4855.991566482524,-4478.0988470944085,1461.176375068422,0.4444444444444444,0.0,0.12990381056766576
4.683333333333334,22.2408451558658,1.0049014181161184,22.263535660521914,-0.1674739197493735,-0.5629954472895298,-0.07296433941125184,0.6144962891529407,-7.87267970579525,151.1286588287207,-16.670129690606867,0.04515199040274291,0.08567213586151959,0.07838856763171903,-4888.294161174401,-4577.527681749616,1461.0945833632475,0.4444444444444444,0.0,0.12580058519181353
4.7,22.241402680240526,1.0814412558283986,22.267678558269566,-0.1768406653549507,-0.5614103357305631,-0.07038447851062045,0.6229477378476994,-7.9634705650544735,151.49681832602172,-16.71677308815741,0.04858462551661729,0.08663487376246871,0.0817439691845019,-4913.046882228269,-4665.773624780448,1461.0499843284151,0.4444444444444444,0.0,0.12135254915624216
4.716666666666667,22.24145374558331,1.1558820743657612,22.271468925213757,-0.1861735010543265,-0.5591154189594141,-0.06761169864675647,0.6326981165437542,-8.04049187797852,151.86475746282298,-16.765623043089906,0.051923005964361876,0.08735096221169064,0.084962632847481,-4930.774650907001,-4744.2022965469305,1461.0388448543526,0.4444444444444444,0.0,0.11657189421854565
4.733333333333333,22.241057214583552,1.2281801894431648,22.274942258064772,-0.19546093885371665,-0.5561425002706807,-0.06465359981653329,0.6436507216709173,-8.105020688057932,152.23245478883229,-16.816697776646134,0.0551652763457867,0.08782434924109662,0.08804491263231068,-4941.901063850228,-4813.996756974831,1461.057394820239,0.4444444444444444,0.0,0.11147172382160914
4.75,22.24027243842547,1.298283479790144,22.27813408096117,-0.20469192899138597,-0.5525147406708912,-0.061518289963229715,0.6557084348063863,-8.158127711924461,152.59988958006866,-16.870012035353113,0.058309167729284364,0.08805957058265453,0.09099020408623691,-4946.756855358932,-4876.180013612028,1461.1018319317493,0.4444444444444444,0.0,0.10606601717798228
4.766666666666667,22.239159220823975,1.3661315546146902,22.28107982737089,-0.21385572404936645,-0.5482474158517074,-0.05821436275322074,0.6687733177253011,-8.200699656459847,152.96704187481737,-16.925577388124395,0.06135200704969669,0.08806169250690585,0.09379700469373137,-4945.587397486349,-4931.635079899735,1461.1683244635951,0.4444444444444444,0.0,0.10036959095382887
4.783333333333333,22.237777804584972,1.4316558233321572,22.283814756063936,-0.22294175422388968,-0.5433485363251339,-0.05475087402133591,0.6827461660846645,-8.23345871319862,153.33389250825905,-16.983402474274257,0.06429072211892982,0.08783625702168796,0.09646296100348184,-4938.559169574633,-4981.1225723634525,1461.2530124404173,0.4444444444444444,0.0,0.09439805865747572
4.8,22.23618887437699,1.4947794668716203,22.286373893290673,-0.2319395116535219,-0.5378193475437225,-0.0511373169494452,0.6975260427241102,-8.256979332026102,153.70042314685566,-17.043493207624454,0.06712184223691207,0.08738922843912031,0.09898490351493638,-4925.765206354568,-5025.2959666971055,1461.35200768252,0.4444444444444444,0.0,0.08816778784387104
4.816666666666666,22.234453570432688,1.5554173127047795,22.28879199491055,-0.24083844197047954,-0.531654725473707,-0.047383596046307506,0.7130098045404922,-8.271702465251634,154.06661632345157,-17.105852941177435,0.06984149452218348,0.0867269405556995,0.10135887042099112,-4907.229582714512,-5064.714692492998,1461.461393069384,0.4444444444444444,0.0,0.08169585525225433
4.833333333333333,22.232633508542598,1.6134756171806217,22.29110352343301,-0.24962784148430514,-0.5248434817494261,-0.04350000000000013,0.7290916325403964,-8.27794751302675,154.43245547394713,-17.170482596177127,0.07244539614984569,0.08585604385657711,0.1035801212912686,-4882.911023512033,-5099.855263807769,1461.5772213267862,0.4444444444444444,0.0,0.07500000000000023
4.85,22.230790802033695,1.6688517594287717,22.293342635834907,-0.25829675863052287,-0.5173685914136837,-0.03949717347734068,0.7456625723868576,-8.275922211636518,154.79792497631828,-17.237380758788284,0.07492884271883518,0.0847834522698297,0.1056431417397863,-4852.70574525054,-5131.120635670093,1461.6955136173501,0.4444444444444444,0.0,0.0680985749609322
4.866666666666666,22.228988081493256,1.721433851461395,22.29554317867422,-0.26683389852488193,-0.509207355448747,-0.035386087947594715,0.7626100920806204,-8.26573069980453,155.16301019268775,-17.306543747099237,0.07728669299081081,0.08351628907507429,0.1075416400813347,-4816.449647850884,-5158.847955610197,1461.8122582059675,0.4444444444444444,0.0,0.061010496461370196
4.883333333333333,22.227288507836032,1.7711002694847402,22.29773868748014,-0.27522752966238695,-0.50033150988611,-0.03117801161044134,0.7798176640188715,-8.247379982282203,155.52769751509376,-17.37796565068928,0.07951335026420364,0.08206183162551348,0.10926853696257874,-4773.9199823540575,-5183.314850296452,1461.9234094783526,0.4444444444444444,0.0,0.05375519243179541
4.9,22.225755773939603,1.817719112087022,22.29996238770945,-0.2834653919962994,-0.490707293287998,-0.026884478510620324,0.7971643803092623,-8.22078498886,155.89197441555055,-17.451638344594834,0.08160274068088882,0.08042745458363228,0.11081594897153513,-4724.836626345109,-5204.7443534173235,1462.0248876115556,0.4444444444444444,0.0,0.04635254915624194
4.916666666666667,22.224454089495264,1.861147592130398,22.302247194750926,-0.291534605833015,-0.4802954848533164,-0.02251725692391933,0.8145246126961025,-8.185772402600954,156.2558295009473,-17.52755147915284,0.08354828881983929,0.07862057140726768,0.1121751672952332,-4668.863104597442,-5223.308543114312,1462.1125792290725,0.4444444444444444,0.0,0.03882285676537816
4.933333333333334,22.22344814294057,1.901231371072838,22.304625710563272,-0.29942158119214834,-0.469051426355866,-0.01808831710114506,0.831767731624938,-8.142083404142813,156.6192525732859,-17.605692446887165,0.0853428910222755,0.0766485738629064,0.113336632622592,-4605.6074988335695,-5239.1309152521035,1462.1823394200185,0.4444444444444444,0.0,0.0311867536226639
4.95,22.222803033346633,1.937803847337491,22.307130214567636,-0.3071119275160711,-0.4569250426306055,-0.013609798458500058,0.8487579026936466,-8.089375448896403,156.9822346957125,-17.686046327326352,0.08697888702753138,0.0745187693951554,0.11428990769215949,-4534.623398274985,-5252.287471231894,1462.229995562167,0.4444444444444444,0.0,0.023465169756034587
4.966666666666667,22.222584163919425,1.970685414538139,22.309792646404308,-0.314590363879573,-0.4438608774690481,-0.009093976304285802,0.865353982879636,-8.027223159665498,157.34476826475137,-17.76859581038929,0.08844803069146671,0.07223831625400853,0.11502364918009,-4455.411052466792,-5262.806443568865,1462.2513534630402,0.4444444444444444,0.0,0.015679269490147935
4.983333333333333,22.222857087327796,1.9996827112376387,22.312644578117986,-0.3218406301600593,-0.42979816469153787,-0.004553228193136191,0.8814095433591141,-7.95511837680279,157.7068470891029,-17.853321098737833,0.08974146082622039,0.06981415638437519,0.11552558103548001,-4367.418900553041,-5270.666515711057,1462.2422064224406,0.4444444444444444,0.0,0.00785039343644171
5.0,22.223687291383996,2.024587891940836,22.31571717327086,-0.3288453999961839,-0.4146709580115719,-5.3272135762909864e-17,0.8967730503120895,-7.872469359152298,158.0684664753202,-17.940199789259864,0.09084967356217373,0.06725294622591925,0.11578247192808801,-4270.045667987832,-5275.793310069928,1462.1983479244138,0.4444444444444444,0.0,9.18485099360515e-17
5.016666666666667,22.225139911675136,2.045177959817631,22.319041130408333,-0.3355861968062427,-0.3984083483508681,0.0045532281931360856,0.9112882397101554,-7.778599068898931,158.42962332063658,-18.02920673359614,0.09176249811667339,0.06456098576764129,0.11578012021747894,-4162.643244471819,-5278.053814104208,1462.1155887868329,0.4444444444444444,0.0,-0.007850393436441528
5.033333333333333,22.22727935559165,2.0612142160058076,22.322646608226705,-0.3420433146804611,-0.38093480386011724,0.009093976304285696,0.9247947266074843,-7.67274239879768,158.79031621317597,-18.120313877341307,0.09246907849339786,0.061744146464580485,0.11550335083567644,-4044.5205884251504,-5277.248281129126,1461.989779731889,0.4444444444444444,0.0,-0.01567926949014775
5.05,22.230168819863536,2.0724418992755482,22.326563129722985,-0.3481957466342483,-0.3621706765360154,0.013609798458499954,0.9371288938215563,-7.554042107466448,159.1505455397567,-18.213490077209745,0.09295786447504197,0.058807798969604946,0.1149360297671664,-3914.948947263884,-5273.098971250849,1461.8168404885555,0.4444444444444444,0.0,-0.023465169756034406
5.066666666666666,22.23386968128101,2.0785901146559826,22.330819462548448,-0.3540211235530109,-0.34203293064514406,0.018088317101144957,0.9481251090455982,-7.421543113732474,159.51031360149227,-18.30870089503285,0.09321661636637675,0.055756742080706814,0.11406110350121168,-3773.168743851601,-5265.234878042524,1461.592796694033,0.4444444444444444,0.0,-0.03118675362266372
5.083333333333333,22.238440737891978,2.0793721819870847,22.335443472739808,-0.35949566822628254,-0.3204361629901942,0.022517256923919225,0.9576173233121339,-7.274184661202195,159.86962473742116,-18.40590836691095,0.09323242936577807,0.052595134877366605,0.11286067303733179,-3618.398563197991,-5253.171307731374,1461.3138260167814,0.4444444444444444,0.0,-0.03882285676537798
5.1,22.24393727588005,2.0744865773171055,22.340461948956087,-0.3645941702282044,-0.2972940043666905,0.026884478510620223,0.9654411071494642,-7.110789698384437,160.2284854564683,-18.505070745140195,0.09299178527862023,0.04932643474904289,0.11131611488724898,-3449.8467852432773,-5236.282832191776,1460.9763150651584,0.4444444444444444,0.0,-0.04635254915624177
5.116666666666666,22.250409935923702,2.0636186940254864,22.345900394277777,-0.3692899891386591,-0.272521016419116,0.03117801161044095,0.9714361832642484,-6.930050633440603,160.5869045781725,-18.606142209624856,0.09248064163808531,0.04595334494506133,0.10940826519911852,-3266.726553517168,-5213.767727377039,1460.5769287503808,0.4444444444444444,0.0,-0.053755192431794746
5.133333333333333,22.257903352715807,2.0464437190715437,22.35178278245753,-0.3735550958170276,-0.2460352294220903,0.03538608794759447,0.9754495150501797,-6.730510437104887,160.944893382821,-18.709072544317426,0.09168457127594366,0.042477776451587776,0.10711768779889794,-3068.274945999939,-5184.601561869322,1460.1126938060358,0.4444444444444444,0.0,-0.06101049646136978
5.15,22.266454543379595,2.022631004957143,22.35813127509998,-0.37736016425019614,-0.21776150453029297,0.039497173477340726,0.9773390064780889,-6.51053793749958,161.30246577192767,-18.813806772754482,0.09058896907432597,0.03890083049667482,0.10442505272055107,-2853.777416611109,-5147.477195406183,1459.581098076546,0.4444444444444444,0.0,-0.06809857496093229
5.166666666666667,22.27609102606363,1.9918504201300147,22.364965895293572,-0.38067472999805896,-0.1876359473191274,0.04349999999999991,0.976977857063206,-6.268296200133984,161.6596384403752,-18.92028474494909,0.08917934703357396,0.03522280988028901,0.10131165865282284,-2622.5987833436166,-5100.728268190294,1458.9802068970537,0.4444444444444444,0.0,-0.07499999999999984
5.183333333333334,22.286828660914175,1.9537812752922281,22.37230415117379,-0.38346743549510165,-0.15561164293197013,0.04738359604630728,0.9742595893448358,-6.001703369436237,162.01643106198196,-19.02844066579381,0.08744174370795003,0.03144326970370996,0.0977601402791403,-2374.2222109515637,-5042.23368589812,1458.3087972865214,0.4444444444444444,0.0,-0.08169585525225394
5.2,22.298669224514008,1.90812453614653,22.38016059883692,-0.3857063873265075,-0.12166601484209077,0.05113731694944511,0.9691037165846431,-5.708386749058183,162.3728664906543,-19.13820255289637,0.08536327884623571,0.027561120974028103,0.09375540860076788,-2108.297698742621,-4969.302346239469,1457.5665096095913,0.4444444444444444,0.0,-0.08816778784387089
5.216666666666667,22.311597759189592,1.8546191111902763,22.388546326536392,-0.38735965565139513,-0.08581010466509327,0.05475087402133583,0.961461933914696,-5.385634069467048,162.72897097941438,-19.249491609873346,0.08293288723914224,0.023574803904130692,0.08928587648556349,-1824.7014169378388,-4878.541656760908,1456.7540146232257,0.4444444444444444,0.0,-0.09439805865747557
5.233333333333333,22.32557978453013,1.793062979718431,22.397468329359395,-0.38839595015656686,-0.04809998483343426,0.05821436275322065,0.9513245863555514,-5.030352185791395,163.0847744189947,-19.36222150056928,0.08014226436176666,0.0194825511514237,0.08434501793768928,-1523.6066542341032,-4765.722229702399,1455.873191151459,0.4444444444444444,0.0,-0.10036959095382872
5.25,22.340558524406624,1.7233396822082194,22.406928724006576,-0.38878550821410707,-0.008650275274072328,0.061518289963229646,0.938726989441414,-4.639054678888125,163.44031059552134,-19.476297512380636,0.07698704517746416,0.015282763812676257,0.0789332892745699,-1205.5658842226715,-4625.667163531475,1454.927305740735,0.4444444444444444,0.0,-0.10606601717798216
5.266666666666667,22.356452391590853,1.6454500485812813,22.41692372739499,-0.3885012256291733,0.0323507673397645,0.06465359981653332,0.9237549722489845,-4.20791763036062,163.7956174617016,-19.591615606187354,0.07346820830558994,0.01097452282265228,0.07306039005661276,-871.601199019006,-4452.220036792253,1453.9211803149744,0.4444444444444444,0.0,-0.11147172382160918
5.283333333333333,22.373153081486848,1.5595477515390637,22.42744229726107,-0.3875200428605422,0.0746260053569031,0.0676116986467563,0.9065488403205091,-3.7329666079547135,164.15073740594394,-19.70806137141446,0.0695936401896764,0.006558252173662557,0.06674774376272838,-523.2967559248316,-4238.380768990151,1452.8613271055633,0.4444444444444444,0.0,-0.11657189421854536
5.3,22.390524742726107,1.4659751388555917,22.43846432718542,-0.38582456265006226,0.1177967737400958,0.0703844785106203,0.8873049361573404,-3.210480382084253,164.50571748683652,-19.825508943800795,0.0653796991132613,0.0020365331781167784,0.06003091758554672,-162.8817667882784,-3976.7336436516653,1451.7560226277203,0.4444444444444444,0.0,-0.1213525491562419
5.316666666666666,22.408404781481693,1.3652928834143623,22.44995834090196,-0.383404812279872,0.16137721641137287,0.07296433941125177,0.8662742594068124,-2.6376978672235802,164.8606095753717,-19.94382000553532,0.06085249005412872,-0.0025849647350267985,0.05296148121784751,206.7137008197987,-3660.300363931142,1450.615286014318,0.4444444444444444,0.0,-0.12580058519181342
5.333333333333333,22.42660685759122,1.2582940164286398,22.4618787944539,-0.3802599758513303,0.2047813079470554,0.07534421012924607,0.8437582675310169,-2.01385846910172,165.2154703170163,-20.06284306994891,0.056048431026994396,-0.007296524436842491,0.04560757910844836,581.8537562051703,-3283.8848541685675,1449.4507250621675,0.4444444444444444,0.0,-0.12990381056766565
5.35,22.444926463317557,1.1459916108181685,22.474163404135833,-0.3763998262366107,0.24734804777937602,0.07751756760438792,0.8201027855874352,-1.3414568574109733,165.5703608003806,-20.182413336181924,0.05101363704750221,-0.012083547104899922,0.03805239115426692,958.2686043430168,-2845.78576345065,1448.2752208827583,0.4444444444444444,0.0,-0.13365097862825506
5.366666666666666,22.463149075899047,1.0295722045782285,22.486731317168005,-0.37184552371503504,0.28838710639774096,0.07947845481490623,0.7956912593831902,-0.6273644524034347,165.92534581792063,-20.302353439407224,0.0458017775646942,-0.016926055410970253,0.030389878365567093,1331.2237000656603,-2349.449077601352,1447.102443808698,0.4444444444444444,0.0,-0.13703181864639005
5.383333333333333,22.481060265845638,0.9103155220132175,22.49948321686971,-0.36662947565928405,0.3272405644084571,0.08122149710525652,0.7709376711460507,0.11671697615563303,166.28049264860067,-20.422475360990166,0.04047044348256324,-0.0217987531881446,0.02271789037970548,1695.7887758190789,-1804.3698874369693,1445.946229597413,0.4444444444444444,0.0,-0.1400370639745802
5.4,22.498456498052153,0.7894932393046284,22.512304288314265,-0.36079410751861024,0.36334849330396957,0.08274191691767835,0.7462775015797489,0.874942114481426,166.63586939038808,-20.54258356479386,0.03507660286475809,-0.026671779792016778,0.015129720498546691,2047.180748176021,-1225.5993583377947,1444.8198874264294,0.4444444444444444,0.0,-0.142658477444273
5.416666666666667,22.51515497924085,0.668269306842846,22.525070202014962,-0.3543896534483965,0.39630169494351297,0.08403554688714893,0.722153900108054,1.629201712582777,166.99154299710432,-20.662479126952295,0.029672155176569077,-0.031512125697555037,0.007706033216243217,2381.1246276911725,-631.7233513814585,1443.73554191022,0.4444444444444444,0.0,-0.14488887394336022
5.433333333333334,22.53100103424813,0.5476250046754503,22.537655174197607,-0.3474713321327714,0.4258679233446467,0.08509884126384108,0.698997674891682,2.36166601574513,167.34757727450145,-20.781964345551625,0.024300616075780938,-0.03628547554378539,0.000509162751267841,2694.1611929938663,-41.91615323269203,1442.7036121383765,0.4444444444444444,0.0,-0.14672214011007084
5.45,22.545872133818882,0.4283222576664024,22.549940359808566,-0.34009640691019244,0.4519874990320148,0.08592888563177697,0.6772034969446357,3.057136339533722,167.704031112067,-20.900847189976293,0.018995527726814645,-0.04095811659326534,-0.006419072981326962,2983.8408074991526,526.8902036308873,1441.7324967062482,0.4444444444444444,0.0,-0.14815325108927066
5.466666666666667,22.559678557086944,0.31090471676296233,22.561820811760604,-0.3323215849971504,0.4747447076091499,0.08652340489703977,0.6571078724803824,3.7045157158164495,168.06095715946495,-21.018945033146295,0.013780561414346715,-0.04549856195983141,-0.013056181841042796,3248.776196477796,1061.8573548727684,1440.82847960959,0.4444444444444444,0.0,-0.149178284305241
5.483333333333333,22.572361372633683,0.1957256586127268,22.57320992836873,-0.32420103647677845,0.494327059714461,0.08688076952364793,0.6389743876826816,4.2971952443155885,168.418401037725,-21.136087342750884,0.00867081428810399,-0.04987867094689333,-0.019395537919227247,3488.5665209394847,1554.8334769018306,1439.9958223618128,0.4444444444444444,0.0,-0.14979443021318609
5.5,22.583888742174814,0.08298860890794604,22.58404122003276,-0.31578511088787126,0.5109839680228199,0.087,0.6229887962223102,4.832589324860765,168.77640106063325,-21.25211726917714,0.0036746654359976934,-0.05407422108384643,-0.0254420291267056,3703.6327529568384,2001.9431854525012,1439.2369805514056,0.4444444444444444,0.0,-0.15
5.516666666666667,22.594251508753587,-0.027210779317258522,22.594267894032875,-0.3071196781379935,0.5249921846216298,0.08688076952364793,0.6092630555731704,5.311228540361111,169.1349883680035,-21.366892262106845,-0.0012043225309444757,-0.058065018208451585,-0.03120789090715156,3895.012493107052,2402.649026298617,1438.5528806915029,0.4444444444444444,0.0,-0.14979443021318609
5.533333333333333,22.603458784776322,-0.1348482989032121,22.603861021931607,-0.29824594733847126,0.536630728042664,0.08652340489703979,0.5978453338183574,5.735766350111564,169.4941873461415,-21.4802839426023,-0.005965755082996972,-0.0618346899307675,-0.03670930645081881,4064.1547273398523,2758.7001002663974,1437.943206835533,0.4444444444444444,0.0,-0.14917828430524102
5.55,22.611533965647766,-0.23994273847461692,22.612807008361198,-0.28920060703165923,0.54616486517445,0.08592888563177699,0.5887326616128289,6.110111533905756,169.85401621863647,-21.59217747057639,-0.01061112144133216,-0.06537030602534386,-0.041963932459357735,4212.740355285925,3073.21334201319,1437.406665102173,0.4444444444444444,0.0,-0.1481532510892707
5.566666666666666,22.61851135720064,-0.34253531726515635,22.621104890331686,-0.28001615467157126,0.553837258896621,0.0850988412638411,0.5818836415629053,6.4387668599583,170.2144877149766,-21.70247061392698,-0.015142868140289933,-0.06866193594150519,-0.04698926238007694,4342.540033661292,3349.978879696121,1436.941210662528,0.4444444444444444,0.0,-0.14672214011007087
5.583333333333333,22.624433448348984,-0.4426757115174217,22.628763789574094,-0.2707213185972485,0.5598641267531365,0.08403554688714895,0.577229674219972,6.726373113054115,170.57560975215753,-21.811072675435238,-0.019563770927230054,-0.07170221353309686,-0.05180164233595954,4455.310585092598,3592.9871637381902,1436.5442331205227,0.4444444444444444,0.0,-0.14488887394336028
5.6,22.629348775157414,-0.5404130790380482,22.635800676886024,-0.261341508788343,0.5644345715293,0.08274191691767838,0.5746840504350422,6.977421669362989,170.9373860884964,-21.9179033848125,-0.023876532463289597,-0.07448594563325221,-0.056415748342060736,4552.72543161637,3806.135496115988,1436.2127027251688,0.4444444444444444,0.0,-0.14265847744427307
5.616666666666666,22.633310287020223,-0.6357906312719227,22.642238499656976,-0.2518992583383796,0.5677117283460633,0.08122149710525654,0.5741488452919228,7.1960908776291514,171.29981692698905,-22.022891823717714,-0.028083540065379303,-0.07700977817291713,-0.06084436590379686,4636.332204474286,3993.063894720236,1435.9432828006131,0.4444444444444444,0.0,-0.14003706397458027
5.633333333333333,22.636374119367627,-0.728842598498012,22.648104662539907,-0.24241463537808997,0.5698348208910787,0.0794784548149064,0.5755198575644629,7.386166630920869,171.66289945797226,-22.125975422629075,-0.03218673128074202,-0.07927192011444403,-0.06509835460318553,4707.530519966382,4157.077013902532,1435.7324145500181,0.4444444444444444,0.0,-0.13703181864639036
5.65,22.63859868555386,-0.8195927378943906,22.6534298220285,-0.23290561656429384,0.5709215633494532,0.077517567604388,0.5786899561708043,7.551016656737612,172.02662833873018,-22.227099048783696,-0.036187528902729325,-0.0812719188649001,-0.06918671721026018,4767.56380908312,4301.119641865864,1435.5763800273294,0.4444444444444444,0.0,-0.13365097862825517
5.666666666666667,22.640044014355304,-0.9080537893350694,22.658246945787116,-0.2233884200281935,0.571070582380341,0.07534421012924614,0.5835512027482598,7.693596942843514,172.39099611230662,-22.326214191817265,-0.04008681859079936,-0.08301047845555312,-0.07311672115047223,4817.520345429396,4427.783365729551,1435.4713482379664,0.4444444444444444,0.0,-0.12990381056766576
5.683333333333334,22.640771274015048,-0.9942274776638507,22.662590588006633,-0.21387779940939936,0.5703636866111415,0.07296433941125184,0.5899960750012234,7.816475855097472,172.7559935702288,-22.423278246166085,-0.04388495102248847,-0.08448931169756255,-0.07689404008971189,4858.339853288982,4539.329824786838,1435.4134083910428,0.4444444444444444,0.0,-0.12580058519181353
5.7,22.640842436812456,-1.0781047991827848,22.666496337250464,-0.2043873024388289,0.5688679043177897,0.07038447851062037,0.5979180535351697,7.921866708277216,173.12161006491974,-22.51825388508196,-0.04758175678007928,-0.08571101851264828,-0.08052289668745499,4890.823131066013,4637.721509413961,1435.3985934570037,0.4444444444444444,0.0,-0.12135254915624201
5.716666666666667,22.64032004895775,-1.1596664259338223,22.670000400059028,-0.19492949825248812,0.5666372637135907,0.06761169864675638,0.6072117734923649,8.011663127986523,173.4878337778235,-22.611108519053182,-0.05117656649698749,-0.08667898398151162,-0.08400619607409406,4915.642951098199,4724.654752990082,1435.4228964520958,0.4444444444444444,0.0,-0.1165718942185455
5.733333333333333,22.639267079172644,-1.2388831255565491,22.673139290378362,-0.18551617771473733,0.563714319376617,0.0646535998165334,0.6177728892373973,8.087473901462447,173.85465194905407,-22.701813830694935,-0.05466823168193853,-0.08739729098810237,-0.08734564486493365,4933.3551096350175,4801.59192108405,1435.4822812857738,0.4444444444444444,0.0,-0.11147172382160932
5.75,22.637746825884545,-1.315716136484131,22.675949600946165,-0.1761585308057804,0.5601314427011453,0.06151828996322973,0.6294977578247295,8.150655522135063,174.22205107392872,-22.790345378223545,-0.058055143529351615,-0.08787064350555869,-0.09054185365810659,4944.408937413682,4869.791256053966,1435.572689555178,0.4444444444444444,0.0,-0.1060660171779823
5.766666666666667,22.63582286788713,-1.3901174650518218,22.678467837863387,-0.16686730475999903,0.5559119001524353,0.05821436275322074,0.6422830145675783,8.202341566954379,174.5900170711999,-22.87668226011019,-0.061335248231277596,-0.08810429752201937,-0.09359442275396639,4949.156882183712,4930.33370217797,1435.690044330101,0.4444444444444444,0.0,-0.10036959095382887
5.783333333333333,22.63355904694829,-1.4620300877799834,22.680730303702056,-0.15765294622755616,0.5510707443890912,0.054750874021335924,0.6560250902207126,8.243468605955558,174.95853542723324,-22.960806834202707,-0.06450605805753148,-0.08810399734791131,-0.09650201179410756,4947.862975734897,4984.146533247499,1435.8302517197512,0.4444444444444444,0.0,-0.09439805865747573
5.8,22.631019473470598,-1.5313880521530219,22.682773017752535,-0.14852573032267752,0.5456155422802553,0.051137316949445205,0.67061970236748,8.274798665837373,175.32759131983752,-23.042704485377026,-0.06756465792408575,-0.08787591560950775,-0.09926239448100581,4940.7101284922,5032.023873594523,1435.9892008294191,0.4444444444444444,0.0,-0.08816778784387105
5.816666666666666,22.628268548163746,-1.5981164750258174,22.68463166453371,-0.13949587904211078,0.539546961803198,0.047383596046307375,0.6859613419859071,8.296938443053657,175.69716972495578,-23.122363436555197,-0.070507707432567,-0.08742659565109806,-0.10187249971431607,4927.806276604163,5074.64433560668,1436.162762584809,0.4444444444444444,0.0,-0.0816958552522541
5.833333333333333,22.625370993952046,-1.6621314409497567,22.686341563614004,-0.13057367119492574,0.5328592374944776,0.043500000000000004,0.7019427685556846,8.310355544991696,176.06725550898508,-23.19977459866318,-0.07333143850784789,-0.08676289537280224,-0.10432844049802271,4909.189455780692,5112.586048531984,1436.3467878119695,0.4444444444444444,0.0,-0.07500000000000001
5.85,22.622391893144982,-1.7233398042916535,22.687937655240678,-0.1217695456801205,0.5255405319372327,0.03949717347734083,0.7184545224406392,8.315392067027872,176.43783350910354,-23.27493145577734,-0.07603164883438077,-0.08589193175096885,-0.10662553191466644,4884.8319043708325,5146.33935938141,1436.5371049023138,0.4444444444444444,0.0,-0.06809857496093247
5.866666666666666,22.619396725339385,-1.781638899739238,22.689454497350926,-0.11309419967713664,0.5175732088970157,0.03538608794759486,0.7353844608764939,8.312275811557383,176.80888860364652,-23.347829982315805,-0.07860369132734818,-0.08482102544605494,-0.10875829937839186,4854.643313249371,5176.317467668091,1436.7295173584541,0.4444444444444444,0.0,-0.06101049646137045
5.883333333333333,22.616451401663976,-1.8369161661372635,22.690926270323228,-0.10455868306995367,0.5089340322621919,0.03117801161044135,0.7526173231515809,8.301129436481798,177.18040577428297,-23.418468589668837,-0.08104245989389491,-0.0835576450170537,-0.11072047829828546,4818.473347402598,5202.86522354063,1436.9198015029153,0.4444444444444444,0.0,-0.05375519243179543
5.9,22.61362229086262,-1.8890486889274298,22.692386786385807,-0.09617449020057009,0.49959430394273757,0.026884478510620334,0.7700343310835648,8.281977793343808,177.55237016149113,-23.486848100135155,-0.08334237175823579,-0.08210935034627634,-0.11250500622709453,4776.113567277656,5226.266280134462,1437.103704635176,0.4444444444444444,0.0,-0.04635254915624196
5.916666666666667,22.6109762323677,-1.9379026670400898,22.693869500982377,-0.08795364983462443,0.4895199533519697,0.02251725692391919,0.7875128323741373,8.254753683878063,177.92476711461416,-23.55297174644385,-0.08549734665414764,-0.08048373494524644,-0.1141040085517022,4727.298879370719,5246.748748865366,1437.2769439409963,0.4444444444444444,0.0,-0.03882285676537792
5.933333333333334,22.60858053095169,-1.9833328111336783,22.695407523643354,-0.07990881401263898,0.47867159105544116,0.018088317101144922,0.8049259966496656,8.219302230386667,178.29758223758753,-23.616845195502574,-0.08750078323927997,-0.07868836687129861,-0.11550877881188513,4671.708646757672,5264.489461954451,1437.435206490685,0.4444444444444444,0.0,-0.031186753622663658
5.95,22.606502926764783,-2.0251816818198445,22.6970336260535,-0.07205334624650114,0.4670045396465275,0.013609798458500225,0.822142576803234,8.175384020695388,178.67080143125852,-23.678476595329375,-0.08934553316750238,-0.07673072804380737,-0.1167097548239494,4608.9675924249295,5279.61689927559,1437.5741507095693,0.4444444444444444,0.0,-0.02346516975603487
5.966666666666667,22.604811533565663,-2.0632789791888375,22.698780245070125,-0.06440140929330573,0.4544688559467861,0.009093976304285965,0.8390267515105804,8.122677152115882,179.04441093306795,-23.737876644407404,-0.09102387337855376,-0.07461815181679973,-0.11769649194858653,4538.6466322340775,5292.212785118483,1437.6894097646407,0.4444444444444444,0.0,-0.015679269490148216
5.983333333333333,22.60357473671998,-2.097440798845579,22.700679478446183,-0.05696805248742794,0.44100936031075927,0.004553228193136203,0.8554380683904895,8.060778259715155,179.4183973547224,-23.795058682958526,-0.0925274773408194,-0.07235775874907374,-0.1184576350939208,4460.26378107489,5302.312302141142,1437.7765973867877,0.4444444444444444,0.0,-0.007850393436441729
