t,vx,vy,speed,yaw,yaw_rate,steering_angle,ax,ay,pos_x,pos_y,sideslip,alpha_f,alpha_r,fy_f,fy_r,f_long,throttle,brake,steer_cmd
0.0,19.59848029878874,-0.024939842202983467,19.598496167250676,-0.0001999322886453952,-0.020099748593876338,-0.028999999999999998,1.0299572865498692,-1.8364311856376603,54.491448272901714,-0.0002868467338387567,-0.0012725389091708492,0.02709224043458291,5.409175611309866e-05,-2075.103510126905,-4.416396116885694,1630.9904820823772,0.4444444444444444,0.0,0.05
0.016666666666666666,19.61569678104563,-0.043477370013020634,19.615744963870917,-0.0007456420617450426,-0.04007487267332896,-0.028999999999999998,1.0327206268265887,-1.711691918533691,54.81826848298865,-0.001075006965380727,-0.00221645447019479,0.024735258264180975,0.00041122369461584103,-1907.9783689478982,-33.57673486406792,1629.8862975686673,0.4444444444444444,0.0,0.05
0.03333333333333333,19.632974505126544,-0.05431917871754387,19.63304964828759,-0.0016036285860986253,-0.058084058276889707,-0.028999999999999998,1.03473141124299,-1.636072201358537,55.14537531996848,-0.0023334345953855778,-0.002766724935290518,0.022919934223136637,0.0010407458523367349,-1776.8805929258222,-84.97765832013866,1628.778026098144,0.4444444444444444,0.0,0.05
0.05,19.650300190919122,-0.0588113446862038,19.650388198900803,-0.0027424982505340092,-0.0742608041569846,-0.028999999999999998,1.0360412053533545,-1.6020701978803726,55.47276889837291,-0.004044290948277396,-0.0029928890915700028,0.021565972166915578,0.0018802025135198136,-1677.825975667751,-153.50298807569254,1627.6664344838002,0.4444444444444444,0.0,0.05
0.06666666666666667,19.667657059211617,-0.05813428351279871,19.667742976601968,-0.00413318846028122,-0.08874753106703633,-0.028999999999999998,1.0367191315033673,-1.6025669013066677,55.800449016248315,-0.00620088090334367,-0.0029558230567780413,0.020601074170822423,0.0028766204370193034,-1606.6006105008528,-234.7883935036964,1626.5525595582926,0.4444444444444444,0.0,0.05
0.08333333333333333,19.685027102688125,-0.05331035373682993,19.685099289243666,-0.005749028200435542,-0.10168761646721064,-0.028999999999999998,1.036841830358322,-1.6310527516189774,56.128415165922746,-0.00880570838217856,-0.0027081610368228167,0.019961182196561414,0.003985545602661154,-1559.0857096184036,-325.1441366580661,1625.4375484865059,0.4444444444444444,0.0,0.05
0.1,19.702392614409657,-0.045215826343057985,19.702444498165605,-0.007565701181256702,-0.11322064166906906,-0.028999999999999998,1.0364868608679223,-1.6817337183210925,56.4566665393746,-0.011868709164157503,-0.002294936856046265,0.019590225678811676,0.005170070055804113,-1531.4413552793242,-421.48298364762167,1624.3225498760592,0.4444444444444444,0.0,0.05
0.11666666666666667,19.719737154177988,-0.03459487798945225,19.719767499528256,-0.00956115204951945,-0.12347965756652513,-0.028999999999999998,1.0357286178348537,-1.7495590474070695,56.78520203166189,-0.015405685015539385,-0.0017543257411879408,0.019439595988389565,0.006399891265979146,-1520.1968375731624,-521.253442641644,1623.2086437021496,0.4444444444444444,0.0,0.05
0.13333333333333333,19.737046103083852,-0.0220741439639996,19.73705844707081,-0.011715460758275715,-0.13258969255558817,-0.028999999999999998,1.03463598826598,-1.830200958879149,57.11402024472443,-0.01943694347626837,-0.001118411268076299,0.01946748951101454,0.007650428163720268,-1522.2827252585128,-622.377367877904,1622.0967998904796,0.4444444444444444,0.0,0.05
0.15,19.754306925504142,-0.008176954187517271,19.754308617858552,-0.01401070048226747,-0.14066702217658547,-0.028999999999999998,1.0332711658256974,-1.9200066906521693,57.44311949292359,-0.023986135726656185,-0.00041393270598354327,0.01963820597563589,0.00890200717813871,-1535.0284476801207,-723.1911567006077,1620.9878574186039,0.4444444444444444,0.0,0.05
0.16666666666666666,19.77150923030059,0.0066632474154615096,19.771510353099675,-0.016430788575492277,-0.14781891202572653,-0.028999999999999998,1.0316892172720131,-2.0159361649215457,57.772497810960054,-0.02907927819980079,0.00033701257124999303,0.01992145277536587,0.010139124881640165,-1556.1406358257782,-822.3902958654237,1619.8825176313771,0.4444444444444444,0.0,0.05
0.18333333333333332,19.788644700182125,0.022090562827306665,19.788657030304307,-0.018961336556595865,-0.15414366233798796,-0.028999999999999998,1.0299381256868347,-2.115493767124808,58.102152964297034,-0.03474394020091747,0.0011163247400577793,0.020291683608489368,0.011349789391282655,-1583.6716642685954,-918.9774521130125,1618.7813470062213,0.4444444444444444,0.0,0.05
0.2,19.805706939974314,0.03781549387263619,19.805743040939504,-0.021589503002921975,-0.15973085036607654,-0.028999999999999998,1.0280591262734682,-2.2166595973552887,58.43208246188293,-0.04100857852886493,0.001909320784914763,0.020727486128007497,0.012524939529590443,-1615.9841004044654,-1012.2145188133894,1617.684785843802,0.4444444444444444,0.0,0.05
0.21666666666666667,19.822691280292435,0.053605012817098806,19.82276376016172,-0.024303851927176864,-0.1646617046410386,-0.028999999999999998,1.0260872115070037,-2.3178235080208993,58.76228357077533,-0.047902000175049045,0.0027042181806474206,0.021211025109934452,0.013657938472975913,-1651.7144416726073,-1101.5790410339137,1616.59316033397,0.4444444444444444,0.0,0.05
0.23333333333333334,19.839594562162535,0.06927381529147901,19.839715503314917,-0.027094218347650714,-0.16900956629492234,-0.028999999999999998,1.0240517230091957,-2.4177238847306213,59.09275333218142,-0.05545293508096424,0.003491680918640169,0.02172754278245901,0.014744137016578472,-1689.7380961270874,-1186.7253157800342,1615.506696198864,0.4444444444444444,0.0,0.05
0.25,19.856414919852163,0.08467668681564006,19.856595468776053,-0.029951582150336536,-0.17284040474751095,-0.028999999999999998,1.0219769747906948,-2.5153922121100787,59.42348857841497,-0.06368970232221631,0.00426442405973737,0.022264915078318313,0.01578050055395657,-1729.1366905699203,-1267.4502768884195,1614.4255326861487,0.4444444444444444,0.0,0.05
0.26666666666666666,19.873151573019268,0.09970189474659748,19.873401669367382,-0.03286795087963623,-0.17621336267711254,-0.028999999999999998,1.0198828712018708,-2.6101038435505264,59.75448595030184,-0.0726399547203488,0.005016872030238262,0.022813260895947814,0.016765293322772302,-1769.1682544531795,-1343.6640822466807,1613.3497361116401,0.4444444444444444,0.0,0.05
0.2833333333333333,19.889804634810776,0.11426550813452235,19.890132855697306,-0.03583625173493828,-0.17918131063718273,-0.028999999999999998,1.0177854960309656,-2.7013349738139465,60.08574191462316,-0.08233048860539349,0.005744865431140571,0.023364600521672434,0.01769781331496266,-1809.2404945329054,-1415.3651593168581,1612.2793124624109,0.4444444444444444,0.0,0.05
0.3,19.906374939364383,0.12830654553569726,19.906788435008338,-0.03885023276946651,-0.18179139603908795,-0.028999999999999998,1.015697658499503,-2.788725538903517,60.4172527812548,-0.09278710715520541,0.006445411038498488,0.02391255890509177,0.018578171400152735,-1848.8871668328604,-1482.619348583652,1611.214218794345,0.4444444444444444,0.0,0.05
0.31666666666666665,19.922863889979567,0.14178285306152735,19.923368388805997,-0.04190437307257275,-0.18408557494015476,-0.028999999999999998,1.0136293885462326,-2.8720475996374883,60.74901471973298,-0.1040345273533829,0.007116469818097289,0.02445210932923512,0.01940710857576285,-1887.747423192488,-1545.5427152420823,1610.1543733127683,0.4444444444444444,0.0,0.05
0.3333333333333333,19.93927332777735,0.15466762020905214,19.939873191987814,-0.04499380155812911,-0.18610111829646622,-0.028999999999999998,1.011588378478722,-2.9511786752143636,61.08102377504321,-0.11609632209453147,0.007756778076142949,0.024979353071912742,0.020185845757862784,-1925.5479323562279,-1604.2875711475128,1609.0996641282466,0.4444444444444444,0.0,0.05
0.35,19.955605419764087,0.1669464481170399,19.95630373555826,-0.048114223871909736,-0.18787108708836386,-0.028999999999999998,1.0095803712966807,-3.0260794585931343,61.413275882489515,-0.12899489030248534,0.008365697257033672,0.025491330844758842,0.02091596109879042,-1962.0875333912609,-1659.0312524392782,1608.0499567453476,0.4444444444444444,0.0,0.05
0.36666666666666664,19.97186256469847,0.17861489293598284,19.972661254404297,-0.05126185686199967,-0.18942477300586083,-0.028999999999999998,1.0076094981132806,-3.096775349424806,61.74576688155228,-0.1427514491067974,0.008943088333832951,0.025985862071952824,0.021599290411549007,-1997.2241611968855,-1709.9672235710818,1607.005100380743,0.4444444444444444,0.0,0.05
0.3833333333333333,19.9880473149141,0.1896764153509273,19.98894726106868,-0.05443337002063155,-0.1907881032052118,-0.028999999999999998,1.0056785683976996,-3.163341269148558,62.07849252868501,-0.1573860431480362,0.009489207184049017,0.026461408395117562,0.022237846862005983,-2030.863782376824,-1757.2981171483127,1605.9649332265758,0.4444444444444444,0.0,0.05
0.4,20.00416231218436,0.20014067550915313,20.00516348601556,-0.05762583329616499,-0.19198400905016882,-0.028999999999999998,1.003789317453529,-3.225889266563848,62.41144850903404,-0.17291756696212468,0.010004617780173234,0.026916958137647617,0.02283375663513141,-2062.951089283429,-1801.2303641943672,1604.9292867817146,0.4444444444444444,0.0,0.05
0.4166666666666667,20.020210235766523,0.21002212038891022,20.021311824536955,-0.06083667068365645,-0.19303275978101966,-0.028999999999999998,1.001942615807427,-3.284558473292863,62.744630447090906,-0.18936379714067933,0.010490120436494159,0.027351928811309253,0.023389207777800253,-2093.4617165463924,-1841.970116324785,1603.897989371816,0.4444444444444444,0.0,0.05
0.43333333333333335,20.036193760881975,0.21933881782580947,20.037394290191802,-0.06406361902599725,-0.19395226276872676,-0.028999999999999998,1.0001386451466399,-3.339507021858758,63.07803391630698,-0.2067414315923383,0.010946692732356163,0.027766085086798183,0.023906409862076976,-2122.3957648638534,-1879.7202065268834,1602.8708689723196,0.4444444444444444,0.0,0.05
0.45,20.05211552604654,0.22811149790122567,20.05341297448869,-0.06730469149028452,-0.1947583324692884,-0.028999999999999998,0.998377045217056,-3.3909055911718875,63.41165444771339,-0.2250661337540728,0.01137544107306895,0.028159469969065775,0.024387562498436013,-2149.772439075806,-1914.6779368632856,1601.8477554388535,0.4444444444444444,0.0,0.05
0.4666666666666667,20.06797810783732,0.2363627681645787,20.069370012404782,-0.07055814522224635,-0.19546493045037625,-0.028999999999999998,0.9966570357530001,-3.4389322929094748,63.74548753759918,-0.24435258003564814,0.011777561152017573,0.028532347212240697,0.02483483106031741,-2175.6256300179543,-1947.0335184484306,1600.8284822385972,0.4444444444444444,0.0,0.05
0.48333333333333334,20.083784001855953,0.24411647422248098,20.085267553263808,-0.07382245272234127,-0.19608437896758393,-0.028999999999999998,0.9949775171122173,-3.4837686564286985,64.07952865430632,-0.26461450913792733,0.012154305842190466,0.028885153275195682,0.02525032826395215,-2200.0002913322796,-1976.9690211638151,1599.8128877649733,0.4444444444444444,0.0,0.05
0.5,20.099535608813877,0.25139718162262686,20.1011077364633,-0.07709627652851136,-0.1966275505628455,-0.028999999999999998,0.9933371528734429,-3.525596508979018,64.41377324420354,-0.28586477217849493,0.012506959274666492,0.0292184573565235,0.02563610048564677,-2222.949482638864,-2004.6577178850278,1598.800816307233,0.4444444444444444,0.0,0.05
0.5166666666666666,20.11523522481832,0.25822975874420406,20.116892671535354,-0.08037844683101376,-0.19710403607655272,-0.028999999999999998,0.9917344372455109,-3.5645955820353508,64.74821673690218,-0.30811538279662626,0.012836816058646726,0.029532928257543438,0.02599411789812386,-2244.531968890594,-2030.2637308468118,1597.792118736443,0.4444444444444444,0.0,0.05
0.5333333333333333,20.130885035075483,0.2646390436418112,20.13262442203812,-0.08366794168330224,-0.1975222933341821,-0.028999999999999998,0.9901677497522644,-3.600941703799539,65.08285454977636,-0.3313775666030739,0.013145164765772939,0.02982930700550184,0.026326267673393276,-2264.810282184289,-2053.94190665277,1596.7866529603045,0.4444444444444444,0.0,0.05
0.55,20.14648711034951,0.27064958054023264,20.1483049928009,-0.08696386950897021,-0.19788977860807222,-0.028999999999999998,0.9886353993055544,-3.63480546271285,65.41768209184885,-0.35566180949628695,0.013433274944178454,0.03010838432842606,0.026634349636934344,-2283.8491667779517,-2075.8378618682395,1595.784284191112,0.4444444444444444,0.0,0.05
0.5666666666666667,20.16204340562231,0.27628541400480394,20.163936320078722,-0.09026545363796869,-0.1982130627803166,-0.028999999999999998,0.9871356594635141,-3.666351247662412,65.75269476710103,-0.38097790449215535,0.01370238704827183,0.03037098221046834,0.026920073871174576,-2301.7143406466903,-2096.0881536346624,1594.7848850641144,0.4444444444444444,0.0,0.05
0.5833333333333334,20.177555760491316,0.28156993077419806,20.179520264209764,-0.09357201863555176,-0.19849793395423418,-0.028999999999999998,0.9856667963937441,-3.6957365879451083,66.08788797726294,-0.40733499681472685,0.013953704771724012,0.03061793887443406,0.027185059859288537,-2318.4715177382723,-2114.820539789997,1593.7883356373748,0.4444444444444444,0.0,0.05
0.6,20.193025900921032,0.2865257408916933,20.195058604407695,-0.09688297821469602,-0.1987494880868856,-0.028999999999999998,0.984227090819804,-3.723111730454036,66.4232571241355,-0.434741627075214,0.014188389356287275,0.030850096638869205,0.027430836836615922,-2334.185644331097,-2132.1543009991688,1592.7945232989873,0.4444444444444444,0.0,0.05
0.6166666666666667,20.208455442031145,0.2911745911540088,20.210553035359816,-0.1001978245471983,-0.1989722090484026,-0.028999999999999998,0.9828148550218168,-3.7486194034211864,66.75879761149471,-0.4632057724298236,0.0144075555203781,0.03106829218279142,0.027658845079410316,-2348.9203107310923,-2148.200603761155,1591.8033426030254,0.4444444444444444,0.0,0.05
0.6333333333333333,20.223845891660563,0.2955373050545366,20.226005165338872,-0.10351611881044975,-0.19917003935837427,-0.028999999999999998,0.9814284457848823,-3.7723947257860075,67.09450484662281,-0.49273488565666196,0.014612268710956597,0.03127334882391199,0.02787043791162774,-2362.737306146405,-2163.0628881791895,1590.8146950517983,0.4444444444444444,0.0,0.05
0.65,20.239198654494448,0.2996337443657228,20.241416515571544,-0.10683748282621693,-0.19934644270670376,-0.028999999999999998,0.9800662740389006,-3.794565229215005,67.430374241509,-0.5233359321307851,0.01480354343198993,0.03146607047783385,0.028066884252093516,-2375.6962901166444,-2176.837268320482,1589.8284888388089,0.4444444444444444,0.0,0.05
0.6666666666666666,20.254515036580997,0.3034827883138849,20.256788520638914,-0.11016159166484996,-0.19950445923674542,-0.028999999999999998,0.9787268118069133,-3.8152509662766034,67.76640121375854,-0.5550154247064877,0.014982342444288262,0.03164723701783918,0.0282493715583469,-2387.8545585001907,-2189.6129360684176,1588.8446385641225,0.4444444444444444,0.0,0.05
0.6833333333333333,20.269796250098146,0.3071023269748211,20.272122529713712,-0.11348816710340459,-0.19964675445203986,-0.028999999999999998,0.9774085969729636,-3.834564683537063,68.10258118724572,-0.5877794565388846,0.015149576666100811,0.03181760079891234,0.028419009051159953,-2399.2668858757256,-2201.4725617607355,1587.863064931629,0.4444444444444444,0.0,0.05
0.7,20.28504341825792,0.31050926608211327,20.28741980846583,-0.11681697183942161,-0.1997756625040342,-0.028999999999999998,0.9761102362917828,-3.85261204260587,68.43890959254328,-0.621633731894133,0.015306105632700179,0.03197788414680899,0.02857683112631395,-2409.9854294136026,-2212.492686755049,1586.8836944358147,0.4444444444444444,0.0,0.05
0.7166666666666667,20.300257580259153,0.3137195409105256,20.302681541491467,-0.1201478043737554,-0.199893224525992,-0.028999999999999998,0.9748304069887099,-3.8694918756049876,68.7753818671581,-0.6565835950104009,0.015452738397225302,0.03212877764433541,0.028723800878640397,-2420.05968192367,-2222.7441044839957,1585.9064590441178,0.4444444444444444,0.0,0.05
0.7333333333333333,20.315439696218174,0.31674813728986034,20.317908835142305,-0.12348049448606889,-0.20000122259691835,-0.028999999999999998,0.9735678572368409,-3.885296464317428,69.11199345559952,-0.6926340570808381,0.015590234775102267,0.032270939073448884,0.02886081367836574,-2429.5364639789877,-2232.29222764845,1584.931295879673,0.4444444444444444,0.0,0.05
0.75,20.3305906520228,0.31960911813300585,20.333102720650153,-0.12681489923558512,-0.20010120984774157,-0.028999999999999998,0.9723214057474336,-3.9001118345114674,69.44873980930512,-0.7297898214360712,0.01571930685108921,0.03240499289409933,0.02898870075207016,-2438.459946826029,-2241.1974400223394,1583.9581469081843,0.4444444444444444,0.0,0.05
0.7666666666666666,20.34571126406759,0.3223156541365114,20.34826415745845,-0.13015089942755761,-0.20019453715920082,-0.028999999999999998,0.9710899406674104,-3.914018058740179,69.78561638644548,-0.7680553070077416,0.01584062068195608,0.03253153015955818,0.029108232730593018,-2446.8716992864506,-2249.5154319647336,1582.986958631815,0.4444444444444444,0.0,0.05
0.7833333333333333,20.360802283839078,0.324880057541833,20.363394036686884,-0.13348839649283104,-0.20028237684592412,-0.028999999999999998,0.9698724179428702,-3.9270895623656124,70.1226186516276,-0.807434670156805,0.015954798139476666,0.032651108783873034,0.02922012313440697,-2454.8107530877332,-2257.2975191999726,1582.0176817922602,0.4444444444444444,0.0,0.05
0.8,20.375864402328027,0.32731381803789683,20.378493184667434,-0.13682730973392884,-0.2003657436731378,-0.028999999999999998,0.9686678592786842,-3.9393954287211086,70.45974207551484,-0.847931824951092,0.01606241884816518,0.032764254090512125,0.02932503177367778,-2462.3136820754817,-2264.590944770741,1581.0502710846054,0.4444444444444444,0.0,0.05
0.8166666666666667,20.39089825425281,0.3296276400470113,20.393562366501182,-0.14016757389643472,-0.20044551351049553,-0.028999999999999998,0.9674753498003962,-3.9509997002593424,70.79698213437858,-0.8895504619763296,0.016164022180352032,0.032871459582611125,0.02942356804570106,-2469.41469159691,-2271.439164320322,1580.0846848830895,0.4444444444444444,0.0,0.05
0.8333333333333334,20.405904422083726,0.3318314807715828,20.40860228959463,-0.1435091370291213,-0.20052243989089713,-0.028999999999999998,0.9662940355049736,-3.961961673282655,71.13433430959617,-0.9322940657636571,0.016260109278028664,0.03297318788483564,0.02951629411688342,-2476.1457150344177,-2277.882115040769,1579.1208849795123,0.4444444444444444,0.0,0.05
0.85,20.42088343986238,0.33393458849280533,20.423613607142038,-0.14685195860040517,-0.2005971687102106,-0.028999999999999998,0.9651231205707169,-3.9723361844521734,71.47179408710683,-0.9761659309148716,0.016351145076618487,0.03306987181500046,0.02960372798009386,-2482.5365150362113,-2283.9564687503807,1578.1588363347319,0.4444444444444444,0.0,0.05
0.8666666666666667,20.435835796814025,0.33594554070805244,20.438596921527346,-0.15019600784234474,-0.2006702512759117,-0.028999999999999998,0.9639618645832049,-3.982173887752482,71.80935695683696,-1.0211691770043403,0.016437560310632322,0.03316191555047345,0.029686346381198683,-2488.6147874591916,-2289.695869650011,1577.198506843434,0.4444444444444444,0.0,0.05
0.8833333333333333,20.450761940753583,0.33787228177402645,20.4535527876251,-0.15354126229660472,-0.200742155888289,-0.028999999999999998,0.962809579723106,-3.9915215209725607,72.14701841210398,-1.0673067623338766,0.016519753485192457,0.03324969586023035,0.029764587611028466,-2494.4062664253547,-2295.1311573632443,1576.239867112178,0.4444444444444444,0.0,0.05
0.9,20.46566228128819,0.33972215979025966,20.46848171598457,-0.15688770653964745,-0.20081327811655672,-0.028999999999999998,0.9616656279525313,-4.000422161070288,72.48477394900722,-1.114581496613966,0.01659809280078533,0.03333356337837955,0.029838854161005533,-2499.9348292114196,-2300.2905758983743,1575.2828902505553,0.4444444444444444,0.0,0.05
0.9166666666666666,20.480537192820986,0.3415019625143388,20.483384175885703,-0.16023533106691898,-0.20088394991357725,-0.028999999999999998,0.9605294182290853,-4.00891546803227,72.82261906581313,-1.162996052641662,0.01667291802143186,0.033413843899179854,0.02990951524226471,-2505.222599954155,-2305.1999691861647,1574.3275516752008,0.4444444444444444,0.0,0.05
0.9333333333333333,20.495387017362063,0.3432179521479271,20.49826059825882,-0.16358413131802008,-0.20095444769655582,-0.028999999999999998,0.9594004037705215,-4.017037917034949,73.16054926234071,-1.2125529770422876,0.016744542278833943,0.033490839677141976,0.029976909169392482,-2510.290051370752,-2309.8829638511515,1573.3738289262794,0.4444444444444444,0.0,0.05
0.95,20.51021206715349,0.3448758988726969,20.51311137846309,-0.16693410682682305,-0.20102499950673594,-0.028999999999999998,0.9582780793877962,-4.024823018867018,73.49856003935268,-1.2632547001388557,0.016813253807036802,0.03356483071883397,0.03004134561094348,-2515.156103872608,-2314.3611398690637,1572.4217014960275,0.4444444444444444,0.0,0.05
0.9666666666666667,20.52501262711594,0.3464811130488346,20.527936878921086,-0.17028526048224618,-0.20109579134852335,-0.028999999999999998,0.9571619789000756,-4.03230152869458,73.83664689795712,-1.315103545009872,0.01687931760380074,0.03363607605558114,0.030103107709712782,-2519.83822159867,-2318.6541897515503,1571.4711506688673,0.4444444444444444,0.0,0.05
0.9833333333333333,20.539788957125083,0.34803847601682836,20.542737431608906,-0.17363759788695318,-0.2011669727973745,-0.028999999999999998,0.9560516726417558,-4.039501643345601,74.17480533902264,-1.3681017357929772,0.01694297701625157,0.033704814988431,0.030162454076381247,-2524.3525050163557,-2322.7800668833493,1570.5221593725882,0.4444444444444444,0.0,0.05
1.0,20.554541294125904,0.3495524694666214,20.557513340402753,-0.1769911268026318,-0.20123866195600362,-0.028999999999999998,0.9549467650686944,-4.046449187364207,74.51303086261089,-1.4222514052887045,0.017004455249520344,0.03377126829860111,0.030219620660642203,-2528.7137798385793,-2326.755123618203,1569.574712040061,0.4444444444444444,0.0,0.05
1.0166666666666666,20.569269854093495,0.3510272033576158,20.5722648832844,-0.1803458566717388,-0.201310949829821,-0.028999999999999998,0.953846892468488,-4.053167788141874,74.85131896742857,-1.4775546019155412,0.01706395679802406,0.03383563941818983,0.030274822504282713,-2532.93568208806,-2330.5942397187923,1568.628794480946,0.4444444444444444,0.0,0.05
1.0333333333333332,20.583974833848686,0.3524664423890215,20.586992314408786,-0.18370179820670063,-0.2013839041848685,-0.028999999999999998,0.9527517207777113,-4.05967904047533,75.18966515030094,-1.5340132960644572,0.01712166879981089,0.03389811555724961,0.0303282553809537,-2537.0307392080185,-2334.310941703832,1567.6843937628557,0.4444444444444444,0.0,0.05
1.05,20.59865641273689,0.3538736310331749,20.601695866038,-0.18705896303854128,-0.20145757294473743,-0.028999999999999998,0.9516609435074397,-4.066002660932173,75.52806490566847,-1.5916293858981552,0.017177762315020828,0.033958868784433174,0.03038009732753771,-2541.010447173931,-2337.9175136426575,1566.7414981014324,0.4444444444444444,0.0,0.05
1.0666666666666667,20.61331475417835,0.35525191715511545,20.616375750346357,-0.19041736341778664,-0.20153198717693657,-0.028999999999999998,0.9505742797771166,-4.072156632427127,75.86651372510781,-1.6504047026374737,0.017232393530017626,0.03401805705935512,0.030430510072124058,-2544.885343606259,-2341.425099914462,1565.8000967588084,0.4444444444444444,0.0,0.05
1.0833333333333333,20.62795000709775,0.356604174250274,20.631032161101796,-0.1937770119612798,-0.201607163713822,-0.028999999999999998,0.9494914724557832,-4.078157339426305,76.20500709687754,-1.7103410153746834,0.01728570488914827,0.03407582521559076,0.030479640363642892,-2548.665076920799,-2344.843800426339,1564.860179949941,0.4444444444444444,0.0,0.05
1.1,20.64256230724088,0.35793302233890195,20.645665275229145,-0.1971379214392421,-0.2016831074484317,-0.028999999999999998,0.9484122864088714,-4.084019694204966,76.54354050548972,-1.7714400354508195,0.017337826156398117,0.03413230589388163,0.030527621208200687,-2552.358471582715,-2348.1827587613516,1563.9217387563192,0.4444444444444444,0.0,0.05
1.1166666666666667,20.65715177838584,0.35924084756111996,20.66027525426091,-0.20050010459754355,-0.20175981334131404,-0.028999999999999998,0.9473365068480932,-4.089757254587391,76.88210943130689,-1.833703420431731,0.017388875409446416,0.034187620425651946,0.030574573017110085,-2555.973589553758,-2351.4502437053916,1562.984765046557,0.4444444444444444,0.0,0.05
1.1333333333333333,20.671718533455817,0.36052982052041455,20.674862245681474,-0.20386357401070626,-0.20183726817063877,-0.028999999999999998,0.9462639377814677,-4.095382333596538,77.22070935016488,-1.8971327777151756,0.01743895996879968,0.034241879667378114,0.030620604671523485,-2559.5177880404926,-2354.653724579538,1562.0492514034179,0.4444444444444444,0.0,0.05
1.15,20.686262675540267,0.3618019134262639,20.68942638417047,-0.20722834196166767,-0.20191545205448092,-0.028999999999999998,0.9451944005601338,-4.100906101436783,77.5593357330211,-1.9617296677990537,0.017488177264799447,0.034295184786708996,0.030665814508469513,-2562.9977736654605,-2357.799940783141,1561.115191056829,0.4444444444444444,0.0,0.05
1.1666666666666667,20.700784298830943,0.3630589160884882,20.703967792751154,-0.21059442034477963,-0.20199433977112627,-0.028999999999999998,0.9441277325183003,-4.106338680225992,77.89798404562778,-2.027495607238764,0.017536615645374266,0.03434762800151782,0.030710291232958858,-2566.4196531936295,-2360.894965931931,1560.182577822459,0.4444444444444444,0.0,0.05
1.1833333333333333,20.715283489478878,0.3643024508170549,20.718486583849398,-0.21396182058892074,-0.20207390190052144,-0.028999999999999998,0.9430637857024975,-4.111689231883995,78.2366497482299,-2.0944320713196602,0.01758435512744155,0.03439929327329055,0.030754114760677326,-2569.78898095404,-2363.9442669551822,1559.2514060454694,0.4444444444444444,0.0,0.05
1.2,20.72976032637813,0.3655339862815361,20.732982860268987,-0.21733055359795997,-0.20215410580754725,-0.028999999999999998,0.9420024256861608,-4.116966039573541,78.57532829528702,-2.162540496468699,0.01763146809486844,0.034450256956426006,0.030797356995621368,-2573.1108031014264,-2366.9527584962907,1558.3216705490606,0.4444444444444444,0.0,0.05
1.2166666666666666,20.744214881881707,0.36675485038434114,20.74745671608843,-0.2207006297061302,-0.20223491648560174,-0.028999999999999998,0.9409435304654844,-4.122176583077576,78.91401513521834,-2.2318222824275993,0.017678019945878597,0.03450058840515066,0.03084008254685999,-2576.3896988655088,-2369.9248529421434,1557.3933665874506,0.4444444444444444,0.0,0.05
1.2333333333333334,20.75864722245484,0.3679662422013095,20.761908237484622,-0.22407205864615812,-0.20231629727700984,-0.028999999999999998,0.9398869894324978,-4.127327608483322,79.25270571017002,-2.3022787942081537,0.017724069692747608,0.03455035053984005,0.03088234938842881,-2579.6298189366767,-2372.864506388341,1556.4664898029657,0.4444444444444444,0.0,0.05
1.25,20.773057409270372,0.3691692430423444,20.77633750348822,-0.22744484952825358,-0.20239821048500992,-0.028999999999999998,0.9388327024212856,-4.132425192529554,79.59139545580435,-2.3739113638487632,0.017769670516568588,0.034599600374596896,0.03092420946617969,-2582.834921136458,-2375.7752608296805,1555.5410361869108,0.4444444444444444,0.0,0.05
1.2666666666666666,20.78744549875083,0.3703648266835546,20.790744586675594,-0.23081901082828993,-0.2024806178904784,-0.028999999999999998,0.9377805788233657,-4.137474801958932,79.93007980110931,-2.446721291989809,0.017814870279793744,0.03464838950796707,0.0309657092552256,-2586.008403519561,-2378.6602828483365,1554.617002043945,0.4444444444444444,0.0,0.05
1.2833333333333332,20.801811543061383,0.3715538688209233,20.805129553801812,-0.23419455038371226,-0.20256348118512843,-0.028999999999999998,0.9367305367682824,-4.142481348202155,80.2687541682281,-2.520709849284076,0.017859711999171704,0.03469676457868327,0.031006890271435786,-2589.1533350517357,-2381.5223990558843,1553.6943839596702,0.4444444444444444,0.0,0.05
1.3,20.81615559055757,0.37273715579388267,20.819492466378968,-0.23757147539589146,-0.20264676233163686,-0.028999999999999998,0.9356825023655787,-4.147449237705724,80.60741397230731,-2.595878277657188,0.017904234281605674,0.034744767688316844,0.031047789540254056,-2592.2724840043375,-2384.364128529708,1552.7731787711823,0.4444444444444444,0.0,0.05
1.3166666666666667,20.830477686191568,0.37391539262539114,20.833833381203927,-0.24094979243780476,-0.2027304238600022,-0.028999999999999998,0.9346364090044404,-4.152382418199841,80.94605462136312,-2.6722277914317827,0.017948471725356636,0.03479243679269331,0.031088440025932508,-2595.36834420251,-2387.187712469376,1551.853383540348,0.4444444444444444,0.0,0.05
1.3333333333333333,20.844777871880318,0.3750892104232259,20.848152350839324,-0.24432950746606727,-0.20281442910840491,-0.028999999999999998,0.9335921967074022,-4.157284421187973,81.28467151616432,-2.7497595783280717,0.017992455288911142,0.03483980606388984,0.03112887102409698,-2598.4431592594037,-2389.9951412843197,1550.9349955295802,0.4444444444444444,0.0,0.05
1.35,20.859056186838785,0.3762591731852466,20.86244942405142,-0.2477106258364674,-0.20289874241591194,-0.028999999999999998,0.9325498115346584,-4.1621584009246515,81.6232600501315,-2.8284748003523603,0.01803621262972542,0.0348869062245861,0.031169108520388417,-2601.498944924039,-2392.7881793104907,1550.0180121798999,0.4444444444444444,0.0,0.05
1.3666666666666667,20.873312667881184,0.377425784049391,20.87672464620814,-0.2510931523222721,-0.20298332927353613,-0.028999999999999998,0.9315092050356719,-4.1670071701335285,81.96181560925118,-2.9083745945841564,0.01807976841494918,0.03493376485648468,0.0312091755177581,-2604.537509665241,-2395.5683873407793,1549.1024310911023,0.4444444444444444,0.0,0.05
1.3833333333333333,20.887547349692998,0.37858949102714734,20.89097805964056,-0.25447709113466876,-0.20306815643941545,-0.028999999999999998,0.9304703337449013,-4.171833232703398,82.30033357200418,-2.9894600738716024,0.018123144606123274,0.03498040668445687,0.031249092334833372,-2607.56047360884,-2398.337143141574,1548.1882500038407,0.4444444444444444,0.0,0.05
1.4,20.90176026507627,0.3797506922572363,20.90520970397071,-0.2578624459448007,-0.20315319202320717,-0.028999999999999998,0.9294331587186304,-4.176638813585962,82.63880930930742,-3.0717323274441215,0.018166360719737883,0.03502685383800402,0.031288876877616334,-2610.5692859398537,-2401.0956601162197,1547.275466783465,0.4444444444444444,0.0,0.05
1.4166666666666667,20.915951445170524,0.38090974081424267,20.919419616408533,-0.26124921990692845,-0.20323840554419495,-0.028999999999999998,0.9283976451100333,-4.18142588610577,82.97723818446815,-3.155192421450415,0.018209434065431296,0.03507312609155664,0.031328544886629166,-2613.56524087595,-2403.845004264999,1546.3640794054622,0.4444444444444444,0.0,0.05
1.4333333333333333,20.93012091965142,0.382066949104977,20.93360783202046,-0.26463741568232374,-0.20332376796706955,-0.028999999999999998,0.9273637617797493,-4.186196196879662,83.31561555314988,-3.2398413994292303,0.018252379963505705,0.035119241085063105,0.03136811016147851,-2616.54949231301,-2406.5861095808054,1545.454085942356,0.4444444444444444,0.0,0.05
1.45,20.94426871690922,0.3832225928834321,20.94777438397212,-0.26802703546355794,-0.2034092517188664,-0.028999999999999998,0.9263314809394063,-4.190951288530629,83.6539367633492,-3.325680282719665,0.018295211943335127,0.03516521452624846,0.031407584764675964,-2619.5230672381977,-2409.3197920097696,1544.5454845519394,0.4444444444444444,0.0,0.05
1.4666666666666666,20.95839486420881,0.38437691491333636,20.961919303747273,-0.27141808099890546,-0.20349483069011526,-0.028999999999999998,0.9253007778256566,-4.195692520369054,83.99219715538273,-3.412710070817173,0.018337941924142856,0.03521106037585287,0.03144697920642377,-2622.4868780006627,-2412.0467620967597,1543.638273466715,0.4444444444444444,0.0,0.05
1.4833333333333334,20.97249938783299,0.3855301283055072,20.976042621345105,-0.2748105536166261,-0.2035804802228752,-0.028999999999999998,0.9242716304024539,-4.200421087202756,84.33039206188366,-3.500931741680879,0.018380580379531376,0.03525679101708775,0.03148630261195326,-2625.441733524732,-2414.767636426901,1542.7324509844384,0.4444444444444444,0.0,0.05
1.5,20.984530055667094,0.3692043804136126,20.987777717798334,-0.2783460380497971,-0.21788320274047715,-0.057999999999999996,0.7889761588724293,-5.511805239414377,84.66844220810871,-3.590536713580027,0.017592306827219056,0.06304943571012765,0.031567565368105274,-4106.670410724899,-2417.9057420120007,1541.923398184294,0.4444444444444444,0.0,0.1
1.5166666666666666,20.996339064292528,0.35726577891711,20.99937839412209,-0.2821312252966786,-0.23253587239857842,-0.057999999999999996,0.7914716305573383,-5.469888722618418,85.00628280333845,-3.681671005437213,0.017013980576507774,0.06152372265007308,0.03186894207771461,-4041.57131926267,-2438.110831692763,1541.1652520201653,0.4444444444444444,0.0,0.1
1.5333333333333332,21.008132816395474,0.3507726782483059,21.011061037061356,-0.2861511755486498,-0.2462788484857533,-0.057999999999999996,0.7933895437597073,-5.449644943790147,85.34391141745877,-3.7743242746637975,0.016695443117388627,0.060320660732757915,0.032378880778390476,-3988.9592750291667,-2472.0225589406923,1540.4077496775383,0.4444444444444444,0.0,0.1
1.55,21.019889731203666,0.3490716652632508,21.022788001106107,-0.2903905910358738,-0.2591017093331395,-0.057999999999999996,0.7947429734253739,-5.44876362842331,85.68132354560551,-3.8684916792100337,0.01660520514759654,0.059409163618600706,0.03306456040860823,-3948.3421808791027,-2517.222679476759,1539.6522615525137,0.4444444444444444,0.0,0.1
1.5666666666666667,21.031587916124217,0.35154886444541883,21.03452582963911,-0.29483420274495536,-0.27101287916022415,-0.057999999999999996,0.7955597883853054,-5.464844969025271,86.01851274774032,-3.9641732664083578,0.016713722727536514,0.05875880189535175,0.033896305579403624,-3918.9640347943014,-2571.478579993828,1538.9001936920263,0.4444444444444444,0.0,0.1
1.5833333333333333,21.043206009400215,0.35763592603823724,21.046244857685434,-0.2994670375079043,-0.28203518496302865,-0.057999999999999996,0.7958784479014412,-5.49550312323003,86.35547081140595,-4.061373317024817,0.016993679507215316,0.0583404012839512,0.03484760874322432,-3899.8932512004353,-2632.7759825029384,1538.1529303210887,0.4444444444444444,0.0,0.1
1.6,21.054723816008618,0.3668131472575652,21.057918863301794,-0.3042746171496864,-0.29220200760483067,-0.057999999999999996,0.7957442155768161,-5.538444347368292,86.69218791972823,-4.160099700396986,0.017420130761278636,0.05812645932243954,0.03589504471373023,-3890.0982822539913,-2699.3334294533174,1537.4117897708031,0.4444444444444444,0.0,0.1
1.6166666666666667,21.06612275367276,0.37861034008148986,21.06952476119065,-0.30924309994164223,-0.30155405162811705,-0.057999999999999996,0.7952059625006966,-5.5915218360423316,87.02865281899219,-4.260363260103234,0.017970539118883265,0.058091408513273705,0.037018110351018346,-3888.508679638495,-2769.6033418242796,1536.6779929380036,0.4444444444444444,0.0,0.1
1.6333333333333333,21.077386134833766,0.3926060084490594,21.081042330842017,-0.31435937443109085,-0.31013670577160807,-0.057999999999999996,0.7943136131436762,-5.652770489846728,87.36485298145854,-4.362177243469054,0.018624729323310715,0.05821175537572002,0.03819901624372842,-3894.0617895644837,-2842.2635851700766,1535.952642723166,0.4444444444444444,0.0,0.1
1.65,21.08849931387248,0.4084253224689785,21.09245397186477,-0.3196111149326254,-0.31799793813456867,-0.057999999999999996,0.7931162102079014,-5.720425305201426,87.70077476029341,-4.465556783002769,0.01936478564171187,0.05846612327626287,0.03942245158037201,-3905.7364804368253,-2916.202709867881,1535.2367125949593,0.4444444444444444,0.0,0.1
1.6666666666666667,21.09944972861917,0.42573729341378946,21.103744480388567,-0.32498680689025355,-0.32518665784821854,-0.057999999999999996,0.7916605310168545,-5.792927063114686,88.03640353452113,-4.570518433655925,0.020174911437170675,0.05883522371349774,0.040675338361065856,-3922.57587037293,-2990.501362006104,1534.5310423965645,0.4444444444444444,0.0,0.1
1.6833333333333333,21.110226862711535,0.44425147113817076,21.114900841935206,-0.3304757491500619,-0.3317514727855148,-0.057999999999999996,0.7899901685758024,-5.868918673071474,88.37172384275891,-4.677079766593999,0.02104126640684685,0.059301776878655024,0.041946586774273355,-3943.7011656873156,-3064.4117838779976,1533.836339639786,0.4444444444444444,0.0,0.1
1.7,21.120822151759466,0.4637144109961363,21.12591203761908,-0.3360680390371593,-0.3377397760825341,-0.057999999999999996,0.7881449867445196,-5.94723505109091,88.70671950516527,-4.785259017839444,0.021951793362078573,0.05985039840672081,0.04322685997825267,-3968.318613509369,-3137.3368311373224,1533.1531847514561,0.4444444444444444,0.0,0.1
1.7166666666666666,21.13122885229764,0.4839060931196284,21.13676886175213,-0.3417545450716398,-0.343197100381867,-0.057999999999999996,0.7861608645719228,-6.026888881694366,89.04137373354257,-4.895074788575688,0.022896043309928088,0.060467465618833455,0.04450835365260335,-3995.721334345152,-3208.809522123261,1532.482038989436,0.4444444444444444,0.0,0.1
1.7333333333333334,21.141441888628236,0.5046364238115577,21.147463749832554,-0.34752687121621906,-0.3481666860946209,-0.057999999999999996,0.7840696552019376,-6.107054099059284,89.37566922990534,-5.006545792932189,0.02386500502411193,0.06114097339829965,0.04578459345492902,-4025.2875135283152,-3278.473798865639,1531.8232539981445,0.4444444444444444,0.0,0.1
1.75,21.151457689143854,0.5257419063345345,21.157990616495674,-0.3533773157329667,-0.35268921763126176,-0.057999999999999996,0.7818992969006628,-6.18704846096572,89.7095882740801,-5.1196906485694775,0.024850943241632274,0.06186038719242593,0.04705025184566424,-4056.476142041126,-3346.0669131280765,1531.1770822059632,0.4444444444444444,0.0,0.1
1.7666666666666666,21.16127402070039,0.547082535427878,21.168344703347483,-0.35929882703631955,-0.3568026889075626,-0.057999999999999996,0.7796740258731563,-6.266316197621939,90.0431128010656,-5.234527705227087,0.025847248033872058,0.0626164984778256,0.04830098453848544,-4088.8212330160286,-3411.403647380768,1530.5436874690347,0.4444444444444444,0.0,0.1
1.7833333333333332,21.170889827114014,0.5685389450702679,21.178522436748537,-0.36528495835590624,-0.36054236618335417,-0.057999999999999996,0.7774146516383558,-6.344411399922523,90.3762244689727,-5.351074906484582,0.026848296708728705,0.06340128632151415,0.04953328600449614,-4121.925212069172,-3474.362431415197,1529.9231555345834,0.4444444444444444,0.0,0.1
1.8,21.18030507586194,0.5900098208907643,21.188521295629165,-0.3713298225538686,-0.3639408222916775,-0.057999999999999996,0.775138865347649,-6.420982563915032,90.70890471840052,-5.469349680234342,0.027849328733138484,0.06420778735301591,0.05074436292326519,-4155.451990619835,-3534.873311385031,1529.315504032683,0.4444444444444444,0.0,0.1
1.8166666666666667,21.18952061552022,0.6114095758740359,21.19833968934895,-0.3774280480642121,-0.36702802151717656,-0.057999999999999996,0.7728615594312817,-6.495758521796139,91.04113482410355,-5.589368853711204,0.028846333557365395,0.06502997546988887,0.05193202416122965,-4189.12007985505,-3592.907660410441,1528.7206918115,0.4444444444444444,0.0,0.1
1.8333333333333333,21.19853804530764,0.6326662794207171,21.207976845504888,-0.38357473662304015,-0.369831438799792,-0.057999999999999996,0.7705951433943388,-6.568535854571701,91.37289593977549,-5.711148589321295,0.029835950815829196,0.06586265186986445,0.05309458570818291,-4222.695984943446,-3648.4694801970772,1528.1386275115044,0.4444444444444444,0.0,0.1
1.8499999999999999,21.20735959725482,0.6537198244069753,21.217432707471907,-0.38976542322575447,-0.3723762006247832,-0.057999999999999996,0.7683498456187408,-6.639167787518809,91.70416913672915,-5.8347043379266,0.03081538212516352,0.06670134548299818,0.054230788967398996,-4255.988029486654,-3701.588124108924,1527.5691773333267,0.4444444444444444,0.0,0.1
1.8666666666666667,21.215988030919135,0.674520313815986,21.226707841345874,-0.39599603856897164,-0.3746852379849836,-0.057999999999999996,0.7661339948608162,-6.70755450757291,92.03493543719485,-5.960050806649949,0.03178231355867628,0.06754222352033923,0.05533973083681249,-4288.840693938434,-3752.312267721719,1527.0121719960803,0.4444444444444444,0.0,0.1
1.8833333333333333,21.22442654016279,0.6950266471319392,21.235803351862863,-0.4022628741008508,-0.3767794442472376,-0.057999999999999996,0.7639542779740989,-6.773634803806468,92.3651758428974,-6.08720193865216,0.03273484781564155,0.06838201162294238,0.056420804109131896,-4321.129504114791,-3800.7049582235986,1526.467412911642,0.4444444444444444,0.0,0.1
1.9,21.232678671256544,0.7152052864834161,21.244720806794483,-0.40856254970496253,-0.37867783270476096,-0.057999999999999996,0.7618159724302819,-6.837378911745507,92.69487135950828,-6.216170902690198,0.03367144509918292,0.06921792295510662,0.057473646836924075,-4352.756472845755,-3846.8395854087375,1525.934677618919,0.4444444444444444,0.0,0.1
1.9166666666666667,21.2407482514268,0.7350291831080997,21.253462169268122,-0.4148919839723164,-0.38039769012964775,-0.057999999999999996,0.7597231536309736,-6.898782434205189,93.02400301750713,-6.346970090588016,0.03459087174913997,0.07004759551349807,0.05849809943971564,-4383.646075820451,-3890.796631693332,1525.4137245329414,0.4444444444444444,0.0,0.1
1.9333333333333333,21.248639326897862,0.7544768457945603,21.262029737431714,-0.4212483669675106,-0.38195472382718365,-0.057999999999999996,0.7576788779462158,-6.957861211620893,93.35255188992721,-6.479611121038791,0.03549215573228799,0.0708690368997445,0.059494168463844525,-4413.741728928903,-3932.661074639889,1524.9042970690011,0.4444444444444444,0.0,0.1
1.95,21.256356109471106,0.7735315343276601,21.270426090872014,-0.4276291353630958,-0.3833632006000514,-0.057999999999999996,0.755685343003102,-7.014647020512654,93.68049910740412,-6.614104848409251,0.036374548161464536,0.07168057581317047,0.060461996035511535,-4443.002726661503,-3972.5203316040815,1524.406127203441,0.4444444444444444,0.0,0.1
1.9666666666666666,21.263902930709644,0.7921805624715352,21.27865404320019,-0.43403194979706794,-0.38463607671125083,-0.057999999999999996,0.7537440270758589,-7.069183987563684,94.00782587089611,-6.7504613754356475,0.03723749009036631,0.07248081955126565,0.06140183416916766,-4471.401597642842,-4010.462651494263,1523.9189385315053,0.4444444444444444,0.0,0.1
1.9833333333333334,21.271284202847784,0.8104146965642737,21.286716600235206,-0.4404546742986496,-0.3857851184363746,-0.057999999999999996,0.7518558095725942,-7.121525617269635,94.33451346239838,-6.888690068889368,0.03808058390708414,0.07326861684987321,0.06231402320480451,-4498.921832817478,-4046.575872779882,1523.4424488796976,0.4444444444444444,0.0,0.1
2.0,21.27850438560901,0.8282276373023674,21.2946169232408,-0.44689535762462745,-0.386821013157626,-0.057999999999999996,0.7500210746312724,-7.171732342161178,94.66054325393183,-7.028799577451116,0.03890356872358995,0.07404302544688071,0.06319897374794531,-4525.555943173995,-4080.9464795685067,1522.9763725261494,0.4444444444444444,0.0,0.1
2.0166666666666666,21.285567958187535,0.8456155737173446,21.302358296703517,-0.45335221635048006,-0.3877534712054067,-0.057999999999999996,0.7482397997714625,-7.219869515518968,94.98589671505097,-7.170797851169279,0.03970629922835187,0.07480328380809254,0.06405715157506033,-4551.303806458765,-4113.658898723212,1522.5204220779783,0.4444444444444444,0.0,0.1
2.033333333333333,21.292479395721337,0.8625767996666713,21.309944100174004,-0.45982361956583595,-0.3885913188240544,-0.057999999999999996,0.7465116314307804,-7.266005776850614,95.31055541908198,-7.314692161993472,0.04048872753388486,0.07554878650900554,0.06488906504518976,-4576.17126556747,-4144.794990649175,1522.074310049955,0.4444444444444444,0.0,0.1
2.05,21.299243149656462,0.879111384363928,21.317377783730954,-0.4663080750312741,-0.38934258274679023,-0.057999999999999996,0.7448359490684715,-7.310211729936263,95.63450104827422,-7.460489124971029,0.041250887609812874,0.07627906281943833,0.06569525462649779,-4600.168944842687,-4174.433694639466,1521.6377501841541,0.4444444444444444,0.0,0.1
2.0666666666666664,21.305863631470203,0.8952208895561158,21.324662846664243,-0.4728042166622664,-0.3900145669272061,-0.057999999999999996,0.7432119193592127,-7.352558881853837,95.95771539802301,-7.6081947197753,0.04199288194480948,0.07699375808816142,0.06647628420521919,-4623.311254100583,-4202.650796667062,1521.210458545814,0.4444444444444444,0.0,0.1
2.0833333333333335,21.312345199284344,0.9109081269212369,21.331802819010623,-0.4793107932155173,-0.3906139220032096,-0.057999999999999996,0.7416385418388458,-7.393118799035815,96.28018038029987,-7.757814312301904,0.04271487012775596,0.0776926175711445,0.06723273389496433,-4645.615553695846,-4229.518793387965,1520.7921544265064,0.4444444444444444,0.0,0.1
2.1,21.318692146957385,0.9261769501131334,21.338801245610387,-0.48582665806262726,-0.3911467080738954,-0.057999999999999996,0.7401146872074102,-7.431962443110444,96.60187802640729,-7.909352676125003,0.043417059079934615,0.07837547238945825,0.06796519410758481,-4667.1014572117865,-4255.106831023922,1520.382561081892,0.4444444444444444,0.0,0.1
2.1166666666666667,21.324908695297236,0.9410320766311786,21.345661672387024,-0.4923507599455739,-0.39161845135767787,-0.057999999999999996,0.7386391293478916,-7.469159655099257,96.92279048915886,-8.062814013651751,0.04409969470648275,0.07904222734117741,0.06867426068368586,-4687.7902513766485,-4279.480701860056,1519.9814063278864,0.4444444444444444,0.0,0.1
2.1333333333333333,21.33099898508247,0.955478935348979,21.35238763458281,-0.4988821346177447,-0.39203419527675515,-0.057999999999999996,0.7372105719839543,-7.504778761555355,97.24290004457109,-8.218201976851,0.044763054767133,0.07969285032593265,0.0693605309122468,-4707.704415532913,-4302.7028844483975,1519.588423015981,0.4444444444444444,0.0,0.1
2.15,21.3369670716221,0.9695235361082364,21.358982646712217,-0.5054198972830324,-0.39239854648269745,-0.057999999999999996,0.7358276707776138,-7.538886280516419,97.56218909314128,-8.375519687463346,0.04540744279393173,0.08032736317126175,0.07002460029543878,-4726.867225419917,-4324.832616364742,1519.2033494056914,0.4444444444444444,0.0,0.1
2.1666666666666665,21.342816920620248,0.9831723582806284,21.36545019402121,-0.5119632357537297,-0.3927157163037007,-0.057999999999999996,0.7344890515585263,-7.571546708797225,97.88064016077502,-8.534769756624913,0.046033182907621456,0.0809458336768887,0.07066705993728879,-4745.3024281808985,-4345.925990621517,1518.8259294496909,0.4444444444444444,0.0,0.1
2.183333333333333,21.348552405144353,0.996432255630752,21.371793725264524,-0.5185114042555965,-0.3929895580580035,-0.057999999999999996,0.7331933252798861,-7.602822375239181,98.19823589941754,-8.695954303857773,0.04664061540512798,0.08154836871681326,0.07128849445392221,-4763.033977390873,-4366.036068677535,1518.455913005045,0.4444444444444444,0.0,0.1
2.2,21.354177303523805,1.0093103751849803,21.378016646634627,-0.5250637178154997,-0.3932236006416774,-0.057999999999999996,0.7319391002110442,-7.632773347144233,98.51495908743597,-8.85907497539644,0.047230093008509264,0.0821351082599342,0.07188948031924239,-4780.085818543654,-4385.213004478795,1518.0930559820954,0.4444444444444444,0.0,0.1
2.216666666666667,21.359695298030104,1.0218140881318871,21.384122316695493,-0.5316195471734615,-0.3934210787635302,-0.057999999999999996,0.7307249918029723,-7.661457379315675,98.83079262979199,-9.024132961833077,0.04780197768116384,0.08270622018816172,0.07247058457352175,-4796.481716858242,-4403.504175173461,1517.737120440915,0.4444444444444444,0.0,0.1
2.2333333333333334,21.36510997421112,1.0339509310563328,21.390114042191726,-0.5381783141668057,-0.3935849601659092,-0.057999999999999996,0.7295496305984919,-7.688929896969029,99.145719558039,-9.19112901507465,0.04835663793038711,0.083261895806885,0.07303236383386634,-4812.245120490945,-4420.954315119661,1517.3878746438456,0.4444444444444444,0.0,0.1
2.25,21.370424820770268,1.0457285560472824,21.395995074619144,-0.5447394875394035,-0.39371797013819054,-0.057999999999999996,0.7284116685037576,-7.71524400531587,99.45972303017315,-9.36006346461352,0.04889444652679123,0.08380234595652318,0.07357536355520491,-4827.399053292577,-4437.605650589313,1517.0450930714007,0.4444444444444444,0.0,0.1
2.2666666666666666,21.375643229897392,1.0571546884241216,21.40176860745661,-0.5513025791338192,-0.39382261359993653,-0.057999999999999996,0.7273097836897874,-7.740450519908614,99.77278633036254,-9.5309362331194,0.04941577858092402,0.08432779764594336,0.07410011749862214,-4841.966032151922,-4453.49803319984,1516.7085564077618,0.4444444444444444,0.0,0.1
2.283333333333333,21.38076849797177,1.0682370910022376,21.40743777397134,-0.5578671404284834,-0.3939011950031915,-0.057999999999999996,0.7262426843519251,-7.764598012904151,100.08489286857613,-9.703746851365622,0.04992100992585454,0.08483849113900496,0.07460714737074124,-4855.968004736547,-4468.669070607536,1516.3780515011858,0.4444444444444444,0.0,0.1
2.3,21.385803826569507,1.0789835339698797,21.413005645520506,-0.5644327593859138,-0.39395583627818104,-0.057999999999999996,0.7252091115201095,-7.787732871294102,100.39602618013022,-9.8784944725063,0.0504105157617327,0.0853346774345816,0.07509696260366505,-4869.426304098133,-4483.154253395203,1516.053371303847,0.4444444444444444,0.0,0.1
2.3166666666666664,21.390752323717713,1.089401769578286,21.4184752302818,-0.5709990575814977,-0.39398849302371636,-0.057999999999999996,0.7242078410829653,-7.80989936388715,100.70616992516754,-10.05517788572381,0.05088466952454349,0.08581661608829941,0.07557006024987528,-4882.361617167349,-4496.987077402241,1515.734314794967,0.4444444444444444,0.0,0.1
2.3333333333333335,21.395617005346537,1.0994995109587355,21.42384947235376,-0.577565687585489,-0.3940009691227794,-0.057999999999999996,0.7232376851632605,-7.831139714440528,101.01530788808222,-10.233795529267843,0.05134384194660967,0.08628457333106969,0.07602692497061286,-4894.793964636803,-4510.199160993529,1515.4206868905069,0.4444444444444444,0.0,0.1
2.35,21.400400796897664,1.1092844144761322,21.429131251174365,-0.5841323305736777,-0.393994929944953,-0.057999999999999996,0.7222974929606436,-7.851494178842806,101.3234239769014,-10.41434550290863,0.05178840028097369,0.08673882044542235,0.07646802909973596,-4906.742690132036,-4522.820356957339,1515.1122983421924,0.4444444444444444,0.0,0.1
2.3666666666666667,21.40510653505422,1.1187640651111912,21.43432338121278,-0.5906986941447102,-0.3939719142804141,-0.057999999999999996,0.7213861511591654,-7.8710011246673375,101.63050222263291,-10.59682557982767,0.052218707665718525,0.0871796323657843,0.07689383276798122,-4918.2264569103045,-4534.878858872759,1514.8089656282145,0.4444444444444444,0.0,0.1
2.3833333333333333,21.409736969562594,1.1279459644341685,21.43942861189492,-0.5972645103242848,-0.3939333451349824,-0.057999999999999996,0.7205025839815076,-7.889697111759263,101.93652677858668,-10.78123321796964,0.05263512260766036,0.08760728647330061,0.07730478407502223,-4929.2632506142145,-4546.401301902413,1514.5105108375874,0.4444444444444444,0.0,0.1
2.4,21.414294765121255,1.1368375207940171,21.444449627728492,-0.6038295337384659,-0.39388053950206253,-0.057999999999999996,0.7196457529586189,-7.907616972801143,102.24148191967653,-10.967565570879202,0.053037998567743064,0.088022061559656,0.0777013192987996,-4939.870386849942,-4557.412858053547,1514.2167615498342,0.4444444444444444,0.0,0.1
2.4166666666666665,21.41878250331582,1.145446041399255,21.44938904859775,-0.6103935399401575,-0.39381471721509276,-0.057999999999999996,0.7188146564722592,-7.924793893034015,102.54535204170793,-11.155819498046178,0.05342768363295235,0.08842423693770042,0.078083863133351,-4950.064522564549,-4567.937326015585,1513.9275507113857,0.4444444444444444,0.0,0.1
2.433333333333333,21.42320268458288,1.1537787260119212,21.45424943020186,-0.6169563238743916,-0.3937370089731797,-0.057999999999999996,0.7180083291185186,-7.941259488500038,102.8481216606562,-11.34599157478215,0.053804520261706165,0.08881409167958447,0.07845282894784786,-4959.861670369524,-4577.997215729695,1513.6427165098805,0.4444444444444444,0.0,0.1
2.45,21.42755773018819,1.161842662014806,21.45903326461435,-0.6235176984695253,-0.39364846362282896,-0.057999999999999996,0.7172258409323461,-7.957043882327337,103.14977541193912,-11.538078101650953,0.05416884509151582,0.08919190396562732,0.07880861906079054,-4969.27721510306,-4587.613827879221,1513.3621022473171,0.4444444444444444,0.0,0.1
2.466666666666667,21.431849984207123,1.169644820645547,21.463742980943977,-0.6300774933427331,-0.39355005476996235,-0.057999999999999996,0.7164662965064139,-7.972175778703363,103.45029804968688,-11.732075113474856,0.05452098879929302,0.08955795052932383,0.07915162502436435,-4978.325932045918,-4596.80732851241,1513.0855562128888,0.4444444444444444,0.0,0.1
2.4833333333333334,21.4360817154976,1.1771920542199723,21.46838094607996,-0.6366355536093334,-0.3934426867886268,-0.057999999999999996,0.7157288340319317,-7.986682534284763,103.74967444601243,-11.927978387937495,0.05486127600603753,0.08991250618579374,0.07948222791484158,-4987.02200630854,-4605.596819022651,1512.812931556154,0.4444444444444444,0.0,0.1
2.5,21.440255119657394,1.1844910941918676,21.472949465506943,-0.6431917387865216,-0.3933272002858584,-0.057999999999999996,0.715012624284222,-8.000590226873765,104.04788959028384,-12.125783453803752,0.0551900252188108,0.09025584343262248,0.07980079862566053,-4995.379052993454,-4614.000401718789,1512.5440861610837,0.4444444444444444,0.0,0.1
2.5166666666666666,21.444372320959257,1.1915485499177243,21.47745078417675,-0.6497459217830078,-0.39320437707597017,-0.057999999999999996,0.7143168695718618,-8.013923721256983,104.34492858840073,-12.32548559877599,0.05550754880390748,0.09058823211347367,0.0801076981604372,-5003.410137809431,-4622.035241220249,1512.2788825214466,0.4444444444444444,0.0,0.1
2.533333333333333,21.448435374258697,1.1983709080134743,21.481887087426117,-0.6562979879668894,-0.39307494471200943,-0.057999999999999996,0.7136408026647659,-8.026706732154699,104.64077666207602,-12.527079877005159,0.055814152986005276,0.09090993913609753,0.08040327792369337,-5011.127797874541,-4629.717621910026,1512.0171876178629,0.4444444444444444,0.0,0.1
2.55,21.45244626687014,1.204964532206114,21.486260501930655,-0.6628478343048271,-0.39293958061720197,-0.057999999999999996,0.712983685713771,-8.038961884270382,104.93541914812423,-12.73056111627446,0.056110137868820235,0.09122122823744117,0.08068788000752683,-5018.544062496053,-4637.063001674153,1511.7588727968348,0.4444444444444444,0.0,0.1
2.5666666666666664,21.456406920408426,1.2113356635968613,21.490573096687122,-0.6693953685662641,-0.3927989158548042,-0.057999999999999996,0.7123448091718515,-8.050710769462459,105.22884149775689,-12.935923924872359,0.056395797473438924,0.09152235978950764,0.08096183747281994,-5025.670473757517,-4644.086062149596,1511.5038136519502,0.4444444444444444,0.0,0.1
2.5833333333333335,21.460319192593087,1.2174904212643374,21.49482688401676,-0.6759405085870275,-0.3926535385708618,-0.057999999999999996,0.7117234907251346,-8.061974001085357,105.52102927588619,-13.143162698170945,0.05667141979105417,0.0918135906404309,0.08122547462389565,-5032.518106778781,-4650.800755694497,1511.251889907446,0.4444444444444444,0.0,0.1
2.6,21.46418487901368,1.223434803146508,21.499023820583798,-0.6824831815871852,-0.39250399714087025,-0.057999999999999996,0.7111190742401753,-8.072771265566026,105.81196816043673,-13.352271624924795,0.05693728684730967,0.09209517398594749,0.08147910727578851,-5039.097589544089,-4657.22034928566,1511.0029853042438,0.4444444444444444,0.0,0.1
2.6166666666666667,21.468005714854993,1.2291746871489584,21.503165808423987,-0.6890233235385208,-0.3923508030482053,-0.057999999999999996,0.7105309287325667,-8.08312137129619,106.10164394166628,-13.563244693304686,0.057193674775871346,0.09236735926706761,0.0817230430135169,-5045.419122217931,-4663.3574655384755,1510.7569874885446,0.4444444444444444,0.0,0.1
2.6333333333333333,21.471783376581307,1.2347158324347218,21.507254695978713,-0.6955608785774154,-0.39219443351939653,-0.057999999999999996,0.7099584473608025,-8.093042294930736,106.39004252149536,-13.77607569667977,0.05744085389919971,0.09263039209029164,0.0819575814429231,-5051.492495888514,-4669.224121034544,1510.5137879030458,0.4444444444444444,0.0,0.1
2.65,21.475519483579372,1.24006388085748,21.511292279131084,-0.7020957984593276,-0.3920353339388189,-0.057999999999999996,0.709401046448324,-8.102551225189776,106.67714991284598,-13.990758239161092,0.057679088814803985,0.09288451416719073,0.08218301443279818,-5057.3271106954735,-4674.831762132189,1510.2732816808004,0.4444444444444444,0.0,0.1
2.6666666666666665,21.479215599760007,1.2452243585056653,21.515280302240765,-0.7086280420514058,-0.39187392006314237,-0.057999999999999996,0.7088581645359024,-8.111664604266181,106.96295223898956,-14.207285740918554,0.057908638485524244,0.09312996327058343,0.08239962634813332,-5062.931993312206,-4680.191298425046,1510.0353675417346,0.4444444444444444,0.0,0.1
2.683333333333333,21.482873235118564,1.2502026773299206,21.519220459175013,-0.7151575748600921,-0.39171058005388065,-0.057999999999999996,0.7083292614658319,-8.12039816694295,107.24743573290384,-14.425651443282883,0.058129756332615225,0.09336697320490114,0.08260769427444097,-5068.315813764474,-4685.313134004157,1509.799947691814,0.4444444444444444,0.0,0.1
2.7,21.4864938472546,1.2550041368306344,21.523114394333636,-0.7216843685908574,-0.39154567634458765,-0.057999999999999996,0.7078138174988637,-8.128766977525324,107.53058673663907,-14.645848413643371,0.05834269033060318,0.09359577378864992,0.08280748823317406,-5073.48690157611,-4690.207196669481,1509.5669277248294,0.4444444444444444,0.0,0.1
2.716666666666667,21.490078842851403,1.2596339257859557,21.526963703666166,-0.7282084007374723,-0.3913795473576464,-0.057999999999999996,0.7073113324643814,-8.13678546469227,107.81239170069294,-14.867869550151672,0.05854768310305623,0.09381659084715159,0.08299927138833876,-5078.453261240109,-4694.882965227575,1509.3362165267781,0.4444444444444444,0.0,0.1
2.7333333333333334,21.493629579116014,1.2640971240038628,21.530769935679626,-0.7347296541984479,-0.39121250908415584,-0.057999999999999996,0.7068213249439368,-8.144467454370348,108.0928371833945,-15.091707586241284,0.058744972018555136,0.09402964621398793,0.08318330024445218,-5083.222587019365,-4699.34949500353,1509.107726182786,0.4444444444444444,0.0,0.1
2.75,21.4971473651806,1.2683987040846105,21.534534592435815,-0.7412481169184949,-0.39104485653912807,-0.057999999999999996,0.7063433314879883,-8.15182620073073,108.37190985029667,-15.31735509497183,0.05893478928627679,0.09423515773978122,0.08335982483603983,-5087.802277086058,-4703.615441686851,1508.8813718865292,0.4444444444444444,0.0,0.1
2.7666666666666666,21.500633463466084,1.2725435331822463,21.538259130537025,-0.747763781553037,-0.39087686510304975,-0.057999999999999996,0.7058769058654358,-8.158874415407448,108.64959647357745,-15.544804493206735,0.05911736205071133,0.0944333393071296,0.08352908890890234,-5092.199447012479,-4707.689083623138,1508.657071852091,0.4444444444444444,0.0,0.1
2.783333333333333,21.50408909100893,1.2765363747559242,21.541944962099503,-0.7542766451539934,-0.3907087917598196,-0.057999999999999996,0.7054216183453801,-8.16562429503164,108.92588393144928,-15.77404804563237,0.059292912485126664,0.09462440085067525,0.08369133009340836,-5096.4209426289435,-4711.578342655989,1508.4347472282016,0.4444444444444444,0.0,0.1
2.8,21.507515420752103,1.2803818903035034,21.545593455714016,-0.760786708875197,-0.3905408762401336,-0.057999999999999996,0.7049770550103649,-8.172087547173152,109.20075920757681,-16.00507786862634,0.05946165788347344,0.09480854838142493,0.08384678007008929,-5100.473352266677,-4715.290803616547,1508.2143220147916,0.4444444444444444,0.0,0.1
2.8166666666666664,21.51091358280129,1.2840846410714293,21.549205937393157,-0.7672939776959586,-0.3903733420785479,-0.057999999999999996,0.704542817100272,-8.178275414777199,109.47420939050264,-16.237885933982067,0.05962381075049249,0.09498598401456501,0.08399566472782748,-5104.3630184051435,-4718.833732551529,1507.9957229817953,0.4444444444444444,0.0,0.1
2.8333333333333335,21.514284665647295,1.2876490897361923,21.55278369150502,-0.7737984601614202,-0.3902063975916882,-0.057999999999999996,0.7041185203859427,-8.184198699179994,109.7462216730809,-16.472464072496514,0.05977957888984474,0.0951569060001208,0.08413820431493868,-5108.096048744483,-4722.214093774459,1507.7788795901395,0.4444444444444444,0.0,0.1
2.85,21.51762971735574,1.2910796020537678,21.55632796169306,-0.7803001681384504,-0.39004023678438876,-0.057999999999999996,0.7037037945715425,-8.189867781783475,110.01678335191869,-16.708803977427397,0.05992916549013357,0.0953215087559039,0.0842746135834557,-5111.678326724415,-4725.4385658190495,1507.5637239148462,0.4444444444444444,0.0,0.1
2.8666666666666667,21.520949746725055,1.2943804484743957,21.559839951782063,-0.7867991165859499,-0.38987504018992525,-0.057999999999999996,0.7032982827246563,-8.195292644465518,110.28588182682512,-16.94689720782599,0.060072769208731794,0.09547998290227358,0.08440510192692356,-5115.1155215114495,-4728.51355636832,1507.3501905701937,0.4444444444444444,0.0,0.1
2.8833333333333333,21.52424572441383,1.2975558057208627,21.563320826670157,-0.793295323338524,-0.38971097564994756,-0.057999999999999996,0.7029016407330556,-8.200482888798218,110.55350460026783,-17.18673519175116,0.06021058425336141,0.09563251529830977,0.0845298735120155,-5118.413097476397,-4731.445216228004,1507.1382166368574,0.4444444444444444,0.0,0.1
2.9,21.527518584038475,1.3006097583291418,21.566771713206936,-0.7997888089025744,-0.38954819903921345,-0.057999999999999996,0.7025135367870828,-8.20544775414327,110.81963927683688,-17.428309229370058,0.06034280046140456,0.09577928907905796,0.0846491274042787,-5121.576323184122,-4734.239452408197,1506.927741590968,0.4444444444444444,0.0,0.1
2.9166666666666665,21.530769223242196,1.3035463001508254,21.570193701057722,-0.806279596263936,-0.3893868549397674,-0.057999999999999996,0.702133650886605,-8.210196134689811,111.08427356271598,-17.671610495950503,0.06046960337694957,0.09592048369356079,0.08476305768831328,-5124.610279917305,-4736.901940372769,1506.7187072350364,0.4444444444444444,0.0,0.1
2.933333333333333,21.533998504736257,1.3063693358172728,21.57358784355414,-0.8127677107062631,-0.3892270772687946,-0.057999999999999996,0.7017616743714667,-8.214736595496774,111.34739526516094,-17.916630044749905,0.06059117432559692,0.09605627494343874,0.08487185358268393,-5127.519869755609,-4739.438135512104,1506.5110576306652,0.4444444444444444,0.0,0.1
2.95,21.53720725731444,1.3090826821658115,21.576955158531153,-0.819253179639433,-0.38906898986400645,-0.057999999999999996,0.701397309474417,-8.219077387598391,111.6089922919853,-18.163358809805214,0.060707690487067735,0.09618683502182365,0.08497569954985612,-5130.309823231244,-4741.853283890895,1506.304739032999,0.4444444444444444,0.0,0.1
2.966666666666667,21.540396276841605,1.3116900696286595,21.580296629150723,-0.8257360324372944,-0.38891270703007347,-0.057999999999999996,0.701040268895487,-8.223226462228434,111.86905265105311,-18.411787608628178,0.0608193249656715,0.09631233255248454,0.08507477540144218,-5132.98470658135,-4744.152432319324,1506.09969982685,0.4444444444444444,0.0,0.1
2.9833333333333334,21.543566327217228,1.3141951435855248,21.583613204712314,-0.8322163002841483,-0.38875833404931226,-0.057999999999999996,0.7006902753968239,-8.227191484215606,112.12756444977876,-18.661907144809987,0.060926246858701544,0.09643293262901653,0.08516925639903358,-5135.548928617083,-4746.34043779261,1505.8958904644473,0.4444444444444444,0.0,0.1
3.0,21.54432066933478,1.3115938900845208,21.584207922359184,-0.8387366403633812,-0.3929403554572515,-0.087,0.5446520869518847,-8.612265939406043,112.38445674519598,-18.913730400387262,0.06080382597210307,0.1251935752146982,0.0852868820089021,-5594.634066675963,-4731.459811509754,1505.8045282428775,0.4444444444444444,0.0,0.15
3.0166666666666666,21.5447569656762,1.3101751715896046,21.584557250272773,-0.845333100028264,-0.39748459998994806,-0.087,0.5450234019025051,-8.612418264456995,112.63966944543662,-19.167263826362817,0.06073699074102739,0.12484395647173169,0.08548539407816218,-5590.842870686131,-4736.005928295278,1505.7751749673466,0.4444444444444444,0.0,0.15
3.033333333333333,21.545103644185815,1.3103471430186258,21.584913728665352,-0.8520043219481266,-0.40193422119856936,-0.087,0.5453359864698616,-8.614482865924133,112.89319116994506,-19.422496486227914,0.06074396834876022,0.12457434571502124,0.08575252455460139,-5587.892359392811,-4742.063920273623,1505.7514247799338,0.4444444444444444,0.0,0.15
3.05,21.545351524856525,1.3120426254344066,21.58526414433222,-0.8587486493231287,-0.40628170085126053,-0.087,0.5455909842988611,-8.618364771090146,113.14501011688922,-19.679417552901096,0.06082167447965298,0.12438210774870995,0.08608473364411377,-5585.771573568683,-4749.5235343471195,1505.7338715930177,0.4444444444444444,0.0,0.15
3.0666666666666664,21.545491730253133,1.3151935819454041,21.585595846684345,-0.8655643113948789,-0.4105206066499421,-0.087,0.5457900776675674,-8.623960000845791,113.39511404426496,-19.938016305741115,0.06096698471066813,0.12426449771377024,0.08647850381018612,-5584.4622100118595,-4758.2712674244685,1505.7230903240188,0.4444444444444444,0.0,0.15
3.0833333333333335,21.54551570946075,1.3197316254886964,21.58589675575085,-0.8724494412237667,-0.414645559687425,-0.087,0.5459353823228513,-8.631157907156238,113.64349029220666,-20.19828210495604,0.06117675831016861,0.12421868745600126,0.08693036201063241,-5583.940150453915,-4768.191639273523,1505.7196352940805,0.4444444444444444,0.0,0.15
3.1,21.545415258827493,1.3255884787791765,21.586155366122718,-0.8794020927936038,-0.4186521897017648,-0.087,0.5460293929834792,-8.639843159653445,113.89012580730865,-20.460204365631537,0.06144785977197089,0.12424179012871875,0.08743689908971543,-5584.176216354163,-4779.1688978834945,1505.724038843957,0.4444444444444444,0.0,0.15
3.1166666666666667,21.545182539364305,1.3326963848367435,21.586360747209927,-0.8864202572666583,-0.4225370806771588,-0.087,0.5460749267569059,-8.64989758608944,114.13500716854193,-20.72377253176652,0.061777178013730984,0.12433088306019106,0.08799478620578613,-5585.136942960451,-4791.088513953951,1505.7368101628144,0.4444444444444444,0.0,0.15
3.1333333333333333,21.544810090750673,1.3409884678125576,21.586502540182796,-0.8935018782538613,-0.4262977092337796,-0.087,0.5460750660952058,-8.661201844393474,114.37812061437177,-20.988976050661954,0.06216164323007756,0.12448302871733288,0.08860078842735587,-5586.7853512786605,-4803.8384601424605,1505.7584343346077,0.4444444444444444,0.0,0.15
3.15,21.544290841974547,1.350399044946106,21.586570951964088,-0.9006448660036284,-0.42993237804655277,-0.087,0.5460331027101407,-8.67363691244601,114.61945207070528,-21.255804347963494,0.06259824144283099,0.12469529366285304,0.08925177567273207,-5589.081699688499,-4817.310277983669,1505.7893716014296,0.4444444444444444,0.0,0.15
3.1666666666666665,21.543618118703915,1.3608638913864357,21.58655674662884,-0.9078471104476108,-0.4334401462932237,-0.087,0.5459524836386036,-8.687085389057879,114.85898717932909,-21.524246803613035,0.06308402683269768,0.12496476546121611,0.08994473119801566,-5591.984200243578,-4831.399941154109,1505.8300568386196,0.4444444444444444,0.0,0.15
3.183333333333333,21.542785647545013,1.372320460311728,21.586451234555938,-0.9151064930723416,-0.436820758872426,-0.087,0.5458367604125938,-8.701432605909918,115.09671132652879,-21.794292728919,0.06361613196941164,0.12528856753869258,0.09067675785683639,-5595.449688006248,-4846.008528072217,1505.8808992325382,0.4444444444444444,0.0,0.15
3.2,21.541787557387785,1.3847080612962694,21.58624625965909,-0.9224208976119899,-0.44007457586719134,-0.087,0.5456895420549935,-8.716567555331425,115.33260967161642,-22.065931344912098,0.06419177608112847,0.12566387204421078,0.09144508236428966,-5599.4342349383,-4861.042719822191,1505.9422821487808,0.4444444444444444,0.0,0.15
3.216666666666667,21.540618378072992,1.3979680002220496,21.585934185006234,-0.929788219579309,-0.44320250346974227,-0.087,0.5455144524034209,-8.732383642802061,115.56666717512599,-22.33915176211276,0.0648082715198757,0.12608791079086973,0.09224705779877634,-5603.893702783822,-4876.415141237873,1506.0145631762637,0.4444444444444444,0.0,0.15
3.2333333333333334,21.53927303663846,1.4120436842353592,21.585507877116292,-0.9372063746695508,-0.44620592733792286,-0.087,0.5453150920661558,-8.748779276024404,115.79886862647166,-22.61394296179921,0.06546302858906095,0.1265579843833037,0.09308016457041725,-5608.784231964551,-4892.044563860057,1506.0980743309572,0.4444444444444444,0.0,0.15
3.25,21.53774685141495,1.426880695329427,21.584960689200674,-0.9446733060859079,-0.4490866491280864,-0.087,0.5450950051410033,-8.765658304437851,116.02919867089564,-22.890293778831794,0.06615355890250113,0.1270714696543086,0.09394201007488819,-5614.062665718931,-4907.855989570411,1506.1931224020566,0.4444444444444444,0.0,0.15
3.2666666666666666,21.53603552424668,1.442426836114535,21.58428644359499,-0.9521869908453292,-0.4518468267472808,-0.087,0.5448576506820001,-8.782930324251499,116.25764183556345,-23.16819288605961,0.0668774774432143,0.12762582554606497,0.09483032723821702,-5619.686910539642,-4923.780633182262,1506.299989422962,0.4444444444444444,0.0,0.15
3.283333333333333,21.534135131108638,1.4586321512381386,21.58347941360412,-0.959745445130722,-0.4544889186909249,-0.087,0.5446063787804519,-8.800510864594264,116.48418255469325,-23.44762878031018,0.06763250348529723,0.12821859757781306,0.095742972142443,-5625.61623540837,-4939.7558212919375,1506.418933249502,0.4444444444444444,0.0,0.15
3.3,21.532042111384342,1.475448927758448,21.582534304961783,-0.9673467287600563,-0.45701563268115675,-0.087,0.544344411034862,-8.818321470343879,116.70880519363236,-23.728589769941042,0.06841646053449987,0.12884742104384012,0.09667792090502318,-5631.8115134151485,-4955.724823404124,1506.550188228325,0.4444444444444444,0.0,0.15
3.3166666666666664,21.529753256054363,1.4928316775725505,21.58144623708401,-0.9749889488451233,-0.45942987869489826,-0.087,0.5440748251167423,-8.836289696725157,116.93149407181703,-24.011063963914566,0.06922727543339406,0.12951002308398818,0.09763326596726643,-5638.235410117063,-4971.636629858914,1506.6939659391337,0.4444444444444444,0.0,0.15
3.3333333333333335,21.527265695029385,1.5107371047691105,21.580210724275034,-0.9826702627130873,-0.461734726367863,-0.087,0.5438005430935388,-8.854349029972763,117.15223348457334,-24.29503926234271,0.07006297676600502,0.13020422376437707,0.09860721192950538,-5644.852523478699,-4987.445689504073,1506.8504559954863,0.4444444444444444,0.0,0.15
3.35,21.52457688384289,1.5291240605280945,21.578823657024255,-0.9903888801628636,-0.4639333666792001,-0.087,0.5435243231428242,-8.872438747332623,117.37100772373488,-24.58050334843728,0.07092169268499895,0.13092793629937452,0.09959807105365243,-5651.629480487393,-5003.111618450128,1507.0198268900392,0.4444444444444444,0.0,0.15
3.3666666666666667,21.521684589898193,1.5479534879358172,21.577281283513777,-0.9981430651260913,-0.4660290777588844,-0.087,0.5432487542805104,-8.890503728512074,117.58780109706893,-24.86744368179288,0.07180164827246477,0.13167916653766204,0.10060425853757404,-5658.534995593525,-5018.598889676394,1507.2022268714015,0.4444444444444444,0.0,0.15
3.3833333333333333,21.51858687844402,1.5671883588307354,21.5755801914386,-1.0059311367993395,-0.4680251946139093,-0.087,0.5429762537270664,-8.908494229450469,117.80259794651649,-25.15584749292387,0.0727011625333582,0.13245601182606895,0.1016242876505928,-5665.539896030113,-5033.876511765347,1507.3977848410866,0.4444444444444444,0.0,0.15
3.4,21.51528209843207,1.586793604549844,21.57371729022497,-1.0137514703104378,-0.4699250825373953,-0.087,0.5427090665467719,-8.92636562802396,118.01538266526242,-25.445701778972797,0.07361864510907311,0.13325665935512382,0.10265676480553497,-5672.617118854146,-5048.917703659038,1507.6066112603785,0.4444444444444444,0.0,0.15
3.4166666666666665,21.511768868390025,1.6067360422116557,21.57168979371751,-1.0216024969776616,-0.47173211394459974,-0.087,0.542449267213423,-8.944078150063103,118.22613971366171,-25.736993300506185,0.07455259278756966,0.13407938408035966,0.10370038463015602,-5679.741684256803,-5063.699571072334,1507.828799058235,0.4444444444444444,0.0,0.15
3.433333333333333,21.5080460624242,1.626984297952606,21.569495203391885,-1.029482704216126,-0.47344964836938314,-0.087,0.5421987627794012,-8.96159658288035,118.43485363405442,-26.02970857931295,0.07550158587616494,0.13492254630358583,0.10475392508951197,-5686.8906493389195,-5078.20278907167,1508.0644245325852,0.4444444444444444,0.0,0.15
3.4499999999999997,21.504112796448293,1.6475087283312455,21.567131292137553,-1.0373906351412527,-0.4750810153520318,-0.087,0.5419592973517738,-8.978889982399027,118.64150906450894,-26.32383389712185,0.07646428449356191,0.13578458898882262,0.10581624270087969,-5694.0430461648675,-5092.411294336791,1508.3135482385585,0.4444444444444444,0.0,0.15
3.466666666666667,21.499968414718,1.6682813409297554,21.564596088644137,-1.045324887914729,-0.4766294999527729,-0.087,0.5417324576076241,-8.995931378958945,118.84609075153611,-26.619355295156396,0.07743942482900679,0.13666403487853865,0.10688626787410277,-5701.179807510996,-5106.311989763054,1508.576215858266,0.4444444444444444,0.0,0.15
3.4833333333333334,21.49561247673624,1.6892757150154505,21.56188786241501,-1.0532841148740173,-0.47809833063338564,-0.087,0.5415196791098308,-9.012697485954709,119.0485835618212,-26.916258574448225,0.07842581540863018,0.13755948346734254,0.10796300040267733,-5708.283683328706,-5119.894463326361,1508.8524590477384,0.4444444444444444,0.0,0.15
3.5,21.49104474458017,1.7104669229757603,21.559005109423325,-1.0612670214823128,-0.47949066926076533,-0.087,0.5413222532131702,-9.029168414643195,119.24897249302174,-27.214529296833568,0.07942233340203202,0.1384696078824276,0.1090455051244034,-5715.3391505578475,-5133.150722512622,1509.142296257536,0.4444444444444444,0.0,0.15
3.5166666666666666,21.48626517068915,1.7318314531080596,21.555946538418212,-1.0692723651318656,-0.48080960300010467,-0.087,0.541141334378115,-9.045327397735463,119.4472426836809,-27.514152786561112,0.08042792099598223,0.13939315171288374,0.11013290776491456,-5722.332318561553,-5146.07494509808,1509.4457335243235,0.4444444444444444,0.0,0.15
3.533333333333333,21.481273886142116,1.7533471342297127,21.55271105788232,-1.0772989538298867,-0.48205813788066704,-0.087,0.5409779477356528,-9.061160523761918,119.64337942230651,-27.81511413244375,0.08144158185668195,0.14032892582348672,0.11122439097276357,-5729.250832114094,-5158.663246644879,1509.7627652314309,0.4444444444444444,0.0,0.15
3.55,21.47607118944365,1.774993062472705,21.549297763636705,-1.0853456447927972,-0.48323919383325253,-0.087,0.5408329967704203,-9.076656483661615,119.83736815566516,-28.11739819049093,0.08246237769731071,0.14127580518273658,0.11231919055088527,-5736.08377356214,-5170.913464736627,1510.0933748370044,0.4444444444444444,0.0,0.15
3.5666666666666664,21.47065753583011,1.796749530540033,21.545705927084267,-1.0934113429714063,-0.48435560101486536,-0.087,0.5407072710113752,-9.091806330590668,120.02919449634055,-28.42098958696282,0.08348942496351602,0.14223272572972628,0.1134165918860909,-5742.821565498463,-5182.824959710706,1510.4375355689222,0.4444444444444444,0.0,0.15
3.5833333333333335,21.465033527100342,1.818597959626346,21.541934984079283,-1.1014949995266996,-0.48541009725235634,-0.087,0.5406014536389112,-9.106603253562936,120.21884422960363,-28.725872721791678,0.08452189164602147,0.14319868129983723,0.11451592657567565,-5749.455875036066,-5194.398431437444,1510.7952110860585,0.4444444444444444,0.0,0.15
3.6,21.459199901969885,1.8405208341419517,21.537984524407452,-1.1095956102732751,-0.48640532645263224,-0.087,0.5405161289348785,-9.121042365220761,120.40630331964105,-29.032031772320305,0.08555899422658027,0.14417272062524572,0.11561656924817118,-5755.979520549061,-5205.635751541782,1511.166356105902,0.4444444444444444,0.0,0.15
3.6166666666666667,21.45315752694285,1.862501639325939,21.533854281858517,-1.1177122141050944,-0.4873438378421625,-0.087,0.5404517895173808,-9.13512050377684,120.59155791518623,-29.339450697311438,0.08659999476102248,0.1451539444227354,0.11671793457366411,-5762.386381553312,-5216.539810352126,1511.5509169988147,0.4444444444444444,0.0,0.15
3.6333333333333333,21.44690738769175,1.8845248017897376,21.529544124871467,-1.1258438914160658,-0.4882280859128225,-0.087,0.5404088433156554,-9.148836048962835,120.77459435459583,-29.648113241186145,0.08764419810108381,0.14614150257830028,0.11781947445787279,-5768.671312232816,-5227.114377786213,1511.9488323495063,0.4444444444444444,0.0,0.15
3.65,21.440450580932584,1.906575632995781,21.525054047731114,-1.1339897625260746,-0.4890604309644919,-0.087,0.5403876202519123,-9.162188751659173,120.95539917041239,-29.958002938452942,0.08869094925500783,0.14713459143544372,0.11892067541326035,-5774.830058975127,-5237.363977338561,1512.3600334865016,0.4444444444444444,0.0,0.15
3.6666666666666665,21.433788306780006,1.9286402756461005,21.520384162293748,-1.1421489861213818,-0.48984314014722163,-0.087,0.5403883786068369,-9.175179576757152,121.13395909345132,-30.2691031182931,0.08973963088553652,0.14813245119189047,0.1200210560998169,-5780.859182158522,-5247.293772312383,1512.7844449805223,0.4444444444444444,0.0,0.15
3.683333333333333,21.426921861565457,1.9507056529317266,21.515534690218868,-1.1503207577168046,-0.49057838891718125,-0.087,0.5404113110538145,-9.187810558713291,121.31026105644901,-30.581396909270904,0.09078966094280233,0.1491343634075798,0.12112016502771901,-5786.755982332789,-5256.90946343609,1513.2219851128687,0.4444444444444444,0.0,0.15
3.6999999999999997,21.419852631100092,1.9727594205748693,21.510505955683897,-1.1585043081457809,-0.4912682628310021,-0.087,0.5404565503538277,-9.200084669191476,121.48429219730622,-30.894867244140972,0.09184049042876735,0.15013964862526769,0.12221757841382826,-5792.518430852305,-5266.2171970163645,1513.672566314947,0.4444444444444444,0.0,0.15
3.716666666666667,21.412582084363066,1.9947899215812912,21.505298378558443,-1.1666989020832572,-0.49191475961257264,-0.087,0.5405241747087082,-9.212005696146296,121.65603986195886,-31.209496864727505,0.09289160128919274,0.15114766410379077,0.1233128981838964,-5798.145104952284,-5275.223482802757,1514.1360955801783,0.4444444444444444,0.0,0.15
3.7333333333333334,21.40511176759549,2.01678614360936,21.499912468015065,-1.1749038366053335,-0.4925197914348643,-0.087,0.5406142127750316,-9.223578133677192,121.82549160690651,-31.52526832685325,0.09394250442862515,0.15215780166300086,0.1244057501123626,-5803.635127204777,-5283.935120769877,1514.612474849537,0.4444444444444444,0.0,0.15
3.75,21.397443298779883,2.0387376788544613,21.494348816553643,-1.183118439788719,-0.49308518736701595,-0.087,0.5407266483446761,-9.23480708197378,121.99263520142662,-31.842164005298418,0.09499273784353782,0.15316948563853994,0.1254957820917446,-5808.98810924822,-5292.359136060317,1515.1016013720255,0.4444444444444444,0.0,0.15
3.7666666666666666,21.389578362485125,2.06063468634219,21.488608094417106,-1.1913420693522978,-0.49361269594374413,-0.087,0.5408614247009225,-9.245698156675372,122.1574586295008,-32.16016609877209,0.09604186486853171,0.15418217094395698,0.1265826625238097,-5814.204099651589,-5300.5027213721605,1515.6033680413595,0.4444444444444444,0.0,0.15
3.783333333333333,21.381518705056905,2.0824678565206405,21.482691044376633,-1.1995741113424563,-0.49410398782023335,-0.087,0.5410184486612257,-9.256257406979461,122.3199500914773,-32.47925663488082,0.09708947253037013,0.15519534123714926,0.12766607882495404,-5819.283535749764,-5308.373186118038,1516.1176637101576,0.4444444444444444,0.0,0.15
3.8,21.373266130134255,2.1042283780407534,21.476598476865373,-1.2078139788632558,-0.4945606584810567,-0.087,0.541197594319363,-9.266491241852826,122.48009800549269,-32.799417475081114,0.09813517000456866,0.1562085071877204,0.12874573603849804,-5824.227199269443,-5315.977911726771,1516.6443734828847,0.4444444444444444,0.0,0.15
3.8166666666666664,21.364822494472982,2.125907906613744,21.47033126544026,-1.2160611108520711,-0.49498423097644273,-0.087,0.5413987065008614,-9.276406363722739,122.63789100867339,-33.120630319604054,0.09917858716927686,0.15722120484155946,0.12982135554691648,-5829.036175553409,-5323.324312502751,1517.183378988789,0.4444444444444444,0.0,0.15
3.8333333333333335,21.35618970405766,2.14749853583585,21.463890342552432,-1.2243149709009125,-0.49537615866339896,-0.087,0.5416216039462916,-9.286009709053738,122.79331795813646,-33.44287671234213,0.1002193732512542,0.15823299407875258,0.13089267387734693,-5833.711816184437,-5330.4198015015945,1517.734558636028,0.4444444444444444,0.0,0.15
3.85,21.347369710484234,2.1689927698727627,21.457276695607483,-1.2325750461233091,-0.4957378279328786,-0.087,0.5418660822374537,-9.295308395245582,122.94636793180761,-33.766138045689694,0.10125719555885208,0.15924345716081667,0.13195944159406034,-5838.255704807415,-5337.271760922787,1518.2977878481333,0.4444444444444444,0.0,0.15
3.8666666666666667,21.338364507596218,2.190383497898893,21.45049136329771,-1.2408408460663554,-0.4960705609073922,-0.087,0.5421319164815774,-9.304309673319638,123.09703022907301,-34.090395565329715,0.10229173829705226,0.16025219736318624,0.13302142227191624,-5842.669625948738,-5343.887516560409,1518.8729392839257,0.4444444444444444,0.0,0.15
3.8833333333333333,21.32917612835812,2.2116639701900063,21.443535432189314,-1.2491119016672911,-0.49637561809626235,-0.087,0.5424188637686087,-9.313020885893685,123.24529437127974,-34.4156303749607,0.1033227014597771,0.1612588376888765,0.13407839154516643,-5846.955536635119,-5350.274315891627,1519.4598830419495,0.4444444444444444,0.0,0.15
3.9,21.319806641950457,2.2328277757714643,21.436410033548327,-1.2573877642538,-0.4966542009981511,-0.087,0.5427266654163503,-9.321449429977378,123.39115010209923,-34.74182344095869,0.10434979979486785,0.16226301965927845,0.13513013622630618,-5851.115540618833,-5356.439309418921,1520.0584868504268,0.4444444444444444,0.0,0.15
3.9166666666666665,21.31025815107159,2.253868821528324,21.42911634039002,-1.2656680045870563,-0.4969074546425855,-0.087,0.5430550490178743,-9.329602724152787,123.5345873877662,-35.068955596970255,0.10537276183732051,0.16326440217810834,0.13617645348999635,-5855.151865022915,-5362.389534916121,1520.6686162437081,0.4444444444444444,0.0,0.15
3.933333333333333,21.30053278943234,2.274781312687725,21.421655564737183,-1.2739522119464364,-0.49713647006401934,-0.087,0.5434037303050997,-9.337488179735825,123.67559641720501,-35.39700754843299,0.10639132900656921,0.164262660464624,0.1372171501173981,-5859.066839227286,-5368.131904260313,1521.2901347261238,0.4444444444444444,0.0,0.15
3.9499999999999997,21.290632719430057,2.2955597345882466,21.414028955073555,-1.2822399932547137,-0.49734228670351893,-0.087,0.5437724148418742,-9.345113175544363,123.81416760205425,-35.725959877021026,0.10740525476381126,0.165257485052333,0.13825204179656367,-5862.862875825078,-5373.673192561055,1521.9229039241052,0.4444444444444444,0.0,0.15
3.966666666666667,21.280560129989738,2.3161988356552103,21.40623779397957,-1.290530972242498,-0.49752589473448827,-0.087,0.5441607995592853,-9.352485035927945,123.95029157659903,-36.05579304501361,0.10841430382557264,0.16624858084954358,0.13928095247481723,-5866.542453487152,-5379.0200293259,1522.5667837273886,0.4444444444444444,0.0,0.15
3.9833333333333334,21.270317234560242,2.336693611505175,21.398283395938087,-1.2988247886506183,-0.4976882373099757,-0.087,0.544568574145264,-9.359611011741316,124.08395919762054,-36.38648739958525,0.10941825142991647,0.1672356662582457,0.14030371375933676,-5870.108101581832,-5384.178891426307,1523.2216324200735,0.4444444444444444,0.0,0.15
4.0,21.259906269254707,2.3570392901070596,21.390167105298733,-1.3071210974691339,-0.49783021273005956,-0.087,0.5449954222998968,-9.3664982639701,124.21516154417071,-36.71802317701666,0.11041688265189536,0.16821847234795456,0.14132016436240832,-5873.5623864059335,-5389.156097651294,1523.887306802253,0.4444444444444444,0.0,0.15
4.016666666666667,21.24932949112466,2.3772313179314333,21.381890294390114,-1.3154195682116252,-0.49795267652861275,-0.087,0.5454410228671707,-9.373153849741254,124.3438899172795,-37.050380506826,0.11140999176504417,0.16919674208129648,0.14233014958807208,-5876.9078988922565,-5393.957804657341,1524.5636623029,0.4444444444444444,0.0,0.15
4.033333333333333,21.238589176558065,2.3972653470234833,21.373454361769625,-1.323719884223427,-0.4980564434794178,-0.087,0.5459050508532255,-9.379584710473896,124.47013583960177,-37.38353941582029,0.11239738164589769,0.1701702295882681,0.14333352085711168,-5880.147243667554,-5398.590004142501,1525.2505530846363,0.4444444444444444,0.0,0.15
4.05,21.227687619792317,2.41713722293901,21.364860730601574,-1.3320217420224594,-0.49814228952215933,-0.087,0.5463871783405287,-9.385797661947286,124.5938910550099,-37.71747983206735,0.11337886321869871,0.17113869948625038,0.14433013526755764,-5883.283029343636,-5403.05852109033,1525.9478321409915,0.4444444444444444,0.0,0.15
4.066666666666666,21.216627131533507,2.4368429734864847,21.356110847154596,-1.3403248506713326,-0.49821095360928136,-0.087,0.5468870753067592,-9.391799386082733,124.71514752813789,-38.05218158878877,0.11435425493763704,0.1721019262430074,0.1453198551880793,-5886.317859932624,-5407.369012945312,1526.655351386696,0.4444444444444444,0.0,0.15
4.083333333333333,21.205410037674145,2.456378798221713,21.347206179410094,-1.348628931179422,-0.4982631394750656,-0.087,0.5474044103565568,-9.397596424254306,124.83389744388174,-38.38762442817466,0.11532338230412484,0.17305969358004714,0.14630254788183203,-5889.254327285306,-5411.526969596096,1527.372961741536,0.4444444444444444,0.0,0.15
4.1,21.194038678101812,2.475741058645011,21.338148215773934,-1.356933715933631,-0.49829951732858796,-0.087,0.5479388513737372,-9.403195171960443,124.95013320686122,-38.72378800512118,0.1162860774167731,0.1740117939138635,0.1472780851585051,-5892.095004459182,-5415.537714056066,1528.1005132082512,0.4444444444444444,0.0,0.15
4.116666666666666,21.182515405591886,2.4949262690539844,21.328938463884068,-1.365238948156595,-0.49832072547244477,-0.087,0.5484900661009836,-9.408601874703901,125.063847440847,-39.06065189089205,0.11724217855188333,0.17495802783271824,0.14824634305248138,-5894.842439929954,-5419.406403742708,1528.8378549449276,0.4444444444444444,0.0,0.15
4.133333333333333,21.170842584777894,2.5139310880080266,21.319578449507354,-1.373544381391109,-0.4983273718493227,-0.087,0.5490577226535193,-9.413822624942163,125.17503298815689,-39.39819557670535,0.11819152977241082,0.17589820360675407,0.14920720152517686,-5897.499152567039,-5423.13803226811,1529.5848353323086,0.4444444444444444,0.0,0.15
4.15,21.15902259119349,2.5327523103634784,21.310069715519187,-1.3818497790096007,-0.4983200355186201,-0.087,0.5496414899727493,-9.41886335998326,125.2836829090248,-39.73639847724689,0.11913398056348991,0.1768321367293591,0.1501605441897695,-5900.067627300031,-5426.737431662621,1530.341302036411,0.4444444444444444,0.0,0.15
4.166666666666667,21.147057810380485,2.5513868598411165,21.30041382096001,-1.390154913747505,-0.4982992680654251,-0.087,0.5502410382254053,-9.423729860714339,125.38979048094548,-40.075239934111934,0.12006938549273818,0.17775964948782658,0.15110625805666356,-5902.550311409026,-5430.209274962515,1531.1071020668164,0.4444444444444444,0.0,0.15
4.183333333333334,21.13495063705777,2.5698317820901484,21.290612340163193,-1.3984595672594409,-0.49826559494422024,-0.087,0.5508560391532679,-9.428427751061216,125.49334919799767,-40.41469921917659,0.12099760389367545,0.1786805705614693,0.15204423329815786,-5904.949611377322,-5433.558079100409,1531.8820818309714,0.4444444444444444,0.0,0.15
4.2,21.12270347434633,2.5880842382152744,21.280666861949154,-1.4067635296971208,-0.4982195167597157,-0.087,0.5514861663781473,-9.432962498087178,125.59435277014852,-40.754755537900714,0.12191849957070465,0.1795947346454615,0.1529743630309021,-5907.267890250139,-5436.788208044257,1532.666087184813,0.4444444444444444,0.0,0.15
4.216666666666667,21.11031873304583,2.606141498735624,21.270578988880807,-1.4150665993079803,-0.4981615104872301,-0.087,0.552131095666407,-9.437339412648639,125.69279512254124,-41.09538803256389,0.12283194052420757,0.1805019820987867,0.15389654311483256,-5909.507465447904,-5439.903876137145,1533.4589634800097,0.4444444444444444,0.0,0.15
4.233333333333333,21.097798830958748,2.6240009379464566,21.26035033657602,-1.4233685820535344,-0.49809203063502827,-0.087,0.5527905051569634,-9.441563650533539,125.78867039476808,-41.436575785436375,0.12373779869440492,0.18140215861476988,0.1548106719673769,-5911.670606987051,-5442.909151595821,1534.2605556080935,0.4444444444444444,0.0,0.15
4.25,21.08514619225811,2.6416600286564846,21.249982533072778,-1.4316692912465263,-0.4980115103510031,-0.087,0.5534640755563557,-9.445640214015937,125.88197294013051,-41.7782978218865,0.12463594972272367,0.18229511491276756,0.15571665039180846,-5913.759536065453,-5445.807960130986,1535.0707080417233,0.4444444444444444,0.0,0.15
4.266666666666667,21.072363246895343,2.659116337275515,21.239477218243184,-1.439968547205962,-0.49792036247605576,-0.087,0.5541514903041901,-9.449573953767324,125.97269732488833,-42.1205331134265,0.12552627272949948,0.1831807064496802,0.1566143814187169,-5915.7764239734115,-5448.604088656987,1535.8892648733272,0.4444444444444444,0.0,0.15
4.283333333333333,21.059452430044907,2.6763675192288203,21.228836043252755,-1.448266176929166,-0.49781898054647966,-0.087,0.5548524357119493,-9.45336957107125,126.0608383274987,-42.4632605806984,0.1264086501069228,0.18405879315003384,0.15750377015963807,-5917.723391294647,-5451.301189062598,1536.7160698513226,0.4444444444444444,0.0,0.15
4.3,21.046416181582746,2.693411314676251,21.218060670061583,-1.456562013780035,-0.4977077397476021,-0.087,0.5555666010779314,-9.45703162029371,126.14639093784697,-42.806459096401674,0.12728296732621147,0.18492923915346005,0.15838472367195988,-5919.602507364955,-5453.902782018269,1537.5509664141264,0.4444444444444444,0.0,0.15
4.316666666666666,21.033256945595607,2.7102455445156024,21.207152770964154,-1.4648558971926955,-0.49758699782087545,-0.087,0.5562936787808067,-9.460564511566822,126.22935035647004,-43.150107488164444,0.12814911275806373,0.18579191257847585,0.1592571508342871,-5921.4157899592155,-5456.412260798457,1538.393797722135,0.4444444444444444,0.0,0.15
4.333333333333333,21.019977169918747,2.726868106651146,21.19611402816508,-1.4731476723898151,-0.49745709592654713,-0.087,0.5570333643540802,-9.463972513647912,126.30971199377328,-43.49418454135985,0.1290069775055092,0.18664668530153788,0.1601209622315092,-5923.165205180101,-5458.832895100513,1539.2444066878413,0.4444444444444444,0.0,0.15
4.35,21.006579305699574,2.7432769725095367,21.184946133387893,-1.4814371901148489,-0.4973183594639654,-0.087,0.5577853565435366,-9.46725975692049,126.3874714692421,-43.83866900186935,0.12985645524833725,0.18749343275040875,0.16097607004887401,-5924.8526675243975,-5461.167834844274,1540.1026360042508,0.4444444444444444,0.0,0.15
4.366666666666666,20.99306580698495,2.759470183786519,21.17365078751436,-1.4897243063775318,-0.49717109885151056,-0.087,0.5585493573495498,-9.470430236507214,126.46262461064875,-44.18353957879439,0.1306974420983387,0.18833203371093832,0.16182238797442056,-5926.480040105109,-5463.420113938664,1540.968328171743,0.4444444444444444,0.0,0.15
4.383333333333333,20.979439130330196,2.775445849408996,21.162229700252084,-1.4980088822119695,-0.4970156102680667,-0.087,0.5593250720559786,-9.473487815468497,126.53516745325499,-44.52877494711828,0.13152983646464828,0.1891623701464181,0.16265983110917434,-5928.04913500963,-5465.5926540037735,1541.84132552351,0.4444444444444444,0.0,0.15
4.4,20.965701734427793,2.791202142698069,21.150684589828074,-1.506290783446702,-0.49685217635787626,-0.087,0.5601122092471935,-9.476436228063445,126.6050962390114,-44.87435375031963,0.13235353892852647,0.18998432702872353,0.16348831588455362,-5929.5617137761565,-5467.688268038585,1542.7214702496951,0.4444444444444444,0.0,0.15
4.416666666666667,20.95185607975415,2.8067372987196517,21.139017182706368,-1.5145698804861498,-0.49668106690054675,-0.087,0.5609104808146612,-9.47927908305259,126.6724074157537,-45.22025460293897,0.13316845212696277,0.19079779218050877,0.1643077599864752,-5931.019487972312,-5469.7096640261525,1543.608604420353,0.4444444444444444,0.0,0.15
4.433333333333334,20.93790462823272,2.822049611810157,21.12722921332769,-1.5228460481028787,-0.4965025394479067,-0.087,0.5617196019543456,-9.482019867024365,126.73709763639647,-45.56645609310001,0.13397448064452633,0.1916026561277665,0.16511808228568814,-5932.4241198614845,-5471.659448469443,1544.5025700073268,0.4444444444444444,0.0,0.15
4.45,20.923849842912013,2.837137433265626,21.1153224238695,-1.5311191652401497,-0.4963168399293347,-0.087,0.5625392911560985,-9.48466194772956,126.79916375812468,-45.9129367849869,0.13477153091292907,0.19239881196211006,0.16591920277389788,-5933.777223143899,-5473.540129852266,1545.403208905151,0.4444444444444444,0.0,0.15
4.466666666666667,20.909694187657177,2.8519991691834554,21.103298564024712,-1.5393891148242427,-0.4961242032271176,-0.087,0.5633692701860785,-9.487208577409978,126.85860284158349,-46.259675221279046,0.13555951111780315,0.19318615521217736,0.1667110425052773,-5935.080363760714,-5475.354122020843,1546.3103629510622,0.4444444444444444,0.0,0.15
4.483333333333333,20.895440126853824,2.866633278446613,21.091159390797618,-1.5476557835860705,-0.4959248537233218,-0.087,0.5642092640631324,-9.489662896109271,126.91541215006615,-46.60664992554465,0.13633833111222887,0.19396458372359415,0.1674935235429901,-5936.335060750666,-5477.103747482496,1547.223873944199,0.4444444444444444,0.0,0.15
4.5,20.878830851415394,2.8808417923846084,21.076641742810097,-1.5559241306758096,-0.4963152493855347,-0.11599999999999999,0.4166848775401508,-9.511015724514792,126.9695858052222,-46.95381748168899,0.1371133187630179,0.22371141880363749,0.16829649747890313,-6002.9842853504015,-5449.277827568351,1548.2485014964575,0.4444444444444444,0.0,0.2
4.516666666666667,20.86186546731676,2.8950585349242117,21.061785173556896,-1.5642023126699054,-0.4969144024767923,-0.11599999999999999,0.4177941043519726,-9.51267962383627,127.02111899190477,-47.301137180099595,0.13789208531677088,0.22443543080132383,0.16913011175765097,-6003.371667407474,-5451.010933892108,1549.3355825856393,0.4444444444444444,0.0,0.2
4.533333333333333,20.844772246565444,2.9093117489761293,21.04681982780096,-1.5724903218438768,-0.4974983595790776,-0.11599999999999999,0.4189123275800002,-9.51430541753282,127.07001005934947,-47.64858744919958,0.13867450665101988,0.22516387166096646,0.16996667344982025,-6003.746292397898,-5452.709160485297,1550.4308752938332,0.4444444444444444,0.0,0.2
4.55,20.827551513307323,2.923595463924196,21.031745350211626,-1.580787908234422,-0.49806743753898236,-0.11599999999999999,0.4200393223213219,-9.515893298136133,127.11625756367378,-47.99614669285383,0.13946031990642171,0.22589645893264657,0.17080593879579545,-6004.110811604297,-5454.36973923824,1551.5343594559013,0.4444444444444444,0.0,0.2
4.566666666666666,20.810203635082132,2.9379038318372177,21.016561428043108,-1.5890948271278464,-0.49862195002005066,-0.11599999999999999,0.42117509146624665,-9.517443211200465,127.15986024719216,-48.3437932773519,0.14024926713495112,0.22663291433930993,0.17164766965803332,-6004.465033265762,-5455.9928139495,1552.6460121675714,0.4444444444444444,0.0,0.2
4.583333333333333,20.792729021878248,2.952231125413764,21.001267790186375,-1.5974108389995503,-0.49916220694068164,-0.11599999999999999,0.4223196324285059,-9.518955161479768,127.20081703914587,-48.69150553372581,0.14104109520449887,0.2273729646743181,0.17249163248355046,-6004.8087898879685,-5457.578577356406,1553.7658077841552,0.4444444444444444,0.0,0.2
4.6,20.77512812518956,2.9665717358639974,20.985864206223898,-1.60573570944868,-0.49968851419662463,-0.11599999999999999,0.42347293731746727,-9.520429208949556,127.23912705638068,-49.03926176006447,0.1418355557005105,0.22811634171976147,0.17333759818870675,-6005.141937095905,-5459.1272672963205,1554.8937179813852,0.4444444444444444,0.0,0.2
4.616666666666666,20.757401437090746,2.9809201707591364,20.97035048550633,-1.6140692091284663,-0.500201173413423,-0.11599999999999999,0.4246349931089244,-9.521865464969219,127.27478960397325,-49.38704022382376,0.1426324048259985,0.22886278216132183,0.17418534204413197,-6005.464352500815,-5460.639163033621,1556.029711815079,0.4444444444444444,0.0,0.2
4.633333333333333,20.739549489331228,2.9952710518567773,20.954726476251377,-1.6224111136727346,-0.5007004817271318,-0.11599999999999999,0.4258057818140044,-9.523264088588023,127.30780417580841,-49.73481916413129,0.1434314033003131,0.22961202750017246,0.17503464356008397,-6005.775934585007,-5462.114581752275,1557.1737557796037,0.4444444444444444,0.0,0.2
4.65,20.72157285244796,3.009619112909623,20.938992064664887,-1.6307612036190398,-0.501186731591675,-0.11599999999999999,0.42698528064580366,-9.524625282996706,127.33817045510841,-50.08257679408508,0.14423231625702773,0.23036382396237193,0.17588528637249923,-6006.076601607554,-5463.553875213144,1558.32581386514,0.4444444444444444,0.0,0.2
4.666666666666667,20.703472134897122,3.0239591974645754,20.92314717408431,-1.6391192643288537,-0.5016602106112484,-0.11599999999999999,0.42817346218340546,-9.525949292125885,127.36588831491551,-50.43029130304522,0.14503491314126649,0.23111792240617718,0.17673705812997054,-6006.3662905334895,-5464.95742657449,1559.4858476137226,0.4444444444444444,0.0,0.2
4.683333333333334,20.685247982204757,3.0382862566585542,20.907191764144372,-1.6474850859052048,-0.5021212013962204,-0.11599999999999999,0.42937029453299624,-9.52723639739138,127.39095781852944,-50.77794085891791,0.1458389676067741,0.2318740782276721,0.1775897503818631,-6006.644955988733,-5466.325647373365,1560.653816174077,0.4444444444444444,0.0,0.2
4.7,20.666901076136316,3.0525953470168448,20.89112582996506,-1.6558584631081494,-0.5025699814410366,-0.11599999999999999,0.43057574148580957,-9.528486914586049,127.41337921990115,-51.12550361043107,0.14664425741300371,0.23263205126507744,0.17844315846775563,-6006.912569242624,-5467.658974665126,1561.8296763552332,0.4444444444444444,0.0,0.2
4.716666666666667,20.648432133885013,3.0668816282592783,20.874949401361658,-1.6642391952684221,-0.5030068230226817,-0.11599999999999999,0.4317897626726883,-9.529701190916846,127.43315296398386,-51.47295768940107,0.1474505643224742,0.2333916057020845,0.17929708140837453,-6007.169117219626,-5468.957868317664,1563.0133826789315,0.4444444444444444,0.0,0.2
4.733333333333333,20.62984190727879,3.0811403611190373,20.858662542076686,-1.6726270861995953,-0.5034319931183082,-0.11599999999999999,0.43301231371509097,-9.530879602185374,127.45027968704309,-51.82028121298992,0.14825767399862583,0.23415250997052467,0.18015132179816767,-6007.414601541442,-5470.222808456689,1564.2048874308332,0.4444444444444444,0.0,0.2
4.75,20.6111311820058,3.095366905178414,20.84226534903357,-1.681021944109055,-0.5038457533406963,-0.11599999999999999,0.4342433463723785,-9.532022550109629,127.46476021692669,-52.16745228595237,0.149065375904381,0.23491453665266537,0.18100568569964698,-6007.649037600543,-5471.454293057897,1565.4041407105362,0.4444444444444444,0.0,0.2
4.766666666666667,20.592300776858092,3.1095567167254337,20.825757951611813,-1.6894235815080736,-0.5042483598902656,-0.11599999999999999,0.4354828086852818,-9.533130459784202,127.476595573296,-52.51444900287259,0.14987346320159836,0.23567746238339832,0.18185998253961144,-6007.872453665831,-5472.652835681708,1566.6110904804227,0.4444444444444444,0.0,0.2
4.783333333333333,20.573351542993255,3.1237053466348317,20.809140510943212,-1.697831815121245,-0.504640063522417,-0.11599999999999999,0.43673064511544646,-9.534203777275822,127.48578696781958,-52.86124945038987,0.1506817326515891,0.23644106775256357,0.18271402500734824,-6008.084890020941,-5473.818963345927,1567.825682613341,0.4444444444444444,0.0,0.2
4.8,20.55428436321375,3.1378084382764966,20.792413219229086,-1.7062464657955232,-0.505021109529034,-0.11599999999999999,0.43798679668100293,-9.535242967350854,127.49233580433045,-53.207831709413114,0.15148998451684578,0.23720513720763273,0.1835676289548928,-6008.286398135498,-5474.953214531572,1569.0478609391585,0.4444444444444444,0.0,0.2
4.816666666666666,20.535100151263542,3.1518617254541366,20.775576299077883,-1.714667358409091,-0.5053917377330372,-0.11599999999999999,0.43925120108811067,-9.536248511331019,127.49624367894798,-53.554173857323654,0.15229802246411964,0.2379694589569533,0.18442061329941803,-6008.477039869425,-5476.05613731697,1570.2775672901876,0.4444444444444444,0.0,0.2
4.833333333333333,20.51579985114175,3.1658610303765977,20.758630002863026,-1.7230943217802637,-0.5057521824949329,-0.11599999999999999,0.44052379285846244,-9.537220905073493,127.4975123801654,-53.90025397016618,0.15310565346896504,0.23873382487373956,0.18527279992780893,-6008.656886710282,-5477.128287635118,1571.5147415455187,0.4444444444444444,0.0,0.2
4.85,20.49638443643287,3.1798022616639483,20.741574612100468,-1.731527188576618,-0.506102672730356,-0.11599999999999999,0.44180450345275313,-9.53816065707131,127.49614388890434,-54.246050124827505,0.15391268772185712,0.23949803040097623,0.18612401360346917,-6008.826019043416,-5478.170227649283,1572.7593216742873,0.4444444444444444,0.0,0.2
4.866666666666666,20.476854909653238,3.1936814123901613,20.724410436845634,-1.739965795224519,-0.5064434319376602,-0.11599999999999999,0.4430932613901075,-9.539068286669858,127.4921403785367,-54.591540401202884,0.15471893853597407,0.24026187445738384,0.18697408187539385,-6008.984525454616,-5479.182524241804,1574.0112437778787,0.4444444444444444,0.0,0.2
4.883333333333333,20.457212301613293,3.2074945581639622,20.707137815109302,-1.7484099818192038,-0.5067746782346584,-0.11599999999999999,0.44438999236353083,-9.539944322395261,127.48550421487545,-54.93670288434979,0.1555242222567245,0.2410251593445831,0.18782283498953734,-6009.132502064849,-5480.165747611029,1575.2704421311266,0.4444444444444444,0.0,0.2
4.9,20.437457670795254,3.221237855249162,20.689757112292014,-1.7568595920355647,-0.5070966244036685,-0.11599999999999999,0.445694619351392,-9.54078930039025,127.47623795613491,-55.28151566662883,0.15632835817308785,0.24178769065557593,0.18867010580249172,-6009.270051896496,-5481.120469971452,1576.5368492225102,0.4444444444444444,0.0,0.2
4.916666666666667,20.41759210274575,3.234907538725573,20.67226872063657,-1.7653144730397623,-0.5074094779440701,-0.11599999999999999,0.44700706272501556,-9.541603762953235,127.4643443528615,-55.625956849831795,0.15713116843082672,0.2425492771846514,0.18951572969748814,-6009.397284270542,-5482.04726435205,1577.8103957933783,0.4444444444444444,0.0,0.2
4.933333333333334,20.39761670948298,3.2484999206913847,20.654673058698148,-1.7737744754017857,-0.5077134411316209,-0.11599999999999999,0.4483272403524454,-9.54238825717615,127.44982634783577,-55.97000454729666,0.1579324779476185,0.24330973083881027,0.19035954450272385,-6009.514314233952,-5482.946703488031,1579.0910108762437,0.4444444444444444,0.0,0.2
4.95,20.377532628917976,3.2620113885077053,20.63697057083163,-1.7822394530090664,-0.5080087110838338,-0.11599999999999999,0.4496550676984443,-9.543143333676822,127.43268707594646,-56.31363688600938,0.15873211433014645,0.24406886655079046,0.19120139041201237,-6009.621262016549,-5483.819358801207,1580.3786218321559,0.4444444444444444,0.0,0.2
4.966666666666667,20.35734102428956,3.27543840308578,20.619161726695676,-1.790709262981238,-0.5082954798307541,-0.11599999999999999,0.45099045792082326,-9.543869545421527,127.41292986403751,-56.65683200869243,0.15952990779318132,0.24482650219376553,0.19204110990774895,-6009.718252516542,-5484.665799464365,1581.6731543871965,0.4444444444444444,0.0,0.2
4.983333333333333,20.33704308361245,3.288777497217243,20.601247020773076,-1.7991837655861262,-0.5085739343905199,-0.11599999999999999,0.45233332196317844,-9.544567446633467,127.39055823072857,-56.99956807588014,0.16032569108067765,0.24558245849777657,0.19287854768617757,-6009.805414813885,-5485.486591545111,1582.9745326681161,0.4444444444444444,0.0,0.2
5.0,20.316640019138163,3.3020252739476166,20.583226971906885,-1.807662824157043,-0.5088442568491336,-0.11599999999999999,0.4536835686441363,-9.545237591783078,127.36557588620994,-57.34182326798055,0.16111929938890135,0.2463365589679512,0.1937135505849425,-6009.882881710599,-5486.282297224815,1584.2826792371452,0.4444444444444444,0.0,0.2
5.016666666666667,20.296133066828283,3.3151784049931368,20.565102122852036,-1.8161463050114484,-0.509106624443904,-0.11599999999999999,0.45504110474319526,-9.545880534656064,127.33798673201235,-57.68357578732392,0.16191057029159953,0.24708862980455196,0.19454596751290262,-6009.950789297131,-5487.053474088376,1585.5975151260056,0.4444444444444444,0.0,0.2
5.033333333333333,20.27552348583959,3.3282336292008514,20.54687303984176,-1.824634077371039,-0.5093612096500623,-0.11599999999999999,0.4564058350832749,-9.546496827495178,127.30779486075244,-58.02480386019782,0.16269934366721764,0.24783849982488984,0.19537564938218285,-6010.009276543875,-5487.800674480749,1586.9189598691516,0.4444444444444444,0.0,0.2
5.05,20.254812558020646,3.3411877510518457,20.528540312168563,-1.8331260132833052,-0.5096081802700855,-0.11599999999999999,0.45777766261006536,-9.547087020211823,127.27500455585438,-58.365485738868756,0.16348546162816413,0.2485860003871322,0.19620244904243586,-6010.058484916878,-5488.524444926223,1588.2469315362698,0.4444444444444444,0.0,0.2
5.066666666666666,20.234001587419442,3.354037639207335,20.510104551779154,-1.8416219875446047,-0.509847699525298,-0.11599999999999999,0.45915648846828705,-9.547651659663842,127.23962029124856,-58.705599703590366,0.16426876845211758,0.2493309653160254,0.19702622121728205,-6010.098558016847,-5489.225325606685,1589.5813467640598,0.4444444444444444,0.0,0.2
5.083333333333333,20.21309189980165,3.366780225097287,20.49156639288303,-1.8501218776247816,-0.5100799261493505,-0.11599999999999999,0.46054221207496737,-9.548191288995708,127.20164673104738,-59.04512406459823,0.16504911051536772,0.25007323083054844,0.19784682244289528,-6010.129641240506,-5489.903849895196,1590.9221207873313,0.4444444444444444,0.0,0.2
5.1,20.19208484217906,3.3794125015511427,20.47292649157412,-1.8586255635933588,-0.5103050144832092,-0.11599999999999999,0.4619347311898341,-9.54870644703768,127.16108872919915,-59.38403716409119,0.16582633622817733,0.25081263547350724,0.19866411100869985,-6010.151881463363,-5490.560543941367,1592.2691674694377,0.4444444444444444,0.0,0.2
5.116666666666666,20.170981782347837,3.391931521470151,20.454185525465224,-1.8671329280473277,-0.5105231145713128,-0.11599999999999999,0.463333941982939,-9.549197667760495,127.11795132912042,-59.72231737819933,0.16660029597214956,0.2515490200430739,0.1994779469001407,-6010.165426742993,-5491.195926305204,1593.6223993320725,0.4444444444444444,0.0,0.2
5.133333333333333,20.14978410843617,3.4043343965407513,20.435344193334675,-1.8756438560405477,-0.5107343722585869,-0.11599999999999999,0.46473973909961486,-9.549665479782314,127.0722397633072,-60.05994311893851,0.16737084203958102,0.2522822275262715,0.20028819174348997,-6010.170426041914,-5491.810507636202,1594.98172758446,0.4444444444444444,0.0,0.2
5.15,20.1284932284609,3.416618295988397,20.416403214784896,-1.8841582350147723,-0.5109389292880232,-0.11599999999999999,0.4661520157228669,-9.550110405924801,127.02395945292558,-60.396892836151714,0.16813782857477974,0.25301210303440014,0.20109470875265026,-6010.167028969168,-5492.404790394641,1596.3470621519587,0.4444444444444444,0.0,0.2
5.166666666666667,20.10711056989284,3.4287804453711543,20.397363329912423,-1.8926759547323013,-0.5111369233985646,-0.11599999999999999,0.4675706636333077,-9.550532962815295,126.97311600738234,-60.73314501943692,0.168901111517323,0.25373849374039653,0.20189736267791436,-6010.155385539735,-5492.979268612182,1597.718311704104,0.4444444444444444,0.0,0.2
5.183333333333334,20.08563757923029,3.4408181254123718,20.378225298988976,-1.901196907210268,-0.5113284884230507,-0.11599999999999999,0.4689955732667326,-9.550933660532186,126.9197152238756,-61.06867820006184,0.16966054854723012,0.25446124881811427,0.2026960197566404,-6010.135645950907,-5493.534427688984,1599.0953836821172,0.4444444444444444,0.0,0.2
5.2,20.064075721580487,3.4527286708716787,20.358989902153173,-1.9097209866565545,-0.5115137543860053,-0.11599999999999999,0.4704266337694458,-9.551313002290748,126.86376308692635,-61.40347095286538,0.17041599903202131,0.2551802193835133,0.20349054766580213,-6010.107960374822,-5494.070744224723,1600.4781843259013,0.4444444444444444,0.0,0.2
5.216666666666667,20.0424264802486,3.4645094694535468,20.339657939112534,-1.9182480894073384,-0.5116928476010659,-0.11599999999999999,0.47186373305141727,-9.55167148416675,126.80526576789104,-61.73750189814601,0.17116732397563417,0.2558952584377381,0.20428081547637145,-6010.0724787662975,-5494.588685881045,1601.8666187005447,0.4444444444444444,0.0,0.2
5.233333333333333,20.020691356333963,3.4761579607526056,20.320230228855408,-1.9267781138662519,-0.511865890767871,-0.11599999999999999,0.47330675783738707,-9.552009594855395,126.74422962445547,-62.0707497035369,0.17191438596916622,0.2566062208120668,0.20506669360949145,-6010.029350685214,-5495.088711273046,1603.2605907223567,0.4444444444444444,0.0,0.2
5.25,19.998871868333133,3.487671635234898,20.30070760937235,-1.935310960445153,-0.5120330030682438,-0.11599999999999999,0.4747555937159935,-9.552327815463082,126.68066120011065,-62.40319308586805,0.1726570491434127,0.25731296311470975,0.20584805379439958,-6009.978725132662,-5495.571269887596,1604.6600031844562,0.4444444444444444,0.0,0.2
5.266666666666667,19.976969551749594,3.4990480332542377,20.281090937386743,-1.9438465315064895,-0.5121943002615226,-0.11599999999999999,0.4762101251870292,-9.552626619329837,126.61456722361082,-62.73481081301541,0.17339517912316613,0.25801534367943235,0.20662476902805677,-6009.92075040011,-5496.036802026384,1606.0647577819348,0.4444444444444444,0.0,0.2
5.283333333333333,19.954985958709667,3.5102847441028127,20.26138108809419,-1.95238473130724,-0.512349894778905,-0.11599999999999999,0.47767023570690403,-9.552906471880139,126.54595460841364,-63.06558170573699,0.17412864298324474,0.2587132225159773,0.2073967135364428,-6009.855573930902,-5496.485738771676,1607.4747551366117,0.4444444444444444,0.0,0.2
5.3,19.932922657584406,3.5213794050951828,20.241578954910366,-1.9609254659444197,-0.5124998958166883,-0.11599999999999999,0.4791358077324066,-9.553167830500133,126.47483045210355,-63.39548463949608,0.17485730920621587,0.25940646126226086,0.2081637627374762,-6009.783342193359,-5496.918501972949,1608.8898948213991,0.4444444444444444,0.0,0.2
5.316666666666666,19.910781232617197,3.532329700684791,20.221685449227053,-1.969468643302125,-0.5126444094282998,-0.11599999999999999,0.4806067227628448,-9.553411144439318,126.40120203579794,-63.72449854627154,0.17558104764177962,0.2600949231383134,0.2089257932055169,-6009.704200564855,-5497.335504252603,1610.3100753843041,0.4444444444444444,0.0,0.2
5.333333333333333,19.888563283556703,3.5431333616121194,20.201701500175883,-1.9780141730000984,-0.5127835386150241,-0.11599999999999999,0.48208286138064627,-9.553636854734753,126.32507682353672,-64.05260241635533,0.17629972946777858,0.26077847290193534,0.20968268263741233,-6009.618293226202,-5497.73714902911,1611.735194372071,0.4444444444444444,0.0,0.2
5.35,19.866270425295042,3.5537881640836253,20.181628054399706,-1.986561966343793,-0.5129173834153465,-0.11599999999999999,0.4835641032904925,-9.553845394156168,126.24646246165558,-64.37977530013717,0.17701322715279827,0.26145697680603974,0.2104343098200461,-6009.525763065762,-5498.123830556036,1613.1651483534956,0.4444444444444444,0.0,0.2
5.366666666666666,19.84390428751078,3.5642919289805706,20.161466075831015,-1.9951119362759095,-0.5130460409928399,-0.11599999999999999,0.4850503273570721,-9.554037187170247,126.16536677814304,-64.7059963098766,0.17772141442032421,0.26213030255765013,0.21118055459935084,-6009.426751592663,-5498.49593397548,1614.5998329424199,0.4444444444444444,0.0,0.2
5.383333333333333,19.821466514316615,3.574642521096881,20.141216545477306,-2.0036639973293826,-0.5131696057225353,-0.11599999999999999,0.4865414116415103,-9.554212649922562,126.08179778198172,-65.03124462146214,0.17842416621442025,0.26279831927852254,0.2119212978507457,-6009.321398858596,-5498.8538353845415,1616.0391428204227,0.4444444444444444,0.0,0.2
5.4,19.79895876391146,3.5848378484051753,20.12088046121304,-2.012218065581791,-0.5132881692757232,-0.11599999999999999,0.48803723343655214,-9.554372190235666,125.99576366247392,-65.35549947615804,0.1791213586668936,0.2634608974673596,0.2126564214509611,-6009.209843387621,-5499.197901913554,1617.4829717592236,0.4444444444444444,0.0,0.2
5.416666666666667,19.776382708236728,3.594875861350094,20.100458837577868,-2.0207740586111633,-0.513401820703142,-0.11599999999999999,0.4895376693005662,-9.554516207622033,125.9072727885518,-65.67874018233826,0.17981286906591243,0.26411790896358656,0.2133858082512131,-6009.092222113497,-5499.528491814878,1618.9312126428158,0.4444444444444444,0.0,0.2
5.433333333333334,19.753740032636596,3.60475455216809,20.079952705580915,-2.029331895453154,-0.5135106465165175,-0.11599999999999999,0.4910425950904327,-9.55464509331044,125.81633370807238,-66.00094611720789,0.18049857582604137,0.2647692269126549,0.21410934205169127,-6008.96867032403,-5499.845954561114,1620.383757489341,0.4444444444444444,0.0,0.2
5.45,19.73103243552205,3.614471954232839,20.0593631125108,-2.037891496559561,-0.5136147307684237,-0.11599999999999999,0.49255188599336175,-9.554759230284663,125.72295514709766,-66.32209672851207,0.1811783584596619,0.2654147257328435,0.21482690757732417,-6008.839321611987,-5500.150630951715,1621.8404974727107,0.4444444444444444,0.0,0.2
5.466666666666667,19.708261628038493,3.6240261414254293,20.038691121751175,-2.046452783758155,-0.5137141551304447,-0.11599999999999999,0.49406541655773184,-9.55485899333331,125.62714600915984,-66.64217153623238,0.18185209754974352,0.26605428108352397,0.2155383904547873,-6008.704307832101,-5500.442853227024,1623.3013229440076,0.4444444444444444,0.0,0.2
5.483333333333333,19.68542933373679,3.633415227528534,20.017937812601502,-2.0550156802137973,-0.5138089989696176,-0.11599999999999999,0.49558306072296365,-9.554944749109698,125.52891537451204,-66.96115013427082,0.18251967472393307,0.2666877698348582,0.21624367719072035,-6008.5637590638025,-5500.722945188777,1624.7661234526531,0.4444444444444444,0.0,0.2
5.5,19.66253728824751,3.6426373656437443,19.99710428010285,-2.0635801103908076,-0.51389933942315,-0.11599999999999999,0.49710469184852,-9.555016856200819,125.42827249936464,-67.27901219212127,0.18318097262992986,0.2673150700388971,0.21694265515111924,-6008.417803579215,-5500.991222326314,1626.2347877673724,0.4444444444444444,0.0,0.2
5.516666666666667,19.63958723895822,3.6516907476312848,19.976191634868407,-2.072146000016566,-0.5139852514714015,-0.11599999999999999,0.4986301827420536,-9.555075665204368,125.32522681510748,-67.59573745652852,0.18383587491211503,0.26793606090204813,0.21763521254187207,-6008.26656781607,-5501.247991947628,1627.7072038969582,0.4444444444444444,0.0,0.2
5.533333333333333,19.616580944693716,3.660573603571329,19.955201002918606,-2.080713276046308,-0.5140668080091316,-0.11599999999999999,0.5001594056867715,-9.555121518813047,125.21978792751791,-67.91130575313498,0.18448426618940286,0.2685506227588806,0.21832123839040615,-6008.110176355172,-5501.493553314576,1629.1832591108482,0.4444444444444444,0.0,0.2
5.55,19.593520175398954,3.6692842012461604,19.934133525520505,-2.089281866629091,-0.5141440799150142,-0.11599999999999999,0.5016922324680437,-9.55515475190527,125.1119656159551,-68.22569698811498,0.1851260320342845,0.26915863704723764,0.21900062252841646,-6007.948751902072,-5501.728197781564,1630.6628399595186,0.4444444444444444,0.0,0.2
5.566666666666666,19.570406711824624,3.6778208456424277,19.91299035903127,-2.0978517010749034,-0.5142171361194278,-0.11599999999999999,0.5032285343993188,-9.555175691641491,125.0017698325407,-68.53889114979665,0.18576105895303346,0.2697599862846243,0.21967325557564538,-6007.782415272623,-5501.95220893707,1632.1458322947133,0.4444444444444444,0.0,0.2
5.583333333333333,19.547242345215178,3.6861818784727776,19.891772674745567,-2.1064227098228807,-0.5142860436705284,-0.11599999999999999,0.5047681823473724,-9.555184657565466,124.88921070132592,-68.85086831027165,0.18638923436704383,0.27035455404584224,0.2203390289246849,-6007.611285382105,-5502.165862747446,1633.6321212895116,0.4444444444444444,0.0,0.2
5.6,19.52402887699921,3.6943656777161387,19.870481658746627,-2.1149948244106085,-0.5143508677986215,-0.11599999999999999,0.5063110467569321,-9.555181961709794,124.77429851744522,-69.1616086269923,0.1870104465952717,0.27094222494183995,0.2209978347267734,-6007.435479237653,-5502.369427702453,1635.121591458239,0.4444444444444444,0.0,0.2
5.616666666666666,19.500768118482075,3.702370657175971,19.849118511760782,-2.123567977444482,-0.5144116719788453,-0.11599999999999999,0.5078569976747205,-9.555167908705041,124.65704374625693,-69.47109234435663,0.1876245848377526,0.27152288459975077,0.2216495658785592,-6007.25511193368,-5502.563164962046,1636.614126676237,0.4444444444444444,0.0,0.2
5.633333333333333,19.477461890540585,3.710195266055805,19.827684449015315,-2.1321421025710885,-0.5144685179921882,-0.11599999999999999,0.5094059047729516,-9.555142795891975,124.53745702247079,-69.779299795281,0.1882315391601676,0.2720964196440892,0.22229411600980586,-6007.07029665007,-5502.747328503942,1638.1096101994972,0.4444444444444444,0.0,0.2
5.65,19.454112023319773,3.7178379885513984,19.80618070009942,-2.1407171344495937,-0.5145214659848566,-0.11599999999999999,0.5109576373723044,-9.555106913436315,124.4155491492624,-70.08621140276051,0.18883120047943022,0.2726627176790778,0.22293137947201247,-6006.881144652866,-5502.922165271597,1639.6079246841568,0.4444444444444444,0.0,0.2
5.666666666666667,19.43072035593149,3.7252973434588785,19.78460850882807,-2.1492930087250977,-0.5145705745260181,-0.11599999999999999,0.5125120644644159,-9.555060544445448,124.29133109737522,-70.391807681417,0.18942346055026996,0.2732216672720772,0.22356125132792462,-6006.687765297248,-5503.087915322137,1641.1089522058815,0.4444444444444444,0.0,0.2
5.683333333333334,19.407288736154904,3.7325718837982387,19.762969133108673,-2.1578696620029407,-0.5146159006639448,-0.11599999999999999,0.5140690547339211,-9.5550039650868,124.16481400420969,-70.69606923903488,0.1900082119527853,0.2737731579380919,0.2241836273419131,-6006.490266032575,-5503.24481197398,1642.6125742791187,0.4444444444444444,0.0,0.2
5.7,19.38381902013864,3.7396601964515788,19.741263844810263,-2.166447031823921,-0.5146574999805803,-0.11599999999999999,0.5156284765800672,-9.554937444707276,124.03600917290001,-70.9989767780846,0.1905853480809434,0.27431708012532624,0.224798403971196,-6006.288752409276,-5503.393081953775,1644.1186718762494,0.4444444444444444,0.0,0.2
5.716666666666667,19.360313072104653,3.746560901815501,19.719493929635185,-2.1750250566404135,-0.5146954266445604,-0.11599999999999999,0.517190198137919,-9.55486124595346,123.90492807137858,-71.30051109723377,0.19115476313200125,0.27485332520176387,0.22540547835788288,-6006.0833280874185,-5503.532945542365,1645.6271254466203,0.4444444444444444,0.0,0.2
5.733333333333333,19.336772764053602,3.7532726534670835,19.697660686992986,-2.1836036757933512,-0.5147297334627132,-0.11599999999999999,0.5187540872992089,-9.554775624892205,123.77158233142815,-71.60065309284612,0.19171635209682544,0.275381785442747,0.2260047483218191,-6005.874094846755,-5503.664616719553,1647.1378149354884,0.4444444444444444,0.0,0.2
5.75,19.313199975471786,3.759794137842877,19.675765429876446,-2.1921828294900543,-0.5147604719300711,-0.11599999999999999,0.5203200117328197,-9.55468083113127,123.63598374772194,-71.89938376046807,0.19227001075108893,0.27590235401952934,0.22659611235421007,-6005.661152598089,-5503.78830330738,1648.650619802854,0.4444444444444444,0.0,0.2
5.766666666666667,19.289596593039477,3.7661240739303823,19.653809484739547,-2.2007624587828705,-0.514787692278421,-0.11599999999999999,0.5218878389049475,-9.55457710793964,123.49814427685189,-72.196684196303,0.19281563564732165,0.2764149249887806,0.22717946961200505,-6005.444599395795,-5503.904207111736,1650.1654190422123,0.4444444444444444,0.0,0.2
5.783333333333333,19.26596451034066,3.7722612129714865,19.631794191377285,-2.2093425055486167,-0.5148114435234277,-0.11599999999999999,0.5234574360989552,-9.554464692367372,123.35807603634494,-72.49253559867317,0.19335312410779487,0.27691939328301785,0.22775471991302154,-6005.224531451347,-5504.012524062075,1651.682091199203,0.4444444444444444,0.0,0.2
5.8,19.24230562757406,3.77820433817735,19.60972090280712,-2.2179229124687856,-0.5148317735103584,-0.11599999999999999,0.5250286704349458,-9.55434381536454,123.21579130366773,-72.7869192694694,0.1938823742182187,0.2774156547019424,0.22832176373179194,-6005.001043147698,-5504.113444349091,1653.2005143901893,0.4444444444444444,0.0,0.2
5.816666666666666,19.218621851265496,3.783952264454254,19.587590985152005,-2.2265036230105077,-0.5148487289584438,-0.11599999999999999,0.5266014088890576,-9.55421470189922,123.0713025152197,-73.07981661558829,0.19440328482223232,0.2779036059046597,0.2288805021961141,-6004.774227054418,-5504.207152560159,1654.7205663207383,0.4444444444444444,0.0,0.2
5.833333333333333,19.194915093981425,3.789503838139934,19.5654058175248,-2.2350845814082274,-0.5148623555039054,-0.11599999999999999,0.5281755183125185,-9.554077571074098,122.92462226531481,-73.3712091503571,0.19491575551666887,0.2783831444027604,0.22943083708428968,-6004.544173943413,-5504.293827812418,1656.2421243040367,0.4444444444444444,0.0,0.2
5.85,19.17118727404367,3.794857936749946,19.543166791913947,-2.243665732646095,-0.5148726977416823,-0.11599999999999999,0.5297508654504595,-9.553932636241678,122.7757633051518,-73.66107849494641,0.1954196866475756,0.2788541685542438,0.22997267082303277,-6004.310972805145,-5504.373643883383,1657.7650652792152,0.4444444444444444,0.0,0.2
5.866666666666666,19.14744031524531,3.8000134687336127,19.52087531307032,-2.252247022441031,-0.5148797992658916,-0.11599999999999999,0.5313273169605175,-9.5537801051178,122.62473854177344,-73.9494063797701,0.19591497930697216,0.2793165775582608,0.23050590648603408,-6004.074710865242,-5504.446769338919,1659.2892658296146,0.4444444444444444,0.0,0.2
5.883333333333333,19.12367614656766,3.8049693732391345,19.498532798395082,-2.2608283972264585,-0.5148837027090533,-0.11599999999999999,0.532904739431225,-9.553620179893308,122.4715610370146,-74.23617464587316,0.19640153533032903,0.2797702714506596,0.2310304477931649,-6003.835473601374,-5504.513367658553,1660.814602200964,0.4444444444444444,0.0,0.2
5.9,19.099896701898373,3.8097246198874513,19.476140677828475,-2.2694098041366733,-0.5148844497801146,-0.11599999999999999,0.5344829994002209,-9.553453057343766,122.31624400643933,-74.52136524630703,0.19687925729475067,0.2802151511003139,0.23154619911030644,-6003.593344760314,-5504.573597357961,1662.340950319503,0.4444444444444444,0.0,0.2
5.916666666666667,19.076103919750544,3.8142782085544495,19.45370039373937,-2.277991190991837,-0.5148820813013055,-0.11599999999999999,0.5360619633722761,-9.553278928937045,122.15880081826732,-74.80496024749233,0.19734804851784593,0.28065111820621547,0.23205306544979132,-6003.348406375103,-5504.627612108603,1663.8681858100256,0.4444444444444444,0.0,0.2
5.933333333333334,19.052299742982875,3.818629169161152,19.431213400815547,-2.2865725062835702,-0.5148766372438575,-0.11599999999999999,0.5376414978371582,-9.553097980938617,121.99924499228939,-75.08694183056932,0.19780781305727171,0.2810780752953128,0.23255095247144278,-6003.100738782206,-5504.675560854414,1665.3961840138647,0.4444444444444444,0.0,0.2
5.95,19.028486118520853,3.8227765614715024,19.408681165954494,-2.2951536991611325,-0.5148681567626203,-0.11599999999999999,0.53922146928734,-9.552910394514543,121.83759019877259,-75.3672922927357,0.19825845571093376,0.2814959257210813,0.23303976648420005,-6002.85042063861,-5504.717587925494,1666.9248200068048,0.4444444444444444,0.0,0.2
5.966666666666667,19.00466499707888,3.8267194748974136,19.3861051681547,-2.3037347194181677,-0.5148566782296083,-0.11599999999999999,0.5408017442355719,-9.552716345831932,121.67385025735476,-75.64599404857204,0.1986998820178318,0.28190457366280486,0.23351941444831703,-6002.597528938761,-5504.753833148769,1668.4539686169394,0.4444444444444444,0.0,0.2
5.983333333333333,18.980838332883412,3.8304570283107195,19.363486898407306,-2.3123155174799948,-0.5148422392665066,-0.11599999999999999,0.5423821892323089,-9.552516006156864,121.50803913592871,-75.92302963135452,0.19913199825953357,0.28230392412555566,0.2339898039781233,-6002.342139031304,-5504.784431955534,1669.983504442458,0.4444444444444444,0.0,0.2
6.0,18.953410497516856,3.8344456491997483,19.337392350677717,-2.3208976885343793,-0.515134054861826,-0.174,0.2487386879319513,-9.515364877646846,121.34019495100294,-76.19836124341374,0.19961476942984424,0.3407220996984749,0.2345005215830886,-6066.042143090176,-5443.949226899831,1671.6649085335405,0.4444444444444444,0.0,0.3
6.016666666666667,18.92459518789865,3.8385937360232254,19.30997423343888,-2.3294919844960806,-0.5159716329912207,-0.174,0.25041718037636396,-9.515177818841261,121.17036967197416,-76.47194053942087,0.20012122051626188,0.34113090031666427,0.23510705339822136,-6068.02373164527,-5441.529822751215,1673.5137976519002,0.4444444444444444,0.0,0.3
6.033333333333333,18.89572351393761,3.842762597428343,19.28250998950523,-2.3381002003433227,-0.516805199739359,-0.174,0.25239229497856397,-9.514842859908379,120.99857986014189,-76.74374952662282,0.2006307500283164,0.3415418945872638,0.23571758462250442,-6067.630937663608,-5441.562518176937,1675.3663839579644,0.4444444444444444,0.0,0.3
6.05,18.86679555352405,3.8469496501687868,19.254999248751183,-2.3467222639345113,-0.5176344467917615,-0.174,0.25437037067712787,-9.514504805174269,120.8248405150498,-77.01377181419357,0.2011432426671874,0.3419558282955216,0.23633113247328824,-6067.237447868487,-5441.591938646084,1677.2225845745215,0.4444444444444444,0.0,0.3
6.066666666666666,18.837811372994516,3.851152308535627,19.227441624617168,-2.355358103582506,-0.5184594037249214,-0.174,0.2563514005778813,-9.514163632541855,120.64916679783425,-77.28199111278481,0.20165858255608038,0.3423725815771931,0.2369475853740037,-6066.843258216803,-5441.618057524808,1679.0823955716182,0.4444444444444444,0.0,0.3
6.083333333333333,18.8087710591555,3.8553680010711537,19.199836748769737,-2.3640076480954093,-0.5192801003332276,-0.174,0.2583353765174614,-9.513819322451663,120.47157403066531,-77.54839123643579,0.20217665375364174,0.342792034477182,0.23756683171272086,-6066.448364180528,-5441.640851961315,1680.9458117048998,0.4444444444444444,0.0,0.3
6.1,18.779674719262097,3.8595941707377914,19.172184271075768,-2.372670826779945,-0.520096566604525,-0.174,0.2603222889400254,-9.513471857877875,120.29207769616339,-77.81295610448355,0.20269734025730818,0.34321406695498036,0.23818875984349377,-6066.052761767767,-5441.6603017446205,1682.8128264169043,0.4444444444444444,0.0,0.3
6.116666666666666,18.75052248099387,3.8638282750810484,19.144483859576162,-2.381347569444433,-0.5209088326966973,-0.174,0.2623121269008948,-9.513121224261786,120.11069343679256,-78.07566974346958,0.20322052600632048,0.34363855888935035,0.23881325808779022,-6065.656447519447,-5441.676389222673,1684.6834318385631,0.4444444444444444,0.0,0.3
6.133333333333333,18.721314492427968,3.8680677863868125,19.116735200459225,-2.3900378064013914,-0.5217169289151284,-0.174,0.26430487807046843,-9.512767409444955,119.92743705423077,-78.3365162890426,0.20374609488441883,0.3440653900826399,0.239440214735649,-6065.259418505701,-5441.689099220437,1686.557618790887,0.4444444444444444,0.0,0.3
6.15,18.692050922009557,3.872310191833279,19.088937998033682,-2.3987414684697677,-0.5225208856910337,-0.174,0.26630052873838705,-9.512410403602123,119.74232450871692,-78.5954799878572,0.20427393072223482,0.3444944402647483,0.24006951804657797,-6064.861672321941,-5441.698418958097,1688.4353767868186,0.4444444444444444,0.0,0.3
6.166666666666667,18.662731958519522,3.876552993637812,19.061091974701455,-2.407458486976814,-0.5233207335606596,-0.174,0.26829906381796453,-9.51205019917413,119.55537191837489,-78.85254519946795,0.20480391729939743,0.34492558909675736,0.24070105625021096,-6064.463207084653,-5441.704337969557,1690.3166940332635,0.4444444444444444,0.0,0.3
6.183333333333334,18.63335781103954,3.8807937091990072,19.033196870930194,-2.416188793759634,-0.5241165031453427,-0.174,0.2703004668508624,-9.51168679080087,119.36659555851453,-79.10769639821903,0.20533593834636799,0.3453587161742462,0.24133471754673771,-6064.064021426918,-5441.706848021375,1692.2015574332897,0.4444444444444444,0.0,0.3
6.2,18.60392870891455,3.8850298712342464,19.0052524452257,-2.4249323211663976,-0.5249082251324205,-0.174,0.272304720012007,-9.511320175254463,119.17601186090975,-79.36091817512876,0.20586987754602004,0.3457937010303033,0.24197039010712248,-6063.664114493701,-5441.705943032276,1694.0899525884959,0.4444444444444444,0.0,0.3
6.216666666666667,18.574444901712575,3.8892590279129995,18.977258474104183,-2.4336890020572506,-0.5256959302569831,-0.174,0.27431180411474676,-9.510950351372783,118.98363741305366,-79.6121952397691,0.20640561853497996,0.3462304231382552,0.24260796207312618,-6063.263485936897,-5441.701618993395,1695.9818638015493,0.4444444444444444,0.0,0.3
6.233333333333333,18.544906659181997,3.8934787429861464,18.94921475206447,-2.44245876980493,-0.5264796492844561,-0.174,0.2763216986162429,-9.51057731999337,118.78948895739099,-79.8615124221396,0.20694304490474355,0.34666876191412455,0.24324732155714715,-6062.862135910158,-5441.693873889333,1697.8772740788856,0.4444444444444444,0.0,0.3
6.25,18.515314271206268,3.8976865959115616,18.92112109156017,-2.451241558295093,-0.5272594129940014,-0.174,0.27833438162307944,-9.510201083887926,118.59358339052763,-80.10885467453575,0.20748204020258337,0.34710859671883676,0.2438883566418945,-6062.460065063532,-5441.682707620191,1699.776165133576,0.4444444444444444,0.0,0.3
6.266666666666667,18.48566804775609,3.9018801819762223,18.892977322971866,-2.460037301926381,-0.5280352521627234,-0.174,0.28034982989710944,-9.509821647697423,118.39593776241763,-80.35420707341129,0.20802248793226244,0.3475498068601881,0.24453095537990832,-6062.057274537915,-5441.668121924635,1701.6785173883593,0.4444444444444444,0.0,0.3
6.283333333333333,18.45596831883907,3.906057112415062,18.86478329457934,-2.4688459356102297,-0.5288071975506661,-0.174,0.2823680188615054,-9.509439017867942,118.19656927552748,-80.59755482123445,0.20856427155456822,0.34799227159459317,0.2451750057929402,-6061.653765959329,-5441.650120304133,1703.58430997883,0.4444444444444444,0.0,0.3
6.3,18.42621543444688,3.9102150145268078,18.836538872533865,-2.4776673947704335,-0.5295752798865857,-0.174,0.284388922607024,-9.50905320258731,117.99549528397785,-80.8388832483377,0.20910727448768152,0.3484358701286251,0.24582039587120794,-6061.249541433048,-5441.628707948431,1705.4935207567914,0.4444444444444444,0.0,0.3
6.316666666666666,18.396409764499943,3.9143515317870308,18.808243940830636,-2.4865016153424837,-0.5303395298544834,-0.174,0.286412513898483,-9.508664211722628,117.79273329266296,-81.07817781476076,0.20965138010739492,0.34888048162036606,0.24646701357253756,-6060.844603537591,-5441.603891662322,1707.4061262937687,0.4444444444444444,0.0,0.3
6.333333333333333,18.36655169878962,3.918464323958606,18.779898401281308,-2.4953485337726886,-0.5310999780808817,-0.174,0.2884387641814381,-9.508272056758736,117.58830095634741,-81.31542411208683,0.21019647174719372,0.34932598518058033,0.24711474682140466,-6060.4389553185765,-5441.5756797938575,1709.3221018846787,0.4444444444444444,0.0,0.3
6.35,18.33664164691799,3.9225510671998025,18.75150217348673,-2.5042080870170915,-0.5318566551228272,-0.174,0.2904676435890603,-9.507876750737708,117.38221607874088,-81.55060786527163,0.2107424326982137,0.34977225987372745,0.2477634835078884,-6060.032600282469,-5441.544082163965,1711.241421551658,0.4444444444444444,0.0,0.3
6.366666666666666,18.306680038235136,3.926609454170195,18.723055194809834,-2.5130802125401908,-0.5326095914566016,-0.174,0.29249912094919783,-9.507478308199378,117.17449661155038,-81.78371493446484,0.2112891462090887,0.3502191847188276,0.24841311148655001,-6059.625542390224,-5441.509109997623,1713.1640580480491,0.4444444444444444,0.0,0.3
6.383333333333333,18.276667321774045,3.930637194134583,18.694557420348776,-2.5219648483134858,-0.533358817467123,-0.174,0.29453316379164063,-9.507076745123033,116.96516065351055,-82.01473131682427,0.21183649548570094,0.3506666386901955,0.2490635185752472,-6059.2177860508455,-5441.470775856569,1715.0899828625395,0.4444444444444444,0.0,0.3
6.4,18.246603966183052,3.934632013065107,18.666008822910264,-2.5308619328138477,-0.5341043634380198,-0.174,0.29656973835556943,-9.506672078870233,116.75422644939171,-82.24364314832175,0.21238436369084715,0.35111450071805506,0.2497145925538965,-6058.809336114856,-5441.429093573638,1717.0191662234647,0.4444444444444444,0.0,0.3
6.416666666666667,18.216490459655876,3.9385916537417227,18.637409392983177,-2.539771405021736,-0.534846259542357,-0.174,0.29860880959717173,-9.506264328128832,116.54171238898604,-82.47043670554126,0.21293263394383277,0.3515626496890506,0.25036622116319474,-6058.400197867707,-5441.384078188735,1718.9515771032538,0.4444444444444444,0.0,0.3
6.433333333333334,18.186327309859294,3.942513875851206,18.60875913871243,-2.548693204419263,-0.5355845358339962,-0.174,0.30065034119745704,-9.505853512858273,116.32763700607185,-82.69509840746848,0.21348118932000584,0.3520109644466658,0.2510182921033094,-6057.990377023133,-5441.335745886498,1720.8871832230402,0.4444444444444444,0.0,0.3
6.45,18.156115043858343,3.946396456084838,18.580058085873095,-2.5576272709881227,-0.5363192222395706,-0.174,0.3026942955702352,-9.505439654236087,116.11201897735596,-82.91761481727187,0.21402991285024367,0.3524593237915659,0.2516706930325497,-6057.57987971645,-5441.284113935648,1722.8259510574214,0.4444444444444444,0.0,0.3
6.466666666666667,18.125854208039204,3.950237188234927,18.551306277844876,-2.566573545207394,-0.5370503485510537,-0.174,0.30474063387026495,-9.505022774605754,115.89487712139442,-83.13797264407495,0.21457868752040263,0.3529076064818747,0.25232331156602816,-6057.16871249782,-5441.229200630087,1724.7678458393743,0.4444444444444444,0.0,0.3
6.483333333333333,18.09554536802967,3.954033883290296,18.522503775586813,-2.575531968051223,-0.5377779444189048,-0.174,0.3067893160015771,-9.504602897425823,115.67623039749155,-83.35615874471941,0.2151273962707429,0.35335569123339927,0.2529760352743219,-6056.756882325492,-5441.171025231708,1726.712831565319,0.4444444444444444,0.0,0.3
6.5,18.065189108617222,3.957784369530873,18.493650657612335,-2.584502480986398,-0.5385020393457689,-0.174,0.3088403006259579,-9.504180047220364,115.45609790457749,-83.57216012551918,0.21567592199533928,0.353803456719816,0.2536287516821442,-6056.344396559009,-5441.109607914979,1728.6608710003443,0.4444444444444444,0.0,0.3
6.516666666666667,18.034786033664773,3.9614864926215105,18.46474701996463,-2.5934850259698257,-0.5392226626807128,-0.174,0.31089354517159506,-9.503754249530791,115.23449888006422,-83.78596394400476,0.2162241475414882,0.3542507815728279,0.25428134826703475,-6055.931262952407,-5441.044969713267,1730.611925683574,0.4444444444444444,0.0,0.3
6.533333333333333,18.004336766024007,3.9651381157051446,18.435792976192307,-2.6024795454459153,-0.5399398436139775,-0.174,0.31294900584188845,-9.503325530868993,115.01145269868027,-83.99755751065808,0.2167719557091222,0.3546975443823076,0.2549337124580781,-6055.517489647419,-5440.977132466922,1732.565955933698,0.4444444444444444,0.0,0.3
6.55,17.97384194744637,3.9687371194954095,18.40678865732541,-2.6114859823438827,-0.5406536111722272,-0.174,0.31500663762440273,-9.50289391867185,114.78697887128425,-84.20692829063714,0.21731922925024136,0.3551436236964358,0.2555857316346595,-6055.1030851666565,-5440.906118773123,1734.5229208546425,0.4444444444444444,0.0,0.3
6.566666666666666,17.94330223849171,3.9722814023688007,18.377734211851763,-2.6205042800749783,-0.5413639942142757,-0.174,0.3170663942999883,-9.50245944125706,114.56109704365696,-84.41406390549068,0.2178658508683714,0.3555888980218476,0.2562372931252646,-6054.688058406815,-5440.831951937463,1736.4827783414005,0.4444444444444444,0.0,0.3
6.583333333333333,17.91271831843453,3.9757688804564864,18.348629805693562,-2.629534382529649,-0.5420710214272706,-0.174,0.3191282284520489,-9.50202212778039,114.33382699527276,-84.61895213486243,0.21841170321805922,0.35603324582379703,0.2568882842063342,-6054.272418631892,-5440.754655927267,1738.4454850860145,0.4444444444444444,0.0,0.3
6.6,17.882090885167926,3.979197487735856,18.319475622184417,-2.638576234074641,-0.5427747213233163,-0.174,0.3211920914759463,-9.501582008194179,114.10518863804978,-84.82158091818464,0.21895666890441348,0.35647654552635133,0.2575385921011785,-6053.856175466414,-5440.674255326653,1740.4109965836994,0.4444444444444444,0.0,0.3
6.616666666666666,17.851420655105155,3.9825651761218808,18.290271862046602,-2.647629779550053,-0.5434751222365173,-0.174,0.32325793358857124,-9.501139113207257,113.8752020150793,-85.02193835636086,0.21950063048270121,0.35691867551262546,0.2581881039789621,-6053.439338888689,-5440.590775293283,1742.3792671391307,0.4444444444444444,0.0,0.3
6.633333333333333,17.820708363078857,3.985869915558362,18.261018743368673,-2.6566949642663404,-0.5441722523204229,-0.174,0.32532570383803705,-9.500693474246166,113.64388729933438,-85.22001271343764,0.22004347045800746,0.3573595141250664,0.2588367069537633,-6053.021919224101,-5440.504241516804,1744.3502498728717,0.4444444444444444,0.0,0.3
6.6499999999999995,17.789954762237926,3.9891096941091377,18.23171650158337,-2.665771734001283,-0.5448661395458545,-0.174,0.3273953501135274,-9.500245123417677,113.41126479235785,-85.41579241826496,0.22058507128496832,0.35779893966579845,0.2594842880837191,-6052.60392713841,-5440.414680178973,1746.32389672796,0.4444444444444444,0.0,0.3
6.666666666666667,17.759160623942066,3.9922825180493002,18.202365389445855,-2.6748600349969216,-0.5455568116990984,-0.174,0.3294668191552783,-9.499794093472648,113.17735492292978,-85.60926606614514,0.2211253153675842,0.35823683039703863,0.26013073437025824,-6052.185373631115,-5440.322117915402,1748.3001584766346,0.4444444444444444,0.0,0.3
6.683333333333334,17.728326737653983,3.9953864119564897,18.172965677012204,-2.683959813956466,-0.546244296380446,-0.174,0.3315400565646973,-9.499340417771148,112.94217824571444,-85.80042242047004,0.2216640850591224,0.3586730645415916,0.26077593275743355,-6051.766270028843,-5440.2265817789375,1750.2789847272245,0.4444444444444444,0.0,0.3
6.7,17.697453910829267,3.998419418802304,18.143517651618208,-2.6930710180411825,-0.5469286210030637,-0.174,0.33361500681462,-9.498884130248836,112.70575543988706,-85.98925041434637,0.22220126266211673,0.3591075202834344,0.2614197701313562,-6051.34662797878,-5440.128099204621,1752.2603239311798,0.4444444444444444,0.0,0.3
6.716666666666667,17.66654296880392,4.001379600043871,18.11402161785843,-2.702193594867267,-0.5476098127921756,-0.174,0.33569161325969166,-9.498425265384626,112.46810730774015,-86.17573915220878,0.22273673042847156,0.35954007576839925,0.262062133319741,-6050.926459442153,-5440.026697976214,1754.2441233902507,0.4444444444444444,0.0,0.3
6.733333333333333,17.63559475467957,4.00426503571562,18.08447789756553,-2.7113274925027055,-0.5482878987845424,-0.174,0.33776981814688756,-9.497963858169511,112.22925477327006,-86.35987791142068,0.22327037055967835,0.3599706091049635,0.2627029090915668,-6050.505776687756,-5439.922406194233,1756.230329263822,0.4444444444444444,0.0,0.3
6.75,17.604610129206357,4.007073824521291,18.054886829789844,-2.7204726594641326,-0.5489629058282217,-0.174,0.3398495626261635,-9.497499944076688,111.98921888074317,-86.5416561438624,0.22380206520715157,0.36039899836515593,0.26334198415685994,-6050.084592285535,-5439.81525224551,1758.2188865763947,0.4444444444444444,0.0,0.3
6.766666666666667,17.57358997066351,4.009804083926191,18.025248770779175,-2.729629044713684,-0.5496348605825897,-0.174,0.34193078676122446,-9.497033559032756,111.74802079324253,-86.72106347750659,0.2243316964726908,0.36082512158558744,0.26397924516660437,-6049.662919100208,-5439.705264774184,1760.2097392252167,0.4444444444444444,0.0,0.3
6.783333333333333,17.542535174737587,4.012453950249738,17.99556409395883,-2.738796597655855,-0.550303789518614,-0.174,0.34401342954042313,-9.496564739390136,111.50568179119462,-86.89808971798067,0.22485914640907695,0.3612488567686142,0.26461457871278526,-6049.240770284957,-5439.592472654129,1762.2028299880567,0.4444444444444444,0.0,0.3
6.8,17.511446654398423,4.015021578758304,17.965833189911805,-2.747975268134367,-0.5509697189193592,-0.174,0.3460974288877874,-9.496093521900601,111.26222327087636,-87.07272485011597,0.22538429702080842,0.36167008188364164,0.2652478713285719,-6048.818159275167,-5439.47690496278,1764.1981005311377,0.4444444444444444,0.0,0.3
6.816666666666666,17.480325339772776,4.017505143758365,17.93605646635924,-2.7571650064290396,-0.5516326748807109,-0.174,0.34818272167416087,-9.495619943689897,111.01766674290286,-87.24495903948358,0.22590703026498402,0.3620886748685783,0.26587900948864396,-6048.39509978222,-5439.358590956296,1766.1954914172084,0.4444444444444444,0.0,0.3
6.833333333333333,17.449172178015644,4.0199028386899665,17.906234348140952,-2.766365763252685,-0.5522926833123052,-0.174,0.35026924372846757,-9.495144042233445,110.77203383069558,-87.41478263391642,0.22642722805233945,0.3625045136314445,0.26650787960966665,-6047.971605787349,-5439.2375600460455,1768.1949421137654,0.4444444444444444,0.0,0.3
6.85,17.41798813317933,4.022212876220517,17.87636727719617,-2.7755774897480094,-0.5529497699386491,-0.174,0.3523569298491007,-9.494665855333084,110.52534626893126,-87.5821861650176,0.22694477224844298,0.36291747605214614,0.2671343680509205,-6047.547691535548,-5439.113841776367,1770.1963910014279,0.4444444444444444,0.0,0.3
6.866666666666666,17.38677418608016,4.024433488338902,17.846455712544355,-2.7848001374845475,-0.5536039603004178,-0.174,0.3544457138154167,-9.494185421094825,110.27762590197185,-87.74716034965464,0.22745954467505722,0.3633274399844201,0.2677583611150898,-6047.123371529544,-5438.987465803571,1772.1997753824503,0.4444444444444444,0.0,0.3
6.883333333333333,17.355531334162986,4.026562926449911,17.81650013026616,-2.7940336584556067,-0.5542552797559175,-0.174,0.35653552839935676,-9.49370277790759,110.02889468227528,-87.90969609143946,0.22797142711167223,0.3637342832579576,0.2683797450492149,-6046.698660523817,-5438.858461876135,1774.2050314893902,0.4444444444444444,0.0,0.3
6.8999999999999995,17.324260591363362,4.0285994614689855,17.786501023484462,-2.803278005075251,-0.5549037534826998,-0.174,0.3586263053771743,-9.493217964422909,109.77917466878736,-88.06978448219397,0.22848030129721641,0.36413788368071404,0.2689984060458125,-6046.273573518693,-5438.726859816067,1776.2120944939172,0.4444444444444444,0.0,0.3
6.916666666666667,17.29296298796747,4.0305413839172575,17.756458902345436,-2.812533130175301,-0.5555494064793173,-0.174,0.3607179755412817,-9.492731019535558,109.52848802531506,-88.22741680340093,0.2289860489319504,0.36453811904141104,0.2696142302441689,-6045.848125754483,-5438.592689501378,1778.220898515769,0.4444444444444444,0.0,0.3
6.933333333333334,17.261639570469804,4.0323870040168766,17.726374293999694,-2.8217989870023734,-0.5561922635672056,-0.174,0.36281046871219846,-9.492241982365046,109.27685701888099,-88.38258452763993,0.22948855167954998,0.3649348671122382,0.2702271037318107,-6045.422332705682,-5438.45598084965,1780.231376631852,0.4444444444444444,0.0,0.3
6.95,17.23029140142855,4.034134651786613,17.6962477425834,-2.8310755292149494,-0.5568323493926856,-0.174,0.3649037137506199,-9.491750892238011,109.02430401805957,-88.53527932000831,0.229987691169384,0.3653280056517618,0.2708369125461573,-6044.996210075228,-5438.316763802643,1782.243460885488,0.4444444444444444,0.0,0.3
6.966666666666667,17.198919559318792,4.035782677137698,17.666079809199417,-2.840362710880475,-0.5574696884290691,-0.174,0.36699763856958634,-9.491257788671438,108.77085149129476,-88.68549303952686,0.23048334899899123,0.3657174124080447,0.27144354267635923,-6044.569773788815,-5438.175068311902,1784.257082295804,0.4444444444444444,0.0,0.3
6.983333333333333,17.167525138383443,4.0373294499698975,17.635871071898368,-2.849660486472505,-0.5581043049788633,-0.174,0.3690921701467633,-9.490762711356666,108.5165220051996,-88.83321774052999,0.23097540673676295,0.36610296512198687,0.272046880065326,-6044.143039989266,-5438.030924325328,1786.2721708672668,0.4444444444444444,0.0,0.3
7.0,17.13610924848195,4.038773360267782,17.60562212565967,-2.8589688108678764,-0.5587362231760603,-0.174,0.37118723453682456,-9.490265700144176,108.26133822283768,-88.9784456740402,0.2314637459248361,0.36648454153089105,0.27264681061194923,-6043.7160250309435,-5437.884361774692,1788.288655599357,0.4444444444444444,0.0,0.3
7.016666666666667,17.104673014936814,4.040112818197175,17.575333582372448,-2.868287639343926,-0.559365466988503,-0.174,0.37328275688393786,-9.489766795029134,108.00532290198672,-89.12116928912673,0.2319482480822018,0.36686201937226,0.2732432201735238,-6043.288745474235,-5437.7354105640225,1790.3064644963895,0.4444444444444444,0.0,0.3
7.033333333333333,17.073217578377886,4.041346254201735,17.545006070816335,-2.8776169275757453,-0.5599920602203201,-0.174,0.3753786614343593,-9.48926603613763,107.74849889338437,-89.26138123424802,0.2324287947080347,0.3672352763878317,0.2738359945683714,-6042.861218080076,-5437.58410055885,1792.3255245774737,0.4444444444444444,0.0,0.3
7.05,17.041744094584484,4.0424721190996555,17.514640236642123,-2.886956631633479,-0.5606160265144186,-0.174,0.3774748715491174,-9.488763463713605,107.49088913895626,-89.39907435857815,0.23290526728524813,0.36760419032785896,0.2744250195786701,-6042.433459804527,-5437.430461576262,1794.3457618866128,0.4444444444444444,0.0,0.3
7.066666666666666,17.010253734325342,4.04348888418044,17.484236742352238,-2.8963067079796643,-0.5612373893550271,-0.174,0.37957130971681075,-9.488259118106436,107.23251667002677,-89.53424171331643,0.23337754728427998,0.36796863895563814,0.27501018095349494,-6042.0054877934,-5437.274523375754,1796.3671015029438,0.4444444444444444,0.0,0.3
7.083333333333333,16.97874768319638,4.04439504130171,17.453796267281007,-2.9056671134666123,-0.5618561720702829,-0.174,0.38166789756649266,-9.487753039759138,106.97340460551226,-89.66687655298072,0.23384551616711413,0.3683285000522946,0.27559136441207255,-6041.577319376926,-5437.116315650793,1798.3894675511203,0.4444444444444444,0.0,0.3
7.1,16.947227141456334,4.045189102986024,17.423319507574643,-2.9150378053338355,-0.5624723978348531,-0.174,0.38376455588065395,-9.487245269197167,106.71357615009721,-89.79697233668357,0.23430905539154245,0.36868365142182913,0.2761684556472534,-6041.1489720644795,-5436.955868021119,1800.4127832118274,0.4444444444444444,0.0,0.3
7.116666666666666,16.91569332386024,4.045869602517656,17.392807176171022,-2.9244187412055154,-0.5630860896725839,-0.174,0.3858612046083072,-9.48673584701778,106.45305459239331,-89.92452272939144,0.23476804641567245,0.3690339708964319,0.27674134032920716,-6040.720463539331,-5436.793210025692,1802.4369707324377,0.4444444444444444,0.0,0.3
7.133333333333333,16.88414745949082,4.046435094039299,17.362260002779106,-2.933809879088017,-0.5636972704591714,-0.174,0.3879577628781603,-9.48622481387996,106.19186330308169,-90.04952160316674,0.23522237070268454,0.36937933634207004,0.27730990410934286,-6040.291811653455,-5436.628371116293,1804.4619514378035,0.4444444444444444,0.0,0.3
7.1499999999999995,16.85259079158774,4.046884152648648,17.33167873385803,-2.943211177367449,-0.564305962924847,-0.174,0.3900541490118843,-9.485712210494816,105.93002573303832,-90.17196303839229,0.23567190972584479,0.3697196256643529,0.2778740326244596,-6039.863034422361,-5436.461380651726,1806.487645741184,0.4444444444444444,0.0,0.3
7.166666666666667,16.821024577374793,4.0472153744948205,17.301064132595837,-2.952622594807267,-0.5649121896570711,-0.174,0.3921502805374626,-9.485198077616484,105.66756541144304,-90.29184132497822,0.2361165449737768,0.3700547168146825,0.27843361150113,-6039.434150019985,-5436.292267892583,1808.513973155304,0.4444444444444444,0.0,0.3
7.183333333333334,16.789450087885008,4.047427376874572,17.27041697888779,-2.9620440905459207,-0.5655159731032295,-0.174,0.39424607420264857,-9.4846824560335,105.40450594387192,-90.40915096355101,0.2365561579559981,0.3703844877966933,0.2789885263603215,-6039.0051767735895,-5436.121061996554,1810.5408523035521,0.4444444444444444,0.0,0.3
7.2,16.7578686077837,4.047518798328267,17.239738069314253,-2.9714756240945484,-0.5661173355733278,-0.174,0.3963414459884951,-9.484165386560571,105.14087101037367,-90.52388666662463,0.23699063020872596,0.37070881667298755,0.2795386628222591,-6038.576133158715,-5435.947792014244,1812.5682009313048,0.4444444444444444,0.0,0.3
7.216666666666667,16.726281435189474,4.047488298735538,17.209028217118046,-2.9809171553347156,-0.5667162992426781,-0.174,0.39843631112297384,-9.483646910030776,104.87668436352962,-90.63604335975332,0.23741984330095622,0.371027581572171,0.2800839065115323,-6038.147037794151,-5435.772486885469,1814.5959359173848,0.4444444444444444,0.0,0.3
7.233333333333333,16.69468988149324,4.047334559410626,17.178288252181368,-2.990368644516198,-0.567312886154572,-0.174,0.40053058409468556,-9.483127067288141,104.61196982649813,-90.74561618266611,0.23784367884082122,0.3713406606961956,0.28062414306245187,-6037.717909436942,-5435.595175435987,1816.6239732856502,0.4444444444444444,0.0,0.3
7.25,16.663095271175187,4.047056283197306,17.14751902100207,-2.999830052254808,-0.567907118222938,-0.174,0.4026241786666489,-9.482605899180554,104.34675129104298,-90.85260049038271,0.23826201848223016,0.37164793232801285,0.2811592581246585,-6037.288766977417,-5435.4158863746525,1818.6522282167095,0.4444444444444444,0.0,0.3
7.266666666666667,16.631498941619824,4.0466521945633955,17.116721386669415,-3.0093013395302664,-0.5684990172349772,-0.174,0.4047170078901705,-9.48208344655304,104.08105271554632,-90.95699185431073,0.23867474393179716,0.3719492748395445,0.28168913736898826,-6036.859629434232,-5435.234648290972,1820.6806150597656,0.4444444444444444,0.0,0.3
7.283333333333333,16.599902242929012,4.046121039694772,17.085896228839164,-3.0187824676841184,-0.5690886048537731,-0.174,0.4068089841187992,-9.481559750241296,103.8148981230062,-91.05878606332378,0.23908173695606247,0.37224456669997563,0.28221366649359914,-6036.430515949453,-5435.051489652987,1822.709047344586,0.4444444444444444,0.0,0.3
7.3,16.56830653773309,4.045461586588856,17.055044443708,-3.028273398417691,-0.5696759026208742,-0.174,0.4089000190223582,-9.481034851065573,103.54831159901873,-91.15797912482073,0.23948287938900958,0.37253368648437535,0.2827327312303611,-6036.001445783638,-5434.866438805521,1824.7374377935987,0.4444444444444444,0.0,0.3
7.316666666666666,16.536713201000072,4.044672625147518,17.02416694398724,-3.0377740937900946,-0.5702609319588425,-0.174,0.4109900236010513,-9.480508789824743,103.28131728974539,-91.25456726576539,0.23987805313988467,0.37281651288264983,0.2832462173515147,-6035.572438310936,-5434.679523968719,1826.7656983341085,0.4444444444444444,0.0,0.3
7.333333333333333,16.505123619842934,4.043752967269355,16.993264658875788,-3.047284516216265,-0.5708437141737693,-0.174,0.41307890819965376,-9.479981607290659,103.01393939986518,-91.34854693370694,0.24026714020132225,0.37309292470883426,0.28375401067660255,-6035.143513014214,-5434.4907732368665,1828.7937401106412,0.4444444444444444,0.0,0.3
7.35,16.473539193325063,4.0427014469412885,16.962338534032334,-3.05680462846505,-0.5714242704577503,-0.174,0.4151665825217623,-9.479453344202723,102.74620219051236,-91.43991479778059,0.24065002265778113,0.3733628009107277,0.28425599707967636,-6034.714689480169,-5434.300214577469,1830.8214734973992,0.4444444444444444,0.0,0.3
7.366666666666666,16.4419613322638,4.041516920329442,16.931389531546643,-3.0663343936573315,-0.5720026218913221,-0.174,0.4172529556441409,-9.478924041262609,102.4781299771994,-91.52866774968838,0.24102658269429722,0.3736260205798767,0.28475206249678414,-6034.285987394472,-5434.107875830547,1832.8488081108499,0.4444444444444444,0.0,0.3
7.383333333333333,16.4103914590322,4.040198265869241,16.900418629910025,-3.075873775264197,-0.5725787894458549,-0.174,0.41933793603111313,-9.478393739129197,102.20974712772569,-91.61480290466014,0.24139670260555576,0.3738824629619125,0.2852420929337428,-6033.857426536887,-5433.913784708164,1834.875652822416,0.4444444444444444,0.0,0.3
7.3999999999999995,16.37883100735896,4.038744384354698,16.869426823984863,-3.0854227371051386,-0.5731527939859,-0.174,0.421421431549043,-9.477862478413673,101.94107806007206,-91.69831760239406,0.2417602648052889,0.3741320074672486,0.28572597447419834,-6033.429026776419,-5433.717968794119,1836.9019157712967,0.4444444444444444,0.0,0.3
7.416666666666667,16.347281422126578,4.037154199026822,16.838415124973153,-3.094981243346299,-0.5737246562714905,-0.174,0.4235033494808771,-9.477330299674696,101.67214724028139,-91.77920940797705,0.24211715183600302,0.3743745336821408,0.2862035932879782,-6033.000808066438,-5433.520455543795,1838.9275043773941,0.4444444444444444,0.0,0.3
7.433333333333334,16.31574415916774,4.035426655661116,16.807384560384058,-3.104549258498755,-0.5742943969603934,-0.174,0.42558359654075084,-9.476797243413733,101.40297918032527,-91.8574761127846,0.24246724637904069,0.37460992138011784,0.28667483563974155,-6032.572790439807,-5433.321272284166,1840.952325354356,0.4444444444444444,0.0,0.3
7.45,16.28422068506,4.033560722654112,16.776336174000384,-3.114126747416832,-0.5748620366103115,-0.174,0.42766207888866603,-9.47626335007049,101.13359843595717,-91.9331157353598,0.24281043126498142,0.37483805053378705,0.2871395878979297,-6032.144994004,-5433.12044621391,1842.9762847227314,0.4444444444444444,0.0,0.3
7.466666666666667,16.252712476918717,4.031555391108902,16.74527102584394,-3.1237136752964645,-0.5754275956810332,-0.174,0.42973870214523013,-9.475728660018355,100.86402960455216,-92.00612652227167,0.24314658948438755,0.37505880132701896,0.28759773654402176,-6031.717438936201,-5432.918004403617,1844.9992878232342,0.4444444444444444,0.0,0.3
7.483333333333333,16.22122102218834,4.029409674919599,16.71419019213975,-3.1333100076735794,-0.5759910945365307,-0.174,0.4318133714064569,-9.47519321355999,100.59429732293339,-92.07650694895231,0.2434756041988973,0.3752720541675175,0.2880491681820998,-6031.290145478397,-5432.71397379608,1847.0212393301183,0.4444444444444444,0.0,0.3
7.5,16.18615598468045,4.027835467336335,16.67978129689773,3.140269630063674,-0.576673918007489,-0.23199999999999998,0.1378969527444056,-9.41382108791081,100.3244575530226,-92.14426188827434,0.2438908136233108,0.43353486907693495,0.2885580511611461,-6090.292289734062,-5370.305897696529,1849.1932154033364,0.4444444444444444,0.0,0.4
7.516666666666667,16.149718688782542,4.026492429594753,16.64409970567336,3.1306461383243525,-0.5778508513287236,-0.23199999999999998,0.13990140098960646,-9.41323062017185,100.05458367308246,-92.20940066218027,0.2443411588588131,0.43381130524459394,0.2891863721428502,-6092.373025865006,-5367.342416631463,1851.531875559533,0.4444444444444444,0.0,0.4
7.533333333333333,16.113256230586263,4.025125352539086,16.60839126635027,3.121003047929762,-0.5790258641161222,-0.23199999999999998,0.14234559583475637,-9.412587558209617,99.78470252082616,-92.2719236997473,0.24479240195842988,0.43408697693479203,0.2898173400773307,-6091.86654184591,-5367.105436800356,1853.8722753375746,0.4444444444444444,0.0,0.4
7.55,16.07676914475872,4.0237319528656075,16.572655941712473,3.1113403991530504,-0.5801984637829961,-0.23199999999999998,0.1447901632899753,-9.411942967816374,99.51483864315878,-92.33183121448052,0.24524440952539783,0.43436281358393836,0.29044969500777523,-6091.359966270746,-5366.8664737655745,1856.2142637902282,0.4444444444444444,0.0,0.4
7.566666666666666,16.040257920816607,4.022309951432698,16.53689364759036,3.1016582319913533,-0.5813686716041652,-0.23199999999999998,0.14723506765293815,-9.411296858887289,99.24501663321476,-92.3891236512908,0.24569704793044966,0.4346386737160493,0.2910833115670133,-6090.853309900599,-5366.625524667054,1858.5578098357917,0.4444444444444444,0.0,0.4
7.583333333333333,16.003723069736864,4.020857082450201,16.501104319721087,3.091956586086686,-0.5825365089052453,-0.23199999999999998,0.14968027256520866,-9.4106492420015,98.97526112806536,-92.44380168785581,0.24615018286976428,0.43491441512463047,0.29171806377955484,-6090.3465797882545,-5366.382591480047,1860.9028810153354,0.4444444444444444,0.0,0.4
7.6,15.96716512397234,4.019371093681266,16.465287913817942,3.0822355007251523,-0.583701997057984,-0.23199999999999998,0.15212574033520987,-9.410000128488184,98.70559680639136,-92.49586623595987,0.24660367936409722,0.4351898948741161,0.2923538250585316,-6089.839783276653,-5366.137676783476,1863.249443491456,0.4444444444444444,0.0,0.4
7.616666666666666,15.930584637463586,4.017849746645162,16.429444405639753,3.072495014836213,-0.5848651574765293,-0.23199999999999998,0.15457143194059642,-9.409349530415298,98.43604838613119,-92.54531844281125,0.24705740175796767,0.4354649692997274,0.2929904682044374,-6089.332927998166,-5365.8907837470215,1865.5974620474603,0.4444444444444444,0.0,0.4
7.633333333333333,15.89398218564687,4.016290816821049,16.39357379106036,3.0627351669920184,-0.586026011613832,-0.23199999999999998,0.15701730703087424,-9.408697460578418,98.16664062210467,-92.59215969233654,0.24751121371890766,0.4357394940074141,0.29362786540391395,-6088.82602187382,-5365.641916118421,1867.9469000867891,0.4444444444444444,0.0,0.4
7.6499999999999995,15.857358365458387,4.014692093852728,16.357676086138174,3.052955995406797,-0.5871845809581807,-0.23199999999999998,0.15946332393029206,-9.408043932489688,97.8973983036125,-92.63639160645164,0.2479649782367816,0.4360133238738887,0.29426588822858957,-6088.319073112435,-5365.391078210994,1870.2977196326842,0.4444444444444444,0.0,0.4
7.666666666666667,15.82071379533467,4.0130513817543685,16.32175132718586,3.0431575379363003,-0.5883408870298638,-0.23199999999999998,0.16190943964098814,-9.407388960366887,97.62834625201195,-92.67801604630911,0.24841855762318404,0.4362863130467636,0.2949044076339768,-6087.812090209703,-5365.138274891417,1872.6498813281041,0.4444444444444444,0.0,0.4
7.683333333333334,15.784049115209184,4.01136649911719,16.285799570840098,3.033339832077306,-0.5894949513779567,-0.23199999999999998,0.1643556098463943,-9.40673255912263,97.35950931826851,-92.7170351135215,0.2488718135109227,0.4365583149447986,0.29554329395843526,-6087.305081947201,-5364.88351156773,1875.003344435879,0.4444444444444444,0.0,0.4
7.7,15.747364986505058,4.009635279317134,16.24982089413142,3.023502914967168,-0.590646795577231,-0.23199999999999998,0.16680178891490005,-9.406074744353697,97.09091238048403,-92.75345115136018,0.24932460685359636,0.43682918225827055,0.29618241692220726,-6086.7980573913355,-5364.626794177643,1877.3580668391153,0.4444444444444444,0.0,0.4
7.716666666666667,15.710662092124,4.0078555707234775,16.213815394554153,3.01364682338342,-0.5917964412251792,-0.23199999999999998,0.16924792990377657,-9.40541553233053,96.82258034140138,-92.78726674592947,0.24977679792527394,0.4370987669494726,0.2968216456265312,-6086.291025892218,-5364.368129177091,1879.7140050418475,0.4444444444444444,0.0,0.4
7.733333333333333,15.67394113643132,4.006025236908409,16.177783190136434,3.003771593743428,-0.5929439099391551,-0.23199999999999998,0.17169398456335427,-9.404754939986878,96.55453812588591,-92.81848472731568,0.250228246320284,0.4373669202533542,0.29746084855284216,-6085.783997082488,-5364.10752352909,1882.0711141699355,0.4444444444444444,0.0,0.4
7.75,15.637202845237097,4.004142156857539,16.141724419510293,2.9938772621040863,-0.5940892233536229,-0.23199999999999998,0.1741399033414579,-9.404092984909619,96.28681067838387,-92.84710817071048,0.250678810953123,0.43763349267831153,0.2980998935620627,-6085.276980876056,-5363.844984692883,1884.4293479722123,0.4444444444444444,0.0,0.4
7.766666666666667,15.600447965773448,4.002204225181359,16.10563924198181,2.9839638641615607,-0.595232403117512,-0.23199999999999998,0.17658563538810235,-9.403429685328742,96.01942296035796,-92.87314039750864,0.2511283500584903,0.4378983340071386,0.29873864789399524,-6084.769987466799,-5363.580520613395,1886.7886588218828,0.4444444444444444,0.0,0.4
7.783333333333333,15.5636772666679,4.000209352327591,16.06952783760134,2.974031435251074,-0.5963734708916743,-0.23199999999999998,0.17903112856043224,-9.40276506010752,95.75239994770037,-92.89658497637937,0.251576721191459,0.43816129329814935,0.2993769781668193,-6084.2630273271825,-5363.314139710991,1889.1489977181643,0.4444444444444444,0.0,0.4
7.8,15.526891537912837,3.998155464794467,16.033390407233746,2.9640800103467337,-0.5975124483464381,-0.23199999999999998,0.1814763294279329,-9.402099128732853,95.4857666281233,-92.91744572431122,0.25202378122779145,0.4384222188864808,0.30001475037670283,-6083.756111206825,-5363.0458508715465,1891.5103142881933,0.4444444444444444,0.0,0.4
7.816666666666666,15.490091590831035,3.9960405053448675,15.997227172628737,2.954109624061397,-0.5986493571592572,-0.23199999999999998,0.18392118327787843,-9.401431911305815,95.21954799852749,-92.9357267076299,0.25246938636440736,0.4386809583855886,0.30065182989753386,-6083.2492501310035,-5362.775663436831,1893.8725567891686,0.4444444444444444,0.0,0.4
7.833333333333333,15.453278258037257,3.9938624332213424,15.961038376491164,2.9441203106465776,-0.599784219012447,-0.23199999999999998,0.18636563412104534,-9.400763428532372,94.9537690623486,-92.95143224298896,0.25291339212001474,0.43893735868894646,0.3012880814807805,-6082.742455399093,-5362.50358719522,1896.2356721107558,0.4444444444444444,0.0,0.4
7.85,15.416452393395883,3.991619224361964,15.924824282551366,2.9341121039923856,-0.6009170555910086,-0.23199999999999998,0.18880962469767582,-9.400093701714301,94.68845482688204,-92.96456689833276,0.2533556533359127,0.43919126597195823,0.301923369255486,-6082.235738582944,-5362.229632372717,1898.5996057777456,0.4444444444444444,0.0,0.4
7.866666666666666,15.379614871974606,3.9893088716170073,15.888585175635516,2.9240850376275063,-0.6020478885805318,-0.23199999999999998,0.1912530964836865,-9.399422752740293,94.42363030058627,-92.97513549383139,0.2537960241769741,0.43944252569409675,0.30255755672840684,-6081.729111525212,-5361.953809624298,1900.964301952959,0.4444444444444444,0.0,0.4
7.883333333333333,15.342766589994133,3.9869293849664187,15.852321361735918,2.9140391447192098,-0.6031767396651762,-0.23199999999999998,0.19369598969714152,-9.398750604077279,94.15932049036489,-92.98314310278735,0.25423435813281964,0.4396909826012795,0.3031905067843014,-6081.222586337616,-5361.676130025582,1903.329703440417,0.4444444444444444,0.0,0.4
7.8999999999999995,15.305908464773916,3.9844787917380584,15.816033168081312,2.9039744580733973,-0.6043036305257244,-0.23199999999999998,0.19613824330495788,-9.398077278761887,93.89555039882775,-92.98859505251346,0.25467050801919094,0.4399364807284921,0.3038220816863765,-6080.71617539914,-5361.39660506481,1905.695751688756,0.4444444444444444,0.0,0.4
7.916666666666667,15.269041434673877,3.98195513682668,15.779720943207078,2.8938910101346758,-0.6054285828377053,-0.23199999999999998,0.19857979502988155,-9.39740280039215,93.63234502153128,-92.99149692518166,0.25510432597953453,0.44017886340267376,0.30445214307690077,-6080.209891354185,-5361.115246635146,1908.0623867949078,0.4444444444444444,0.0,0.4
7.933333333333334,15.23216645903216,3.979356482913625,15.743385057025412,2.8837888329864647,-0.6065516182695796,-0.23199999999999998,0.2010205813576964,-9.396727193119386,93.36972934419842,-92.99185455864254,0.2555356634868049,0.4404179732458744,0.30508055197799194,-6079.703747110645,-5360.832067027288,1910.4295475080312,0.4444444444444444,0.0,0.4
7.95,15.19528451809883,3.976680910687191,15.707025900895367,2.873667958351132,-0.6076727584809885,-0.23199999999999998,0.20346053754468674,-9.396050481640234,93.10772833991832,-92.98967404721493,0.2559643713454977,0.44065365217869734,0.30570716879258586,-6079.197755837947,-5360.547078922403,1912.7971712337032,0.4444444444444444,0.0,0.4
7.966666666666667,15.158396612965594,3.973926519063648,15.670643887692814,2.8635284175901585,-0.6087920251210566,-0.23199999999999998,0.20589959762534882,-9.395372691188923,92.84636696632603,-92.98496174244559,0.25639029969392374,0.4408857414240394,0.3063318533055971,-6078.691930965013,-5360.260295385334,1915.1651940383658,0.4444444444444444,0.0,0.4
7.983333333333333,15.121503765491454,3.971091425408868,15.634239451880225,2.853370241704331,-0.6099094398267491,-0.23199999999999998,0.2083376944203441,-9.39469384752968,92.58567016276261,-92.9777242538383,0.2568132980067334,0.4411140815111422,0.3069544646852778,-6078.186286178185,-5359.971729858148,1917.5335506540348,0.4444444444444444,0.0,0.4
8.0,15.084607018224347,3.9681737657605285,15.597813049576319,2.8431934613339633,-0.6110250242212774,-0.23199999999999998,0.2107747595447078,-9.394013976949362,92.32566284741577,-92.96796844955223,0.2572332150977033,0.4413385122799656,0.3075748614847846,-6077.680835419068,-5359.681396153955,1919.902174483266,0.4444444444444444,0.0,0.4
8.016666666666666,15.047707434318724,3.9651716950508535,15.561365158625494,2.832998106759137,-0.612138799912549,-0.23199999999999998,0.21321072341628877,-9.393333106250191,92.0663699144414,-92.9557014570691,0.25764989912279507,0.44155887288589996,0.308192901643962,-6077.175592882349,-5359.389308451006,1922.2709976043798,0.4444444444444444,0.0,0.4
8.033333333333333,15.010806097449098,3.9620833873298564,15.524896278667057,2.822784207899976,-0.6132507884916594,-0.23199999999999998,0.21564551526444298,-9.392651262742733,91.8078162310663,-92.94093066382896,0.2580631975834982,0.4417750018048266,0.30880844249135053,-6076.67057301352,-5359.095481287107,1924.6399507769486,0.4444444444444444,0.0,0.4
8.05,14.973904111719495,3.9589070359890406,15.488406931204175,2.8125517943169416,-0.6143610115314208,-0.23199999999999998,0.21807906313896552,-9.391968474238993,91.55002663467232,-92.92366371783409,0.2584729573304685,0.44198673683854395,0.30942134074642963,-6076.165790506584,-5358.799929554271,1927.0089634475416,0.4444444444444444,0.0,0.4
8.066666666666666,14.937002601568873,3.9556408539855177,15.451897659672566,2.802300895211152,-0.6154694905849253,-0.23199999999999998,0.22051129391926771,-9.39128476904567,91.29302592986232,-92.9039085282207,0.25887902456747225,0.4421939151205715,0.31003145252210446,-6075.6612603016765,-5358.502668493663,1929.3779637557336,0.4444444444444444,0.0,0.4
8.083333333333334,14.900102711672439,3.9522830740665027,15.41536902950886,2.792031539424725,-0.6165762471841393,-0.23199999999999998,0.2229421333237913,-9.390600175957584,91.03683888550806,-92.88167326579824,0.2592812448556504,0.442396373122346,0.3106386333274449,-6075.15699758264,-5358.203713690792,1931.7468785403737,0.4444444444444444,0.0,0.4
8.1,14.863205606838914,3.948831948994143,15.378821628218613,2.7817437554411453,-0.6176813028385231,-0.23199999999999998,0.22537150591966792,-9.389914724251222,90.78149023178057,-92.85696636355574,0.25967946311811224,0.44259394665982477,0.31124273807068864,-6074.653017774545,-5357.903081070952,1934.1156333461165,0.4444444444444444,0.0,0.4
8.116666666666667,14.826312471903687,3.9452857517706277,15.342256065443934,2.7714375713856523,-0.6187846790336766,-0.23199999999999998,0.22779933513260842,-9.38922844367846,90.52700465716312,-92.8297965171352,0.2600735236448724,0.4427864709005114,0.311843621062515,-6074.1493365411525,-5357.600786894921,1936.4841524302128,0.4444444444444444,0.0,0.4
8.133333333333333,14.789424511617893,3.941642775863548,15.305672973030669,2.761113015025654,-0.6198863972300037,-0.23199999999999998,0.2302255432570437,-9.388541364460359,90.27340680544722,-92.80017268527119,0.26046327009814385,0.44297378037091817,0.31244113601960316,-6073.6459697823175,-5357.2968477548675,1938.8523587695686,0.4444444444444444,0.0,0.4
8.15,14.752542950533401,3.937901335431442,15.269073005095152,2.750770113771159,-0.6209864788613954,-0.23199999999999998,0.2326500514664871,-9.387853517281147,90.02072127271185,-92.76810409019691,0.2608485455179979,0.4431557089644811,0.3130351360684816,-6073.142933631342,-5356.991280570506,1941.2201740680603,0.4444444444444444,0.0,0.4
8.166666666666666,14.715669032883689,3.934059765549492,15.23245683809041,2.740408894675233,-0.6220849453339272,-0.23199999999999998,0.23507277982414765,-9.387164933282268,89.76897260428635,-92.73360021801591,0.26122919232840686,0.44333208994994244,0.31362547374968186,-6072.640244452264,-5356.684102585454,1943.587518764117,0.4444444444444444,0.0,0.4
8.183333333333334,14.678804022460627,3.93011642243532,15.195825170871837,2.7300293844344745,-0.6231818180245682,-0.23199999999999998,0.237493647293765,-9.386475644056572,89.51818529169728,-92.69667081903934,0.26160505234368003,0.44350275598021915,0.3142120010222053,-6072.137918837091,-5356.37533136379,1945.9543120385656,0.4444444444444444,0.0,0.4
8.2,14.641949202487156,3.9260696836748252,15.159178724762262,2.7196316093895145,-0.6242771182798986,-0.23199999999999998,0.23991257175068714,-9.3857856816426,89.26838376959954,-92.65732590808852,0.2619759667753088,0.4436675391017697,0.31479456926831517,-6071.635973602989,-5356.064984786819,1948.3204718227375,0.4444444444444444,0.0,0.4
8.216666666666667,14.605105875485858,3.9219179484480247,15.122518243616382,2.7092155955255364,-0.6253708674148343,-0.23199999999999998,0.2423294699931775,-9.385095078518942,89.01959241269218,-92.61557576476228,0.26234177623923266,0.44382627076447945,0.31537302929866434,-6071.134425789395,-5355.753081050015,1950.685914806841,0.4444444444444444,0.0,0.4
8.233333333333333,14.568275363143409,3.9176596377548383,15.085844493884476,2.6987813684728144,-0.6264630867113539,-0.23199999999999998,0.24474425775395092,-9.384403867598714,88.77183553261912,-92.57143093366882,0.2627023207635419,0.4439787818320793,0.3159472313577698,-6070.633292655082,-5355.4396386601375,1953.0505564485961,0.4444444444444444,0.0,0.4
8.25,14.531459006170932,3.9132931946407656,15.049158264675404,2.68832895350728,-0.6275537974172286,-0.23199999999999998,0.24715684971194785,-9.383712082224076,88.5251373748552,-92.52490222462193,0.2630574397966301,0.44412490259311566,0.3165170251298465,-6070.132591675168,-5355.1246764325115,1955.4143109821357,0.4444444444444444,0.0,0.4
8.266666666666666,14.494658164160237,3.9088170844224064,15.012460367818777,2.6778583755511027,-0.6286430207447494,-0.23199999999999998,0.2495671595043265,-9.38301975616085,88.27952211557796,-92.47600071280104,0.26340697221581194,0.4442644627724891,0.3170822597450109,-6069.632340538063,-5354.808213488471,1957.7770914271655,0.4444444444444444,0.0,0.4
8.283333333333333,14.457874215435929,3.904229794912768,14.975751637926281,2.6673696591732936,-0.6297307778694516,-0.23199999999999998,0.2519750997386927,-9.382326923593194,88.03501385852537,-92.42473773887487,0.263750756336421,0.44439729154357954,0.31764278378586785,-6069.132557142355,-5354.490269252929,1960.1388095983948,0.4444444444444444,0.0,0.4
8.3,14.42110855690343,3.899529836646306,14.93903293245209,2.6568628285903344,-0.6308170899288342,-0.23199999999999998,0.2543805820055547,-9.381633619118288,87.79163663184008,-92.37112490908844,0.26408862992140175,0.4445232175409756,0.31819844529449176,-6068.63325959364,-5354.170863452098,1962.4993761152264,0.4444444444444444,0.0,0.4
8.316666666666666,14.384362603892873,3.8947157431036437,14.902305131752307,2.6463379076668216,-0.6319019780210708,-0.23199999999999998,0.256783516890994,-9.380939877741126,87.5494143849004,-92.315174095313,0.2644204301914132,0.44464206887382796,0.3187490917798154,-6068.134466201298,-5353.850016111321,1964.8587004117107,0.4444444444444444,0.0,0.4
8.333333333333334,14.347637789998881,3.8897860709359167,14.865569139143346,2.6357949199161386,-0.6329854632037123,-0.23199999999999998,0.2591838139895799,-9.380245734869288,87.30837098513834,-92.25689743505868,0.2647459938354583,0.4447536731398435,0.3192945702254386,-6067.636195475187,-5353.527747553017,1967.216690746769,0.4444444444444444,0.0,0.4
8.35,14.31093556691624,3.8847394001886837,14.82882588095924,2.625233888501143,-0.6340675664923776,-0.23199999999999998,0.2615813819174857,-9.379551226307768,87.06853021484534,-92.19630733144953,0.2650651570220558,0.44485785743994094,0.31983472709787053,-6067.1384661223055,-5353.2040783947305,1969.5732542146727,0.4444444444444444,0.0,0.4
8.366666666666667,14.274257404271468,3.879574334525352,14.79207630660776,2.614654836234882,-0.635148308859432,-0.23199999999999998,0.26397612832584416,-9.37885638825381,86.8299157679658,-92.1334164531606,0.2653777554109712,0.4449544483935871,0.32036940835521865,-6066.641297043366,-5352.879029547267,1971.9282967557936,0.4444444444444444,0.0,0.4
8.383333333333333,14.237604789450259,3.8742895014500554,14.755321388625294,2.6040577855813267,-0.6362277112326507,-0.23199999999999998,0.2663679599143127,-9.378161257291744,86.59255124687894,-92.06823773431684,0.26568362416552294,0.4450432721548324,0.3208984594563374,-6066.144707329323,-5352.552622212915,1974.281723167613,0.4444444444444444,0.0,0.4
8.4,14.200979227420842,3.868883552529932,14.718562122730429,2.593442758656127,-0.6373057944938672,-0.23199999999999998,0.268756782444862,-9.377465870387828,86.35646015916939,-92.00078437435339,0.26598259796548157,0.44512415442906716,0.3214217253704512,-6065.6487162578305,-5352.2248778837165,1976.6334371159983,0.4444444444444444,0.0,0.4
8.416666666666666,14.164382240553218,3.863355163616744,14.681799527876123,2.582809777227394,-0.6383825794776037,-0.23199999999999998,0.2711425007557864,-9.37677026488508,86.12166591438688,-91.93106983783723,0.26627451102057803,0.4451969204905183,0.321939050587266,-6065.15334328963,-5351.895818339838,1978.9833411467393,0.4444444444444444,0.0,0.4
8.433333333333334,14.127815368434325,3.857703035067783,14.645034646300441,2.572158862716503,-0.639458086969684,-0.23199999999999998,0.2735250187759255,-9.376074478498085,85.88819182079544,-91.8591078542496,0.26655919708464015,0.4452613952005068,0.32245027912758306,-6064.65860806488,-5351.565465647943,1981.3313366973516,0.4444444444444444,0.0,0.4
8.45,14.09128016767908,3.851925891965994,14.608268543575717,2.5614900361989186,-0.640532337705826,-0.23199999999999998,0.27590423953910514,-9.375378549307767,85.65606108211246,-91.78491241772903,0.26683648947037386,0.4453174030264877,0.3229552545544298,-6064.164530399416,-5351.233842159627,1983.677324109136,0.4444444444444444,0.0,0.4
8.466666666666667,14.05477821173735,3.846022484339276,14.571502308656106,2.550803318405044,-0.6416053523702142,-0.23199999999999998,0.2782800651987878,-9.37468251575615,85.42529679423815,-91.70849778677479,0.2671062210648082,0.44536476806189335,0.32345381998472383,-6063.671130280944,-5350.900970509878,1986.0212026395125,0.4444444444444444,0.0,0.4
8.483333333333333,14.018311090696825,3.8399915873788864,14.534737053923411,2.5400987297210964,-0.6426771515940506,-0.23199999999999998,0.2806523970429464,-9.373986416641019,85.1959219419758,-91.62987848391035,0.26736822434542273,0.4454033140468018,0.32394581810148404,-6063.178427865152,-5350.566873615549,1988.3628704746022,0.4444444444444444,0.0,0.4
8.5,13.981880411081827,3.833832001656898,14.49797391523113,2.5293762901900068,-0.6437477559540832,-0.23199999999999998,0.28302113550913965,-9.373290291110585,84.96795939574307,-91.54906929530657,0.2676223313969751,0.44543286438945207,0.3244310911666049,-6062.686443471766,-5350.231574673842,1990.702224742084,0.4444444444444444,0.0,0.4
8.516666666666666,13.945487795648026,3.827542553342648,14.461214051946564,2.5186360195123387,-0.6448171859711114,-0.23199999999999998,0.28538618019980433,-9.372594178658034,84.74143190827509,-91.46608527036447,0.26786837392904933,0.4454532421886286,0.32490948103420964,-6062.195197580528,-5349.895097160776,1993.0391615243036,0.4444444444444444,0.0,0.4
8.533333333333333,13.909134883173104,3.821122094418122,14.424458646990994,2.5078779370472404,-0.6458854621084683,-0.23199999999999998,0.2877474298977525,-9.371898119116025,84.51636211131947,-91.38094172125713,0.2681061832943431,0.4454642702569371,0.325380829164599,-6061.704710827091,-5349.557464829655,1995.3735758716489,0.4444444444444444,0.0,0.4
8.55,13.872823328243348,3.8145695028922093,14.387708906877709,2.497102061813417,-0.646952604770478,-0.23199999999999998,0.2901047825818823,-9.371202152651094,84.29277251232384,-91.29365422243062,0.2683355905077145,0.44546577114499514,0.32584497663881073,-6061.2150039988455,-5349.218701709511,1997.7053618161863,0.4444444444444444,0.0,0.4
8.566666666666666,13.836554801036186,3.8078836830137766,14.350966061747902,2.48630841249013,-0.6480186343008888,-0.23199999999999998,0.2924581354430935,-9.370506319757968,84.07068549111641,-91.20423861006365,0.2685564262660077,0.4454575671665598,0.32630176417380813,-6060.726098030673,-5348.878832103496,2000.0344123855534,0.4444444444444444,0.0,0.4
8.583333333333334,13.800330987098693,3.801063565483497,14.31423136540424,2.475497007418224,-0.6490835709812813,-0.23199999999999998,0.2948073849004045,-9.369810661253759,83.85012329657977,-91.11271098148558,0.2687685209686781,0.4454394804246161,0.32675103213831297,-6060.238014000599,-5348.53788058725,2002.360619617116,0.4444444444444444,0.0,0.4
8.6,13.764153587122035,3.7941081076643766,14.277506095342034,2.4646678646011804,-0.6501474350294516,-0.23199999999999998,0.29715242661728203,-9.369115218272066,83.63110804331869,-91.01908769455257,0.2689717047392376,0.44541133283844947,0.3271926205693014,-6059.750773125386,-5348.195872007202,2004.683874572382,0.4444444444444444,0.0,0.4
8.616666666666667,13.728024316711908,3.7870162937909204,14.240791552777933,2.4538210017061957,-0.6512102465977684,-0.23199999999999998,0.299493155518169,-9.368420032256926,83.41366170832217,-90.92338536698186,0.26916580744754054,0.4453729461717263,0.32762636918917865,-6059.264396756028,-5347.85283147881,2007.004067351676,0.4444444444444444,0.0,0.4
8.633333333333333,13.69194490615492,3.779787135176875,14.204089062675939,2.4429564360652907,-0.6522720257715051,-0.23199999999999998,0.30182946580521186,-9.36772514495665,83.19780612762023,-90.82562087564351,0.26935065873293196,0.4453241420616064,0.32805211742365353,-6058.778906373153,-5347.5087843847305,2009.321087109068,0.4444444444444444,0.0,0.4
8.65,13.655917100181005,3.772419670421495,14.167399973770735,2.4320741846764458,-0.6533327925671467,-0.23199999999999998,0.3041612509752003,-9.367030598417507,82.9835629929361,-90.72581135580957,0.26952608802827843,0.4452647420489114,0.32846970442032597,-6058.294323582355,-5347.163756372894,2011.6348220675677,0.4444444444444444,0.0,0.4
8.666666666666666,13.619942657721797,3.764912965614269,14.130725658588108,2.4211742642047667,-0.6543925669306708,-0.23199999999999998,0.3064884038366902,-9.366336434977246,82.77095384833397,-90.6239742003606,0.26969192458490465,0.4451945676093737,0.32887896906801056,-6057.810670109408,-5346.817773354494,2013.945159534567,0.4444444444444444,0.0,0.4
8.683333333333334,13.584023351665028,3.757266114538048,14.094067513462415,2.410256690983675,-0.6554513687358035,-0.23199999999999998,0.3088108165273451,-9.365642697258451,82.56000008686307,-90.52012705894903,0.2698479974984563,0.4451134401859904,0.329279750016812,-6057.327967795397,-5346.470861501877,2016.2519859175459,0.4444444444444444,0.0,0.4
8.7,13.548160968604941,3.7494782388705192,14.057426958550913,2.3993214810161327,-0.6565092177822502,-0.23199999999999998,0.3111283805314544,-9.364949428161747,82.35072294719836,-90.41428783711915,0.26999413573571146,0.445021181222507,0.32967188569897177,-6056.846238591748,-5346.123047246304,2018.5551867400306,0.4444444444444444,0.0,0.4
8.716666666666667,13.51235730858873,3.7415484883839607,14.020805437844844,2.3883686499758943,-0.657566133793903,-0.23199999999999998,0.3134409866976675,-9.364256670858772,82.14314351027858,-90.30647469538373,0.27013016816236396,0.4449176121980551,0.3300552143505055,-6056.365504555158,-5345.774357275598,2020.854646657807,0.4444444444444444,0.0,0.4
8.733333333333333,13.476614184859018,3.7334760411432284,13.984204419177154,2.3773982132087883,-0.6586221364170209,-0.23199999999999998,0.3157485252569088,-9.363564468784984,81.93728269594185,-90.19670604825679,0.27025592357179923,0.44480255466297036,0.3304295740336501,-6055.885787842396,-5345.4248185316665,2023.15024947539,0.4444444444444444,0.0,0.4
8.75,13.440933423592401,3.7252601037019075,13.947625394226664,2.3664101857340323,-0.6596772452183893,-0.23199999999999998,0.3180508858404987,-9.362872865632248,81.73316125955947,-90.08500056324245,0.27037123071488695,0.44467583027581403,0.33079480266014005,-6055.4071107050295,-5345.0744582078505,2025.441878162747,0.4444444444444444,0.0,0.4
8.766666666666666,13.405316863634024,3.716899911296574,13.91106987851859,2.355404582245574,-0.6607314796834544,-0.23199999999999998,0.3203479574984609,-9.362181905341197,81.53079978866857,-89.97137715977954,0.27047591833081264,0.4445372608416246,0.33115073801533274,-6054.929495483996,-5344.723303746169,2027.729414872271,0.4444444444444444,0.0,0.4
8.783333333333333,13.369766356228267,3.7083947280391105,13.87453941142125,2.3443814171134703,-0.6617848592144352,-0.23199999999999998,0.32263962871802576,-9.361491632093374,81.33021869960389,-89.85585500814184,0.27056981517897105,0.4443866683514238,0.33149721778320307,-6054.452964604084,-5344.371382834349,2030.012740956009,0.4444444444444444,0.0,0.4
8.8,13.334283764745502,3.6997438471070128,13.8380355561388,2.3333407043852903,-0.662837403128414,-0.23199999999999998,0.3249257874423255,-9.360802090303103,81.1314382341292,-89.73845352829376,0.2706527500719446,0.4442238750230021,0.33183407957222627,-6053.9775405682685,-5344.018723402718,2032.2917369831407,0.4444444444444444,0.0,0.4
8.816666666666666,13.298870964404951,3.690946590931635,13.80155989969985,2.3222824577875567,-0.6638891306554042,-0.23199999999999998,0.3272063210892808,-9.360113324609115,80.93447845606929,-89.61919238870105,0.27072455190959016,0.44404870334300894,0.3321611609421714,-6053.503245951932,-5343.6653536209,2034.5662827577073,0.4444444444444444,0.0,0.4
8.833333333333334,13.263529841993671,3.682002311384313,13.76511405294181,2.311206690727217,-0.664940060936399,-0.23199999999999998,0.32948111657067924,-9.359425379865916,80.73935924794243,-89.49809150509662,0.2707850497142569,0.44386097611037356,0.33247829943182367,-6053.03010339693,-5343.311301894319,2036.8362573365898,0.4444444444444444,0.0,0.4
8.85,13.228262295581654,3.6729103899603115,13.728699650490778,2.300113416293147,-0.6659902130213992,-0.23199999999999998,0.3317500603114407,-9.358738301134851,80.54610030759437,-89.37517103920113,0.2708340726671598,0.4436605164810792,0.33278533258765786,-6052.5581356055345,-5342.9565968605,2039.1015390477376,0.4444444444444444,0.0,0.4
8.866666666666667,13.193070234233087,3.6636702379605297,13.69231835073684,2.289002647257688,-0.6670396058674223,-0.23199999999999998,0.3340130382690787,-9.358052133674871,80.35472114483417,-89.25045139739808,0.27087145014593045,0.44344714801431745,0.333082097993483,-6052.08736533421,-5342.601267385163,2041.3620055086424,0.4444444444444444,0.0,0.4
8.883333333333333,13.157955577713759,3.6542812966709244,13.655971835804566,2.277874396078219,-0.6680882583364943,-0.23199999999999998,0.3362699359533412,-9.357366922932991,80.16524107807241,-89.12395322936344,0.27089701176336983,0.4432206947200466,0.33336843330107896,-6051.617815387245,-5342.245342558073,2043.6175336450603,0.4444444444444444,0.0,0.4
8.9,13.122920256194652,3.644743037539575,13.619661811518563,2.2667286748987596,-0.6691361891936234,-0.23199999999999998,0.33852063844604663,-9.35668271453443,79.97767923096242,-88.99569742664943,0.270910587407426,0.44298098110797834,0.3336441762618467,-6051.149508610221,-5341.8888516886855,2045.867999709979,0.4444444444444444,0.0,0.4
8.916666666666666,13.087966209951714,3.6350549623513544,13.583390007363885,2.255565495551609,-0.6701834171047578,-0.23199999999999998,0.34076503042111517,-9.355999554272382,79.79205452904505,-88.86570512122235,0.27091200728242015,0.4427278322380167,0.33390916475949245,-6050.682467883298,-5341.531824301512,2048.1132793028332,0.4444444444444444,0.0,0.4
8.933333333333334,13.05309538906185,3.625216603400129,13.547158176441128,2.244384869559015,-0.6712299606347297,-0.23199999999999998,0.3430029961647678,-9.355317488097459,79.60838569639745,-88.73399768395426,0.27090110195154354,0.4424610737721738,0.33416323684376786,-6050.216716114333,-5341.174290131255,2050.353247388956,0.4444444444444444,0.0,0.4
8.95,13.018309753095119,3.6152275236584512,13.510968095416002,2.233186808134888,-0.6722758382451837,-0.23199999999999998,0.34523441959593537,-9.354636562106736,79.42669125228657,-88.60059672306842,0.2708777023806498,0.4421805320279849,0.334406230765286,-6049.752276231807,-5340.816279117665,2052.587778319282,0.4444444444444444,0.0,0.4
8.966666666666667,12.983611270803188,3.6050873169446747,13.474821564463216,2.2219713221865343,-0.6733210682924935,-0.23199999999999998,0.34745918428684597,-9.353956822532398,79.24698950782792,-88.46552408253838,0.27084163998336386,0.4418860340334464,0.3346379850114357,-6049.289171177544,-5340.457821400111,2054.816745850285,0.4444444444444444,0.0,0.4
8.983333333333333,12.949001919804036,3.5947956080874497,13.438720407204453,2.210738422316439,-0.6743656690256666,-0.23199999999999998,0.349677173483796,-9.353278315730005,79.06929856264998,-88.32880184044015,0.270792746667532,0.4415774075834994,0.33485833834341505,-6048.827423899241,-5340.0989473118725,2057.0400231641634,0.4444444444444444,0.0,0.4
9.0,12.910563830699703,3.5853834082968286,13.399165369942322,2.199489846086647,-0.6752966611447335,-0.30699999999999994,-0.02675486135948235,-9.245253271307616,78.89364855271704,-88.19048370611851,0.27088325977150923,0.5163471223508502,0.3351534712105883,-6107.219856064345,-5276.705145357355,2059.407766836217,0.4444444444444444,0.0,0.6
9.016666666666666,12.86681547788895,3.5774935992401975,13.354901759078846,2.188221483098887,-0.6766771727077932,-0.348,-0.23909000839569705,-9.171336849785707,78.72008890959665,-88.05068489716143,0.27119057698055,0.5573033578309816,0.33573903975423486,-6170.988043507599,-5207.176595076938,2062.159609703165,0.4444444444444444,0.0,0.6
9.033333333333333,12.822506639583272,3.569666908711861,13.310116391726618,2.1769263560573,-0.6783258681904346,-0.348,-0.2362571652474834,-9.17042829252208,78.54864736585499,-87.90946703352127,0.2715157993770306,0.5572708685491744,0.33642644633540053,-6170.652937489156,-5206.417442981688,2065.0047278824472,0.4444444444444444,0.0,0.6
9.05,12.77823754500048,3.561706498547405,13.265334821943044,2.165603755329849,-0.6799740796602094,-0.348,-0.2333578475199931,-9.169531127350709,78.37933930618149,-87.76685406337916,0.27183270304926094,0.5572274830828194,0.33710815018797274,-6170.05053760572,-5205.944818192731,2067.847344080287,0.4444444444444444,0.0,0.6
9.066666666666666,12.734010133988594,3.553610284375597,13.22055823880914,2.1542536900715974,-0.6816217512975137,-0.348,-0.23046320262571118,-9.168633766185422,78.21217973680321,-87.62286970773064,0.27214101192797535,0.5571730328388176,0.3377837503912789,-6169.44909770691,-5205.470469062561,2070.6873153388974,0.4444444444444444,0.0,0.6
9.083333333333334,12.689826359890683,3.5453762162564333,13.175787853444408,2.1428761689832188,-0.6832689115587468,-0.348,-0.22757335384315835,-9.167736260725823,78.04718343799362,-87.47753790909434,0.2724404483334032,0.557107213132039,0.3384529984061696,-6168.848645578664,-5204.99442310771,2073.52451674923,0.4444444444444444,0.0,0.6
9.1,12.645688206540799,3.537002276554148,13.13102491511589,2.1314712002920664,-0.6849155888078546,-0.348,-0.2246884254303465,-9.166838663588976,77.88436496034679,-87.33088282980856,0.27273073244998,0.557029717056469,0.33911564375095454,-6168.24920688984,-5204.516711101657,2076.358821442447,0.4444444444444444,0.0,0.6
9.116666666666667,12.60159768810192,3.5284864803818046,13.086270711513377,2.1200387917537644,-0.686561811311899,-0.348,-0.22180854325861388,-9.165941028198455,77.72373862105157,-87.18292885026601,0.2730115823317515,0.5569402355021509,0.339771433999172,-6167.650807642884,-5204.037364437696,2079.1901006000116,0.4444444444444444,0.0,0.6
9.133333333333333,12.55755684889507,3.519826876047859,13.041526569024821,2.1085789506538637,-0.6882076072373525,-0.348,-0.2189338347960179,-9.165043408780821,77.56531850016879,-87.0337005670898,0.2732827139091771,0.5568384571728672,0.3404201147797318,-6167.05347417026,-5203.556415129972,2082.018223464521,0.4444444444444444,0.0,0.6
9.15,12.513567763219728,3.511021545504553,12.996793853011948,2.0970916838095546,-0.689853004646347,-0.348,-0.21606442909022938,-9.16414586036197,77.4091184369119,-86.88322279125049,0.2735438409973935,0.5567240686058723,0.3410614297780626,-6166.457233130758,-5203.073895814539,2084.8430573510946,0.4444444444444444,0.0,0.6
9.166666666666666,12.46963253516544,3.502068604798048,12.952073968085907,2.085576997571448,-0.6914980314928727,-0.348,-0.21320045675092736,-9.163248438763373,77.25515202593212,-86.73152054612414,0.2737946753060093,0.5565967541937722,0.3416951207383133,-6165.862111505653,-5202.589839750413,2087.6644676593255,0.4444444444444444,0.0,0.6
9.183333333333334,12.42575329841457,3.492966204520175,12.907368358382767,2.0740348978254155,-0.6931427156189296,-0.348,-0.2103420499316866,-9.162351200598133,77.10343261360863,-86.57861906549047,0.2740349264505013,0.5564561962086416,0.34232092746666065,-6165.268136594789,-5202.104280820561,2090.4823178858037,0.4444444444444444,0.0,0.6
9.2,12.381932216036127,3.483712530261702,12.862678507838703,2.0624653899944976,-0.6947870847506287,-0.348,-0.2074893423113755,-9.161454203266874,76.95397329434485,-86.42454379147134,0.2742643019652852,0.5563020748284777,0.34293858783577574,-6164.675336012518,-5201.617253532852,2093.2964696372037,0.4444444444444444,0.0,0.6
9.216666666666667,12.338171480270596,3.4743058030669984,12.818005940464676,2.0508684790408767,-0.6964311664942434,-0.348,-0.20464246907503858,-9.160557504953479,76.80678690687142,-86.26932037240896,0.2744825073185385,0.5561340681660889,0.3435478377905058,-6164.083737683536,-5201.128793020933,2096.106782643957,0.4444444444444444,0.0,0.6
9.233333333333333,12.294473312305708,3.464744279889993,12.773352220620385,2.0392441694679158,-0.6980749883322115,-0.348,-0.2018015668942872,-9.15966116462059,76.66188603055689,-86.11297466068369,0.2746892459288538,0.5559518523005225,0.3441484113548279,-6163.493369838598,-5200.6389350450045,2098.9131147744997,0.4444444444444444,0.0,0.6
9.25,12.250839962043083,3.4550262540512953,12.728718953287306,2.0275924653222615,-0.6997185776190862,-0.348,-0.1989667739071792,-9.158765242004923,76.5192829817267,-85.95553271047093,0.2748842191838021,0.5557551013111361,0.3447400406401332,-6162.904261010113,-5200.14771599251,2101.7153220501073,0.4444444444444444,0.0,0.6
9.266666666666666,12.207273707855666,3.4451500556963763,12.684107784340567,2.0159133701960235,-0.7013619615774371,-0.348,-0.1961382296975991,-9.157869797612342,76.37898980999168,-85.79702077543699,0.2750671264604921,0.5555434873144222,0.345322455854904,-6162.3164400276155,-5199.655172878681,2104.513258660316,0.4444444444444444,0.0,0.6
9.283333333333333,12.16377685633593,3.435114052254687,12.639520400819457,2.0042068872290133,-0.7030051672937032,-0.348,-0.19331607527412276,-9.156974892712702,76.2410182945865,-85.63746530637364,0.2752376651482094,0.555316680503696,0.3458953853158457,-6161.729936013119,-5199.161343346949,2107.3067769789427,0.4444444444444444,0.0,0.6
9.3,12.120351742034707,3.4249166488995826,12.594958531196253,1.9924730191110578,-0.7046482217139944,-0.348,-0.19050045304838692,-9.15608058933441,76.10537994071922,-85.47689294877102,0.2753955306732266,0.5550743491917643,0.3464585554605389,-6161.144778376347,-5198.666265669209,2110.0957275806977,0.4444444444444444,0.0,0.6
9.316666666666666,12.07700072719066,3.4145562890089494,12.550423945643203,1.980711768084383,-0.7062911516398462,-0.348,-0.18769150681294056,-9.155186950258754,75.97208597593276,-85.31533054032865,0.27554041652587363,0.5548161598566899,0.34701169086167954,-6160.560996809829,-5198.169978745892,2112.8799592584037,0.4444444444444444,0.0,0.6
9.333333333333334,12.033726201450271,3.404031454626391,12.505918456297268,1.968923135946068,-0.7079339837239259,-0.348,-0.18488938171859148,-9.154294039013882,75.84114734647908,-85.15280510840434,0.2756720142899643,0.5545417771907744,0.34755451424297573,-6159.978621283883,-5197.672522105857,2115.659319040816,0.4444444444444444,0.0,0.6
9.35,11.990530581578327,3.39334066692286,12.461443917522462,1.95710712405057,-0.709576744465693,-0.348,-0.18209422425124755,-9.153401919868536,75.7125747137071,-84.98934386740069,0.27579001367467404,0.5542508641528827,0.3480867464967723,-6159.397682041457,-5197.173935906065,2118.4336522110593,0.4444444444444444,0.0,0.6
9.366666666666667,11.947416311158783,3.3824824866586027,12.41700222616937,1.9452637333123257,-0.7112194602070132,-0.348,-0.17930618220823424,-9.152510657825419,75.58637845046516,-84.82497421608907,0.27589410254897073,0.5539430820242361,0.34860810670347847,-6158.8182095928505,-5196.67426093103,2121.202802325673,0.4444444444444444,0.0,0.6
9.383333333333333,11.904385860285988,3.37145551464529,12.372595321831596,1.9333929642084218,-0.7128621571277296,-0.348,-0.1765254046741136,-9.151620318614242,75.46256863751906,-84.65972373487067,0.2759839669786985,0.5536180904678045,0.3491183121528727,-6158.240234710291,-5196.173538592026,2123.966611234283,0.4444444444444444,0.0,0.6
9.4,11.861441725246191,3.360258392208196,12.328225187098788,1.9214948167813426,-0.7145048612411902,-0.348,-0.17375204199598304,-9.150730968684416,75.34115505998646,-84.49362018297458,0.2760592912664209,0.5532755475914292,0.3496170783673632,-6157.663788422383,-5195.671810926023,2126.724919099888,0.4444444444444444,0.0,0.6
9.416666666666666,11.818586428189255,3.3488898016483035,12.283893847805885,1.9095692906417927,-0.7161475983897352,-0.348,-0.17098624575826138,-9.149842675197368,75.22214720378872,-84.3266914955926,0.2761197579941318,0.5529151100148134,0.35010411912728573,-6157.088902008418,-5195.1691205943525,2129.4775644197794,0.4444444444444444,0.0,0.6
9.433333333333334,11.775822516790521,3.337348466704189,12.239603373278214,1.8976163849715932,-0.7177903942401458,-0.348,-0.16822816875695912,-9.148955506018469,75.10555425212101,-84.1589657809506,0.27616504806894265,0.5525364329405205,0.3505791464983193,-6156.515606992543,-5194.665510881071,2132.2243840470887,0.4444444444444444,0.0,0.6
9.45,11.733152563902774,3.3256331530135594,12.19535587657208,1.8856360985266567,-0.7194332742790559,-0.348,-0.16547796497343548,-9.148069529708534,74.99138508194177,-83.9904713173163,0.27619484077186157,0.5521391702291172,0.35104187086110694,-6155.943935137783,-5194.161025690993,2134.9652132129727,0.4444444444444444,0.0,0.6
9.466666666666667,11.690579167198202,3.3137426685743,12.151153514710384,1.8736284296400365,-0.7210762638083291,-0.348,-0.1627357895476349,-9.147184815514935,74.8796482604824,-83.82123654994332,0.27620881380978,0.5517229744786123,0.3514920009431672,-6155.373918439919,-5193.655709547411,2137.6998855494376,0.4444444444444444,0.0,0.6
9.483333333333333,11.648104948800365,3.3016758642048885,12.106998488912957,1.8615933762250558,-0.7227193879404039,-0.348,-0.16000179875080445,-9.146301433362238,74.77035204177818,-83.65129008795103,0.2762066433707842,0.5512874971083328,0.35192924385318697,-6154.805589121214,-5193.149607589441,2140.4282331128043,0.4444444444444444,0.0,0.6
9.5,11.605732554906027,3.2894316340040444,12.06289304482105,1.849530935778513,-0.7243626715936096,-0.348,-0.15727614995769823,-9.145419453842386,74.66350436322155,-83.48066070114058,0.27618800418291556,0.5508323884473902,0.35235330511778745,-6154.238979623991,-5192.642765569001,2143.1500864078216,0.4444444444444444,0.0,0.6
9.516666666666666,11.563464655396851,3.277008915809456,12.018839472715612,1.8374411053839657,-0.7260061394874551,-0.348,-0.1545590016182512,-9.144538948204385,74.55911284213839,-83.3093773167466,0.2761525695765024,0.5503572978278886,0.35276388872085757,-6153.674122604039,-5192.135229847399,2145.8652744124356,0.4444444444444444,0.0,0.6
9.533333333333333,11.521303943440865,3.2644066916554517,11.974840107728825,1.8253238817150936,-0.7276498161378941,-0.348,-0.15185051322873955,-9.143659988343524,74.45718477238884,-83.13746901612448,0.276100011550191,0.5498618736830271,0.3531606971455513,-6153.111050923874,-5191.627047391503,2148.5736246032047,0.4444444444444444,0.0,0.6
9.55,11.47925313508365,3.2516239882294613,11.930897330048444,1.8131792610391417,-0.7292937258525708,-0.348,-0.14915084530240863,-9.14278264679002,74.35772712099322,-82.96496503137323,0.2760300008408053,0.5493457636502583,0.35354343141904937,-6152.549797645814,-5191.11826576947,2151.274962981384,0.4444444444444444,0.0,0.6
9.566666666666666,11.437314968829208,3.238659877327125,11.887013565114376,1.80100723922044,-0.7309378927260463,-0.348,-0.14646015933958667,-9.141906996697143,74.26074652478431,-82.79189474189363,0.2759422069971676,0.548808614679656,0.35391179116018506,-6151.9903960249,-5190.608933146034,2153.9691140996624,0.4444444444444444,0.0,0.6
9.583333333333334,11.395492205210404,3.2255134763058897,11.843191283806995,1.7888078117240063,-0.7325823406350128,-0.348,-0.14377861779726286,-9.141033111828788,74.16624928708703,-82.61828767088203,0.2758362984580142,0.5482500731476577,0.3542654746300393,-6151.432879501624,-5190.099098277308,2156.655901089574,0.4444444444444444,0.0,0.6
9.6,11.353787626348987,3.21218394853695,11.799433002626602,1.7765809736192264,-0.7342270932334983,-0.348,-0.1411063840581388,-9.140161066546405,74.07424137442649,-82.44417348175901,0.27571194263414406,0.5476697849763406,0.3546041787856109,-6150.877281694477,-5189.588810505087,2159.3351456895753,0.4444444444444444,0.0,0.6
9.616666666666667,11.312204035505092,3.1986705038553707,11.755741283863475,1.764326719583616,-0.735872173948063,-0.348,-0.13844362239915586,-9.139290935795357,73.98472841326561,-82.26958197453351,0.2755688059949383,0.5470673957583982,0.3549275993366691,-6150.323636392313,-5189.078119750627,2162.0066682737965,0.4444444444444444,0.0,0.6
9.633333333333333,11.270744256616167,3.1849723990082466,11.712118735757876,1.7520450439066608,-0.7375176059729965,-0.348,-0.13579049795947906,-9.138422795090609,73.89771568677318,-82.09454308210195,0.2754065541593945,0.5464425508879819,0.35523543080590214,-6149.771977546499,-5188.567076507884,2164.670287881473,0.4444444444444444,0.0,0.6
9.65,11.229411133825309,3.1710889381007275,11.668568012649393,1.7397359404937387,-0.7391634122655142,-0.348,-0.13314717670796172,-9.137556720501758,73.81320813162365,-81.91908686648252,0.27522485199181623,0.5457948956975713,0.3555273665924711,-6149.222339262875,-5188.055731836181,2167.3258222470517,0.4444444444444444,0.0,0.6
9.666666666666666,11.1882075309989,3.157019473039758,11.625091815114956,1.7273994028701203,-0.7408096155409635,-0.348,-0.13051382541005907,-9.136692788637355,73.73121033482973,-81.74324351498456,0.2750233637023056,0.545124075601045,0.3558030990390873,-6148.674755793484,-5187.544137352269,2169.9730878309892,0.4444444444444444,0.0,0.6
9.683333333333334,11.147136331233547,3.142763403975371,11.581692890094857,1.71503542418505,-0.7424562382680393,-0.348,-0.12789061159421067,-9.135831076628499,73.65172653060861,-81.56704333631295,0.27480175295220577,0.5444297362431143,0.35606231950272804,-6148.129261528091,-5187.032345221778,2172.6118998512293,0.4444444444444444,0.0,0.6
9.7,11.106200436352239,3.128320179739365,11.538374031006068,1.7026439972159075,-0.7441033026640167,-0.348,-0.12527770351768552,-9.13497166211168,73.5747605972835,-81.39051675660765,0.27455968296464067,0.5437115236552901,0.35630471842911166,-6147.5858909854505,-5186.5204081500115,2175.242072315377,0.4444444444444444,0.0,0.6
9.716666666666667,11.065402766389674,3.1136892982812103,11.495138077842093,1.6902251143724456,-0.7457508306900049,-0.348,-0.1226752701318703,-9.134114623210811,73.50031605422097,-81.21369431541831,0.274296816640305,0.5429690844185499,0.3565299854310523,-6147.044678804348,-5186.008379372055,2177.863418053567,0.4444444444444444,0.0,0.6
9.733333333333333,11.024746259066731,3.0988703071010057,11.451987917258652,1.6777787677011111,-0.7473988440462278,-0.348,-0.12008348104702282,-9.133260038518447,73.42839605880563,-81.03660666161399,0.2740128166786531,0.5422020658328699,0.35673780937081706,-6146.505659734357,-5185.4963126421835,2180.4757487520224,0.4444444444444444,0.0,0.6
9.75,10.984233869254012,3.083862803679329,11.408926482644365,1.6653049488894403,-0.7490473641673375,-0.348,-0.11750250649646699,-9.13240798707611,73.35900340345323,-80.85928454922812,0.2737073457046415,0.5414101160937881,0.35692787844661145,-6145.968868626345,-5184.984262222515,2183.0788749873227,0.4444444444444444,0.0,0.6
9.766666666666666,10.943868568424428,3.068666435903804,11.365956754175633,1.652803649270534,-0.7506964122177648,-0.348,-0.11493251730023646,-9.13155854835375,73.29214051266328,-80.68175883323867,0.27338006640117657,0.5405928844761624,0.35709988028331846,-6145.434340422682,-5184.472282870899,2185.672606261367,0.4444444444444444,0.0,0.6
9.783333333333333,10.903653344094774,3.0532809024922125,11.32308175885491,1.6402748598276091,-0.7523460090871149,-0.348,-0.11237368482815802,-9.130711802228197,73.22780944011232,-80.50406046528369,0.2730306416474223,0.5397500215252855,0.3572535020276202,-6144.902110147143,-5183.960429827977,2188.256751037049,0.4444444444444444,0.0,0.6
9.8,10.863591199256264,3.0377059534119857,11.280304570531452,1.6277185711986273,-0.7539961753856128,-0.348,-0.10982618096236818,-9.129867828960673,73.16601186578917,-80.3262204893123,0.27265873466312124,0.5388811792555136,0.35738843044763025,-6144.37221289449,-5183.448758803406,2190.8311167746356,0.4444444444444444,0.0,0.6
9.816666666666666,10.823685151793962,3.0219413902958907,11.237628309903675,1.6151347736809973,-0.7556469314396062,-0.348,-0.10729017805927477,-9.12902670917322,73.10674909317315,-80.14827003717123,0.27226400915908305,0.5379860113565675,0.3575043520371692,-6143.844683819719,-5182.9373259611775,2193.395509968862,0.4444444444444444,0.0,0.6
9.833333333333334,10.783938233895098,3.005987066853741,11.195056144502201,1.6025234572363534,-0.7572982972871308,-0.348,-0.10476584891092511,-9.128188523824033,73.05002204645656,-79.970240324127,0.27184612949399256,0.537064173407657,0.3576009531248127,-6143.319558126932,-5182.426187904012,2195.9497361867348,0.4444444444444444,0.0,0.6
9.85,10.744353491446214,2.9898428892799562,11.152591288652623,1.5898846114954048,-0.7589502926735491,-0.348,-0.10225336670580987,-9.127353354181672,72.99583126781276,-79.79216264432402,0.2714047608376918,0.5361153230995747,0.35767791998784726,-6142.79687105783,-5181.915401656767,2198.493600106057,0.4444444444444444,0.0,0.6
9.866666666666667,10.7049339834191,2.973508816656782,11.110237003417016,1.5772182257628602,-0.7606029370472638,-0.348,-0.09975290498907574,-9.126521281798002,72.94417691471074,-79.61406836617871,0.27093956934108526,0.5351391204649056,0.3577349389712638,-6142.276657879789,-5181.4050246488205,2201.0269055546673,0.4444444444444444,0.0,0.6
9.883333333333333,10.66568278124551,2.9569848613530048,11.0679965965132,1.5645242890224191,-0.7622562495555196,-0.348,-0.09726463762214221,-9.12569238847991,72.8950587572777,-79.43598892770967,0.270450222312819,0.5341352281164865,0.3577716966119259,-6141.758953873501,-5180.895114695364,2203.5494555504038,0.4444444444444444,0.0,0.6
9.9,10.626602968180611,2.9402710894179656,11.02587342221069,1.5518027899418352,-0.7639102490402979,-0.348,-0.09478873874171834,-9.12486675625962,72.84847617571074,-79.2579558318045,0.26993638840288103,0.5331033114942467,0.3577878797680441,-6141.24379432013,-5180.385729977582,2206.0610523417845,0.4444444444444444,0.0,0.6
9.916666666666666,10.587697638655127,2.9233676209707014,10.983870881202275,1.5390537168780452,-0.7655649540343129,-0.348,-0.09232538271820756,-9.124044467363621,72.80442815773893,-79.08000064142304,0.2693977377932671,0.5320430391205543,0.357783175754092,-6140.731214487974,-5179.876929021607,2208.5614974494197,0.4444444444444444,0.0,0.6
9.933333333333334,10.548969897616171,2.9062746305840244,10.941992420450147,1.5262770578823646,-0.7672203827571192,-0.348,-0.08987474411349794,-9.123225604180051,72.76291329613684,-78.90215497473758,0.26883394239585523,0.5309540828641827,0.35775727248129685,-6140.221249618573,-5179.36877067624,2211.050591708146,0.4444444444444444,0.0,0.6
9.95,10.510422859856728,2.888992347663356,10.900241533005419,1.513472800705746,-0.7688765531113388,-0.348,-0.08743699763811197,-9.122410249224517,72.72392978629127,-78.72445050021024,0.26824467605762525,0.5298361182130036,0.357709858603837,-6139.713934912232,-5178.861314089337,2213.5281353098894,0.4444444444444444,0.0,0.6
9.966666666666667,10.47205964933378,2.871521056820132,10.858621757799934,1.5006409328041002,-0.7705334826790167,-0.348,-0.08501231810771825,-9.121598485104176,72.68747542382167,-78.54691893160764,0.2676296147733592,0.5286888245555036,0.35764062367088045,-6139.20930551292,-5178.354618682777,2215.9939278472575,0.4444444444444444,0.0,0.6
9.983333333333333,10.433883398475027,2.853861098239596,10.817136679409117,1.4877814413436745,-0.7721911887181149,-0.348,-0.08260088039898772,-9.120790394480071,72.6535476022564,-78.36959202295346,0.26698843690595114,0.5275118854712115,0.3575492582845929,-6138.707396492467,-5177.848744125994,2218.4477683578643,0.4444444444444444,0.0,0.6
10.0,10.395897247474222,2.836012868042788,10.77578992778471,1.4748943132064907,-0.7738496881591566,-0.348,-0.08020285940477301,-9.11998606002748,72.6221433107653,-78.1925015634189,0.26632082341445035,0.5263049890301085,0.357435454264247,-6138.208242834045,-5177.343750307894,2220.8894553693826,0.4444444444444444,0.0,0.6
10.016666666666666,10.35810434357508,2.8179768186425473,10.734585177956143,1.461979534995835,-0.7755089976020273,-0.348,-0.07781842998860844,-9.119185564394316,72.59325913195043,-78.0156793721517,0.2656264580899555,0.5250678281010848,0.35729890481655857,-6137.711879414838,-5176.839697307158,2223.3187869453354,0.4444444444444444,0.0,0.6
10.033333333333333,10.32050784034376,2.799753459093347,10.693526149699274,1.449037093041801,-0.7771691333129483,-0.348,-0.07544776693849631,-9.118388990157268,72.56689123969609,-77.83915729304368,0.2649050277994724,0.5238001006694903,0.35713930471237504,-6137.218340987841,-5176.336645360769,2225.735560731614,0.4444444444444444,0.0,0.6
10.05,10.28311089692991,2.7813433554347644,10.652616607171206,1.43606697340688,-0.7788301112216308,-0.348,-0.07309104491997331,-9.117596419775685,72.54303539707924,-77.66296718943768,0.26415622273783684,0.522501510163813,0.35695635046983965,-6136.727662162726,-5175.834654830688,2228.1395740037356,0.4444444444444444,0.0,0.6
10.066666666666666,10.24591667731627,2.7627471310284153,10.61186035850988,1.4230691618915978,-0.7804919469186238,-0.348,-0.07074843842842915,-9.116807935542976,72.52168695434187,-77.48714093877388,0.26337973668780024,0.5211717657914999,0.35674974054414943,-6136.239877385685,-5175.3337861685595,2230.530623714832,0.4444444444444444,0.0,0.6
10.083333333333334,10.20892834955684,2.7439654668881515,10.57126125539711,1.410043644040193,-0.7821546556528683,-0.348,-0.0684201217406506,-9.11602361953532,72.50284084692666,-77.31171042717612,0.26257526728836234,0.5198105828839255,0.356519175524022,-6135.75502091816,-5174.834099878297,2232.9085065443746,0.4444444444444444,0.0,0.6
10.1,10.172149085003586,2.724999102003357,10.530823192583682,1.3969904051463342,-0.7838182523294701,-0.348,-0.0661062688655667,-9.115243553557578,72.48649159357687,-77.13670754397884,0.26174251631143025,0.5184176832504848,0.35626435833498404,-6135.273126814352,-5174.335656476464,2235.2730189476347,0.4444444444444444,0.0,0.6
10.116666666666667,10.135582057521729,2.7058488336551476,10.490550107375176,1.3839094302588715,-0.7854827515077053,-0.348,-0.06380705349417459,-9.114467819086157,72.47263329450229,-76.9621641761946,0.26088118994686743,0.5169927955417775,0.3559849944495868,-6134.794228897423,-5173.838516450258,2237.623957205874,0.4444444444444444,0.0,0.6
10.133333333333333,10.0992304426936,2.6865155177252964,10.450445979077063,1.3708007041876187,-0.7871481673992718,-0.348,-0.06152264894859005,-9.113696497208572,72.46125962961227,-76.78811220292336,0.25999099909598744,0.5155356556218234,0.3556807921046501,-6134.318360734241,-5173.34274021296,2239.961117477275,0.4444444444444444,0.0,0.6
10.15,10.063097417011068,2.667000068997715,10.410514828397712,1.357664211509163,-0.7888145138668033,-0.348,-0.05925322813021028,-9.112929668559541,72.45236385681716,-76.61458348970346,0.2590716596735364,0.5140460069492285,0.35535146252563105,-6133.845555608557,-5172.848388056683,2242.2842958486,0.4444444444444444,0.0,0.6
10.166666666666666,10.027186157056576,2.6473034614523034,10.370760716807826,1.3444999365726942,-0.7904818044226583,-0.348,-0.05699896346693745,-9.112167413253253,72.44593881039972,-76.44160988280524,0.25812289291818963,0.512523600967201,0.3549967201582068,-6133.375846492458,-5172.355520102221,2244.593288387584,0.4444444444444444,0.0,0.6
10.183333333333334,9.991499838672796,2.627426728551011,10.331187745854916,1.3313078635058533,-0.7921500522280023,-0.348,-0.054760026859408395,-9.111409810811569,72.44197689945752,-76.26922320346755,0.25714442571157853,0.510968197502288,0.3546162829071527,-6132.909266015921,-5171.864196245805,2246.887891196059,0.4444444444444444,0.0,0.6
10.2,9.95604163612092,2.6073709635159283,10.2918000564313,1.3180879762205935,-0.7938192700921992,-0.348,-0.052536589626207775,-9.11065694008785,72.44047010641803,-76.09745524207811,0.25613599090584604,0.5093795651716795,0.3542098723825913,-6132.445846434318,-5171.374476102559,2249.1679004638077,0.4444444444444444,0.0,0.6
10.216666666666667,9.920814721227627,2.587137319599253,10.2526018279942,1.304840258419045,-0.7954894704725289,-0.348,-0.05032882244797987,-9.109908879185987,72.4414099856276,-75.92633775229795,0.2550973276597122,0.5077574817989008,0.3537772141536787,-6131.985619593635,-5170.886418946388,2251.433112523141,0.4444444444444444,0.0,0.6
10.233333333333333,9.885822262520744,2.5667270103449717,10.213597277736438,1.291564693599385,-0.7971606654742494,-0.348,-0.04813689531039378,-9.109165705374355,72.44478766201543,-75.7559024451309,0.254028181783016,0.5061017348376833,0.353318038009786,-6131.528616893224,-5170.400083646076,2253.6833239042116,0.4444444444444444,0.0,0.6
10.25,9.851067424353662,2.5461413098420995,10.17479065970629,1.278261265061698,-0.7988328668510218,-0.348,-0.04596097744589933,-9.108427494994139,72.45059382983443,-75.5861809829386,0.25292830608967787,0.5044121218037766,0.35283207822922236,-6131.074869245804,-5169.915528597298,2255.9183313910376,0.4444444444444444,0.0,0.6
10.266666666666666,9.816553366018512,2.5253815529693404,10.13618626387495,1.2649299559138314,-0.8005060860057194,-0.348,-0.043801237274176064,-9.107694323361711,72.45881875147985,-75.41720497340187,0.2517974607590121,0.5026884507144326,0.3523190738555391,-6130.624407034488,-5169.432811650223,2258.1379320782585,0.4444444444444444,0.0,0.6
10.283333333333333,9.782283240848182,2.504449135631018,10.097788415150228,1.2515707490772263,-0.8021803339916386,-0.348,-0.04165784234122327,-9.106966264664434,72.46945225638736,-75.24900596342894,0.2506354137052932,0.5009305405352595,0.3517787689814401,-6130.17726006649,-5168.951990032433,2260.3419234286034,0.4444444444444444,0.0,0.6
10.3,9.748260195307209,2.4833455149841557,10.059601472334919,1.23818362729273,-0.803855621514135,-0.348,-0.03953095925697303,-9.106243391849409,72.48248374001167,-75.08161543301162,0.24944194095546116,0.4991382216341138,0.3512109130403134,-6129.733457523228,-5168.473120266733,2262.530103331074,0.4444444444444444,0.0,0.6
10.316666666666666,9.714487368071591,2.462072209656582,10.021629827028423,1.2247685731263727,-0.8055319589327063,-0.348,-0.03742075363133557,-9.105525776504528,72.49790216288736,-74.91506478902986,0.24821682703482928,0.4973113362416589,0.35061526110538627,-6129.29302790643,-5167.996258083504,2264.7022701598435,0.4444444444444444,0.0,0.6
10.333333333333334,9.680967889097612,2.440630799955947,9.983877902470196,1.2113255689751061,-0.8072093562635442,-0.348,-0.03532739000856466,-9.104813488731185,72.51569604977306,-74.7493853590057,0.2469598653606288,0.49544973891818817,0.34999157419649296,-6128.855998979853,-5167.5214583271645,2266.8582228338582,0.4444444444444444,0.0,0.6
10.35,9.647704878679715,2.4190229280695545,9.946350152323543,1.1978545970724943,-0.8088878231825793,-0.348,-0.033251031799816255,-9.104106597007892,72.5358534888804,-74.58460838480738,0.24567085864320634,0.49355329702627043,0.3493396195944282,-6128.422397706169,-5167.048774856272,2268.9977608771437,0.4444444444444444,0.0,0.6
10.366666666666667,9.614701446497504,2.397250298254926,9.909051059398399,1.184355639494347,-0.8105673690290447,-0.348,-0.031191841213755733,-9.103405168044002,72.5583621311893,-74.42076501630443,0.24434961929466031,0.49162189120874045,0.34865917116284795,-6127.992250178526,-5166.578260436765,2271.120684479813,0.4444444444444444,0.0,0.6
10.383333333333333,9.581960690651975,2.375314677021013,9.871985134311696,1.1708286781642916,-0.8122480028095815,-0.348,-0.02914997918507689,-9.10270926662271,72.5832091898505,-74.2578863049747,0.24299596984467492,0.48965541587151673,0.34795000967765966,-6127.565581546246,-5166.109966627803,2273.2267945597637,0.4444444444444444,0.0,0.6
10.4,9.549485696691017,2.353217893300016,9.835156914083967,1.157273694859266,-0.8139297332029146,-0.348,-0.027125605300736044,-9.102018955432253,72.61038143967741,-74.09600319746416,0.24160974336328647,0.4876537796706926,0.3472119231638312,-6127.142415934045,-5165.643943659596,2275.3158928250677,0.4444444444444444,0.0,0.6
10.416666666666666,9.517279536624306,2.3309618386097664,9.798570960670887,1.1436906712149317,-0.8156125685651255,-0.348,-0.02511887772374033,-9.101334294884408,72.6398652167278,-73.93514652910045,0.24019078389028337,0.48561690600330343,0.3464447072395275,-6126.722776354122,-5165.180240302592,2277.3877818370443,0.4444444444444444,0.0,0.6
10.433333333333334,9.485345267927684,2.308548467206642,9.76223185942847,1.1300795887309896,-0.8172965169355481,-0.348,-0.02312995311426902,-9.100655342918959,72.67164641797748,-73.77534701736113,0.2387389468709132,0.483544733501134,0.345648165467467,-6126.306684610388,-5164.718903727298,2279.4422650740044,0.4444444444444444,0.0,0.6
10.45,9.453685932537104,2.2859797962290376,9.726144217510724,1.1164404287763912,-0.8189815860433189,-0.348,-0.02115898654788695,-9.099982154793008,72.70571050108688,-73.61663525529767,0.23725409959754157,0.48143721652689164,0.34482210971337196,-6125.894161194003,-5164.259979353986,2281.479146995675,0.4444444444444444,0.0,0.6
10.466666666666667,9.422304555832278,2.263257905831401,9.690312662198576,1.1027731725944354,-0.820667783314609,-0.348,-0.019206131430618667,-9.099314782853613,72.7420424842619,-73.45904170491606,0.23573612165687244,0.4792943256720248,0.3439663605113654,-6125.485225169328,-5163.803510691422,2283.4982331082774,0.4444444444444444,0.0,0.6
10.483333333333333,9.391204145610129,2.2403849393088935,9.654741839158984,1.0890778013077356,-0.8223551158805679,-0.348,-0.01727153941057713,-9.09865327629231,72.78062694621067,-73.30259669051527,0.23418490538231077,0.47711604825542986,0.3430807474361502,-6125.079894049323,-5163.349539163746,2285.4993300302694,0.4444444444444444,0.0,0.6
10.5,9.35652208418253,2.2188597950588376,9.616020190386662,1.0753589189860622,-0.8235817734694262,-0.42299999999999993,-0.3894783079023598,-8.942748041802169,72.82142169845112,-73.14735270216774,0.2328444741552671,0.5500692825610193,0.3422839884938879,-6182.746795988251,-5099.3407926303435,2287.6302781284267,0.4444444444444444,0.0,0.8
10.516666666666666,9.316781627612235,2.1994291723051784,9.572873580101218,1.0616207066836134,-0.8247840976865083,-0.46399999999999997,-0.6011488484130316,-8.840362477674375,72.86433045686763,-72.99340175147894,0.23182740115355688,0.5893579241509913,0.3418690352768264,-6246.058669758791,-5028.77350238959,2290.1284708261624,0.4444444444444444,0.0,0.8
10.533333333333333,9.276686687247835,2.179964881281012,9.529384176166882,1.0478594623576394,-0.8262093266436451,-0.46399999999999997,-0.5987680665691235,-8.839451805781703,72.90930133955293,-72.84079674115918,0.23080618960415092,0.5876509845591025,0.3415658472724606,-6245.92651779804,-5027.741200266075,2292.7065669918647,0.4444444444444444,0.0,0.8
10.55,9.236852582868726,2.1601853857734583,9.486086998260024,1.0340744419398162,-0.8276365991537888,-0.46399999999999997,-0.5962635366121816,-8.838594298658053,72.95631532425273,-72.6895655265657,0.22973699798221311,0.5858909377654461,0.34122136567819794,-6245.40525594751,-5027.142093663379,2295.268034673924,0.4444444444444444,0.0,0.8
10.566666666666666,9.197284263132572,2.1400926116250902,9.442988626658318,1.020265614007958,-0.8290657586868296,-0.46399999999999997,-0.5937772722944068,-8.837742445318048,73.00535342760396,-72.53973541686425,0.22861931046649547,0.5840776068951212,0.3408347343127396,-6244.887749328181,-5026.544887130369,2297.8125182494905,0.4444444444444444,0.0,0.8
10.583333333333334,9.15798662067665,2.1196885831602024,9.400095671538255,1.0064329469723663,-0.830496818561974,-0.46399999999999997,-0.591309551257672,-8.836896363386302,73.05639626609027,-72.39133351188192,0.22745262220885737,0.5822105606139375,0.3404054342517063,-6244.37406600718,-5025.9496550292,2300.3397034815216,0.4444444444444444,0.0,0.8
10.6,9.11896453860645,2.0989754079274134,9.357414814971387,0.992576409026071,-0.8319297916444265,-0.46399999999999997,-0.5888606453631025,-8.836056170248362,73.10942405745958,-72.24438669592672,0.22623643731630264,0.5802893830086503,0.3399329506039845,-6243.864261272095,-5025.356483807952,2302.849276726316,0.4444444444444444,0.0,0.8
10.616666666666667,9.080222889256353,2.0779552770034013,9.314952809961051,0.9786959681523344,-0.8333646903547391,-0.46399999999999997,-0.5864308250898682,-8.83522198134919,73.1644166222472,-72.09892163158231,0.22497026958725896,0.578313674547245,0.3394167730122684,-6243.358389996899,-5024.765458181828,2305.3409250116483,0.4444444444444444,0.0,0.8
10.633333333333333,9.041766532934588,2.056630465287961,9.272716479373589,0.9647915921318891,-0.8348015266856705,-0.46399999999999997,-0.5840203594591802,-8.834393909981776,73.22135338539286,-71.95496475349053,0.22365364327423368,0.5762830530562824,0.3388563961862396,-6242.856506611685,-5024.176660908686,2307.8143361171165,0.4444444444444444,0.0,0.8
10.65,9.003600316653971,2.0350033317900897,9.230712714760884,0.9508632485498713,-0.8362403122213972,-0.46399999999999997,-0.5816295159568174,-8.833572067055965,73.28021337795236,-71.81254226212265,0.22228609387292114,0.5741971547232971,0.3382513204582854,-6242.3586650699,-5023.590172542733,2310.269198655392,0.4444444444444444,0.0,0.8
10.666666666666666,8.965729072848378,2.0130763199053643,9.188948475069514,0.9369109048024062,-0.8376810581593211,-0.46399999999999997,-0.5792585604541822,-8.832756560845347,73.3409752389048,-71.67168011754084,0.22086716893787042,0.5720556351236012,0.3376010523622228,-6241.864918813186,-5023.006071163537,2312.7052021543946,0.4444444444444444,0.0,0.8
10.683333333333334,8.92815761807494,1.9908519576849286,9.147430785231856,0.9229345281028024,-0.8391237753347439,-0.46399999999999997,-0.5769077571277805,-8.831947496709668,73.40361721705605,-71.53240403315087,0.219396428924758,0.5698581702707239,0.3369051052354783,-6241.375320733552,-5022.424432077636,2315.122037140376,0.4444444444444444,0.0,0.8
10.7,8.890890751701939,1.9683328580964932,9.106166734634359,0.9089340854872997,-0.8405684742487044,-0.46399999999999997,-0.574577368376954,-8.831144976790071,73.46811717303952,-71.39473946944719,0.21787344805924383,0.5676044576895962,0.33616299984515774,-6240.889923132505,-5021.845327489686,2317.519395221925,0.4444444444444444,0.0,0.8
10.716666666666667,8.853933254582367,1.9455217192778176,9.06516347545819,0.8949095438203197,-0.8420151650993162,-0.46399999999999997,-0.5722676547397243,-8.830349099674073,73.53445258141468,-71.25871162775177,0.21629781523231853,0.5652942175114556,0.3353742650384179,-6240.408777676779,-5021.268826139678,2319.896969174893,0.4444444444444444,0.0,0.8
10.733333333333333,8.817289887713137,1.9224213247832482,9.024428220887444,0.8808608697991528,-0.8434638578169714,-0.46399999999999997,-0.5699788748065318,-8.829559960026733,73.60260053286451,-71.12434544394795,0.21466913492197312,0.5629271935893093,0.3345384384175299,-6239.931935350199,-5020.694992902375,2322.2544530282335,0.4444444444444444,0.0,0.8
10.75,8.780965390879883,1.8990345438239793,8.983968243180017,0.8667880299580146,-0.8449145621038261,-0.46399999999999997,-0.5677112851316735,-8.82877764818409,73.67253773649226,-70.99166558221049,0.2129870281409427,0.5605031546326551,0.33365506704000225,-6239.459446401178,-5020.123888344551,2324.591542150779,0.4444444444444444,0.0,0.8
10.766666666666666,8.744964481287331,1.8753643315028303,8.943790871596342,0.8526909906713955,-0.846367287478025,-0.46399999999999997,-0.5654651401421804,-8.828002249704443,73.74424052221853,-70.86069642873306,0.211251133410191,0.5580218953600046,0.3327237081441038,-6238.991360285289,-5019.555568235143,2326.907933338929,0.4444444444444444,0.0,0.8
10.783333333333333,8.709291852175197,1.8514137290444563,8.903903490181122,0.83856971815662,-0.8478220433231808,-0.46399999999999997,-0.563240692043862,-8.827233844872385,73.81768484327951,-70.73146208545465,0.20946110775771248,0.5554832376676109,0.3317439299001021,-6238.52772560223,-5018.990083002698,2329.2033249052774,0.4444444444444444,0.0,0.8
10.8,8.673952171419552,1.8271858640220655,8.864313535393253,0.82442417847552,-0.8492788389436798,-0.46399999999999997,-0.5610381907241997,-8.826472508149985,73.89284627882668,-70.60398636378602,0.20761662774213682,0.5528870318126354,0.33071531218750283,-6238.068590026459,-5018.427477133896,2331.477416768166,0.4444444444444444,0.0,0.8
10.816666666666666,8.638950080119587,1.8026839505818795,8.82502849357914,0.8102543375351215,-0.8507376836264575,-0.46399999999999997,-0.5588578836517177,-8.825718307568625,73.96970003662932,-70.47829277833763,0.20571739050052398,0.5502331576088386,0.32963744739854955,-6237.614000230633,-5017.8677885060015,2333.729910542178,0.4444444444444444,0.0,0.8
10.833333333333334,8.604290191169728,1.7779112896667684,8.786055898284744,0.796060161087226,-0.8521985867099601,-0.46399999999999997,-0.5567000157714319,-8.82497130405432,74.04822095587984,-70.35440454065034,0.20376311481963633,0.5475215256327072,0.32850994126821065,-6237.164001800889,-5017.311047645282,2335.960509629565,0.4444444444444444,0.0,0.8
10.85,8.569977087816998,1.7528712692407014,8.74740332740167,0.7818416147267622,-0.8536615576610994,-0.46399999999999997,-0.5545648293959018,-8.824231550678245,74.12838351010323,-70.23234455293016,0.20175354222987343,0.5447520784377722,0.327332413730854,-6236.718639142863,-5016.757276902318,2338.1689193126294,0.4444444444444444,0.0,0.8
10.866666666666667,8.536015322203543,1.7275673645159075,8.709078400142813,0.767598663888762,-0.8551266061611014,-0.46399999999999997,-0.5524525640913498,-8.8234990918232,74.21016181017082,-70.11213540178852,0.1996884381209494,0.5419247917747038,0.3261044998037799,-6236.27795537717,-5016.206489533978,2340.354846847046,0.4444444444444444,0.0,0.8
10.883333333333333,8.5024094138942,1.7020031381849041,8.67108877384311,0.7533312738438056,-0.8565937422012628,-0.46399999999999997,-0.5503634565582392,-8.822773962255575,74.29352960741937,-69.99379935198937,0.19756759287828596,0.5390396758145988,0.3248258504977561,-6235.841992222923,-5015.658688680521,2342.5180015561514,0.4444444444444444,0.0,0.8
10.9,8.469163848388982,1.67618224065987,8.633442140581149,0.7390394096917559,-0.8580629761897539,-0.46399999999999997,-0.5482977405056266,-8.822056186090785,74.3784602968759,-69.87735834020428,0.19539082303898772,0.5360967763727189,0.3234961337546706,-6235.410789867641,-5015.113866224693,2344.6580949261947,0.4444444444444444,0.0,0.8
10.916666666666666,8.436283075620327,1.6501084103221935,8.596146223617534,0.7247230363535864,-0.8595343190707441,-0.46399999999999997,-0.5462556465184893,-8.82134577563884,74.46492692058885,-69.76283396877722,0.19315797246615998,0.533096176129768,0.3221150354124012,-6234.984386821673,-5014.572001518057,2346.774840702565,0.4444444444444444,0.0,0.8
10.933333333333334,8.403771508434918,1.623785473785415,8.559208773646022,0.7103821185610832,-0.8610077824572911,-0.46399999999999997,-0.544237401917141,-8.820642730114646,74.55290217106638,-69.65024749949991,0.19086891354022403,0.5300379958476428,0.3206822601969777,-6234.562819755005,-5014.033059957748,2348.867954987006,0.4444444444444444,0.0,0.8
10.95,8.371633521059895,1.5972173461752495,8.522637564853781,0.6960166208441728,-0.8624833787796112,-0.46399999999999997,-0.5422432306077036,-8.81994703419586,74.64235839482212,-69.53961984739955,0.18852354836578292,0.5269223955764349,0.3191975327421006,-6234.146123314001,-5013.496991394709,2350.9371563358304,0.4444444444444444,0.0,0.8
10.966666666666667,8.339873447553193,1.5704080314308704,8.486440390787257,0.6816265075156035,-0.8639611214505535,-0.46399999999999997,-0.5402733529224841,-8.819258656408557,74.7332675960291,-69.43097157453984,0.18612180999249373,0.5237495758493178,0.3176605986360798,-6233.734329915324,-5012.9637283518605,2352.982165859145,0.4444444444444444,0.0,0.8
10.983333333333333,8.308495580237743,1.5433616226322227,8.450625060020357,0.6672117426526698,-0.865441025050333,-0.46399999999999997,-0.5383279854489216,-8.818577547318593,74.82560144028227,-69.32432288383677,0.18366366364831047,0.5205197788618139,0.31607122549625116,-6233.327469513845,-5012.433184027875,2355.002707321113,0.4444444444444444,0.0,0.8
11.0,8.277504168119215,1.51608230235879,8.415199391622073,0.6527722900756373,-0.8669231055328375,-0.46399999999999997,-0.5364073408455974,-8.817903637503308,74.9193312584703,-69.21969361289032,0.18114910798337938,0.517233289631813,0.3144292040709521,-6232.925569340921,-5011.9052500589205,2356.9985072412674,0.4444444444444444,0.0,0.8
11.016666666666666,8.24690341528694,1.4885743430859728,8.380171210420777,0.6383081133224804,-0.8684073804561214,-0.46399999999999997,-0.5345116276436213,-8.817236835275093,75.01442805075686,-69.11710322783343,0.1785781763227952,0.513890437136598,0.31273434936915756,-6232.528653608972,-5011.3797940071,2358.969294996888,0.4444444444444444,0.0,0.8
11.033333333333333,8.216697479297574,1.4608421076260858,8.345548342062882,0.6238191756195001,-0.8698938692400346,-0.46399999999999997,-0.5326410500313941,-8.81657702412433,75.11086249067206,-69.01657081719908,0.1759509379263684,0.5104915954230383,0.310986501817926,-6232.136743177604,-5010.856656540107,2360.9148029264934,0.4444444444444444,0.0,0.8
11.05,8.18689046954105,1.4328900496219277,8.311338607863814,0.609305439847335,-0.871382593454314,-0.46399999999999997,-0.5307958076205828,-8.815924059844889,75.20860492931442,-68.9181150858072,0.17326749925350782,0.5070371846870337,0.3091855284478635,-6231.749855175991,-5010.335648261902,2362.8347664344524,0.4444444444444444,0.0,0.8
11.066666666666666,8.157486445588235,1.4047227141019538,8.277549819449577,0.5947668685018195,-0.8728735771408984,-0.46399999999999997,-0.5289760951907618,-8.815277767300572,75.30762539966383,-68.82175434867158,0.17052800523130068,0.5035276723182296,0.307331324106901,-6231.36800257541,-5009.81654614886,2364.728924096763,0.4444444444444444,0.0,0.8
11.083333333333334,8.128489415519683,1.3763447381073106,8.24418977318761,0.5802034236490755,-0.8743668471747126,-0.46399999999999997,-0.5271821024098711,-8.814637936785118,75.40789362100587,-68.72750652492851,0.167732640523867,0.49996357390599483,0.30542381270279007,-6230.991193705038,-5009.29908953973,2366.597017768036,0.4444444444444444,0.0,0.8
11.1,8.099903334234758,1.347760851402366,8.211266244405925,0.5656150668741469,-0.8758624336677221,-0.46399999999999997,-0.5254140135272438,-8.814004319922237,75.5093790034677,-68.63538913178776,0.16488163080109056,0.49634545420264214,0.3034629484748638,-6230.619431703141,-5008.78297562092,2368.4387926897252,0.4444444444444444,0.0,0.8
11.116666666666667,8.071732101740315,1.3189758772819407,8.178786981399918,0.5510017592223996,-0.8773603704216858,-0.46399999999999997,-0.523672007035535,-8.813376625044938,75.61205065266631,-68.5454192785063,0.1619752440048824,0.49267392803989224,0.3014487172957875,-6230.252713894752,-5008.267854340823,2370.253997599655,0.4444444444444444,0.0,0.8
11.133333333333333,8.043979561418002,1.2899947334902198,8.146759699226623,0.5363634611328137,-0.8788606954357396,-0.46399999999999997,-0.5219562552973693,-8.812754511985336,75.71587737446906,-68.45761366038593,0.15901379161122206,0.488949661194642,0.2993811380042441,-6229.891031085705,-5007.75332267813,2372.0423848429086,0.4444444444444444,0.0,0.8
11.15,8.01664949826913,1.260822433268332,8.115192073286458,0.5217001323621816,-0.8803634514757517,-0.46399999999999997,-0.5202669241320046,-8.812137586197078,75.82082767986704,-68.371988552795,0.15599762988635243,0.4851733712001827,0.29726026376976494,-6229.534366761574,-5007.238918179188,2373.8037104841346,0.4444444444444444,0.0,0.8
11.166666666666666,7.98974563713593,1.2314640865498554,8.084091732692961,0.5070117318991025,-0.881868686713293,-0.46399999999999997,-0.5186041723566746,-8.811525392122348,75.92686978996159,-68.28855980521446,0.15292716113567795,0.4813458280991486,0.29508618349124005,-6229.182696178506,-5006.724111668297,2375.5377344213507,0.4444444444444444,0.0,0.8
11.183333333333334,7.963271640897827,1.2019249013260784,8.053466253431207,0.49229821786652256,-0.8833764554430974,-0.46399999999999997,-0.5169681512765769,-8.810917405703755,76.03397164106431,-68.20734283530854,0.1498028349441461,0.47746785513464973,0.2928590232310258,-6228.835985331286,-5006.208299022323,2377.24422050133,0.4444444444444444,0.0,0.8
11.2,7.93723110864121,1.1722101852057565,8.023323151305942,0.4775595474114086,-0.8848868188890411,-0.46399999999999997,-0.51535900411673,-8.810313025928721,76.14210088991088,-68.12835262301971,0.146625149407178,0.4735403293762652,0.29057894768702686,-6228.494189782036,-5005.690791886914,2378.9229366366617,0.4444444444444444,0.0,0.8
11.216666666666667,7.9116275738009785,1.1423253471973789,7.9936698746806885,0.4627956765799647,-0.8863998461099845,-0.46399999999999997,-0.5137768653880279,-8.809711565279382,76.25122491898902,-68.05160370468774,0.14339465235156665,0.46956418227784563,0.2882461617056658,-6228.157253330847,-5005.170807195877,2380.573654924596,0.4444444444444444,0.0,0.8
11.233333333333333,7.8864645022719015,1.1122758997456759,7.964513797009197,0.4480065601765952,-0.8879156150182933,-0.46399999999999997,-0.5122218601789026,-8.809112238944996,76.36131084198114,-67.97711016719204,0.14011194254619025,0.46554040016440423,0.2858609118392855,-6227.825106507287,-5004.647455337662,2382.196151767791,0.4444444444444444,0.0,0.8
11.25,7.861745290487615,1.0820674610582626,7.935862209160721,0.4331921516045879,-0.8894342135255198,-0.46399999999999997,-0.5106941033629259,-8.808514152635919,76.47232550932188,-67.9048856421162,0.13677767090289536,0.46147002464576264,0.2834234879522628,-6227.497664859131,-5004.1197267933285,2383.790207997103,0.4444444444444444,0.0,0.8
11.266666666666666,7.837473263464772,1.0517057577630369,7.907722311540604,0.4183524026862302,-0.8909557408315932,-0.46399999999999997,-0.5091936987115323,-8.807916288818344,76.58423551387125,-67.83494329993343,0.1333925416685091,0.4573541529550714,0.2809342248809628,-6227.174827011765,-5003.58647704864,2385.3556089965755,0.4444444444444444,0.0,0.8
11.283333333333333,7.813651672809577,1.0211966279422293,7.880101206007477,0.403487263459777,-0.8924803088759715,-0.46399999999999997,-0.5077207378997639,-8.80731749116702,76.69700719670374,-67.76729584421093,0.12995731360963905,0.45319393821084586,0.2783935041536438,-6226.856472468567,-5003.046409558958,2386.8921448307888,0.4444444444444444,0.0,0.8
11.3,7.7902836946835725,0.9905460245949569,7.8530058875881155,0.3885966819503582,-0.894008043971554,-0.46399999999999997,-0.5062752993915588,-8.806716447009167,76.81060665301428,-67.70195550583092,0.1264728011927351,0.4489905896017515,0.27580175577754873,-6226.54245911913,-5002.498056519207,2388.39961037478,0.4444444444444444,0.0,0.8
11.316666666666666,7.7673724277251806,0.9597600195867957,7.826443235990574,0.3736806039115379,-0.8955390886447882,-0.46399999999999997,-0.5048574471895556,-8.806111667506496,76.92499973814157,-67.63893403722528,0.12293987576282221,0.4447453724940437,0.27315946010170217,-6226.232620418384,-5001.939757162471,2389.8778054467407,0.4444444444444444,0.0,0.8
11.333333333333334,7.744920890923072,0.9288448081523404,7.800420006915537,0.3587389725338205,-0.8970736037083294,-0.46399999999999997,-0.5034672294328069,-8.80550146529365,77.04015207370993,-67.57824270662029,0.11935946672537862,0.4404596084623206,0.2704671497653938,-6225.926762195667,-5001.3696332794425,2391.3265349437456,0.4444444444444444,0.0,0.8
11.35,7.722932021436942,0.8978067140250405,7.774942823164974,0.34377172811592066,-0.8986117705958688,-0.46399999999999997,-0.5021046768239804,-8.804883929260942,77.15602905389078,-67.51989229228727,0.11573256273704578,0.43613467524508354,0.2677254117439815,-6225.624659048386,-5000.785561617574,2392.745608980777,0.4444444444444444,0.0,0.8
11.366666666666667,7.701408672360786,0.8666521952778607,7.750018165546057,0.3287788076940896,-0.9001537939923469,-0.46399999999999997,-0.5007698008658235,-8.80425689613661,77.27259585178487,-67.46389307679395,0.11206021291221724,0.43177200662753296,0.2649348895055056,-6225.326050270318,-5000.185142782965,2394.1348430333665,0.4444444444444444,0.0,0.8
11.383333333333333,7.680353610423143,0.8353878509685729,7.7256523635668275,0.31376014462419105,-0.9016999047967317,-0.46399999999999997,-0.4994625918846636,-8.803617918489767,77.38981742592743,-67.4102548412505,0.10834352805407876,0.4273730922550463,0.2620962852936893,-6225.030635259634,-4999.565666230887,2395.494058084184,0.4444444444444444,0.0,0.8
11.4,7.65976951361815,0.8040204286948285,7.701851585918327,0.29871566811055744,-0.9032503634588884,-0.46399999999999997,-0.4981830168167084,-8.802964228740086,77.50765852691761,-67.35898685954352,0.10458368192036774,0.42293947738190757,0.2592103625552172,-6224.738068346723,-4998.924070892262,2396.82308077397,0.4444444444444444,0.0,0.8
11.416666666666666,7.639658968760538,0.7725568331766215,7.678621830735723,0.28364530267491705,-0.9048054637367868,-0.46399999999999997,-0.4969310167308276,-8.802292698725047,77.62608370417507,-67.31009789254956,0.10078191253599106,0.41847276256108035,0.25627794853174624,-6224.447952976585,-4998.256900945084,2398.121743557231,0.4444444444444444,0.0,0.8
11.433333333333334,7.620024468956916,0.7410041359973812,7.655968915628338,0.2685489675578577,-0.9063655369253928,-0.46399999999999997,-0.4957065040593771,-8.801599794341051,77.74505731282662,-67.26359618231922,0.09693952356669261,0.41397460328214014,0.25329993703991904,-6224.1598351753555,-4997.560256202365,2399.3898848631898,0.4444444444444444,0.0,0.8
11.45,7.600868410984791,0.7093695866497336,7.633898467465367,0.2534265760443818,-0.9079309566140334,-0.46399999999999997,-0.49450935950665265,-8.800881524743211,77.86454352072614,-67.21948944622082,0.09305788577019183,0.4094467095659104,0.25027729146571215,-6223.873196225321,-4996.829736554069,2400.6273492625037,0.4444444444444444,0.0,0.8
11.466666666666667,7.58219309256988,0.6776606250479186,7.612415911900422,0.23827803470410064,-0.9095021440347706,-0.46399999999999997,-0.4933394286025642,-8.800133385561447,77.98450631561222,-67.17778487103186,0.08913843854361551,0.4048908455258813,0.24721104800275848,-6223.587444467891,-4996.060379871884,2401.8339876403666,0.4444444444444444,0.0,0.8
11.483333333333333,7.56400070955117,0.6458848956858717,7.59152646261381,0.22310324253551278,-0.9110795740702707,-0.46399999999999997,-0.4921965178674622,-8.799350295571276,78.10490951240854,-67.1384891069641,0.08518269158860364,0.4003088289081223,0.2441023191677986,-6223.301906149571,-4995.246592766031,2403.0096573766355,0.4444444444444444,0.0,0.8
11.5,7.546293352922094,0.6140502636379153,7.571235110246542,0.20790209000260565,-0.9126637819957194,-0.46399999999999997,-0.49108039055263686,-8.798526526249864,78.22571676067275,-67.10160826160723,0.0811922267181579,0.3957025306231313,0.24095229763011808,-6223.015815222293,-4994.382073577106,2404.1542225337153,0.4444444444444444,0.0,0.8
11.516666666666666,7.529073005734943,0.5821648326176306,7.551546610994553,0.19267445795071594,-0.914255371035289,-0.46399999999999997,-0.48999076192009217,-8.797655623656293,78.34689155220128,-67.06714789377335,0.07716869983208058,0.3910738742848805,0.23776226039563145,-6222.728302006939,-4993.459726998661,2405.2675540530117,0.4444444444444444,0.0,0.8
11.533333333333333,7.512341539854304,0.550236965329426,7.532465474825322,0.17742021638718192,-0.9158550208193088,-0.46399999999999997,-0.48892729402491775,-8.796730322106189,78.46839722879808,-67.03511300722323,0.07311384309066551,0.3864248357742093,0.23453357339010805,-6222.438380627792,-4992.4715697654065,2406.3495299608408,0.4444444444444444,0.0,0.8
11.55,7.496100712543917,0.5182753063660664,7.513995953272151,0.162139223110833,-0.9174634968332439,-0.46399999999999997,-0.4878895899641563,-8.795742449172355,78.59019699021748,-67.00550804425265,0.06902946731906826,0.3817574428456648,0.23126769648975498,-6222.144935126729,-4991.408626916554,2407.400035584768,0.4444444444444444,0.0,0.8
11.566666666666666,7.480352162869802,0.4862888079232703,7.4961420267536525,0.1468313221728018,-0.9190816609534324,-0.46399999999999997,-0.48687718755777376,-8.794682821644944,78.71225390229242,-66.97833687911553,0.0649174646773955,0.37707377479885995,0.22796618905080734,-6221.846704169635,-4990.260818265463,2408.4189637814648,0.4444444444444444,0.0,0.8
11.583333333333334,7.465097407900913,0.4542867586184445,7.47890739135771,0.1314963421495353,-0.9207104831666558,-0.46399999999999997,-0.48588955243042387,-8.793541132239067,78.83453090526163,-66.95360281125782,0.06077981163386543,0.3723759622373888,0.22463071599269058,-6221.542264264609,-4989.016834889736,2409.4062151772478,0.4444444444444444,0.0,0.8
11.6,7.450337838686938,0.422278815713445,7.462295445020299,0.11613409420726556,-0.92235105457027,-0.46399999999999997,-0.4849260704676547,-8.792305827059064,78.9569908223113,-66.9313085583345,0.05661857228021662,0.367666186940246,0.2212630544913973,-6221.230011423054,-4987.664005717126,2410.361698422587,0.4444444444444444,0.0,0.8
11.616666666666667,7.436074715991086,0.39027504104926075,7.446309273020287,0.10074436993562101,-0.92400460174583,-0.46399999999999997,-0.4839860396272825,-8.790963974135066,79.07959636834927,-66.91145624897945,0.05243590202963958,0.3629466818724842,0.21786510134056794,-6220.908141211489,-4986.188154643265,2411.2853304619807,0.4444444444444444,0.0,0.8
11.633333333333333,7.422309165753991,0.3582859410016163,7.430951632701906,0.08532693892659207,-0.9256725025906952,-0.46399999999999997,-0.4830686610965366,-8.789501123759106,79.20231015903227,-66.89404741529685,0.04823405173756933,0.35821973136342933,0.21443888103686892,-6220.574627165406,-4984.57344910119,2412.1770368206962,0.4444444444444444,0.0,0.8
11.65,7.409042174263096,0.3263225107580115,7.416224937327389,0.06988154607380012,-0.9273563036774947,-0.46399999999999997,-0.4821730297986564,-8.78790116188959,79.32509472006966,-66.87908298504065,0.04401537228432827,0.3534876714820518,0.21098655464299232,-6220.227197567836,-4982.802241638619,2413.0367519099955,0.4444444444444444,0.0,0.8
11.666666666666666,7.396274583000194,0.29439628319538386,7.402131238953681,0.05440790856607709,-0.9290577391887417,-0.46399999999999997,-0.48129812426965496,-8.786146158590764,79.44791249683044,-66.86656327344812,0.03978231965538173,0.3487528906399303,0.20751042947517104,-6219.863310636343,-4980.854906878129,2413.864419352574,0.4444444444444444,0.0,0.8
11.683333333333334,7.384007083138204,0.2625193825993803,7.38867221021988,0.03890571254890157,-0.9307787514411441,-0.46399999999999997,-0.4804427959475711,-8.78421621435773,79.57072586428319,-66.85648797469315,0.03553746054930069,0.34401783045248335,0.2040129696515739,-6219.480128214489,-4978.709677272685,2414.659992330048,0.4444444444444444,0.0,0.8
11.7,7.372240209656845,0.23070458340636796,7.375849124926968,0.023374609427450056,-0.932521512968678,-0.46399999999999997,-0.4796057579435113,-8.782089308277985,79.69349713730215,-66.84885615292607,0.03128347853474942,0.3392849868885787,0.20049680752218013,-6219.074488129418,-4976.342482359782,2415.4234339544073,0.4444444444444444,0.0,0.8
11.716666666666667,7.360974335045724,0.19896537406217532,7.363662837289438,0.007814211786151631,-0.9342884500723783,-0.46399999999999997,-0.4787855733968893,-8.779741153326537,79.816188581376,-66.84366623286856,0.027023180765154323,0.33455691173702173,0.19696475597842691,-6218.642875458302,-4973.726797796187,2416.154717665449,0.4444444444444444,0.0,0.8
11.733333333333333,7.350209662562514,0.16731602597067494,7.352113759741069,-0.00777591109802459,-0.9360822676647682,-0.46399999999999997,-0.4779806435573596,-8.777145065709027,79.93876242375899,-66.84091598993642,0.022759505242281132,0.32983621441547717,0.19341982161057994,-6218.1813930448825,-4970.833512350754,2416.853827656247,0.4444444444444444,0.0,0.8
11.75,7.339946219013571,0.1357716673435218,7.341201839185792,-0.023396238167416712,-0.9379059751344317,-0.46399999999999997,-0.47718919578368757,-8.77427185707108,80.06118086510675,-66.84060253986948,0.018495528596779918,0.32512556414275795,0.1898652186407457,-6217.685731725617,-4967.630823262197,2417.52075932876,0.4444444444444444,0.0,0.8
11.766666666666666,7.330183847024543,0.10434836155192456,7.3309265316014525,-0.039047301933643405,-0.9397629128278854,-0.46399999999999997,-0.4764092717059809,-8.771089760582003,80.18340609164169,-66.84272232785574,0.014234474323821883,0.3204276924887213,0.18630438350798925,-6217.1511408648485,-4964.084172929606,2418.155519781659,0.4444444444444444,0.0,0.8
11.783333333333333,7.32092219676941,0.07306318931440449,7.321286774931292,-0.05472969427037983,-0.9416567785883752,-0.46399999999999997,-0.47563871586269524,-8.767564404350061,80.30540028789328,-66.84727111715021,0.009979721374221774,0.3157453963068071,0.18274098991740015,-6216.572399961636,-4960.156242761442,2418.7581283324266,0.4444444444444444,0.0,0.8
11.8,7.312160717128179,0.041934333723687926,7.312280960237874,-0.0704440726423435,-0.9435916536019106,-0.46399999999999997,-0.47487516519788664,-8.763658848271124,80.42712565005893,-66.85424397720416,0.005734812954974789,0.31108154104205044,0.17917896408558873,-6215.94379227852,-4955.807023084196,2419.3286170756705,0.4444444444444444,0.0,0.8
11.816666666666666,7.303898646246023,0.010981166715164411,7.303906901149337,-0.08619116674912966,-0.9455720265785025,-0.46399999999999997,-0.4741160398870365,-8.759333703134853,80.54854440002845,-66.86363527134128,0.00150346533721887,0.30643906439168944,0.1756224998198138,-6215.259081654464,-4950.9939811609565,2419.867031479445,0.4444444444444444,0.0,0.8
11.833333333333334,7.296135001470424,-0.01977566489468316,7.296161801701211,-0.10197178554372457,-0.947602815042095,-0.46399999999999997,-0.4733585360505309,-8.754547353427931,80.66961880011033,-66.87543864404337,-0.002710423596061707,0.3018209802757652,0.17207607295626515,-6214.511493899296,-4945.672352366042,2420.3734310211526,0.4444444444444444,0.0,0.8
11.85,7.288868568647544,-0.05031415621793083,7.2890422227707,-0.11778682456217238,-0.9496893822201616,-0.46399999999999997,-0.4725996210108821,-8.749256307509278,80.79031116848978,-66.88964700793893,-0.006902766405440822,0.29723038305090477,0.16854445455560155,-6213.693704421692,-4939.795582073445,2420.8478898643143,0.4444444444444444,0.0,0.8
11.866666666666667,7.282097890764949,-0.08061086698268598,7.28254404741633,-0.13363727347259263,-0.9518375477219616,-0.46399999999999997,-0.47183603185024203,-8.743415700315284,80.91058389543623,-66.90625253062616,-0.011069279179829061,0.2926704518714391,0.1650327221129646,-6212.797834011151,-4933.31594739123,2421.290497577132,0.4444444444444444,0.0,0.8
11.883333333333333,7.275821255934683,-0.11064085378905132,7.276662445574765,-0.14952422371835908,-0.9540535898874711,-0.46399999999999997,-0.47106427812461726,-8.736979974000636,81.03039946026058,-66.92524662150446,-0.015205476166096724,0.2881444550679548,0.16154626788986232,-6211.815454966866,-4926.185387926873,2421.701359893351,0.4444444444444444,0.0,0.8
11.9,7.270036684718476,-0.14037761630710824,7.271391838727471,-0.16544887609188724,-0.9563442373987543,-0.46399999999999997,-0.47028064968482813,-8.72990376034404,81.14972044899946,-66.94661991883802,-0.019306666549948465,0.28365575437441937,0.15809080332393338,-6210.7376100293895,-4918.356572589295,2422.080599515429,0.4444444444444444,0.0,0.8
11.916666666666666,7.264741916805431,-0.16979306245404266,7.266725865329403,-0.18141254803272236,-0.9587166475022056,-0.46399999999999997,-0.4694812306341553,-8.722142984678532,81.26850957277442,-66.97036227732814,-0.023367954081152116,0.2792078087916926,0.15467235833050275,-6209.554846805338,-4909.784224216659,2422.4283569594995,0.4444444444444444,0.0,0.8
11.933333333333334,7.259934397061489,-0.1988574981749443,7.262657347983379,-0.19741668039764768,-0.9611783680329105,-0.46399999999999997,-0.4686619205094803,-8.713656203845868,81.38672968673731,-66.99646275652741,-0.027384240310554475,0.2748041778285919,0.1512972741917564,-6208.257270556746,-4900.426714730921,2422.7447914410263,0.4444444444444444,0.0,0.8
11.95,7.255611260979142,-0.2275396478897418,7.259178263537074,-0.2134628434032691,-0.9637372804090937,-0.46399999999999997,-0.46781846379518927,-8.704406179591263,81.5043438094704,-67.02490961048483,-0.03135023225796521,0.27044852381351026,0.14797218865401887,-6206.834618324144,-4890.247929811487,2423.030081799475,0.4444444444444444,0.0,0.8
11.966666666666667,7.251769319564827,-0.2558067118690586,7.256279717459835,-0.22955274139576815,-0.9664015209294895,-0.46399999999999997,-0.4669464888539338,-8.694361673474502,81.62131514265964,-67.05569027906336,-0.03526045534670739,0.266144612922459,0.14470401184323894,-6205.276357329119,-4879.219383251499,2423.284427459733,0.4444444444444444,0.0,0.8
11.983333333333333,7.24840504371009,-0.28362446666608915,7.253951924004838,-0.24568821606197136,-0.9691793781158615,-0.46399999999999997,-0.4660415572711901,-8.683499429714812,81.7376070908052,-67.0887913814156,-0.039109272408933374,0.26189631452685347,0.14149989168785043,-6203.571810416566,-4867.322537174442,2423.508049427466,0.4444444444444444,0.0,0.8
12.0,7.241680696937376,-0.309173493814782,7.248277558542653,-0.2618642985914096,-0.9713195220193627,-0.539,-0.8344009524084611,-8.48658651109622,81.85315645128196,-67.12417605438542,-0.04266769881703833,0.33286533829983556,0.13846152223529307,-6272.864470744078,-4798.8605509498075,2423.8480040005575,0.4444444444444444,0.0,1.0
12.016666666666666,7.230125706857457,-0.33159332017940935,7.237725600418176,-0.27807002128185704,-0.972995970334476,-0.58,-1.0440601113995416,-8.356229730632972,81.96785171982914,-67.16175869120333,-0.045830617133892644,0.3702483387517065,0.1358590841383604,-6336.745823878247,-4726.520506883893,2424.539697936065,0.4444444444444444,0.0,1.0
12.033333333333333,7.2183360755239505,-0.35349900228755426,7.226986733336986,-0.2943065953264243,-0.9749284595864922,-0.58,-1.0434636575965586,-8.347312054459433,82.08162785524564,-67.20149218942814,-0.04893327305919903,0.36669339855100935,0.1334441269811913,-6336.992414604146,-4715.239901186502,2425.3026067470673,0.4444444444444444,0.0,1.0
12.05,7.206926029338521,-0.3751976056307568,7.216685945475815,-0.31057664122447887,-0.9769829889843805,-0.58,-1.0426416308204656,-8.337921333805365,82.19445052329132,-67.24335861453956,-0.05201374153087229,0.3631494623519598,0.1310627496498493,-6336.7080990512295,-4703.842681582724,2426.041188252672,0.4444444444444444,0.0,1.0
12.066666666666666,7.1958940363501736,-0.396659980902584,7.206818307882448,-0.32688226118372193,-0.9791662424747029,-0.58,-1.041833749171799,-8.32801547608067,82.30628616724387,-67.28733970786385,-0.05506736923992177,0.3596202764232571,0.12872029564567225,-6336.416711480625,-4691.819370944474,2426.7554715363735,0.4444444444444444,0.0,1.0
12.083333333333334,7.185238145424904,-0.4178563821768317,7.197378075563005,-0.3432256715774731,-0.9814850051107378,-0.58,-1.041039424228667,-8.317608724734178,82.41710153807284,-67.33341651149955,-0.0580894141413651,0.3561092035116212,0.1264227749745482,-6336.117468356663,-4679.188270815119,2427.4455767657096,0.4444444444444444,0.0,1.0
12.1,7.174956084264606,-0.43875666800023616,7.18835879911683,-0.35960919902195176,-0.9839457733149461,-0.58,-1.0402580346797343,-8.306724472203944,82.52686370532385,-67.38156937513315,-0.0610750758936858,0.35261968715743786,0.12417624509358118,-6335.809528481617,-4665.978973973663,2428.1116446222322,0.4444444444444444,0.0,1.0
12.116666666666667,7.16504525309021,-0.45933051154354443,7.179753338218898,-0.3760352742028869,-0.9865546227850766,-0.58,-1.0394889508614598,-8.295396034126554,82.63554006676492,-67.43177796522593,-0.06401952838785874,0.3491552430131496,0.12198675470889923,-6335.492043805076,-4652.233270019432,2428.753836714228,0.4444444444444444,0.0,1.0
12.133333333333333,7.155502719150591,-0.47954763743294715,7.171553883248666,-0.3925064234068669,-0.9893170677903108,-0.58,-1.0387315403236708,-8.283667205309083,82.74309835651155,-67.48402127664781,-0.06691795609834138,0.3457194480965039,0.11986028147589366,-6335.164168974334,-4638.005818795738,2429.372335943186,0.4444444444444444,0.0,1.0
12.15,7.14632521215628,-0.49937808155495705,7.163751985254516,-0.4090252576501726,-0.992237915460098,-0.58,-1.037985173946636,-8.271592528264165,82.84950665140234,-67.5382776467803,-0.06976559370043361,0.3423159279354341,0.11780266468162208,-6334.825072286097,-4623.364469395247,2429.9673468123,0.4444444444444444,0.0,1.0
12.166666666666666,7.137509120719241,-0.5187924686103591,7.156338594130185,-0.4255944593671633,-0.9953211195346812,-0.58,-1.0372492325801987,-8.259237215458542,82.95473337542572,-67.59452477202319,-0.07255776818032451,0.33894834158404147,0.11581953443511564,-6334.473948003938,-4608.3901525334295,2430.5390956716265,0.4444444444444444,0.0,1.0
12.183333333333334,7.129050489869946,-0.5377623007688596,7.149304104543542,-0.44221676670229376,-0.9985696387446561,-0.58,-1.0365231141595936,-8.246676679427733,83.05874730204155,-67.65273972653931,-0.07528994246001805,0.3356203645617438,0.11391623926088225,-6334.110029948839,-4593.176290109689,2431.0878308951646,0.4444444444444444,0.0,1.0
12.2,7.120945019712932,-0.5562602495724744,7.142638408811469,-0.4588949555411714,-1.0019853054529344,-0.58,-1.0358062412345501,-8.233995644094229,83.16151755429998,-67.71289898296855,-0.0779577593874452,0.33233566984907076,0.11209777429435741,-6333.7326062101265,-4577.827689403192,2431.6138229857743,0.4444444444444444,0.0,1.0
12.216666666666667,7.113188065272606,-0.5742604423797879,7.136330955583469,-0.4756318195120268,-1.005568710348803,-0.58,-1.0350980688259042,-8.221286835051615,83.26301360273243,-67.77497843473778,-0.08055708482064693,0.3290979071598217,0.1103687124801627,-6333.341034759641,-4562.458919414135,2432.117364604456,0.4444444444444444,0.0,1.0
12.233333333333333,7.105774637572822,-0.5917387342448709,7.130370812908604,-0.492430148283778,-1.0093191087732174,-0.58,-1.03439809249712,-8.208649274441125,83.36320526107188,-67.83895341949781,-0.08308404847964374,0.3259106807952998,0.10873314124451537,-6332.93475968612,-4547.192201145291,2432.598770521084,0.4444444444444444,0.0,1.0
12.25,7.098699405986927,-0.608672956259985,7.124746734041949,-0.5092927045740805,-1.0132343536511033,-0.58,-1.0337058564976807,-8.196186234820317,83.46206267994928,-67.90479874313868,-0.08553508126131132,0.3227775264663294,0.1071946070314275,-6332.51332770298,-4532.154879011279,2433.058377484131,0.4444444444444444,0.0,1.0
12.266666666666666,7.0919567018894645,-0.6250431320889698,7.119447224219481,-0.5262222003539114,-1.0173108590231037,-0.58,-1.0330209618031767,-8.184002933132302,83.55955633880288,-67.97248870377673,-0.08790694781527239,0.3197018875368236,0.10575606985148919,-6332.076404525366,-4517.476573407831,2433.496544007297,0.4444444444444444,0.0,1.0
12.283333333333333,7.085540523636089,-0.6408316556518959,7.114460606607835,-0.543221272788514,-1.0215435968602748,-0.58,-1.0323430738458943,-8.172204067520497,83.65565703632325,-68.04199711507779,-0.0901967733585753,0.3166870911932686,0.10441986960109906,-6331.6237906656415,-4503.286141073118,2433.9136500712725,0.4444444444444444,0.0,1.0
12.3,7.079444542893727,-0.6560234246090189,7.109775085721314,-0.5602924604834199,-1.0259261283030519,-0.58,-1.0316719297036212,-8.160891313720253,83.75033587983147,-68.11329732828332,-0.09240206395188072,0.3137363250731801,0.1031877053941517,-6331.15543616508,-4489.708587058562,2434.3100967391465,0.4444444444444444,0.0,1.0
12.316666666666666,7.073662112337813,-0.6706059263036105,7.105378806785531,-0.5774381806061128,-1.0304506688111836,-0.58,-1.0310073444970098,-8.150160902366709,83.84356427404722,-68.18636225234171,-0.09452071975133919,0.31085261488948895,0.10206062854641372,-6330.6714537668095,-4476.862077774236,2434.686305684281,0.4444444444444444,0.0,1.0
12.333333333333334,7.068186274726563,-0.6845692749968793,7.101259909797889,-0.5946607074282231,-1.0351081850791441,-0.58,-1.030349216740755,-8.140101393203071,83.93531390974266,-68.26116437161367,-0.09655104106502424,0.3080388035660261,0.10103904921346366,-6330.172130044035,-4464.855197965273,2435.0427186298953,0.4444444444444444,0.0,1.0
12.35,7.063009773352982,-0.6979062013896724,7.0974065773645725,-0.6119621527817101,-1.0398885200940988,-0.58,-1.0296975324037112,-8.130791747507736,84.02555675279395,-68.33767576071442,-0.09849172735566136,0.30529753235298185,0.10012275605788047,-6329.657934029533,-4453.784576413462,2435.379796700154,0.4444444444444444,0.0,1.0
12.366666666666667,7.058125063863256,-0.7106119974097344,7.093807075752578,-0.6293444488491056,-1.04478054150441,-0.58,-1.0290523674587961,-8.122299777852366,84.11426503413556,-68.41586809616936,-0.10034186961873713,0.30263122432356865,0.09931094775914827,-6329.1295229471,-4443.7329778193225,2435.6980196832624,0.4444444444444444,0.0,1.0
12.383333333333333,7.053524327415172,-0.7226844209125579,7.090449788953263,-0.6468093336179132,-1.0497723076079046,-0.58,-1.0284138887445997,-8.114681027138722,84.20141124109304,-68.49571266468743,-0.10210093680715775,0.30004207056887516,0.09860227472062615,-6328.587744721274,-4434.767924878966,2435.99788520802,0.4444444444444444,0.0,1.0
12.4,7.049199485132698,-0.7341235662023159,7.087323245884069,-0.664358339229044,-1.0548512448035332,-0.58,-1.0277823530146761,-8.107978099712264,84.28696811052043,-68.57718036798727,-0.10376875715666015,0.29753201931288953,0.09799488899929323,-6328.033637034728,-4426.94087868193,2436.279907836342,0.4444444444444444,0.0,1.0
12.416666666666666,7.045142213793488,-0.7449317070788787,7.084416141135871,-0.6819927833453286,-1.06000433027975,-0.58,-1.0271581041138869,-8.102220439131724,84.37090862410422,-68.6602417242395,-0.10534549538322971,0.29510276807014674,0.09748650029843232,-6327.46842280869,-4420.286970807186,2436.5446180755,0.4444444444444444,0.0,1.0
12.433333333333334,7.0413439626658585,-0.7551131194566417,7.0817173498909485,-0.6997137635649573,-1.0652182740035236,-0.58,-1.026541568289389,-8.097424522361925,84.45320600611969,-68.74486686630469,-0.10683162677467911,0.29275575887049476,0.09707443581905888,-6326.893502094962,-4414.825249928898,2436.792561315102,0.4444444444444444,0.0,1.0
12.45,7.037795971391899,-0.7646738905204326,7.079215937784615,-0.7175221548115656,-1.0704796946628272,-0.58,-1.0259332477122007,-8.093594420521534,84.53383372384414,-68.8310255370473,-0.1082279091889307,0.29049217648442327,0.09675570184843034,-6326.310440482805,-4410.559381539156,2437.0242966951428,0.4444444444444444,0.0,1.0
12.466666666666667,7.034489288794871,-0.7736217209525169,7.076901166562898,-0.7354186095517427,-1.0757752850229314,-0.58,-1.0253337123492425,-8.090722662809792,84.61276549074849,-68.91868708208573,-0.1095353539113199,0.2883129495024968,0.09652704515007023,-6325.720954234309,-4407.478722722965,2437.2403959126564,0.4444444444444444,0.0,1.0
12.483333333333333,7.031414792473101,-0.7819657260693476,7.074762496406272,-0.7534035606247522,-1.0810919630967406,-0.58,-1.0247435903816982,-8.088791333013692,84.68997527250973,-69.00782044039619,-0.11075519622478637,0.28621875405660174,0.09638501248102327,-6325.126892462662,-4405.55968497811,2437.4414419755817,0.4444444444444444,0.0,1.0
12.5,7.028563209029846,-0.7897162408391276,7.07278958575561,-0.771477226419559,-1.0864170065193441,-0.58,-1.0241635574107364,-8.087773326559262,84.76543729581358,-69.09839413322405,-0.11188886642329789,0.28421001992050277,0.09632600686887637,-6324.530216754502,-4404.7672962458955,2437.6280279133202,0.4444444444444444,0.0,1.0
12.516666666666666,7.025925134779731,-0.7968846327986615,7.070972289404071,-0.7896396181009083,-1.0917381684853813,-0.58,-1.0235943247244017,-8.087633699453319,84.83912605985347,-69.19037625177042,-0.1129379618627432,0.2822869386929046,0.09634633960569425,-6323.932978707042,-4405.0568774264975,2437.8007554541027,0.4444444444444444,0.0,1.0
12.533333333333333,7.023491056767581,-0.8034831259255492,7.069300655520409,-0.8078905485682678,-1.0970437744987538,-0.58,-1.0230366269194056,-8.088331047451288,84.91101635037843,-69.28373444411811,-0.11390422050562428,0.2804494737470738,0.0964422772348496,-6323.337295900659,-4406.37575720429,2437.960233679649,0.4444444444444444,0.0,1.0
12.55,7.021251373934689,-0.8095246376087668,7.0677649221571714,-0.826229642827162,-1.1023227999589273,-0.58,-1.022491209178804,-8.089818863110114,84.98108325610174,-69.3784359018412,-0.11478949628469014,0.27869737162553476,0.09661008310161324,-6322.745326857236,-4408.6649604418235,2438.107077667728,0.4444444444444444,0.0,1.0
12.566666666666666,7.019196418270688,-0.8150226300388954,7.066355513681687,-0.8446563494596632,-1.107564929244556,-0.58,-1.0219588145022136,-8.092046828861395,85.04930218725069,-69.47444734671119,-0.11559573649221572,0.2770301745643606,0.0968460532969288,-6322.159245543754,-4411.860818265028,2438.241907133073,0.4444444444444444,0.0,1.0
12.583333333333334,7.01731647579558,-0.8199909766340291,7.065063037456448,-0.8631699528971075,-1.1127605974460457,-0.58,-1.0214401711708236,-8.094962014876012,85.11564889601858,-69.57173501787251,-0.11632496129962125,0.2754472338468131,0.09714654703908422,-6321.581215970746,-4415.896461036712,2438.365345076756,0.4444444444444444,0.0,1.0
12.6,7.015601807225796,-0.8244438435397778,7.063878280994124,-0.8817695862211246,-1.1179010162482275,-0.58,-1.0209359807067373,-8.098509960532224,85.18009949866897,-69.67026465981435,-0.1169792454281884,0.27394772370819964,0.09750801170770894,-6321.013367407885,-4420.703167771155,2438.4780164535646,0.4444444444444444,0.0,1.0
12.616666666666667,7.014042668189702,-0.8283955857915222,7.062792209724464,-0.9004542442465399,-1.1229781856849677,-0.58,-1.0204469065569766,-8.102635627231278,85.2426304990397,-69.77000151141783,-0.11756070192578107,0.2725306555405941,0.09792700286998048,-6320.457770696881,-4426.211556548136,2438.580546866222,0.4444444444444444,0.0,1.0
12.633333333333333,7.012629328871091,-0.8318606573958461,7.061795965437266,-0.9192227966696799,-1.127984893597013,-0.58,-1.01997356369879,-8.10728421783832,85.3032188131982,-69.87091029630905,-0.11807146795558265,0.27119489217554005,0.09840019972396014,-6319.916416087707,-4432.352609781632,2438.6735612944585,0.4444444444444444,0.0,1.0
12.65,7.0113520929734925,-0.8348535343623731,7.0608808654077375,-0.9380740010964279,-1.1329147046426127,-0.58,-1.0195165093263563,-8.112401864053727,85.361841795008,-69.97295521470154,-0.11851369246903194,0.2699391620533625,0.09892441643397669,-6319.391192961178,-4439.058535652406,2438.757682866057,0.4444444444444444,0.0,1.0
12.666666666666666,7.010201315912892,-0.8373886495808874,7.060038402167069,-0.9570065157947331,-1.1377619406578436,-0.58,-1.019076234741226,-8.117936187572498,85.41847726238014,-70.0760999368677,-0.11888952561410722,0.2687620731179244,0.09949660985402241,-6318.883871731996,-4446.26347266077,2438.83353167604,0.4444444444444444,0.0,1.0
12.683333333333334,7.009167422161348,-0.8394803383747628,7.059260243850326,-0.9760189120451971,-1.1425216540591883,-0.58,-1.0186531585313794,-8.123836744091347,85.47310352399758,-70.18030759833881,-0.11920110971948805,0.26766212630458636,0.10011388413337888,-6318.396088154731,-4453.9040482466535,2438.9017236592063,0.4444444444444444,0.0,1.0
12.7,7.008240921678649,-0.8411427935541025,7.058538235034163,-0.995109685990151,-1.1471895958416956,-0.58,-1.0182476210875473,-8.130055361254835,85.5256994063184,-70.2855407968971,-0.11945057169262159,0.2666377285160417,0.10077349267992425,-6317.929330183308,-4461.919804978013,2438.9628695202973,0.4444444444444444,0.0,1.0
12.716666666666667,7.0074124253832135,-0.8423900288259631,7.057864397966318,-1.014277269905884,-1.151762179566306,-0.58,-1.0178598804717072,-8.136546382697208,85.57624428068058,-70.39176159139238,-0.11964001667325497,0.26568720500517157,0.10147283792591404,-6317.48492746513,-4470.25350917376,2439.017573725136,0.4444444444444444,0.0,1.0
12.733333333333333,7.006672659626763,-0.8432358494818912,7.057230934085452,-1.0335200428441544,-1.1562364425611407,-0.58,-1.0174901096219027,-8.143266830640634,85.62471809034996,-70.49893150238898,-0.11977152279176649,0.2648088111058503,0.10220946930281415,-6317.064043485706,-4478.851357254418,2439.0664335552347,0.4444444444444444,0.0,1.0
12.75,7.006012479649664,-0.843693829364314,7.056630225731985,-1.0528363406077674,-1.1606100053925843,-0.58,-1.017138394850455,-8.150176499244377,85.67110137736903,-70.6070115146261,-0.11984713689214792,0.2640007432716629,0.10298107978950113,-6316.667670320402,-4487.6630948358,2439.1100382275313,0.4444444444444444,0.0,1.0
12.766666666666666,7.005422882005191,-0.8437772932047288,7.056054837956534,-1.0722244650408885,-1.164881030499286,-0.58,-1.0168047355694845,-8.157237990231295,85.71537530908209,-70.71596208125688,-0.11986887109156746,0.2632611493988254,0.10378550135456538,-6316.296625897783,-4496.642062803494,2439.148968080207,0.4444444444444444,0.0,1.0
12.783333333333333,7.004895015951243,-0.8434993035217888,7.055497520341164,-1.0916826926280543,-1.1690481807301467,-0.58,-1.016489045158634,-8.164416701388541,85.75752170422699,-70.8257431298165,-0.11983870006116878,0.2625881384233671,0.10462069957056694,-6315.95155363464,-4505.745183501447,2439.1837938248154,0.4444444444444444,0.0,1.0
12.8,7.004420193817167,-0.8428726513616192,7.054951208758788,-1.1112092824067228,-1.1731105783886844,-0.58,-1.0161911528750525,-8.171680777462292,85.79752305849831,-70.93631406985834,-0.11975855892546679,0.2619797891940357,0.10548476763732186,-6315.632924266855,-4514.932898875108,2439.215075864386,0.4444444444444444,0.0,1.0
12.816666666666666,7.003989900361431,-0.8419098502527825,7.054409027006982,-1.1308024832069408,-1.1770677652622548,-0.58,-1.0159108066947957,-8.17900103182863,85.83536256950042,-71.04763380218859,-0.11963034168991707,0.26143415863164937,0.10637592001355156,-6315.341039672418,-4524.169071035765,2439.243363676608,0.4444444444444444,0.0,1.0
12.833333333333334,7.003595801142852,-0.8406231328321796,7.053864288263447,-1.1504605402385246,-1.1809196640058544,-0.58,-1.0156476769678346,-8.186350846189066,85.87102416102002,-71.15966072962387,-0.11945590011766248,0.26094928919298593,0.10729248582203316,-6315.076038463288,-4533.420854337038,2439.2691952607456,0.4444444444444444,0.0,1.0
12.85,7.003229749934039,-0.8390244496746178,7.053310496321069,-1.1701817010513182,-1.1846665411563337,-0.58,-1.0154013607652574,-8.19370605445457,85.90449250655904,-71.27235276919211,-0.11923704298691726,0.2605232156630083,0.10823290216297214,-6314.837903110643,-4542.658546732671,2439.2930966465324,0.4444444444444444,0.0,1.0
12.866666666666667,7.00288379521068,-0.8371254699273009,7.052741346570519,-1.189964220897836,-1.1883089719729836,-0.58,-1.015171386796888,-8.20104481597538,85.9357530520784,-71.38566736569446,-0.1189755356698579,0.2601539713035082,0.10919570744368147,-6314.626468362931,-4551.855426953148,2439.3155814629604,0.4444444444444444,0.0,1.0
12.883333333333333,7.002550185754394,-0.8349375834110515,7.052150726707505,-1.2098063675301562,-1.1918478072335337,-0.58,-1.0149572207798527,-8.208347482362587,85.96479203791083,-71.49956150654539,-0.11867309998223605,0.2598395933893162,0.11017953480965799,-6314.441430717025,-4560.987582918668,2439.337150564603,0.4444444444444444,0.0,1.0
12.9,7.002221375410047,-0.8324719039029617,7.051532717150023,-1.2297064254644867,-1.1952841420593283,-0.58,-1.0147582711432053,-8.215596461338642,85.99159651980938,-71.61399173780777,-0.11833141426024779,0.25957812816527964,0.11118310574254218,-6314.282358709067,-4570.033735807684,2439.3582917128924,0.4444444444444444,0.0,1.0
12.916666666666666,7.001890027040896,-0.8297392733609024,7.050881591158104,-1.2496626997475748,-1.1986192867985062,-0.58,-1.014573894960271,-8.222776080348932,86.01615438910423,-71.72891418134105,-0.1179521136275524,0.2593676352584149,0.11220522387394295,-6314.14870380219,-4578.975063325375,2439.379479309604,0.4444444444444444,0.0,1.0
12.933333333333334,7.001549015726676,-0.8267502668895176,7.050191814654767,-1.2696735192592319,-1.2018547399600816,-0.58,-1.0144034040082122,-8.229872452061231,86.03845439194625,-71.8442845529824,-0.11753679042081103,0.2592061915801543,0.11324476905037403,-6314.039811662369,-4587.795024961203,2439.4011741796703,0.4444444444444444,0.0,1.0
12.95,7.001191431250791,-0.8235151982806865,7.0494580457520835,-1.2897372395848137,-1.2049921631636398,-0.58,-1.0142460708633791,-8.23687334336764,86.05848614762094,-71.96005818168219,-0.11708699474680812,0.25909189475356903,0.11430069167324684,-6313.954933630474,-4596.479191381574,2439.423823400382,0.4444444444444444,0.0,1.0
12.966666666666667,7.0008105799233675,-0.8200441259896384,7.048675133990576,-1.309852245490688,-1.2080333580477758,-0.58,-1.0141011349506095,-8.243768049076127,86.07624016592074,-72.07619002951864,-0.11660423514821432,0.2590228660999554,0.115372007328686,-6313.893238217086,-4605.015079562864,2439.447860173975,0.4444444444444444,0.0,1.0
12.983333333333333,7.000399985786906,-0.8163468594316181,7.04783811930362,-1.3300169530345878,-1.2109802450643572,-0.58,-1.0139678084747201,-8.250547271126555,86.09170786356728,-72.19263471251854,-0.11608997935843993,0.25899725321834477,0.11645779171456895,-6313.853822466396,-4613.391994820885,2439.473703740602,0.4444444444444444,0.0,1.0
13.0,6.999953391250888,-0.8124329655038576,7.046942230721223,-1.3502298113414182,-1.2138348440742335,-0.58,-1.0138452821724946,-8.257203003879999,86.104881579679,-72.30934652221417,-0.1155456551288977,0.2590132321903919,0.11755717586637034,-6313.835723055627,-4621.600880524398,2439.501759328704,0.4444444444444444,0.0,1.0
13.016666666666666,6.999464757200893,-0.8083117752541583,7.045982884829616,-1.3704893040735868,-1.2165992566523534,-0.58,-1.0137327308334503,-8.263728425800924,86.115754590282,-72.42627944786972,-0.11497265111441642,0.2590690094418042,0.11866934167886553,-6313.837927016538,-4629.634175981664,2439.5324181398414,0.4444444444444444,0.0,1.0
13.033333333333333,6.998928262626683,-0.8039923906311676,7.044955684004505,-1.3907939506233473,-1.2192756500056412,-0.58,-1.0136293185472205,-8.270117797671013,86.12432112186454,-72.54338719931326,-0.11437231780459345,0.2591628232900371,0.11979351771730284,-6313.859381985122,-4637.4856827504345,2439.5660573651144,0.4444444444444444,0.0,1.0
13.049999999999999,6.9983383038123375,-0.7994836912628456,7.043856414436783,-1.4111423070530078,-1.2218662424048359,-0.58,-1.013534203644452,-8.276366367333374,86.13057636397839,-72.66062323031367,-0.11374596849060081,0.2592929452064538,0.12092897530909492,-6313.899005904263,-4645.150439433915,2439.603040230377,0.4444444444444444,0.0,1.0
13.066666666666666,6.99768949312991,-0.7947943412190986,7.042681043970019,-1.4315329668072037,-1.2243732900313038,-0.58,-1.0134465433065394,-8.282470280859796,86.13451648089112,-72.77794076244494,-0.11309488025842236,0.2594576808195643,0.12207502490525078,-6313.955696121626,-4652.624604879958,2439.643716067564,0.4444444444444444,0.0,1.0
13.083333333333334,6.996976657476352,-0.7899327957223814,7.041425719769166,-1.451964561219798,-1.2267990751411295,-0.58,-1.0133654978272353,-8.288426499955225,86.1361386222962,-72.89529280938285,-0.1124202950007362,0.2596553706843536,0.12323101269952598,-6314.028337841163,-4659.905349590763,2439.688420409544,0.4444444444444444,0.0,1.0
13.1,6.996194836391487,-0.7849073077765779,7.0400867658397495,-1.4724357598363682,-1.2291458954512458,-0.58,-1.0132902345160801,-8.294232725357904,86.13544093308835,-73.01263220158253,-0.11172342044071261,0.2598843908411048,0.12439631749249373,-6314.115811901216,-4666.990755069428,2439.7374751060383,0.4444444444444444,0.0,1.0
13.116666666666667,6.995339279892885,-0.7797259346898475,7.038660680416429,-1.4929452705716846,-1.231416054655667,-0.58,-1.0132199312397652,-8.299887325956089,86.13242256221329,-73.12991161128762,-0.11100543116189564,0.2601431531855425,0.12557034778734028,-6314.217001865203,-4673.879720772394,2439.7911884582877,0.4444444444444444,0.0,1.0
13.133333333333333,6.994405446061384,-0.7743965444716008,7.037144133239186,-1.5134918397200936,-1.2336118539837961,-0.58,-1.0131537796028698,-8.305389273318832,86.12708367060205,-73.24708357782472,-0.11026746963911019,0.2604301056705721,0.1267525391040746,-6314.330800422311,-4680.571878298506,2439.849855370245,0.4444444444444444,0.0,1.0
13.15,6.9933889984089355,-0.7689268220874942,7.0355339627346485,-1.5340742518352934,-1.2357355847170868,-0.58,-1.013090987773992,-8.310738081326454,86.11942543820057,-73.36410053313918,-0.10951064726600147,0.2607437323584006,0.12794235149895505,-6314.456115105408,-4687.06751242229,2439.9137575142454,0.4444444444444444,0.0,1.0
13.166666666666666,6.992285803058337,-0.763324275559448,7.033827173119164,-1.5546913294946463,-1.237789521584903,-0.58,-1.0130307829671124,-8.315933750582785,86.10945007010692,-73.48091482753092,-0.10873604537539266,0.26108255334037833,0.12913926727621308,-6314.591873341704,-4693.367488567799,2439.9831635092096,0.4444444444444444,0.0,1.0
13.183333333333334,6.991091925762329,-0.7575962419003016,7.032020931439318,-1.5753419329618998,-1.239775916965112,-0.58,-1.0129724135911655,-8.32097671729457,86.0971608018281,-73.59747875555121,-0.1079447162491495,0.2614451245405324,0.13034278887955728,-6314.737026858539,-4699.473186317342,2440.058329109593,0.4444444444444444,0.0,1.0
13.2,6.989803628787496,-0.7517498928749257,7.030112564564547,-1.5960249597609928,-1.2416969958196378,-0.58,-1.0129151510832641,-8.32586780631114,86.08256190366987,-73.71374458202327,-0.10713768411468322,0.2618300374174512,0.13155243695142976,-6314.890555472128,-4705.386438554478,2440.1394974034074,0.4444444444444444,0.0,1.0
13.216666666666667,6.9884173676863695,-0.7457922405814691,7.0280995561454604,-1.6167393441725146,-1.2435549512998774,-0.58,-1.0128582914429174,-8.330608188028846,86.06565868427298,-73.82966456815227,-0.10631594612561288,0.26223591857794426,0.13276774854853376,-6315.051470291407,-4711.109475850837,2440.2268990177813,0.4444444444444444,0.0,1.0
13.233333333333333,6.986929787979211,-0.739730142848012,7.0259795435504335,-1.6374840566633437,-1.2453519409614051,-0.58,-1.0128011564859367,-8.335199338878335,86.04645749330984,-73.94519099769168,-0.1054804733244536,0.26266142931473785,0.13398827550273432,-6315.218816372239,-4716.644875720366,2440.320752330657,0.4444444444444444,0.0,1.0
13.25,6.9853377217650765,-0.7335703084412459,7.023750314791998,-1.65825810325903,-1.2470900835317962,-0.58,-1.0127430948376057,-8.339643005127725,86.0249657233558,-74.06027620313502,-0.10463221158550415,0.26310526507937354,0.13521358291703423,-6315.391674859343,-4721.995516381231,2440.4212636873262,0.4444444444444444,0.0,1.0
13.266666666666666,6.983638184279947,-0.7273193020849731,7.021409805453481,-1.6790605248675932,-1.2487714561795988,-0.58,-1.0126834826851836,-8.343941169750572,86.00119181094968,-74.17487259190392,-0.10377208253638208,0.2635661549004546,0.13644324778693256,-6315.569164654666,-4727.164534683878,2440.528627620644,0.4444444444444444,0.0,1.0
13.283333333333333,6.9818283704180235,-0.7209835492872216,7.018956095625388,-1.6998903965625844,-1.25039809223649,-0.58,-1.0126217243099154,-8.34809602212352,85.97514523685805,-74.28893267250511,-0.10290098445690005,0.2640428607564351,0.13767685773807056,-6315.7504436513655,-4732.155287883019,2440.6430270738488,0.4444444444444444,0.0,1.0
13.299999999999999,6.979905651230641,-0.71456934097565,7.016387406860016,-1.720746826832499,-1.2519719793284345,-0.58,-1.0125572524185578,-8.35210993033439,85.94683652555855,-74.40240908063016,-0.10201979315419824,0.26453417691125974,0.13891400987165456,-6315.934709572474,-4736.971318950998,2440.7646336250496,0.4444444444444444,0.0,1.0
13.316666666666666,6.977867570415749,-0.7080828379416663,7.0137020991518675,-1.7416289568029302,-1.253495057875233,-0.58,-1.0124895282940045,-8.355985415897136,85.91627724395659,-74.5152546051738,-0.101129362813245,0.2650389292203461,0.14015430970971005,-6316.121200452681,-4741.6163251495445,2440.8936077125118,0.4444444444444444,0.0,1.0
13.333333333333334,6.9757118408094385,-0.7015300750943597,7.010898667950558,-1.762535959437211,-1.2549692199211797,-0.58,-1.0124180417839792,-8.359725130684781,85.88347999935104,-74.62742221414774,-0.10023052682199729,0.26555597441364,0.14139737023276233,-6316.309194800547,-4746.094129596224,2441.0300988599906,0.4444444444444444,0.0,1.0
13.35,6.973436340889692,-0.6949169655259116,7.0079757412120625,-1.7834670387207032,-1.2563963082626697,-0.58,-1.012342311145966,-8.363331835905841,85.84845843666344,-74.73886508046824,-0.09932409857067223,0.26608419936178174,0.14264281100305426,-6316.498011477059,-4750.408655580541,2441.1742459014345,0.4444444444444444,0.0,1.0
13.366666666666667,6.971039111301238,-0.6882493043906653,7.004932076493375,-1.8044214288333522,-1.257778115841502,-0.58,-1.012261882765662,-8.366808382962976,85.81122723494607,-74.84953660759709,-0.0984108722247257,0.26662252033077527,0.1438902573668991,-6316.687009324693,-4754.563903402544,2441.326177204468,0.4444444444444444,0.0,1.0
13.383333333333333,6.968518351409265,-0.6815327726004713,7.001766558094905,-1.8253983933146358,-1.2591163853753071,-0.58,-1.0121763307652354,-8.37015769604521,85.77180210318357,-74.95939045501649,-0.09749162347126347,0.2671698822299655,0.14513933973022752,-6316.875586579297,-4758.563929523815,2441.486010892142,0.4444444444444444,0.0,1.0
13.4,6.965872415888658,-0.6747729403393146,6.99847819425428,-1.8463972242245854,-1.260412809199029,-0.58,-1.0120852565166358,-8.373382756316762,85.73019977540305,-75.06838056352002,-0.09656711023872629,0.2677252578575916,0.1463896929018173,-6317.063180095024,-4762.4128278368025,2441.6538550625028,0.4444444444444444,0.0,1.0
13.416666666666666,6.963099811354445,-0.6679752704005595,6.99506611439456,-1.867417241304144,-1.2616690292936887,-0.58,-1.0119882880741047,-8.376486587576244,85.68643800510758,-75.17646118030217,-0.09563807338979387,0.26828764714768893,0.1476409554991003,-6317.249264410449,-4766.114712873593,2441.8298080055997,0.4444444444444444,0.0,1.0
13.433333333333334,6.960199193038221,-0.6611451213504449,6.991529566429323,-1.888457791137758,-1.2628866374807808,-0.58,-1.0118850795389622,-8.379472243270163,85.6405355590474,-75.28358688383042,-0.09470523738754608,0.26885607642166626,0.14889276941181792,-6317.433350681856,-4769.673704789337,2442.013958417617,0.4444444444444444,0.0,1.0
13.45,6.957169361514508,-0.6542877505217058,6.987867914126521,-1.909518246320751,-1.2640671757626043,-0.58,-1.0117753103686402,-8.382342794753665,85.5925122103437,-75.38971260848447,-0.09376931093500057,0.2694295976474758,0.15014477931914622,-6317.614985507499,-4773.093915968708,2442.206385611855,0.4444444444444444,0.0,1.0
13.466666666666667,6.954009259480227,-0.6474083168414158,6.98408063453252,-1.9305980046337272,-1.2652121367906282,-0.58,-1.011658684640877,-8.38510132070012,85.54238873097901,-75.49479366894832,-0.09283098758821964,0.2700072877089238,0.1513966322562409,-6317.793749664537,-4776.379439115987,2442.407159726346,0.4444444444444444,0.0,1.0
13.483333333333333,6.950717968589821,-0.6405118834973194,6.980167315457323,-1.9516964882259662,-1.2663229644456382,-0.58,-1.0115349302829397,-8.387750897568791,85.49018688366847,-75.59878578434137,-0.09189094634324219,0.27058824768732886,0.1526479772264547,-6317.9692567782695,-4779.534336700713,2442.616341927943,0.4444444444444444,0.0,1.0
