t,vx,vy,speed,yaw,yaw_rate,steering_angle,ax,ay,pos_x,pos_y,sideslip,alpha_f,alpha_r,fy_f,fy_r,f_long,throttle,brake,steer_cmd
0.0,19.599215085258834,0.0,19.599215085258834,0.0,0.0,0.0,1.0802847173717205,0.0,54.49145527207026,0.0,0.0,0.0,0.0,-0.0,-0.0,1630.9566385867954,0.4444444444444444,0.0,0.0
0.016666666666666666,19.617205041891474,-0.0014056403015597746,19.61720509225096,-1.2077431633398475e-05,-0.001143598373660161,-0.00145,1.0789499774749942,-0.09484576526080178,54.818296277879604,-1.7331087880160933e-05,-7.165344380876307e-05,0.0013383869956622167,3.651110507495505e-06,-107.05919628135622,-0.29816239111965875,1629.8013711914223,0.4444444444444444,0.0,0.0025
0.03333333333333333,19.63516870691137,-0.0037263001380629162,19.635169060494086,-5.401308751365399e-05,-0.0033095454933098826,-0.0029,1.077379139225494,-0.1825092377728303,55.14543683943973,-7.782602603925507e-05,-0.0001897768309990003,0.0025577242770688283,2.7309003341568022e-05,-204.53587909714676,-2.230269350528342,1628.6477309375953,0.4444444444444444,0.0,0.005
0.05,19.653102753782015,-0.006559790210459411,19.65310384854163,-0.00014168625593010962,-0.006387933639421402,-0.00435,1.0755987041744766,-0.26588104360870124,55.472876475429,-0.00020552897872856845,-0.00033377884647715423,0.00368702161841756,8.469545611596691e-05,-294.7160699528114,-6.917268866464378,1627.4959410720153,0.4444444444444444,0.0,0.0075
0.06666666666666667,19.67100434112203,-0.009579446520161869,19.671006673636136,-0.00028925556231906575,-0.010279406387061756,-0.0058,1.0736266558847045,-0.34731444989425037,55.80061464203453,-0.00042346665418226077,-0.0004869830536752469,0.0047505032776064575,0.00018622520244967414,-379.5152391619777,-15.210207348838646,1626.3461909948371,0.4444444444444444,0.0,0.01
0.08333333333333333,19.68887094029956,-0.012522774603204659,19.688874922749044,-0.0005093259197513106,-0.014894306922487029,-0.007249999999999999,1.0714740671323641,-0.4287001767899108,56.128650732432405,-0.0007542743538752589,-0.0006360330641878734,0.005768279527129414,0.00033955946480037025,-460.52330752107247,-27.73529243754302,1625.1986471990274,0.4444444444444444,0.0,0.012499999999999999
0.1,19.706700165576276,-0.01518154306069042,19.706706013313685,-0.00081310125030554,-0.020151826621841156,-0.0087,1.0691465185967988,-0.5115341843475054,56.45698407327696,-0.0012206974226847992,-0.0007703745391078176,0.006756940207347319,0.0005500805446547826,-539.0474423512018,-44.93242934333457,1624.0534643067795,0.4444444444444444,0.0,0.015
0.11666666666666667,19.72448961862683,-0.01739319209511184,19.724497287344203,-0.0012105233411692441,-0.025979186336318846,-0.010149999999999998,1.0666453263361355,-0.5969777147462363,56.78561391851923,-0.001845986538633312,-0.0008818067246956258,0.007730074892767813,0.0008212971303619641,-616.1511706582024,-67.0879831567537,1622.9107953357895,0.4444444444444444,0.0,0.017499999999999998
0.13333333333333333,19.742236753909214,-0.019033413798827677,19.742245928927254,-0.0017103975620944658,-0.0323108667455884,-0.0116,1.063968588306698,-0.685909706289699,57.1145394407881,-0.002654203098382831,-0.0009640958184737887,0.00869872611778581,0.0011551893347217363,-692.6893060986849,-94.36248827675351,1621.770800705154,0.4444444444444444,0.0,0.02
0.15,19.759938767713436,-0.02000976470754222,19.759948899085444,-0.0023205063449349304,-0.03908789519858386,-0.013049999999999999,1.0611120659923539,-0.7789721145992323,57.443759720521676,-0.0036704488441314884,-0.0010126427061908263,0.009671782655618046,0.0015525016340737052,-769.3386998429247,-126.81398184594343,1620.6336557491072,0.4444444444444444,0.0,0.0225
0.16666666666666666,19.777592511296284,-0.020256181105763087,19.777602884468983,-0.003047711394519619,-0.04625719143451482,-0.014499999999999997,1.0580699191680476,-0.876608857415518,57.773273733016794,-0.0049210319359509445,-0.0010241981682757356,0.010656319714836679,0.0020129909769262,-846.625077167021,-164.41758486607063,1619.4995566795758,0.4444444444444444,0.0,0.024999999999999998
0.18333333333333332,19.795194426969775,-0.019728280118401127,19.795204257763334,-0.0038980456085342765,-0.05377097168970592,-0.015949999999999995,1.054835311773127,-0.9790991473917339,58.10308033356031,-0.006433579939767101,-0.0009966193390763896,0.01165789246397899,0.0025356364361956833,-924.9463283370311,-207.08189514337772,1618.368725049828,0.4444444444444444,0.0,0.027499999999999997
0.2,19.812740505092094,-0.01839934276041029,19.81274904847712,-0.00487679565740687,-0.06158620899460804,-0.0174,1.0514009058309535,-1.0865859534757165,58.433178240811046,-0.00823710868191922,-0.0009286619115817936,0.012680788707606631,0.0031188159360475078,-1004.5926511005541,-254.66269299953933,1617.2414108391658,0.4444444444444444,0.0,0.03
0.21666666666666667,19.8302262594248,-0.01625688779841005,19.830232923149993,-0.005988576127623369,-0.06966414645006243,-0.01885,1.0477592588772988,-1.1991002715158983,58.76356601860965,-0.010362054606330148,-0.0008198032611312834,0.013728245918085021,0.0037604548142448893,-1085.7639307649124,-306.9743964920098,1616.1178943158188,0.4444444444444444,0.0,0.0325
0.23333333333333334,19.847646718131443,-0.013299756986721877,19.847651174163904,-0.007237396071986405,-0.07796985968246646,-0.020299999999999995,1.0439031387519138,-1.316581809210592,59.09424205640316,-0.012840277141295778,-0.000670092287764112,0.014802637227584283,0.004458150294038219,-1168.5847135141407,-363.79964026732756,1614.99848685136,0.4444444444444444,0.0,0.034999999999999996
0.25,19.864996427701616,-0.009535642755136721,19.86499871636242,-0.008626718743650386,-0.08647186437542326,-0.02175,1.039825768024694,-1.438896611330236,59.425204548478966,-0.01570503661800845,-0.00048002233765488065,0.015905630428578295,0.005209275338481401,-1253.1170908614265,-424.89729325794013,1613.8835308620942,0.4444444444444444,0.0,0.0375
0.26666666666666666,19.882269467220233,-0.004978998694537147,19.882270090650763,-0.010159515221256481,-0.09514176468135208,-0.0232,1.035521008849803,-1.5658520749829303,59.756451472208475,-0.018990952460026838,-0.0002504240574077649,0.017038323528098934,0.006011064842128036,-1339.3717741468486,-490.0091768072941,1612.7733990458294,0.4444444444444444,0.0,0.04
0.2833333333333333,19.899459470614044,0.00035071874987910485,19.89945947370467,-0.011838312563066661,-0.10395393837844305,-0.024649999999999995,1.0309834977021894,-1.697209735160037,60.08798056550335,-0.022733945661056347,1.7624536503652515e-05,0.018201359953160183,0.0068606866745927,-1427.3176009680396,-558.8656974608969,1611.668493069806,0.4444444444444444,0.0,0.042499999999999996
0.3,19.916559654761045,0.0064305220183863716,19.916560692882413,-0.013665237060847915,-0.11288525481690696,-0.026099999999999998,1.0262087382593572,-1.8326961395799455,60.419789303686656,-0.026971168968701283,0.0003228731219849425,0.01939502611010171,0.0077552997197943355,-1516.8896818915503,-631.1905680410314,1610.5692418497613,0.4444444444444444,0.0,0.045
0.31666666666666665,19.933562851619612,0.013235116298645768,19.933567245422303,-0.015642053100986993,-0.12191482196068815,-0.027549999999999995,1.0211931596405326,-1.972012079449129,60.75187487597752,-0.03174092767777949,0.000663961302466999,0.020619333655159618,0.008692100745210792,-1607.996366314016,-706.7047567225769,1609.4760995428626,0.4444444444444444,0.0,0.047499999999999994
0.3333333333333333,19.950461542805858,0.0207379091208211,19.950472321021632,-0.017770198082016218,-0.13102375914785439,-0.028999999999999995,1.015934146291544,-2.1148403989474116,61.08423416178189,-0.03708259349430091,0.0010394697690196055,0.021874088532543814,0.009668361678315668,-1700.5251809779004,-785.1297762889512,1608.3895433597322,0.4444444444444444,0.0,0.049999999999999996
0.35,19.967247895309377,0.028911834968752104,19.96726882693119,-0.020050813785053183,-0.14019499253973414,-0.030449999999999998,1.0104300449897805,-2.2608525703387126,61.41686370697313,-0.04303651354861211,0.0014479619281976095,0.02315894857463724,0.010681458653985468,-1794.34787315951,-866.1904039670496,1607.310071283771,0.4444444444444444,0.0,0.0525
0.36666666666666664,19.983913797282344,0.03773002049533831,19.98394941475929,-0.02248477454687533,-0.1494130705844982,-0.03189999999999999,1.0046801537224073,-2.4097141926780874,61.749759700335964,-0.04964391630395057,0.0018880173346989394,0.024473471231693935,0.011728894019158081,-1889.3246725479187,-949.6169054649091,1606.2381997699722,0.4444444444444444,0.0,0.05499999999999999
0.3833333333333333,20.000450893060044,0.04716631276389202,20.000506508255388,-0.02507271254443042,-0.15866399716842264,-0.03335,0.9986846965472774,-2.5610895490862755,62.082917950335585,-0.056946815817060265,0.002358258100251616,0.02581715280097356,0.012808312332381673,-1985.3078708645073,-1035.1468242445903,1605.1744614807299,0.4444444444444444,0.0,0.057499999999999996
0.4,20.016850616770835,0.057195690207046776,20.01693233143124,-0.027815040464254367,-0.1679350804548717,-0.0348,0.9924447879667295,-2.7146453394349943,62.416333862361206,-0.06498791555449843,0.002857369305630886,0.02718946035340694,0.013917511270109007,-2082.1448058607875,-1122.5263878325836,1604.1194031029152,0.4444444444444444,0.0,0.06
0.4166666666666667,20.03310422406888,0.06779457362261052,20.033218936471968,-0.03071197180008745,-0.17721479570844742,-0.03625,0.9859623898199917,-2.8700536910248964,62.75000241658039,-0.07381051274700301,0.003384114317205234,0.028589857405919572,0.01505444824369409,-2179.6803260224824,-1211.5115763261886,1603.07358327887,0.4444444444444444,0.0,0.0625
0.43333333333333335,20.04920282167402,0.07894105244686431,20.049358230985423,-0.03376353899640207,-0.18649266066470063,-0.0377,0.9792402632229129,-3.0269945385386476,63.08391814652745,-0.08345840407099896,0.0039373457995130505,0.030017824256217827,0.016217243437059024,-2277.7588036860266,-1301.868893504759,1602.037570673851,0.4444444444444444,0.0,0.065
0.45,20.065137394531078,0.09061503970819021,20.06534200423284,-0.036969609633980105,-0.19575912223226424,-0.03915,0.9722819176496427,-3.1851574554362676,63.41807511853694,-0.09397579327797545,0.0045160131183402275,0.03147287378142028,0.017404179891852535,-2376.225756978071,-1393.3758775109065,1601.0119421939141,0.4444444444444444,0.0,0.0675
0.4666666666666667,20.080898830506356,0.10279836742674697,20.081161952072822,-0.040329900835498915,-0.20500545350465363,-0.04059999999999999,0.9650915588566725,-3.3442430113902697,63.752466912120774,-0.10540720124661038,0.0051191667424529755,0.03295456340009329,0.01861370119234095,-2474.9291347159024,-1485.8213854522,1599.9972813610736,0.4444444444444444,0.0,0.06999999999999999
0.48333333333333334,20.096477942624805,0.11547483275794208,20.096809700432697,-0.04384399205372171,-0.21422366021548403,-0.04205,0.9576740369937933,-3.503963723833899,64.08708660137658,-0.11779737880709228,0.005745960174889803,0.03446250380712534,0.01984440723463941,-2573.7203129121253,-1579.005684123326,1598.9941768467932,0.4444444444444444,0.0,0.0725
0.5,20.11186548891816,0.1286302038552249,20.11227682719391,-0.0475113363918092,-0.22340639589687902,-0.0435,0.9500347959280476,-3.6640446658459402,64.42192673750452,-0.13119122258030222,0.006395649875288867,0.03599636501089637,0.02109504850310846,-2672.4548466212013,-1672.7403770996727,1598.0032211602718,0.4444444444444444,0.0,0.075
0.5166666666666666,20.127052190005358,0.1422521932339258,20.12755488244112,-0.051331270594009486,-0.23254688510047125,-0.04494999999999999,0.942179824525036,-3.8242237871623885,64.75697933250015,-0.14563369398474887,0.0070675935721965216,0.0375558801311039,0.02236451922010447,-2770.993016408203,-1766.848196533365,1597.0250094844534,0.4444444444444444,0.0,0.07749999999999999
0.5333333333333333,20.142028744563003,0.1563304053397435,20.142635407077098,-0.055303023835146785,-0.24163885411795363,-0.0464,0.9341156103863646,-3.9842519999252493,65.09223584408285,-0.16116974148988522,0.007761247307981485,0.039140847352370965,0.023651849683353567,-2869.2002046127354,-1861.1626859932544,1596.0601386501712,0.4444444444444444,0.0,0.08
0.55,20.15678584286809,0.1708562640535419,20.157509949847817,-0.05942572542859318,-0.25067646869786736,-0.04785,0.9258490963314504,-4.143893075762964,65.42768716191155,-0.17784422613422748,0.008476161508346482,0.04075113037254538,0.024956198057771422,-2966.9471327582874,-1955.5277985902972,1595.1092062370333,0.4444444444444444,0.0,0.0825
0.5666666666666667,20.171314178609574,0.18582292499101447,20.17217008285494,-0.06369841156451615,-0.2596542783011286,-0.04929999999999999,0.9173876397351206,-4.302923395910931,65.76332359513296,-0.19570185027914427,0.009211976323076403,0.04238665763471119,0.026276841845429756,-3064.109987879616,-2049.79743241933,1594.1728097886303,0.4444444444444444,0.0,0.08499999999999999
0.5833333333333334,20.185604459171135,0.20122517667547757,20.186607415656493,-0.06812003118295197,-0.2685671664731355,-0.05075,0.9087389746875424,-4.4611315913271445,66.09913486130172,-0.21478708953291795,0.009968416444248727,0.04404742058778546,0.027613169218475637,-3160.5704621864493,-2143.8349230553686,1593.2515461291198,0.4444444444444444,0.0,0.08750000000000001
0.6,20.199647414586643,0.2170593339692178,20.200813608072323,-0.0726894510795182,-0.27741030693805385,-0.052199999999999996,0.8999111768278405,-4.6183181051626,66.43511007670647,-0.23514412775337856,0.010745285572354374,0.04573347118166252,0.028964670365045225,-3256.215727341424,-2237.5125105099746,1592.3460107681985,0.4444444444444444,0.0,0.09
0.6166666666666667,20.213433805363966,0.23332312653836698,20.214780381819843,-0.0774054603352457,-0.28617912504336346,-0.053649999999999996,0.8909126306148712,-4.774294705544388,66.77123774813104,-0.2568167950197879,0.011542460669346631,0.047444918768743356,0.03033092896746267,-3350.938361700745,-2330.7107957301114,1591.456797381806,0.4444444444444444,0.0,0.0925
0.6333333333333333,20.226954429362596,0.2500155845931488,20.228499531108348,-0.08226677415601373,-0.2948692642017386,-0.05509999999999999,0.881751998735244,-4.928883972459414,67.10750576607613,-0.2798485084544876,0.01235988611026758,0.049181926553944,0.031711613905126196,-3444.636246147994,-2423.3181994561132,1590.5844973564438,0.4444444444444444,0.0,0.09499999999999999
0.65,20.240200127897978,0.2671369236843616,20.24196293231852,-0.08727203720136571,-0.30347655699411064,-0.056549999999999996,0.872438193307209,-5.081918778621744,67.44390139946155,-0.30428221577096126,0.01319756782150602,0.0509447077095365,0.03310647125126751,-3537.212441645138,-2515.2304340894925,1589.7296993858292,0.4444444444444444,0.0,0.0975
0.6666666666666666,20.253161791230582,0.28468842994280436,20.255162552887736,-0.09241982647704233,-0.3119970006131788,-0.05799999999999999,0.8629803485165624,-5.233241780593021,67.78041129182643,-0.3301603414263111,0.01405556747362513,0.0527335212490861,0.03451531661300159,-3628.57505932931,-2606.3499971896445,1588.8929891094654,0.4444444444444444,0.0,0.09999999999999999
0.6833333333333333,20.265830363582182,0.30267234681558725,20.268090459513356,-0.0977086538603743,-0.3204267363412221,-0.05944999999999999,0.8533877943147723,-5.3827049331196335,68.11702145903952,-0.3575247352617161,0.014933996779764447,0.05454866773597542,0.03593802784750731,-3718.637131896047,-2696.5856933460745,1588.074948783748,0.4444444444444444,0.0,0.1025
0.7,20.27819684780541,0.3210917640763827,20.280738825775135,-0.10313696832272065,-0.3287620327700546,-0.060899999999999996,0.8436700308175143,-5.530169036659721,68.45371728852834,-0.3864166235233008,0.01583301193657214,0.05639048488623197,0.0373745381735184,-3807.3164931234965,-2785.852189475415,1587.276156977241,0.4444444444444444,0.0,0.105
0.7166666666666667,20.29025230981632,0.33995050966020945,20.29309993926568,-0.1087031579084077,-0.33699927248443173,-0.062349999999999996,0.8338367030615484,-5.675503325395874,68.79048354003086,-0.41687656216717345,0.016752808233166716,0.05825934311230155,0.038824829686271586,-3894.535670699528,-2874.069607077466,1586.4971882828233,0.4444444444444444,0.0,0.1075
0.7333333333333333,20.30198788288384,0.3592530446919178,20.305166208304787,-0.11440555152511403,-0.3451349419430608,-0.06379999999999998,0.823897575807246,-5.818585100656864,69.12730434786954,-0.4489443923654433,0.017693614844476267,0.06015564104375002,0.04028892727536209,-3980.221796004339,-2961.1631536519167,1585.7386130404225,0.4444444444444444,0.0,0.10999999999999999
0.75,20.313394771854544,0.3790043619359702,20.316930168299884,-0.12024242059634065,-0.35316562430345366,-0.06524999999999999,0.8138625081113526,-5.959299412589135,69.46416322474151,-0.48265919814413927,0.018655689818184388,0.06207980105236266,0.041766892938309784,-4064.3065331637417,-3047.062794321693,1585.0009970650617,0.4444444444444444,0.0,0.11249999999999999
0.7666666666666666,20.3244642573766,0.3992098877884253,20.32838448780146,-0.12621198062249386,-0.36108799494798044,-0.0667,0.8037414274380426,-6.097538791107992,69.80104306701426,-0.5180592660985415,0.019639315259164753,0.06403226480249234,0.04325882047776465,-4146.726028510638,-3131.702963720109,1584.2849013758935,0.4444444444444444,0.0,0.11499999999999999
0.7833333333333333,20.33518770017308,0.41987538785554296,20.3395219742893,-0.1323123926931686,-0.36889881947846576,-0.06814999999999999,0.7935443031246286,-6.2332030255987885,70.13792616151008,-0.5551820471460006,0.020644792711466638,0.06601348884254847,0.04476483056691681,-4227.420880562262,-3215.022317364626,1583.5908819227736,0.4444444444444444,0.0,0.1175
0.8,20.345556545402182,0.44100687611275075,20.350335579713086,-0.13854176498943493,-0.3765949539553372,-0.0696,0.7832811190701097,-6.366198991508946,70.4747941937563,-0.5940641202904134,0.02167243873539514,0.06802394024999812,0.04628506616558035,-4306.336129727132,-3296.963521045899,1582.919489307787,0.4444444444444444,0.0,0.12
0.8166666666666667,20.355562327130194,0.4626105276087644,20.36081840579932,-0.14489815431127454,-0.384173347164588,-0.07104999999999999,0.7729618455688707,-6.496440520851683,70.8116282576722,-0.6347411583857754,0.02272258067580236,0.07006409233996384,0.047819688268369284,-4383.421266188012,-3377.4730761922124,1582.2712684998653,0.4444444444444444,0.0,0.1225
0.8333333333333334,20.365196672932353,0.48469259466866865,20.370963709126322,-0.15137956766176466,-0.39163104470158905,-0.0725,0.762596410267257,-6.623848312713164,71.14840886665688,-0.6772478958983295,0.023795552617177248,0.07213442044625797,0.049368871966175815,-4458.630253756646,-3456.5011787122385,1581.6467585413748,0.4444444444444444,0.0,0.125
0.85,20.37445130862719,0.5072593265532647,20.380764905959627,-0.15798396391613798,-0.39896519466509583,-0.07395,0.7521946682762698,-6.748349879099027,71.48511596603488,-0.7216180986775091,0.024891691521316053,0.07423539778331043,0.05093280280261458,-4531.92156695518,-3534.001608459805,1581.0464922461567,0.4444444444444444,0.0,0.1275
0.8666666666666667,20.383318063141303,0.530316892546793,20.390215576832507,-0.16470925560043698,-0.4061730547577285,-0.0754,0.7417663715283117,-6.869879520860324,71.82172894681011,-0.7678845357549253,0.02601133354411231,0.07636749139776089,0.05251167340805187,-4603.258238142483,-3609.9316461912003,1580.4709958890935,0.4444444444444444,0.0,0.13
0.8833333333333333,20.391788873493667,0.5538713084683018,20.399309470849364,-0.17155331080110564,-0.4132520005909059,-0.07684999999999999,0.7313211375186235,-6.988378327989999,72.15822666067092,-0.8160789531979097,0.027154810529177707,0.07853115821933675,0.05410568039515417,-4672.607911166711,-3684.252014687959,1579.9207888877709,0.4444444444444444,0.0,0.13249999999999998
0.9,20.399855789882025,0.5779283666307843,20.408040509684895,-0.1785139552235054,-0.4201995349929167,-0.0783,0.7208684176217961,-7.103794198270823,72.49458743618227,-0.8662320500494823,0.028322446677461102,0.08072684122187956,0.055715021501442336,-4739.9428977857,-3756.926840587363,1579.396383477268,0.4444444444444444,0.0,0.135
0.9166666666666666,20.407510980847867,0.6024935693042955,20.416402791248004,-0.18558897441398872,-0.4270132981187878,-0.07974999999999999,0.7104174652193627,-7.216081868075937,72.83078909609408,-0.9183734563899849,0.029514555393650777,0.08295496570687466,0.057339892966020364,-4805.240232952092,-3827.9236333918066,1578.8982843794834,0.4444444444444444,0.0,0.13749999999999998
0.9333333333333333,20.414746738491516,0.6275720657723284,20.42439059297701,-0.19277611615680607,-0.4336910781601965,-0.08119999999999998,0.6999773039150006,-7.3252029490688955,73.1668089756879,-0.972531713556972,0.03073143631181538,0.08521593572345035,0.05898048712936855,-4868.481725009434,-3897.2132781110695,1578.4269884687574,0.4444444444444444,0.0,0.13999999999999999
0.95,20.421555483704665,0.6531685931027882,20.431998374731826,-0.2000730930537575,-0.4402308224532424,-0.08264999999999999,0.6895566961481658,-7.431125964616162,73.50262394207834,-1.0287342565593052,0.03197337250436406,0.08751013064042155,0.06063699024677263,-4929.653996887303,-3964.770038023766,1577.9829844358255,0.4444444444444444,0.0,0.1425
0.9666666666666667,20.427929771384278,0.6792874207841115,20.439220781249066,-0.20747758529113014,-0.44663064878184905,-0.0841,0.6791641125441226,-7.533826379907563,73.83821041437919,-1.0870073987187685,0.033240627879897774,0.08983790188744609,0.06230958050753941,-4988.748514516603,-4030.5715641223455,1577.5667524523708,0.4444444444444444,0.0,0.145
0.9833333333333333,20.43386229558906,0.7059322994018539,20.446052644127544,-0.21498724359510152,-0.4528888566753102,-0.08554999999999999,0.6688077023574023,-7.633286620074369,74.17354438463953,-1.147376318568027,0.034533444776805484,0.09219956988363406,0.06399842625357101,-5045.761598907802,-4094.5989079270043,1577.178763838626,0.4444444444444444,0.0,0.1475
1.0,20.439345894597942,0.7331064135500618,20.452488983314623,-0.22259969237345076,-0.459003938500446,-0.087,0.6584952653759975,-7.729496070995391,74.50860143945053,-1.2098650490274732,0.035852041760465775,0.09459542117291149,0.06570368439209391,-5100.694418641519,-4156.836534515231,1576.8194807366096,0.4444444444444444,0.0,0.15
1.0166666666666666,20.44437355582869,0.7608123391838052,20.45852500806746,-0.23031253303813062,-0.4649745901523646,-0.08844999999999999,0.6482342256545095,-7.822451057981674,74.84335678212001,-1.2744964688756366,0.03719661163259236,0.09702570578600647,0.0674254989983347,-5153.552959906952,-4217.272332813031,1576.4893557916719,0.4444444444444444,0.0,0.1525
1.0333333333333332,20.44893842057432,0.7890520056235432,20.46415611736822,-0.2381233475000413,-0.4707997211532891,-0.08989999999999998,0.6380316074356805,-7.912154798121572,75.1777852553091,-1.3412922965185132,0.038567319661570544,0.09949063484903667,0.06916400010467955,-5204.347971681892,-4275.897620428392,1576.1888318450594,0.4444444444444444,0.0,0.15499999999999997
1.05,20.453033788515146,0.8178266624179134,20.469377899777605,-0.24602970182424994,-0.47647846397658955,-0.09135,0.6278940136012261,-7.998617322739176,75.51186136402383,-1.4102730860526445,0.03996430204254303,0.10199037845827746,0.07091930267333929,-5253.094884168887,-4332.707140574376,1575.9183416402211,0.4444444444444444,0.0,0.1575
1.0666666666666667,20.4566531219651,0.8471368512587987,20.474186132717588,-0.25402915003095555,-0.4820101824232675,-0.0928,0.6178276069648488,-8.08185536715711,75.84555929885364,-1.4814582256052617,0.041387664595503276,0.10452506383975237,0.0726915057497642,-5299.813699173999,-4387.699048924779,1575.6783075455278,0.4444444444444444,0.0,0.16
1.0833333333333333,20.459790049812305,0.8769823831211094,20.478576781180458,-0.26211923802474674,-0.487394478890814,-0.09424999999999999,0.607838094683302,-8.161892225744273,76.17885295934929,-1.5548659379225727,0.04283748170874304,0.10709477381079448,0.07448069179401752,-5344.528851723722,-4440.874888565098,1575.4691412959971,0.4444444444444444,0.0,0.16249999999999998
1.1,20.4624383711159,0.9073623207699327,20.482545995868517,-0.27029750763218946,-0.49263120038962116,-0.0957,0.5979307160162889,-8.23875757105251,76.51171597743414,-1.6305132831645504,0.04431379553369175,0.1096995455586872,0.07628692618704225,-5387.269042846859,-4492.239551541123,1575.2912437565037,0.4444444444444444,0.0,0.165
1.1166666666666667,20.46459205832351,0.9382749667401274,20.486090110775383,-0.2785615007255483,-0.4977204431799102,-0.09715,0.588110233613945,-8.312487236684575,76.84412174074552,-1.7084161638516961,0.04581661543550681,0.11233936974893029,0.07811025690825943,-5428.06704408476,-4541.8012258606805,1575.1450047088085,0.4444444444444444,0.0,0.1675
1.1333333333333333,20.466245260076736,0.9697178568489331,20.489205640226885,-0.2869087634085339,-0.5026625559222644,-0.09859999999999998,0.5783809284530672,-8.383122964368805,77.17604341580606,-1.7885893318964319,0.04734591770176611,0.11501418997263699,0.07995071438025231,-5466.959474918048,-4589.571327165206,1575.0308026645403,0.4444444444444444,0.0,0.16999999999999998
1.15,20.467392303575473,1.0016877592518387,20.491889275405903,-0.29533685023841366,-0.5074581412570446,-0.10004999999999999,0.568746598481868,-8.450712116523043,77.50745397093021,-1.8710463976393166,0.04890164550932938,0.11772390253911376,0.08180831147544625,-5503.986554893325,-4635.564414649771,1574.949004706074,0.4444444444444444,0.0,0.1725
1.1666666666666667,20.468027696475506,1.0341806789971295,20.494137880391538,-0.30384332845765816,-0.5121080557518486,-0.1015,0.5592105609695152,-8.51530735635154,77.83832619877589,-1.9557998407984283,0.050483709146936215,0.12046835661588368,0.08368304367873516,-5539.191832782764,-4679.798091166586,1574.899966357004,0.4444444444444444,0.0,0.17500000000000002
1.1833333333333333,20.468146128298002,1.0671918679766914,20.495948487748404,-0.31242578220753575,-0.5166134081812912,-0.10294999999999999,0.5497756584930749,-8.576966298214801,78.16863273845806,-2.0428610232292574,0.05209198648846462,0.12324735471438251,0.08557488939896461,-5572.62189559735,-4722.292887790366,1574.8840314836489,0.4444444444444444,0.0,0.1775
1.2,20.467742471333782,1.1007158401113912,20.497318293706442,-0.3210818166957436,-0.5209755561292136,-0.10439999999999999,0.5404442684325322,-8.635751131626325,78.49834609714799,-2.1322402033824917,0.05372632370906019,0.12606065351538195,0.08748381042110774,-5604.326060687592,-4763.072133447939,1574.9015322287648,0.4444444444444444,0.0,0.18
1.2166666666666666,20.466811781029833,1.134746391550341,20.498244652975487,-0.3298090622902621,-0.52519610092941,-0.10584999999999997,0.5312183157861987,-8.691728222747996,78.82743867108911,-2.2239465523383743,0.055386536233640975,0.1289079650239891,0.0894097524899014,-5634.356054492765,-4802.161810512611,1574.9527889783358,0.4444444444444444,0.0,0.18249999999999997
1.2333333333333334,20.46534929585024,1.1692766256062062,20.498725073241673,-0.33860517851215405,-0.529276880986493,-0.10729999999999999,0.5220992890656599,-8.74496769766609,79.15588276596924,-2.317988171288985,0.057072409904661905,0.13178895803994545,0.09135264601468811,-5662.765681733681,-4839.590397530466,1575.038110362032,0.4444444444444444,0.0,0.185
1.25,20.463350436608312,1.2042989820950418,20.49875720939474,-0.34746785790097834,-0.5332199635430264,-0.10874999999999999,0.5130882589829696,-8.795543012024767,79.48365061659622,-2.414372110333962,0.058783702353561514,0.13470325992500826,0.093312406884272,-5689.610488979808,-4875.388700476369,1575.1577932876044,0.4444444444444444,0.0,0.1875
1.2666666666666666,20.460810805271652,1.2398052707003715,20.49833885753618,-0.3563948297278248,-0.5370276349819615,-0.11019999999999998,0.5041858996042079,-8.84353051177086,79.81071440583354,-2.5131043884509237,0.06052014455807847,0.13765045864555106,0.09528893737977759,-5714.94742655885,-4909.589674127996,1575.3121230091892,0.4444444444444444,0.0,0.18999999999999997
1.2833333333333332,20.457726183246383,1.2757867079386318,20.497467948818397,-0.36538386353268204,-0.5407023897742088,-0.11164999999999999,0.4953925116136671,-8.88900898982189,80.13704628276008,-2.6141900144991874,0.06228144256567714,0.14063010506525248,0.0972821271728261,-5738.834512717711,-4942.228235294598,1575.5013732291882,0.4444444444444444,0.0,0.19249999999999998
1.3,20.454092529151577,1.3122339572677473,20.49614254316409,-0.3744327724648669,-0.5442469181994155,-0.11309999999999999,0.4867080473123292,-8.93205924341408,80.46261838002746,-2.7176330091143197,0.0640672793617078,0.14364171545993987,0.09929185439583821,-5761.33050379431,-4973.341069741669,1575.7258062330975,0.4444444444444444,0.0,0.195
1.3166666666666667,20.4499059760992,1.3491371718532974,20.494360822913556,-0.3835394164075424,-0.5476640929833254,-0.11454999999999999,0.4781321369630748,-8.972763636725327,80.78740283039562,-2.823436427351547,0.0658773168596871,0.14668477422437726,0.10131798677095132,-5782.494573928341,-5002.966434713616,1575.9856730563597,0.4444444444444444,0.0,0.19749999999999998
1.3333333333333333,20.445162828498987,1.3864860394879748,20.492121086445195,-0.39270170486986733,-0.5509569550072082,-0.11599999999999998,0.4696641160931336,-9.011205673111395,81.1113717824359,-2.931602381938029,0.06771119799024186,0.14975873673907908,0.10336038278390988,-5802.3860075370585,-5031.143958974719,1576.2812136820608,0.4444444444444444,0.0,0.19999999999999998
1.35,20.439859558411822,1.424269829150119,20.48942174181171,-0.4019175996330056,-0.5541286982535903,-0.11745,0.46130305337102795,-9.047469580954232,81.43449741539786,-3.042132066997376,0.06956854886482393,0.15286303236412158,0.10541889288935521,-5821.063907422143,-5057.91444226668,1576.612657268022,0.4444444444444444,0.0,0.2025
1.3666666666666667,20.433992801478457,1.4624774386859665,20.48626130043105,-0.41118511713901784,-0.5571826541578393,-0.11889999999999998,0.45304777869004104,-9.08163991671506,81.75675195324304,-3.1550257821143934,0.07144898099027898,0.15599706752641973,0.10749336073419935,-5838.586920969739,-5083.319656021808,1576.9802224016055,0.4444444444444444,0.0,0.205
1.3833333333333333,20.427559352453816,1.5010974431076431,20.482638370867356,-0.4205023306145085,-0.5601222755370782,-0.12034999999999998,0.4448969111119988,-9.113801188327189,82.07810767785512,-3.2702829566137854,0.07335209351071827,0.15916022886702708,0.10958362438620939,-5855.012986472328,-5107.402147078757,1577.3841173803557,0.4444444444444444,0.0,0.2075
1.4,20.420556160379746,1.5401181430142952,20.47855165273328,-0.4298673719237456,-0.5629511202665921,-0.12179999999999999,0.43684888635277414,-9.144037501570773,82.39853694144139,-3.3879021739332518,0.07527747545388057,0.16235188641567144,0.11168951755553723,-5870.399101152346,-5130.20504602705,1577.8245405163866,0.4444444444444444,0.0,0.21
1.4166666666666667,20.41298032343154,1.5795276126664048,20.473999930740913,-0.4392784331487665,-0.5656728348695308,-0.12324999999999998,0.4289019835231837,-9.172432231560185,82.71801217814608,-3.507881195978889,0.07722470796024417,0.1655713967609215,0.11381087079768741,-5884.801112017324,-5151.771881662665,1578.3016804623053,0.4444444444444444,0.0,0.2125
1.4333333333333333,20.404829083475345,1.6193137472723957,20.46898206892435,-0.4487337678966735,-0.5682911381786234,-0.12469999999999999,0.4210543508745036,-9.199067720959079,83.03650591489941,-3.6302169873589336,0.07919336647451763,0.16881810618602794,0.11594751268730187,-5898.273530236804,-5172.146402874906,1578.8157165562902,0.4444444444444444,0.0,0.215
1.45,20.396099820375046,1.6594643090810843,20.463497005053092,-0.4582316923368729,-0.5708098052191383,-0.12614999999999998,0.4133040303355118,-9.224025006032457,83.35399078153075,-3.754905739400461,0.08118302288075431,0.17209135374253887,0.11809927095312778,-5910.86936931372,-5191.372409109964,1579.3668191838838,0.4444444444444444,0.0,0.2175
1.4666666666666666,20.38679004608815,1.699966971912333,20.45754374525133,-0.4677705859733804,-0.5732326514508429,-0.12759999999999996,0.40564898066646904,-9.247383571161194,83.67043952017687,-3.8819428938625187,0.08319324756415081,0.17539047423617787,0.12026597356560233,-5922.6400069360325,-5209.49359037406,1579.9551501539647,0.4444444444444444,0.0,0.21999999999999997
1.4833333333333334,20.376897398590668,1.7408093638002773,20.451121358834722,-0.47734889215947834,-0.5755635174936412,-0.12905,0.39808709909374207,-9.269221131992119,83.98582499401854,-4.011323166268212,0.08522361138455159,0.17871480110212243,0.12244744976960736,-5933.635070045388,-5226.553377553867,1580.580863086338,0.4444444444444444,0.0,0.2225
1.5,20.366419635671033,1.7819791074676572,20.444228973372848,-0.4869651183639403,-0.5778062544473205,-0.13049999999999998,0.39061624132585815,-9.289613446984406,84.30012019538069,-4.143040568787256,0.0872736875487393,0.1820636691496535,0.12464353105609413,-5943.9023423536555,-5242.594803648134,1581.2441038083732,0.4444444444444444,0.0,0.22499999999999998
1.5166666666666666,20.355354628632753,1.8234638583950116,20.436865769982287,-0.4966178361997244,-0.5799647099008338,-0.13194999999999998,0.38323423988684446,-9.30863415674569,84.61329825323244,-4.277088432609462,0.08934305337069505,0.18543641715909145,0.12685405206743047,-5953.487693278241,-5257.660376326357,1581.9450107581254,0.4444444444444444,0.0,0.22749999999999998
1.5333333333333332,20.343700355944605,1.865251340293805,20.429030978852825,-0.5063056812274688,-0.5820427147111645,-0.1334,0.37593892073512314,-9.326354650233174,84.92533244012408,-4.413459429758261,0.09143129191111742,0.18883239031691773,0.12907885143245784,-5962.435027054624,-5271.7919620609155,1582.6837153914396,0.4444444444444444,0.0,0.22999999999999998
1.55,20.331454896876096,1.9073293778370717,20.42072387500667,-0.5160273525472961,-0.584044070616424,-0.13484999999999997,0.3687281181654899,-9.34284395662784,85.236196178598,-4.5521455943017335,0.09353799348955401,0.19225094247794472,0.13131777252834467,-5970.786250619274,-5285.030681921235,1583.460342590593,0.4444444444444444,0.0,0.23249999999999998
1.5666666666666667,20.318616425154406,1.949685926544075,20.411943774288584,-0.525781612193354,-0.5859725387327607,-0.13629999999999998,0.3615996880174954,-9.358168661473073,85.54586304711081,-4.693138342926594,0.09566275706448638,0.19569143824627855,0.1335706641673684,-5978.581258736083,-5297.416818974285,1584.2750110721208,0.4444444444444444,0.0,0.235
1.5833333333333333,20.3051832026772,1.9923090997561452,20.40269002958324,-0.535567284346196,-0.5878318289701604,-0.13774999999999998,0.35455151923570893,-9.37239284550227,85.85430678550327,-4.836428494848033,0.09780519147859011,0.19915325486957247,0.13583738120773897,-5985.857934762237,-5308.9897371064535,1585.1278337915928,0.4444444444444444,0.0,0.2375
1.6,20.2911535733137,2.0351871926787326,20.392962027254523,-0.5453832543785486,-0.5896255903885514,-0.1392,0.34758154384581963,-9.385578044459642,86.16150130005319,-4.982006291035316,0.09996491656813943,0.2026357839436546,0.13811778508848033,-5992.652165410947,-5319.787810968626,1586.018918343226,0.4444444444444444,0.0,0.24
1.6166666666666667,20.27652595682418,2.0783087034993906,20.38275918380056,-0.5552284677502317,-0.5913574025029532,-0.14065,0.3406877454253816,-9.39778322814162,86.4674206681464,-5.1298614127394675,0.10214156413712434,0.20613843292699702,0.14041174428920422,-5998.997867864761,-5329.848366649413,1586.9483673523573,0.4444444444444444,0.0,0.2425
1.6333333333333333,20.26129884292556,2.121662351622577,20.372080942717393,-0.5651019287680312,-0.5930307675348819,-0.14209999999999998,0.3338681661594505,-9.409064796848556,86.77203914259886,-5.279982999315278,0.10433477879808131,0.20966062646665337,0.14271913471633985,-6004.92702761933,-5339.2076326009,1587.916278858961,0.4444444444444444,0.0,0.245
1.65,20.24547078552836,2.1652370930897002,20.360926771563566,-0.5750026992261609,-0.5946491035969221,-0.14354999999999998,0.32712091257955866,-9.419476593433279,87.07533115566159,-5.432359665335142,0.10654421868290213,0.2132018075392147,0.1450398400180201,-6010.46974548899,-5347.900700276662,1588.9227466905513,0.4444444444444444,0.0,0.24749999999999997
1.6666666666666667,20.229040397167648,2.2090221332765925,20.34929615921756,-0.5849298969426431,-0.5962157387883571,-0.145,0.3204441600898008,-9.4290699291597,87.37727132273889,-5.58697951699701,0.10876955602797256,0.21676143841200526,0.14737375183036644,-6015.6542922773815,-5355.961493892201,1589.967860822976,0.4444444444444444,0.0,0.25
1.6833333333333333,20.212006343647882,2.253006936980686,20.33718861331982,-0.5948826942064851,-0.5977339061720207,-0.14645,0.3138361563864762,-9.437893621636015,87.67783444584823,-5.743830167832948,0.11101047763890848,0.2203390014311694,0.14972076995837005,-6020.507169704118,-5363.422748682597,1591.0517077277705,0.4444444444444444,0.0,0.2525
1.7,20.194367338919104,2.2971812360265815,20.324603657890975,-0.6048603161499654,-0.5992067395960886,-0.1479,0.3072952238782414,-9.445994043159065,87.97699551684885,-5.902898753728436,0.1132666852409027,0.22393399964447955,0.15208080249492797,-6025.053176278007,-5370.315997009653,1592.1743707049318,0.4444444444444444,0.0,0.255
1.7166666666666666,20.176122140199173,2.341535034531697,20.311540831118023,-0.6148620390596807,-0.6006372703193084,-0.14934999999999996,0.30081976121221543,-9.453415177893708,88.27472972046407,-6.064171947265725,0.11553789572128224,0.2275459572676461,0.15445376588187626,-6029.315476914565,-5376.6715616600395,1593.3359302000997,0.4444444444444444,0.0,0.25749999999999995
1.7333333333333334,20.15726954335427,2.386058611983399,20.29799968330027,-0.6248871886392731,-0.6020284243941154,-0.1508,0.2944082440085183,-9.460198686410461,88.57101243712096,-6.227635971407248,0.11782384127131056,0.23117442000363453,0.15683958491706382,-6033.315675207135,-5382.518555675368,1594.5364641053475,0.4444444444444444,0.0,0.26
1.75,20.137808378547486,2.430742524285742,20.28397977494723,-0.634935138235964,-0.60338302075912,-0.15225,0.2880592249013916,-9.466383976211848,88.86581924562878,-6.393276612537302,0.1201242694345662,0.23481895522501428,0.15923819271164236,-6037.073887374025,-5387.884888063473,1595.7760480428944,0.4444444444444444,0.0,0.2625
1.7666666666666666,20.117737506162857,2.4755776029379266,20.26948067502075,-0.6450053070421945,-0.6047037699904798,-0.15369999999999998,0.281771332979841,-9.472008276989996,89.15912592571654,-6.561079232882081,0.12243894306939869,0.238479152029698,0.16164953060181472,-6040.608817015883,-5392.797274756076,1597.054755631243,0.4444444444444444,0.0,0.26499999999999996
1.7833333333333332,20.09705581301017,2.5205549525081294,20.25450195931411,-0.6550971582828128,-0.6059932736605886,-0.15514999999999995,0.2755432727147893,-9.477106719471776,89.45090846044798,-6.73102878232955,0.12476764023302135,0.242154621180589,0.16407354801929247,-6043.93782992644,-5397.281254200004,1598.372658733356,0.4444444444444444,0.0,0.26749999999999996
1.8,20.07576220881358,2.565665946565741,20.239043208961103,-0.6652101973973934,-0.6072540242522282,-0.1566,0.2693738224533362,-9.481712416821406,89.74114303853086,-6.903109809671794,0.12711015399475892,0.24584499493966974,0.16651020232467242,-6047.0770283037045,-5401.3612069962355,1599.7298276866525,0.4444444444444444,0.0,0.27
1.8166666666666667,20.053855622985406,2.610902222232593,20.2231040090685,-0.6753439702264082,-0.6084884055767192,-0.15804999999999997,0.2632618325540741,-9.48585654768148,90.02980605653624,-7.0773064732932545,0.12946629218584252,0.2495499268069457,0.1689594586078561,-6050.041323806872,-5405.060379031844,1601.126331514702,0.4444444444444444,0.0,0.27249999999999996
1.8333333333333333,20.031335001684486,2.6562556735096883,20.20668394746556,-0.68549806120912,-0.6096986936455936,-0.15949999999999998,0.25720622323066955,-9.48956844004044,90.31687412104128,-7.253602551328806,0.131835877092946,0.25326909117443264,0.17142128945951549,-6052.844508995481,-5408.400907583513,1602.5622381206326,0.4444444444444444,0.0,0.27499999999999997
1.8499999999999999,20.008199305157014,2.701718443530611,20.18978261356469,-0.695672091600248,-0.6108870579467712,-0.16094999999999998,0.25120598216424805,-9.49287565521656,90.60232405070893,-7.431981451315918,0.13421874510240128,0.2570021829050515,0.1738956747174541,-6055.499326771334,-5411.403849906794,1604.0376144623551,0.4444444444444444,0.0,0.27749999999999997
1.8666666666666667,19.98444750535634,2.7472829158863794,20.17239959732764,-0.7058657177116521,-0.612055563078088,-0.16239999999999996,0.2452601619386292,-9.495804071344388,90.88613287831541,-7.612426219365237,0.13661474630172443,0.2607489168459054,0.17638260119153912,-6058.017537519999,-5414.089213861687,1605.5525267098187,0.4444444444444444,0.0,0.27999999999999997
1.8833333333333333,19.960078583836832,2.7929417051592784,20.154534488331894,-0.7160786291845223,-0.6132061706931935,-0.16384999999999997,0.23936787734621512,-9.498377965838955,91.16827785273615,-7.794919548873782,0.13902374404474402,0.26450902728495396,0.17888206237068266,-6060.409983717337,-5416.475990162008,1607.1070403845824,0.4444444444444444,0.0,0.2825
1.9,19.935091529915923,2.838687646795376,20.13618687493226,-0.7263105472968333,-0.6143407417172436,-0.16529999999999997,0.2335283026064343,-9.50062009639535,91.44873644089931,-7.979443788804762,0.1414456144862536,0.26828226735960564,0.18139405811514248,-6062.686651827577,-5418.582185872418,1608.7012204820687,0.4444444444444444,0.0,0.285
1.9166666666666667,19.909485339097387,2.8845137864371706,20.117356343512927,-0.7365612233101417,-0.6154610387923838,-0.16674999999999998,0.22774066853313313,-9.502551780156583,91.72748632971518,-8.165980951557563,0.143880246091724,0.27206840842521746,0.18391859433719512,-6064.856731373106,-5420.424858812914,1610.3351315769285,0.4444444444444444,0.0,0.2875
1.9333333333333333,19.88325901174814,2.9304133688293184,20.098042477825476,-0.7468304368591651,-0.6165687289156957,-0.1682,0.22200425968217297,-9.504192970750706,92.00450542798873,-8.35451272045103,0.1463275391272141,0.2758672393909439,0.1864556826730108,-6066.928671102939,-5422.020152564994,1612.0088379120052,0.4444444444444444,0.0,0.29
1.95,19.85641155202014,2.9763798264017742,20.078244858408574,-0.7571179943869875,-0.6176653862350089,-0.16964999999999997,0.21631841150580167,-9.505562332959329,92.27977186832187,-8.545020456842522,0.14878740513421668,0.2796785660298172,0.18900534014833398,-6068.9102322270055,-5423.383331807017,1613.7224034714197,0.4444444444444444,0.0,0.2925
1.9666666666666666,19.8289419670084,3.0224067676260957,20.057963062085317,-0.76742372762819,-0.6187524949707138,-0.17109999999999997,0.21068250753611206,-9.506677314834306,92.5532640090111,-8.737485206904621,0.15125976639377806,0.28350221026938505,0.19156758884035213,-6070.8085387175715,-5424.528817737595,1615.4758920383551,0.4444444444444444,0.0,0.295
1.9833333333333334,19.80084926613575,3.0684879652321904,20.037196661534352,-0.777747492141698,-0.6198314524344203,-0.17254999999999998,0.20509597661604273,-9.507554217127312,92.82496043594547,-8.931887708080628,0.1537445553838362,0.2873380094686748,0.1941424555379127,-6072.630124707686,-5425.470223375483,1617.2693672381274,0.4444444444444444,0.0,0.2975
2.0,19.772132460754587,3.1146173443645377,20.015945224931087,-0.7880891658946825,-0.6209035721179457,-0.174,0.19955829019294358,-9.50820825993926,93.09483996450939,-9.128208395239284,0.1562417142333408,0.29118581568671953,0.196729971402037,-6074.380979040182,-5426.220388552002,1619.1028925671715,0.4444444444444444,0.0,0.3
2.0166666666666666,19.742914371440047,3.160770188007037,19.994327597081327,-0.7984485868115169,-0.6219592554473992,-0.174,0.2015252554431759,-9.509729551165021,93.36288240465024,-9.326428454165885,0.1587492877010304,0.2935946296592585,0.19932819819369668,-6074.328226460643,-5428.35359709249,1620.9705900387194,0.4444444444444444,0.0,0.3
2.033333333333333,19.71319589059027,3.206935557329887,19.972344075987973,-0.8088253576915985,-0.6229916320344682,-0.174,0.20352783095025928,-9.511099810447515,93.62906825186614,-9.526529435675439,0.1612669153391304,0.29601446079165894,0.20193552909158094,-6074.247684199535,-5430.323682373431,1622.87041277662,0.4444444444444444,0.0,0.3
2.05,19.68297715760408,3.2531023022888754,19.94999409463374,-0.8192191055124114,-0.6240021692238678,-0.174,0.20556584846400727,-9.512328165689413,93.89337819153947,-9.728492636685429,0.1637942321242607,0.29844484461763,0.20455169726105446,-6074.14042358817,-5432.141189060533,1624.8023532241139,0.4444444444444444,0.0,0.3
2.0666666666666664,19.65225839770325,3.299259595818283,19.927277134889678,-0.8296294806259796,-0.6249922313787873,-0.174,0.20763913776632537,-9.513423235844254,94.15579310133552,-9.932299104571682,0.16633088835807647,0.30088533856409794,0.2071764447332397,-6074.007456665462,-5433.81607184529,1626.7663982909442,0.4444444444444444,0.0,0.3
2.0833333333333335,19.621039920542234,3.3453969088105207,19.90419272517705,-0.840056155109306,-0.6259630862579985,-0.174,0.20974752372623517,-9.514393152112643,94.41629405365637,-10.137929641415507,0.1688765484078008,0.30333552028881583,0.20980952154024632,-6073.849763031515,-5435.3576927295035,1628.7625294456236,0.4444444444444444,0.0,0.3
2.1,19.58932211904987,3.3915039869331927,19.880740438355918,-0.8504988212180159,-0.626915911095125,-0.174,0.21189082686686533,-9.51524557743827,94.67486231804519,-10.34536480812553,0.17143088953346614,0.30579498611400224,0.21245068492836505,-6073.668288890321,-5436.774847232603,1630.7907227933806,0.4444444444444444,0.0,0.3
2.1166666666666667,19.557105468479765,3.437570829173087,19.85691988982236,-0.8609571899381988,-0.6278517983784808,-0.174,0.2140688638436068,-9.515987726342392,94.9314793635469,-10.554584928441306,0.17399360079656476,0.3082633495606017,0.21509969863415057,-6073.463946455104,-5438.0757906307135,1632.8509491403322,0.4444444444444444,0.0,0.3
2.1333333333333333,19.524390525647316,3.483587668001198,19.832730735797245,-0.8714309896315019,-0.6287717613359853,-0.174,0.21628144784297598,-9.516626384887171,95.18612686102986,-10.76557009282593,0.17656438204503788,0.3107402399777987,0.21775633221854918,-6073.237613665722,-5439.268264013826,1634.9431740453335,0.4444444444444444,0.0,0.3
2.15,19.49117792833293,3.5295449510577668,19.808172671790555,-0.8819199647686204,-0.6296767391313044,-0.174,0.21852838891093151,-9.517167930592345,95.43878668547293,-10.978300162254637,0.17914294296977298,0.31322530126255466,0.22042036045458008,-6072.990134172929,-5440.35951998512,1637.0673578608414,0.4444444444444444,0.0,0.3
2.1666666666666665,19.457468394832524,3.5754333242612204,19.7832454312265,-0.8924238747464514,-0.6305676017786611,-0.174,0.2208094942186496,-9.51761835215931,95.6894409182216,-11.19275477190643,0.18172900222801855,0.31571819066409335,0.22309156276440611,-6072.722317549187,-5441.35634785945,1639.223455764024,0.4444444444444444,0.0,0.3
2.183333333333333,19.423262723637777,3.6212436162497017,19.757948784215582,-0.9029424927843052,-0.6314451547847731,-0.174,0.22312456827306493,-9.517983268882833,95.93807184921644,-11.408913334765485,0.18432228662936126,0.31821857766843353,0.22576972270193651,-6072.434939690301,-5442.265098246422,1641.4114177792712,0.4444444444444444,0.0,0.3
2.2,19.38856179323005,3.6669668240686546,19.73228253646091,-0.9134756048947249,-0.6323101435271392,-0.174,0.22547341307883606,-9.518267949653143,96.18466197919678,-11.626755045139006,0.18692253038014225,0.3207261429582501,0.22845462747738968,-6072.128743376174,-5443.091706927952,1643.6311887931563,0.4444444444444444,0.0,0.3
2.216666666666667,19.353366561973164,3.712594100022549,19.706246528286993,-0.9240230089246196,-0.6331632573784537,-0.174,0.22785582825774897,-9.51847733147065,96.42919402188171,-11.846258882097912,0.18952947438241458,0.3232405774435342,0.231146067520507,-6071.80443896282,-5443.84171796133,1645.88270856282,0.4444444444444444,0.0,0.3
2.2333333333333334,19.317678068091396,3.7581167396133353,19.679840633780074,-0.9345845136625854,-0.6340051335873075,-0.174,0.230271611131049,-9.51861603741257,96.67165090613085,-12.067403612846535,0.19214286558376192,0.32576158135872113,0.23384383607935935,-6071.462705181047,-5444.520305956768,1648.1659117186746,0.4444444444444444,0.0,0.3
2.25,19.281497429720282,3.8035261704925847,19.65306476002997,-0.9451599380084603,-0.6348363609255651,-0.174,0.23272055676961667,-9.518688394005157,96.91201577808602,-12.290167796027319,0.1947624563745109,0.32828886342214647,0.2365477288519122,-6071.10419002032,-5445.1322974938075,1650.4807277622392,0.4444444444444444,0.0,0.3
2.2666666666666666,19.244825845018834,3.84881394235848,19.62591884646418,-0.9557491102013351,-0.6356574831129093,-0.174,0.23520245801645023,-9.51869844796774,97.15027200329584,-12.514529784966154,0.19738800402907158,0.33082214005389404,0.23925754364773286,-6070.729511679074,-5445.682191653836,1652.8270810598572,0.4444444444444444,0.0,0.3
2.283333333333333,19.207664592332815,3.8939717177328435,19.598402864265726,-0.9663518671024136,-0.6364690020290488,-0.174,0.237717105485447,-9.51864998230536,97.38640316882393,-12.740467730863832,0.20001927018833604,0.33336113464828815,0.24197308007741697,-6070.339259565075,-5446.174179657072,1655.204890832972,0.4444444444444444,0.0,0.3
2.3,19.170015030399604,3.9389912635572766,19.570516815866853,-0.9769680535292931,-0.6372713807239939,-0.174,0.2402642875400849,-9.518546531735673,97.62039308534159,-12.967959585938758,0.20265602038025124,0.33590557689748,0.2446941392674972,-6069.933995331782,-5446.612163601321,1657.6140711455926,0.4444444444444444,0.0,0.3
2.3166666666666664,19.131878598586088,3.9838644435511705,19.54226073451144,-0.9875975216384059,-0.6380650462366569,-0.174,0.24284379025520808,-9.518391397443647,97.85222578920593,-13.19698310652584,0.20529802357586058,0.3384552021627634,0.24742052359876707,-6069.514253938445,-5446.99977430756,1660.054530889503,0.4444444444444444,0.0,0.3
2.3333333333333335,19.093256817151847,4.0285832112778825,19.513634683879513,-0.9982401303525328,-0.6388503922318127,-0.174,0.24545539736479594,-9.518187661163491,98.08188554452369,-13.427515856136232,0.20794505177827713,0.34100975089043717,0.2501520364661075,-6069.080544723507,-5447.340388283568,1662.5261737677233,0.4444444444444444,0.0,0.3
2.35,19.054151287530583,4.073139603868717,19.4846387577678,-1.0088957448304636,-0.6396277814652057,-0.174,0.24809889019827658,-9.517938198592969,98.30935684520108,-13.659535208482282,0.21059687964221277,0.34356896806921294,0.25288848205805436,-6068.633352482384,-5447.6371438219085,1665.028898276701,0.4444444444444444,0.0,0.3
2.3666666666666667,19.014563692623497,4.117525736357546,19.455273079820866,-1.0195642359760384,-0.6403975480862908,-0.174,0.25077404760765276,-9.517645692149188,98.53462441697991,-13.893018350471856,0.2132532841218401,0.34613260272633317,0.2556296651544762,-6068.173138542022,-5447.892956252647,1667.5625976876315,0.4444444444444444,0.0,0.3
2.3833333333333333,18.97449579709884,4.161733796581907,19.425537803307623,-1.030245479983961,-0.6411599997877815,-0.174,0.25348064588747343,-9.517312643078778,98.75767321945985,-14.127942285175928,0.21591404414490858,0.3487004074597341,0.2583753909408601,-6067.700341825865,-5448.1105323744305,1670.1271600272926,0.4444444444444444,0.0,0.3
2.4,18.93394944769266,4.205756040609292,19.395433110938843,-1.040939357919923,-0.6419154198108386,-0.174,0.2562184586894207,-9.516941382937963,98.97848844810689,-14.364283834773085,0.21857894031117123,0.3512721380037419,0.26112546483781696,-6067.215379903885,-5448.29238408991,1672.7224680587299,0.4444444444444444,0.0,0.3
2.4166666666666665,18.89292657350606,4.249584788650024,19.364959214721242,-1.051645755332721,-0.6426640688143787,-0.174,0.25898725693309776,-9.51653408446043,99.1970555362478,-14.602019643474385,0.22124775461330953,0.35384755282594565,0.26387969234452696,-6066.718650023276,-5448.4408412734965,1675.348399262091,0.4444444444444444,0.0,0.3
2.433333333333333,18.851429186294947,4.293212421420676,19.334116355844497,-1.0623645618961892,-0.6434061866166297,-0.174,0.26178680871440196,-9.516092771832467,99.41336015705018,-14.841126180431738,0.2239202701786631,0.3564264127530318,0.2666378788949441,-6066.210530116199,-5448.558063900541,1678.004825815881,0.4444444444444444,0.0,0.3
2.45,18.809459380748642,4.33663137692438,19.302904804597627,-1.0730956710788966,-0.6441419938166881,-0.174,0.2646168792126855,-9.515619330396188,99.62738822548786,-15.081579742632842,0.2265962710301866,0.3590084806235043,0.269399829725671,-6065.691379781671,-5448.646053468065,1680.6916145788778,0.4444444444444444,0.0,0.3
2.466666666666667,18.7670193347541,4.379834147616647,19.271324860311577,-1.0838389798396877,-0.6448716933034784,-0.174,0.26747723059777595,-9.515115515802524,99.83912590029111,-15.323356457785415,0.2292755418651631,0.3615935209653448,0.2721653497545009,-6065.16154123931,-5448.706663737463,1683.4086270729192,0.4444444444444444,0.0,0.3
2.4833333333333334,18.72411130964297,4.422813277927417,19.239376851325275,-1.0945943883472662,-0.645595471659148,-0.174,0.270367621937766,-9.514582962636199,100.04855958588146,-15.566432287193313,0.231957867850304,0.3641812996967905,0.2749342434687006,-6064.621340253197,-5448.741610829874,1686.1557194667532,0.4444444444444444,0.0,0.3
2.5,18.68073765041897,4.465561362112092,19.207061134972452,-1.1053617997221274,-0.6463135004635798,-0.174,0.27328780910836636,-9.514023192535289,100.25567593429024,-15.810783028626938,0.2346430344319597,0.3667715838485254,0.27770631482218244,-6064.071087024522,-5448.752482704689,1688.9327425611102,0.4444444444444444,0.0,0.3
2.5166666666666666,18.63690078596335,4.508071042406151,19.17437809758695,-1.1161411197992621,-0.6470259375063554,-0.174,0.2762375447045171,-9.51343762182795,100.46046184706044,-16.056384319190123,0.23733082716025655,0.3693641413056916,0.28048136714078026,-6063.511077052155,-5448.740748051396,1691.7395417751493,0.4444444444444444,0.0,0.3
2.533333333333333,18.592603229216643,4.550335007459695,19.141328154524448,-1.1269322569101505,-0.6477329279121619,-0.174,0.2792165779548119,-9.512827568708822,100.66290447713153,-16.303211638185584,0.24002103152605478,0.3719587405682321,0.2832592030349054,-6062.9415919605335,-5448.707764624415,1694.5759571343983,0.4444444444444444,0.0,0.3
2.55,18.547847577335016,4.592345991029954,19.107911750198696,-1.1377351216826619,-0.6484346051853069,-0.174,0.28222465463926705,-9.512194259977406,100.86299123070613,-16.551240309980752,0.24271343280970256,0.37455515052817356,0.28603962431891666,-6062.362900294643,-5448.654787049877,1697.441823260302,0.4444444444444444,0.0,0.3
2.5666666666666664,18.5026365118198,4.6340967709112855,19.07412935813055,-1.1485496268575703,-0.6491310921786886,-0.174,0.2852615170108046,-9.511538837360225,101.06070976909838,-16.80044550687576,0.24540781594063424,0.377153140262555,0.28882243193659063,-6061.775258282027,-5448.582974132607,1700.3369693614654,0.4444444444444444,0.0,0.3
2.5833333333333335,18.456972798619052,4.675580168083647,19.039981481008343,-1.1593756871204797,-0.6498225019922585,-0.174,0.28832690372083647,-9.510862363438164,101.25604801056306,-17.050802251975167,0.24810396536692647,0.37975247884079,0.2916074258921287,-6061.178910562033,-5448.493395690599,1703.2612192266822,0.4444444444444444,0.0,0.3
2.6,18.41085928820012,4.7167890460618835,19.00546865075823,-1.17021321894803,-0.6505089388057235,-0.174,0.2914205497491831,-9.510165827199788,101.44899413210493,-17.302285422064795,0.2508016649339917,0.38235293514533697,0.2943944051861787,-6060.574090882657,-5448.387038943435,1706.2143912198014,0.4444444444444444,0.0,0.3
2.6166666666666667,18.36429891559238,4.757716310429412,18.970591428623237,-1.1810621404673405,-0.6511904986499454,-0.174,0.2945421863385844,-9.509450149240743,101.63953657126757,-17.554869750495108,0.25350069777164635,0.3849542777046272,0.2971831677563967,-6059.96102276546,-5448.2648144800605,1709.1962982765035,0.4444444444444444,0.0,0.3
2.6333333333333333,18.31729470039953,4.798354908541053,18.935350405250087,-1.1919223713277056,-0.6518672701212334,-0.174,0.297691540933958,-9.508716186628863,101.82766402790118,-17.80852983007219,0.2562008461888459,0.387556274537272,0.299973510422104,-6059.339920139225,-5448.127561830325,1712.2067479030177,0.4444444444444444,0.0,0.3
2.65,18.269849746780803,4.838697829380859,18.89974620078274,-1.2027938325836416,-0.6525393350424601,-0.174,0.3008683371265355,-9.507964737453516,102.01336546590842,-18.063240115957495,0.25890189157543203,0.39015869300664024,0.30276522883263784,-6058.710987943038,-5447.976054663705,1715.2455421768277,0.4444444444444444,0.0,0.3
2.6666666666666665,18.221967243400808,4.8787381035618225,18.863779464961894,-1.2136764465884278,-0.6532067690746932,-0.174,0.3040722946029728,-9.507196545077502,102.19663011496793,-18.318974928577315,0.26160361431028184,0.39276129968495893,0.30555811741902206,-6058.074422699615,-5447.811005637539,1718.3124777493836,0.4444444444444444,0.0,0.3
2.683333333333333,18.17365046334759,4.918468803455251,18.82745087722968,-1.22457013689736,-0.6538696422827942,-0.174,0.30730312909947965,-9.506412302108497,102.37744747223464,-18.57570845654278,0.26430579367529744,0.3953638602261498,0.3083519693486144,-6057.430413059723,-5447.633070916077,1721.4073458508556,0.4444444444444444,0.0,0.3
2.7,18.12490276401885,4.957883043438521,18.790761146838978,-1.235474828179979,-0.6545280196582225,-0.174,0.3105605523610109,-9.505612654106805,102.5558073040164,-18.833414759581235,0.26700820777471135,0.3979661392466698,0.3111465764824147,-6056.779140318609,-5447.442854380677,1724.5299322969204,0.4444444444444444,0.0,0.3
2.716666666666667,18.075727586976075,4.996973980250734,18.75371101296676,-1.2463904461405964,-0.6551819616020688,-0.174,0.31384427210550037,-9.504798203045022,102.73169964742623,-19.09206777147962,0.26971063345922486,0.4005679002136757,0.31394172933474473,-6056.120778905364,-5447.24091155039,1727.6800174976152,0.4444444444444444,0.0,0.3
2.7333333333333334,18.026128457766664,5.03573481344652,18.716301244830998,-1.257316917446481,-0.6558315243711431,-0.174,0.3171539919931319,-9.503969510534695,102.9051148120094,-19.351641303040473,0.27241284625453055,0.40316890533988115,0.3167372170350311,-6055.4554968462035,-5447.027753231214,1730.8573764682408,0.4444444444444444,0.0,0.3
2.75,17.976108985714035,5.074158785939013,18.678532641810783,-1.2682541696631207,-0.6564767604897613,-0.174,0.3204894116005974,-9.503127100834268,103.07604338134519,-19.61210904505106,0.2751146202938023,0.40576891548451777,0.3195328272914464,-6054.783456202611,-5446.803848911392,1734.0617788423242,0.4444444444444444,0.0,0.3
2.7666666666666666,17.925672863675896,5.112239184623617,18.64040603356932,-1.2792021311960107,-0.6571177191296913,-0.174,0.3238502264002818,-9.502271463651876,103.24447621462201,-19.8734445712661,0.277815728253769,0.4083676900598572,0.3223283463561807,-6054.104813485362,-5446.56962991909,1737.2929888866256,0.4444444444444444,0.0,0.3
2.783333333333333,17.87482386777074,5.149969341074818,18.601922280179462,-1.2901607312384655,-0.6577544464605559,-0.174,0.3272361277443063,-9.501403056755757,103.41040444818613,-20.135621341404434,0.2805159412940154,0.41096498694278616,0.3251235589921361,-6053.419720045364,-5446.325492357957,1740.5507655181896,0.4444444444444444,0.0,0.3
2.8,17.82356585707289,5.187342632308875,18.563082272251652,-1.301129899724982,-0.658386985972838,-0.174,0.3306468028533449,-9.50052230840463,103.57381949706277,-20.398612704159984,0.28321502899917866,0.41356056239096645,0.3279182484408514,-6052.728322442324,-5446.071799835181,1743.8348623234167,0.4444444444444444,0.0,0.3
2.8166666666666664,17.7719027732763,5.224352481605723,18.523886931064055,-1.3121095672897187,-0.6590153787754763,-0.174,0.3340819348101163,-9.49962961960937,103.7347130564494,-20.662391900227213,0.28591275932373544,0.41615417096314217,0.3307121963914798,-6052.030762792173,-5445.808885995803,1747.1450275791503,0.4444444444444444,0.0,0.3
2.8333333333333335,17.71983864032744,5.260992359383916,18.484337208694754,-1.3230996652296882,-0.6596396638699146,-0.174,0.33754120255744047,-9.498725366236968,103.89307710318054,-20.92693206534134,0.28860889853909516,0.4187455654431899,0.3335051829506564,-6051.327179094213,-5445.53705687625,1750.4810042757463,0.4444444444444444,0.0,0.3
2.85,17.66737756402757,5.297255784122902,18.444434088155926,-1.3341001254722868,-0.660259878402326,-0.174,0.3410242809007711,-9.497809900967022,104.04890389716356,-21.192206233333405,0.2913032111827379,0.4213344967675362,0.3362969866131039,-6050.617705538884,-5445.256593089285,1753.8425301421214,0.4444444444444444,0.0,0.3
2.8666666666666667,17.614523731604834,5.333136323327328,18.40417858352997,-1.345110880546815,-0.6608760578956216,-0.174,0.3445308405150542,-9.496883555110346,104.20218598278505,-21.458187339200286,0.29399546000915194,0.4239207139555936,0.339087384232839,-6049.902472797094,-5444.967751851822,1757.229337672738,0.4444444444444444,0.0,0.3
2.8833333333333333,17.561281411256488,5.368627594528455,18.363571740107506,-1.3561318635596677,-0.6614882364627337,-0.174,0.3480605479558201,-9.495946640298948,104.35291619028726,-21.724848222189806,0.2966854059423458,0.42650396404289104,0.3418761509948491,-6049.181608291939,-5444.670768866372,1760.6411541565162,0.4444444444444444,0.0,0.3
2.9,17.507654951661767,5.403723266318131,18.32261463452732,-1.3671630081728992,-0.6620964470025594,-0.174,0.35161306567437123,-9.4949994500558,104.501087637114,-21.99216162890082,0.29937280802972516,0.4290839920165978,0.3446630603871206,-6048.455236453716,-5444.365860066202,1764.0777017076393,0.4444444444444444,0.0,0.3
2.9166666666666665,17.453648781465784,5.438417059411109,18.28130837491824,-1.378204248585881,-0.6627007213798533,-0.174,0.3551880520369375,-9.49404226125256,104.64669372922582,-22.260100216398346,0.30205742339713987,0.4316605407531627,0.3474478841729094,-6047.7234789590175,-5444.053223233654,1767.5386972982217,0.4444444444444444,0.0,0.3
2.933333333333333,17.399267408734914,5.472702747731767,18.23965410104303,-1.3892555195198057,-0.6633010905902585,-0.174,0.35878516134766913,-9.493075335462718,104.78972816238374,-22.52863655534363,0.3047390072049213,0.4342333509578078,0.3502303923631507,-6046.986454954727,-5443.733039500483,1771.023852792818,0.4444444444444444,0.0,0.3
2.95,17.34451542038419,5.5065741595216275,18.19765298444435,-1.400316756204794,-0.6638975849115879,-0.174,0.3624040438753555,-9.49209892021737,104.93018492340131,-22.797743133139132,0.3074173126047416,0.43680216110563724,0.35301035318891316,-6046.244281267674,-5443.405474738521,1774.5328749847397,0.4444444444444444,0.0,0.3
2.966666666666667,17.289397481577147,5.5400251784642816,18.155306228592906,-1.4113878943693903,-0.6644902340423773,-0.174,0.3660443458836977,-9.49111325017016,105.06805829136462,-23.067392357088174,0.3100920906971387,0.43936670738413575,0.3557875330738097,-6045.4970726006995,-5443.070680848353,1778.0654656341376,0.4444444444444444,0.0,0.3
2.9833333333333334,17.23391833509865,5.573049744824607,18.112615069037908,-1.4224688702322428,-0.665079067228665,-0.174,0.3697057096650611,-9.4901185481777,105.20334283881958,-23.33755655756925,0.3127630904895638,0.4419267236368492,0.35856169660628273,-6044.744941715834,-5442.728796953322,1781.621321507841,0.4444444444444444,0.0,0.3
3.0,17.178082800701215,5.605641856599366,18.069580773559903,-1.4335596204957832,-0.6656641133798761,-0.174,0.37338777357752173,-9.489115026301292,105.33603343292658,-23.60820799122472,0.31543005885481373,0.4444819413080542,0.36133260651168747,-6043.987999605281,-5442.379950505549,1785.2001344208957,0.4444444444444444,0.0,0.3
3.0166666666666666,17.12189577442536,5.637795570676492,18.026204642326253,-1.4446600823417317,-0.6662454011746266,-0.174,0.37709017208511764,-9.488102886735428,105.46612523658177,-23.879318844163723,0.31809274048972425,0.44703208938823474,0.3641000236241015,-6043.226355650861,-5442.024258310326,1788.8015912797846,0.4444444444444444,0.0,0.3
3.033333333333333,17.06536222789447,5.669505004000567,17.982488008049245,-1.4557701934282659,-0.6668229591572042,-0.174,0.38081253580116403,-9.487082322668108,105.59361370950481,-24.150861235179097,0.3207508778740067,0.44957689436019915,0.36686370685779457,-6042.460117772525,-5441.661827474744,1792.425374127289,0.4444444444444444,0.0,0.3
3.05,17.0084872075848,5.700764334742156,17.938432236147168,-1.466889891888708,-0.6673968158254218,-0.174,0.3845544915344936,-9.48605351907788,105.71849460929266,-24.42280721897804,0.3234042112291173,0.45211608014568083,0.36962341317829506,-6041.689392566578,-5441.292756286023,1796.071160188956,0.4444444444444444,0.0,0.3
3.0666666666666664,16.951275834071073,5.731567803468853,17.894038724908434,-1.4780191163315939,-0.6679669997104899,-0.174,0.38831566233852177,-9.485016653471936,105.84076399243929,-24.695128789426295,0.3260524784770581,0.4546493680522757,0.3723788975729955,-6040.914285434133,-5440.917135024688,1799.7386219211414,0.4444444444444444,0.0,0.3
3.0833333333333335,16.89373330124831,5.761909714316019,17.849308905658937,-1.4891578058419914,-0.6685335394495048,-0.174,0.3920956675629985,-9.483971896569523,105.96041821532084,-24.967797882805513,0.32869541519901263,0.4571764767205811,0.37512991302124055,-6040.134900700391,-5440.5350467173075,1803.4274270605904,0.4444444444444444,0.0,0.3
3.1,16.83586487553039,5.791784436155349,17.8042442429329,-1.5003058999839598,-0.6690964638511041,-0.174,0.3958941229083246,-9.482919412934475,106.07745393514597,-25.24078638108357,0.3313327545937268,0.4596971220714082,0.37787621046384584,-6039.351341725227,-5440.14656783324,1807.1372386755131,0.4444444444444444,0.0,0.3
3.1166666666666667,16.777675895025897,5.8211864037595475,17.75884623464734,-1.5114633388040337,-0.6696558019548002,-0.174,0.39971064048233096,-9.48185936156058,106.1918681108713,-25.514066115197515,0.3339642274355509,0.46221101725295,0.38061753877199983,-6038.563711005614,-5439.75176892949,1810.8677152181374,0.4444444444444444,0.0,0.3
3.1333333333333333,16.719171768691904,5.85011011896148,17.713116412280474,-1.5226300628356353,-0.6702115830844609,-0.174,0.4035448288593866,-9.480791896413098,106.30365800408141,-25.787608868348805,0.33658956203206286,0.4647178725877905,0.3833536447154987,-6037.772110270324,-5439.350715247508,1814.618510578679,0.4444444444444444,0.0,0.3
3.15,16.660357975466148,5.878550151806315,17.667056341054117,-1.5338060131043219,-0.670763836896373,-0.174,0.4073962931417312,-9.479717166929559,106.41282117983344,-26.06138637931051,0.33920848418119914,0.4672173955196552,0.3860842729302735,-6036.976640567375,-5438.94346726547,1818.3892741407137,0.4444444444444444,0.0,0.3
3.1666666666666665,16.601240063378267,5.906501141695262,17.6206676201205,-1.5449911311337798,-0.6713125934222909,-0.174,0.4112646350229281,-9.47863531848288,106.5193555074659,-26.335370345746167,0.3418207171278215,0.46970929055979993,0.3888091658851647,-6036.177402344653,-5438.53008120935,1822.179650837898,0.4444444444444444,0.0,0.3
3.183333333333333,16.541823648640595,5.933957798519599,17.573951882753544,-1.5561853589524894,-0.6718578831078398,-0.174,0.4151494528533144,-9.477546492809385,106.62325916137148,-26.60953242753994,0.3444259815196554,0.47219325923295025,0.3915280638479056,-6035.37449552409,-5438.110609525837,1825.9892812120142,0.4444444444444444,0.0,0.3
3.2,16.482114414719145,5.960914903783788,17.52691079654496,-1.567388639100982,-0.6723997368466155,-0.174,0.4190503417073539,-9.476450828404381,106.7245306217338,-26.883844250137642,0.34702399536253487,0.4746690000227027,0.39424070485027624,-6034.568019569801,-5437.68510131994,1829.8178014722994,0.4444444444444444,0.0,0.3
3.216666666666667,16.42211811138535,5.987367311716562,17.47954606360539,-1.5786009146396256,-0.672938186010297,-0.174,0.4229668934527888,-9.4753484608876,106.82316867522778,-27.15827740789839,0.3496144739748962,0.47713620831630654,0.39694682465238845,-6033.758073550547,-5437.253602759907,1833.664843556012,0.4444444444444444,0.0,0.3
3.2333333333333334,16.36184055374909,6.01330995036893,17.43185942077076,-1.5898221291568733,-0.6734732624750636,-0.174,0.42689869682148895,-9.474239523340689,106.91917241568335,-27.432803467456413,0.3521971299414639,0.47959457634875075,0.3996461567060709,-6032.944756196845,-5436.816157451905,1837.5300351902133,0.4444444444444444,0.0,0.3
3.25,16.301287621273687,6.038737822698131,17.383852639814215,-1.6010522267779141,-0.6740049986445842,-0.174,0.430845337481891,-9.47312414661885,107.0125412447127,-27.70739397109267,0.3547716730660738,0.482043793146082,0.4023384321173159,-6032.1281659530805,-5436.372806786725,1841.4129999547183,0.4444444444444444,0.0,0.3
3.2666666666666666,16.240465256773316,6.063646007636641,17.335527527663785,-1.6122911521736756,-0.6745334274698273,-0.174,0.43480639811296085,-9.472002459638452,107.1032748723005,-27.982020440115924,0.35733781032358497,0.484483544467887,0.4050233796077587,-6031.3084010249,-5435.92359026059,1845.3133573461782,0.4444444444444444,0.0,0.3
3.283333333333333,16.179379465393517,6.088029661145398,17.286885926626102,-1.6235388505701247,-0.6750585824659199,-0.174,0.4387814584795451,-9.470874589642403,107.1913733173572,-28.256654378252822,0.3598952458108301,0.48691351274887484,0.4077007254751559,-6030.485559422205,-5435.468545772024,1849.230722843264,0.4444444444444444,0.0,0.3
3.3,16.118036313575384,6.111884017250444,17.237929714616435,-1.6347952677578206,-0.6755804977262679,-0.174,0.4427700955090521,-9.469740662444938,107.27683690823524,-28.53126727504666,0.3624436806965575,0.48933337703949575,0.41037019355283183,-6029.659738997997,-5435.007709896558,1853.1647079729007,0.4444444444444444,0.0,0.3
3.3166666666666664,16.05644192800391,6.135204389062294,17.18866080539526,-1.646060350101677,-0.6760992079341307,-0.174,0.446771883369375,-9.468600802657306,107.35966628320789,-28.805830609264348,0.36498281317032355,0.4917428129455415,0.41303150516806464,-6028.831037483356,-5434.541118140937,1857.1149203775337,0.4444444444444444,0.0,0.3
3.3333333333333335,15.994602494541198,6.1579861697773435,17.139081148811698,-1.6573340445508915,-0.6766147483718304,-0.174,0.45078639354794436,-9.467455133895761,107.43986239091086,-29.080315852311305,0.3675123383902891,0.4941414925666722,0.41568437909938405,-6027.999552518784,-5434.068805178374,1861.0809638833737,0.4444444444444444,0.0,0.3
3.35,15.932524257145028,6.180224833660694,17.089192731054066,-1.6686162986490058,-0.6771271549277629,-0.174,0.4548131949318579,-9.466303778973185,107.51742649074636,-29.354694471653744,0.37003194842988324,0.496529084433815,0.4183285315327502,-6027.165381682144,-5433.590805066241,1865.0624385695887,0.4444444444444444,0.0,0.3
3.3666666666666667,15.8702135167734,6.201915937009837,17.038997574907796,-1.679907060544062,-0.6776364641013611,-0.174,0.4588518538889925,-9.465146860075537,107.59236015324959,-29.628937934248047,0.372541332223293,0.49890525344538855,0.4209636760165887,-6026.3286225134325,-5433.107151447543,1869.0589408384121,0.4444444444444444,0.0,0.3
3.3833333333333333,15.807676630275603,6.223055119098656,16.98849774002108,-1.6912062789988196,-0.6781427130061548,-0.174,0.46290193435000804,-9.463984498924239,107.66466526041755,-29.903017709976773,0.37504017550974295,0.5012696608023055,0.4235895234156555,-6025.489372536564,-5432.617877737349,1873.070063486115,0.4444444444444444,0.0,0.3
3.4,15.744920009270412,6.243638103101267,16.93769532317847,-1.7025139034010062,-0.6786459393710548,-0.174,0.4669629978911889,-9.46281681692553,107.7343440060002,-30.17690527509092,0.3775281607765292,0.5036219639417083,0.426205781863705,-6024.647729278387,-5432.12301729532,1877.0953957748243,0.4444444444444444,0.0,0.3
3.4166666666666665,15.68195011901196,6.263660696995248,16.886592458582705,-1.7138298837735728,-0.679146181539984,-0.174,0.4710346038180422,-9.461643935307787,107.80139889575365,-30.450572115658023,0.3800049672007726,0.505961816469396,0.4288121567149373,-6023.8037902851065,-5431.622603585352,1881.1345235051351,0.4444444444444444,0.0,0.3
3.433333333333333,15.618773477243874,6.283118794443852,16.835191318145164,-1.725154170784926,-0.6796434784699661,-0.174,0.4751163092495676,-9.46046597524766,107.86583274765563,-30.723989731015678,0.38247027058985966,0.5082888680909041,0.4314083504941995,-6022.957653136276,-5431.116670323303,1885.187029089488,0.4444444444444444,0.0,0.3
3.4499999999999997,15.555396653042232,6.302008375656814,16.783494111785128,-1.7364867157591128,-0.6801378697277749,-0.174,0.4792076692031353,-9.459283057985854,107.92764869208297,-30.997129637230113,0.38492374332053814,0.5106027645411981,0.43399406284591885,-6022.109415456538,-5430.605251613659,1889.25249162627,0.4444444444444444,0.0,0.3
3.466666666666667,15.491826265647905,6.320325508229436,16.731503087738233,-1.7478274706859358,-0.6806293954852405,-0.174,0.4833082366799215,-9.458095304933327,107.98685017195092,-31.269963370559367,0.3873650542766388,0.5129031475129444,0.4365689904817431,-6021.2591749252515,-5430.0883820759545,1893.3304869746132,0.4444444444444444,0.0,0.3
3.4833333333333334,15.428068983288862,6.338066347959627,16.679220532874375,-1.7591763882309772,-0.681118096513299,-0.174,0.4874175627507982,-9.456902837768606,108.04344094281475,-31.542462490920684,0.3897938687853934,0.5151896545833289,0.43913282712686746,-6020.407029284174,-5429.5660969617165,1897.4205878298362,0.4444444444444444,0.0,0.3
3.5,15.364131521992963,6.355227139642616,16.626648773025426,-1.7705334217455122,-0.6816040141748702,-0.174,0.491535196642646,-9.455705778526875,108.097425072933,-31.814598585361743,0.3922098485523211,0.5174619191393863,0.441685263465025,-6019.553076343296,-5429.0384322625805,1901.5223637995155,0.4444444444444444,0.0,0.3
3.5166666666666666,15.300020644391847,6.3718042178431125,16.573790173323058,-1.7818985252762891,-0.682087190416636,-0.174,0.4956606858250159,-9.454504249681394,108.14880694329277,-32.08634327153526,0.394612651594658,0.5197195703018154,0.44422598708212085,-6018.697413985,-5428.505424810237,1905.6353814801303,0.4444444444444444,0.0,0.3
3.533333333333333,15.235743158516398,6.387794007644663,16.520647138546973,-1.7932716535751656,-0.6825676677597934,-0.174,0.4997935760970691,-9.453298374217907,108.19759124759685,-32.357668201176665,0.3970019321733037,0.5219622328472497,0.44675468240848887,-6017.840140166624,-5427.967112368801,1909.7592045342599,0.4444444444444444,0.0,0.3
3.55,15.171305916584398,6.403193025376044,16.4672221134839,-1.8046527621085777,-0.6830454892898444,-0.174,0.503933411674752,-9.452088275702417,108.24378299221269,-32.62854506358429,0.39937734072326175,0.5241895271289589,0.4492710306597522,-6016.981352921578,-5427.4235337201035,1913.893393768292,0.4444444444444444,0.0,0.3
3.5666666666666664,15.106715813780873,6.417997879314502,16.413517583297693,-1.8160418070668307,-0.683520698645486,-0.174,0.5080797352781388,-9.450874078342933,108.28738749608324,-32.89894558910188,0.4017385237825511,0.5264010689959578,0.4517747097762671,-6016.121150359091,-5426.874728742448,1918.037507210605,0.4444444444444444,0.0,0.3
3.5833333333333335,15.041979787031662,6.432205270365704,16.35953607391082,-1.8274387453731953,-0.6839933400066557,-0.174,0.5122320882188842,-9.44965590704551,108.32841039059959,-33.16884155260283,0.40408512391956786,0.528596469710501,0.45426539436113517,-6015.259630662704,-5426.320738483244,1922.1911001902001,0.4444444444444444,0.0,0.3
3.6,14.977104813770778,6.445811992720288,16.305280152397643,-1.838843534692797,-0.684463458081786,-0.174,0.516390010487747,-9.448433887465102,108.36685761943544,-33.4382047769759,0.4064167796588768,0.5307753358639431,0.4567427556167628,-6014.3968920876,-5425.761605225976,1926.3537254157334,0.4444444444444444,0.0,0.3
3.6166666666666667,14.912097910702036,6.458814934486911,16.25075242738979,-1.8502561334412846,-0.6849310980943171,-0.174,0.5205530408421053,-9.447208146051484,108.40273543834343,-33.70700713661191,0.40873312540541545,0.5329372692909486,0.45920646127995407,-6013.533032956863,-5425.197372551852,1930.5249330549286,0.4444444444444444,0.0,0.3
3.6333333333333333,14.846966132555515,6.471211078301719,16.195955549493995,-1.8616765007932667,-0.6853963057685134,-0.174,0.5247207168934445,-9.445978810090695,108.4360504149133,-33.975220560891074,0.41103379136709256,0.535081866982037,0.46165617555552135,-6012.668151656739,-5424.628085396527,1934.704270814331,0.4444444444444444,0.0,0.3
3.65,14.781716570839324,6.482997501914199,16.140892211722733,-1.8731045966905049,-0.6858591273146282,-0.174,0.5288925751947446,-9.444746007742252,108.4668094282919,-34.24281703767067,0.413318403475767,0.5372087209944458,0.464091559048397,-6011.80234663098,-5424.053790102201,1938.8912840193673,0.4444444444444444,0.0,0.3
3.6666666666666665,14.71635635258721,6.494171378749372,16.08556514993805,-1.8845403818498536,-0.6863196094134553,-0.174,0.533068151327722,-9.443509868072425,108.49501966886501,-34.50976861677243,0.4155865833065924,0.5393174183613096,0.46651226869423557,-6010.935716374358,-5423.474534465395,1943.0855156946811,0.4444444444444444,0.0,0.3
3.683333333333333,14.650892639102489,6.504729978446318,16.029977143308898,-1.8959838177709365,-0.6867777992003077,-0.174,0.5372469799899022,-9.442270521083927,108.52068863790122,-34.77604741346951,0.41783794799571666,0.5414075409991389,0.46891795768849137,-6010.068359425402,-5422.890367780699,1947.2865066447166,0.4444444444444444,0.0,0.3
3.6999999999999997,14.585332624698792,6.514670667373044,15.974131014782422,-1.9074348667435492,-0.6872337442484573,-0.174,0.5414285950814359,-9.441028097742134,108.54382414715745,-35.041625611972556,0.42007211015632423,0.5434786656135997,0.4713082754139615,-6009.20037435842,-5422.301340880725,1951.4937955345092,0.4444444444444444,0.0,0.3
3.716666666666667,14.519683535438118,6.523990909117715,15.918029631569459,-1.9188934918547833,-0.6876874925520698,-0.174,0.5456125297916632,-9.43978272999818,108.56443431844674,-35.30647546891441,0.42228867779301593,0.5455303636035899,0.4736828673667833,-6008.331859774883,-5421.707506172505,1955.7069189706574,0.4444444444444444,0.0,0.3
3.7333333333333334,14.453952627866666,6.532688264956305,15.861675905644761,-1.9303596569958565,-0.6881390925086682,-0.174,0.5497983166853513,-9.438534550809115,108.58252758316767,-35.570569316833264,0.42448725421451755,0.5475622009636119,0.4760413750808786,-6007.462914294217,-5421.1089176705555,1959.925411582452,0.4444444444444444,0.0,0.3
3.75,14.38814718774891,6.540760394296715,15.805072794262207,-1.9418333268686507,-0.6885885929011519,-0.174,0.5539854877885637,-9.437283694155244,108.5981126817961,-35.83387956765371,0.42666743794471435,0.5495737381844491,0.47838343605083605,-6006.5936365440575,-5420.505631026794,1964.1488061031132,0.4444444444444444,0.0,0.3
3.7666666666666666,14.32227452880038,6.548205055099442,15.748223300485487,-1.953314466991943,-0.6890360428794037,-0.174,0.5581735746741634,-9.43603029505495,108.61119866333871,-36.096378716165425,0.4288288226320096,0.5515645301521495,0.48070868365322517,-6005.7241251500145,-5419.8977035575035,1968.37663345113,0.4444444444444444,0.0,0.3
3.783333333333333,14.256341991419585,6.555020104274895,15.691130473734562,-1.964803043707327,-0.6894814919415085,-0.174,0.5623621085468447,-9.434774489577059,108.6217948847488,-36.35803934349911,0.43097099695700836,0.5535341260453305,0.4830167470663403,-6004.854478725,-5419.285194267503,1972.608422811654,0.4444444444444444,0.0,0.3
3.8,14.190356941419555,6.561203498057472,15.63379741034838,-1.9762990241848166,-0.6899249899146122,-0.174,0.5665506203277282,-9.433516414850963,108.6299110103041,-36.61883412059924,0.4330935445385284,0.55548206923082,0.4853072511883683,-6003.984795858165,-5418.668163871668,1976.8437017179285,0.4444444444444444,0.0,0.3
3.8166666666666664,14.124326768759378,6.5667532923565055,15.576227254164204,-1.9878023764281296,-0.6903665869354431,-0.174,0.5707386407384276,-9.432256209074621,108.63555701094687,-36.8787358116934,0.4351960438379464,0.5574078971576482,0.487579816553982,-6003.115175103475,-5418.046674813966,1981.0819961327231,0.4444444444444444,0.0,0.3
3.8333333333333335,14.058258886276205,6.571667643084239,15.518423197113947,-1.9993130692796397,-0.6908063334305219,-0.174,0.5749257003845885,-9.430994011520555,108.63874316358613,-37.137717277757716,0.43727806806188657,0.5593111412494196,0.48983405924935886,-6002.2457149679685,-5417.420791284119,1985.3228305297464,0.4444444444444444,0.0,0.3
3.85,13.992160728418108,6.575944806460963,15.46038847983798,-2.0108310724249994,-0.6912442800960797,-0.174,0.5791113298388524,-9.429729962539996,108.63948005036221,-37.39575147997808,0.4393391850632647,0.5611913267950875,0.4920695908256278,-6001.376513899747,-5416.790579232011,1989.5657279750076,0.4444444444444444,0.0,0.3
3.8666666666666667,13.9260397499782,6.579583139297502,15.402126392316772,-2.022356356397421,-0.6916804778777096,-0.174,0.5832950597232265,-9.428464203565243,108.63777855787367,-37.6528114832069,0.44137895724070353,0.5630479728381659,0.49428601821075097,-6000.507670275709,-5416.15610637997,1993.8102102081084,0.4444444444444444,0.0,0.3
3.8833333333333333,13.859903424830383,6.582581099255205,15.343640274520805,-2.0338888925816216,-0.6921149779497676,-0.174,0.5874764207908041,-9.42719687711037,108.63364987636655,-37.90887045941481,0.4433969414363377,0.5648805920644161,0.4964829436198475,-5999.639282389073,-5415.517442233,1998.0557977234312,0.4444444444444444,0.0,0.3
3.9,13.79375924466716,6.584937245083656,15.284933517079185,-2.0454286532174164,-0.6925478316945491,-0.174,0.5916549440068515,-9.425928126770366,108.62710549888611,-38.16390169113727,0.4453926888320316,0.5666886906880506,0.4986599644639686,-5998.771448436725,-5414.874658087074,2002.3020098512031,0.4444444444444444,0.0,0.3
3.9166666666666665,13.72761471773982,6.586650236836278,15.226009561967388,-2.0569756114029674,-0.6929790906812546,-0.174,0.5958301606291796,-9.424658097218792,108.61815722039101,-38.41787857491544,0.44736574484403663,0.5684717683365026,0.5008166732573379,-5997.904266506397,-5414.2278270355755,2006.548364838417,0.4444444444444444,0.0,0.3
3.933333333333333,13.661477367601389,6.5877188360640835,15.166871903214535,-2.068529741097676,-0.6934088066447662,-0.174,0.6000016022878243,-9.423386934204,108.60681713683016,-38.67077462473122,0.4493156490161199,0.5702293179338178,0.502952657523073,-5997.037834563727,-5413.577023973946,2010.7943799295729,0.4444444444444444,0.0,0.3
3.9499999999999997,13.595354731852682,6.588141905987753,15.107524087630674,-2.0800910171247238,-0.6938370314642534,-0.174,0.604168801063981,-9.42211478454407,108.59309764418217,-38.92256347543593,0.4512419349111989,0.5719608255827276,0.5050674996974072,-5996.172250439209,-5412.922325602645,2015.0395714472338,0.4444444444444444,0.0,0.3
3.966666666666667,13.52925436089179,6.5879184116483085,15.047969715554464,-2.0916594151732504,-0.6942638171416242,-0.174,0.6083312895681758,-9.420841796120436,108.57701143745743,-39.17321888617243,0.4531441300015241,0.5736657704454738,0.5071607770324317,-5995.307611815067,-5412.263810428455,2019.283454872359,0.4444444444444444,0.0,0.3
3.9833333333333334,13.463183816667334,6.587047420036617,14.988212441621725,-2.1032349118001763,-0.6946892157798397,-0.174,0.6124886010176613,-9.419568117870314,108.558571509663,-39.422714743790245,0.45502175555745433,0.5753436246234607,0.5092320614973872,-5994.44401621205,-5411.601558764227,2023.5255449244087,0.4444444444444444,0.0,0.3
4.0,13.397150671435794,6.585528100201967,14.928255975555292,-2.114817484431658,-0.695113279561108,-0.174,0.6166402693129993,-9.418293899778,108.53779115073033,-39.6710250662535,0.4568743265348766,0.5769938530358163,0.5112809196785317,-5993.581560976217,-5410.935652727102,2027.7653556411838,0.4444444444444444,0.0,0.3
4.016666666666667,13.331162506523187,6.583359723339996,14.86810408297658,-2.12640711136418,-0.6955360607249745,-0.174,0.6207858291138306,-9.417019292865012,108.51468394640588,-39.91812400604111,0.4587013514613287,0.5786159132969584,0.513306912677619,-5992.720343265669,-5410.266176235262,2032.002400458398,0.4444444444444444,0.0,0.3
4.033333333333333,13.265226911091435,6.580541662860235,14.807760586239358,-2.138003771765286,-0.6959576115463239,-0.174,0.6249248159137943,-9.415744449179263,108.48926377710465,-40.163985853539145,0.46050233232088583,0.5802092555932619,0.5153095960090247,-5991.860460037295,-5409.593215003283,2036.2361922889472,0.4444444444444444,0.0,0.3
4.05,13.199351480909648,6.577073394433541,14.74722936528612,-2.1496074456739316,-0.6963779843133091,-0.174,0.629056766114596,-9.414469521783127,108.46154481672684,-40.4085850404249,0.46227676443788357,0.5817733225589417,0.5172885194955633,-5991.0020080335225,-5408.916856536099,2040.466243601875,0.4444444444444444,0.0,0.3
4.066666666666666,13.133543817130606,6.572954496019712,14.68651435852753,-2.1612181140004796,-0.6967972313052239,-0.174,0.6331812170991853,-9.413194664740624,108.43154153143742,-40.651896143042386,0.46402413635955353,0.5833075491512687,0.5192432271630408,-5990.145083769095,-5408.237190121663,2044.692066501,0.4444444444444444,0.0,0.3
4.083333333333333,13.067811525072692,6.568184647875569,14.625619563745358,-2.1728357585263196,-0.6972154047703307,-0.174,0.6372977073040711,-9.411920033103588,108.39926867840913,-40.89389388576892,0.4657439297376563,0.5848113625252522,0.5211732571335977,-5989.289783517891,-5407.554306822307,2048.9131728032053,0.4444444444444444,0.0,0.3
4.1,13.002162213007507,6.562763632543814,14.564549039019367,-2.18446036190312,-0.6976325569036619,-0.174,0.641405776290696,-9.410645782897012,108.36474130452842,-41.13455314437248,0.4674356192092047,0.5862841819079283,0.523078141517897,-5988.4362032997915,-5406.8682994648625,2053.1290741163602,0.4444444444444444,0.0,0.3
4.116666666666666,12.936603490953395,6.556691334822959,14.503306903678556,-2.1960919076517103,-0.6980487398248061,-0.174,0.6455049648159314,-9.409372071103457,108.32797474506499,-41.37384894935961,0.46909867227637825,0.5877254184724108,0.5249574063062213,-5987.584438867622,-5406.179262629561,2057.339281916872,0.4444444444444444,0.0,0.3
4.133333333333333,12.871142969475091,6.549967741718634,14.441897339277231,-2.20773038016059,-0.698464005555695,-0.174,0.6495948149016089,-9.408099055646657,108.28898462230444,-41.61175648931336,0.47073254918573965,0.5891344752118695,0.5268105712585491,-5986.734585694161,-5405.487292637762,2061.5433076268437,0.4444444444444444,0.0,0.3
4.15,12.805788258489697,6.542592942376593,14.380324590596299,-2.2193757646840724,-0.6988784059984039,-0.174,0.6536748699031389,-9.406826895374312,108.24778684414456,-41.84825111422111,0.4723367028068714,0.5905107468136177,0.5286371497936841,-5985.886738959237,-5404.792487538524,2065.7406626908282,0.4444444444444444,0.0,0.3
4.166666666666667,12.740546966079146,6.534567127997741,14.318592966670195,-2.2310280473400543,-0.6992919929129796,-0.174,0.6577446745771742,-9.405555750040048,108.204397602655,-42.083308338791994,0.4739105785105647,0.5918536195335014,0.5304366488775206,-5985.040993536931,-5404.094947094058,2069.9308586521743,0.4444444444444444,0.0,0.3
4.183333333333334,12.675426697309385,6.525890591735494,14.256706841839925,-2.2426872151074186,-0.6997048178953086,-0.174,0.6618037751483028,-9.404285780284654,108.15883337260067,-42.31690384576346,0.4754536140466982,0.5931624710707999,0.5322085689105356,-5984.197443982865,-5403.394772764086,2074.1134072289383,0.4444444444444444,0.0,0.3
4.2,12.610435053056383,6.516563728575792,14.19467065683254,-2.2543532558230686,-0.7001169323550392,-0.174,0.6658517193747944,-9.403017147616548,108.11111090992856,-42.549013489196795,0.47696523942196084,0.594436670443864,0.5339524036146023,-5983.356184521625,-5402.692067689128,2078.2878203893633,0.4444444444444444,0.0,0.3
4.216666666666667,12.54557962883913,6.506587035200119,14.1324889198675,-2.266026158178594,-0.7005283874935706,-0.174,0.6698880566133676,-9.401750014391501,108.06124725021851,-42.77961329776124,0.47844487677758085,0.5956755778667321,0.535667639919235,-5982.517309034285,-5401.986936672749,2082.4536104269087,0.4444444444444444,0.0,0.3
4.233333333333333,12.480868013659787,6.495961109831831,14.070166207790283,-2.277705911716573,-0.7009392342821207,-0.174,0.6739123378829817,-9.400484543791663,108.00925970709771,-43.00867947800642,0.4798919402672386,0.5968785446269842,0.5373537578473744,-5981.68091104607,-5401.279486162782,2086.6102900348283,0.4444444444444444,0.0,0.3
4.25,12.416307788851087,6.484686652066137,14.007707167233647,-2.2893925068265064,-0.7013495234398863,-0.174,0.6779241159276514,-9.399220899803897,107.95516587061891,-43.236188417622785,0.4813058359353514,0.598044912965112,0.5390102304008393,-5980.8470837141385,-5400.569824231547,2090.7573723802793,0.4444444444444444,0.0,0.3
4.266666666666667,12.351906526931101,6.472764462684073,13.94511651580685,-2.3010859347403914,-0.7017593054123077,-0.174,0.6819229452782718,-9.39795924719738,107.8989836056028,-43.462116688689726,0.4826859615959367,0.5991740159557029,0.5406365234455788,-5980.0159198155225,-5399.858060555093,2094.8943711779625,0.4444444444444444,0.0,0.3
4.283333333333333,12.287671790465483,6.460195443450787,13.88239904331321,-2.312786187527934,-0.7021686303494491,-0.174,0.6859083823134657,-9.396699751500618,107.8407310499441,-43.68644105091112,0.48403170671226986,0.6002651773907564,0.5422320955968652,-5979.187511735184,-5399.14430639149,2099.0208007632846,0.4444444444444444,0.0,0.3
4.3,12.223611130937266,6.4469805968984835,13.819559612996319,-2.3244932580914024,-0.7025775480845081,-0.174,0.6898799853194384,-9.395442578977708,107.78042661288197,-43.90913845483793,0.4853424522775738,0.6013177116654731,0.5437963981045832,-5978.361951454247,-5398.42867455816,2103.136176165036,0.4444444444444444,0.0,0.3
4.316666666666666,12.159732087624299,6.433121026094359,13.756603162815207,-2.3362071401601217,-0.702986108112465,-0.174,0.6938373145488481,-9.394187896604027,107.71808897323434,-44.130186045077686,0.4866175706969906,0.602330923666881,0.5453288747387817,-5977.5393305383495,-5397.711279408311,2107.2400131775794,0.4444444444444444,0.0,0.3
4.333333333333333,12.096042186484379,6.418617934393857,13.693534706748737,-2.3479278282846177,-0.703394359568885,-0.174,0.6977799322786842,-9.392935872041233,107.65373707759657,-44.34956116349038,0.48785642567110415,0.603304108665685,0.5468289616756629,-5976.719740126178,-5396.992236806437,2111.3318284325455,0.4444444444444444,0.0,0.3
4.35,12.032548939048135,6.403472625179577,13.6303593361295,-2.359655317830406,-0.7038023512088823,-0.174,0.7017074028671688,-9.39168667361167,107.58739013850422,-44.56724135237057,0.48905837208130254,0.6042365522117551,0.5482960873842019,-5975.903270918138,-5396.271664102958,2115.4111394700317,0.4444444444444444,0.0,0.3
4.366666666666666,11.969259841319698,6.387686501586184,13.567082221007388,-2.3713896049714345,-0.7042101313862613,-0.174,0.7056192928096623,-9.390440470272134,107.5190676325602,-44.783204357615475,0.49022275587728664,0.6051275300336925,0.549729672513599,-5975.09001316519,-5395.549680107973,2119.477464809302,0.4444444444444444,0.0,0.3
4.383333333333333,11.9061823726852,6.371261066211623,13.503708611543122,-2.3831306866831783,-0.7046177480328412,-0.174,0.7095151707936092,-9.389197431587041,107.44878929852634,-44.99742813187851,0.49134891396705305,0.6059763079429421,0.5511291297817824,-5974.280056657847,-5394.8264050641565,2123.5303240189846,0.4444444444444444,0.0,0.3
4.4,11.843323994829099,6.354197920814995,13.440243839431794,-2.394878560735395,-0.7050252486379804,-0.174,0.7133946077524791,-9.387957727701,107.37657513537931,-45.2098908377083,0.4924361741097016,0.6067821417429514,0.552493863865194,-5973.473490715336,-5394.101960618832,2127.5692377867645,0.4444444444444444,0.0,0.3
4.416666666666667,11.780692150658373,6.336498766001387,13.376693319356653,-2.4066332256845366,-0.7054326802283073,-0.174,0.7172571769187637,-9.386721529310748,107.30244540033105,-45.42057085067258,0.49348385481143786,0.6075442771439008,0.5538232712901086,-5972.6704041749135,-5393.376469795194,2131.593727988578,0.4444444444444444,0.0,0.3
4.433333333333334,11.718294263234519,6.318165400894021,13.3130625504731,-2.41839468086583,-0.70584008934767,-0.174,0.7211024538759934,-9.385489007636556,107.22642060681378,-45.629446762466806,0.49449126522517134,0.6082619496835739,0.555116740325749,-5971.870885381355,-5392.650056962742,2135.603317757297,0.4444444444444444,0.0,0.3
4.45,11.656137734713418,6.299199722793985,13.249357117923038,-2.430162926385022,-0.7062475220373156,-0.174,0.7249300166097945,-9.384260334393007,107.14852152242953,-45.83649738400722,0.4954577050541252,0.6089343846549573,0.5563736508794817,-5971.075022176598,-5391.922847806916,2139.597531550916,0.4444444444444444,0.0,0.3
4.466666666666667,11.594229945292977,6.27960372682793,13.185582694379478,-2.4419379631098,-0.7066550238163093,-0.174,0.728739445558007,-9.383035681759216,107.06876916686451,-46.04170174850798,0.49638246445991163,0.6095607970412065,0.5575933743943928,-5970.282901889557,-5391.194969297935,2143.5758952202336,0.4444444444444444,0.0,0.3
4.483333333333333,11.532578252168554,6.259379505583974,13.121745041621399,-2.453719792660888,-0.7070626396622034,-0.174,0.7325303236598368,-9.381815222348477,106.98718480976801,-46.24503911454211,0.49726482397554483,0.6101403914586454,0.5587752737495658,-5969.494611326092,-5390.466549658895,2147.5379360760376,0.4444444444444444,0.0,0.3
4.5,11.471189988496098,6.238529248736169,13.057850012138667,-2.465508417402819,-0.7074704139919658,-0.174,0.736302236404093,-9.380599129177341,106.90378996859619,-46.44648896908589,0.4981040544238984,0.6106723621085076,0.5599187031633999,-5968.71023675915,-5389.737718333085,2151.483182955791,0.4444444444444444,0.0,0.3
4.516666666666667,11.410072462362965,6.217055242657818,12.993903550766902,-2.477303840434399,-0.707878390643179,-0.174,0.74005477187649,-9.379387575634127,106.81860640642063,-46.646031030546546,0.4988994168421427,0.6111558927381702,0.5610230081003336,-5967.929863919052,-5389.008605950583,2155.411166289829,0.4444444444444444,0.0,0.3
4.533333333333333,11.34923295576634,6.194959870023924,12.929911696351974,-2.489106065578856,-0.7082866128555191,-0.174,0.7437875208060292,-9.378180735446886,106.7316561297018,-46.8436452517727,0.49965016241272975,0.6115901566126699,0.5620875251813546,-5967.1535779839505,-5388.279344294122,2159.3214181670573,0.4444444444444444,0.0,0.3
4.55,11.288678723599201,6.172245609403081,12.865880583443827,-2.500915097373685,-0.7086951232525228,-0.174,0.7475000766104838,-9.37697878265082,106.64296138602751,-47.039311823047505,0.5003555324015256,0.6119743164973392,0.5631115820987058,-5966.3814635704375,-5387.55006626424,2163.2134724001794,0.4444444444444444,0.0,0.3
4.566666666666666,11.22841699264373,6.148915034839087,12.80181644401921,-2.5127309410601915,-0.7091039638236544,-0.174,0.7511920354409836,-9.375781891555118,106.55254466181623,-47.233011175063986,0.5010147581037284,0.6123075246524446,0.5640944975352197,-5965.613604724303,-5386.820905843724,2167.086864590429,0.4444444444444444,0.0,0.3
4.583333333333333,11.168454960572094,6.1249708154225475,12.73772560923281,-2.524553602572738,-0.70951317590668,-0.174,0.7548629962257225,-9.374590236709277,106.46042867998555,-47.42472398188239,0.5016270607982428,0.6125889228407548,0.565035581088738,-5964.850084911448,-5386.091998061383,2170.941132191839,0.4444444444444444,0.0,0.3
4.6,11.108799794954495,6.100415714852756,12.673614511196224,-2.536383088527705,-0.7099228001703584,-0.174,0.75851256071279,-9.373403992868901,106.3666363975857,-47.61443116386912,0.5021916517112207,0.6128176423490219,0.5659341332021018,-5964.0909870089445,-5385.363478955139,2174.775814575038,0.4444444444444444,0.0,0.3
4.616666666666666,11.049458632274405,6.075252590990104,12.609489684784048,-2.5482194062121617,-0.7103328765974589,-0.174,0.7621403335121499,-9.372223334960879,106.2711910033981,-47.802113890617086,0.50270773198952,0.6129928040244037,0.5667894450992274,-5963.336393296228,-5384.635485534449,2178.5904530905827,0.4444444444444444,0.0,0.3
4.633333333333333,10.990438576950822,6.049484395399285,12.545357769466293,-2.5600625635722585,-0.7107434444681122,-0.174,0.7657459221367766,-9.371048438048124,106.17411591549929,-47.98775358384701,0.5031744926848709,0.6131135183269134,0.5676007987278061,-5962.5863854464405,-5383.908155742098,2182.3845911318404,0.4444444444444444,0.0,0.3
4.65,10.931746700367496,6.023114172883551,12.481225511166215,-2.571912569201347,-0.7111545423435052,-0.174,0.769328937042963,-9.369879477293733,106.07543477878994,-48.17133192028949,0.5035911147495853,0.6131788853990355,0.568367466709206,-5961.8410445179015,-5383.181628415339,2186.157774197421,0.4444444444444444,0.0,0.3
4.666666666666667,10.873390039908957,5.996145061010236,12.417099764142542,-2.5837694323278306,-0.7115662080499261,-0.174,0.7728889916698094,-9.368716627924606,105.97517146248916,-48.352830834547355,0.503956769044685,0.6131879951537011,0.5690887122961764,-5961.100450945697,-5382.456043246426,2189.9095499531686,0.4444444444444444,0.0,0.3
4.683333333333334,10.815375598003213,5.968580289627827,12.352987492894872,-2.595633162802753,-0.7119784786631702,-0.174,0.7764257024779244,-9.36756006519455,105.87335005759418,-48.53223252193816,0.5042706163613772,0.6131399273818833,0.5697637893389982,-5960.364684533401,-5381.731540742525,2193.639468293727,0.4444444444444444,0.0,0.3
4.7,10.757710341171022,5.9404231803747605,12.288895774091003,-2.6075037710871314,-0.712391390493311,-0.174,0.7799386889873272,-9.366409964346872,105.7699948743054,-48.709519441316424,0.5045318074568444,0.6130337518811184,0.5703919422607476,-5959.633824444905,-5381.008262185037,2197.3470814036755,0.4444444444444444,0.0,0.3
4.716666666666667,10.700401199081533,5.911677146180204,12.224831798514646,-2.619381268239039,-0.7128049790698479,-0.174,0.7834275738146013,-9.365266500576404,105.66513043941679,-48.88467431787513,0.5047394831053761,0.6128685286063364,0.5709724060423899,-5958.907949196349,-5380.286349588337,2201.031943818258,0.4444444444444444,0.0,0.3
4.733333333333333,10.643455063614226,5.882345690757004,12.160802873031978,-2.6312656659004445,-0.7132192791272347,-0.174,0.7868919827092844,-9.364129848991048,105.5587814936718,-49.05768014592648,0.5048927741659073,0.6126433078444329,0.5715044062184411,-5958.187136648162,-5379.565945657933,2204.693612483704,0.4444444444444444,0.0,0.3
4.75,10.586878787926926,5.852432408087021,12.09681642257517,-2.6431569762838127,-0.7136343245907986,-0.174,0.7903315445895327,-9.363000184572762,105.45097298908485,-49.228520191661204,0.5049908016670962,0.6123571304140865,0.5719871588839924,-5957.471463997165,-5378.847193748083,2208.331646817156,0.4444444444444444,0.0,0.3
4.766666666666667,10.530679185529785,5.821940981899035,12.03287999214094,-2.6550552121584787,-0.7140501485630548,-0.174,0.7937458915770708,-9.36187768213803,105.34173008622818,-49.3971779958864,0.5050326769111141,0.6120090278923909,0.5724198707139152,-5956.76100776878,-5378.130237818845,2211.9456087662124,0.4444444444444444,0.0,0.3
4.783333333333333,10.474863029365048,5.790875185139404,11.969001248801925,-2.666960386836792,-0.7144667833104243,-0.174,0.7971346590314363,-9.360762516297797,105.23107815148454,-49.56363737674135,0.505017501597383,0.6115980228699317,0.5728017389951193,-5956.055843809275,-5377.415222392619,2215.5350628680953,0.4444444444444444,0.0,0.3
4.8,10.419437050892467,5.759238879435657,11.905187983728522,-2.6788725141600502,-0.7148842602503613,-0.174,0.8004974855835627,-9.359654861416889,105.11904275426532,-49.72788243239101,0.5049443679675518,0.6111231292360078,0.5731319516727725,-5955.356047278081,-5376.702292510141,2219.099576308456,0.4444444444444444,0.0,0.3
4.816666666666666,10.364407939180163,5.727036014553182,11.841448114218547,-2.690791608484218,-0.7153026099388957,-0.174,0.8038340131686832,-9.358554891572869,105.00564966419454,-49.88989754369698,0.5048123589730593,0.6105833524957651,0.5734096874114358,-5954.6616926401275,-5375.991593685998,2222.6387189798265,0.4444444444444444,0.0,0.3
4.833333333333333,10.30978234000079,5.694270627845166,11.777789685731884,-2.702717684665444,-0.7157218620585972,-0.174,0.807143887058611,-9.35746278051438,104.89092484825846,-50.04966737686529,0.5046205484666905,0.6099776901210752,0.5736341156721165,-5953.972853658208,-5375.2832718636155,2226.152063539723,0.4444444444444444,0.0,0.3
4.85,10.255566854932837,5.660946843695929,11.714220873927037,-2.714650758045381,-0.7161420454069669,-0.174,0.8104267558933929,-9.356378701618912,104.77489446792102,-50.20717688607097,0.5043680014195927,0.6093051319370584,0.5738043968062829,-5953.289603385336,-5374.577473369794,2229.639185468427,0.4444444444444444,0.0,0.3
4.866666666666666,10.201768040466883,5.627068872957803,11.650749986696226,-2.7265908444363185,-0.7165631878852593,-0.174,0.8136822717123628,-9.35530282785004,104.65758487620509,-50.36241131605885,0.5040537741652811,0.6085646605462192,0.5739196821679398,-5952.612014157077,-5373.874344868753,2233.099663126437,0.4444444444444444,0.0,0.3
4.883333333333333,10.14839240711663,5.592641012381662,11.587385466195377,-2.738537960106134,-0.7169853164877428,-0.174,0.8169100899846251,-9.354235331714062,104.53902261473974,-50.51535620472022,0.5036769146722198,0.6077552517922236,0.5739791142449048,-5951.940157583845,-5373.174033315719,2236.5330778116145,0.4444444444444444,0.0,0.3
4.9,10.095446418534564,5.557667644041241,11.524135890865105,-2.7504921217630667,-0.7174084572913997,-0.174,0.8201098696389706,-9.353176385216074,104.41923441077326,-50.66599738564514,0.5032364628466298,0.6068758752654151,0.5739818268104829,-5951.274104543105,-5372.476685910074,2239.939013816029,0.4444444444444444,0.0,0.3
4.916666666666667,10.042936490632048,5.522153234751335,11.461009977438437,-2.7624533465403274,-0.7178326354460726,-0.174,0.8232812730932686,-9.352126159815446,104.29824717415224,-50.8143209906498,0.5027314508672361,0.6059254948522259,0.5739269450967832,-5950.613925171484,-5371.7824500480665,2243.3170584825166,0.4444444444444444,0.0,0.3
4.933333333333334,9.990868990703676,5.486102335479994,11.398016582930705,-2.7744216519805467,-0.7182578751650585,-0.174,0.8264239662833415,-9.35108482638066,104.17608799426678,-50.96031345227867,0.502160903553725,0.604903069330698,0.5738135859909749,-5949.959688856727,-5371.0914732750925,2246.6668022609615,0.4444444444444444,0.0,0.3
4.95,9.939250236555736,5.449519580754784,11.33516470660674,-2.7863970560200726,-0.7186841997161546,-0.174,0.8295376186913566,-9.350052555143513,104.05278413696163,-51.103961506281166,0.5015238387707467,0.603807553014388,0.5736408582558341,-5949.311464229472,-5370.403903237571,2249.987838764312,0.4444444444444444,0.0,0.3
4.966666666666667,9.88808649563858,5.412409688063206,11.272463491920057,-2.7983795769731232,-0.7191116314131577,-0.174,0.8326219033737532,-9.349029515652626,103.92836304141365,-51.24525219406219,0.5008192678693557,0.6026378964469761,0.573407862775981,-5948.669319154793,-5369.719887634414,2253.2797648243395,0.4444444444444444,0.0,0.3
4.983333333333333,9.837383984182765,5.374777457247333,11.209922228418433,-2.8103692335158024,-0.7195401916078188,-0.174,0.835676496988734,-9.348015876726272,103.8028523169753,-51.384172865106336,0.5000461961678402,0.601393047149954,0.5731136928312665,-5948.033320723446,-5369.039574168106,2256.542180547159,0.4444444444444444,0.0,0.3
