t,vx,vy,speed,yaw,yaw_rate,steering_angle,ax,ay,pos_x,pos_y,sideslip,alpha_f,alpha_r,fy_f,fy_r,f_long,throttle,brake,steer_cmd
0.0,19.596880022602594,-0.04010060667112437,19.596921050995128,-0.00027751155436198934,-0.03173253160175464,-0.075,0.8013222987093214,-3.9313310779008908,54.491438286587545,-0.0003980818528398042,-0.002046272195099661,0.07236213869011889,6.008996821582979e-05,-4457.037013868993,-4.904305830855634,1631.0322646457223,0.4444444444444444,0.0,0.2
0.016666666666666666,19.6069297396863,-0.09631820393091556,19.607166317788085,-0.0013567203499309718,-0.08506766734757966,-0.11599999999999999,0.5612026489663846,-4.740837816616687,54.81815967947481,-0.0019533990965998472,-0.004912417723207562,0.10718435392480166,0.0006756423285954153,-5352.062252733139,-55.084939522504484,1630.3247194024568,0.4444444444444444,0.0,0.2
0.03333333333333333,19.616615216868567,-0.13665104293635705,19.61709117260291,-0.003325692623546067,-0.137685045567435,-0.11599999999999999,0.5696414231191982,-4.7411381259738175,55.14503595736324,-0.004824486741581068,-0.006965974052977368,0.10152948151524867,0.00206592443381585,-5251.570101849022,-168.3976141457693,1629.7080340398468,0.4444444444444444,0.0,0.2
0.05,19.626629418810666,-0.16080132909374892,19.627288131852616,-0.006144878291335001,-0.1876714270754819,-0.11599999999999999,0.5780007029183764,-4.790442731432709,55.47206630886752,-0.009016319383915254,-0.008192834737359427,0.0968856675581519,0.004128410456753354,-5158.547499987264,-336.22477477506425,1629.0704225111615,0.4444444444444444,0.0,0.2
0.06666666666666667,19.63695282045049,-0.17047606200956994,19.63769279116864,-0.009765746959821681,-0.2345972622056843,-0.11599999999999999,0.5857231365835882,-4.8843488935953605,55.799248987253726,-0.01454615317599349,-0.008681172737503252,0.09319513945879848,0.006743532784547762,-5077.261470142406,-548.1137685119386,1628.4123768065124,0.4444444444444444,0.0,0.2
0.08333333333333333,19.6475258711854,-0.1674088726758891,19.64823907095876,-0.014134204832896177,-0.2781844329723253,-0.11599999999999999,0.5923688056328317,-5.017477583766963,56.126580697870324,-0.02144338151587864,-0.008520402141848566,0.09038800403821307,0.009800381232233172,-5010.756708205133,-793.7361840326498,1627.7371500704717,0.4444444444444444,0.0,0.2
0.1,19.65826103079716,-0.1532984250122302,19.658858745157854,-0.019192955913010398,-0.3182901528805547,-0.11599999999999999,0.5976407109328914,-5.183539255670223,56.45405639531911,-0.029747954355881887,-0.007798010081028158,0.08838656032197825,0.013198899049513723,-4960.734997000889,-1063.1066397880243,1627.0499840963732,0.4444444444444444,0.0,0.2
0.11666666666666667,19.66905408362227,-0.12975623970997696,19.669482078239927,-0.02488355905079571,-0.3548875801867206,-0.11599999999999999,0.6013869347382582,-5.375639396527641,56.78166911414197,-0.03950855872195437,-0.006596878369141328,0.08710938583931642,0.016851415309978246,-4927.622480763269,-1346.8982467633327,1626.3573647050027,0.4444444444444444,0.0,0.2
0.13333333333333333,19.67979381508667,-0.09826790907518668,19.68003915611647,-0.03114813949960464,-0.38804445772086754,-0.11599999999999999,0.6035834167701379,-5.586725483406418,57.10940985018468,-0.05078065684108922,-0.004993298877592982,0.08647489079192378,0.020683359567779478,-4910.78679360606,-1636.7713520078662,1625.6663704007194,0.4444444444444444,0.0,0.2
0.15,19.6903695951222,-0.06016897101700587,19.69046152576384,-0.03793073708335705,-0.4179012280329502,-0.11599999999999999,0.6043060626050226,-5.810041389820031,57.43726750117352,-0.0636245085462759,-0.003055746792792458,0.08640415395484377,0.02463315685305237,-4908.823756100325,-1925.6339699087584,1624.9841506782307,0.4444444444444444,0.0,0.2
0.16666666666666666,19.700676800092957,-0.016634380921637153,19.700683822759796,-0.045178297240307294,-0.44465004902736716,-0.11599999999999999,0.6036997671424854,-6.039492548622135,57.76522886696912,-0.07810329996920239,-0.0008443556095734378,0.08682298261854746,0.028651433457603754,-4919.848499112437,-2207.782994229803,1624.3175439279962,0.4444444444444444,0.0,0.2
0.18333333333333332,19.710620272947242,0.03132096371690737,19.71064515806337,-0.05284133286752993,-0.4685159100587669,-0.11599999999999999,0.601949634104511,-6.269876816265569,58.09327870361879,-0.09428147238794767,0.0015890386462176533,0.08766323844926951,0.0326997413340051,-4941.749554205592,-2478.9148831589046,1623.67282565515,0.4444444444444444,0.0,0.2
0.2,19.720116166828426,0.08283377081497878,19.720290136476066,-0.060874301028188534,-0.48974066318098686,-0.11599999999999999,0.5992572821706217,-6.496980265022977,58.42139982131173,-0.11222330739835075,0.004200446029203098,0.08886353348292532,0.03674902522574664,-4972.386647165911,-2736.0263818798435,1623.0555665083837,0.4444444444444444,0.0,0.2
0.21666666666666667,19.729092563118275,0.13717898129843414,19.72956946912423,-0.06923574752872323,-0.5085703390078645,-0.11599999999999999,0.595823224067504,-6.71756409613965,58.74957321462908,-0.13199178849521503,0.006953019772032606,0.0903694286486706,0.0407780268377759,-5009.729115984508,-2977.24228422571,1622.4705752652376,0.4444444444444444,0.0,0.2
0.23333333333333334,19.737489233573136,0.19375396780985585,19.738440208016883,-0.07788827424158176,-0.5252457157306892,-0.11599999999999999,0.5918350560862119,-6.929278664696283,59.07777821361454,-0.15364773103348586,0.009816230534903783,0.0921332696799896,0.04477176736018052,-5051.941435726144,-3201.6090917902916,1621.9219024123756,0.4444444444444444,0.0,0.2
0.25,19.7452568588659,0.25206213942961125,19.746865668878307,-0.08679838033719593,-0.5399958198684622,-0.11599999999999999,0.5874605368778495,-7.130538581997029,59.40599264552927,-0.17724915432452903,0.01276501239167843,0.09411378154095631,0.04872019352014508,-5097.426573425591,-3408.8860887154315,1621.4128832262652,0.4444444444444444,0.0,0.2
0.26666666666666666,19.752355946025798,0.3116971635526673,19.754815122907818,-0.09593622139333714,-0.5530338764554834,-0.11599999999999999,0.5828444071882368,-7.320385124961011,59.734192999087654,-0.20285086036802627,0.015778942810876842,0.09627552080716556,0.05261702531263516,-5144.838617742615,-3599.3546272596727,1620.9462036525645,0.4444444444444444,0.0,0.2
0.2833333333333333,19.758755619874652,0.37232850814271695,19.762263336063103,-0.10527532167093752,-0.5645551768001855,-0.11599999999999999,0.5781078405442703,-7.498353257273995,60.06235458503278,-0.23050418119990232,0.018841492610151122,0.09858826178444352,0.05645881024331236,-5193.074913613651,-3773.6563390345013,1620.5239767096816,0.4444444444444444,0.0,0.2
0.3,19.764432406186636,0.43368863650312073,19.769190023168687,-0.11479226619283521,-0.574736359666758,-0.11599999999999999,0.5733495859287366,-7.6643528976164665,60.39045168880891,-0.260256858655216,0.02193936269423472,0.10102637022323653,0.06024416878635395,-5241.255911994551,-3932.6634174711794,1620.1478210112864,0.4444444444444444,0.0,0.2
0.31666666666666665,19.769369079464298,0.4955619392099919,19.77557926928242,-0.12446639155742648,-0.5837356721727114,-0.11599999999999999,0.5686480774899181,-7.818568495690497,60.71845771267985,-0.2921530245073572,0.025061911627987068,0.10356820012344181,0.06397320591694136,-5288.69880994012,-4077.3793620408464,1619.818936084708,0.4444444444444444,0.0,0.2
0.3333333333333333,19.7735536154683,0.5577753374105742,19.781418955950123,-0.13427948808161722,-0.59169386288487,-0.11599999999999999,0.5640639916838687,-7.961377423903659,61.046345305884216,-0.32623325403094283,0.02820067036499921,0.10619553485665736,0.06764706066035062,-5334.889162884338,-4208.866141651859,1619.5381714497653,0.4444444444444444,0.0,0.2
0.35,19.776978266103132,0.6201904106208549,19.78670021714944,-0.1442155209660866,-0.5987354441540419,-0.11599999999999999,0.5596429048695648,-8.093285717867307,61.37408648233261,-0.36253467115619986,0.03134893630989116,0.1088930834243028,0.0712675667468143,-5379.4531359306675,-4328.192901457647,1619.3060880199382,0.4444444444444444,0.0,0.2
0.36666666666666664,19.779638759679557,0.6826968670848127,19.791416939566133,-0.15426037457916209,-0.6049701345202031,-0.11599999999999999,0.5554178374351104,-8.214878803355212,61.70165272598606,-0.40109108805342664,0.034501437125782734,0.11164803551663767,0.07483700061489305,-5422.131935523815,-4436.401451453125,1619.1230114379573,0.4444444444444444,0.0,0.2
0.3833333333333333,19.781533620809622,0.7452071680794159,19.79556531434701,-0.16440162144323722,-0.6104943516846053,-0.11599999999999999,0.5514115664385979,-8.326784614550053,62.029015084468334,-0.4419331659964251,0.0376540543947128,0.11444967442914745,0.07835789685589992,-5462.759177648019,-4534.484357872094,1618.9890776022091,0.4444444444444444,0.0,0.2
0.4,19.78266359946143,0.807652126989437,19.799143442272616,-0.17462831584177635,-0.6153926721558954,-0.11599999999999999,0.5476386538646737,-8.42964663899764,62.35614425171101,-0.485088587658195,0.04080359776224656,0.11728904415947691,0.08183291499665116,-5501.241433310253,-4623.372204508773,1618.9042709994396,0.4444444444444444,0.0,0.2
0.4166666666666667,19.783031196637634,0.8699773214792709,19.802150990915763,-0.1849308109283643,-0.6197392070004002,-0.11599999999999999,0.5441071791726221,-8.524104724565454,62.68301064055627,-0.5305822336345944,0.0439476211315065,0.12015866558718766,0.08526474491656781,-5537.541876609829,-4703.9273300321265,1618.8684566275854,0.4444444444444444,0.0,0.2
0.43333333333333335,19.782640273746214,0.9321401776579609,19.804588900334434,-0.1953005976314177,-0.6235988665140088,-0.11599999999999999,0.540820189441067,-8.610781837506947,63.00958444628615,-0.5784363580565446,0.04708427355843113,0.12305229609096788,0.08865604105698886,-5571.666785370653,-4776.941998221635,1618.88140633987,0.4444444444444444,0.0,0.2
0.45,19.78149573331064,0.9941076058558923,19.806459132793208,-0.20573016336797995,-0.6270285024102548,-0.11599999999999999,0.537776893461726,-8.69027530613843,63.335835702035716,-0.6286707597348409,0.05021217858932847,0.12596472695943106,0.09200937790010037,-5603.654562280876,-4843.139493408863,1618.9428204165113,0.4444444444444444,0.0,0.2
0.4666666666666667,19.779603259757167,1.0558540869486044,19.807764461602485,-0.21621286850215443,-0.630077926304055,-0.11599999999999999,0.5349736316542925,-8.763151392291114,63.66173432700265,-0.6813029464762984,0.05333033679400073,0.1288916132738343,0.09532722102661577,-5633.566921264333,-4903.177054297138,1619.052345106431,0.4444444444444444,0.0,0.2
0.48333333333333334,19.776969110323645,1.1173601253578116,19.808508294175894,-0.2267428385323998,-0.6327908094852839,-0.11599999999999999,0.5324046545697336,-8.829942292342334,63.987250168301614,-0.7363482910976367,0.05643804714662273,0.13182933142951214,0.09861190948155199,-5661.481895239187,-4957.649879697101,1619.2095867996477,0.4444444444444444,0.0,0.2
0.5,19.77359994747769,1.1786109997130956,19.80869452466604,-0.23731487011432809,-0.6352054724599573,-0.11599999999999999,0.5300627410068637,-8.89114488117269,64.31235303723794,-0.793820178313031,0.059534843681590476,0.13477486001761166,0.10186564626412602,-5687.488351309165,-5007.095677627741,1619.4141234045837,0.4444444444444444,0.0,0.2
0.5166666666666666,19.76950270551006,1.2395957547280232,19.808327411932318,-0.24792434918616393,-0.637355574400484,-0.11599999999999999,0.5279396836905553,-8.94722068057409,64.63701274069926,-0.8537301421385681,0.0626204445063745,0.13772568034834895,0.10509049458126231,-5711.681737405404,-5051.999402415365,1619.6655134210073,0.4444444444444444,0.0,0.2
0.5333333333333333,19.764684485129305,1.3003063883294494,19.807411479045953,-0.2585671796393804,-0.6392707131403117,-0.11599999999999999,0.5260266668668373,-8.998596664956867,64.96119910828864,-0.9160879937864064,0.06569471079877563,0.14067969342619924,0.10828837812373618,-5734.160824137694,-5092.797948321307,1619.9633031227913,0.4444444444444444,0.0,0.2
0.55,19.759152470905672,1.360737196733636,19.80595143099852,-0.2692397211526537,-0.6409769461241578,-0.11599999999999999,0.5243145565457699,-9.045666618352678,65.28488201575229,-0.9809019402479566,0.06875761386550976,0.1436351506681069,0.11146108408755026,-5755.025243537388,-5129.884655442088,1620.3070321967587,0.4444444444444444,0.0,0.2
0.5666666666666667,19.75291386729368,1.4208842472530983,19.803952087722667,-0.2799387349745585,-0.6424972420890671,-0.11599999999999999,0.5227941207339759,-9.088792833769972,65.60803140518986,-1.0481786939156381,0.07180920870680668,0.14659059608078973,0.11461026800853834,-5774.37366066028,-5163.613544009171,1620.6962381251194,0.4444444444444444,0.0,0.2
0.5833333333333334,19.74597584971107,1.480744954394877,19.801418329941384,-0.2906613365947123,-0.6438518724060118,-0.11599999999999999,0.521456193972468,-9.128308004134544,65.9306173024753,-1.1179235736871047,0.07484961283093695,0.14954481798190392,0.11773745973464482,-5792.302443941872,-5194.3032342615925,1621.130459548855,0.4444444444444444,0.0,0.2
0.6,19.73834552778053,1.5403177394990488,19.798355055727967,-0.3014049543823079,-0.6450587500861558,-0.11599999999999999,0.5202917978749869,-9.164517197615428,66.25260983226362,-1.1901405980497266,0.07787898930509551,0.15249680866534615,0.12084407005016265,-5808.904725680409,-5222.240536351208,1621.6092388072432,0.4444444444444444,0.0,0.2
0.6166666666666667,19.7300299183644,1.5996017579604727,19.7947671459814,-0.31216729339469396,-0.6461337235300934,-0.11599999999999999,0.5192922271416963,-9.19769984251944,66.57397923091139,-1.2648325706681027,0.08089753322508296,0.15544573067825923,0.1239313976063197,-5824.26976533865,-5247.68371235386,1622.1321238134865,0.4444444444444444,0.0,0.2
0.6333333333333333,19.721035926455894,1.6585966811417998,19.790659437301695,-0.3229463036673923,-0.6470908312187584,-0.11599999999999999,0.5184491086714468,-9.228111670827994,66.89469585759657,-1.3420011590021095,0.08390546094435924,0.1583908886020738,0.12700063591569408,-5838.482545946069,-5270.865423357343,1622.698669397214,0.4444444444444444,0.0,0.2
0.65,19.71137033234779,1.7173025225589766,19.78603670099063,-0.33374015239172694,-0.647942522735879,-0.11599999999999999,0.5177544398702415,-9.255986586933508,67.2147302038866,-1.4216469664738112,0.08690300153047317,0.16133170541788158,0.1300528802435266,-5851.623548249281,-5291.995380895203,1623.30843822056,0.4444444444444444,0.0,0.2
0.6666666666666666,19.701039783792805,1.7757194999149442,19.780903627108774,-0.3445471994683821,-0.6486998507843678,-0.11599999999999999,0.5172006110081651,-9.281538440813,67.53405290197145,-1.5037695986831807,0.08989039001949413,0.16426770269299534,0.1330891342841854,-5863.768658895232,-5311.262725195028,1623.9610013547194,0.4444444444444444,0.0,0.2
0.6833333333333333,19.6900507921101,1.8338479261654135,19.775264812694083,-0.3553659759960968,-0.6493726382148362,-0.11599999999999999,0.5167804154679654,-9.30496269397405,67.85263473174972,-1.5883677241483627,0.09286786212170559,0.16719848395557046,0.13611031655111352,-5874.989178295152,-5328.838153865075,1624.6559385876724,0.4444444444444444,0.0,0.2
0.7,19.678409731388925,1.8916881240975245,19.76912475339447,-0.36619516531569674,-0.6499696235203076,-0.11599999999999999,0.5164870509155982,-9.326437972947693,68.17044662693166,-1.675439130018665,0.09583565009836473,0.1701237207319319,0.1391172664374943,-5885.351901310737,-5344.875824488072,1625.3928385205056,0.4444444444444444,0.0,0.2
0.7166666666666667,19.666122840100613,1.9492403599486148,19.762487837890745,-0.37703358628203415,-0.650498587761277,-0.11599999999999999,0.516314113771448,-9.346127509580695,68.48745968030077,-1.7649807731792837,0.09879397958294744,0.17304314081045538,0.14211074992552114,-5894.919249873306,-5359.515053630851,1626.1712984989197,0.4444444444444444,0.0,0.2
0.7333333333333333,19.653196224561082,2.0065047924371595,19.75535834459034,-0.387880178481324,-0.6509664654622976,-0.11599999999999999,0.5162555888407278,-9.364180470418642,68.80364514825743,-1.8569888271372008,0.10174306716351797,0.17595651836964094,0.1450914649367347,-5903.7494413829045,-5372.8818333570935,1626.990924417689,0.4444444444444444,0.0,0.2
0.75,19.639635863792623,2.0634814342606056,19.747740440159415,-0.3987339891498559,-0.6513794416577315,-0.11599999999999999,0.5163058355476898,-9.380733179461894,69.11897445475155,-1.951458725048584,0.10468311857773284,0.17886366566903777,0.14806004632600234,-5911.8966804785705,-5385.090184678174,1627.8513304286087,0.4444444444444444,0.0,0.2
0.7666666666666666,19.62544761542063,2.120170123666967,19.73963817953382,-0.40959416158304807,-0.6517430369527984,-0.11599999999999999,0.5164595718901323,-9.395910239809412,69.4334191946967,-2.048385199219885,0.107614327400147,0.181764426052145,0.15101707052855842,-5919.411364721095,-5396.243365644718,1628.752138576623,0.4444444444444444,0.0,0.2
0.7833333333333333,19.61063722231177,2.1765705041540695,19.731055507110444,-0.42045992485208283,-0.6520621821997369,-0.11599999999999999,0.5167118569711541,-9.40982556039647,69.74695113694615,-2.147762317388081,0.11053687412424762,0.18465866805216766,0.15396305987398606,-5926.340297046279,-5406.434950065406,1629.6929783840214,0.4444444444444444,0.0,0.2
0.8,19.595210319717815,2.232682010712674,19.72199625887135,-0.4313305846696125,-0.6523412841615176,-0.11599999999999999,0.517058072760574,-9.4225832943408,70.05954222690032,-2.2495835160602686,0.11345092556005655,0.18754628042608001,0.15689848658376215,-5932.726899659659,-5415.749791198398,1630.6734863986915,0.4444444444444444,0.0,0.2
0.8166666666666667,19.579172442736287,2.288503861323723,19.7124641652356,-0.44220551526683566,-0.6525842833415949,-0.11599999999999999,0.5174939055776054,-9.434278695454687,70.37116458880544,-2.353841631169294,0.11635663448305593,0.19042716797109305,0.15982377647048931,-5938.611425457439,-5424.264883227663,1631.6933057192557,0.4444444444444444,0.0,0.2
0.8333333333333334,19.562529033937473,2.3440350526588087,19.70246285446923,-0.4530841521621297,-0.6527947049927708,-0.11599999999999999,0.5180153276603963,-9.444998899344146,70.68179052779558,-2.4605289262801775,0.11925413948228443,0.1933012480013882,0.1627393123575626,-5944.031164156162,-5432.050131927874,1632.752085507318,0.4444444444444444,0.0,0.2
0.85,19.545285451038385,2.3992743591272494,19.691995856513334,-0.46396598571681213,-0.6529757041771905,-0.11599999999999999,0.5186185790896491,-9.454823635262285,70.99139253172274,-2.5696371185619147,0.12214356496526707,0.1961684473827166,0.16564543723803338,-5949.02064116224,-5439.16904464242,1633.8494804949437,0.4444444444444444,0.0,0.2
0.8666666666666667,19.52744697452984,2.454220334571341,19.681066607115024,-0.47485055538685494,-0.6531301056291352,-0.11599999999999999,0.5193001502570449,-9.463825874558138,71.29994327281327,-2.6811574027205785,0.1250250212854146,0.1990287000388723,0.16854245719102368,-5953.61180786475,-5445.679348547829,1634.9851504937778,0.4444444444444444,0.0,0.2
0.8833333333333333,19.50901881518333,2.5088713160403433,19.669678452166604,-0.4857374445908177,-0.6532604390695276,-0.11599999999999999,0.5200567650099774,-9.472072421195625,71.60741560918393,-2.7950804730725687,0.12789860496401528,0.20188194485771793,0.1714306440733622,-5957.834222532899,-5451.633545148323,1636.158759910819,0.4444444444444444,0.0,0.2
0.9,19.490006121381306,2.5632254291789973,19.65783465217547,-0.49662627612414306,-0.6533689705332683,-0.11599999999999999,0.5208853645585119,-9.479624449433645,71.91378258624592,-2.9113965439211777,0.13076439898422038,0.204728123935839,0.17431023800325748,-5961.715221376723,-5457.079408027994,1637.369977274707,0.4444444444444444,0.0,0.2
0.9166666666666666,19.470413986228053,2.6172805948523754,19.645538386801615,-0.5075167080585155,-0.6534577301954101,-0.11599999999999999,0.5217830921956845,-9.48653799337239,72.2190174380208,-3.030095368385317,0.13362247313872605,0.20756718111042283,0.1771814496518684,-5965.280079612091,-5462.06043007563,1638.6184747754871,0.4444444444444444,0.0,0.2
0.9333333333333333,19.45024745440951,2.6710345366991954,19.632792759411572,-0.5184084300724009,-0.6535285371178524,-0.11599999999999999,0.522747278855852,-9.49286439269388,72.52309358838936,-3.1511662558161633,0.136472884416362,0.21039906073492526,0.18004446235763163,-5968.552162579978,-5466.616225678668,1639.9039278200364,0.4444444444444444,0.0,0.2
0.95,19.42951152877934,2.7244847893632973,19.619600801607593,-0.5293011601653265,-0.653583021283061,-0.11599999999999999,0.5237754295160377,-9.498650698563033,72.82598465229061,-3.2745980879255296,0.13931567741565773,0.21322370666176063,0.18289943407719622,-5971.553067121516,-5470.78289274854,1641.226014604758,0.4444444444444444,0.0,0.2
0.9666666666666667,19.408211176655808,2.7776287072001606,19.605965477699126,-0.5401946417140653,-0.6536226432339308,-0.11599999999999999,0.5248652104306253,-9.503940043313715,73.12766443688574,-3.4003793337388966,0.14215088477579446,0.21604106140085522,0.18574649918582456,-5974.302753517565,-5474.593338880486,1642.584415706619,0.4444444444444444,0.0,0.2
0.9833333333333333,19.38635133581992,2.8304634732940097,19.5918896890907,-0.5510886408337767,-0.6536487115981413,-0.11599999999999999,0.5260144371791817,-9.508771977224319,73.42810694269927,-3.5284980634760856,0.14497852761725774,0.2188510654276141,0.1885857701391615,-5976.819668374685,-5478.077575458384,1643.9788136932527,0.4444444444444444,0.0,0.2
1.0,19.367916347113834,2.883908407293294,19.58144814181158,-0.5619736093553591,-0.6523039085270399,-0.04099999999999998,0.9063913357085582,-9.368247955766087,73.7273182812215,-3.658953099271578,0.14781527607196251,0.14670253258975324,0.19137233590125188,-5726.29584540222,-5540.3428423380865,1645.255734216712,0.4444444444444444,0.0,0.0
1.0166666666666666,19.354207474468527,2.9413234263543666,19.57643303728221,-0.572779367620066,-0.6454611895078837,0.0,1.09969449743641,-9.056166162106845,74.02538693114616,-3.7917226461995686,0.15081929716754788,0.10903456415218392,0.19395536920869838,-5312.597797069728,-5602.528601774904,1646.182882234513,0.4444444444444444,0.0,0.0
1.0333333333333332,19.340759295061037,2.996505078480276,19.571510232857555,-0.5834586108780783,-0.6379889249521183,0.0,1.1001995053397229,-9.101547272762861,74.32234236242047,-3.926773056232343,0.15371002403610665,0.1124532349295568,0.19636218788053442,-5361.670386578782,-5605.135714651838,1647.042819162176,0.4444444444444444,0.0,0.0
1.05,19.327115157979488,3.048529661919039,19.566065353805826,-0.5940179286268361,-0.6309518366577778,0.0,1.1007450116190765,-9.141043058550286,74.61815437873771,-4.064102174409927,0.15644436349864713,0.11568229102857071,0.19864242641827679,-5404.343689192049,-5607.440891832945,1647.9157451068772,0.4444444444444444,0.0,0.0
1.0666666666666667,19.313299444605185,3.0976152061481415,19.560131783869636,-0.6044639804992015,-0.6242941960544818,0.0,1.1013252547811088,-9.17559685660539,74.91279325045255,-4.203706746378314,0.15903323814152528,0.1187369096750423,0.2008033007044253,-5441.655063253871,-5609.4789570200755,1648.8000670701942,0.4444444444444444,0.0,0.0
1.0833333333333333,19.299334970953435,3.143949875411364,19.553740080612847,-0.6148025919246161,-0.617969118316475,0.0,1.1019353380417634,-9.205971171127102,75.20623019926046,-4.345582195123983,0.16148604147986895,0.12163005396259932,0.20285108243963207,-5474.436157403359,-5611.2858370533095,1649.6942966851195,0.4444444444444444,0.0,0.0
1.1,19.28524321338556,3.1876970847960853,19.546918388939247,-0.6250388833992815,-0.6119368754578557,0.0,1.1025711187876839,-9.232786438123853,75.49843730499889,-4.489722810377748,0.1638108999687296,0.12437286919667263,0.20479124746207922,-5503.363066732137,-5612.8914612630815,1650.5970349106915,0.4444444444444444,0.0,0.0
1.1166666666666667,19.27104448975768,3.228999579380207,19.539692781869867,-0.635177375634921,-0.6061635795906856,0.0,1.10322904245995,-9.256551552167378,75.78938742797895,-4.636121903400256,0.16601488186471858,0.1269749946056373,0.20662859812507559,-5528.989863880166,-5614.320929343966,1651.5069597580675,0.4444444444444444,0.0,0.0
1.1333333333333333,19.25675810636283,3.267982716256147,19.532087543340563,-0.6452220757703571,-0.6006201453470795,0.0,1.1039060191045078,-9.277687018970521,76.07905414374666,-4.7847719345789965,0.16810416524688776,0.12944481208695338,0.20836736313803775,-5551.774011019089,-5615.595418733711,1652.4228163599576,0.4444444444444444,0.0,0.0
1.15,19.242402478300594,3.304757127523135,19.52412540445343,-0.6551765485791523,-0.5952814649593869,0.0,1.1045993303820216,-9.296542692828245,76.36741168788164,-4.935664619475169,0.17008417433401057,0.13178964646855643,0.21001127965199495,-5572.095813558368,-5616.73289633291,1653.3434088551933,0.4444444444444444,0.0,0.0
1.1666666666666667,19.22799522897748,3.3394208979601387,19.515827742099837,-0.665043975687322,-0.5901257469176839,0.0,1.1053065586364215,-9.31341149467206,76.65443490896978,-5.088791017642481,0.17195969095578362,0.13401592806828277,0.21156366123166462,-5590.2734542804665,-5617.7486816681285,1654.2675936950757,0.4444444444444444,0.0,0.0
1.1833333333333333,19.21355327305095,3.372061358806198,19.50721474695762,-0.6748272051324502,-0.5851339816061313,0.0,1.1060255321531198,-9.328540116249807,76.94009922828486,-5.244141607562082,0.17373494637772463,0.13612932566542618,0.21302745451555552,-5606.574715784367,-5618.655896124162,1655.194274074912,0.4444444444444444,0.0,0.0
1.2,19.199092886116173,3.4027565753326936,19.49830556639952,-0.6845287930834545,-0.5802895063581013,0.0,1.1067542824482781,-9.342137442540556,77.22438060501784,-5.401706350304316,0.17541369746093285,0.13813485605116718,0.21440528673874143,-5621.226197414171,-5619.465823978846,1656.122395264521,0.4444444444444444,0.0,0.0
1.2166666666666666,19.18462976368567,3.431576588252416,19.48911842672049,-0.6941510391524207,-0.5755776489822572,0.0,1.1074910106032632,-9.354381230873276,77.50725550612522,-5.561474743972281,0.17699929023282188,0.14003697488871208,0.21569950582092945,-5634.420619267375,-5620.188204560809,1657.05094066325,0.4444444444444444,0.0,0.0
1.2333333333333334,19.170179071452832,3.4585844557764376,19.479670738215944,-0.7036960164335845,-0.5709854336968436,0.0,1.1082340604737833,-9.36542344662448,77.78870088004909,-5.723435870557419,0.17849471326616265,0.14183965254463232,0.21691221436366345,-5646.322653089534,-5620.831470173834,1657.9789284436697,0.4444444444444444,0.0,0.0
1.25,19.155755488407824,3.483837133109249,19.46997918595953,-0.7131655971761326,-0.5665013370522989,0.0,1.1089818971774121,-9.375394555174555,78.06869413370244,-5.88757843650998,0.17990264274998205,0.1435464377489837,0.2180452986253856,-5657.073609462844,-5621.402940985213,1658.9054086771434,0.4444444444444444,0.0,0.0
1.2666666666666666,19.141373244052527,3.507386218518515,19.460059808592153,-0.7225614748200487,-0.5621150841629823,0.0,1.1097330896726603,-9.384406996667847,78.34721311222475,-6.053890808072664,0.18122548074352943,0.14516051133199812,0.21910045333035277,-5666.795230157367,-5621.908985511161,1659.8294608565732,0.4444444444444444,0.0,0.0
1.2833333333333332,19.12704615071309,3.5292785892207212,19.449928067009402,-0.7318851829853026,-0.5578174776481509,0.0,1.1104862965380609,-9.392558016248026,78.62423608110117,-6.222361042226581,0.1824653878024439,0.14668473181866015,0.22007920300162692,-5675.592775218549,-5622.355153406554,1660.7501917486197,0.4444444444444444,0.0,0.0
1.3,19.112787631756145,3.5495569457478626,19.43959890449691,-0.7411381118951273,-0.553600253272543,0.0,1.1112402542750572,-9.399931982406866,78.89974171030954,-6.392976913941431,0.18362431093183176,0.1481216743027534,0.22098292037819867,-5683.557550327328,-5622.746285807407,1661.6667335208265,0.4444444444444444,0.0,0.0
1.3166666666666667,19.098610746364034,3.568260279881589,19.42908679959283,-0.7503215226271466,-0.5494559575023203,0.0,1.1119937676171046,-9.406602296087,79.17370906021623,-6.565725940297027,0.18470400763768452,0.14947366374243037,0.22181284237339086,-5690.768986990059,-5623.08660736025,1662.5782420993853,0.4444444444444444,0.0,0.0
1.3333333333333333,19.084528211405303,3.585424278422687,19.41840581273931,-0.7594365595165862,-0.5453778431431878,0.0,1.1127457014453677,-9.412632970522607,79.44611756898799,-6.740595401943549,0.18570606670376047,0.15074280360057854,0.22257008394977074,-5697.296363221344,-5623.379803214838,1663.4838957213556,0.4444444444444444,0.0,0.0
1.35,19.07055242084216,3.601081672829026,19.40756962760855,-0.7684842609798995,-0.5413597799707024,0.0,1.1134949739999889,-9.41807994455956,79.71694704132472,-6.917572362287644,0.18663192620666788,0.15193100058083558,0.22325565022018057,-5703.200233448715,-5623.629083591318,1664.3828936515986,0.4444444444444444,0.0,0.0
1.3666666666666667,19.056695463040846,3.6152625429719865,19.39659158784599,-0.7774655689819043,-0.5373961778473069,0.0,1.1142405511429418,-9.42299217897934,79.98617763834912,-7.096643684726673,0.1874828891906415,0.1530399860733439,0.2238704470316154,-5708.533621862774,-5623.837238013244,1665.2744550398106,0.4444444444444444,0.0,0.0
1.3833333333333333,19.042969136289905,3.627994581829936,19.385484729855925,-0.7863813373327263,-0.5334819202831649,0.0,1.1149814414797272,-9.427412575149056,80.25378986851433,-7.2777960482005355,0.188260137350274,0.15407133481517712,0.22441529024581183,-5713.343022246947,-5624.006680888857,1666.15781789718,0.4444444444444444,0.0,0.0
1.4,19.029384962781712,3.6393033267816453,19.37426181215859,-0.795232338970741,-0.5296123067660281,0.0,1.1157166921865236,-9.431378747392625,80.51976457941247,-7.461015961287429,0.18896474301035704,0.1550264811827387,0.22489091389548185,-5717.669238632163,-5624.139489799064,1667.0322381755254,0.4444444444444444,0.0,0.0
1.4166666666666667,19.015954201272542,3.6492123622243087,19.36293534176845,-0.8040192723629446,-0.5257830024800004,0.0,1.1164453854200185,-9.434923674279334,80.78408295038433,-7.646289775034376,0.18959767964401267,0.1559067334626802,0.22529797736650298,-5721.5480943317325,-5624.2374375919135,1667.8969889345196,0.4444444444444444,0.0,0.0
1.4333333333333333,19.002687858603068,3.6577434974752108,19.351517597977235,-0.8127427671337191,-0.5219899942700856,0.0,1.1171666352109377,-9.438076249148498,81.04672648584557,-7.833603694684092,0.19015983113115978,0.15671328639046803,0.22563707173281353,-5725.011031573107,-5624.302019175671,1668.7513595848027,0.4444444444444444,0.0,0.0
1.45,18.989596700234184,3.6649169232881738,19.3400206538708,-0.8214033890159513,-0.5182295519010126,0.0,1.1178795847610967,-9.44086174632832,81.30767700925729,-8.022943790435452,0.1906519999272697,0.15744723219888304,0.2259087253512611,-5728.08561972085,-5624.334473734222,1669.5946551966545,0.4444444444444444,0.0,0.0
1.4666666666666666,18.976691259930316,3.670751349798505,19.328456395862634,-0.8300016442042717,-0.5144981938144397,0.0,1.118583404078602,-9.443302216433416,81.56691665768001,-8.214296007354573,0.19107491428593074,0.1581095703803474,0.22611340880744632,-5730.7959867265745,-5624.335802951191,1670.4261958653917,0.4444444444444444,0.0,0.0
1.4833333333333334,18.96398184870356,3.675264128281869,19.316836541488712,-0.8385379831782676,-0.5107926567155426,0.0,1.1192772878976938,-9.445416821664212,81.8244278768585,-8.407646174536556,0.19142923465686568,0.15870121633535927,0.22625153929006958,-5733.16318575498,-5624.306785715948,1671.2453161259414,0.4444444444444444,0.0,0.0
1.5,18.951478563116364,3.6784713587564344,19.305172655675744,-0.8470128040534858,-0.5071098684239034,0.0,1.1199604538391457,-9.44722212004932,82.08019341679406,-8.602980013603714,0.19171555936286386,0.15922300905317507,0.22632348445993794,-5735.205506774248,-5624.247989690473,1672.0513644100665,0.4444444444444444,0.0,0.0
1.5166666666666666,18.93919129302715,3.6803879851604204,19.293476165667727,-0.8554264555095319,-0.5034469235089992,0.0,1.1206321407748416,-9.448732305966564,82.33419632776653,-8.80028314661408,0.19193442964391821,0.1596757179491748,0.22632956587023276,-5736.938741151411,-5624.1597800367235,1672.8437025406488,0.4444444444444444,0.0,0.0
1.5333333333333332,18.927129728852158,3.6810278795880462,19.281758374772348,-0.863779239337329,-0.4998010613009814,0.0,1.121291607366294,-9.449959412970047,82.58641995677532,-8.999541103443747,0.19208633414414567,0.16006004896525353,0.22627006198655192,-5738.3764058720435,-5624.0423255363485,1673.6217052581353,0.4444444444444444,0.0,0.0
1.55,18.91530336840735,3.6804039168573373,19.270030475069344,-0.8720714126413984,-0.4961696459256156,0.0,1.12193813075197,-9.450913483878299,82.83684794437369,-9.200739328697994,0.19217171290637977,0.16037665002445214,0.22614521084837885,-5739.529932841259,-5623.895602275937,1674.3847597749186,0.4444444444444444,0.0,0.0
1.5666666666666667,18.903721523386054,3.6785280405063614,19.25830355920585,-0.8803031897276852,-0.4925501480604751,0.0,1.1225710053624558,-9.451602712193154,83.08546422187553,-9.403863188198667,0.19219096093030757,0.1606261159183392,0.2259552124077803,-5740.408827766708,-5623.719395018862,1675.1322653539557,0.4444444444444444,0.0,0.0
1.5833333333333333,18.89239332552125,3.6754113211646393,19.24658863138985,-0.8884747437028317,-0.4889401281494849,0.0,1.1231895418459132,-9.452033558183409,83.332253008918,-9.608897975088968,0.19214443134238626,0.16080899269496823,0.2257002305761262,-5741.02080233265,-5623.513296338009,1675.863632908371,0.4444444444444444,0.0,0.0
1.6,18.881327732475313,3.6710640081192274,19.234896617680317,-0.8965862078067715,-0.4853372208461738,0.0,1.1237930660892115,-9.452210842350537,83.57719881136774,-9.815828915591295,0.19203243821929614,0.16092578160621465,0.22538039500533194,-5741.3718827144085,-5623.276703540113,1676.578284619217,0.4444444444444444,0.0,0.0
1.6166666666666667,18.87053353349494,3.665495574786566,19.22323837566233,-0.9046376764969851,-0.48173912048362416,0.0,1.1243809183224958,-9.452137818472403,83.82028641956168,-10.02464117444899,0.19185525910116863,0.16097694266566545,0.22499580262641236,-5741.46649692857,-5623.008813371309,1677.2756535688814,0.4444444444444444,0.0,0.0
1.6333333333333333,18.86001935486443,3.6587147587086672,19.21162470358646,-0.9126292062996407,-0.4781435673920718,0.0,1.124952452297073,-9.451816227975222,84.06150090687736,-10.235319860078796,0.1916131372261258,0.16096289786177298,0.22454651896494246,-5741.3075430453955,-5622.708614453191,1677.9551833879516,0.4444444444444444,0.0,0.0
1.65,18.849793665186525,3.6507295966130795,19.200066349044025,-0.9205608164400516,-0.4745483349041456,0.0,1.1255070345282516,-9.451246336998915,84.30082762863039,-10.447850029457113,0.19130628351364787,0.16088403406550128,0.2240325792502403,-5740.896439889171,-5622.374877358461,1678.6163279135912,0.4444444444444444,0.0,0.0
1.6666666666666667,18.839864780516415,3.6415474550083364,19.18857401724319,-0.9284324892623955,-0.47095121690347685,0.0,1.1260440435963541,-9.45042695718278,84.53825222130087,-10.66221669275995,0.19093487832085207,0.16074070566704302,0.22345398933268024,-5740.233161506337,-5622.006142193766,1679.258550857737,0.4444444444444444,0.0,0.0
1.6833333333333333,18.830240869371313,3.631175056728608,19.177158378945244,-0.9362441704463663,-0.46735001578535845,0.0,1.126562869500529,-9.449355450897636,84.7737606020925,-10.878404817773713,0.1904990729928317,0.16053323697224398,0.22281072642144809,-5739.316256378873,-5621.600703513745,1679.8813254836202,0.4444444444444444,0.0,0.0
1.7,18.820929957635073,3.619618503791691,19.165830078115494,-0.9439957690263543,-0.46374253070871213,0.0,1.1270629130612622,-9.448027721377478,85.00733896883243,-11.096399334091341,0.1899989912257012,0.1602619243860378,0.22210273965323088,-5738.142852092764,-5621.156592343487,1680.4841342893296,0.4444444444444444,0.0,0.0
1.7166666666666666,18.811939933374504,3.606883296892211,19.154599739339123,-0.9516871572168348,-0.46012654602718267,0.0,1.127543585368677,-9.446438187951129,85.23897380022248,-11.31618513710601,0.18943473025886828,0.15992703840738534,0.22132995050074974,-5736.708645930762,-5620.6715550353065,1681.066468697287,0.4444444444444444,0.0,0.0
1.7333333333333334,18.803278551581354,3.5929743518160917,19.143477975048516,-0.9593181700458429,-0.4564998197940128,0.0,1.128004307274881,-9.444579746336007,85.46865185645568,-11.537747091812623,0.18880636191126096,0.15952882545786556,0.220492253028686,-5735.007881638932,-5620.143028628953,1681.627828748705,0.4444444444444444,0.0,0.0
1.75,18.794953438851465,3.577896013032293,19.132475392605812,-0.9668886047967159,-0.45286007224071395,0.0,1.1284445089297368,-9.442443713725776,85.69636018021576,-11.761070036425254,0.18811393347474267,0.15906750956412058,0.21958951400338167,-5733.0333124123335,-5619.568112320357,1682.167722802251,0.4444444444444444,0.0,0.0
1.7666666666666666,18.78697209800983,3.561652064693008,19.121602601281406,-0.974398220256667,-0.4492049741336605,0.0,1.1288636293605854,-9.440019758176671,85.92208609808078,-11.986138785816966,0.18735746847672746,0.15854329391277566,0.2186215728617201,-5730.776149952228,-5618.943534571593,1682.6856672363024,0.4444444444444444,0.0,0.0
1.7833333333333332,18.779341912687723,3.544245739253543,19.110870219167065,-0.9818467357691809,-0.44553213491578614,0.0,1.1292611160976636,-9.437295811568497,86.14581722235555,-12.212938134786725,0.1865369673230384,0.15795636229520396,0.21758824154379336,-5728.2259992615,-5618.265615311766,1683.1811861543663,0.4444444444444444,0.0,0.0
1.8,18.77207015185516,3.5256797239077846,19.10028888006006,-0.9892338300857059,-0.44183909054274983,0.0,1.1296364248482127,-9.4342579651813,86.3675414533623,-12.44145286115643,0.18565240783132747,0.15730688045855395,0.21648930419334725,-5725.370778663499,-5617.530222583049,1683.6538110933968,0.4444444444444444,0.0,0.0
1.8166666666666667,18.765163974308994,3.5059561650243247,19.089869240353014,-0.9965591400106197,-0.43812329092443036,0.0,1.1299890192236877,-9.430890346683341,86.58724698222306,-12.671667728699484,0.18470374566488715,0.15659499737879365,0.21532451672956576,-5722.196624349147,-5616.732722875679,1684.1030807349525,0.4444444444444444,0.0,0.0
1.8333333333333333,18.758630433113524,3.4850766707620404,19.079621985962476,-1.0038222588319727,-0.43438208688359725,0.0,1.1303183705259907,-9.427174977065405,86.8049222941718,-12.903567489900766,0.18369091467643747,0.15582084647113165,0.2140936062935287,-5718.687778575865,-5615.867924267431,1684.528540619323,0.4444444444444444,0.0,0.0
1.8499999999999999,18.75247647998684,3.463042312042318,19.06955783932745,-1.011022734529046,-0.43061271654428523,0.0,1.130623957600397,-9.423091605776822,87.0205561724407,-13.137136888546136,0.1826138271714743,0.15498454675305218,0.21279627057267428,-5714.826460457402,-5614.930011333404,1684.9297428630127,0.4444444444444444,0.0,0.0
1.8666666666666667,18.746708969621874,3.4398536220584757,19.059687566507748,-1.0181600677463187,-0.42681229106299057,0.0,1.13090526676477,-9.418617522014824,87.23413770276969,-13.372360662138064,0.18147237410103195,0.15408620397533937,0.21143217700684325,-5710.592718094587,-5613.912470617149,1685.3062458802078,0.4444444444444444,0.0,0.0
1.8833333333333333,18.7413346639264,3.415510594511756,19.050021984410183,-1.02523370952199,-0.4229777796165771,0.0,1.131161791826913,-9.413727339786611,87.44565627859535,-13.609223544132135,0.18026642519427225,0.15312591173688228,0.2100009618800266,-5705.964260602206,-5612.808005249022,1685.6576141091684,0.4444444444444444,0.0,0.0
1.9,18.736360236160593,3.39001268077807,19.040571968168813,-1.032243058757782,-0.41910599356202627,0.0,1.1313930342044187,-9.408392753997653,87.6551016069828,-13.8477102659874,0.17899582904219385,0.15210375259974782,0.20850222930282586,-5700.916268386049,-5611.608437056909,1685.9834177448074,0.4444444444444444,0.0,0.0
1.9166666666666667,18.731792274944553,3.363358786231368,19.0313484587034,-1.039187459415355,-0.4151935696852779,0.0,1.131598503164356,-9.402582264414944,87.86246371537123,-14.08780555902155,0.17766041314500375,0.15101979922200554,0.20693555009193704,-5695.421179816667,-5610.304594231026,1686.283232479146,0.4444444444444444,0.0,0.0
1.9333333333333333,18.727637288100556,3.3355472659790664,19.022362470477603,-1.0460661974233245,-0.41123695245985364,0.0,1.1317777162034783,-9.39626086390514,88.06773295921364,-14.329494156059809,0.1762599839373655,0.1498741155271062,0.20530046055477053,-5689.448452233555,-5608.886182270581,1686.5566392517505,0.4444444444444444,0.0,0.0
1.95,18.723901706286362,3.3065759203036897,19.013625099475522,-1.0528784972775933,-0.4072323752413096,0.0,1.1319301995935647,-9.389389686848201,88.27090003060047,-14.572760792864056,0.17479432680790036,0.14866675793028405,0.20359646118972316,-5682.964294997044,-5607.341635545932,1686.80322401284,0.4444444444444444,0.0,0.0
1.9666666666666666,18.720591886365657,3.2764419901543826,19.005147531411232,-1.0596235183165659,-0.4031758403315677,0.0,1.132055489120978,-9.381925613072202,88.47195596796844,-14.817590209326228,0.1732632061320567,0.14739777664450163,0.2018230153157574,-5675.931372088643,-5605.657946344393,1687.022577502323,0.4444444444444444,0.0,0.0
1.9833333333333334,18.717714114450004,3.245142153094192,18.996941050181466,-1.066300350651824,-0.39906309785873756,0.0,1.1321531310547213,-9.373820822037821,88.67089216700778,-15.063967150407166,0.1716663653408816,0.1460672170909331,0.19997954764898035,-5668.308471548772,-5603.820467717429,1687.2142950488028,0.4444444444444444,0.0,0.0
2.0,18.718469583076462,3.221018735740779,18.993579579124937,-1.0728570253661387,-0.3878939071914287,0.075,1.39382319590338,-8.234057260785201,88.86777272091865,-15.311867169261545,0.17040815608534265,0.07010416246156771,0.1980184595055766,-4347.353356462808,-5648.363711111145,1687.2479881953725,0.4444444444444444,0.0,-0.2
2.0166666666666666,18.72125334919505,3.2230394577484143,18.996665768259177,-1.0789703299797224,-0.35221579233556183,0.11599999999999999,1.3328178663404513,-6.452622494792012,89.06299759235735,-15.56109649117428,0.170488136923157,0.030939612639428266,0.19573675541086508,-2337.1369036418023,-5639.941399929969,1687.0835084901535,0.4444444444444444,0.0,-0.2
2.033333333333333,18.726001681272898,3.216515684459658,19.00023979099765,-1.0844439078114256,-0.31431948511319113,0.11599999999999999,1.347444922306478,-6.586493718612074,89.25680537305007,-15.811505160331443,0.17010736222727768,0.0332460467501971,0.19287778881392326,-2489.99419627013,-5639.858020809206,1686.815809922205,0.4444444444444444,0.0,-0.2
2.05,18.73299733901862,3.196757917379219,19.00380094838939,-1.089299184064012,-0.27763361479895454,0.11599999999999999,1.3565243957698887,-6.66923899860568,89.44916515911133,-16.06310245169587,0.1690203753952887,0.03473740222573335,0.18939087839734384,-2586.644127033216,-5637.40681643643,1686.4021658945633,0.4444444444444444,0.0,-0.2
2.0666666666666664,18.74214439942116,3.1648170437506797,19.00747336205338,-1.0935511317322175,-0.24166970393863046,0.11599999999999999,1.3609095547051897,-6.708506813999853,89.64005467871506,-16.31589269459892,0.16728293128545726,0.03550762027244664,0.18529866887606114,-2635.8686702921127,-5632.530357873804,1685.848937712826,0.4444444444444444,0.0,-0.2
2.0833333333333335,18.753356684804505,3.121501944384429,19.011369265160717,-1.0972073817745178,-0.20601291658424326,0.11599999999999999,1.3612018360522695,-6.70944000311715,89.8294621100809,-16.569874401296232,0.16493815620698887,0.03563167746701307,0.18061608263422574,-2643.747597167161,-5624.995756650375,1685.1617872617837,0.4444444444444444,0.0,-0.2
2.1,18.766553525672226,3.0674335631774747,19.01559044301355,-1.1002692220886594,-0.1703010194115204,0.11599999999999999,1.3578149668201318,-6.675271078604254,90.01738507425809,-16.825041132277427,0.1620194207319277,0.0351702266506462,0.1753517709534783,-2614.3488810085896,-5614.382028556539,1684.345958079323,0.4444444444444444,0.0,-0.2
2.1166666666666667,18.781655998645938,3.003085563833278,19.020229361266303,-1.1027323135704288,-0.1342096616468401,0.11599999999999999,1.3510243892323708,-6.607740751919499,90.20383002730732,-17.081382049737964,0.15855250128094286,0.03417300836243642,0.16950927193184026,-2550.2464201733974,-5600.034950111934,1683.4065234777415,0.4444444444444444,0.0,-0.2
2.1333333333333333,18.798583460970153,2.928815793460655,19.025369959374906,-1.1045872154269258,-0.0974427814694928,0.11599999999999999,1.3410053434266298,-6.507381479677972,90.38881197006316,-17.338882229564508,0.15455725402040685,0.03268136048717046,0.16308801827120872,-2452.909664095317,-5580.992817766052,1682.348612670626,0.4444444444444444,0.0,-0.2
2.15,18.81725020293857,2.844891990236831,19.031088135892425,-1.1058197978597208,-0.05972750486584205,0.11599999999999999,1.3278632115036613,-6.373693918098858,90.57235442049759,-17.597522778450575,0.15004898254772425,0.030730070738792692,0.15608432949305626,-2323.0071342722817,-5555.871623713989,1681.177626557176,0.4444444444444444,0.0,-0.2
2.1666666666666665,18.837562060134367,2.751514734443384,19.037451975074624,-1.1064116153557677,-0.020813446780654846,0.11599999999999999,1.3116590964836428,-6.205232667273041,90.75448961578044,-17.857280784354778,0.14503965698435825,0.028348751091477442,0.14849253446728783,-2160.657769314274,-5522.692475543818,1679.8994537050135,0.4444444444444444,0.0,-0.2
2.183333333333333,18.859412856345077,2.6488405828746493,19.044521777129447,-1.1063403178971178,0.019523139815391576,0.11599999999999999,1.2924328536499365,-5.999605255750376,90.9352589308279,-18.118129113195433,0.1395391381222553,0.02556286869282212,0.14030639994478536,-1965.6562406166147,-5478.6268843536045,1678.5206953334655,0.4444444444444444,0.0,-0.2
2.2,18.88268058738358,2.537008642052103,19.052349960437944,-1.1055801905171614,0.061469373008165,0.11599999999999999,1.2702250361861527,-5.75337700246359,91.11471352005543,-18.380036050269055,0.13355657586449574,0.022394542689812613,0.13152109068836082,-1737.6919845089676,-5419.6282139299,1677.0489057845823,0.4444444444444444,0.0,-0.2
2.216666666666667,18.907223317039733,2.4161744781043377,19.060980894724537,-1.1041029339297892,0.10515836923977383,0.11599999999999999,1.24509841858341,-5.461867810965315,91.29291521139534,-18.642964769508623,0.12710218374495413,0.018863208955504113,0.12213595481524547,-1476.5764425725718,-5339.915021416834,1675.4928514991877,0.4444444444444444,0.0,-0.2
2.2333333333333334,18.932874859602116,2.2865560411423616,19.070450675813575,-1.101878829294351,0.15064253266430097,0.11599999999999999,1.2171588183221898,-5.118834900812923,91.46993770685629,-18.90687259631319,0.1201896307709375,0.014986263284298751,0.11215849997299925,-1182.4882396136263,-5231.287532032266,1673.8627857281913,0.4444444444444444,0.0,-0.2
2.25,18.959440500509782,2.148496633059916,19.080786720537507,-1.0988784627839492,0.19785565735770397,0.11599999999999999,1.1865737559545262,-4.716080751365707,91.64586816747111,-19.171710011640837,0.11283930848791295,0.010779815073233556,0.10160995620881086,-856.2407907395122,-5082.322394795255,1672.170726255443,0.4444444444444444,0.0,-0.2
2.2666666666666666,18.986693298697617,2.0025484978588763,19.092006780458828,-1.0950752030705067,0.2465635449641139,0.11599999999999999,1.153586121188248,-4.243150732194222,91.82080926609682,-19.437419333782508,0.10508265331271655,0.006259708820349583,0.09053269591523264,-499.56949062623687,-4877.659656438931,1670.4307067607942,0.4444444444444444,0.0,-0.2
2.283333333333333,19.01437195420457,1.849574683980965,19.1041165020648,-1.0904485863280395,0.29630754437165246,0.11599999999999999,1.1185189428744469,-3.687542809997442,91.99488174006163,-19.703933029802446,0.09696739224637464,0.001442976956814987,0.07899927090826599,-115.4233643907125,-4597.94053368758,1668.6589466515377,0.4444444444444444,0.0,-0.2
2.3,19.042181781618485,1.6908527097382462,19.117104118831183,-1.0849885940067738,0.3463553822750946,0.11599999999999999,1.0817680263047584,-3.0362290010974355,92.16822729633834,-19.971171690850117,0.08856284173591226,-0.003650173200058296,0.06712159417591816,291.7752284388004,-4221.462714562962,1666.8738496475053,0.4444444444444444,0.0,-0.2
2.3166666666666664,19.069800788261844,1.5281399456952116,19.130930813675047,-1.0787004162607825,0.3956887097457263,0.11599999999999999,1.0437839068618313,-2.279493530722524,92.34101133330842,-20.23904190767215,0.07996315972725646,-0.008993937158818383,0.05505665597156362,715.9723180409176,-3728.9213346681495,1665.095708062073,0.4444444444444444,0.0,-0.2
2.3333333333333335,19.096892674433395,1.363637733463239,19.145516908324847,-1.0716086687139357,0.44306818005844695,0.11599999999999999,1.0050535467352775,-1.4173358862079084,92.51342435823875,-20.5074346197729,0.07128526918039763,-0.014554552437094692,0.04300288974403548,1149.5327907104015,-3111.677292172314,1663.3459866302483,0.4444444444444444,0.0,-0.2
2.35,19.123126986734928,1.1997991535767176,19.16072816360884,-1.0637594446753933,0.4872030103077891,0.11599999999999999,0.9660973618726354,-0.4662216117304858,92.68568050351897,-20.776224846488976,0.06265861046351925,-0.020288993324172458,0.031181569774435876,1583.6191541892101,-2380.8473975327925,1661.646135019823,0.4444444444444444,0.0,-0.2
2.3666666666666667,19.148203457344312,1.0389948407652418,19.176371031115075,-1.0552186709302753,0.5269955682891417,0.11599999999999999,0.9274832242976911,0.5388506711751475,92.85801182447175,-21.04527368743709,0.05420753769705413,-0.026145910466995506,0.019803795288824495,2008.952138361192,-1570.8246281428337,1660.0160614978781,0.4444444444444444,0.0,-0.2
2.3833333333333333,19.171874284772997,0.8831552251812279,19.19220484318842,-1.04606648173163,0.5617617159699986,0.11599999999999999,0.8898292326583518,1.550903539269326,93.03065853122133,-21.31443279044072,0.04603260597887588,-0.03206936494871124,0.009034218306016417,2416.8390483633166,-732.0448450043876,1658.4726256762297,0.4444444444444444,0.0,-0.2
2.4,19.193957661038098,0.7335459589911446,19.207969709671957,-1.0363891838223322,0.591320046228269,0.11599999999999999,0.8537610013456682,2.523621631274521,93.20385728417708,-21.58355038189987,0.03819895564017271,-0.03800448534424382,-0.0010319646586238595,2800.17301197909,84.09264360022956,1657.0285982751761,0.4444444444444444,0.0,-0.2
2.4166666666666665,19.214339436459504,0.5907495982235044,19.22341866233174,-1.0262714043451728,0.6159243523165067,0.11599999999999999,0.8198294194834372,3.4223814659358816,93.37783060872698,-21.852477266339747,0.030735564256692893,-0.04390302806866461,-0.010369855125216139,3154.0738580911857,838.6534257642907,1655.6923638380106,0.4444444444444444,0.0,-0.2
2.433333333333333,19.23296486307222,0.45480288345705455,19.23834148483105,-1.015790430815979,0.6361052149555356,0.11599999999999999,0.7884346162947076,4.228358074809545,93.55277963951296,-22.121071452322568,0.02364264389022664,-0.049726994750691506,-0.019008395251136196,3476.015480143478,1510.302608228142,1654.468317068802,0.4444444444444444,0.0,-0.2
2.45,19.24982521957269,0.32538667839731705,19.25257508684423,-1.0050133246633648,0.6525080649494935,0.11599999999999999,0.7597939188746194,4.936429806129066,93.72888070161402,-22.38920089398873,0.016901747927130575,-0.055449695801997816,-0.027008325593064222,3765.5221285412968,2092.970568040663,1653.3576700101448,0.4444444444444444,0.0,-0.2
2.466666666666667,19.264943835610925,0.20199299711758628,19.266002755115757,-0.9939962856231059,0.6657774075931296,0.11599999999999999,0.7339560398490335,5.550541553854235,93.90628496536924,-22.65674456242984,0.010484618967818085,-0.061054810277198474,-0.03444351557035474,4023.6440393609837,2590.503172495246,1652.3593607463704,0.4444444444444444,0.0,-0.2
2.4833333333333334,19.278364164073103,0.08404189092034314,19.27854734885509,-0.9827853824380471,0.676494136450059,0.11599999999999999,0.7108412303961972,6.079358639988381,94.08512000854853,-22.923592367264337,0.004359361501117713,-0.06653441588569615,-0.04138876335258116,4252.408399016348,3011.7081829900644,1651.4708609895179,0.4444444444444444,0.0,-0.2
2.5,19.29014077558825,-0.029048444629274684,19.290162647166763,-0.9714178976921323,0.6851519955493621,0.11599999999999999,0.6902865515166506,6.533255104342518,94.26549228902418,-23.189644432212333,-0.0015058688793439736,-0.07188679693123246,-0.04791333818834894,4454.359554408098,3367.0099419401677,1650.6888018834757,0.4444444444444444,0.0,-0.2
2.5166666666666666,19.300333109528296,-0.13782496380586945,19.300825211876365,-0.9599238110586159,0.6921565536876484,0.11599999999999999,0.6720843687351855,6.922585408661446,94.44748987243639,-23.454810086591696,-0.0071409452007101535,-0.07711448717098257,-0.05407836531470525,4632.2251440936625,3666.6072315616493,1650.0094164853867,0.4444444444444444,0.0,-0.2
2.533333333333333,19.309001416235603,-0.24278374245270326,19.310527689262866,-0.9483271793603911,0.6978345521387084,0.11599999999999999,0.6560103248898698,7.256848961399399,94.63118505616178,-23.719006791060547,-0.012572941712100862,-0.08222271740418424,-0.059936367933460015,4788.6993716419865,3919.6441632437973,1649.4288316476159,0.4444444444444444,0.0,-0.2
2.55,19.31620428376708,-0.34436557384795297,19.31927368149935,-0.9366473198250002,0.7024465711953721,0.11599999999999999,0.6418414903696501,7.544380464456285,94.81663672785938,-23.982159112079202,-0.01782591923471842,-0.08721827307572186,-0.0655318458188737,4926.3171790793,4133.953344098755,1648.943248860203,0.4444444444444444,0.0,-0.2
2.5666666666666664,19.321997243454955,-0.4429575546419893,19.327073986283988,-0.9248997809367865,0.7061995460716107,0.11599999999999999,0.6293669522284318,7.792314940451461,95.00389240884438,-24.24419779571708,-0.022921024863111546,-0.09210869753237454,-0.07090225225294138,5047.391601772366,4316.080525764942,1648.5490485038533,0.4444444444444444,0.0,-0.2
2.5833333333333335,19.32643207868151,-0.5388974188246396,19.33394391529844,-0.9130971199112695,0.7092577291375877,0.11599999999999999,0.6183931845296686,8.006679130082848,95.19298998877649,-24.505058956143987,-0.027876734556547562,-0.09690176034622575,-0.07607904466735553,5153.991586410794,4471.426070457512,1648.2428436798127,0.4444444444444444,0.0,-0.2
2.6,19.329556575306217,-0.6324788577378492,19.339901419176087,-0.9012495173367954,0.7117517375930479,0.11599999999999999,0.6087460844921424,8.192529496929303,95.38395918240852,-24.76468337642105,-0.032709145635463774,-0.10160511759790554,-0.08108866279503477,5247.943841417795,4604.419368958471,1648.0215020803535,0.4444444444444444,0.0,-0.2
2.6166666666666667,19.33141453881804,-0.7239569215071798,19.34496579722548,-0.889365260208335,0.7137857865278855,0.11599999999999999,0.6002710201395423,8.3540972851329,95.57682274667522,-25.0230159113762,-0.037432271619929354,-0.10622610591319831,-0.08595338096801086,5330.84773235626,4718.687786086709,1647.882148355171,0.4444444444444444,0.0,-0.2
2.6333333333333333,19.3320459644962,-0.8135530734182708,19.349156823403497,-0.8774511209365646,0.7154433722813925,0.11599999999999999,0.592831783382901,8.494922942561233,95.77159749594043,-25.28000497973544,-0.042058317043676276,-0.110771627018411,-0.0906920257490562,5404.096292845328,4817.205198541008,1647.8221551224062,0.4444444444444444,0.0,-0.2
2.65,19.33148728833588,-0.9014597242219811,19.352494165184137,-0.86551265509468,0.7167916992333644,0.11599999999999999,0.5863090119294486,8.61797344445411,95.96829514940835,-25.53560213263374,-0.04659792336958991,-0.1152480920184395,-0.0953205692837286,5468.899206317154,4902.416461633067,1647.8391278298236,0.4444444444444444,0.0,-0.2
2.6666666666666665,19.329771673863377,-0.9878442051416203,19.354997006905553,-0.8535544360244421,0.7178851158224876,0.11599999999999999,0.5805984188825338,8.725741467446534,96.16692303986657,-25.789761686718894,-0.0510603840704364,-0.1196614040591253,-0.09985261540577782,5526.305423642561,4976.339060230496,1647.9308867185312,0.4444444444444444,0.0,-0.2
2.683333333333333,19.32692930769803,-1.0728522024285811,19.356683814977526,-0.8415802404480878,0.7187677811427788,0.11599999999999999,0.5756090235259862,8.82032774574338,96.36748470814345,-26.042440411552217,-0.055453830291286074,-0.12401696488068982,-0.1042997963601854,5577.224209510654,5040.644992838677,1648.0954478709164,0.4444444444444444,0.0,-0.2
2.7,19.322987688044314,-1.1566107041122216,19.357572200903167,-0.8295931960160993,0.7194757385953883,0.11599999999999999,0.5712614860160659,8.903508802746002,96.56998040337736,-26.293597262541017,-0.05978538994574138,-0.12831969557650527,-0.10867209641819627,5622.444087062827,5096.726286957117,1648.3310045101246,0.4444444444444444,0.0,-0.2
2.716666666666667,19.317971897433832,-1.2392305185046417,19.35767885124755,-0.8175958991959409,0.7200385339818044,0.11599999999999999,0.5674865938486999,8.97679238989926,96.77440750553974,-26.543193152049856,-0.06406132353868012,-0.13257406518214454,-0.1129781162811545,5662.649539407443,5145.747287468509,1648.6359092035173,0.4444444444444444,0.0,-0.2
2.7333333333333334,19.311904855465933,-1.3208084235430608,19.357019502967677,-0.8055905099579749,0.7204804836070282,0.11599999999999999,0.5642239159844492,9.041462788252742,96.98076088361952,-26.79119075257144,-0.06828713995654156,-0.13678412296842066,-0.1172252897433013,5698.435538033058,5188.686398515799,1649.0086573016745,0.4444444444444444,0.0,-0.2
2.75,19.304807549989622,-1.4014290012870954,19.35560894903038,-0.793578828223788,0.7208216729788561,0.11599999999999999,0.5614206227275164,9.098617839516494,97.18903320039513,-27.03755432688491,-0.0724676951921616,-0.1409535318234889,-0.12142006190569637,5730.320072675139,5226.369473182617,1649.4478717482168,0.4444444444444444,0.0,-0.2
2.7666666666666666,19.296699246761282,-1.4811662055222476,19.35346106380816,-0.7815623559060635,0.7210787474621395,0.11599999999999999,0.5590304602814882,9.14919926769061,97.39921517270763,-27.282249581002425,-0.076607276616466,-0.14508560111541666,-0.12556803639345954,5758.754899437417,5259.496606867026,1649.9522892787872,0.4444444444444444,0.0,-0.2
2.783333333333333,19.287597678509993,-1.5600847038178982,19.350588840941008,-0.7695423475042007,0.7212655416109589,0.11599999999999999,0.5570128648230284,9.194017570883805,97.6112957945233,-27.525243536425897,-0.08070967504551102,-0.14918331809031388,-0.12967409752361647,5784.134731337845,5288.663721746521,1650.5207479606247,0.4444444444444444,0.0,-0.2
2.8,19.277519214807327,-1.6382410291951017,19.347004438594723,-0.7575198515606165,0.7213935828222862,0.11599999999999999,0.555332199766755,9.233772520216556,97.82526252876227,-27.7665044188282,-0.08477824651206513,-0.1532493772939251,-0.1337425121620392,5806.80508445736,5314.380031326969,1651.1521759885923,0.4444444444444444,0.0,-0.2
2.8166666666666664,19.266479014338657,-1.7156845710422526,19.342719228620993,-0.7454957447788414,0.7214724965848793,0.11599999999999999,0.5539571003140072,9.269070100693886,98.04110147281119,-28.006001560758243,-0.08881596534968796,-0.15728620778270036,-0.13777701504671344,5827.068973242733,5337.08223741407,1651.8455816371768,0.4444444444444444,0.0,-0.2
2.8333333333333335,19.254491161214915,-1.7924584301439117,19.337743847230403,-0.733470760218137,0.7215103342727046,0.11599999999999999,0.5528599105930986,9.300436564214955,98.25879750178264,-28.243705316366906,-0.09282546993726919,-0.16129599806540684,-0.1417808805940489,5845.192625811289,5357.146126365521,1652.6000442632267,0.4444444444444444,0.0,-0.2
2.85,19.241568786914417,-1.8686001586320615,19.33208824556724,-0.721445510681807,0.7215138396446962,0.11599999999999999,0.5520162002469242,9.32833013218554,98.47833439288904,-28.479586986476487,-0.09680910223140339,-0.16528071882312828,-0.14575698360443723,5861.41036736795,5374.896087025012,1653.4147062562226,0.4444444444444444,0.0,-0.2
2.8666666666666667,19.227724179346122,-1.9441424022597138,19.325761739121067,-0.7094205081861561,0.7214886665783086,0.11599999999999999,0.5514043489447356,9.353150779027693,98.69969493373559,-28.713618752583795,-0.1007689420287858,-0.16924214351744335,-0.14970785080905358,5875.928798622665,5390.612960549865,1654.2887658385516,0.4444444444444444,0.0,-0.2
2.8833333333333333,19.212968880404468,-2.0191134595501743,19.31877305529332,-0.697396180218078,0.7214395577954864,0.11599999999999999,0.5510051888493402,9.37524844323876,98.92286101687543,-28.94577361860713,-0.10470683674633506,-0.17318186702936514,-0.15363570482486438,5888.930377071509,5404.540545261071,1655.221470625822,0.4444444444444444,0.0,-0.2
2.9,19.197313773257292,-2.0935377700077247,19.311130378705,-0.6853728833494049,0.7213704922216584,0.11599999999999999,0.5508016964913477,9.394929945268522,99.14781372259326,-29.17602535936917,-0.10862442737836389,-0.17710132248575922,-0.15754250178749582,5900.576492372355,5416.891011980267,1656.21211186544,0.4444444444444444,0.0,-0.2
2.9166666666666665,19.180769160481695,-2.167436341610303,19.302841394018103,-0.6733509146663093,0.7212848069910427,0.11599999999999999,0.5507787267623423,9.412464837831763,99.3745333915734,-29.404348474958233,-0.11252317118361425,-0.1810017964324094,-0.1614299636951903,5911.010112740979,5427.849432632885,1657.2600192798723,0.4444444444444444,0.0,-0.2
2.933333333333333,19.163344834042853,-2.2408271261746138,19.293913326171985,-0.6613305213853317,0.721185298855474,0.11599999999999999,0.5509227828361545,9.428090371506974,99.6029996888519,-29.630718150235477,-0.11640436156666838,-0.18488444250829467,-0.1652996063084186,5920.358067122752,5437.577583758887,1658.3645564488563,0.4444444444444444,0.0,-0.2
2.95,19.145050138000432,-2.3137253498314707,19.28435297802348,-0.6493119089587885,0.7210743087797942,0.11599999999999999,0.5512218167707212,9.44201572431568,99.83319166024003,-29.85511021885996,-0.12026914554500265,-0.18875029376700478,-0.16915276329858747,5928.733017615143,5446.217154344376,1659.525116672043,0.4444444444444444,0.0,-0.2
2.966666666666667,19.12589402472742,-2.3861438047256933,19.27416676543852,-0.6372952479174141,0.7209537927476649,0.11599999999999999,0.5516650563472476,9.454425616632031,100.06508778222972,-30.077501131290873,-0.12411853913213095,-0.1926002737805289,-0.1729906072177468,5936.235167974453,5453.892462046586,1660.7411192601692,0.4444444444444444,0.0,-0.2
2.9833333333333334,19.10588510533656,-2.4580931071203125,19.26336074992092,-0.6252806796540724,0.720825381207109,0.11599999999999999,0.5522428543850333,9.465483410817889,100.29866600624383,-30.297867926299624,-0.12795344091670466,-0.19643520664915048,-0.17681416776305525,5942.95374679698,5460.712761881771,1662.0120062087274,0.4444444444444444,0.0,-0.2
3.0,19.085031694930134,-2.5295819263059656,19.251940668887944,-0.6132683213169093,0.7206904291171836,0.11599999999999999,0.5529465573461096,9.475333777299122,100.53390379797015,-30.516188205586566,-0.1317746440752882,-0.2002558260296583,-0.1806243477301761,5948.968297904058,5466.774215591754,1663.3372392134168,0.4444444444444444,0.0,-0.2
3.0166666666666666,19.063341853218347,-2.6006171880658355,19.23991196371568,-0.601258269951585,0.7205500581871357,0.11599999999999999,0.5537683905288817,9.484104994514366,100.77077817241391,-30.732440111149568,-0.13558284702133103,-0.20406278328300298,-0.1844219369849703,5954.349805392722,5472.161577287854,1664.7162969912602,0.4444444444444444,0.0,-0.2
3.033333333333333,19.040823420989785,-2.67120425590183,19.22727980568393,-0.5892506060088598,0.7204051926053123,0.11599999999999999,0.5547013575583695,9.491910938588077,101.0092657252154,-30.946602305096423,-0.1393786628633902,-0.20785665483214827,-0.18820762472985691,5959.161676576217,5476.949640887404,1666.1486728754344,0.4444444444444444,0.0,-0.2
3.05,19.017484052862603,-2.741347092770561,19.214049119951916,-0.5772453963146968,0.720256589320241,0.11599999999999999,0.5557391522241093,9.498852809159635,101.24934266070453,-31.158653951631162,-0.14316262782092587,-0.21163794881131642,-0.1919820102976955,5963.460602493283,5481.204486765415,1667.6338726554366,0.4444444444444444,0.0,-0.2
3.0666666666666664,18.99333124669732,-2.8110484056929246,19.2002246076945,-0.5652426965843567,0.7201048637478473,0.11599999999999999,0.5568760810058964,9.505020630110844,101.49098481710075,-31.36857470097704,-0.14693520872517774,-0.21540711107914662,-0.19574561267016255,5967.297312696041,5484.984558521811,1669.1714126374122,0.4444444444444444,0.0,-0.2
3.0833333333333335,18.968372370009792,-2.8803097752763644,19.18581076652492,-0.5532425535490142,0.7199505116268414,0.11599999999999999,0.5581069948710113,9.510494557634578,101.7341676892126,-31.576344675027254,-0.15069680971506477,-0.21916453066046496,-0.1994988788878866,5970.717238536333,5488.341595486001,1670.7608179022668,0.4444444444444444,0.0,-0.2
3.1,18.94261468368597,-2.9491317719140944,19.170811909324772,-0.5412450067527141,0.7197939276212365,0.11599999999999999,0.5594272291317974,9.515346022908336,101.97886644894437,-31.7819444545386,-0.15444777822318365,-0.22291054467436017,-0.20324219149490813,5973.761097079009,5491.321442290629,1672.401620741629,0.4444444444444444,0.0,-0.2
3.1166666666666667,18.916065363267304,-3.017514060192242,19.155232181596205,-0.5292500900685635,0.7196354211688188,0.11599999999999999,0.5608325503257254,9.519638732363893,102.22505596387805,-31.985355067704432,-0.15818841033436054,-0.22664544280001636,-0.20697587513942128,5976.465406010863,5493.964753345522,1674.0933592539009,0.4444444444444444,0.0,-0.2
3.1333333333333333,18.888731518046885,-3.0854554928372995,19.139075577444633,-0.5172578329756253,0.7194752299925276,0.11599999999999999,0.5623191092266091,9.523429545006442,102.47271081416402,-32.18655797996163,-0.1619189555884709,-0.2303694713262026,-0.21070020243548093,5978.862938430249,5496.307607174313,1675.8355760845523,0.4444444444444444,0.0,-0.2
3.15,18.860620208191076,-3.152954195366656,19.122345954294044,-0.5052682616317391,0.7193135316245005,0.11599999999999999,0.5638833992197165,9.526769243297903,102.72180530792477,-32.385535084902266,-0.16563962129006607,-0.23408283682539516,-0.21441539917583555,5980.983125148956,5498.382043216262,1677.627817296472,0.4444444444444444,0.0,-0.2
3.1666666666666665,18.831738460078867,-3.220007642459777,19.105047046430244,-0.49328139977226204,0.7191504532371281,0.11599999999999999,0.5655222193788556,9.529703211668574,102.97231349534977,-32.58226869617471,-0.16935057637949333,-0.23778570948914296,-0.21812164897377934,5982.852411076711,5500.216531746662,1679.4696313577026,0.4444444444444444,0.0,-0.2
3.183333333333333,18.802093280031293,-3.286612726942819,19.087182477461162,-0.48129726946030227,0.7189860800295849,0.11599999999999999,0.5672326416730757,9.532272034671943,103.2242091816382,-32.77674154027112,-0.1730519549134496,-0.24147822615742173,-0.22181909740152808,5984.49457135809,5501.836385953001,1681.360568235176,0.4444444444444444,0.0,-0.2
3.2,18.771691666585635,-3.3527658221719965,19.068755771777173,-0.46931589171028565,0.718820462380171,0.11599999999999999,0.5690119818070016,9.534512025076998,103.47746593892631,-32.968936750109215,-0.17674385919709765,-0.24516049307129645,-0.22550785568378318,5985.930992165797,5503.264123858727,1683.3001785842634,0.4444444444444444,0.0,-0.2
3.216666666666667,18.74054062145342,-3.418462838508143,19.049770365088573,-0.4573372870035264,0.7186536219429817,0.11599999999999999,0.5708577732639595,9.536455690743889,103.73205711731968,-33.15883785932582,-0.18042636260485553,-0.2488325883751767,-0.22918800399760864,5987.180920401309,5504.51978666267,1685.2880130249575,0.4444444444444444,0.0,-0.2
3.2333333333333334,18.708647159287274,-3.483699274494433,19.03022961411188,-0.4453614757117839,0.7184855568407701,0.11599999999999999,0.5727677441769297,9.538132147904872,103.9879558551362,-33.34642879720794,-0.18409951212262088,-0.252494564392258,-0.23285959442328868,5988.261685996087,5505.621219119611,1687.3236214964547,0.4444444444444444,0.0,-0.2
3.25,18.676018316369195,-3.54847026327928,19.010136805471312,-0.43338847844249384,0.7183162460834829,0.11599999999999999,0.5747397967002139,9.539567487435471,104.24513508845249,-33.531693884194965,-0.18776333064041584,-0.25614644969435196,-0.23652265358528587,5989.188900028728,5506.584316794437,1689.4065526827171,0.4444444444444444,0.0,-0.2
3.2666666666666666,18.642661158321722,-3.6127706147654655,18.98949516387706,-0.4214183163174025,0.7181456533230608,0.11599999999999999,0.5767719885958988,9.540785099818983,104.5035675600355,-33.71461782789197,-0.1914178190211466,-0.2597882509851839,-0.24017718501764132,5989.976631463298,5507.423244352618,1691.536353502328,0.4444444444444444,0.0,-0.2
3.283333333333333,18.60858278693353,-3.676594853913296,18.968307859637363,-0.4094510111946645,0.717973730039135,0.11599999999999999,0.5788625167846768,9.54180596375589,104.76322582773142,-33.89518571954042,-0.19506295796829928,-0.26341995481434466,-0.2438231712840263,5990.637564961187,5508.1506284822435,1693.7125686566092,0.4444444444444444,0.0,-0.2
3.3,18.57379034618195,-3.739937255578903,18.94657801555703,-0.3974865858430262,0.7178004182367044,0.11599999999999999,0.581009702641289,9.542648902726821,105.02408227237486,-34.07338303089745,-0.19869870971287826,-0.26704152913740226,-0.24746057587907466,5991.183141914477,5508.777728560455,1695.9347402305684,0.4444444444444444,0.0,-0.2
3.3166666666666664,18.538291027527112,-3.802791876227789,18.924308713271305,-0.3855250640754902,0.7176256527253659,0.11599999999999999,0.5832119788413412,9.543330813266461,105.28610910527459,-34.24919561148011,-0.2023250195376829,-0.27065292473616764,-0.2510893449345123,5991.62368658572,5509.31458776585,1698.2024073417635,0.4444444444444444,0.0,-0.2
3.3333333333333335,18.502092074544944,-3.865152582827629,18.9015029990601,-0.3735664708488016,0.7174493630398512,0.11599999999999999,0.5854678775893443,9.54386686823188,105.54927837532468,-34.42260968613497,-0.2059418171550774,-0.2742540765117724,-0.2547094087508875,5991.968519011169,5509.770166986499,1700.5151058326462,0.4444444444444444,0.0,-0.2
3.35,18.46520078696009,-3.9270130791924545,18.878163889184247,-0.3616108323341884,0.7172714750532381,0.11599999999999999,0.5877760200778122,9.544270697940092,105.8135619757845,-34.59361185289745,-0.209549017952694,-0.2778449046620044,-0.2583206831733369,5992.226056126627,5510.152463571559,1702.8723680023718,0.4444444444444444,0.0,-0.2
3.3666666666666667,18.427624524133723,-3.9883669300221416,18.854294374782338,-0.3496581759640089,0.7170919123270262,0.11599999999999999,0.5901351070447509,9.544554551696296,106.07893165076608,-34.76218908110857,-0.213146524119995,-0.2814253157532725,-0.2619230708277452,5992.403902402966,5510.468616714738,1705.273722374455,0.4444444444444444,0.0,-0.2
3.3833333333333333,18.389370708056212,-4.049207582856134,18.829897426363626,-0.33770853045828936,0.7169105972361064,0.11599999999999999,0.5925439103120893,9.544729441928533,106.3453590014622,-34.92832870975995,-0.21673422566727815,-0.28499520369659953,-0.26551646223183584,5992.508931128293,5510.725001034132,1707.7186934969834,0.4444444444444444,0.0,-0.2
3.4,18.35044682588963,-4.109528388138108,18.804975997929798,-0.3257619258345548,0.7167274519013682,0.11599999999999999,0.5950012652009806,9.544805272878419,106.61281549214522,-35.09201844604088,-0.22031200134752107,-0.28855445063616914,-0.2691007367941288,5992.547357342667,5510.927309719273,1710.2068017724291,0.4444444444444444,0.0,-0.2
3.4166666666666665,18.310860432101105,-4.1693226175685085,18.77953303075596,-0.3138183934038609,0.7165423989581393,0.11599999999999999,0.5975060637315592,9.54479095556657,106.88127245596264,-35.25324636406348,-0.22387971949039845,-0.2921029277581687,-0.2726757637122869,5992.52480331651,5511.080628448593,1712.737563314353,0.4444444444444444,0.0,-0.2
3.433333333333333,18.270619150223894,-4.228583480904271,18.75357145685868,-0.3018779657555047,0.7163553621847331,0.11599999999999999,0.600057248525057,9.544694510549444,107.15070110055288,-35.41200090374446,-0.22743723875686894,-0.29564049602696,-0.276241402781129,5992.446357363279,5511.189501134743,1715.3104898285885,0.4444444444444444,0.0,-0.2
3.4499999999999997,18.22973067427978,-4.287304141349276,18.7270942021769,-0.2899406767325244,0.7161662670120028,0.11599999999999999,0.6026538073352086,9.544523159808131,107.42107251350122,-35.568270869824005,-0.23098440882188304,-0.29916700685496833,-0.2797975051194829,5992.316626688552,5511.257988428408,1717.925088516678,0.4444444444444444,0.0,-0.2
3.466666666666667,18.188202769893156,-4.345477729664994,18.70010418948952,-0.2780065613997805,0.7159750409318886,0.11599999999999999,0.605294768143851,9.544283408955296,107.69235766765414,-35.72204543100414,-0.234521070992015,-0.30268230271210433,-0.28334391382407537,5992.139784899939,5511.289719800691,1720.5808619995776,0.4444444444444444,0.0,-0.2
3.4833333333333334,18.146043275124295,-4.403097357118148,18.672604341091375,-0.26607565600613753,0.7157816138204257,0.11599999999999999,0.6079791947626703,9.543981120810965,107.96452742630794,-35.87331411919062,-0.2380470587641499,-0.30618621768000587,-0.28688046455778954,5991.919614733667,5511.287939927481,1723.2773082598144,0.4444444444444444,0.0,-0.2
3.5,18.10326010104683,-4.4601561273709285,18.644597581247993,-0.2541479979420306,0.7155859181885125,0.11599999999999999,0.6107061828892646,9.543621581279103,108.23755254828522,-36.02206682882388,-0.24156219833075443,-0.30967857795591536,-0.29040698607885235,5991.659546493159,5511.255550014656,1726.0139206004476,0.4444444444444444,0.0,-0.2
3.5166666666666666,18.059861232092082,-4.516647147409063,18.616086838447572,-0.24222362569349995,0.7153878893718537,0.11599999999999999,0.6134748565712282,9.543209558352086,108.51140369291186,-36.168293816286145,-0.24506630903671975,-0.31315920231057404,-0.29392330071682404,5991.3626926414645,5511.195144628828,1728.7901876193505,0.4444444444444444,0.0,-0.2
3.533333333333333,18.01585472618077,-4.57256353759394,18.587075047467355,-0.2303025787936034,0.7151874656698783,0.11599999999999999,0.6162843650368388,9.542749354978083,108.78605142490494,-36.31198569937265,-0.24855920379228183,-0.3166279025041263,-0.29742922480065903,5991.031878941989,5511.109044533239,1731.6055931974608,0.4444444444444444,0.0,-0.2
3.55,17.971248714660756,-4.627898440916734,18.557565151270126,-0.21838489777196712,0.7149845884420238,0.11599999999999999,0.6191338798552772,9.54224485644488,109.0614662191814,-36.453133456816495,-0.25204068944608676,-0.32008448366367126,-0.30092456904355747,5990.669672500013,5510.999325971222,1734.4596164997706,0.4444444444444444,0.0,-0.2
3.5666666666666664,17.926051402067806,-4.682645031525052,18.527560102745408,-0.20647062410310998,0.714779202168568,0.11599999999999999,0.6220225923931872,9.541699572861784,109.3376184655953,-36.591728427857454,-0.25551056712207826,-0.3235287446257743,-0.3044091388888446,5990.2784070201815,5510.86784678918,1737.3517319879386,0.4444444444444444,0.0,-0.2
3.5833333333333335,17.880271065724678,-4.736796522585928,18.49706286630862,-0.19455980015406676,0.7145712544821453,0.11599999999999999,0.6249497115378015,9.54111667725762,109.61447847361148,-36.72776231184587,-0.2589686325235306,-0.3269604782469595,-0.30788273482067985,5989.860205562049,5510.716269746743,1740.281409443522,0.4444444444444444,0.0,-0.2
3.6,17.8339160551926,-4.790346173542989,18.466076419370584,-0.18265246913174316,0.7143606961751741,0.11599999999999999,0.6279144616599628,9.540499039756513,109.89201647692143,-36.861227167874,-0.2624146762072332,-0.33037947168493614,-0.3113451526430106,5989.417001046263,5510.546083322489,1743.2481140009013,0.4444444444444444,0.0,-0.2
3.6166666666666667,17.786994791587794,-4.843287296820087,18.43460375368861,-0.17074867503035687,0.7141474811876491,0.11599999999999999,0.6309160807930478,9.539849258243086,110.17020263800737,-36.992115414427474,-0.2658484838305441,-0.3337855066530675,-0.3147961837298371,5988.950554737742,5510.358620289074,1746.2513061890616,0.4444444444444444,0.0,-0.2
3.6333333333333333,17.739515766774637,-4.895613264018839,18.40264787660958,-0.15884846257925206,0.7139315665790725,0.11599999999999999,0.6339538190063205,9.539169685884477,110.44900705265923,-37.120419829050626,-0.26926983637377366,-0.33717835965036935,-0.31823561524954574,5988.462472908778,5510.1550743009775,1749.2904419814793,0.4444444444444444,0.0,-0.2
3.65,17.691487542446,-4.947317511653018,18.37021181221465,-0.14695187719131703,0.713712912487722,0.11599999999999999,0.6370269369533581,9.538462455837115,110.72839975444865,-37.246133548019756,-0.2726785103401227,-0.3405578021691241,-0.3216632303657882,5987.954221864119,5509.936514711068,1752.3649728534092,0.4444444444444444,0.0,-0.2
3.6666666666666665,17.642918749100346,-4.998393546458715,18.33729860237425,-0.13505896491218827,0.7134914820799513,0.11599999999999999,0.6401347045781787,9.537729503431194,111.00835071916391,-37.36925006601925,-0.2760742779351914,-0.34392360088201046,-0.3250788084171348,5987.427141491449,5509.703899808144,1755.47434584595,0.4444444444444444,0.0,-0.2
3.683333333333333,17.593818084924344,-5.0488349503155545,18.303911307721602,-0.12316977237038189,0.713267241491795,0.11599999999999999,0.6432763999634661,9.536972586094645,111.28882986920874,-37.48976323581574,-0.27945690722788186,-0.34727551781048155,-0.32848212507750524,5986.882457483981,5509.458088646431,1758.6180036363105,0.4444444444444444,0.0,-0.2
3.6999999999999997,17.54419431458899,-5.098635384810932,18.270053008552075,-0.11128434672846137,0.7130401597647712,0.11599999999999999,0.6464513083068089,9.536193301250634,111.56980707796785,-37.607667267926196,-0.28282616229434615,-0.35061331047597205,-0.3318729524991807,5986.321292366976,5509.199851619162,1761.7953846137564,0.4444444444444444,0.0,-0.2
3.716666666666667,17.49405626796654,-5.147788595476259,18.235726805655286,-0.09940273563532073,0.7128102087774686,0.11599999999999999,0.6496587210123028,9.535393102397899,111.85125217414162,-37.72295673027606,-0.28618180334647403,-0.3539367320353713,-0.335251059440018,5985.744675446692,5508.929879911633,1765.0059229607461,0.4444444444444444,0.0,-0.2
3.7333333333333334,17.44341283877494,-5.196288415721502,18.20093582108623,-0.08752498717964004,0.7125773631742286,0.11599999999999999,0.6528979348861581,9.534573313561278,112.13313494605181,-37.835626547844015,-0.28952358684627555,-0.3572455314020775,-0.33861621137632664,5985.153551788217,5508.648793954339,1768.249048738834,0.4444444444444444,0.0,-0.2
3.75,17.392272983155834,-5.2441287704918365,18.16568319888114,-0.07565114984454953,0.7123416002920036,0.11599999999999999,0.6561682514259997,9.533735142279966,112.41542514592024,-37.94567200229045,-0.29285126560738395,-0.36053945335382653,-0.34196817060272233,5984.548790318031,5508.35715098357,1771.524187978924,0.4444444444444444,0.0,-0.2
3.7666666666666666,17.34064571819181,-5.291303679668017,18.1299721057235,-0.06378127246352387,0.7121029000862734,0.11599999999999999,0.6594689761946517,9.532879691283664,112.69809249412157,-38.05308873156674,-0.29616458888478814,-0.3638182386283858,-0.345306696320139,5983.931191137465,5508.05545180515,1774.8307627755185,0.4444444444444444,0.0,-0.2
3.783333333333333,17.288540120367973,-5.33780726123007,18.093805731564974,-0.05191540417751409,0.7118612450567374,0.11599999999999999,0.6627994182700676,9.532007968991005,112.98110668341188,-38.15787272950299,-0.299463302453803,-0.3670816240081059,-0.3486315447130652,5983.3014921245995,5507.744146846636,1778.1681913846162,0.4444444444444444,0.0,-0.2
3.8,17.235965323982672,-5.383633734202064,18.057187290205846,-0.04005359439331517,0.7116166201733546,0.11599999999999999,0.6661588897638788,9.531120898950695,113.26443738313354,-38.26002034537207,-0.3027471486791843,-0.37032934239423404,-0.3519424690169623,5982.660374894449,5507.423641573946,1781.5358883249505,0.4444444444444444,0.0,-0.2
3.8166666666666664,17.182930519511658,-5.428777421394097,18.020120019839034,-0.02819589274315839,0.7113690128031831,0.11599999999999999,0.669546705401801,9.530219328333246,113.54805424339769,-38.35952828342793,-0.306015866575217,-0.37356112287181287,-0.35523921957672894,5982.008470180296,5507.094301340237,1784.9332644822846,0.4444444444444444,0.0,-0.2
3.8333333333333335,17.129444951929784,-5.473232751956101,17.982607183561502,-0.016342349045511465,0.7111184126383748,0.11599999999999999,0.6729621821597846,9.5293040355701,113.83192689924476,-38.456393602416576,-0.30926919185752005,-0.37677669076591586,-0.35852154389698737,5981.346362692802,5506.756455727446,1788.3597272164961,0.4444444444444444,0.0,-0.2
3.85,17.075517918993928,-5.5169942637567555,17.94465206985657,-0.004493013267064248,0.7108648116255858,0.11599999999999999,0.6764046389503822,9.528375737226778,114.11602497478363,-38.55061371505809,-0.3125068569872464,-0.3799757676899016,-0.3617891866848932,5980.674595507891,5506.410402434453,1791.814680471208,0.4444444444444444,0.0,-0.2
3.8666666666666667,17.0211587694906,-5.560056605599523,17.906257993050296,0.007352064514125666,0.7106082038970041,0.11599999999999999,0.6798733963543744,9.527435094187895,114.40031808730986,-38.64218638749848,-0.31572859120829,-0.3831580715863096,-0.36504188988609704,5979.993674029412,5506.056410759921,1795.2975248857408,0.4444444444444444,0.0,-0.2
3.8833333333333333,16.966376901451476,-5.602414539286759,17.867428293744958,0.01919283414435586,0.7103485857031249,0.11599999999999999,0.6833677763931423,9.526482717223766,114.68477585140346,-38.731109738730005,-0.31893412057805387,-0.3863233167609645,-0.36827939271442783,5979.30406956796,5505.6947247228,1798.8076579091753,0.4444444444444444,0.0,-0.2
3.9,16.91118176033981,-5.6440629415418115,17.828166339232297,0.031029245428900686,0.710085955347365,0.11599999999999999,0.6868871023377356,9.52551917200118,114.96936788300607,-38.81738223997923,-0.3221231679922825,-0.3894712139108034,-0.37150143167580674,5978.606222573244,5505.325565858745,1802.3444739163308,0.4444444444444444,0.0,-0.2
3.9166666666666665,16.855582837210566,-5.68499680579811,17.788475523889115,0.04286124816556271,0.7098203131225624,0.11599999999999999,0.6904306985509727,9.524544983594545,115.25406380347818,-38.90100271406154,-0.32529545320441217,-0.3926014701458972,-0.3747077405868531,5977.90054555365,5504.949135726698,1805.907364325471,0.4444444444444444,0.0,-0.2
3.933333333333333,16.799589666846778,-5.725211243863439,17.748359269557437,0.05468879217718553,0.7095516612493752,0.11599999999999999,0.6939978903592494,9.523560640547723,115.53883324363608,-38.98197033470172,-0.32845069283985184,-0.3957137890060925,-0.37789805058859705,5977.187425713365,5504.565618156128,1809.495717717584,0.4444444444444444,0.0,-0.2
3.9499999999999997,16.743211825874706,-5.764701487466836,17.70782102591149,0.06651182734315973,0.7092800038165687,0.11599999999999999,0.6975880039510733,9.52256659853192,115.82364584776867,-39.06028462581974,-0.33158860040556765,-0.3988078704726644,-0.38107209015567245,5976.467227334449,5504.175181262232,1813.108919957055,0.4444444444444444,0.0,-0.2
3.966666666666667,16.68645893086,-5.803462889694883,17.6668642708134,0.0783303036299529,0.70900534672316,0.11599999999999999,0.7012003662996045,9.521563283640129,116.10847127763427,-39.13594546078123,-0.33470888629530815,-0.4018834109753334,-0.38422958510132493,5975.740293928566,5503.777979253402,1816.746354313596,0.4444444444444444,0.0,-0.2
3.9833333333333334,16.62934063638703,-5.841490926323529,17.625492510659473,0.09014417112069437,0.7087276976223695,0.11599999999999999,0.7048343051067683,9.520551095354685,116.39327921643708,-39.20895306161221,-0.3378112577907775,-0.4049401033949702,-0.38737025857854085,5975.0069501806465,5503.374154052737,1820.407401585292,0.4444444444444444,0.0,-0.2
4.0,16.57186663312349,-5.878781197051065,17.583709280718697,0.10195338004384405,0.7084470658673211,0.11599999999999999,0.7084891487667098,9.519530409220712,116.67803937278335,-39.2793079981777,-0.3408954190590318,-0.4079776370622823,-0.3904938310775667,5974.267503704603,5502.963836753039,1824.0914402226258,0.4444444444444444,0.0,-0.2
4.016666666666667,16.514046645872117,-5.915329426637352,17.541518145465115,0.11375788080097386,0.7081634624584188,0.11599999999999999,0.712164226346597,9.518501579254808,116.96272148461702,-39.347011187323844,-0.34396107114635294,-0.41099569775274974,-0.39360002042006814,5973.522246629233,5502.547148922608,1827.7978464533533,0.4444444444444444,0.0,-0.2
4.033333333333333,16.45589043161142,-5.951131465953953,17.498922698905425,0.12555762399368897,0.7078768999923264,0.11599999999999999,0.7158588675829463,9.517464940115484,117.2472953231347,-39.4120638919835,-0.34700791196882436,-0.41399396767805613,-0.39668854175014845,5972.771457030725,5502.124203777406,1831.525994408119,0.4444444444444444,0.0,-0.2
4.05,16.397407777527135,-5.986183292949427,17.45592656490323,0.13735256044971447,0.7075873926124677,0.11599999999999999,0.7195724028918482,9.516420809059118,117.53173069667977,-39.47446772024487,-0.35003563629981815,-0.41697212547423534,-0.39975910752242705,5972.015400226496,5501.695107233401,1835.275256246697,0.4444444444444444,0.0,-0.2
4.066666666666666,16.33860849903605,-6.0204810135336615,17.412533397501132,0.1491426412481723,0.7072949559609654,0.11599999999999999,0.7233041633915764,9.515369487702731,117.81599745461538,-39.53422462438326,-0.3530439357545795,-0.41992984618674006,-0.40281142748735776,5971.254329943775,5501.259958851537,1839.045002284739,0.4444444444444444,0.0,-0.2
4.083333333333333,16.27950243780377,-6.054020862384804,17.368746881241876,0.16092781774407144,0.7069996071319362,0.11599999999999999,0.7270534809362568,9.514311263612848,118.10006549117603,-39.59133689985594,-0.35603249877207943,-0.4228668012526162,-0.405845208673951,5970.488489374932,5500.818852686366,1842.8346011209428,0.4444444444444444,0.0,-0.2
4.1,16.220099459757975,-6.086799203682048,17.32457073148958,0.1727080415920327,0.7067013646260571,0.11599999999999999,0.7308196881593609,9.513246411737613,118.38390474929756,-39.64580718425984,-0.35900101059429107,-0.42578265847995533,-0.40886015537004533,5969.718112130484,5500.371878048273,1846.6434197645344,0.4444444444444444,0.0,-0.2
4.116666666666666,16.160409453098545,-6.118812531767265,17.280008694752123,0.18448326476926932,0.7064002483063233,0.11599999999999999,0.7346021185259155,9.512175195697804,118.66748522442536,-39.697638456252434,-0.36194915324302984,-0.4286770820247796,-0.41185596910026256,5968.943423099562,5499.91912018817,1850.470823762968,0.4444444444444444,0.0,-0.2
4.133333333333333,16.100442326306002,-6.1500574717382275,17.235064549005582,0.19625343959784142,0.7060962793549161,0.11599999999999999,0.7384001063924277,9.511097868950543,118.95077696830029,-39.74683403443571,-0.36487660549448675,-0.43154973236550376,-0.41483234860176527,5968.164639226772,5499.460660912529,1854.3161773297609,0.4444444444444444,0.0,-0.2
4.15,16.040208006149566,-6.1805307799759674,17.189742104021658,0.2080185187662026,0.705789480231107,0.11599999999999999,0.7422129870736152,9.510014675838429,119.2337500927222,-39.793397576203304,-0.3677830428515724,-0.4344002662751054,-0.4177889897979276,5967.381970213423,5498.996579135918,1858.178843472377,0.4444444444444444,0.0,-0.2
4.166666666666667,15.979716435696085,-6.210229344608602,17.14404520169885,0.21977845535005516,0.7054798746301204,0.11599999999999999,0.7460400969151024,9.508925852535207,119.51637477329079,-39.83733307655111,-0.37066813751417893,-0.43722833679112627,-0.42072558577001673,5966.595619150408,5498.526951377324,1862.0581841200647,0.4444444444444444,0.0,-0.2
4.183333333333334,15.918977572321108,-6.2391501859137914,17.097977716398233,0.23153320283252904,0.7051674874428898,0.11599999999999999,0.7498807733713435,9.507831627898286,119.79862125312336,-39.878644866851374,-0.37353155834745955,-0.4400335931836159,-0.42364182672697626,5965.805783089267,5498.0518522059665,1865.953560251585,0.4444444444444444,0.0,-0.2
4.2,15.858001385723252,-6.267290456661846,17.051543555284525,0.24328271512369842,0.7048523447166368,0.11599999999999999,0.7537343550880786,9.50673222423714,120.08045984654933,-39.91733761359056,-0.3763729708482157,-0.44281568092112367,-0.42653739997339274,5965.012653557351,5497.571354641695,1869.8643320227454,0.4444444444444444,0.0,-0.2
4.216666666666667,15.796797855943042,-6.294647442401355,17.004746658673177,0.2550269465794498,0.7045344736162136,0.11599999999999999,0.7576001819887095,9.505627858005896,120.36186094278115,-39.95341631707114,-0.37919203710947663,-0.4455742416348365,-0.4294119898757214,5964.216417022456,5497.085530514481,1873.7898588936614,0.4444444444444444,0.0,-0.2
4.233333333333333,15.735376971387286,-6.321218561689071,16.9575910003841,0.2667658520197128,0.7042139023861492,0.11599999999999999,0.761477595364028,9.50451874042744,120.64279500956127,-39.98688631007767,-0.38198841578334963,-0.4483089130809536,-0.43226527782683916,5963.417255311739,5496.594450787126,1877.7294997556846,0.4444444444444444,0.0,-0.2
4.25,15.673748726860081,-6.347001366265705,16.91008058810267,0.27849938674606545,0.7038906603133471,0.11599999999999999,0.7653659379647815,9.503405078055788,120.92323259678501,-40.017753256507305,-0.3847617620422138,-0.4510193291013844,-0.43509694220899015,5962.615345989304,5496.098185844791,1881.6826130579186,0.4444444444444444,0.0,-0.2
4.266666666666667,15.611923121601478,-6.371993541179148,16.862219463748644,0.29022750655872387,0.7035647776903803,0.11599999999999999,0.7692645540966061,9.502287073282663,121.20314434009896,-40.04602314996505,-0.3875117275383252,-0.4537051195828519,-0.43790665835518044,5961.810862696403,5495.596805754651,1885.6485569332604,0.4444444444444444,0.0,-0.2
4.283333333333333,15.549910157334779,-6.396192904856585,16.814011703853456,0.30195016777292644,0.7032362857793417,0.11599999999999999,0.773172789716913,9.501164924793699,121.48250096447454,-40.071702312324156,-0.3902379603618989,-0.45636591041447944,-0.4406940985090793,5961.003975457826,5495.090380498569,1889.626689323905,0.4444444444444444,0.0,-0.2
4.3,15.487719836323462,-6.419597409126859,16.76546141994653,0.31366732723472035,0.702905216776205,0.11599999999999999,0.7770899925333312,9.500038827979191,121.76127328775671,-40.09479739225178,-0.39294010499772847,-0.459001323443934,-0.44345893178347695,5960.194850957729,5494.578980181457,1893.616368106245,0.4444444444444444,0.0,-0.2
4.316666666666666,15.425362159438638,-6.442205139194387,16.716572758951042,0.32537894233615944,0.7025716037756565,0.11599999999999999,0.7810155121033544,9.49890897530368,122.03943222418717,-40.11531536370046,-0.3956178022804019,-0.4616109764322007,-0.44620082411734774,5959.383652787791,5494.0626752176295,1897.6169512151098,0.4444444444444444,0.0,-0.2
4.333333333333333,15.362847124237954,-6.464014313565873,16.667349903589677,0.33708497102992047,0.7022354807363654,0.11599999999999999,0.7849486999348732,9.497775556638453,122.31694878790226,-40.13326352436556,-0.39827068934817034,-0.46419448300705685,-0.4489194382315656,5958.570541670388,5493.541536497298,1901.6277967672854,0.4444444444444444,0.0,-0.2
4.35,15.300184723056807,-6.485023283931004,16.61779707280084,0.3487853718433446,0.7018968824466572,0.11599999999999999,0.7888889095873055,9.496638759560408,122.59379409640482,-40.14864949410912,-0.4008983995955258,-0.4667514526153157,-0.4516144335833155,5957.755675659131,5493.015635535073,1905.6482631842548,0.4444444444444444,0.0,-0.2
4.366666666666666,15.237384941112724,-6.505230534998238,16.56791852216573,0.3604801038919113,0.7015558444905645,0.11599999999999999,0.792835496773046,9.495498769620536,122.86993937401003,-40.16148121335049,-0.40350056262453904,-0.46928149047390666,-0.4542854663192432,5956.939210318977,5492.4850446021965,1909.6777093141095,0.4444444444444444,0.0,-0.2
4.383333333333333,15.174457754623695,-6.524634684286819,16.51771854434679,0.3721691268921491,0.7012124032142283,0.11599999999999999,0.7967878194589999,9.494355770584958,123.14535595526502,-40.17176694142401,-0.4060768041950133,-0.47178419751986056,-0.4569321892273866,5956.121298887841,5491.949836844002,1913.715494552576,0.4444444444444444,0.0,-0.2
4.4,15.111413128941264,-6.543234481876044,16.467201469537866,0.3838524011739907,0.7008665956926271,0.11599999999999999,0.8007452379679805,9.493209944651065,123.42001528834169,-40.179515254904246,-0.4086267461735061,-0.4742591703592686,-0.4595542516879279,5955.302092421493,5491.410086383998,1917.7609789631097,0.4444444444444444,0.0,-0.2
4.416666666666667,15.048261016699131,-6.561028810112817,16.416371665926583,0.3955298876925769,0.7005184596966149,0.11599999999999999,0.8047071150797591,9.492061472641133,123.69388893840295,-40.184735045899096,-0.4111500064812709,-0.4767060012152813,-0.4621512996228086,5954.481739923361,5490.865868415781,1921.8135233960002,0.4444444444444444,0.0,-0.2
4.433333333333334,14.985011355978,-6.578016683278481,16.36523354016922,0.4072015480395131,0.7001680336602492,0.11599999999999999,0.8086728161316068,9.49091053417558,123.96694859094181,-40.18743552031112,-0.41364619904117356,-0.4791242778752182,-0.4647229754442466,5953.660388460653,5490.317259283901,1925.8724896064539,0.4444444444444444,0.0,-0.2
4.45,14.921674068487347,-6.5941972472159005,16.31379153787854,0.41886734445358537,0.6998153566483964,0.11599999999999999,0.8126417091181093,9.489757307827716,124.23916605509311,-40.18762619606755,-0.4161149337236371,-0.48151358363686025,-0.4672689180021983,5952.8381832681725,5489.764336554664,1929.9372403715884,0.4444444444444444,0.0,-0.2
4.466666666666667,14.858259057764842,-6.609569778917742,16.26205014412493,0.4305272398309388,0.6994604683246003,0.11599999999999999,0.8166131647901809,9.488601971261756,124.51051326691791,-40.185316901319325,-0.4185558162916709,-0.48387349725399476,-0.46978876253080415,5952.015267840958,5489.20717907777,1934.0071396063197,0.4444444444444444,0.0,-0.2
4.483333333333333,14.79477620739401,-6.624133686076882,16.21001388395119,0.4421811977347231,0.6991034089192041,0.11599999999999999,0.8205865567530566,9.487444701355665,124.78096229266015,-40.18051777260962,-0.4209684483450407,-0.4862035928812912,-0.47228214059386386,5951.191784016867,5488.645867039582,1938.0815524780764,0.4444444444444444,0.0,-0.2
4.5,14.731235379240806,-6.637888506599849,16.15768732290133,0.4538291824042092,0.6987442191977166,0.11599999999999999,0.8245612615631854,9.4862856743102,125.05048533197532,-40.17323925301216,-0.42335242726363986,-0.4885034400185833,-0.4747486800293816,5950.367872050074,5488.080482008764,1942.1598455203157,0.4444444444444444,0.0,-0.2
4.516666666666667,14.667646411709674,-6.650833908084206,16.10507506756371,0.4654711587633818,0.6983829404294174,0.11599999999999999,0.8285366588239063,9.485125065745482,125.31905472113112,-40.163492090239885,-0.42570734615012107,-0.4907726034546388,-0.47718800489322744,5949.543670676354,5487.511106974932,1946.2413867447951,0.4444444444444444,0.0,-0.2
4.533333333333333,14.604019118019682,-6.662969687260746,16.052181766128864,0.47710709242901006,0.6980196143561946,0.11599999999999999,0.8325121312797785,9.483963050786194,125.58664293617983,-40.15128733472418,-0.42803279377185455,-0.4930106432105016,-0.4795997354019624,5948.719317170967,5486.937826380904,1950.3255457525686,0.4444444444444444,0.0,-0.2
4.55,14.540363284501254,-6.674295769401399,15.999012108962274,0.48873694971820236,0.6976542831616127,0.11599999999999999,0.8364870649094955,9.482799804136492,125.85322259610216,-40.136636337665244,-0.4303283545022784,-0.49521711448249406,-0.4819834878748748,5947.894947399866,5486.360726149093,1954.4116938436619,0.4444444444444444,0.0,-0.2
4.566666666666666,14.476688668914054,-6.684812207693686,15.94557082919251,0.5003606976554472,0.6972869894402083,0.11599999999999999,0.8404608490172762,9.481635500145542,126.11876646592246,-40.119550749053936,-0.4325936082617105,-0.4973915675849709,-0.4843388746752798,5947.070695864892,5485.779893702511,1958.4992041254065,0.4444444444444444,0.0,-0.2
4.583333333333333,14.413004998786498,-6.694519182582593,15.89186270331489,0.5119783039791452,0.6969177761670127,0.11599999999999999,0.8444328763226907,9.480470312864487,126.38324745979524,-40.10004251566553,-0.43482813045769625,-0.49953354789292215,-0.4866655041511335,5946.246695743536,5485.195417980806,1962.5874516193885,0.4444444444444444,0.0,-0.2
4.6,14.349321969777364,-6.703417001080715,15.837892551811093,0.523589737147635,0.6965466866673025,0.11599999999999999,0.8484025430487874,9.479304416095763,126.64663864406249,-40.07812387902575,-0.43703149192496876,-0.5016425957845271,-0.4889629805750212,5945.423078923844,5484.607389451779,1966.6758133669832,0.4444444444444444,0.0,-0.2
4.616666666666666,14.285649244059957,-6.711506096047514,15.783665239784888,0.5351949663447177,0.6961737645865795,0.11599999999999999,0.8523692490085422,9.478137983435252,126.90891324028212,-40.053807373349564,-0.4392032588651038,-0.5037182465837657,-0.49123090408357517,5944.5999760349005,5484.015900118649,1970.7636685334555,0.4444444444444444,0.0,-0.2
4.633333333333333,14.221996448729245,-6.718787025438516,15.729185677614343,0.5467939614846838,0.6957990538607821,0.11599999999999999,0.856332397689493,9.476971188308067,127.17004462822688,-40.02710582345308,-0.44134299278595357,-0.5057600305032003,-0.493468870616388,5943.777516473406,5483.421043523466,1974.8503985105883,0.4444444444444444,0.0,-0.2
4.65,14.158373174232368,-6.7252604715252975,15.674458821620714,0.5583866932168449,0.6954225986867327,0.11599999999999999,0.8602913963365735,9.475804203998491,127.43000634885404,-39.998032342639,-0.4434502504409514,-0.5077674725870469,-0.4956764718544837,5942.955828426672,5482.822914746929,1978.9353870178186,0.4444444444444444,0.0,-0.2
4.666666666666667,14.09478897282289,-6.730927240087071,15.619489674754291,0.5699731329295766,0.695044443492824,0.11599999999999999,0.8642456560330434,9.474637203674506,127.68877210724551,-39.96660033055608,-0.4455245837683816,-0.5097400926546609,-0.4978532951584189,5942.13503889248,5482.221610404878,1983.01802020185,0.4444444444444444,0.0,-0.2
4.683333333333334,14.031253357039127,-6.735788259574711,15.564283287297435,0.581553252753875,0.6946646329099514,0.11599999999999999,0.8681945917795351,9.473470360407527,127.94631577551817,-39.932823471032904,-0.4475655398307178,-0.5116774052445698,-0.49999892350608705,5941.315273696058,5481.617228641696,1987.0976867347322,0.4444444444444444,0.0,-0.2
4.7,13.967775798206917,-6.739844580248024,15.508844757585058,0.5931270255664309,0.6942832117426935,0.11599999999999999,0.8721376225711381,9.472303847187634,128.20261139570445,-39.89671572988638,-0.44957266075413277,-0.5135789195591921,-0.5021129354303028,5940.496657504539,5481.009869120864,1991.173777910374,0.4444444444444444,0.0,-0.2
4.716666666666667,13.904365724967077,-6.743097373287083,15.453179232742704,0.6046944249922269,0.6939002249407519,0.11599999999999999,0.8760741714725011,9.471137836934759,128.45763318260302,-39.85829135270558,-0.451545483668297,-0.5154441394103908,-0.5041949049562501,5939.679313839129,5480.3996330128475,1995.2456877394707,0.4444444444444444,0.0,-0.2
4.733333333333333,13.84103252182787,-6.745547929878446,15.397291909442522,0.6162554254066607,0.6935157175706524,0.11599999999999999,0.8800036656909493,9.469972502506135,128.71135552659942,-39.81756486261101,-0.45348354064658175,-0.5172725631660156,-0.5062444015388801,5938.863365085259,5479.786622980494,1999.3128130428408,0.4444444444444444,0.0,-0.2
4.75,13.777785527742708,-6.747197660277052,15.341188034677254,0.6278100019372,0.6931297347877176,0.11599999999999999,0.8839255366475496,9.46880801670039,128.96375299645663,-39.774551057989946,-0.45538635864679455,-0.5190636836975979,-0.5082609900003531,5938.048932500932,5479.170943162151,2003.3745535431358,0.4444444444444444,0.0,-0.2
4.766666666666667,13.714634034713338,-6.7480480928446,15.28487290655245,0.6393581304645735,0.6927423218083163,0.11599999999999999,0.8878392200461631,9.467644552258466,129.21480034207528,-39.72926501020818,-0.45725345945258045,-0.5208169883293737,-0.5102442304676194,5937.236136223462,5478.552699152598,2007.4303119549245,0.4444444444444444,0.0,-0.2
4.783333333333333,13.651587286418692,-6.748100873065227,15.228351875097061,0.6508997876235008,0.6923535238824006,0.11599999999999999,0.8917441559404122,9.466482281861728,129.46447249722362,-39.681722061298466,-0.4590843596156288,-0.5225319587888135,-0.5121936783102462,5936.425095274801,5477.931997981982,2011.479494073131,0.4444444444444444,0.0,-0.2
4.8,13.58865447686962,-6.747357762539252,15.171630343092579,0.6624349508029698,0.6919633862663349,0.11599999999999999,0.8956397887986016,9.465321378127454,129.71274458223715,-39.63193782162623,-0.460878570398836,-0.5242080711588561,-0.514108884078597,5935.615927565622,5477.308948092875,2015.5215088598115,0.4444444444444444,0.0,-0.2
4.816666666666666,13.525844749089629,-6.745820637955797,15.114713766920822,0.6739635981460627,0.6915719541960289,0.11599999999999999,0.8995255675665468,9.464162013601912,129.9595919066876,-39.579928167532856,-0.4626355977205794,-0.5258447958320445,-0.5159893934424802,5934.808749898286,5476.683659315559,2019.5557685292695,0.4444444444444444,0.0,-0.2
4.833333333333333,13.463167193821818,-6.74349149004506,15.057607657430518,0.6854857085493382,0.6911792728603797,0.11599999999999999,0.903400945728325,9.463004360751247,130.20498997202145,-39.52570923895689,-0.4643549421002697,-0.5274415974667811,-0.5178347471303906,5934.0036779688635,5476.05624284166,2023.5816886314856,0.4444444444444444,0.0,-0.2
4.85,13.40063084826205,-6.740372422511028,15.000317580822736,0.6970012616617743,0.6907853873750347,0.11599999999999999,0.9072653813649443,9.461848591950345,130.44891447416788,-39.46929743703368,-0.466036098605357,-0.5289979349459274,-0.5196444808694711,5933.2008263682965,5475.426811196247,2027.5986881338677,0.4444444444444444,0.0,-0.2
4.866666666666666,13.338244694818545,-6.736465650945388,14.942849159555287,0.708510237883277,0.690390342756481,0.11599999999999999,0.9111183372109259,9.460694879469825,130.6913413061159,-39.41070942167366,-0.46767855679997383,-0.530513261337983,-0.5214181253263332,5932.400308582851,5474.795478208469,2031.6061895013058,0.4444444444444444,0.0,-0.2
4.883333333333333,13.276017659897898,-6.731773501723435,14.885208073266112,0.7200126183627608,0.6899941838964728,0.11599999999999999,0.9149592807087985,9.459543395461353,130.93224656046075,-39.34996210911983,-0.46928180069541114,-0.5319870238610962,-0.5231552060488792,5931.602236993919,5474.162358980839,2035.603618774533,0.4444444444444444,0.0,-0.2
4.9,13.213958612717615,-6.7262984108826975,14.8274000597157,0.7315083849958065,0.6895969555368034,0.11599999999999999,0.9187876840615252,9.458394311941337,131.17160653191954,-39.28707266948474,-0.4708453087026315,-0.5334186638501666,-0.5248552434092798,5930.806722877306,5473.527569857223,2039.5904056467805,0.4444444444444444,0.0,-0.2
4.916666666666667,13.152076364145188,-6.720042922985081,14.769430915748528,0.7429975204219028,0.6891987022444319,0.11599999999999999,0.922603024282854,9.457247800773231,131.40939771981596,-39.22205852426729,-0.47236855358703705,-0.5348076167273179,-0.5265177525482666,5930.013876402047,5472.891228389653,2043.5659835387357,0.4444444444444444,0.0,-0.2
4.933333333333334,13.09037966556371,-6.713009689963238,14.711306498273503,0.7544800080212761,0.6887994683869721,0.11599999999999999,0.9264047832455979,9.45610403364844,131.64559683053417,-39.15493734384982,-0.4738510024257177,-0.5361533119760288,-0.5281422433209104,5929.223806628845,5472.253453303992,2047.5297896717905,0.4444444444444444,0.0,-0.2
4.95,13.028877207764054,-6.705201469951949,14.653032725263376,0.765955831911316,0.6883992981085543,0.11599999999999999,0.9301924477278884,9.454963182066056,131.88018077994167,-39.08572704497583,-0.4752921165674212,-0.5374551731192295,-0.5297282202440634,5928.4366215082055,5471.614364464538,2051.481265139587,0.4444444444444444,0.0,-0.2
4.966666666666667,12.967577619863563,-6.696621126105202,14.594615576772993,0.7774249769426032,0.6879982353060651,0.11599999999999999,0.9339655094573613,9.453825417311412,132.1131266957812,-39.01444578820871,-0.4766913515954954,-0.5387126177016811,-0.5312751824456541,5927.652427878297,5470.974082837661,2055.4198549778616,0.4444444444444444,0.0,-0.2
4.983333333333333,12.906489468251218,-6.687271625399742,14.536061095976313,0.7888874286945439,0.6875963236057777,0.11599999999999999,0.9377234651533373,9.45269091043362,132.34441192003146,-38.94111197537166,-0.47804815729406863,-0.5399250572769745,-0.5327826236160322,5926.871331462634,5470.332730454466,2059.3450082325858,0.4444444444444444,0.0,-0.2
