t,vx,vy,speed,yaw,yaw_rate,steering_angle,ax,ay,pos_x,pos_y,sideslip,alpha_f,alpha_r,fy_f,fy_r,f_long,throttle,brake,steer_cmd
0.0,19.596880022602594,-0.04010060667112437,19.596921050995128,-0.00027751155436198934,-0.03173253160175464,-0.075,0.8013222987093214,-3.9313310779008908,54.491438286587545,-0.0003980818528398042,-0.002046272195099661,0.07236213869011889,6.008996821582979e-05,-4457.037013868993,-4.904305830855634,1631.0322646457223,0.4444444444444444,0.0,0.15
0.016666666666666666,19.609213273936852,-0.08975883973356873,19.609418703063373,-0.001310804299564986,-0.07986957551607984,-0.087,0.7391708479829688,-4.158725807692047,54.81817982107415,-0.0018875564369197975,-0.004577349004233091,0.07864090435725837,0.0006660185374284518,-4675.634565045271,-54.330465437016905,1630.2254527437522,0.4444444444444444,0.0,0.15
0.03333333333333333,19.621844069938554,-0.12292094365401651,19.622229084978382,-0.0031199800617084093,-0.12540428965662945,-0.087,0.7493920853458611,-4.102381346779844,55.14512572267716,-0.004528368000790746,-0.00626441303315437,0.07381362885647828,0.0019593113991503244,-4517.99574754495,-159.80391614891857,1629.4195265736275,0.4444444444444444,0.0,0.15
0.05,19.634776870963407,-0.14139010476379762,19.63528593971182,-0.005657256907131173,-0.16794500227209277,-0.087,0.7586598490940593,-4.09959359075572,55.47227660687554,-0.008308978292959556,-0.007200879432785664,0.06995055194818642,0.0038220615496889474,-4380.3114906048295,-311.5154193185169,1628.593980154968,0.4444444444444444,0.0,0.15
0.06666666666666667,19.647974016952055,-0.14702869659397313,19.648524127996108,-0.0088703179769432,-0.2072781553361393,-0.087,0.7665278991963214,-4.1464747667192565,55.79963189389903,-0.013232615355013314,-0.007483008280956425,0.06697100230745542,0.006141024135740851,-4266.781017240031,-499.7339907991936,1627.7506608164667,0.4444444444444444,0.0,0.15
0.08333333333333333,19.661369960310054,-0.14166130703724747,19.66188029263972,-0.012704711679597417,-0.24332332985500862,-0.087,0.7727269759546043,-4.237571239153037,56.12718966054529,-0.019316067488692395,-0.0072049331278437306,0.06478651114337707,0.008813916166311312,-4179.35231562441,-715.2611896611924,1626.8934007825565,0.4444444444444444,0.0,0.15
0.1,19.67488256295894,-0.12701506522393669,19.675292544026366,-0.017105774473760153,-0.27610502354262795,-0.087,0.7771504713952133,-4.366261938432656,56.45494650836408,-0.026588063750498433,-0.0064556065515383645,0.06330596682308899,0.011750686965295298,-4118.0344191446275,-949.5890854074722,1626.027268789397,0.4444444444444444,0.0,0.15
0.11666666666666667,19.688422498968926,-0.10467715935782611,19.68870076479393,-0.022020106582479482,-0.3057268200791866,-0.087,0.7798230175272299,-4.525317444312161,56.782897461863115,-0.0350873649412966,-0.005316635859055251,0.06243974576379845,0.014874068356169562,-4081.371208738076,-1195.0823799759116,1625.157932848573,0.4444444444444444,0.0,0.15
0.13333333333333333,19.701900432690802,-0.0760695528659044,19.702047285410092,-0.027396649882082836,-0.3323487503115487,-0.087,0.7808634745731725,-4.707462051164586,57.1110359046402,-0.04486072212834543,-0.003861006968657562,0.06210272504222737,0.01811943643713196,-4066.939821792468,-1445.1369116263404,1624.2911632972211,0.4444444444444444,0.0,0.15
0.15,19.71523203181202,-0.04243871388426686,19.715277708229802,-0.033187423951858516,-0.35616806526046774,-0.087,0.7804498897636898,-4.905836032775011,57.439353556006424,-0.055960853291338646,-0.0021525817331312955,0.06221625412365381,0.02143409825211819,-4071.790466819394,-1694.2764822825288,1623.432477539165,0.4444444444444444,0.0,0.15
0.16666666666666666,19.728341100922176,-0.004857069992683892,19.728341698821627,-0.03934797696318602,-0.37740338334578954,-0.087,0.7787903051428314,-5.1143131254557455,57.76784048624831,-0.06844455763629978,-0.00024619758294439607,0.06270925261084248,0.024776165797247347,-4092.791518461019,-1938.1709534507736,1622.5869108860102,0.4444444444444444,0.0,0.15
0.18333333333333332,19.74116121722916,0.03576732752597565,19.741193619088765,-0.045837606154040714,-0.3962820576409964,-0.087,0.7761006590850956,-5.327672109497629,58.09648516551576,-0.08237104659348088,0.0018118127902911477,0.0635186294277962,0.028113191810020557,-4126.875042940816,-2173.579548436052,1621.758889906609,0.4444444444444444,0.0,0.15
0.2,19.753636258483276,0.07867610831522343,19.753792936104315,-0.05261939918919012,-0.4130305257990471,-0.087,0.7725894759317308,-5.541646930644038,58.425274539517495,-0.097800531444138,0.003982846057839889,0.06458921087872914,0.031420723649533806,-4171.194471846052,-2398.2374304250384,1620.9521829932569,0.4444444444444444,0.0,0.15
0.21666666666666667,19.76572017145247,0.12324341791158411,19.76610439201973,-0.059660142916421285,-0.42786732590880194,-0.087,0.7684482950160132,-5.7528896457449665,58.75419412461753,-0.11479307593323457,0.0062351292911995366,0.06587333922620878,0.03468089587293321,-4223.212513529269,-2610.7090981488304,1620.1699049195872,0.4444444444444444,0.0,0.15
0.23333333333333334,19.777376265270675,0.1689581582483227,19.778097957016254,-0.06693014004169705,-0.44099839648244304,-0.087,0.7638465558675775,-5.958879782162363,59.083228115262344,-0.1334077001369819,0.008542793837327305,0.06733027153818304,0.037881141322727754,-4280.737899734551,-2810.2307020344174,1619.4145560490244,0.4444444444444444,0.0,0.15
0.25,19.788576245787105,0.21540688147785853,19.78974860779989,-0.07440296747696862,-0.45261424431445124,-0.087,0.7589297035936611,-6.157807570560908,59.412359497586415,-0.15370170870453992,0.010884985932788914,0.06892547706261976,0.041013063591175764,-4341.92726246079,-2996.5581326414135,1618.6880812426646,0.4444444444444444,0.0,0.15
0.26666666666666666,19.799299144950698,0.2622580762722832,19.80103598122622,-0.08205520315306074,-0.4628885661484532,-0.087,0.7538194584281822,-6.348450723443566,59.74157016423305,-0.1757302105685401,0.01324505165930958,0.0706299035069128,0.04407148513788332,-4405.265148237551,-3169.8314584405384,1617.9919376392977,0.4444444444444444,0.0,0.15
0.2833333333333333,19.80953024791682,0.3092482093374651,19.81194395050899,-0.08986614150506028,-0.4719779437283877,-0.087,0.7486154167320946,-6.530057208135303,60.070841026658606,-0.19954579619493693,0.015609814431227522,0.0724192596014781,0.047053666051882506,-4469.531869516706,-3330.46075462466,1617.3271639624643,0.4444444444444444,0.0,0.15
0.3,19.819260081016598,0.3561696278933153,19.822460164238233,-0.09781751204000534,-0.48002228566779737,-0.087,0.7433973678979886,-6.702240768746607,60.40015212231343,-0.2251983405147597,0.017968949995453985,0.07427334338788291,0.049958677288752286,-4533.766007867963,-3479.0343119102954,1616.6944467355065,0.4444444444444444,0.0,0.15
0.31666666666666665,19.828483495033424,0.4028602676260739,19.83257557928482,-0.10589321059811634,-0.48714575180333586,-0.087,0.7382278988385582,-6.864891955847011,60.729482715041044,-0.2527349033789257,0.020314455673428104,0.0761754323670228,0.05278690714691781,-4597.226070428691,-3616.2476944218643,1616.0941807921263,0.4444444444444444,0.0,0.15
0.3333333333333333,19.837198858545353,0.44919501984215504,19.842284009642743,-0.11407904915777106,-0.4934579570170561,-0.087,0.7331550068185837,-7.0181048956053855,61.05881138778492,-0.2821997036878963,0.022640205964643553,0.07811174226219987,0.05553967872321076,-4659.354057075493,-3742.8508382442033,1615.526522866025,0.4444444444444444,0.0,0.15
0.35,19.84540736337271,0.49507856912434794,19.851581705441358,-0.12236252723094557,-0.4990553061374844,-0.087,0.7282145529591908,-7.162118610053409,61.38811612725169,-0.31363414763937614,0.02494158451252937,0.08007095489995952,0.05821895742720406,-4719.742448483538,-3859.609965070501,1614.9914379595928,0.4444444444444444,0.0,0.15
0.36666666666666664,19.85311243654029,0.5404395013694934,19.860466970153325,-0.13073262590714707,-0.504022356801732,-0.087,0.7234324677872381,-7.297271035407396,61.7173744005751,-0.3470768954622194,0.02721518190646734,0.08204381182920695,0.06082713013406437,-4778.105277927821,-3967.28118679116,1614.4887387528822,0.4444444444444444,0.0,0.15
0.3833333333333333,19.86031924907158,0.5852254890796977,19.868939819429514,-0.1391796242671407,-0.5084331426309838,-0.087,0.718826673241323,-7.423963693050938,62.04656322428942,-0.3825639544072838,0.0294585492069431,0.08402276812854896,0.06336684044220928,-4834.253406051805,-4066.593042359376,1614.0181186255043,0.4444444444444444,0.0,0.15
0.4,19.867034310182042,0.6293993775814307,19.877001681804284,-0.14769493704730877,-0.5123524155867147,-0.087,0.7144087190237887,-7.542635043998963,62.37565922608394,-0.42012878860838127,0.03166999799012877,0.08600169986056443,0.06584086732662614,-4888.07379364617,-4158.235671196819,1613.5791790080286,0.4444444444444444,0.0,0.15
0.4166666666666667,19.873265135155105,0.6729360168952353,19.884655139453795,-0.1562709719565916,-0.5158367853730967,-0.087,0.7101851506907733,-7.6537407671992845,62.704638699898474,-0.4598024387370903,0.03384843882737603,0.08797565841174555,0.06825203701567788,-4939.5123947294305,-4242.85479085156,1613.1714518169283,0.4444444444444444,0.0,0.15
0.43333333333333335,19.879019975758265,0.7158197058830176,19.891903705978635,-0.16490100482176917,-0.5189357468044835,-0.087,0.7061586368580102,-7.757739461473495,63.03347765495601,-0.5016136462143677,0.035993251270516356,0.08994066520968519,0.07060316008184708,-4988.560219104913,-4321.049061898754,1612.7944177011507,0.4444444444444444,0.0,0.15
0.45,19.884307603077612,0.7580421361438825,19.89875163757716,-0.1735790706796771,-0.5216925946198522,-0.087,0.7023288867201452,-7.855082532708746,63.36215185932885,-0.5455889781810934,0.03810417950805629,0.09189354082555527,0.07289698751751872,-5035.242102474775,-4393.369771525883,1612.4475207681141,0.4444444444444444,0.0,0.15
0.4666666666666667,19.88913713385556,0.7996007419520719,19.905203773783438,-0.18229986898506384,-0.5241452305243406,-0.087,0.6986933891355185,-7.946207267739405,63.69063687861209,-0.5917529505397187,0.04018124884205744,0.09383176310964846,0.07513618099796968,-5079.607746955284,-4460.322047095686,1612.1301803813085,0.4444444444444444,0.0,0.15
0.48333333333333334,19.893517892648575,0.8404973789607254,19.91126540401611,-0.1910586812162236,-0.5263268702433596,-0.087,0.695248002462145,-8.03153230398052,64.0189081102424,-0.6401281472243077,0.04222469899273069,0.0957533496809295,0.077323293663987,-5121.724637998702,-4522.367028777896,1611.8418005422745,0.4444444444444444,0.0,0.15
0.5,19.89745930328809,0.8807372684064848,19.91694215641462,-0.19985129930702664,-0.5282666598240466,-0.087,0.6919874212254138,-8.111454877119945,64.34694081395662,-0.6907353344918027,0.04423493096716842,0.09765676074408183,0.07946075863786028,-5161.672494151367,-4579.924595838798,1611.5817772934681,0.4444444444444444,0.0,0.15
0.5166666666666666,19.90097080418337,0.9203281553015995,19.922239905753564,-0.20867396349343015,-0.5299902108514365,-0.087,0.6889055422317405,-8.18634937006861,64.67471013883873,-0.7435935694992818,0.04621246483918858,0.09954081880965966,0.08155088316718549,-5199.538957044664,-4633.376364545236,1611.349504508783,0.4444444444444444,0.0,0.15
0.5333333333333333,19.904061782931365,0.9592796388379302,19.92716469757396,-0.2175233083222097,-0.5315200640457461,-0.087,0.6859957493160934,-8.256566798816385,65.0021911473584,-0.7987203027776647,0.04815790629227055,0.10140464243080166,0.08359584681287814,-5235.416276772853,-4683.068766119959,1611.1443783769403,0.4444444444444444,0.0,0.15
0.55,19.906741526494486,0.9976026412244234,19.931722686020844,-0.2263963157218363,-0.5328760901372556,-0.087,0.6832511327423145,-8.322434959313004,65.32935883675951,-0.8561314744615055,0.05007192019160144,0.10324759153962365,0.08559770249583157,-5269.398790526196,-4729.316078578831,1610.9658008298002,0.4444444444444444,0.0,0.15
0.5666666666666667,19.909019183880783,1.0353089877039927,19.935920083210448,-0.23529027417592963,-0.5340758361541093,-0.087,0.6806646564640654,-8.384259028324207,65.65618815811712,-0.9158416043105924,0.05195520978849273,0.10506922236986774,0.08755837951887992,-5301.581029374829,-4772.403332876468,1610.8131821224952,0.4444444444444444,0.0,0.15
0.5833333333333334,19.910903738824334,1.0724110757925407,19.939763118257233,-0.24420274316663557,-0.5351348244216018,-0.087,0.6782292840304764,-8.44232246427481,65.98265403334334,-0.9778638756802529,0.05380850043378811,0.10686925029480888,0.08947968790939695,-5332.056319488487,-4812.589046498814,1610.6859427344584,0.4444444444444444,0.0,0.15
0.6,19.91240399043089,1.1089216160677084,19.94325800436604,-0.2531315221681369,-0.5360668107314394,-0.087,0.6759380718728696,-8.496888094680056,66.30873137038884,-1.0422102136775695,0.05563252689768024,0.10864751919742789,0.09136332360036524,-5360.9157702532275,-4850.107760223468,1610.5835147289501,0.4444444444444444,0.0,0.15
0.6166666666666667,19.913528540138863,1.1448534302922755,19.946410912637315,-0.26207462356973893,-0.5368840073388669,-0.087,0.673784237004826,-8.548199307603799,66.63439507685665,-1.1088913577908834,0.057428023571237594,0.11040397623045811,0.09321087409752683,-5388.247563302937,-4885.1723690413355,1610.50534268273,0.4444444444444444,0.0,0.15
0.6333333333333333,19.91428578366113,1.1802192954418569,19.94922795144366,-0.27103024899449063,-0.5375972757074826,-0.087,0.6717612047659399,-8.596481287861009,66.95962007221785,-1.1779169293081726,0.059195716968003215,0.11213865102389192,0.09502382437760139,-5414.136474064273,-4917.9762482876195,1610.450884276248,0.4444444444444444,0.0,0.15
0.65,19.914683906830984,1.2150318244469034,19.951715150417815,-0.2799967685542726,-0.5382162932563702,-0.087,0.6698626410964098,-8.64194225614545,67.28438129879582,-1.2492954938522818,0.06093632005894382,0.11385163856311994,0.09680356283540861,-5438.66357164227,-4948.69518239976,1610.4196106172822,0.4444444444444444,0.0,0.15
0.6666666666666666,19.914730884485188,1.2493033762602153,19.95387844824668,-0.28897270264694946,-0.5387496977741735,-0.087,0.6680824729040129,-8.684774682278878,67.60865373166381,-1.3230346193622158,0.06265052806627769,0.11554308509761504,0.09855138715205984,-5461.906054318877,-4977.489107519364,1610.4110063568087,0.4444444444444444,0.0,0.15
0.6833333333333333,19.91443448168748,1.2830459893088941,19.955723683597768,-0.2979567059567834,-0.5392052126474729,-0.087,0.6664148993397182,-8.725156453409337,67.93241238758347,-1.3991409298432196,0.06433901541573633,0.11721317655276917,0.10026850999673993,-5483.937187096309,-5004.503681187574,1610.4245696443409,0.4444444444444444,0.0,0.15
0.7,19.913802256734005,1.3162713335532426,19.95725658861554,-0.30694755336699087,-0.5395897556011846,-0.087,0.6648543962008255,-8.763251985054444,68.2556323330957,-1.4776201551967114,0.06600243360621809,0.11886212901025674,0.10195606450443095,-5504.826315017444,-5029.871693222961,1610.4598119606424,0.4444444444444444,0.0,0.15
0.7166666666666667,19.912841565493878,1.3489906773105507,19.958482784518754,-0.315944127534168,-0.5399095332603258,-0.087,0.6633957152035568,-8.799213268021825,68.57828869186115,-1.5584771774262294,0.06764140980346703,0.12049018089859712,0.10361510949384564,-5524.638931793173,-5053.714331925016,1610.5162578581537,0.4444444444444444,0.0,0.15
0.7333333333333333,19.91155956672846,1.3812148657540009,19.95940777890856,-0.3249454079092539,-0.5401701235085813,-0.087,0.6620338794873525,-8.833180847924783,68.90035665133576,-1.6417160734987097,0.06925654600268624,0.1220975865983259,0.10524663440580757,-5543.436787856763,-5076.142319300788,1610.5934446333413,0.4444444444444444,0.0,0.15
0.75,19.909963228105862,1.4129543086022325,19.960036964462898,-0.33395046101958614,-0.5403765473330258,-0.087,0.6607641764118138,-8.865284736614198,69.22181146885664,-1.727340155122679,0.07084841863573703,0.1236846112177688,0.10685156395383211,-5561.278025589311,-5097.256928265809,1610.6909219502545,0.4444444444444444,0.0,0.15
0.7666666666666666,19.908059332686165,1.444218975002417,19.960375618748003,-0.3429584318521616,-0.5405333315998238,-0.087,0.6595821484686267,-8.89564525664559,69.5426284772035,-1.8153520056869752,0.07241757852327778,0.12525152633783776,0.1084307624868426,-5578.217332313882,-5117.150893859921,1610.8082514305706,0.4444444444444444,0.0,0.15
0.7833333333333333,19.905854485700104,1.4750183940022503,19.96042890492366,-0.35196853620008034,-0.5406445639970907,-0.087,0.65848358294237,-8.924373821103876,69.86278308969369,-1.9057535145858988,0.07396455109205792,0.12679860655917996,0.10998503806965805,-5594.306103897213,-5135.909229535692,1610.9450062222068,0.4444444444444444,0.0,0.15
0.8,19.903355121482416,1.5053616593226693,19.960201873157473,-0.36098005385286197,-0.5407139412032411,-0.087,0.6574645008055892,-8.951573651876172,70.18225080486184,-1.998545909139586,0.07548983679355618,0.12832612671375618,0.11151514629074326,-5609.592613553268,-5153.609958582777,1611.1007705559794,0.4444444444444444,0.0,0.15
0.8166666666666667,19.900567510451534,1.5352574373982748,19.95969946259527,-0.3699923225273546,-0.5407448111876482,-0.087,0.6565211452167727,-8.977340439914459,70.50100721076825,-2.093729784302066,0.07699391167300829,0.12983435962661422,0.11302179380920618,-5624.122181814187,-5170.32476978436,1611.2751392977075,0.4444444444444444,0.0,0.15
0.8333333333333334,19.897497766052187,1.5647139778583186,19.958926503761592,-0.3790047324496977,-0.5407402104213811,-0.087,0.6556499698983101,-9.001762951253713,70.819027988976,-2.1913051303340687,0.07847722804821633,0.13132357433316028,0.11450564165452265,-5637.937344701577,-5186.119605485311,1611.467717501493,0.4444444444444444,0.0,0.15
0.85,19.894151851597123,1.5937391257873181,19.9578877212863,-0.3880167215105955,-0.540702896665856,-0.087,0.6548476275999339,-9.024923582614646,71.1362889182315,-2.2912713586032214,0.0799402152658656,0.13279403467336398,0.1159673082932366,-5651.078017959345,-5201.055189398868,1611.678119968556,0.4444444444444444,0.0,0.15
0.8666666666666667,19.8905355869601,1.6223403352385322,19.956587736871956,-0.39702777092629293,-0.5406353779135358,-0.087,0.6541109587973354,-9.046898870371884,71.45276587787893,-2.3936273256608764,0.08138328050978293,0.13424599819766375,0.11740737247713084,-5663.581655848813,-5215.187500695485,1611.9059708149307,0.4444444444444444,0.0,0.15
0.8833333333333333,19.886654655084975,1.6505246835819063,19.955031072431986,-0.40603740134636473,-0.5405399379749136,-0.087,0.6534369807323609,-9.067759956545615,71.76843485103622,-2.4983713557323637,0.08280680964097441,0.13567971533036985,0.11882637588724161,-5675.483403498451,-5228.568200205247,1612.150903050478,0.4444444444444444,0.0,0.15
0.9,19.882514608285653,1.6782988863555865,19.953222153342423,-0.41504516935694374,-0.5404186591378198,-0.087,0.652822876867679,-9.087573015303477,72.08327192755631,-2.6055012617460354,0.0842111680536289,0.13709542874549782,0.12022482558771463,-5686.816242175779,-5241.245013922334,1612.4125581709604,0.4444444444444444,0.0,0.15
0.9166666666666666,19.87812087431988,1.7056693123607467,19.951165311760636,-0.42405066433449373,-0.5402734422668264,-0.087,0.6522659868031401,-9.106399643259671,72.39725330679538,-2.7150143650159158,0.08559670153477301,0.13849337291754063,0.12160319630295377,-5697.611127133412,-5253.2620784227765,1612.690585764415,0.4444444444444444,0.0,0.15
0.9333333333333333,19.873478762225933,1.7326419987964754,19.948864789973353,-0.4330535056108342,-0.5401060246607008,-0.087,0.6517637966813786,-9.124297216643754,72.71035530020694,-2.8269075136831017,0.08696373711807642,0.13987377381597418,0.12296193253086221,-5707.8971178943575,-5264.660252290851,1612.9846431325977,0.4444444444444444,0.0,0.15
0.95,19.868593467916483,1.7592226662774215,19.946324743743588,-0.4420533399149697,-0.5399179959431945,-0.087,0.6513139300953945,-9.141319218191947,73.0225543337785,-2.941177100012212,0.08831258392456402,0.1412368487175164,0.12430145050426196,-5717.70150099959,-5275.477397189697,1613.2943949279563,0.4444444444444444,0.0,0.15
0.9666666666666667,19.863470079527588,1.785416733613913,19.94354924563219,-0.45104983906147733,-0.5397108122258759,-0.087,0.6509141394997342,-9.157515536396538,73.33382695032626,-3.057819076631083,0.08964353398480304,0.14258280611450477,0.12562214001183555,-5727.049905355781,-5285.748631803189,1613.6195128063052,0.4444444444444444,0.0,0.15
0.9833333333333333,19.858113582523835,1.8112293322640196,19.94054228827469,-0.4600426978588496,-0.5394858087503216,-0.087,0.6505622981187303,-9.172932739538169,73.6441498116608,-3.176828971794506,0.09095686303858053,0.14391184570137555,0.12692436608919005,-5735.966410402565,-5295.506561513572,1613.95967509519,0.4444444444444444,0.0,0.15
1.0,19.852528864563002,1.8366653203909153,19.93730778759845,-0.4690316322143602,-0.5392442111899854,-0.087,0.6502563923393512,-9.187614326724574,73.953499700636,-3.2982019037460497,0.09225283130924274,0.14522415842424308,0.12820847058990917,-5744.473647374706,-5304.781486358187,1614.3145664777567,0.4444444444444444,0.0,0.15
1.0166666666666666,19.846720720125262,1.8617292964780063,19.933849585968435,-0.47801637741477804,-0.5389871457688371,-0.087,0.6499945145720695,-9.201600957969966,74.26185352309187,-3.4219325942458405,0.09353168425078534,0.1465199265810923,0.12947477364575086,-5752.592893970813,-5313.601589524352,1614.6838776918207,0.4444444444444444,0.0,0.15
1.0333333333333332,19.840693854913226,1.8864256124695333,19.930171455252776,-0.4869966865646613,-0.5387156483338292,-0.087,0.6497748565604015,-9.214930665171812,74.56918830970062,-3.5480153813265654,0.0947936532665115,0.1477993239621973,0.1307235750244708,-5760.344162761594,-5321.993108389872,1615.0673052437635,0.4444444444444444,0.0,0.15
1.05,19.834452890030068,1.9107583864164694,19.926277099801734,-0.49597232916606293,-0.5384306725009658,-0.087,0.6495957031180113,-9.22763904567758,74.8754812177248,-3.6764442313348087,0.09603895639864583,0.1490625160221316,0.13195515539311034,-5767.746283680807,-5329.98048989433,1615.464551136788,0.4444444444444444,0.0,0.15
1.0666666666666667,19.828002365943608,1.9347315146170936,19.9221701593355,-0.5049430898253193,-0.5381330969797923,-0.087,0.6494554262713517,-9.239759439982134,75.18070953269492,-3.8072127503101787,0.09726779898873943,0.15030966007620322,0.13316977749398343,-5774.816980943792,-5337.586531829477,1615.8753226130507,0.4444444444444444,0.0,0.15
1.0833333333333333,19.821346746244547,1.9583486832491295,19.917854211737843,-0.5139087670741993,-0.5378237321681895,-0.087,0.6493524797854546,-9.251323094957131,75.48485067001363,-3.940314194750403,0.0984803743090478,0.15154090551537225,0.13436768724003348,-5781.572944734075,-5344.8325114632,1616.2993319091354,0.4444444444444444,0.0,0.15
1.1,19.814490421207392,1.9816133794961694,19.91333277575398,-0.5228691722941091,-0.5375033260981272,-0.087,0.6492853940505985,-9.262359313886211,75.78788217649254,-4.0757414818066735,0.09967686416532716,0.15275639403473523,0.13554911473570694,-5788.029897989748,-5351.738302757588,1616.736296024338,0.4444444444444444,0.0,0.15
1.1166666666666667,19.807437711162525,2.004528902175593,19.908609313591963,-0.5318241287332827,-0.537172569803287,-0.087,0.6492527713079911,-9.272895594463055,76.0897817318271,-4.213487198949982,0.10085743947169468,0.15395625987151923,0.1367142752290005,-5794.202658609482,-5358.32248330547,1617.1859365012092,0.4444444444444444,0.0,0.15
1.1333333333333333,19.80019286968801,2.0270983718785875,19.9036872334278,-0.5407734706079858,-0.5368321021709912,-0.087,0.6492532811932614,-9.282957755803409,76.39052715001468,-4.353543613145928,0.10202226079834432,0.155140630049247,0.13786336999989057,-5800.1051973840595,-5364.602431989205,1617.6479792178031,0.4444444444444444,0.0,0.15
1.15,19.79276008662945,2.0493247406353996,19.898569891815143,-0.5497170422797183,-0.5364825143334893,-0.087,0.649285656577387,-9.292570055425532,76.6900963807202,-4.4959026795725325,0.10317147889301552,0.15630962462533668,0.13899658718993668,-5805.750691944228,-5370.594418258731,1618.1221541911025,0.4444444444444444,0.0,0.15
1.1666666666666667,19.785143490956163,2.071210801120757,19.893260596000957,-0.5586546975012555,-0.5361243536472133,-0.087,0.6493486896855722,-9.301755297065787,76.98846751059354,-4.640556049912869,0.10430523517718143,0.15746335693990315,0.1401141025774666,-5811.151576999772,-5376.313683831152,1618.6081953910789,0.4444444444444444,0.0,0.15
1.1833333333333333,19.777347153461623,2.0927591954156637,19.887762606148872,-0.5675862987251111,-0.5357581273029931,-0.087,0.6494412284756047,-9.31053493011673,77.28561876454192,-4.787495080251858,0.10542366221797042,0.15860193386394925,0.1412160803023994,-5816.319591128711,-5381.7745175302,1619.1058405648828,0.4444444444444444,0.0,0.15
1.2,19.76937508931596,2.1139724233425583,19.882079137472502,-0.5765117164686776,-0.5353843056052963,-0.087,0.6495621732581934,-9.318929141402654,77.58152850696119,-4.936710838604309,0.10652688417685512,0.15972545604548838,0.14230267354443724,-5821.26582035952,-5386.990323909282,1619.6148310706449,0.4444444444444444,0.0,0.15
1.2166666666666666,19.761231260477878,2.1348528503912942,19.876213362280854,-0.5854308287308829,-0.5350033249542528,-0.087,0.649710473542842,-9.32695693994249,77.87617524292818,-5.088194112099205,0.10761501723615365,0.16083401815243403,0.14337402515806066,-5826.0007387737705,-5391.973686235621,1620.134911720429,0.4444444444444444,0.0,0.15
1.2333333333333334,19.752919577973216,2.1554027152535387,19.870168411938533,-0.5943435204557275,-0.534615590560438,-0.087,0.6498851250937873,-9.334636235290676,78.16953761935746,-5.241935413843347,0.108688170004379,0.16192770911133816,0.144430268267487,-5830.534246341381,-5396.73642435407,1620.6658306318545,0.4444444444444444,0.0,0.15
1.25,19.744443904046978,2.1756241369831537,19.86394737874327,-0.6032496830385277,-0.5342214789190677,-0.087,0.6500851671815169,-9.341983909992987,78.46159442612444,-5.39792498948572,0.109746443901459,0.1630066123412655,0.1454715268245033,-5834.875704186324,-5401.28964789671,1621.20733908795,0.4444444444444444,0.0,0.15
1.2666666666666666,19.735808054195385,2.1955191217998973,19.85755331772352,-0.6121492138711088,-0.5338213400673398,-0.087,0.6503096800163375,-9.349015886645962,78.75232459715727,-5.55615282350235,0.11078993352482588,0.16407080598226143,0.1464979161318528,-5839.033967466795,-5405.643805257688,1621.759191404814,0.4444444444444444,0.0,0.15
1.2833333333333332,19.727015799084164,2.2150895695534176,19.850989248358896,-0.6210420159225554,-0.533415499646076,-0.087,0.6505577823513464,-9.35574719000455,79.04170721149923,-5.716608645219971,0.11181872699734582,0.16512036311801315,0.1475095433346466,-5843.017416040886,-5409.8087287110275,1622.3211448066752,0.4444444444444444,0.0,0.15
1.3,19.71807086635908,2.2343372798640813,19.84425815622618,-0.6299279973524576,-0.5330042607845523,-0.087,0.6508286292430407,-9.36219200454295,79.32972149434362,-5.87928193459545,0.11283290629802685,0.1661553519924222,0.1485065078820752,-5846.83398307649,-5413.793676012053,1622.8929593079686,0.4444444444444444,0.0,0.15
1.3166666666666667,19.708976942354276,2.253263957956652,19.837362994573624,-0.6388070711538845,-0.5325879058253981,-0.087,0.6511214099585911,-9.368363727837513,79.6163468180425,-6.044161927766705,0.11383254757640908,0.1671758362199019,0.1494889019615216,-5850.491181752716,-5417.60736878977,1623.4743976020534,0.4444444444444444,0.0,0.15
1.3333333333333333,19.699737673703847,2.271871220202266,19.83030668582637,-0.6476791548235779,-0.5321666979046707,-0.087,0.651435346019596,-9.374275020108136,79.901562703091,-6.211237622389704,0.1148177214515038,0.16818187498929518,0.15045681090701218,-5853.996130189292,-5421.258028007922,1624.0652249562363,0.4444444444444444,0.0,0.15
1.35,19.69035666886173,2.290160599383561,19.823092123025525,-0.6565441700570979,-0.5317408824006425,-0.087,0.6517696893728296,-9.379937850224861,80.18534881908809,-6.380497782775086,0.1157884932961109,0.16917352326137255,0.1514103135837943,-5857.3555747303835,-5424.75340674583,1624.6652091127537,0.4444444444444444,0.0,0.15
1.3666666666666667,19.6808374995347,2.3081335496971915,19.81572217120358,-0.6654020424668576,-0.5313106882634411,-0.087,0.6521237206791893,-9.38536353845977,80.46768498567545,-6.551930944836995,0.11674492350730685,0.17015083195992375,0.15234948275069324,-5860.57591169997,-5428.100820526301,1625.2741201954104,0.4444444444444444,0.0,0.15
1.3833333333333333,19.67118370203306,2.3257914515073406,19.80819966869871,-0.6742527013211779,-0.53087632923645,-0.087,0.6524967477126705,-9.390562796239962,80.74855117345507,-6.725525420865815,0.11768706776385675,0.1711138481565004,0.15327438540177443,-5863.66320773716,-5431.307175396565,1625.8917306215767,0.4444444444444444,0.0,0.15
1.4,19.66139877854338,2.3431356158632304,19.800527428410433,-0.6830960793026614,-0.5304380049792778,-0.087,0.6528881038617825,-9.395545763135258,81.02792750488693,-6.901269304135672,0.11861497727126849,0.17206261524890043,0.1541850830887238,-5866.623218811817,-5434.378993949008,1626.5178150192528,0.4444444444444444,0.0,0.15
1.4166666666666667,19.651486198327344,2.3601672887929857,19.79270823899899,-0.6919321122843386,-0.5299959021011226,-0.087,0.6532971467263703,-9.40032204129452,81.3057942551672,-7.079150473356845,0.11952869899516932,0.1729971731335139,0.1550816322252521,-5869.461408013389,-5437.322439451249,1627.1521501489465,0.4444444444444444,0.0,0.15
1.4333333333333333,19.64144939885056,2.3768876553856355,19.78474486603079,-0.7007607391221763,-0.5295501951124881,-0.087,0.6537232568033137,-9.404900727526043,81.58213185308811,-7.25915659698248,0.12042827588365147,0.17391755837167033,0.15596408437473272,-5872.182962198888,-5440.143338239617,1627.7945148301023,0.4444444444444444,0.0,0.15
1.45,19.63129178684508,2.3932978436724333,19.776640053072164,-0.709581901462663,-0.5291010473024333,-0.087,0.6541658362550499,-9.409290443201282,81.85692088187993,-7.441275137378424,0.12131374707919855,0.17482380435014486,0.15683248652219356,-5874.792807579624,-5442.84720051616,1628.4446898718504,0.4444444444444444,0.0,0.15
1.4666666666666666,19.621016739308978,2.4093989283181,19.76839652273354,-0.7183955435642992,-0.5286486115478357,-0.087,0.6546243077552976,-9.413499362145938,82.13014208003587,-7.625493354864322,0.12218514812077227,0.175715941435992,0.15768688133170103,-5877.295624320321,-5445.439239676706,1629.1024580078445,0.4444444444444444,0.0,0.15
1.4833333333333334,19.610627604446396,2.425191934132068,19.760016977666144,-0.7272016121319217,-0.528193031060535,-0.087,0.6550981134067678,-9.417535236668899,82.4017763421203,-7.811798311633627,0.123042511136608,0.1765939971258859,0.1585273073900999,-5879.695860218809,-5447.924390286206,1629.767603834976,0.4444444444444444,0.0,0.15
1.5,19.600127702551017,2.440677839409253,19.751504101513163,-0.7360000561628803,-0.5277344400776623,-0.087,0.6555867137260378,-9.421405421867162,82.671804719561,-8.000176875559653,0.12388586502823716,0.17745799619015024,0.15935379943800243,-5881.997743529447,-5450.307324807345,1630.439913755769,0.4444444444444444,0.0,0.15
1.5166666666666666,19.589520326836023,2.4558575791094035,19.742860559817334,-0.7447908268041741,-0.5272729644999647,-0.087,0.6560895866910895,-9.425116898333465,82.94020842142567,-8.190615723894295,0.1247152356462271,0.1783079608116666,0.16016638858885687,-5884.205294988722,-5452.592469179134,1631.119175924258,0.4444444444444444,0.0,0.15
1.5333333333333332,19.578808744213205,2.470732047883557,19.734089000886723,-0.7535738772197239,-0.5268087224824846,-0.087,0.6566062268473448,-9.428676293383097,83.20696881518336,-8.383101346865647,0.12553064595810037,0.17914391071984975,0.16096510253686702,-5886.32233909722,-5454.784017333868,1631.8051801951683,0.4444444444444444,0.0,0.15
1.55,19.567996196023905,2.485302102955725,19.725192056620443,-0.7623491624670292,-0.5263418249815582,-0.087,0.6571361444683462,-9.43208990090697,83.47206742745098,-8.577620051180306,0.12633211620887178,0.17996586331987927,0.16174996575447956,-5888.352514708132,-5456.88594473325,1632.4977180762346,0.4444444444444444,0.0,0.15
1.5666666666666667,19.55708589872428,2.499568566867448,19.716172343296048,-0.7711166393825203,-0.5258723762617291,-0.087,0.6576788647674804,-9.435363699949471,83.73548594472533,-8.774157963435785,0.12711966407461525,0.1807738338173761,0.16252099968010647,-5890.299284968841,-5458.902020997611,1633.196582683491,0.4444444444444444,0.0,0.15
1.5833333333333333,19.546081044527128,2.5135322300924696,19.70703246232005,-0.7798762664749711,-0.5254004743658524,-0.087,0.658233927157416,-9.438503372101719,83.99720621410097,-8.972701033448129,0.12789330480945116,0.18156783533870957,0.16327822289670432,-5892.165946658698,-5460.835821695958,1633.9015686993844,0.4444444444444444,0.0,0.15
1.6,19.534984802002636,2.5271938535283893,19.69777500094327,-0.7886280038263915,-0.5249262115513709,-0.087,0.6588008845541513,-9.441514317793809,84.25721024397419,-9.173235037499456,0.1286530513863216,0.1823478790471171,0.164021651301788,-5893.955638963011,-5462.690739358895,1634.6124723335581,0.4444444444444444,0.0,0.15
1.6166666666666667,19.523800316640028,2.5405541708717765,19.68840253294226,-0.7973718129998626,-0.5244496746954824,-0.087,0.6593793027228082,-9.444401671562998,84.51548020473318,-9.375745581509882,0.1293989146319022,0.1831139742548167,0.1647512982694197,-5895.6713517203425,-5464.469993771382,1635.3290912861837,0.4444444444444444,0.0,0.15
1.6333333333333333,19.51253071137215,2.553613890882869,19.678917619268375,-0.8061076569538242,-0.5239709456716762,-0.087,0.6599687596624778,-9.44717031636884,84.77199842943487,-9.580218104137979,0.13013090335597763,0.18386612853128537,0.16546717480467515,-5897.315933177578,-5466.17664159758,1636.0512247136992,0.4444444444444444,0.0,0.15
1.65,19.501179087064873,2.566373699545677,19.669322808665683,-0.8148354999623607,-0.5234901016999034,-0.087,0.6605688450276431,-9.44982489702078,85.02674741446853,-9.786637879813686,0.13084902447559177,0.18460434780787455,0.16616928969105743,-5898.892097284726,-5467.813585385816,1636.7786731968365,0.4444444444444444,0.0,0.15
1.6666666666666667,19.48974852297305,2.578834262128963,19.659620638259028,-0.8235553075410659,-0.5230072156724522,-0.087,0.6611791595838566,-9.452369832778803,85.27970982020608,-9.994990021707306,0.13155328313426504,0.18532863647892744,0.16685764963129737,-5900.402430559178,-5469.383581997834,1637.511238710826,0.4444444444444444,0.0,0.15
1.6833333333333333,19.478242077164758,2.5909962251533107,19.64981363411344,-0.8322670463781057,-0.5225223564574202,-0.087,0.6617993146955224,-9.454809329182916,85.53086847163968,-10.205259484638026,0.13224368281655527,0.18603899749955763,0.16753225938194952,-5901.849398546992,-5470.889250502943,1638.248724597658,0.4444444444444444,0.0,0.15
1.7,19.46666278691538,2.60286021826919,19.639904311765992,-0.840970684270119,-0.5220355891815173,-0.087,0.6624289318437745,-9.457147389163305,85.78020635900647,-10.417431067925174,0.13292022545822413,0.18673543248024477,0.16819312188216823,-5903.2353519068965,-5472.333079574476,1638.9909355403117,0.4444444444444444,0.0,0.15
1.7166666666666666,19.455013669073022,2.614426856050681,19.62989517673126,-0.8496661900626329,-0.5215469754937899,-0.087,0.6630676421725892,-9.459387823478846,86.02770663840059,-10.631489418185218,0.13358291155225563,0.18741794177839594,0.16884023837702244,-5904.562532140825,-5473.717434423044,1639.7376775388461,0.4444444444444444,0.0,0.15
1.7333333333333334,19.443297720396743,2.6256967397092694,19.619788724981344,-0.8583535335946867,-0.5210565738117235,-0.087,0.6637150860613822,-9.461534260528424,86.27335263237273,-10.847419032077358,0.13423174025096085,0.18808652458701786,0.1694736085356854,-5905.833076993198,-5475.0445632983765,1640.488757888254,0.4444444444444444,0.0,0.15
1.75,19.43151791786892,2.636670458731894,19.609587443401516,-0.8670326856473874,-0.5205644395510602,-0.087,0.6643709127224822,-9.463590155575854,86.51712783051725,-11.065204259000328,0.13486670946438914,0.18874117902063842,0.17009323056481396,-5907.049025539593,-5476.316603589041,1641.2439851580073,0.4444444444444444,0.0,0.15
1.7666666666666666,19.419677218983004,2.6473485924472047,19.59929381022234,-0.8757036178961363,-0.5200706253405643,-0.087,0.6650347798219557,-9.465558799426578,86.75901589004681,-11.284829303742953,0.13548781595525577,0.18938190219861173,0.17069910131741367,-5908.212322984015,-5477.535587547181,1642.003169173192,0.4444444444444444,0.0,0.15
1.7833333333333332,19.407778562007913,2.6577317115238,19.588910295429226,-0.8843663028662886,-0.5195751812228644,-0.087,0.665706353122388,-9.46744332659125,86.99900063635495,-11.506278229090753,0.13609505543058334,0.19000869032593581,0.17129121639746686,-5909.324825182696,-5478.703447663244,1642.7661209971677,0.4444444444444444,0.0,0.15
1.8,19.395824866230218,2.6678203794039987,19.57843936115026,-0.8930207138920264,-0.5190781548424148,-0.087,0.6663853061462919,-9.46924672296896,87.23706606356637,-11.72953495839085,0.1366884226302441,0.19062153877170662,0.17186957026058355,-5910.388302911061,-5479.822021713865,1643.532652915673,0.4444444444444444,0.0,0.15
1.8166666666666667,19.38381903217516,2.677615153676548,19.567883462023026,-0.9016668250782361,-0.5185795916215343,-0.087,0.667071319858928,-9.47097183308042,87.47319633507504,-11.95458327807719,0.13726791141258207,0.19122044214532832,0.17243415631092132,-5911.404445889451,-5480.893057504288,1644.3025784223003,0.4444444444444444,0.0,0.15
1.8333333333333333,19.371763941807615,2.687116587391469,19.55724504554136,-0.9103046112652068,-0.5180795349254087,-0.087,0.6677640823693796,-9.472621366879272,87.70737578407042,-12.181406840158065,0.13783351483728137,0.19180539437059374,0.17298496699460375,-5912.374866582068,-5481.918217325143,1645.0757122052783,0.4444444444444444,0.0,0.15
1.8499999999999999,19.359662458713878,2.6963252303201126,19.546526552382556,-0.9189340479959691,-0.5175780262168719,-0.087,0.668463288648827,-9.474197906167682,87.93958891405158,-12.409989164667763,0.13838522524564204,0.19237638875774532,0.17352199388985398,-5913.301103782657,-5482.899082141928,1645.8518701355022,0.4444444444444444,0.0,0.15
1.8666666666666667,19.347517428265302,2.7052416301633255,19.53573041671589,-0.927555111486115,-0.5170751052017213,-0.087,0.6691686402650078,-9.475703910640613,88.16982039932942,-12.640313642084038,0.13892303433841402,0.19293341807362302,0.17404522779404916,-5914.184625999573,-5483.837155534188,1646.6308692557413,0.4444444444444444,0.0,0.15
1.8833333333333333,19.335331677764565,2.713866333710501,19.52485906649298,-0.9361677785959476,-0.5165708099652638,-0.087,0.6698798451319335,-9.477141723581346,88.39805508551706,-12.872363535713054,0.13944693325133373,0.19347647461000028,0.17455465880788745,-5915.026834651964,-5484.733867400161,1647.4125277709752,0.4444444444444444,0.0,0.15
1.9,19.323108016575514,2.7221998879521503,19.513914923720755,-0.9447720268048203,-0.5160651771007398,-0.087,0.6705966172739941,-9.478513577229327,88.62427799000832,-13.106121984043295,0.13995691262849916,0.19400555025020583,0.17505027641684964,-5915.8290670880915,-5485.590577441525,1648.1966650398008,0.4444444444444444,0.0,0.15
1.9166666666666667,19.31084923623728,2.7302428411485153,19.502900404717465,-0.9533678341875381,-0.5155582418302197,-0.087,0.6713186766036248,-9.479821597839964,88.84847430244459,-13.341572003069903,0.14045296269371427,0.19452063653412563,0.17553206957012776,-5916.592599436058,-5486.408578441788,1648.9831015668549,0.4444444444444444,0.0,0.15
1.9333333333333333,19.298558110563437,2.7379957438566143,19.491817920352396,-0.9619551793927001,-0.5150500381185316,-0.087,0.6720457487117822,-9.481067810454592,89.07062938516977,-13.578696488590774,0.14093507331992644,0.19502172472167525,0.17600002675718313,-5917.3186492965115,-5487.189099350985,1649.7716589962179,0.4444444444444444,0.0,0.15
1.95,19.286237395726943,2.745459149918025,19.480669876269783,-0.9705340416228736,-0.514540598780732,-0.087,0.6727775646705019,-9.482254143397636,89.29072877367365,-13.817478218475692,0.1414032340968744,0.19550880585482913,0.17645413608208768,-5918.008378286334,-5487.933308188317,1650.5621601057323,0.4444444444444444,0.0,0.15
1.9666666666666666,19.27388983033153,2.7526336174095847,19.469458673097478,-0.9791044006164952,-0.5140299555835982,-0.087,0.6735138608468818,-9.483382432516821,89.50875817702381,-14.057899854909689,0.14185743439705892,0.19598187081829055,0.1768943853357941,-5918.6628944416625,-5488.642314773681,1651.3544288022094,0.4444444444444444,0.0,0.15
1.9833333333333334,19.26151813547014,2.7595197095591155,19.45818670664074,-0.9876662366314062,-0.5135181393415875,-0.087,0.67425437872785,-9.484454425181193,89.72470347828559,-14.299943946611775,0.1422976634401444,0.196440910398883,0.1773207620664741,-5919.28325448811,-5489.317173298183,1652.148290117472,0.4444444444444444,0.0,0.15
2.0,19.249125014771057,2.766117995628177,19.446856368061724,-0.9962195304299335,-0.5130051800076769,-0.087,0.6749988647551458,-9.485471784050757,89.93855073493093,-14.543592931030085,0.14272391035589257,0.1968859153437399,0.17773325364805478,-5919.870465985517,-5489.95888474304,1652.9435702051976,0.4444444444444444,0.0,0.15
2.0166666666666666,19.236713154432273,2.772429051763776,19.435470044045022,-1.0047642632654339,-0.5124911067594695,-0.087,0.6757470701699577,-9.486436090630587,90.15028617923544,-14.788829136514451,0.14313616424572675,0.1973168764173675,0.17813184734707918,-5920.425489354094,-5490.568399155664,1653.7400963385296,0.4444444444444444,0.0,0.15
2.033333333333333,19.224285223244667,2.778453461820887,19.42403011694967,-1.0133004168702289,-0.5119759480809266,-0.087,0.6764987508666961,-9.487348848621362,90.35989621866415,-15.035634784467339,0.14353441424302063,0.19773378445765313,0.17851653038800955,-5920.94923978839,-5491.1466177910515,1654.537696908412,0.4444444444444444,0.0,0.15
2.05,19.211843872604458,2.7841918181575527,19.412538964948013,-1.0218279734448577,-0.5114597318400637,-0.087,0.6772536672554306,-9.48821148707765,90.56736743624597,-15.283991991474041,0.14391864957220069,0.19813663043088797,0.17888729001708628,-5921.442589065114,-5491.694395126089,1655.3362014226177,0.4444444444444444,0.0,0.15
2.0666666666666664,19.199391736515484,2.789644722404288,19.40099896215185,-1.030346915648587,-0.5109424853629229,-0.087,0.6780115841325363,-9.489025363384288,90.77268659093671,-15.533882771412976,0.14428885960674856,0.19852540548587164,0.1792441135648511,-5921.906367250419,-5492.212540753849,1656.1354405054471,0.4444444444444444,0.0,0.15
2.0833333333333335,19.186931431581673,2.7948127862094267,19.389412478726022,-1.0388572265911165,-0.5104242355041183,-0.087,0.6787722705591163,-9.489791766060666,90.97584061797086,-15.78528903754686,0.1446450339261862,0.19890010100716288,0.1795869885074374,-5922.341364311966,-5492.701821164465,1656.9352458980518,0.4444444444444444,0.0,0.15
2.1,19.17446555699024,2.7996966319620125,19.377781880990003,-1.0473588898254294,-0.5099050087142296,-0.087,0.6795354997468191,-9.490511917402133,91.17681662920226,-16.03819260459552,0.14498716237212325,0.19926070866754028,0.1799159025267274,-5922.748331640688,-5493.162961418728,1657.7354504593707,0.4444444444444444,0.0,0.15
2.1166666666666667,19.161996694485946,2.804296893493764,19.36610953150759,-1.0558518893417324,-0.5093848311043039,-0.087,0.6803010489506637,-9.49118697596692,91.37560191343356,-16.292575190791045,0.14531523510344282,0.19960722047973237,0.1802308435694696,-5923.127983486899,-5493.596646720137,1658.5358881676386,0.4444444444444444,0.0,0.15
2.1333333333333333,19.14952740833684,2.808614216761612,19.354397789165112,-1.064336209562444,-0.5088637285077093,-0.087,0.681068699368527,-9.491818038916684,91.57218393673458,-16.548418419915933,0.14562924265069993,0.19993962884747707,0.18053179990544885,-5923.480998315117,-5494.003523890727,1659.3363941224522,0.4444444444444444,0.0,0.15
2.15,19.137060245291824,2.8126492605122415,19.342649009238336,-1.072811835338191,-0.5083417265395722,-0.087,0.6818382360469748,-9.492406144218073,91.76655034274978,-16.805703823324883,0.14592917596980348,0.2002579266159674,0.18081876018479534,-5923.808020081637,-5494.384202755686,1660.1368045473664,0.4444444444444444,0.0,0.15
2.1666666666666665,19.124597734530397,2.816402696930054,19.330865543448386,-1.0812787519447675,-0.5078188506540123,-0.087,0.6826094477931165,-9.49295227271229,91.95868895299473,-17.06441284195081,0.14621502649505128,0.20056210712173864,0.18109171349451755,-5924.109659438713,-5494.739257441358,1660.9369567929941,0.4444444444444444,0.0,0.15
2.183333333333333,19.112142387604916,2.8198752122698982,19.31904974000685,-1.0897369450810312,-0.5072951261993827,-0.087,0.6833821270922001,-9.493457350059204,92.14858776714169,-17.324526828295603,0.14648678619158367,0.20085216424205213,0.1813506494143396,-5924.386494868924,-5495.069227591003,1661.7366893405983,0.4444444444444444,0.0,0.15
2.2,19.099696698375627,2.8230675074759044,19.307203943650336,-1.0981864008676985,-0.5067705784717093,-0.087,0.6841560700306822,-9.493922248562122,92.33623496329454,-17.58602704840627,0.14674444760732197,0.20112809244382732,0.1815955580719223,-5924.639073753078,-5495.374619502347,1662.5358418061455,0.4444444444444444,0.0,0.15
2.216666666666667,19.087263142938813,2.82598029878772,19.295330495664665,-1.1066271058470147,-0.5062452327665123,-0.087,0.6849310762245091,-9.494347788878864,92.5216188982529,-17.848894683836825,0.14698800392445371,0.20138988683217435,0.18182643019754285,-5924.867913374822,-5495.655907190666,1663.3342549448114,0.4444444444444444,0.0,0.15
2.2333333333333334,19.07484417954826,2.8286143183353976,19.283431733898876,-1.115059046983272,-0.5057191144291869,-0.087,0.6857069487523801,-9.494734741624558,92.7047281077657,-18.113110833596505,0.14721744901052586,0.20163754319857716,0.18204325717830783,-5925.073501864919,-5495.913533380946,1664.131770655916,0.4444444444444444,0.0,0.15
2.25,19.06244224853034,2.830970314724192,19.27150999276922,-1.123482211664153,-0.5051922489041085,-0.087,0.6864834940937687,-9.495083828871147,92.88555130677429,-18.378656516084718,0.14743277746920658,0.2018710580687767,0.1822460311119702,-5925.25629908797,-5496.147910432404,1664.928231988275,0.4444444444444444,0.0,0.15
2.2666666666666666,19.050059772192903,2.8330490536104658,19.259567603253338,-1.1318965877028828,-0.5046646617826214,-0.087,0.6872605220714857,-9.49539572554822,93.06407738964502,-18.645512671013144,0.14763398469077285,0.20209042875040242,0.18243474486042063,-5925.416737474183,-5496.359421198404,1665.72348314595,0.4444444444444444,0.0,0.15
2.283333333333333,19.037699154728227,2.8348513182699033,19.247606892874668,-1.1403021633411692,-0.504136378850066,-0.087,0.688037845798595,-9.495671060749634,93.24029543039165,-18.9136601613154,0.1478210669023819,0.20229565338039934,0.18260939210292057,-5925.555222798667,-5496.548419824637,1666.5173694943844,0.4444444444444444,0.0,0.15
2.3,19.0253627821102,2.8363779101592037,19.235630185677387,-1.1486989272529176,-0.5036074261319867,-0.087,0.6888152816294967,-9.495910418949926,93.41419468288747,-19.183079775044646,0.1479940212181816,0.2024867309722978,0.1827699673891436,-5925.672134910522,-5496.7152324882345,1667.309737566914,0.4444444444444444,0.0,0.15
2.3166666666666664,19.013053021985908,2.8376296494724134,19.22363980219179,-1.1570868685487108,-0.5030778299396638,-0.087,0.6895926491150031,-9.496114341134462,93.58576458106725,-19.453752227259535,0.14815284568931586,0.20266366146337136,0.1829164661920905,-5925.767828413896,-5496.8601580803,1668.1004350716353,0.4444444444444444,0.0,0.15
2.3333333333333335,19.000772223561828,2.8386073756930332,19.211638059390395,-1.1654659767810391,-0.5025476169151021,-0.087,0.6903697709612467,-9.49628332584681,93.75499473911951,-19.725658161898753,0.148297539353878,0.2028264457617292,0.1830488849609407,-5925.842633303058,-5496.983468834151,1668.88931089863,0.4444444444444444,0.0,0.15
2.35,18.988522717484777,2.839311948143036,19.199627270634792,-1.1738362419502777,-0.5020168140756093,-0.087,0.691146472992269,-9.496417830156766,93.92187495166847,-19.9987781536446,0.14842810228686584,0.20297508579338622,0.18316722117390416,-5925.896855553381,-5497.085410901473,1669.6762151275213,0.4444444444444444,0.0,0.15
2.3666666666666667,18.97630681571769,2.8397442465299108,19.187609745613273,-1.1821976545114037,-0.5014854488580877,-0.087,0.6919225841161475,-9.496518270552151,94.08639519394669,-20.27309270977583,0.1485445356501919,0.20310958454935718,0.1832714733911343,-5925.930777670027,-5497.16620487837,1670.460999035367,0.4444444444444444,0.0,0.15
2.3833333333333333,18.964126811410484,2.839905171492844,19.17558779026942,-1.1905502053814492,-0.500953549163163,-0.087,0.6926979362945277,-9.496585023757346,94.24854562195785,-20.548582272010087,0.14864684174279935,0.20322994613281775,0.18336164130776375,-5925.944659196039,-5497.226046283206,1671.2435151048728,0.4444444444444444,0.0,0.15
2.4,18.951984978765953,2.8397956451491395,19.16356370672163,-1.1988938859476888,-0.5004211433992692,-0.087,0.6934723645154345,-9.496618427481303,94.40831657263013,-20.825227218336202,0.14873502405093675,0.20333617580637628,0.18343772580712234,-5925.938737181416,-5497.265105988003,1672.0236170329208,0.4444444444444444,0.0,0.15
2.4166666666666665,18.93988357290098,2.8394166116419792,19.151539793173622,-1.2072286880765628,-0.49988826052680446,-0.087,0.6942457067692488,-9.496618781097668,94.56569856396031,-21.10300786483669,0.1488090872986416,0.20342828003950014,0.18349972901419734,-5925.913226614688,-5497.283530605004,1672.8011597394072,0.4444444444444444,0.0,0.15
2.433333333333333,18.927824829702956,2.8387690376906143,19.13951834381604,-1.2155546041233387,-0.4993549301024723,-0.087,0.6950178040277311,-9.49658634625939,94.72068229514859,-21.381904467500565,0.14886903749848485,0.20350626655614001,0.18354765434939574,-5925.86832081837,-5497.281442829981,1673.5759993763793,0.4444444444444444,0.0,0.15
2.45,18.915810965681654,2.8378539131440843,19.127501648719036,-1.2238716269425134,-0.49882118232391814,-0.087,0.6957885002260017,-9.496521347450177,94.87325864672442,-21.66189722402688,0.1489148820026261,0.20357014438259488,0.18358150658266606,-5925.8041918096715,-5497.2589417436675,1674.3479933374763,0.4444444444444444,0.0,0.15
2.466666666666667,18.903844177816516,2.836672251539553,19.115491993716038,-1.232179749898965,-0.49828704807477014,-0.087,0.6965576422473695,-9.496423972474872,95.02341868066343,-21.942966275619145,0.14894662955423055,0.20361992389566164,0.18360129188803945,-5925.720990627679,-5497.216103072689,1675.1170002676586,0.4444444444444444,0.0,0.15
2.4833333333333334,18.891926643399437,2.835225090666351,19.103491660278483,-1.24047896687986,-0.4977525589701914,-0.087,0.6973250799109212,-9.49629437289081,95.17115364049563,-22.225091708770837,0.14896429033929792,0.20365561687111144,0.18360701789864756,-5925.618847628234,-5497.152979411234,1675.8828800732272,0.4444444444444444,0.0,0.15
2.5,18.88006051987308,2.833513493136832,19.091502925381718,-1.248769272307323,-0.497217747403048,-0.087,0.698090665961789,-9.496132664382074,95.31645495140512,-22.508253557042313,0.14896787603895442,0.20367723653253733,0.18359869376227617,-5925.497872747618,-5497.069600404636,1676.6454939321331,0.4444444444444444,0.0,0.15
2.5166666666666666,18.86824794466474,2.831538546965125,19.07952806136186,-1.2570506611518888,-0.4966826465907977,-0.087,0.6988542560640159,-9.495938927078425,95.45931422032129,-22.792431802829224,0.14895739988225792,0.2036847976006156,0.18357633019751252,-5925.35815573612,-5496.965972895995,1677.4047043045728,0.4444444444444444,0.0,0.15
2.533333333333333,18.85649103501583,2.8293013661548927,19.067569335763757,-1.2653231289467404,-0.49614729062320057,-0.087,0.6996157087959313,-9.495713205820643,95.5997232360019,-23.07760637912277,0.14893287669956654,0.20367831634282435,0.18353993955054373,-5925.199766362513,-5496.842081036847,1678.160374943862,0.4444444444444444,0.0,0.15
2.55,18.84479188780687,2.8268030912972093,19.05562901117985,-1.2735866718027518,-0.49561171451095454,-0.087,0.7003748856479832,-9.495455510373853,95.73767396910816,-23.36375717126185,0.1488943229765225,0.20365781062366353,0.18348953585266675,-5925.022754590408,-5496.697886362906,1678.9123709076,0.4444444444444444,0.0,0.15
2.5666666666666664,18.83315257937812,2.824044890179658,19.04370934507998,-1.281841286424354,-0.495075954235355,-0.087,0.7011316510229471,-9.495165815590468,95.87315857227178,-23.650864018677456,0.14884175690870163,0.2036232999554202,0.18342513487856604,-5924.827150727419,-5496.5333278357875,1679.6605585691161,0.4444444444444444,0.0,0.15
2.5833333333333335,18.821575165345727,2.821027958407782,19.03181258963206,-1.290086970126239,-0.494540046799079,-0.087,0.7018858722384435,-9.494844061524171,96.00616938015463,-23.9389067166294,0.14877519845697984,0.20357480554952245,0.18334675420541935,-5924.612965548048,-5496.348321851627,1680.4048056291972,0.4444444444444444,0.0,0.15
2.6,18.81006168041344,2.8177535200400046,19.01994099151351,-1.2983237208509226,-0.4940040302781929,-0.087,0.7026374195317139,-9.494490153496358,96.13669890950074,-24.227865017935603,0.14869466940366782,0.20351235036852777,0.18325441327288994,-5924.380190391135,-5496.142762217437,1681.1449811281063,0.4444444444444444,0.0,0.15
2.6166666666666667,18.798614138179776,2.814222828237165,19.00809679171336,-1.306551537187188,-0.49346794387548193,-0.087,0.7033861660665884,-9.49410396211649,96.26473985918116,-24.51771863469412,0.14860019340946654,0.20343595917878882,0.18314813344406397,-5924.128797232729,-5495.916520096054,1681.8809554578888,0.4444444444444444,0.0,0.15
2.6333333333333333,18.78723453094067,2.8104371659278056,18.99628222532498,-1.3147704183894326,-0.49293182797519924,-0.087,0.7041319879425849,-9.493685323257639,96.39028511023172,-24.808447239998106,0.14849179607129467,0.20334565860384357,0.18302793806739373,-5923.858738735204,-5495.669443920465,1682.6126003749675,0.4444444444444444,0.0,0.15
2.65,18.775924829487483,2.8063978464903663,18.984499521329244,-1.322980364397944,-0.49239572419933114,-0.087,0.7048747642060914,-9.493234037988604,96.51332772588394,-25.10003046964387,0.14836950498104112,0.2032414771785738,0.18289385253970553,-5923.569948273403,-5495.401359278323,1683.339789013036,0.4444444444444444,0.0,0.15
2.6666666666666665,18.764686982900365,2.802106214453445,18.972750902368087,-1.3311813758601285,-0.491859675465476,-0.087,0.7056143768635739,-9.49274987246387,96.63386095158941,-25.39244792383223,0.14823334978529448,0.20312344540417784,0.18274590437033225,-5923.26233993863,-5495.112068767432,1684.062395896249,0.4444444444444444,0.0,0.15
2.683333333333333,18.753522918336827,2.7975636462152944,18.961038584508234,-1.3393734541527238,-0.4913237260464313,-0.087,0.7063507108967542,-9.49223255777273,96.75187821503766,-25.685679168863338,0.14808336224610322,0.2029915958040041,0.18258412324643158,-5922.935808521253,-5494.801351822995,1684.7802969527183,0.4444444444444444,0.0,0.15
2.7,18.74243454081548,2.7927715507837276,18.949364776995036,-1.3475566014050226,-0.4907879216315852,-0.087,0.7070836542797092,-9.491681789748917,96.86737312616802,-25.97970373882514,0.14791957630281924,0.20284596298029106,0.1824085410995499,-5922.590229472729,-5494.468964517426,1685.4933695283194,0.4444444444444444,0.0,0.15
2.716666666666667,18.73142373299484,2.7877313705376197,18.937731681996183,-1.3557308205231395,-0.4902523093902051,-0.087,0.7078130979978349,-9.491097228742008,96.98033947717532,-26.27450113727566,0.1477420281350781,0.20268658367186032,0.18221919217349247,-5922.225458847823,-5494.114639333548,1686.2014924008088,0.4444444444444444,0.0,0.15
2.7333333333333334,18.720492354947112,2.7824445820111916,18.9261414943352,-1.3638961152153515,-0.4897169380367178,-0.087,0.708538936068621,-9.49047849935208,97.09077124251009,-26.570050838919283,0.14755075622696961,0.20251349681280942,0.18201611309356094,-5921.841333227856,-5493.738084911998,1686.904545794268,0.4444444444444444,0.0,0.15
2.75,18.709642243926755,2.776912696702272,18.914596401214457,-1.3720524900185522,-0.48918185789807156,-0.087,0.7092610655641852,-9.489825190128878,97.19866257887318,-26.86633229127725,0.14734580143245252,0.2023267435922519,0.18179934293721906,-5921.437669625783,-5493.338985773748,1687.6024113938752,0.4444444444444444,0.0,0.15
2.7666666666666666,18.698875214133814,2.771137261905738,18.903098581927523,-1.3801999503258462,-0.4886471209832717,-0.087,0.7099793866355125,-9.489136853237113,97.30400782520529,-27.16332491635247,0.14712720704206672,0.20212636751515012,0.1815689233062471,-5921.014265373949,-5492.917002018651,1688.294972361015,0.4444444444444444,0.0,0.15
2.783333333333333,18.688193056471842,2.7651198615733286,18.891650207560737,-1.3883385024153292,-0.4881127810551766,-0.087,0.7106938025383293,-9.488413004089317,97.40680150267127,-27.461008112288905,0.14689501885099618,0.20191241446428984,0.181324898400446,-5920.570897995418,-5492.471769000986,1688.9821133487296,0.4444444444444444,0.0,0.15
2.8,18.67759753830022,2.758862117201039,18.880253440683614,-1.3964681534800885,-0.4875788937046416,-0.087,0.7114042196605694,-9.487653120947932,97.50703831464,-27.75936125502568,0.1466492852285366,0.20168493276344154,0.18106731509295088,-5920.107325059786,-5492.002896983069,1689.6637205175316,0.4444444444444444,0.0,0.15
2.8166666666666664,18.667090403180826,2.752365688745289,18.868910435027985,-1.4045889116594628,-0.48704551642709426,-0.087,0.7121105475513545,-9.486856644498326,97.6047131466596,-28.058363699946103,0.1463900571890199,0.20144397324175672,0.18079622300721462,-5919.623284024419,-5491.509970768038,1690.339681551573,0.4444444444444444,0.0,0.15
2.8333333333333335,18.656673370618822,2.745632275569065,18.857623335155573,-1.4127007860716074,-0.4865127087016216,-0.087,0.7128126989514277,-9.486022977394619,97.69982106642846,-28.357994783521793,0.14611738846424852,0.20118958929944503,0.18051167459571987,-5919.118492062164,-5490.992549313027,1691.0098856751915,0.4444444444444444,0.0,0.15
2.85,18.64634813579742,2.738663617419209,18.84639427611371,-1.4208037868474013,-0.4859805320726462,-0.087,0.7135105898249652,-9.485151483780196,97.79235732376232,-28.658233824952113,0.14583133557749092,0.2009218369747782,0.18021372522047804,-5918.5926458765525,-5490.450165324061,1691.6742236698408,0.4444444444444444,0.0,0.15
2.8666666666666667,18.636116369306468,2.7314614954360437,18.835225383078967,-1.428897925165744,-0.4854490502342652,-0.087,0.7142041393926913,-9.484241488785159,97.8823173505577,-28.959060127799074,0.1455319579190891,0.20064077501246647,0.17990243323537244,-5918.045421505702,-5489.882324834093,1692.3325878914131,0.4444444444444444,0.0,0.15
2.8833333333333333,18.62597971686464,2.724027733196484,18.824118770988367,-1.4369832132902889,-0.48491832911732013,-0.087,0.714893270166214,-9.483292278002882,97.96969676075179,-29.260452981617963,0.14521931782372824,0.2003464649334526,0.17957786007040166,-5917.476474116055,-5489.288506765753,1692.9848722879713,0.4444444444444444,0.0,0.15
2.9,18.615939799035132,2.7163641977917683,18.813076544157926,-1.4450596646076517,-0.48438843697926054,-0.087,0.71557790798349,-9.482303096948227,98.0544913502792,-29.56239166358384,0.1448934806494155,0.20003897110616617,0.17924007031787637,-5916.88543778732,-5488.668162480518,1693.6309724178955,0.4444444444444444,0.0,0.15
2.9166666666666665,18.60599821093453,2.7084728009409313,18.802100795888094,-1.4531272936671522,-0.4838594444968581,-0.087,0.7162579820453213,-9.481273150500067,98.13669709702583,-29.864855440114127,0.14455451485821633,0.19971836081928157,0.1788891318206223,-5916.271925289965,-5488.02071531618,1694.2707854684606,0.4444444444444444,0.0,0.15
2.933333333333333,18.596156521934834,2.700355500141093,18.79119360805592,-1.4611861162221271,-0.4833314248618212,-0.087,0.716933424952785,-9.480201602331075,98.21631016077995,-30.16782356848755,0.1442024920987908,0.1993847043560204,0.1785251157622385,-5915.6355278567635,-5487.345560114669,1694.9042102748558,0.4444444444444444,0.0,0.15
2.95,18.58641627535827,2.692014299855611,18.780357050693418,-1.469236149272868,-0.4828044538793508,-0.087,0.7176041727454742,-9.479087574327886,98.293326883181,-30.47127529845954,0.14383748729077378,0.19903807507003748,0.17814809675945817,-5914.975814950035,-5486.642062742461,1695.53114733966,0.4444444444444444,0.0,0.15
2.966666666666667,18.576778988164815,2.6834512527410905,18.769593181551897,-1.4772774111112341,-0.4822786100696697,-0.087,0.718270164940435,-9.47793014600517,98.3677437876661,-30.775189873874442,0.14345957871103726,0.19867854946292798,0.1777581529566543,-5914.292334026267,-5485.909559606067,1696.151498852784,0.4444444444444444,0.0,0.15
2.9833333333333334,18.56724615063213,2.674668460914202,18.758904045651835,-1.4853099213669876,-0.48175397477254744,-0.087,0.7189313445716562,-9.47672835391728,98.43955757941481,-31.079546534274638,0.1430688480818709,0.19830620726338982,0.17735536612253056,-5913.58461030002,-5485.147357165277,1696.7651687118932,0.4444444444444444,0.0,0.15
3.0,18.55781922602778,2.6656680772591903,18.74829167481787,-1.4933337010559011,-0.4812306322548298,-0.087,0.7195876582299756,-9.475481191071633,98.50876514529205,-31.38432451650687,0.14266538066111367,0.19792113150807403,0.1769398217490319,-5912.852146509127,-5484.354731447134,1697.3720625433268,0.4444444444444444,0.0,0.15
3.0166666666666666,18.54849965027347,2.6564523067768855,18.737758087198568,-1.5013487726296915,-0.48070866982097005,-0.087,0.7202390561032364,-9.474187606348233,98.57536355378967,-31.68950305632601,0.142249265334264,0.1975234086241512,0.17651160915250494,-5912.09442268334,-5483.530927563877,1697.972087723524,0.4444444444444444,0.0,0.15
3.033333333333333,18.53928883160106,2.6470234079759525,18.72730528677045,-1.5093551600278232,-0.48018817792654395,-0.087,0.7208854920165243,-9.47284650393014,98.63935005496695,-31.995061389996433,0.14182059470859187,0.19711312851361906,0.17607082157713214,-5911.310895918801,-5482.675159238376,1698.5651534009721,0.4444444444444444,0.0,0.15
3.05,18.530188150200246,2.637383694307017,18.716935262825967,-1.5173528887312386,-0.4796692502947133,-0.087,0.7215269234723025,-9.47145674275019,98.70072208038985,-32.3009787558913,0.14137946520927053,0.19669038463937244,0.17561755630065748,-5910.501000160842,-5481.786608340941,1699.15117051869,0.4444444444444444,0.0,0.15
3.0666666666666664,18.52119895785759,2.6275355356402015,18.706649989444852,-1.5253419858180555,-0.47915198403558557,-0.087,0.7221633116902301,-9.47001713595958,98.7594772430697,-32.60723439608999,0.14092597717753888,0.19625527411305055,0.17515191474241376,-5909.664145997837,-5480.864424441705,1699.7300518372624,0.4444444444444444,0.0,0.15
3.0833333333333335,18.51232257758675,2.617481359786484,18.696451424948474,-1.533322480021286,-0.4786364797683963,-0.087,0.7227946216464569,-9.468526450424577,98.81561333740136,-32.913807557973854,0.14046023497089907,0.1958078977846731,0.17467400257365326,-5908.799720469074,-5479.90772438319,1700.301711958435,0.4444444444444444,0.0,0.15
3.1,18.50356030324969,2.607223654063171,18.686341511336675,-1.5412944017886199,-0.47812284174641884,-0.087,0.7234208221121482,-9.466983406257912,98.86912833910087,-33.220677495820595,0.1399823470653463,0.19534836033406888,0.17418392983017494,-5907.907086889751,-5478.91559187802,1700.866067349286,0.4444444444444444,0.0,0.15
3.1166666666666667,18.494913399168624,2.596764966903607,18.676322173706605,-1.5492577833443166,-0.4776111779844806,-0.087,0.7240418856909795,-9.4653866763922,98.92002040514299,-33.527823472397515,0.13949242615961785,0.19487677036409515,0.1736818110272304,-5906.985584696551,-5477.887077137217,1701.4230363669872,0.4444444444444444,0.0,0.15
3.1333333333333333,18.48638309972861,2.5861079095110875,18.666395319653105,-1.5572126587532487,-0.4771016003889397,-0.087,0.7246577888553326,-9.463734886203115,98.96828787369871,-33.835224760553835,0.1389905892814403,0.19439324049563728,0.1731677652766795,-5906.0345293174005,-5476.821196534955,1701.972539284168,0.4444444444444444,0.0,0.15
3.15,18.47797060897045,2.5752551575567693,18.65656283865006,-1.5651590639871353,-0.47659422488994363,-0.087,0.7252685119808824,-9.462026613190737,99.01392926407283,-34.14286064481238,0.13847695789574238,0.19389788746437087,0.1726419164063544,-5905.053212069343,-5475.716932316122,1702.5144983148912,0.4444444444444444,0.0,0.15
3.1666666666666665,18.46967710017386,2.5642094529211334,18.646826601412286,-1.5730970369930026,-0.4760891715757614,-0.087,0.7258740393792559,-9.460260386728116,99.05694327664176,-34.45071042296087,0.1379516580147883,0.19339083221925862,0.1721043930815766,-5904.040900088722,-5474.573232353551,1703.0488376412561,0.4444444444444444,0.0,0.15
3.183333333333333,18.461503715430663,2.5529736054783694,18.637188459237336,-1.5810266177639019,-0.4755865648289443,-0.087,0.7264743593284124,-9.458434687886868,99.09732879279167,-34.75875340764297,0.13741482031017552,0.19287220002274352,0.17155532892875583,-5902.996836298153,-5473.38900996234,1703.5754834406364,0.4444444444444444,0.0,0.15
3.2,18.453451565207857,2.541550494922773,18.62765024332684,-1.5889478484119126,-0.4750865334640314,-0.087,0.7270694641003785,-9.456547949350094,99.13508487485697,-35.06696892794947,0.13686658022662465,0.1923421205525902,0.17099486266098404,-5901.920239415081,-5472.163143779216,1704.094363913569,0.4444444444444444,0.0,0.15
3.216666666666667,18.445521727900463,2.529943072635987,18.618213764086686,-1.5968607732434559,-0.47458921086647615,-0.087,0.7276593499859266,-9.454598555423967,99.17021076605924,-35.375336331009734,0.13630707809747425,0.19180072800531203,0.1704231382055181,-5900.810304007035,-5470.894477715489,1704.6054093122932,0.4444444444444444,0.0,0.15
3.2333333333333334,18.437715249373976,2.518154363593619,18.60888081040564,-1.6047654388369308,-0.4740947351324227,-0.087,0.7282440173157786,-9.452584842159808,99.20270589044664,-35.68383498358367,0.13573645926177694,0.19124816120110977,0.16984030483302576,-5899.666200599031,-5469.581820992807,1705.1085519699566,0.4444444444444444,0.0,0.15
3.25,18.43003314249636,2.5061874683094354,18.599653148911823,-1.6126618941226865,-0.4736032492089149,-0.087,0.7288234704778784,-9.450505097599514,99.23256985283355,-35.99244427365445,0.13515487418287356,0.19068456369023085,0.16924651728844747,-5898.487075838894,-5468.223948271448,1705.6037263304943,0.4444444444444444,0.0,0.15
3.2666666666666666,18.422476386659497,2.4940455648149835,18.590532523206537,-1.620550190465331,-0.47311490103406634,-0.087,0.7293977179302359,-9.44835756215782,99.25980243874083,-36.30114361202215,0.13456247856830278,0.19011008386064415,0.16864193592330265,-5897.272052726657,-5466.8195998816955,1706.0908689791772,0.4444444444444444,0.0,0.15
3.283333333333333,18.415045927290006,2.4817319106721136,18.581520653074886,-1.628430381748371,-0.4726298436766651,-0.087,0.7299667722088427,-9.446140429155893,99.28440361433604,-36.609912433898586,0.13395943349088218,0.18952487504690718,0.16802672682924463,-5896.020230914524,-5465.367482169358,1706.5699186738489,0.4444444444444444,0.0,0.15
3.3,18.40774267534949,2.4692498450154385,18.572619233672764,-1.6363025244611664,-0.4721482354746272,-0.087,0.730530649930096,-9.443851845521497,99.30637352637387,-36.91873020050339,0.13334590551077116,0.18892909564008165,0.1674010619726389,-5894.730687084276,-5463.866267967297,1707.0408163768348,0.4444444444444444,0.0,0.15
3.3166666666666664,18.400567506824128,2.4566027906213446,18.563829934689675,-1.6441666777881772,-0.4716702401716476,-0.087,0.7310893717871655,-9.441489912671868,99.3257125021365,-37.22757640066163,0.1327220667983041,0.1883229091985369,0.1667651193299126,-5893.402475409343,-5462.314597205474,1707.5035052875428,0.4444444444444444,0.0,0.15
3.3333333333333335,18.3935212622037,2.4437942559996624,18.555154399486856,-1.6520229037004583,-0.4711960270513323,-0.087,0.7316429625396796,-9.43905268759637,99.34242104937354,-37.536430552403054,0.13208809525735193,0.18770648455945493,0.1661190830233886,-5892.034628109176,-5460.7110776727095,1707.957930875737,0.4444444444444444,0.0,0.15
3.35,18.386604745950113,2.4308278375036014,18.546594244210382,-1.6598712670493623,-0.4707257710680204,-0.087,0.7321914509960996,-9.436538184156758,99.3564998562413,-37.845272204562974,0.13144417464894284,0.1870799959508285,0.16546314345728533,-5890.626156103872,-5459.0542859441075,1708.4040409154886,0.4444444444444444,0.0,0.15
3.3666666666666667,18.379818725955584,2.4177072214529924,18.538151056878718,-1.667711835662373,-0.4702596529734324,-0.087,0.7327348699880971,-9.433944374623897,99.3679497912411,-38.15408093838515,0.13079049471484092,0.1864436231037199,0.16479749745352631,-5889.176049777437,-5457.342768488691,1708.8417855197952,0.4444444444444444,0.0,0.15
3.3833333333333333,18.3731639329906,2.404436186265287,18.529826396444424,-1.6755446804410046,-0.4697978594381998,-0.087,0.7332732563362371,-9.431269191470395,99.37677190315604,-38.46283636912643,0.13012725130074881,0.18579755136451756,0.16412234838696543,-5887.683279858358,-5455.575042972551,1709.2711171758576,0.4444444444444444,0.0,0.15
3.4,18.3666410601419,2.391018604588141,18.5216217918296,-1.6833698754606599,-0.469340583167248,-0.087,0.7338066508062274,-9.428510529439643,99.3829674209859,-38.77151814766335,0.12945464647876517,0.18514197180690234,0.1634379063195923,-5886.146798426562,-5453.749599773396,1709.6919907810002,0.4444444444444444,0.0,0.15
3.4166666666666665,18.360250762240753,2.377458445426732,18.51353874093478,-1.6911874980723387,-0.46888802300792015,-0.087,0.7343350980549708,-9.425666247912352,99.38653775387952,-39.080105962100696,0.12877288866869016,0.184477081343202,0.16274438813323908,-5884.565540056097,-5451.8649037229925,1710.104363679222,0.4444444444444444,0.0,0.15
3.433333333333333,18.35399365528183,2.363759776258258,18.505578709621112,-1.6989976290060607,-0.4684403840496364,-0.087,0.734858646565631,-9.422734173592413,99.38748449106394,-39.38857953938184,0.12808219275773297,0.1838030828347812,0.1620420176602654,-5882.9384231032545,-5449.919396094547,1710.508195698353,0.4444444444444444,0.0,0.15
3.4499999999999997,18.34787031583313,2.349926765125326,18.497743130665505,-1.7068003524758506,-0.46799787771379403,-0.087,0.735377348570891,-9.419712103534495,99.3858094017698,-39.69691864690088,0.12738278021813432,0.18312018520107945,0.1613310258116481,-5881.264351150011,-5447.911496852548,1710.903449187795,0.4444444444444444,0.0,0.15
3.466666666666667,18.341881280437352,2.335963682699143,18.4900334026888,-1.714595756286107,-0.46756072183251796,-0.087,0.735891259963576,-9.416597808536373,99.3815144351519,-40.00510309411641,0.12667487922217255,0.1824286035268735,0.16061165070185426,-5879.542214612992,-5445.839607183006,1711.2900890568196,0.4444444444444444,0.0,0.15
3.4833333333333334,18.336027045005245,2.321874904302616,18.482450889056736,-1.7223839319391532,-0.4671291407147733,-0.087,0.7364004401937779,-9.413389036919257,99.37460172020425,-40.313112734166594,0.12595872475397824,0.1817285591673024,0.15988413776982358,-5877.770892528291,-5443.702112322262,1711.6680828133851,0.4444444444444444,0.0,0.15
3.5,18.330308064201617,2.307664911882618,18.47499691675398,-1.730164974743746,-0.46670336519825667,-0.087,0.7369049521516203,-9.410083518719722,99.36507356566852,-40.6209274654855,0.12523455871753297,0.18102027985015387,0.15914873989533077,-5875.949254522576,-5441.497384702816,1712.0374006034422,0.4444444444444444,0.0,0.15
3.5166666666666666,18.324724750824583,2.293338295919782,18.46767277523119,-1.7379389839242834,-0.4662836326853845,-0.087,0.737404862034777,-9.406678970316932,99.35293245993476,-40.928527233420034,0.12450263004018197,0.18030399977486972,0.15840571750994456,-5874.076162981056,-5439.223787434568,1712.3980152506783,0.4444444444444444,0.0,0.15
3.533333333333333,18.319277475178918,2.278899757263283,18.460479715225503,-1.7457060627304322,-0.4658701871615973,-0.087,0.7379002391998797,-9.403173099518629,99.33818107093329,-41.235892031847385,0.12376319477093721,0.1795799597076842,0.1576553387017412,-5872.150475422746,-5436.879678139824,1712.7499022966595,0.4444444444444444,0.0,0.15
3.55,18.31396656444432,2.2643541088771277,18.453418947554766,-1.753466318546858,-0.4654632791941087,-0.087,0.7383911559969236,-9.399563611129171,99.32082224601636,-41.54300190479226,0.12301651617279832,0.17884840707226574,0.15689787931287294,-5870.17104709348,-5434.46341316005,1713.0930400413085,0.4444444444444444,0.0,0.15
3.5666666666666664,18.308792302039574,2.249706277483513,18.44649164188606,-1.7612198630027147,-0.4650631659091303,-0.087,0.7388776875858206,-9.395848213022239,99.30085901182828,-41.84983694804343,0.12226286480826558,0.1781095960351869,0.15613362302903136,-5868.136733786817,-5431.973352151907,1713.4274095836643,0.4444444444444444,0.0,0.15
3.5833333333333335,18.303754926983622,2.234961305087849,18.439698925479156,-1.7689668120805093,-0.46467011094552096,-0.087,0.7393599117342514,-9.392024622739934,99.27829457416227,-42.15637731076883,0.1215025186171659,0.17736378758550025,0.1553628614597871,-5866.046394902718,-5429.407863089316,1713.7529948628585,0.4444444444444444,0.0,0.15
3.6,18.298854633254773,2.220124350369059,18.433041881905744,-1.7767072862239308,-0.4642843843827235,-0.087,0.7398379085960035,-9.388090574638932,99.25313231780278,-42.462603197128495,0.12073576298586008,0.1766112496076521,0.15458589420872673,-5863.898896753426,-5426.765327687284,1714.0697826992266,0.4444444444444444,0.0,0.15
3.6166666666666667,18.29409156914928,2.205200689917793,18.42652154974543,-1.7844414104441895,-0.4639062626407818,-0.087,0.7403117604690331,-9.384043827602701,99.22537580635098,-42.7684948678844,0.11996289080684638,0.17585225694691647,0.1538030289322487,-5861.69311612538,-5424.044147261981,1714.3777628354878,0.4444444444444444,0.0,0.15
3.6333333333333333,18.289465836640638,2.19019571930422,18.42013892125962,-1.7921693144243778,-0.4635360283501633,-0.087,0.7407815515325216,-9.379882173336936,99.19502878203208,-43.07403264200626,0.11918420252772309,0.17508709146648607,0.15301458138582305,-5859.427944105262,-5421.24274903988,1714.6769279778944,0.4444444444444444,0.0,0.15
3.65,18.284977490741152,2.17511495395611,18.413894941044767,-1.7998911326213283,-0.46317397018906414,-0.087,0.7412473675622829,-9.375603445263073,99.16209516548214,-43.37919689827205,0.11840000618842175,0.17431604209530832,0.15222087545646226,-5857.102290177405,-5418.359592926827,1714.9672738372626,0.4444444444444444,0.0,0.15
3.6666666666666665,18.280626538867388,2.1599640298270066,18.407790504666472,-1.807607004364396,-0.4628203826858321,-0.087,0.7417092956239529,-9.371205528021884,99.12657905551234,-43.68396807686213,0.11761061744557344,0.17353940486570807,0.1514222431800994,-5854.71508659864,-5415.39317874562,1715.2487991697842,0.4444444444444444,0.0,0.15
3.683333333333333,18.276412940211184,2.1447487038333986,18.401826457276297,-1.8153170739505657,-0.46247556598412193,-0.087,0.7421674237434758,-9.366686367595992,99.08848472884846,-43.988326680945406,0.11681635958282455,0.17275748293979504,0.15061902474251812,-5852.2652930554805,-5412.3420539478675,1715.5215058175038,0.4444444444444444,0.0,0.15
3.6999999999999997,18.272336605118145,2.129474854038984,18.396003592213305,-1.8230214907352342,-0.4621398255683975,-0.087,0.7426218405545393,-9.362043982056239,99.0478166398433,-44.2922532782562,0.11601756350587479,0.17197058662360837,0.14981156846243585,-5849.751901606956,-5409.204821802797,1715.7853987483502,0.4444444444444444,0.0,0.15
3.716666666666667,18.268397394475596,2.114148479563372,18.390322649592715,-1.830720409217983,-0.46181347194740896,-0.087,0.7430726349227087,-9.357276472932696,99.00457942015946,-44.59572850265995,0.11521456772097131,0.1711790333679124,0.14900023075530044,-5847.173941914776,-5405.980150062049,1716.040486095594,0.4444444444444444,0.0,0.15
3.7333333333333334,18.26459511911209,2.0987757001918883,18.38478431488412,-1.8384139891226154,-0.4614968202933213,-0.087,0.7435198955461859,-9.352382037206036,98.95877787841991,-44.89873305570605,0.11440771829555967,0.17038314775451863,0.14818537607632923,-5844.5304867605255,-5402.666780095451,1716.2867791965937,0.4444444444444444,0.0,0.15
3.75,18.260929539210743,2.0833627556626153,18.379389217482217,-1.8461023954706997,-0.4611901900342373,-0.087,0.7439637105332644,-9.347358979909675,98.91041699982374,-45.20124770816571,0.11359736879976408,0.16958326146697683,0.14736737684129358,-5841.820657847449,-5399.263536488197,1716.5242926306973,0.4444444444444444,0.0,0.15
3.7666666666666666,18.25740036373873,2.067916004606333,18.374137929273147,-1.8537857986478121,-0.46089390439796124,-0.087,0.7444041669567464,-9.342205727326922,98.85950194572429,-45.503253301552775,0.11278388022734959,0.16877971324444915,0.146546613323536,-5839.043631881926,-5395.769337084842,1716.753044256138,0.4444444444444444,0.0,0.15
3.783333333333333,18.254007249895498,2.0524419231147584,18.369030963199894,-1.8614643744616526,-0.4606082899049812,-0.087,0.7448413503857965,-9.336920840760786,98.80603805316674,-45.804730749625165,0.11196762089480605,0.16797284881755825,0.14572347352570275,-5836.198646927056,-5392.183203460028,1716.9730552457759,0.4444444444444444,0.0,0.15
3.8,18.250749802582256,2.036947102912334,18.364068771830475,-1.869138304191161,-0.46033367580881634,-0.087,0.7452753443959206,-9.331503030846752,98.75003083438239,-46.105661039864316,0.11114896631719172,0.16716302082498505,0.14489835302467927,-5833.285009017887,-5388.504271789847,1717.1843501215117,0.4444444444444444,0.0,0.15
3.8166666666666664,18.247627573895503,2.021438249106877,18.359251745932998,-1.8768077746257454,-0.4600703934820855,-0.087,0.7457062300580133,-9.325951172371072,98.6914859762364,-46.40602523493014,0.11032829905938124,0.16635058870958308,0.14407165478823666,-5830.302099024552,-5384.731804091301,1717.386956787204,0.4444444444444444,0.0,0.15
3.8333333333333335,18.244640062647512,2.005922177494666,18.354580213062015,-1.8844729780936988,-0.4598187757468968,-0.087,0.746134085407676,-9.320264319548665,98.63040933962606,-46.70580447408856,0.10950600856138319,0.16553591859277655,0.14324378896193019,-5827.2493797462075,-5380.8651997904735,1717.5809065599044,0.4444444444444444,0.0,0.15
3.85,18.241786713916643,1.9904058113959988,18.3500544361608,-1.8921341124788646,-0.4595791561484517,-0.087,0.7465589848962919,-9.31444172170577,98.56680695882666,-47.00497997460862,0.1086824909364236,0.1647193831260193,0.14241517262484013,-5824.126403214961,-5376.904007572684,1717.7662341992223,0.4444444444444444,0.0,0.15
3.8666666666666667,18.23906691863061,1.9748961779980372,18.34567461218466,-1.8997913812245966,-0.45935186817109014,-0.087,0.746980998825643,-9.308482839303249,98.5006850407817,-47.30353303312601,0.10785814874053994,0.1639013613181125,0.14158622951281313,-5820.932818185082,-5372.847937460376,1717.9429779346242,0.4444444444444444,0.0,0.15
3.8833333333333333,18.236480013185886,1.9594004041827089,18.341440870750578,-1.907444993324052,-0.4591372443963831,-0.087,0.747400192768173,-9.302387360226497,98.43204996433438,-47.60144502696971,0.10703339071249005,0.1630822383372122,0.1407573897079452,-5817.668377778676,-5368.696873056504,1718.1111794904693,0.4444444444444444,0.0,0.15
3.9,18.234025279106472,1.9439257118187565,18.33735327281895,-1.915095163295846,-0.4589356156033051,-0.087,0.7478166269753209,-9.296155216257937,98.36090827939742,-47.898697415448254,0.10620863148285967,0.16226240528640115,0.1399290892931534,-5814.332947254774,-5364.4508838831625,1718.2708841085669,0.4444444444444444,0.0,0.15
3.9166666666666665,18.231701942745335,1.9284794124986107,18.3334118094133,-1.9227421111441119,-0.458747309810994,-0.087,0.7482303557766914,-9.289786599637827,98.28726670605833,-48.195271741091965,0.10538429125134674,0.16144225895176084,0.13910176997080698,-5810.926511864334,-5360.110237736982,1718.4221405680457,0.4444444444444444,0.0,0.15
3.933333333333333,18.22950917503198,1.9130689017026798,18.329616400384296,-1.9303860623020175,-0.45857265126511937,-0.087,0.748641426973179,-9.283281979608656,98.21113213361693,-48.49114963084744,0.10456079543131401,0.1606222015219514,0.13827587864453542,-5807.449184749173,-5355.675412974624,1718.5650012023227,0.4444444444444444,0.0,0.15
3.9499999999999997,18.227446091269485,1.8977016523759107,18.32596689322464,-1.9380272475578144,-0.45841195936944573,-0.087,0.7490498812275086,-9.276642118828196,98.13251161955282,-48.78631279722041,0.10373857426083359,0.15980264027839713,0.13745186696349831,-5803.901214838293,-5351.147110633711,1718.6995219129467,0.4444444444444444,0.0,0.15
3.966666666666667,18.22551175098456,1.8823852079040622,18.322463061941544,-1.9456659029625294,-0.45826554756477866,-0.087,0.7494557514559979,-9.269868089526216,98.0514123884197,-49.080743039363036,0.102918062379598,0.15898398725528123,0.13663019082859298,-5800.2829946905285,-5346.526266286682,1718.8257621800974,0.4444444444444444,0.0,0.15
3.9833333333333334,18.223705157834065,1.8671271744801006,18.31910460599398,-1.9533022697184481,-0.45813372215812226,-0.087,0.7498590622256922,-9.262961289270132,97.96784183066465,-49.37442224410153,0.10209969837124332,0.15816665886867398,0.13581130986028703,-5796.595068227973,-5341.814061517769,1718.9437850695106,0.4444444444444444,0.0,0.15
4.0,18.22202525957146,1.8519352128544082,18.315891149301756,-1.960936594047597,-0.4580167811055501,-0.087,0.7502598291613641,-9.255923456195905,97.88180750136958,-49.66733238690004,0.10128392427082014,0.15735107551426,0.1349956868280003,-5792.838138300325,-5337.0119349065635,1719.0536572356184,0.4444444444444444,0.0,0.15
4.016666666666667,18.22047094807664,1.836817029466175,18.312822239333887,-1.9685691270394963,-0.4579150127529924,-0.087,0.7506580583671615,-9.24875668355213,97.79331711891348,-49.95945553275677,0.10047118503735829,0.15653766113328604,0.13418378704121436,-5789.013074016217,-5332.121592395577,1719.155448920669,0.4444444444444444,0.0,0.15
4.033333333333333,18.21904105945256,1.8217803669573231,18.30989734628377,-1.9762001244775322,-0.45782869453986286,-0.087,0.7510537458679958,-9.241463433398097,97.70237856355342,-50.25077383702796,0.099661927991699,0.15572684274652512,0.13337607770276771,-5785.120917773775,-5327.145016914264,1719.249233949618,0.4444444444444444,0.0,0.15
4.05,18.21773437419203,1.8068329940746473,18.307115862338737,-1.9838298466433872,-0.4577580916711816,-0.087,0.7514468770760047,-9.234046549290603,97.60899987592317,-50.541269546175826,0.09885660222001523,0.15491904995624456,0.13257302722508868,-5781.162891919319,-5322.084477128065,1719.3350897205653,0.4444444444444444,0.0,0.15
4.066666666666666,18.216549617417815,1.7919826949704836,18.304477101051503,-1.9914585580990667,-0.4577034557645844,-0.087,0.7518374262876583,-9.226509267789636,97.5131892554484,-50.83092499843648,0.098055657943704,0.15411471441637342,0.13177510451043384,-5777.140404960179,-5316.942535178457,1719.413097190537,0.4444444444444444,0.0,0.15
4.083333333333333,18.21548545919926,1.777237257917133,18.30198029682112,-1.9990865274461804,-0.4576650234793376,-0.087,0.7522253562172425,-9.218855228610437,97.4149550586779,-51.11972262440358,0.09725954585661248,0.15331426927128924,0.1309827781965281,-5773.055057255319,-5311.722053278964,1719.4833408564048,0.4444444444444444,0.0,0.15
4.1,18.214540514948396,1.7626044634554148,18.299624604490923,-2.006714027062258,-0.45764301513518424,-0.087,0.7526106175725772,-9.211088483248421,97.31430579753092,-51.40764494752423,0.0964687164308506,0.1525181485638818,0.13019651586934344,-5768.908646105862,-5306.426199032812,1719.5459087307518,0.4444444444444444,0.0,0.15
4.116666666666666,18.2137133458983,1.74809207200309,18.297409099070663,-2.014341332814015,-0.45763763332952456,-0.087,0.7529931486788907,-9.203213501904598,97.21125013746062,-51.6946745845034,0.09568361919274516,0.15172678661380426,0.12941678324510508,-5764.703170166732,-5301.0584493402375,1719.6008923124973,0.4444444444444444,0.0,0.15
4.133333333333333,18.213002459666363,1.7337078109543986,18.29533277558999,-2.021968723747638,-0.45764906156206425,-0.087,0.7533728751567751,-9.1952351785429,97.1057968955349,-51.98079424561335,0.09490470197079946,0.15094061736708436,0.12864404332396814,-5760.440833100693,-5295.62259276817,1719.6483865521152,0.4444444444444444,0.0,0.15
4.15,18.212406310904854,1.7194593613075662,18.293394549089985,-2.0295964817563137,-0.45767746287663996,-0.087,0.7537497096600531,-9.187158833916628,96.99795503843562,-52.26598673490517,0.09413241011783657,0.15016007371854095,0.12787875551816713,-5756.1240463970735,-5290.122730261377,1719.6884898112837,0.4444444444444444,0.0,0.15
4.166666666666667,18.211923302040873,1.705354343862775,18.291593254759164,-2.037224891225391,-0.4577229785304307,-0.087,0.7541235516792595,-9.178990216410037,96.88773368037863,-52.55023495031933,0.09336718570981961,0.14938558680873015,0.12712137475779353,-5751.75543127943,-5284.563274083123,1719.7213038168295,0.4444444444444444,0.0,0.15
4.183333333333334,18.211551784107645,1.6914003050387072,18.28992764821992,-2.0448542386557493,-0.4577857267011826,-0.087,0.7544942874161682,-9.170735500552361,96.77514208095677,-52.833521883693024,0.09260946672415424,0.14861758529742777,0.12637235057770296,-5747.337819629621,-5278.948944884225,1719.7469336088348,0.4444444444444444,0.0,0.15
4.2,18.211290057668602,1.6776047023612628,18.28839640597075,-2.0524848122661132,-0.45786580124339143,-0.087,0.7548617897345126,-9.162401283075734,96.66018964290916,-53.11583062066209,0.09185968620058398,0.14785649461593736,0.12563212618938793,-5742.874253859961,-5273.284766812749,1719.765487482813,0.4444444444444444,0.0,0.15
4.216666666666667,18.211136373835604,1.6639748896833766,18.286998125989268,-2.0601169015752485,-0.45796327050459473,-0.087,0.7552259181915907,-9.153994576405308,96.54288590982067,-53.39714434045594,0.0911182713880823,0.14710273620079495,0.12490113754196586,-5738.367985670643,-5267.576060591922,1719.7770769258573,0.4444444444444444,0.0,0.15
4.233333333333333,18.21108893538207,1.650518102199907,18.285731328499956,-2.0677507969651594,-0.4580781762130104,-0.087,0.7555865191549869,-9.14552279948939,96.42324056375566,-53.67744631558431,0.09038564288142388,0.1463567267117137,0.12417981237672387,-5733.8224736362545,-5261.828434511373,1719.7818165467106,0.4444444444444444,0.0,0.15
4.25,18.211145897951603,1.6372414413262737,18.28459445691032,-2.0753867892265916,-0.45821053244770765,-0.087,0.7559434260080048,-9.136993765899629,96.3012634228313,-53.956719911415384,0.08966221375137369,0.14561887723687647,0.12346856927992443,-5729.241379573082,-5256.047773296267,1719.7798239997041,0.4444444444444444,0.0,0.15
4.266666666666667,18.21130537136221,1.624151859513791,18.28358587891796,-2.0830251690883297,-0.4583603247023114,-0.087,0.7562964594467697,-9.128415669155691,96.1769644387359,-54.23494858564494,0.08894838867266551,0.14488959248893193,0.12276781673880312,-5724.628563647929,-5250.240224840062,1719.7712199025657,0.4444444444444444,0.0,0.15
4.283333333333333,18.211565421005734,1.6112561450784066,18.28270388779036,-2.0906662267319653,-0.458527509052901,-0.087,0.7566454278711784,-9.119797065255579,96.05035369419855,-54.5121158876575,0.08824456305414381,0.14416926999528198,0.12207795220587918,-5719.98807819927,-5244.412184809372,1719.7561277481066,0.4444444444444444,0.0,0.15
4.3,18.211924069341897,1.5985609071227336,18.28194670381838,-2.0983102512939706,-0.4587120114402793,-0.087,0.756990127871024,-9.111146852421166,95.92144140041682,-54.78820545778024,0.08755112217561098,0.14345829928645445,0.12139936117684398,-5715.324160252759,-5238.5702791532285,1719.7346738098167,0.4444444444444444,0.0,0.15
4.316666666666666,18.21237929748565,1.5860725606337625,18.281312475943277,-2.105957530357092,-0.45891372707614847,-0.087,0.7573303448077559,-9.102474248098517,95.79023789444993,-55.063201026431834,0.08686844033605354,0.14275706108653802,0.12073241628738852,-5710.64122272514,-5232.721344573817,1719.7069870414507,0.4444444444444444,0.0,0.15
4.333333333333333,18.21292904688629,1.5737973118404402,18.280799283556245,-2.1136083494332176,-0.45913251998194016,-0.087,0.757665853491342,-9.09378876328349,95.6567536365851,-55.33708641316853,0.0861968800180092,0.14206592650980648,0.12007747643437669,-5705.94384432349,-5226.872407040911,1719.6731989706936,0.4444444444444444,0.0,0.15
4.35,18.21357122109615,1.5617411439162923,18.280405138468428,-2.1212629914400085,-0.45936822266811334,-0.087,0.7579964189507201,-9.085100174274729,95.5209992076856,-55.60984552563081,0.08553679107288245,0.14138525626777793,0.11943488592676037,-5701.2367581601875,-5221.030658457476,1719.6334435870417,0.4444444444444444,0.0,0.15
4.366666666666666,18.21430368762642,1.5499098031124336,18.280127987048267,-2.1289217361737145,-0.45962063596066144,-0.087,0.7583217972952612,-9.076418491987667,95.38298530652904,-55.8814623583944,0.08488850993201232,0.1407153998910337,0.11880497367156505,-5696.524839117907,-5215.2034316087,1719.5878572240401,0.4444444444444444,0.0,0.15
4.383333333333333,18.215124279886936,1.5383087854056288,18.279965712522074,-2.1365848597806827,-0.45988952898037305,-0.087,0.7586417366636494,-9.067753928994462,95.24272274714507,-56.15192099173032,0.08425235884824674,0.14005669497016432,0.1181880524001516,-5691.813090013133,-5209.398173550649,1719.5365784360838,0.4444444444444444,0.0,0.15
4.4,18.216030799206525,1.5269433237444558,18.27991613743259,-2.144252634230149,-0.4601746392790796,-0.087,0.7589559782555044,-9.059116864484716,95.10022245616187,-56.42120559027918,0.08362864517267436,0.1394094664202072,0.11758441793977378,-5687.106626620826,-5203.622417617341,1719.4797478699859,0.4444444444444444,0.0,0.15
4.416666666666667,18.217021016929923,1.5158183759741644,18.279977026249444,-2.151925326790963,-0.4604756731357189,-0.087,0.7592642574400471,-9.05051780737055,94.9554954701711,-56.68930040164569,0.08301766067101458,0.13877402577289766,0.11699434853521203,-5682.410661636871,-5197.883754245874,1719.4175081315634,0.4444444444444444,0.0,0.15
4.433333333333334,18.218092676586835,1.504938613517426,18.280146088124205,-2.159603199514926,-0.4607923060135612,-0.087,0.7595663049351151,-9.041967357785829,94.80855293312071,-56.95618975491997,0.0824196808839641,0.13815067050096427,0.1164181042249663,-5677.730487668459,-5192.189800837802,1719.350003647521,0.4444444444444444,0.0,0.15
4.45,18.219243496128303,1.4943084108839442,18.280420979781947,-2.167286508729429,-0.4611241831784071,-0.087,0.759861848048881,-9.033476167253246,94.65940609374599,-57.221858059132835,0.08183496453554853,0.13753968337856753,0.11585592627613982,-5673.0714593554,-5186.548170890943,1719.2773805229283,0.4444444444444444,0.0,0.15
4.466666666666667,18.220471170225164,1.4839318360767975,18.28079930854033,-2.174975504542052,-0.461470920475999,-0.087,0.760150611975752,-9.025054897813465,94.50806630304807,-57.48628980165289,0.08126375299323088,0.13694133188180063,0.11530803668174537,-5668.4389747372525,-5180.966442648829,1719.19978639463,0.4444444444444444,0.0,0.15
4.483333333333333,18.221773372622877,1.4738126419575397,18.281278635446206,-2.182670430359751,-0.4618321052653127,-0.087,0.7604323211371457,-9.016714180427627,94.35454501182993,-57.74946954653363,0.08070626978318952,0.13635586763295102,0.11477463772372205,-5663.83845599198,-5175.452127524698,1719.1173702809417,0.4444444444444444,0.0,0.15
4.5,18.22314775854678,1.4639542586254881,18.28185647851925,-2.190371522425183,-0.46220729750283523,-0.087,0.7607067005571424,-9.008464572977632,94.19885376829924,-58.01138193281951,0.08016272016379818,0.13578352589195786,0.11425591160446252,-5659.275329681196,-5170.012638563186,1719.030282428008,0.4444444444444444,0.0,0.15
4.516666666666667,18.22459196715132,1.4543597868594202,18.2825303160911,-2.1980790093726124,-0.4625960309714231,-0.087,0.7609734772624537,-9.00031651819743,94.04100421574736,-58.27201167281993,0.07963329075992734,0.13522452509819877,0.11375202014913603,-5654.755006644959,-5164.6552592054195,1718.9386741532348,0.4444444444444444,0.0,0.15
4.533333333333333,18.22610362400672,1.445031992662118,18.283297590228297,-2.205793111805736,-0.46299781464588324,-0.087,0.7612323816957,-8.992280301873102,93.88100809031322,-58.53134355036096,0.0791181492602411,0.1346790664654023,0.11326310458054423,-5650.282861695196,-5159.387112622025,1718.8426976862145,0.4444444444444444,0.0,0.15
4.55,18.227680343616072,1.4359733029399802,18.284155710226383,-2.213514041899614,-0.463412134186063,-0.087,0.7614831491306808,-8.984366011649215,93.71887721884065,-58.78936241902447,0.07861744417919596,0.1341473336321139,0.11278928536768498,-5645.864213261148,-5154.215131873573,1718.7425060075761,0.4444444444444444,0.0,0.15
4.566666666666666,18.22931973195573,1.427185802341355,18.285102056162422,-2.2212420030287072,-0.46383845354699155,-0.087,0.7617255210781841,-8.976583496774362,93.55462351683704,-59.046053200384776,0.07813130468496136,0.13362949236974708,0.1123306621486221,-5641.504303142552,-5149.146031149402,1718.638252686232,0.4444444444444444,0.0,0.15
4.583333333333333,18.2310193890317,1.4186712312684417,18.286133982492814,-2.228977189422876,-0.46427621669449876,-0.087,0.7619592466708416,-8.968942329109483,93.38825898654063,-59.30140088225294,0.07765984049398343,0.13312569034983368,0.11188731372767931,-5637.20827652664,-5144.186278323517,1718.530091715473,0.4444444444444444,0.0,0.15
4.6,18.23277691144451,1.4104309850686958,18.28724882168299,-2.2367197858529537,-0.4647248494137765,-0.087,0.7621840840157136,-8.96145176570893,93.21979571510302,-59.555390516939084,0.07720314183241003,0.13263605697165207,0.11145929814640153,-5632.981162423298,-5139.342069050839,1718.4181773484042,0.4444444444444444,0.0,0.15
4.616666666666666,18.23458989495506,1.4024661144027621,18.288443887855664,-2.244469967347308,-0.4651837611975451,-0.087,0.7623998015035427,-8.954120713266555,93.04924587289308,-59.80800721954273,0.07676127946409333,0.13216070325096696,0.11104665282716142,-5628.827854669055,-5134.619302608572,1718.3026639331913,0.4444444444444444,0.0,0.15
4.633333333333333,18.23645593704378,1.3947773267771602,18.289716480444167,-2.252227898940578,-0.46565234719986087,-0.087,0.7626061790640852,-8.946957694697527,92.87662171192726,-60.05923616628154,0.0763343047843924,0.1316997217701622,0.11064939478774545,-5624.753093644862,-5130.023559666337,1718.183705748617,0.4444444444444444,0.0,0.15
4.65,18.23837263945556,1.3873649892213848,18.291063887837645,-2.259993735455523,-0.466129990241154,-0.087,0.7628030093574729,-8.939970818101775,92.70193556443083,-60.309062592868194,0.0759222499785179,0.1312531866895971,0.11026752092473295,-5620.761448845126,-5125.560082145338,1718.0614568404274,0.4444444444444444,0.0,0.15
4.666666666666667,18.240337610722868,1.3802291320808593,18.292483391005057,-2.2677676213186904,-0.46661606284982626,-0.087,0.7629900988922876,-8.933167748326971,92.52519984153354,-60.55747179294508,0.0755251282427023,0.130821153819573,0.1099010083629968,-5616.85730242617,-5121.233755301698,1717.9360708589606,0.4444444444444444,0.0,0.15
4.683333333333334,18.24234846865965,1.3733694538893835,18.293972267085284,-2.2755496904103594,-0.46710992932566003,-0.087,0.7631672690618139,-8.926555681318925,92.34642703210235,-60.80444911658636,0.07514293406604443,0.13040366075186138,0.10954981486820388,-5613.044833851479,-5117.049092142549,1717.8077008985313,0.4444444444444444,0.0,0.15
4.7,18.244402842818673,1.3667853272774628,18.29552779293101,-2.283340065948964,-0.46761094781039486,-0.087,0.7633343570908798,-8.92014132141504,92.16562970171326,-61.049979968876094,0.07477564357047446,0.1300007270493318,0.10921387931878955,-5609.328005738911,-5113.010220256209,1717.6764993390427,0.4444444444444444,0.0,0.15
4.716666666666667,18.246498376905258,1.3604758058662398,18.29714724859462,-2.2911388604099714,-0.46811847235110843,-0.087,0.7634912168866859,-8.913930861703184,91.98282049176291,-61.294049808571025,0.07442321490591707,0.12961235449182013,0.10889312223352006,-5605.710551001643,-5109.120871110041,1717.5426176902931,0.4444444444444444,0.0,0.15
4.733333333333333,18.24863273114059,1.3544396320907695,18.29882792074492,-2.298946175478948,-0.46863185494248183,-0.087,0.7636377197880743,-8.907929967534226,91.7980121187202,-61.53664414685608,0.07408558869740059,0.12923852737601288,0.10858744635044909,-5602.195961360436,-5105.384371842068,1717.4062064394047,0.4444444444444444,0.0,0.15
4.75,18.25080358456795,1.3486752458911124,18.30056710600406,-2.306762102038321,-0.4691504475346255,-0.087,0.7637737552088347,-8.902143763242275,91.61121737351701,-61.777748546199845,0.0737626885405724,0.12887921286678314,0.10829673725281778,-5598.787477289764,-5101.803639545458,1717.2674149018158,0.4444444444444444,0.0,0.15
4.766666666666667,18.25300863729572,1.343180794205235,18.302362114194825,-2.3145867201871275,-0.4696736039938768,-0.087,0.7638992311717602,-8.896576822092948,91.42244912107647,-62.01734861931679,0.07345442154183573,0.1285343613971121,0.10802086403724497,-5595.488079445066,-5098.381178019004,1717.126391076234,0.4444444444444444,0.0,0.15
4.783333333333333,18.25524561267123,1.3379541411939901,18.30421027148919,-2.3224200992928523,-0.4702006820048352,-0.087,0.7640140747313476,-8.891233159446967,91.23172029997625,-62.25543002824249,0.07316067889912364,0.12820390711345916,0.10775968001940464,-5592.300481602758,-5095.119076932172,1716.9832815039383,0.4444444444444444,0.0,0.15
4.8,18.257512259380015,1.3329928791255765,18.306108923449873,-2.3302622980742473,-0.47073104490285816,-0.087,0.7641182322841601,-8.88611622909521,91.03904392224352,-62.49197848352713,0.0728813365191724,0.12788776836321766,0.10751302347229286,-5589.227125129242,-5092.019013330451,1716.8382311327805,0.4444444444444444,0.0,0.15
4.816666666666666,18.259806353465375,1.3282943398447606,18.308055437957307,-2.3381133647138856,-0.47126406342728444,-0.087,0.7642116697670186,-8.881228922691513,90.84443307327803,-62.72697974355205,0.07261625566704732,0.12758584822070002,0.1072807183921416,-5586.2701749799735,-5089.082255385888,1716.6913831862287,0.4444444444444444,0.0,0.15
4.833333333333333,18.26212570026369,1.323855606750874,18.310047208015533,-2.345973336999025,-0.4717991173867567,-0.087,0.7642943727442559,-8.876573572182318,90.64790091189793,-62.960419613973414,0.07236528364361106,0.12729803504794893,0.10706257528704395,-5583.43151721499,-5086.30966827909,1716.5428790377448,0.4444444444444444,0.0,0.15
4.85,18.264468136251292,1.3196735272080535,18.31208165443111,-2.353842242489248,-0.472335597229167,-0.087,0.7643663463863057,-8.872151955107322,90.4494606705039,-63.19228394729607,0.0721282544866031,0.12702420308656046,0.1068583919834079,-5580.712758003447,-5083.701722082831,1716.3928580907798,0.4444444444444444,0.0,0.15
4.866666666666666,18.266831530799273,1.3157447253114218,18.31415622836027,-2.361720098709211,-0.47287290550992894,-0.087,0.7644276153428468,-8.867965302623322,90.24912565535494,-63.42255864258026,0.07190498969102072,0.12676421307663643,0.10666795444545332,-5578.1152240767115,-5081.258501503666,1716.2414576646202,0.4444444444444444,0.0,0.15
4.883333333333333,18.269213787833092,1.3120656149337973,18.316268413720145,-2.3696069133647626,-0.4734104582534612,-0.087,0.764478223514616,-8.864014310084162,90.04690924695011,-63.65122964528293,0.07169529894455004,0.12651791289895184,0.1064910376031041,-5575.6399645775855,-5078.97971732695,1716.0888128862987,0.4444444444444444,0.0,0.15
4.9,18.271612847394263,1.308632412979084,18.318415729460956,-2.3775026845806,-0.4739476862039493,-0.087,0.7645182337287887,-8.860299149993796,89.84282490050893,-63.87828294723458,0.07149898087389223,0.12628513823643028,0.1063274061838009,-5573.287754242519,-5076.86471940211,1715.935056588755,0.4444444444444444,0.0,0.15
4.916666666666667,18.274026687102022,1.3054411527706236,18.32059573169672,-2.385407401157594,-0.4744840359625981,-0.087,0.7645477273235136,-8.856819487136367,89.63688614654363,-64.10370458675224,0.0713158237979564,0.12606571325106117,0.10617681554396423,-5571.059097844166,-5074.912510999061,1715.7803192153801,0.4444444444444444,0.0,0.15
4.933333333333334,18.27645332351335,1.3024876975054576,18.322806015692993,-2.3933210428478717,-0.4750189710097026,-0.087,0.7645668036478027,-8.853574495677433,89.42910659151553,-64.32748064888794,0.07114560648404865,0.12585945127246584,0.10603901249607085,-5568.954235813458,-5073.121764363222,1715.6247287310716,0.4444444444444444,0.0,0.15
4.95,18.278890813380112,1.2997677537085772,18.325044217710705,-2.401243580645724,-0.4755519726109226,-0.087,0.7645755794834459,-8.85056287802356,89.2194999185679,-64.54959726581204,0.07098809890336837,0.12566615549442486,0.10591373612756007,-5566.973150953658,-5071.490837295282,1715.4684105398678,0.4444444444444444,0.0,0.15
4.966666666666667,18.281337254802747,1.2972768846247533,18.327308016706123,-2.409174977092417,-0.4760825406081439,-0.087,0.7645741883960268,-8.847782885223578,89.00807988832754,-64.77004061732936,0.07084306298232669,0.12548561967580718,0.10580071860805963,-5565.115576153415,-5070.017790583042,1715.3114874092225,0.4444444444444444,0.0,0.15
4.983333333333333,18.283790788280246,1.2950105234893972,18.329595135887477,-2.4171151865929925,-0.47661019409623584,-0.087,0.764562780022396,-8.845232338693684,88.79486033976677,-64.98879693152651,0.0707102533464241,0.12531762884249725,0.10569968598170705,-5563.381003001838,-5068.70040611544,1715.1540794009359,0.4444444444444444,0.0,0.15
5.0,18.28624959765671,1.2929639866240086,18.331903344129515,-2.4250641557431774,-0.47713447198785874,-0.087,0.7645415193021331,-8.842908653049872,88.57985519111807,-65.20585248554718,0.07058941805365931,0.12516195998709007,0.10561035894163764,-5561.76869120598,-5067.5362055138075,1714.996303808729,0.4444444444444444,0.0,0.15
5.016666666666667,18.28871191096519,1.291132486306081,18.334230457247855,-2.433021823664571,-0.4776549334692439,-0.087,0.764510585660637,-8.840808859834958,88.36307844083301,-65.42119360649237,0.07048029931468802,0.12501838276331473,0.10553245358401021,-5560.277678709646,-5066.522469121611,1714.8382751024315,0.4444444444444444,0.0,0.15
5.033333333333333,18.2911760011699,1.28951114336778,18.336574339135524,-2.440988122346317,-0.4781711583505422,-0.087,0.7644701721514591,-8.838929631933413,88.14454416857781,-65.63480667244193,0.07038263419720339,0.12488666017235373,0.10546568213924523,-5558.906792412354,-5065.656255201683,1714.6801048787072,0.4444444444444444,0.0,0.15
5.05,18.293640186808304,1.288094999482231,18.338932902764515,-2.4489629769915644,-0.478682747314929,-0.087,0.7644204845654362,-8.837267308474656,87.92426653625738,-65.84667811359319,0.07029615531226649,0.12476654923843833,0.1054097536784476,-5557.6546593881185,-5064.9344191986775,1714.5219018182388,0.4444444444444444,0.0,0.15
5.066666666666666,18.296102832534938,1.2868790291007957,18.3413041110558,-2.4569463063670596,-0.4791893220711559,-0.087,0.764361740513996,-8.83581792003518,87.70225978906007,-66.05679441351225,0.07022059148057254,0.12465780167132567,0.10536437479328328,-5556.519718505775,-5064.353632934245,1714.3637716492517,0.4444444444444444,0.0,0.15
5.083333333333333,18.298562349569146,1.2858581510092377,18.343685977621465,-2.4649380231543243,-0.4796905254146512,-0.087,0.7642941684937854,-8.834577213960017,87.47853825651588,-66.26514211049319,0.07015566837689408,0.12456016451348872,0.10532925024786369,-5555.500232355363,-5063.910403612696,1714.205817117239,0.4444444444444444,0.0,0.15
5.1,18.30101719604922,1.2850272394751194,18.346076567383072,-2.4729380343009524,-0.4801860212026063,-0.087,0.7642180069394967,-8.833540679636293,87.25311635356051,-66.47170779902002,0.07010110915119268,0.12447338077008077,0.10530408360147002,-5554.594299388836,-5063.6010925258515,1714.048137960746,0.4444444444444444,0.0,0.15
5.116666666666666,18.3034658772957,1.2843811349630947,18.34847399707063,-2.4809462413706393,-0.48067549424873174,-0.087,0.764133503271398,-8.832703573563652,87.02600858159846,-66.67647813132625,0.07005663502513428,0.12439719001996276,0.1052885778012118,-5553.799866187667,-5063.4219333568335,1713.890830893022,0.4444444444444444,0.0,0.15
5.133333333333333,18.30590694598682,1.2839146543989557,18.3508764356068,-2.4889625408906824,-0.48115865014354314,-0.087,0.7640409129437206,-8.83206094407986,86.79722952955827,-66.87943981904633,0.07002196586297837,0.12433132900630872,0.10528243574396548,-5553.114739774925,-5063.369049993808,1713.7339895893672,0.4444444444444444,0.0,0.15
5.15,18.30833900224934,1.2836226009672882,18.35328210438118,-2.496986824695757,-0.48163521500613854,-0.087,0.7639404984996241,-8.831607655613105,86.56679387493362,-67.08057963495355,0.06999682071603563,0.12427553220552287,0.10528536080717255,-5552.536599894731,-5063.438473775866,1713.5777046799653,0.4444444444444444,0.0,0.15
5.166666666666667,18.310760693668104,1.2834997734313915,18.355689277419664,-2.5050189802669056,-0.4821049351734677,-0.087,0.7638325286380087,-8.83133841234632,86.33471638480421,-67.27988441477868,0.06998091834010105,0.12422953237341644,0.10529705734829545,-5552.063011187848,-5063.626160104191,1713.4220637479825,0.4444444444444444,0.0,0.15
5.183333333333334,18.31317071521792,1.2835409749677038,18.35809628145403,-2.5130588910647402,-0.4825675768330702,-0.087,0.763717277297016,-8.831247781192292,86.10101191683052,-67.47734105910322,0.06997397768546967,0.12419306106779571,0.10531723117293008,-5551.691435198057,-5063.928004362319,1713.2671513327207,0.4444444444444444,0.0,0.15
5.2,18.315567809121365,1.2837410215103084,18.36050149589687,-2.521106436855997,-0.4830229256051854,-0.087,0.7635950227585426,-8.831330213991953,85.86569542021758,-67.67293653532188,0.06997571835932839,0.12416584914680856,0.10534558997175869,-5551.419242150193,-5064.339857099629,1713.1130489375748,0.4444444444444444,0.0,0.15
5.216666666666667,18.31795076463629,1.2840947496042032,18.362903352727212,-2.52916149403265,-0.48347078608001315,-0.087,0.7634660467776605,-8.831580068861015,85.62878193664221,-67.866657879668,0.0699858610604891,0.12414762724258027,0.10538184372669196,-5551.24372244691,-5064.857538441749,1712.9598350425713,0.4444444444444444,0.0,0.15
5.233333333333333,18.320318417776868,1.2845970237688469,18.365300336292083,-2.5372239359228965,-0.4839109813157418,-0.087,0.7633306337403378,-8.831991630623076,85.3902866011396,-68.0584921992965,0.07000412798658633,0.12413812620984249,0.10542570508669909,-5551.162097837429,-5065.47685170097,1712.8075851212348,0.4444444444444444,0.0,0.15
5.25,18.322669650971974,1.2852427433760887,18.36769098302915,-2.545293633093412,-0.48434335230276065,-0.087,0.7631890698523895,-8.832559130278954,85.15022464294485,-68.24842667441825,0.07003024321400587,0.12413707754941886,0.10547688971395547,-5551.171532217608,-5066.193596168108,1712.6563716615321,0.4444444444444444,0.0,0.15
5.266666666666667,18.32500339266488,1.2860268490489168,18.37007388111583,-2.5533704536423802,-0.48476775739924777,-0.087,0.7630416423621542,-8.833276763473707,84.90861138628576,-68.43644856048061,0.0700639330509388,0.12414421380657956,0.10553511660105301,-5551.269142026654,-5067.003579075226,1712.5062641906557,0.4444444444444444,0.0,0.15
5.283333333333333,18.327318616858005,1.2869443285895354,18.372447670049812,-2.561454263482853,-0.48518407174307115,-0.087,0.7628886388189381,-8.834138707933285,84.66546225112329,-68.62254519038801,0.07010492636407041,0.12415926894441146,0.10560010836011739,-5551.452006211496,-5067.9026267258305,1712.3573293033905,0.4444444444444444,0.0,0.15
5.3,18.329614342606707,1.287990222447117,18.37481104016618,-2.569544926616115,-0.4855921866446744,-0.087,0.7627303463688538,-8.835139139852688,84.42079275383688,-68.80670397675775,0.07015295487951352,0.12418197869247337,0.10567159148475931,-5551.717175735324,-5068.886594795629,1712.2096306938151,0.4444444444444444,0.0,0.15
5.316666666666666,18.3318896334658,1.2891596287371647,18.377162732095957,-2.577642305394761,-0.4859920089653332,-0.087,0.7625670510892998,-8.836272249226587,84.17461850785168,-68.98891241420539,0.07020775345868292,0.12421208087111585,0.1057492965858565,-5552.061682612006,-5069.951377812778,1712.0632291900997,0.4444444444444444,0.0,0.15
5.333333333333333,18.33414359689262,1.2904477078257908,18.37950153617098,-2.585746260775305,-0.4863834604848789,-0.087,0.7623990373629395,-8.837532254121735,83.92695522420559,-69.1691580816547,0.0702690603498816,0.12424931569194167,0.10583295860221886,-5552.482548452929,-5071.092917831695,1711.9181827921514,0.4444444444444444,0.0,0.15
5.35,18.33637538361029,1.2918496864933562,18.38182629177967,-2.5938566525601714,-0.4867664772626891,-0.087,0.7622265872917143,-8.838913413897808,83.67781871205399,-69.34742864466713,0.07033661741643195,0.12429342603496937,0.10592231698723102,-5552.976792517378,-5072.307212318955,1711.7745467118739,0.4444444444444444,0.0,0.15
5.366666666666666,18.338584186934728,1.29336086169287,18.38413588667826,-2.601973339629,-0.4871410089954449,-0.087,0.7620499801510957,-8.840410041390141,83.42722487911044,-69.52371185778635,0.07041017034223518,0.12434415770313578,0.10601711587259859,-5553.541439261698,-5073.590321273699,1711.6323734158134,0.4444444444444444,0.0,0.15
5.383333333333333,18.34076924206896,1.2949766039192911,18.386429256261835,-2.6100961801592426,-0.48750701837486204,-0.087,0.7618694918844977,-8.8420165140736,83.17518973202218,-69.69799556689287,0.07048946881568242,0.12440125965483625,0.10611710421034405,-5554.173525386334,-5074.938373608137,1711.491712669955,0.4444444444444444,0.0,0.15
5.4,18.34292982536799,1.2966923602064508,18.38870538279931,-2.6182250318360794,-0.4878644804483096,-0.087,0.7616853946375174,-8.843727284231965,82.92172937667908,-69.87026771156478,0.07057426669287098,0.12446448421525368,0.1062220358942095,-5554.87010638328,-5076.347572816488,1711.352611586465,0.4444444444444444,0.0,0.15
5.416666666666667,18.345065253577612,1.2985036567687276,18.390963294636375,-2.626359752051736,-0.4882133819849452,-0.087,0.7614979563314326,-8.845536888161611,82.6668600184557,-70.0405163274402,0.07066432214109962,0.12453358726727021,0.10633166986162425,-5555.628262589525,-5077.814201962786,1711.2151146721576,0.4444444444444444,0.0,0.15
5.433333333333334,18.3471748830502,1.30040610130486,18.39320206537021,-2.6345001980943157,-0.48855372084972143,-0.087,0.7613074402751816,-8.84743995444191,82.41059796238545,-70.20872954857761,0.07075939776362986,0.12460832842278893,0.1064457701773903,-5556.445104754894,-5079.334628019647,1711.0792638784906,0.4444444444444444,0.0,0.15
5.45,18.34925810894048,1.3023953849814123,18.3954208129996,-2.642646227326295,-0.48888550538735337,-0.087,0.7611141048148707,-8.849431211307843,82.1529596132669,-70.37489560981032,0.07085926070670508,0.12468847117531759,0.10656410610022543,-5557.317779134983,-5080.905305591302,1710.9450986528864,0.4444444444444444,0.0,0.15
5.466666666666667,18.351314364384184,1.3044672841134057,18.39761869905384,-2.6507976973528793,-0.48920875381808243,-0.087,0.7609182030197127,-8.851505493162755,81.89396147570214,-70.53900284909162,0.07096368274981717,0.12477378303468398,0.10668645213328426,-5558.243472122033,-5082.522780054987,1710.8126559912066,0.4444444444444444,0.0,0.15
5.483333333333333,18.35334311966231,1.3066176615595226,18.399794927703816,-2.6589544661804188,-0.4895234936468331,-0.087,0.760719982403149,-8.853657746271002,81.63362015406734,-70.70103970982714,0.07107244038020302,0.12486403564476245,0.10681258805975423,-5559.219414428285,-5084.183690155215,1710.6819704911875,0.4444444444444444,0.0,0.15
5.5,18.355343881353495,1.308842467849087,18.40194874485815,-2.667116392365134,-0.48982976108713294,-0.087,0.760519684677824,-8.855883033671653,81.37195235241582,-70.86099474319155,0.07118531485254037,0.12495900488509493,0.10694229896459444,-5560.242884837845,-5085.884770085536,1710.55307440668,0.4444444444444444,0.0,0.15
5.516666666666667,18.35731619147705,1.3111377420577324,18.404079437247432,-2.6752833351524026,-0.49012760050095155,-0.087,0.7603175455429765,-8.858176539355245,81.10897487431428,-71.01885661042652,0.07130209223479386,0.12505847095728762,0.10707537524345273,-5561.311213544258,-5087.62285109224,1710.425997702529,0.4444444444444444,0.0,0.15
5.533333333333333,18.35925962662888,1.3134996124483125,18.406186331499175,-2.683455154606884,-0.4904170638554189,-0.087,0.760113794502762,-8.8605335717461,80.84470462261302,-71.17461408511741,0.07142256344114176,0.12516221845705727,0.10721161259976186,-5562.421785091924,-5089.394862633968,1710.3007681099455,0.4444444444444444,0.0,0.15
5.55,18.36117379711247,1.315924296893184,18.40826879320604,-2.6916317117337765,-0.49069821019719695,-0.087,0.7599086547139575,-8.862949566532754,80.57915859915065,-71.3282560554461,0.07154652425288788,0.12527003643278978,0.10735081203097697,-5563.572040940169,-5091.197833130587,1710.177411182227,0.4444444444444444,0.0,0.15
5.566666666666666,18.36305834606701,1.3184081030935142,18.410326225989692,-2.6998128685914953,-0.49097110514511166,-0.087,0.7597023428614763,-8.865420088888854,80.3123539043946,-71.47977152641765,0.07167377532823574,0.12538171843145732,0.1074927798048772,-5564.759481669287,-5093.028890333802,1710.0559503506956,0.4444444444444444,0.0,0.15
5.583333333333333,18.36491294859445,1.3209474286107517,18.41235807056243,-2.7079984883960972,-0.4912358204014946,-0.087,0.7594950690601086,-8.86794083512635,80.04430773701863,-71.62914962205879,0.07180412220177217,0.12549706253272208,0.10763732742681428,-5565.981668848116,-5094.885261351039,1709.936406980734,0.4444444444444444,0.0,0.15
5.6,18.36673731088737,1.3235387607248412,18.414363803788696,-2.716188435617757,-0.49149243328254366,-0.087,0.7592870367808823,-8.870507633821965,79.77503739341813,-71.77637958758628,0.0719373752744749,0.12561587137203245,0.10778427159874718,-5567.236226582854,-5096.764272352944,1709.8188004277958,0.4444444444444444,0.0,0.15
5.616666666666666,18.368531169359137,1.3261786761331915,18.416342937748215,-2.724382576069609,-0.4917410262678831,-0.087,0.7590784428004733,-8.873116446457033,79.50456026716506,-71.92145079154321,0.0720733497950266,0.1257379521534927,0.10793343417086153,-5568.52084276676,-5098.66334799371,1709.7031480932942,0.4444444444444444,0.0,0.15
5.633333333333333,18.370294289778013,1.3288638405038,18.418295018802613,-2.7325807769892947,-0.4919816865693871,-0.087,0.7588694771720802,-8.875763367609522,79.23289384840355,-72.06435272790195,0.07221186583318212,0.12586311665326222,0.10808464208652883,-5569.833270050213,-5100.5800105720655,1709.5894654802614,0.4444444444444444,0.0,0.15
5.65,18.372026466406496,1.3315910078953328,18.42021962666701,-2.7407829071135104,-0.49221450571922903,-0.087,0.7586603232162367,-8.878444624735867,78.96005572318779,-72.20507501813202,0.07235274824590188,0.12599118121421088,0.10823772732131848,-5571.171326550286,-5102.511878959476,1709.4777662486938,0.4444444444444444,0.0,0.15
5.666666666666667,18.37372752114714,1.3343570200563384,18.422116373487967,-2.7489888367459008,-0.4924395791770248,-0.087,0.7584511575300499,-8.881156577578615,78.68606357276387,-72.34360741323184,0.07249582663692904,0.12612196673252968,0.10839252681673434,-5572.532896318621,-5104.456667320722,1709.3680622704987,0.4444444444444444,0.0,0.15
5.683333333333334,18.375397302696122,1.3371588056151493,18.42398490292928,-2.7571984378185936,-0.49265700595585854,-0.087,0.7582421500134054,-8.883895717234623,78.41093517279674,-72.47993979572301,0.0726409353104516,0.12625529863696466,0.1085488824093058,-5573.915929585865,-5106.412183650545,1709.2603636839644,0.4444444444444444,0.0,0.15
5.7,18.377035685705476,1.3399933791714185,18.42582488926658,-2.765411583947698,-0.49286688826690883,-0.087,0.7580334639107154,-8.886658664916643,78.13468839254446,-72.61406218160636,0.07278791321945778,0.12639100686131302,0.10870664075562361,-5575.318442800406,-5108.3763281487545,1709.1546789476868,0.4444444444444444,0.0,0.15
5.716666666666667,18.378642569955023,1.3428578402996094,18.42763603649196,-2.7736281504830735,-0.49306933118233015,-0.087,0.7578252558668547,-8.889442170439832,77.85734119398086,-72.74596472227857,0.07293660390935577,0.12652892581078773,0.10886565325387147,-5576.738518478501,-5110.347091454698,1709.0510148938915,0.4444444444444444,0.0,0.15
5.733333333333333,18.380217879534783,1.345749372474171,18.429418077429485,-2.7818480145526623,-0.4932644423159937,-0.087,0.757617675995968,-8.892243110462722,77.5789116308687,-72.87563770640897,0.07308685545739707,0.12666889432282846,0.10902577596236646,-5578.174304882245,-5112.322552760653,1708.949376781094,0.4444444444444444,0.0,0.15
5.75,18.381761562038697,1.348665241925527,18.431170772862515,-2.790071055101684,-0.4934523315216461,-0.087,0.7574108679618955,-8.89505848651081,77.29941784778488,-73.00307156177557,0.0732385204084078,0.1268107556229042,0.10918686951558487,-5579.624015541112,-5114.300877822355,1708.8497683460462,0.4444444444444444,0.0,0.15
5.766666666666667,18.38327358777026,1.351602796435444,18.43289391067349,-2.7982971529269793,-0.4936331106080086,-0.087,0.7572049690690305,-8.897885422809013,77.01887807909922,-73.12825685706001,0.07339145570730096,0.12695435727582316,0.10934879903811483,-5581.085928632072,-5116.28031688352,1708.7521918549267,0.4444444444444444,0.0,0.15
5.783333333333333,18.384753948960686,1.3545594640797702,18.43458730499692,-2.806526190706774,-0.49380689307030834,-0.087,0.7570001103624653,-8.900721163947804,76.73731064790874,-73.2511843036009,0.07354552262881062,0.12709955113303656,0.10951143405694329,-5582.558386232578,-5118.259202529989,1708.6566481537384,0.4444444444444444,0.0,0.15
5.8,18.386202659000112,1.3575327519260099,18.4362507953861,-2.8147580530261367,-0.49397379383771034,-0.087,0.756796416736367,-8.90356307240599,76.45473396492906,-73.37184475710518,0.07370058670485843,0.12724619327639247,0.10967464841245322,-5584.039793459917,-5120.235947487841,1708.5631367178758,0.4444444444444444,0.0,0.15
5.816666666666666,18.387619751682273,1.3605202446926652,18.437884245994024,-2.8229926263983876,-0.49413392903609915,-0.087,0.7565940070495604,-8.906408625951759,76.17116652734464,-73.49022921931738,0.0738565176499346,0.1273941439587683,0.10983832016847515,-5585.528617509691,-5122.209042378681,1708.471655700831,0.4444444444444444,0.0,0.15
5.833333333333333,18.389005280463017,1.3635196033767853,18.43948754476896,-2.8312297992827062,-0.49428741576564916,-0.087,0.7563929942473782,-8.90925541494182,75.8866269176194,-73.60632883964641,0.07401318928484596,0.12754326754198242,0.11000233152170952,-5587.023386605457,-5124.177053444146,1708.3822019820227,0.4444444444444444,0.0,0.15
5.85,18.390359317733,1.3665285638556737,18.44106060266498,-2.8394694620981853,-0.4944343718926104,-0.087,0.7561934854888808,-8.912101139537217,75.6011338022695,-73.72013491675003,0.07417047945915808,0.127693432432359,0.11016656871080703,-5588.522688870771,-5126.138620250623,1708.2947712137145,0.4444444444444444,0.0,0.15
5.866666666666666,18.391681954104737,1.3695449354682558,18.442603352867746,-2.8477115072345516,-0.4945749158547346,-0.087,0.7559955822786186,-8.914943606852743,75.3147059306,-73.8316389000768,0.07432826997263241,0.1278445110142944,0.11033092192537021,-5590.025171134201,-5128.092453384149,1708.2093578670165,0.4444444444444444,0.0,0.15
5.883333333333333,18.39297329771429,1.3725665995811642,18.444115750035746,-2.855955829059785,-0.49470916647976493,-0.087,0.7557993806021636,-8.917780728055705,75.02736213340668,-73.9408323913655,0.07448644649593451,0.1279963795821482,0.11049528521511252,-5591.529537677123,-5130.037332144468,1708.1259552769511,0.4444444444444444,0.0,0.15
5.9,18.394233473537682,1.3755915081441872,18.44559776955717,-2.8642023239248426,-0.4948372428164143,-0.087,0.7556049710646894,-8.920610515428281,74.739121321645,-74.04770714610247,0.07464489849086736,0.1281489182707588,0.11065955639939011,-5593.0345489334495,-5131.9721022463755,1708.0445556865752,0.4444444444444444,0.0,0.15
5.916666666666667,18.395462622722164,1.3786176822393352,18.447049406822522,-2.872450890165688,-0.4949592639772643,-0.087,0.7554124390319332,-8.923431079406638,74.45000248506747,-74.1522550749364,0.0748035191303607,0.12830201098486055,0.11082363697729904,-5594.539020149769,-5133.89567353557,1707.9651502901495,0.4444444444444444,0.0,0.15
5.933333333333334,18.396660901932346,1.3816432106274048,18.448470676512972,-2.880701428102825,-0.49507534899302164,-0.087,0.755221864772933,-8.926240625608658,74.16002469083111,-74.25446824505163,0.07496220521842761,0.12845554532765788,0.11098743203851011,-5596.041820013706,-5135.807017725478,1707.887729275354,0.4444444444444444,0.0,0.15
5.95,18.39782848271131,1.3846662482955687,18.44986161190464,-2.888953840038513,-0.4951856166775808,-0.087,0.7550333236039679,-8.929037451861097,73.86920708207641,-74.35433888149913,0.07512085711027947,0.1286094125287909,0.11115085017499532,-5597.541869257728,-5137.705166160741,1707.8122818645443,0.4444444444444444,0.0,0.15
5.966666666666667,18.398965550856563,1.3876850150091937,18.45122226418856,-2.897208030251841,-0.4952901855033518,-0.087,0.754846886033191,-8.931819945235834,73.57756887647923,-74.4518593684866,0.07527937863277216,0.12876350737190861,0.11131380339378155,-5599.038139245021,-5139.5892076124155,1707.7387963550493,0.4444444444444444,0.0,0.15
5.983333333333333,18.400072305810852,1.390697793870777,18.45255270180645,-2.905463904991828,-0.4953891734863249,-0.087,0.7546626179054835,-8.934586579104037,73.28512936477718,-74.54702225062705,0.07543767700533992,0.12891772812204563,0.11147620703085195,-5600.529650543487,-5141.458286109217,1707.6672601585215,0.4444444444444444,0.0,0.15
